stock_code,stock_name,close,prev_close,amount_yuan,volume,return,amount_100m,snapshot_source
920000,安徽凤凰,14.1600000000,14.1600000000,13341298.0000000000,943394.0000000000,0.0000000000,0.1334129800,AKShare stock_zh_a_spot / 新浪
920001,纬达光电,12.1900000000,11.6200000000,37461842.0000000000,3104897.0000000000,0.0490500000,0.3746184200,AKShare stock_zh_a_spot / 新浪
920002,万达轴承,62.1200000000,56.1600000000,256272164.0000000000,4242239.0000000000,0.1061300000,2.5627216400,AKShare stock_zh_a_spot / 新浪
920003,中诚咨询,16.9500000000,16.6800000000,8759669.0000000000,518096.0000000000,0.0161900000,0.0875966900,AKShare stock_zh_a_spot / 新浪
920005,鼎佳精密,25.0000000000,23.8500000000,14916901.0000000000,604723.0000000000,0.0482200000,0.1491690100,AKShare stock_zh_a_spot / 新浪
920006,晟楠科技,16.6400000000,16.4100000000,19778082.0000000000,1201161.0000000000,0.0140200000,0.1977808200,AKShare stock_zh_a_spot / 新浪
920007,酉立智能,37.3700000000,36.4200000000,9179202.0000000000,246878.0000000000,0.0260800000,0.0917920200,AKShare stock_zh_a_spot / 新浪
920008,成电光信,20.1300000000,19.7500000000,14480765.0000000000,726203.0000000000,0.0192400000,0.1448076500,AKShare stock_zh_a_spot / 新浪
920009,丹娜生物,36.7100000000,36.3700000000,8552667.0000000000,233728.0000000000,0.0093500000,0.0855266700,AKShare stock_zh_a_spot / 新浪
920010,凯添燃气,8.6300000000,8.3500000000,57683358.0000000000,6728888.0000000000,0.0335300000,0.5768335800,AKShare stock_zh_a_spot / 新浪
920011,晨光电机,20.3900000000,19.0800000000,52976061.0000000000,2650679.0000000000,0.0686600000,0.5297606100,AKShare stock_zh_a_spot / 新浪
920012,创达新材,56.7900000000,57.3500000000,153836251.0000000000,2660182.0000000000,-0.0097600000,1.5383625100,AKShare stock_zh_a_spot / 新浪
920014,特瑞斯,8.9400000000,8.7300000000,18530657.0000000000,2083052.0000000000,0.0240500000,0.1853065700,AKShare stock_zh_a_spot / 新浪
920015,锦华新材,42.6200000000,43.1900000000,93514279.0000000000,2176296.0000000000,-0.0132000000,0.9351427900,AKShare stock_zh_a_spot / 新浪
920016,中草香料,13.2100000000,12.9400000000,12031528.0000000000,913655.0000000000,0.0208700000,0.1203152800,AKShare stock_zh_a_spot / 新浪
920017,星昊医药,17.3600000000,17.4800000000,42034791.0000000000,2407552.0000000000,-0.0068600000,0.4203479100,AKShare stock_zh_a_spot / 新浪
920018,宏远股份,15.5600000000,15.4200000000,24281334.0000000000,1558535.0000000000,0.0090800000,0.2428133400,AKShare stock_zh_a_spot / 新浪
920019,铜冠矿建,14.9800000000,14.8300000000,33086835.0000000000,2245455.0000000000,0.0101100000,0.3308683500,AKShare stock_zh_a_spot / 新浪
920020,泰凯英,15.5900000000,15.2800000000,8299227.0000000000,533879.0000000000,0.0202900000,0.0829922700,AKShare stock_zh_a_spot / 新浪
920021,流金科技,6.8700000000,6.9400000000,68494930.0000000000,9959772.0000000000,-0.0100900000,0.6849493000,AKShare stock_zh_a_spot / 新浪
920022,世昌股份,19.7600000000,19.2400000000,5974656.0000000000,305293.0000000000,0.0270300000,0.0597465600,AKShare stock_zh_a_spot / 新浪
920026,卓兆点胶,19.1400000000,18.5900000000,35040490.0000000000,1853221.0000000000,0.0295900000,0.3504049000,AKShare stock_zh_a_spot / 新浪
920027,交大铁发,11.7100000000,11.4600000000,14354258.0000000000,1232872.0000000000,0.0218200000,0.1435425800,AKShare stock_zh_a_spot / 新浪
920028,新恒泰,13.9500000000,13.9100000000,16877862.0000000000,1209192.0000000000,0.0028800000,0.1687786200,AKShare stock_zh_a_spot / 新浪
920029,开发科技,35.8400000000,35.1000000000,46757736.0000000000,1326535.0000000000,0.0210800000,0.4675773600,AKShare stock_zh_a_spot / 新浪
920030,德众汽车,4.5300000000,4.4500000000,6374130.0000000000,1405792.0000000000,0.0179800000,0.0637413000,AKShare stock_zh_a_spot / 新浪
920033,康普化学,14.5600000000,14.3600000000,13600775.0000000000,942487.0000000000,0.0139300000,0.1360077500,AKShare stock_zh_a_spot / 新浪
920035,精创电气,25.1700000000,24.5800000000,27353465.0000000000,1098356.0000000000,0.0240000000,0.2735346500,AKShare stock_zh_a_spot / 新浪
920036,觅睿科技,30.6800000000,30.5100000000,22621914.0000000000,740960.0000000000,0.0055700000,0.2262191400,AKShare stock_zh_a_spot / 新浪
920037,广信科技,41.5100000000,41.0000000000,33318578.0000000000,802362.0000000000,0.0124400000,0.3331857800,AKShare stock_zh_a_spot / 新浪
920038,森合高科,38.0700000000,38.9800000000,124216238.0000000000,3199149.0000000000,-0.0233500000,1.2421623800,AKShare stock_zh_a_spot / 新浪
920039,国义招标,9.1200000000,8.8200000000,36842719.0000000000,4095330.0000000000,0.0340100000,0.3684271900,AKShare stock_zh_a_spot / 新浪
920045,蘅东光,377.4000000000,394.4800000000,487684571.0000000000,1273262.0000000000,-0.0433000000,4.8768457100,AKShare stock_zh_a_spot / 新浪
920046,亿能电力,21.5300000000,21.6500000000,83932323.0000000000,3867450.0000000000,-0.0055400000,0.8393232300,AKShare stock_zh_a_spot / 新浪
920047,诺思兰德,17.7900000000,17.7900000000,51050815.0000000000,2877030.0000000000,0.0000000000,0.5105081500,AKShare stock_zh_a_spot / 新浪
920050,爱伦医疗,29.7700000000,28.7000000000,17308116.0000000000,589221.0000000000,0.0372800000,0.1730811600,AKShare stock_zh_a_spot / 新浪
920055,隆源股份,27.3600000000,26.9000000000,12286421.0000000000,450780.0000000000,0.0171000000,0.1228642100,AKShare stock_zh_a_spot / 新浪
920056,能之光,16.7100000000,16.5800000000,7789347.0000000000,466112.0000000000,0.0078400000,0.0778934700,AKShare stock_zh_a_spot / 新浪
920057,百甲科技,5.0200000000,4.9300000000,8105231.0000000000,1613832.0000000000,0.0182600000,0.0810523100,AKShare stock_zh_a_spot / 新浪
920058,华洋赛车,28.9800000000,26.7100000000,52885080.0000000000,1913725.0000000000,0.0849900000,0.5288508000,AKShare stock_zh_a_spot / 新浪
920060,万源通,23.0300000000,22.7100000000,39209997.0000000000,1712682.0000000000,0.0140900000,0.3920999700,AKShare stock_zh_a_spot / 新浪
920061,西磁科技,18.2700000000,18.1300000000,19064253.0000000000,1051821.0000000000,0.0077200000,0.1906425300,AKShare stock_zh_a_spot / 新浪
920062,科润智控,7.7100000000,7.5900000000,20250100.0000000000,2646443.0000000000,0.0158100000,0.2025010000,AKShare stock_zh_a_spot / 新浪
920065,千岸科技,35.6200000000,35.2400000000,85841200.0000000000,2390396.0000000000,0.0107800000,0.8584120000,AKShare stock_zh_a_spot / 新浪
920066,科拜尔,17.1600000000,16.8700000000,7402766.0000000000,431543.0000000000,0.0171900000,0.0740276600,AKShare stock_zh_a_spot / 新浪
920068,天工股份,15.2900000000,15.2200000000,10916007.0000000000,712672.0000000000,0.0046000000,0.1091600700,AKShare stock_zh_a_spot / 新浪
920069,普昂医疗,34.2900000000,34.1200000000,12751846.0000000000,373954.0000000000,0.0049800000,0.1275184600,AKShare stock_zh_a_spot / 新浪
920072,科莱瑞迪,27.0500000000,26.6000000000,33015016.0000000000,1224948.0000000000,0.0169200000,0.3301501600,AKShare stock_zh_a_spot / 新浪
920075,柏星龙,15.8600000000,15.7500000000,11356887.0000000000,715509.0000000000,0.0069800000,0.1135688700,AKShare stock_zh_a_spot / 新浪
920076,国亮新材,13.1000000000,12.8200000000,17269248.0000000000,1320313.0000000000,0.0218400000,0.1726924800,AKShare stock_zh_a_spot / 新浪
920077,吉林碳谷,14.6300000000,14.0500000000,71960941.0000000000,4996239.0000000000,0.0412800000,0.7196094100,AKShare stock_zh_a_spot / 新浪
920078,族兴新材,19.3000000000,19.3900000000,39139175.0000000000,2029832.0000000000,-0.0046400000,0.3913917500,AKShare stock_zh_a_spot / 新浪
920079,乔路铭,14.0800000000,13.9300000000,51313374.0000000000,3650507.0000000000,0.0107700000,0.5131337400,AKShare stock_zh_a_spot / 新浪
920080,奥美森,21.7600000000,21.4200000000,6173777.0000000000,284726.0000000000,0.0158700000,0.0617377700,AKShare stock_zh_a_spot / 新浪
920081,欧伦电气,41.8100000000,40.4900000000,110448215.0000000000,2680097.0000000000,0.0326000000,1.1044821500,AKShare stock_zh_a_spot / 新浪
920082,方正阀门,8.3800000000,8.2600000000,6843374.0000000000,817847.0000000000,0.0145300000,0.0684337400,AKShare stock_zh_a_spot / 新浪
920083,金戈新材,38.9500000000,41.8700000000,313098753.0000000000,7807347.0000000000,-0.0697400000,3.1309875300,AKShare stock_zh_a_spot / 新浪
920086,科马材料,21.2200000000,20.7400000000,20813487.0000000000,990423.0000000000,0.0231400000,0.2081348700,AKShare stock_zh_a_spot / 新浪
920087,秋乐种业,15.6100000000,12.0100000000,468511129.0000000000,32626766.0000000000,0.2997500000,4.6851112900,AKShare stock_zh_a_spot / 新浪
920088,科力股份,45.9600000000,44.1000000000,319022289.0000000000,6908538.0000000000,0.0421800000,3.1902228900,AKShare stock_zh_a_spot / 新浪
920089,禾昌聚合,10.3100000000,10.2100000000,9392655.0000000000,913316.0000000000,0.0097900000,0.0939265500,AKShare stock_zh_a_spot / 新浪
920091,大鹏工业,31.8700000000,30.1800000000,44533771.0000000000,1417164.0000000000,0.0560000000,0.4453377100,AKShare stock_zh_a_spot / 新浪
920092,汉鑫科技,28.6600000000,30.0100000000,97684278.0000000000,3396705.0000000000,-0.0449900000,0.9768427800,AKShare stock_zh_a_spot / 新浪
920096,嘉晨智能,39.5400000000,36.4600000000,108845958.0000000000,2837170.0000000000,0.0844800000,1.0884595800,AKShare stock_zh_a_spot / 新浪
920098,科隆新材,17.6800000000,17.0800000000,18761461.0000000000,1072785.0000000000,0.0351300000,0.1876146100,AKShare stock_zh_a_spot / 新浪
920099,瑞华技术,18.1600000000,18.5300000000,18847811.0000000000,1034875.0000000000,-0.0199700000,0.1884781100,AKShare stock_zh_a_spot / 新浪
920100,三协电机,37.2400000000,35.6800000000,121218016.0000000000,3284603.0000000000,0.0437200000,1.2121801600,AKShare stock_zh_a_spot / 新浪
920101,志高机械,17.4100000000,16.9600000000,15462220.0000000000,888712.0000000000,0.0265300000,0.1546222000,AKShare stock_zh_a_spot / 新浪
920106,林泰新材,37.8300000000,35.9100000000,33758450.0000000000,906760.0000000000,0.0534700000,0.3375845000,AKShare stock_zh_a_spot / 新浪
920107,恒兴股份,24.0700000000,30.0500000000,292350726.0000000000,11722360.0000000000,-0.1990000000,2.9235072600,AKShare stock_zh_a_spot / 新浪
920108,宏海科技,9.3600000000,9.1700000000,9049197.0000000000,973916.0000000000,0.0207200000,0.0904919700,AKShare stock_zh_a_spot / 新浪
920110,雷特科技,26.5500000000,26.3200000000,3183865.0000000000,120507.0000000000,0.0087400000,0.0318386500,AKShare stock_zh_a_spot / 新浪
920111,聚星科技,31.1500000000,28.6000000000,143693986.0000000000,4711641.0000000000,0.0891600000,1.4369398600,AKShare stock_zh_a_spot / 新浪
920112,巴兰仕,16.5400000000,16.3000000000,5865949.0000000000,354823.0000000000,0.0147200000,0.0586594900,AKShare stock_zh_a_spot / 新浪
920116,星图测控,50.9000000000,49.6900000000,175123463.0000000000,3469238.0000000000,0.0243500000,1.7512346300,AKShare stock_zh_a_spot / 新浪
920117,龙鑫智能,32.4700000000,34.3900000000,209856870.0000000000,6345552.0000000000,-0.0558300000,2.0985687000,AKShare stock_zh_a_spot / 新浪
920118,太湖远大,20.6900000000,20.4300000000,19280224.0000000000,932556.0000000000,0.0127300000,0.1928022400,AKShare stock_zh_a_spot / 新浪
920119,美德乐,49.2200000000,48.0100000000,14453810.0000000000,295590.0000000000,0.0252000000,0.1445381000,AKShare stock_zh_a_spot / 新浪
920121,江天科技,28.4000000000,27.9100000000,7291541.0000000000,257627.0000000000,0.0175600000,0.0729154100,AKShare stock_zh_a_spot / 新浪
920122,中纺标,23.2400000000,22.7000000000,30011090.0000000000,1296178.0000000000,0.0237900000,0.3001109000,AKShare stock_zh_a_spot / 新浪
920123,芭薇股份,10.7800000000,10.5100000000,10435889.0000000000,971216.0000000000,0.0256900000,0.1043588900,AKShare stock_zh_a_spot / 新浪
920124,南特科技,13.2800000000,12.9000000000,27829040.0000000000,2111796.0000000000,0.0294600000,0.2782904000,AKShare stock_zh_a_spot / 新浪
920125,鸿仕达,134.8900000000,138.0000000000,284561216.0000000000,2124091.0000000000,-0.0225400000,2.8456121600,AKShare stock_zh_a_spot / 新浪
920126,永大股份,10.6000000000,10.1700000000,46394417.0000000000,4438402.0000000000,0.0422800000,0.4639441700,AKShare stock_zh_a_spot / 新浪
920128,胜业电气,18.5200000000,18.2900000000,16868407.0000000000,912904.0000000000,0.0125800000,0.1686840700,AKShare stock_zh_a_spot / 新浪
920130,立方控股,17.9000000000,19.2200000000,83545178.0000000000,4570936.0000000000,-0.0686800000,0.8354517800,AKShare stock_zh_a_spot / 新浪
920132,泰鹏智能,8.8500000000,8.6900000000,5267455.0000000000,595441.0000000000,0.0184100000,0.0526745500,AKShare stock_zh_a_spot / 新浪
920136,永励精密,21.3500000000,20.7000000000,50257229.0000000000,2384913.0000000000,0.0314000000,0.5025722900,AKShare stock_zh_a_spot / 新浪
920138,杰理科技,44.8900000000,45.6000000000,271817365.0000000000,6011576.0000000000,-0.0155700000,2.7181736500,AKShare stock_zh_a_spot / 新浪
920139,华岭股份,15.5900000000,15.3000000000,88998414.0000000000,5746976.0000000000,0.0189500000,0.8899841400,AKShare stock_zh_a_spot / 新浪
920145,恒合股份,10.3900000000,9.9800000000,7958680.0000000000,775338.0000000000,0.0410800000,0.0795868000,AKShare stock_zh_a_spot / 新浪
920146,华阳变速,5.2200000000,5.1200000000,10157779.0000000000,1948299.0000000000,0.0195300000,0.1015777900,AKShare stock_zh_a_spot / 新浪
920149,旭杰科技,8.0900000000,7.9800000000,4977350.0000000000,617701.0000000000,0.0137800000,0.0497735000,AKShare stock_zh_a_spot / 新浪
920152,昆工科技,13.8000000000,13.0200000000,22615986.0000000000,1665832.0000000000,0.0599100000,0.2261598600,AKShare stock_zh_a_spot / 新浪
920156,海昌智能,40.9600000000,38.9200000000,88289565.0000000000,2194467.0000000000,0.0524200000,0.8828956500,AKShare stock_zh_a_spot / 新浪
920158,长江能科,8.2500000000,8.0700000000,13763124.0000000000,1672385.0000000000,0.0223000000,0.1376312400,AKShare stock_zh_a_spot / 新浪
920159,农大科技,32.2400000000,28.6200000000,101837834.0000000000,3238556.0000000000,0.1264800000,1.0183783400,AKShare stock_zh_a_spot / 新浪
920160,北矿检测,20.3400000000,19.9300000000,11792516.0000000000,581815.0000000000,0.0205700000,0.1179251600,AKShare stock_zh_a_spot / 新浪
920161,龙辰科技,27.1200000000,26.9700000000,175428014.0000000000,6388821.0000000000,0.0055600000,1.7542801400,AKShare stock_zh_a_spot / 新浪
920163,方大新材,11.1500000000,11.3400000000,7512751.0000000000,670305.0000000000,-0.0167500000,0.0751275100,AKShare stock_zh_a_spot / 新浪
920165,珈凯生物,39.2500000000,38.5000000000,85957777.0000000000,2147985.0000000000,0.0194800000,0.8595777700,AKShare stock_zh_a_spot / 新浪
920166,海圣医疗,21.7900000000,21.6100000000,16805684.0000000000,764960.0000000000,0.0083300000,0.1680568400,AKShare stock_zh_a_spot / 新浪
920167,同享科技,15.1000000000,14.8400000000,19139627.0000000000,1272781.0000000000,0.0175200000,0.1913962700,AKShare stock_zh_a_spot / 新浪
920168,通宝光电,16.0000000000,15.5900000000,9529546.0000000000,601472.0000000000,0.0263000000,0.0952954600,AKShare stock_zh_a_spot / 新浪
920169,七丰精工,18.9000000000,18.2500000000,43059711.0000000000,2327006.0000000000,0.0356200000,0.4305971100,AKShare stock_zh_a_spot / 新浪
920171,志晟信息,17.1500000000,16.8800000000,23462230.0000000000,1380174.0000000000,0.0160000000,0.2346223000,AKShare stock_zh_a_spot / 新浪
920174,五新智能,29.5500000000,28.1300000000,65493368.0000000000,2222658.0000000000,0.0504800000,0.6549336800,AKShare stock_zh_a_spot / 新浪
920175,东方碳素,8.1800000000,8.0300000000,13536353.0000000000,1668538.0000000000,0.0186800000,0.1353635300,AKShare stock_zh_a_spot / 新浪
920176,维琪科技,62.8500000000,62.0000000000,112229630.0000000000,1770971.0000000000,0.0137100000,1.1222963000,AKShare stock_zh_a_spot / 新浪
920177,恒道科技,25.5700000000,24.7700000000,15369473.0000000000,607456.0000000000,0.0323000000,0.1536947300,AKShare stock_zh_a_spot / 新浪
920178,锐翔智能,101.5800000000,104.8100000000,134726874.0000000000,1321630.0000000000,-0.0308200000,1.3472687400,AKShare stock_zh_a_spot / 新浪
920179,凯德石英,58.5000000000,58.1200000000,286889255.0000000000,4859928.0000000000,0.0065400000,2.8688925500,AKShare stock_zh_a_spot / 新浪
920180,爱得科技,12.4800000000,12.2600000000,7408768.0000000000,593823.0000000000,0.0179400000,0.0740876800,AKShare stock_zh_a_spot / 新浪
920181,赛英电子,76.9100000000,78.6600000000,66981576.0000000000,872052.0000000000,-0.0222500000,0.6698157600,AKShare stock_zh_a_spot / 新浪
920183,海菲曼,29.4900000000,29.1400000000,11063607.0000000000,374224.0000000000,0.0120100000,0.1106360700,AKShare stock_zh_a_spot / 新浪
920184,国源科技,11.4900000000,11.2900000000,18090560.0000000000,1588712.0000000000,0.0177100000,0.1809056000,AKShare stock_zh_a_spot / 新浪
920185,贝特瑞,21.0000000000,20.9100000000,79583396.0000000000,3796988.0000000000,0.0043000000,0.7958339600,AKShare stock_zh_a_spot / 新浪
920186,中科仪,76.7200000000,77.5800000000,346147886.0000000000,4511583.0000000000,-0.0110900000,3.4614788600,AKShare stock_zh_a_spot / 新浪
920187,通领科技,19.4200000000,19.3300000000,14331637.0000000000,740248.0000000000,0.0046600000,0.1433163700,AKShare stock_zh_a_spot / 新浪
920188,悦龙科技,22.1600000000,21.6100000000,18027464.0000000000,818680.0000000000,0.0254500000,0.1802746400,AKShare stock_zh_a_spot / 新浪
920189,康美特,22.2000000000,21.8900000000,152627687.0000000000,6875775.0000000000,0.0141600000,1.5262768700,AKShare stock_zh_a_spot / 新浪
920190,雷神科技,26.1600000000,26.3100000000,132325121.0000000000,5107599.0000000000,-0.0057000000,1.3232512100,AKShare stock_zh_a_spot / 新浪
920191,瑞尔竞达,9.1200000000,8.8400000000,15774941.0000000000,1743742.0000000000,0.0316700000,0.1577494100,AKShare stock_zh_a_spot / 新浪
920193,吉和昌,34.3500000000,33.7200000000,230140695.0000000000,6579389.0000000000,0.0186800000,2.3014069500,AKShare stock_zh_a_spot / 新浪
920195,三祥科技,12.7300000000,12.5400000000,13090110.0000000000,1033758.0000000000,0.0151500000,0.1309011000,AKShare stock_zh_a_spot / 新浪
920198,微创光电,7.8400000000,7.9100000000,35103970.0000000000,4481077.0000000000,-0.0088500000,0.3510397000,AKShare stock_zh_a_spot / 新浪
920199,倍益康,27.1200000000,27.9200000000,54693965.0000000000,1990879.0000000000,-0.0286500000,0.5469396500,AKShare stock_zh_a_spot / 新浪
920200,振宏股份,30.1200000000,29.9000000000,58060413.0000000000,1919533.0000000000,0.0073600000,0.5806041300,AKShare stock_zh_a_spot / 新浪
920204,沪江材料,13.1500000000,12.9800000000,12186013.0000000000,937588.0000000000,0.0131000000,0.1218601300,AKShare stock_zh_a_spot / 新浪
920206,彩客科技,35.5700000000,36.5300000000,51621672.0000000000,1438752.0000000000,-0.0262800000,0.5162167200,AKShare stock_zh_a_spot / 新浪
920207,众诚科技,23.5900000000,22.7200000000,81019825.0000000000,3496826.0000000000,0.0382900000,0.8101982500,AKShare stock_zh_a_spot / 新浪
920208,青矩技术,12.4600000000,12.1500000000,23252322.0000000000,1884461.0000000000,0.0255100000,0.2325232200,AKShare stock_zh_a_spot / 新浪
920211,新睿电子,129.7500000000,108.4800000000,235907487.0000000000,1877182.0000000000,0.1960700000,2.3590748700,AKShare stock_zh_a_spot / 新浪
920212,智新电子,9.7300000000,9.6200000000,6398423.0000000000,660276.0000000000,0.0114300000,0.0639842300,AKShare stock_zh_a_spot / 新浪
920218,新天力,18.3100000000,17.7400000000,42361770.0000000000,2337011.0000000000,0.0321300000,0.4236177000,AKShare stock_zh_a_spot / 新浪
920220,朗信电气,45.0000000000,41.7700000000,98744134.0000000000,2236148.0000000000,0.0773300000,0.9874413400,AKShare stock_zh_a_spot / 新浪
920221,易实精密,13.3500000000,13.0300000000,19780388.0000000000,1492366.0000000000,0.0245600000,0.1978038800,AKShare stock_zh_a_spot / 新浪
920222,益坤电气,27.7500000000,27.7400000000,48653668.0000000000,1759269.0000000000,0.0003600000,0.4865366800,AKShare stock_zh_a_spot / 新浪
920223,荣亿精密,11.3500000000,11.1500000000,15440620.0000000000,1364994.0000000000,0.0179400000,0.1544062000,AKShare stock_zh_a_spot / 新浪
920225,利通科技,15.6800000000,15.8700000000,53883821.0000000000,3441120.0000000000,-0.0119700000,0.5388382100,AKShare stock_zh_a_spot / 新浪
920227,美登科技,50.3800000000,50.3000000000,21048079.0000000000,421990.0000000000,0.0015900000,0.2104807900,AKShare stock_zh_a_spot / 新浪
920230,欧康医药,10.9200000000,10.9800000000,20975044.0000000000,1906767.0000000000,-0.0054600000,0.2097504400,AKShare stock_zh_a_spot / 新浪
920237,力佳科技,12.5800000000,12.5500000000,12841623.0000000000,1017725.0000000000,0.0023900000,0.1284162300,AKShare stock_zh_a_spot / 新浪
920238,长鹰硬科,64.5700000000,66.5500000000,169161169.0000000000,2587193.0000000000,-0.0297500000,1.6916116900,AKShare stock_zh_a_spot / 新浪
920239,长虹能源,22.1700000000,21.8800000000,19128433.0000000000,869821.0000000000,0.0132500000,0.1912843300,AKShare stock_zh_a_spot / 新浪
920242,建邦科技,14.1800000000,13.9000000000,12322624.0000000000,872844.0000000000,0.0201400000,0.1232262400,AKShare stock_zh_a_spot / 新浪
920245,威博液压,13.3300000000,12.8800000000,13063374.0000000000,983252.0000000000,0.0349400000,0.1306337400,AKShare stock_zh_a_spot / 新浪
920247,华密新材,15.2600000000,14.4000000000,58645812.0000000000,3878218.0000000000,0.0597200000,0.5864581200,AKShare stock_zh_a_spot / 新浪
920249,利尔达,9.9000000000,9.5100000000,88840355.0000000000,9146437.0000000000,0.0410100000,0.8884035500,AKShare stock_zh_a_spot / 新浪
920252,天宏锂电,16.1600000000,15.9300000000,31872932.0000000000,1969569.0000000000,0.0144400000,0.3187293200,AKShare stock_zh_a_spot / 新浪
920258,聚仁新材,12.3100000000,12.3800000000,35767024.0000000000,2895450.0000000000,-0.0056500000,0.3576702400,AKShare stock_zh_a_spot / 新浪
920260,中寰股份,8.1600000000,8.0900000000,10128725.0000000000,1241362.0000000000,0.0086500000,0.1012872500,AKShare stock_zh_a_spot / 新浪
920261,一诺威,13.7500000000,13.4400000000,14659507.0000000000,1072336.0000000000,0.0230700000,0.1465950700,AKShare stock_zh_a_spot / 新浪
920262,太湖雪,14.4000000000,14.1600000000,9194265.0000000000,641639.0000000000,0.0169500000,0.0919426500,AKShare stock_zh_a_spot / 新浪
920263,中航泰达,7.1900000000,7.0800000000,4275890.0000000000,595673.0000000000,0.0155400000,0.0427589000,AKShare stock_zh_a_spot / 新浪
920266,生物谷,7.7900000000,7.6500000000,38751150.0000000000,4980065.0000000000,0.0183000000,0.3875115000,AKShare stock_zh_a_spot / 新浪
920267,鑫汇科,17.2500000000,17.2800000000,21832449.0000000000,1265307.0000000000,-0.0017400000,0.2183244900,AKShare stock_zh_a_spot / 新浪
920270,天铭科技,12.4800000000,12.0600000000,14590988.0000000000,1184543.0000000000,0.0348300000,0.1459098800,AKShare stock_zh_a_spot / 新浪
920271,邦德股份,9.6000000000,9.4500000000,10851327.0000000000,1134679.0000000000,0.0158700000,0.1085132700,AKShare stock_zh_a_spot / 新浪
920273,一致魔芋,19.1500000000,17.8500000000,113498459.0000000000,5920095.0000000000,0.0728300000,1.1349845900,AKShare stock_zh_a_spot / 新浪
920274,宏裕包材,15.8300000000,15.7600000000,22684974.0000000000,1437108.0000000000,0.0044400000,0.2268497400,AKShare stock_zh_a_spot / 新浪
920275,驱动力,6.9200000000,6.5500000000,16647590.0000000000,2413394.0000000000,0.0564900000,0.1664759000,AKShare stock_zh_a_spot / 新浪
920278,鹿得医疗,6.6300000000,6.5200000000,10146450.0000000000,1536594.0000000000,0.0168700000,0.1014645000,AKShare stock_zh_a_spot / 新浪
920284,灵鸽科技,18.3000000000,18.1300000000,29292146.0000000000,1607023.0000000000,0.0093800000,0.2929214600,AKShare stock_zh_a_spot / 新浪
920299,灿能电力,15.5300000000,15.4400000000,19470298.0000000000,1253138.0000000000,0.0058300000,0.1947029800,AKShare stock_zh_a_spot / 新浪
920300,辰光医疗,9.8000000000,9.6700000000,10032804.0000000000,1030041.0000000000,0.0134400000,0.1003280400,AKShare stock_zh_a_spot / 新浪
920304,迪尔化工,9.0400000000,8.6500000000,26495108.0000000000,2971163.0000000000,0.0450900000,0.2649510800,AKShare stock_zh_a_spot / 新浪
920339,恒太照明,11.3000000000,11.4900000000,11460630.0000000000,1024215.0000000000,-0.0165400000,0.1146063000,AKShare stock_zh_a_spot / 新浪
920344,三元基因,20.1900000000,19.5800000000,53384728.0000000000,2626122.0000000000,0.0311500000,0.5338472800,AKShare stock_zh_a_spot / 新浪
920346,威贸电子,15.4100000000,15.1200000000,9970320.0000000000,650165.0000000000,0.0191800000,0.0997032000,AKShare stock_zh_a_spot / 新浪
920351,华光源海,12.2400000000,11.5600000000,45845801.0000000000,3674748.0000000000,0.0588200000,0.4584580100,AKShare stock_zh_a_spot / 新浪
920357,雅葆轩,16.5200000000,16.3100000000,25923871.0000000000,1576902.0000000000,0.0128800000,0.2592387100,AKShare stock_zh_a_spot / 新浪
920363,莱赛激光,10.6500000000,10.4700000000,15301967.0000000000,1445216.0000000000,0.0171900000,0.1530196700,AKShare stock_zh_a_spot / 新浪
920367,新赣江,29.1200000000,30.6900000000,223644595.0000000000,7525565.0000000000,-0.0511600000,2.2364459500,AKShare stock_zh_a_spot / 新浪
920368,连城数控,25.4600000000,24.4700000000,119253533.0000000000,4779668.0000000000,0.0404600000,1.1925353300,AKShare stock_zh_a_spot / 新浪
920370,新安洁,2.8800000000,2.8100000000,11389152.0000000000,3966163.0000000000,0.0249100000,0.1138915200,AKShare stock_zh_a_spot / 新浪
920371,欧福蛋业,7.7600000000,7.2800000000,52671281.0000000000,6871046.0000000000,0.0659300000,0.5267128100,AKShare stock_zh_a_spot / 新浪
920374,云里物里,15.5500000000,15.2100000000,8242281.0000000000,533681.0000000000,0.0223500000,0.0824228100,AKShare stock_zh_a_spot / 新浪
920375,派诺科技,7.3400000000,7.3000000000,21771196.0000000000,2972502.0000000000,0.0054800000,0.2177119600,AKShare stock_zh_a_spot / 新浪
920378,泰德股份,7.3400000000,7.1400000000,11082565.0000000000,1527057.0000000000,0.0280100000,0.1108256500,AKShare stock_zh_a_spot / 新浪
920392,佳合科技,14.0000000000,13.6500000000,10827137.0000000000,774569.0000000000,0.0256400000,0.1082713700,AKShare stock_zh_a_spot / 新浪
920394,民士达,46.9000000000,45.3900000000,71746923.0000000000,1544140.0000000000,0.0332700000,0.7174692300,AKShare stock_zh_a_spot / 新浪
920395,朗鸿科技,7.2000000000,7.1300000000,4438881.0000000000,617238.0000000000,0.0098200000,0.0443888100,AKShare stock_zh_a_spot / 新浪
920396,常辅股份,20.8200000000,20.8000000000,23700928.0000000000,1133487.0000000000,0.0009600000,0.2370092800,AKShare stock_zh_a_spot / 新浪
920402,硅烷科技,9.3300000000,9.1000000000,117084254.0000000000,12598057.0000000000,0.0252700000,1.1708425400,AKShare stock_zh_a_spot / 新浪
920403,康农种业,23.6500000000,19.0000000000,280501175.0000000000,12778656.0000000000,0.2447400000,2.8050117500,AKShare stock_zh_a_spot / 新浪
920405,海希通讯,19.1400000000,18.7700000000,23162793.0000000000,1215445.0000000000,0.0197100000,0.2316279300,AKShare stock_zh_a_spot / 新浪
920407,驰诚股份,11.5900000000,10.7600000000,28944569.0000000000,2543436.0000000000,0.0771400000,0.2894456900,AKShare stock_zh_a_spot / 新浪
920414,欧普泰,8.2800000000,8.0800000000,9981959.0000000000,1213209.0000000000,0.0247500000,0.0998195900,AKShare stock_zh_a_spot / 新浪
920415,恒拓开源,9.1100000000,8.8900000000,19877075.0000000000,2208816.0000000000,0.0247500000,0.1987707500,AKShare stock_zh_a_spot / 新浪
920418,苏轴股份,19.8100000000,19.0000000000,74157972.0000000000,3784558.0000000000,0.0426300000,0.7415797200,AKShare stock_zh_a_spot / 新浪
920419,路斯股份,11.0600000000,10.5700000000,25559317.0000000000,2313302.0000000000,0.0463600000,0.2555931700,AKShare stock_zh_a_spot / 新浪
920422,润普食品,9.8000000000,9.4600000000,20804195.0000000000,2142101.0000000000,0.0359400000,0.2080419500,AKShare stock_zh_a_spot / 新浪
920425,乐创技术,15.2500000000,14.6700000000,42141792.0000000000,2796655.0000000000,0.0395400000,0.4214179200,AKShare stock_zh_a_spot / 新浪
920427,华维设计,8.8200000000,8.7400000000,10763551.0000000000,1221834.0000000000,0.0091500000,0.1076355100,AKShare stock_zh_a_spot / 新浪
920429,康比特,10.8700000000,9.7400000000,82827483.0000000000,7859749.0000000000,0.1160200000,0.8282748300,AKShare stock_zh_a_spot / 新浪
920433,大唐药业,5.0900000000,5.0600000000,17533939.0000000000,3457534.0000000000,0.0059300000,0.1753393900,AKShare stock_zh_a_spot / 新浪
920436,大地电气,10.5200000000,10.3500000000,6547857.0000000000,622936.0000000000,0.0164300000,0.0654785700,AKShare stock_zh_a_spot / 新浪
920438,戈碧迦,132.3300000000,123.4800000000,991592386.0000000000,7618580.0000000000,0.0716700000,9.9159238600,AKShare stock_zh_a_spot / 新浪
920445,龙竹科技,7.3600000000,7.1300000000,53112704.0000000000,7156629.0000000000,0.0322600000,0.5311270400,AKShare stock_zh_a_spot / 新浪
920454,同心传动,11.3400000000,11.0000000000,13365718.0000000000,1184273.0000000000,0.0309100000,0.1336571800,AKShare stock_zh_a_spot / 新浪
920455,汇隆活塞,6.1300000000,5.9000000000,7966502.0000000000,1306697.0000000000,0.0389800000,0.0796650200,AKShare stock_zh_a_spot / 新浪
920469,富恒新材,5.7800000000,5.6100000000,15107323.0000000000,2641704.0000000000,0.0303000000,0.1510732300,AKShare stock_zh_a_spot / 新浪
920471,美邦科技,11.4700000000,11.3000000000,18555858.0000000000,1608664.0000000000,0.0150400000,0.1855585800,AKShare stock_zh_a_spot / 新浪
920475,三友科技,12.5000000000,12.7000000000,17361999.0000000000,1378419.0000000000,-0.0157500000,0.1736199900,AKShare stock_zh_a_spot / 新浪
920476,海能技术,24.3800000000,22.8100000000,78208321.0000000000,3246561.0000000000,0.0688300000,0.7820832100,AKShare stock_zh_a_spot / 新浪
920478,峆一药业,11.8400000000,12.1800000000,54155619.0000000000,4528661.0000000000,-0.0279100000,0.5415561900,AKShare stock_zh_a_spot / 新浪
920489,佳先股份,14.3300000000,13.8300000000,61869641.0000000000,4380552.0000000000,0.0361500000,0.6186964100,AKShare stock_zh_a_spot / 新浪
920491,奥迪威,23.0900000000,22.4000000000,67128315.0000000000,2938081.0000000000,0.0308000000,0.6712831500,AKShare stock_zh_a_spot / 新浪
920493,并行科技,121.4000000000,124.8000000000,213920480.0000000000,1758534.0000000000,-0.0272400000,2.1392048000,AKShare stock_zh_a_spot / 新浪
920496,许昌智能,6.4600000000,6.3500000000,10903620.0000000000,1695854.0000000000,0.0173200000,0.1090362000,AKShare stock_zh_a_spot / 新浪
920504,博迅生物,18.3800000000,18.0700000000,11146832.0000000000,610939.0000000000,0.0171600000,0.1114683200,AKShare stock_zh_a_spot / 新浪
920505,九菱科技,29.3200000000,29.5700000000,38999226.0000000000,1335253.0000000000,-0.0084500000,0.3899922600,AKShare stock_zh_a_spot / 新浪
920508,殷图网联,14.7000000000,14.6200000000,8333266.0000000000,564896.0000000000,0.0054700000,0.0833326600,AKShare stock_zh_a_spot / 新浪
920509,同惠电子,21.5300000000,20.8400000000,67121990.0000000000,3164515.0000000000,0.0331100000,0.6712199000,AKShare stock_zh_a_spot / 新浪
920510,丰光精密,28.1300000000,25.6000000000,393863524.0000000000,14398938.0000000000,0.0988300000,3.9386352400,AKShare stock_zh_a_spot / 新浪
920519,万德股份,10.0300000000,9.9500000000,10414727.0000000000,1038951.0000000000,0.0080400000,0.1041472700,AKShare stock_zh_a_spot / 新浪
920522,纳科诺尔,20.5300000000,20.4800000000,94363381.0000000000,4588598.0000000000,0.0024400000,0.9436338100,AKShare stock_zh_a_spot / 新浪
920523,德瑞锂电,15.7200000000,15.5500000000,14009245.0000000000,898025.0000000000,0.0109300000,0.1400924500,AKShare stock_zh_a_spot / 新浪
920526,凯华材料,21.2400000000,20.6600000000,68506668.0000000000,3245471.0000000000,0.0280700000,0.6850666800,AKShare stock_zh_a_spot / 新浪
920527,夜光明,14.3900000000,14.1800000000,17533549.0000000000,1232592.0000000000,0.0148100000,0.1753354900,AKShare stock_zh_a_spot / 新浪
920533,骏创科技,19.3100000000,18.3800000000,63696812.0000000000,3322435.0000000000,0.0506000000,0.6369681200,AKShare stock_zh_a_spot / 新浪
920541,铁大科技,9.9300000000,9.7200000000,8876212.0000000000,900906.0000000000,0.0216000000,0.0887621200,AKShare stock_zh_a_spot / 新浪
920547,无锡晶海,19.0400000000,18.5600000000,11239074.0000000000,593724.0000000000,0.0258600000,0.1123907400,AKShare stock_zh_a_spot / 新浪
920553,凯腾精工,7.8000000000,7.3300000000,51080640.0000000000,6809891.0000000000,0.0641200000,0.5108064000,AKShare stock_zh_a_spot / 新浪
920556,雅达股份,6.9100000000,6.7800000000,9317699.0000000000,1357734.0000000000,0.0191700000,0.0931769900,AKShare stock_zh_a_spot / 新浪
920564,天润科技,14.4700000000,14.0100000000,19017920.0000000000,1339556.0000000000,0.0328300000,0.1901792000,AKShare stock_zh_a_spot / 新浪
920566,梓橦宫,10.0200000000,10.0500000000,21875362.0000000000,2178737.0000000000,-0.0029900000,0.2187536200,AKShare stock_zh_a_spot / 新浪
920570,坤博精工,25.4700000000,24.9800000000,22373139.0000000000,884055.0000000000,0.0196200000,0.2237313900,AKShare stock_zh_a_spot / 新浪
920571,国航远洋,9.0800000000,8.6900000000,233110368.0000000000,25993531.0000000000,0.0448800000,2.3311036800,AKShare stock_zh_a_spot / 新浪
920576,天力复合,46.6200000000,43.9000000000,155260815.0000000000,3407528.0000000000,0.0619600000,1.5526081500,AKShare stock_zh_a_spot / 新浪
920578,巨能股份,18.6000000000,17.1000000000,53798481.0000000000,3000346.0000000000,0.0877200000,0.5379848100,AKShare stock_zh_a_spot / 新浪
920579,机科股份,15.6600000000,15.0300000000,21403835.0000000000,1382882.0000000000,0.0419200000,0.2140383500,AKShare stock_zh_a_spot / 新浪
920580,科创新材,11.4300000000,11.3800000000,19097493.0000000000,1667476.0000000000,0.0043900000,0.1909749300,AKShare stock_zh_a_spot / 新浪
920592,华信永道,20.9000000000,20.6500000000,49391767.0000000000,2376385.0000000000,0.0121100000,0.4939176700,AKShare stock_zh_a_spot / 新浪
920593,鼎智科技,27.1500000000,25.8000000000,120342732.0000000000,4504343.0000000000,0.0523300000,1.2034273200,AKShare stock_zh_a_spot / 新浪
920599,同力股份,16.8500000000,16.6700000000,27879348.0000000000,1661038.0000000000,0.0108000000,0.2787934800,AKShare stock_zh_a_spot / 新浪
920608,丰安股份,14.2700000000,13.8800000000,7380990.0000000000,518988.0000000000,0.0281000000,0.0738099000,AKShare stock_zh_a_spot / 新浪
920627,力王股份,14.3200000000,14.1500000000,16042599.0000000000,1121842.0000000000,0.0120100000,0.1604259900,AKShare stock_zh_a_spot / 新浪
920634,新威凌,17.3300000000,17.6000000000,20728374.0000000000,1196904.0000000000,-0.0153400000,0.2072837400,AKShare stock_zh_a_spot / 新浪
920639,晨光电缆,6.3500000000,6.2300000000,11537453.0000000000,1824828.0000000000,0.0192600000,0.1153745300,AKShare stock_zh_a_spot / 新浪
920640,富士达,27.4000000000,27.0600000000,76321054.0000000000,2801999.0000000000,0.0125600000,0.7632105400,AKShare stock_zh_a_spot / 新浪
920641,格利尔,13.6200000000,12.7700000000,42627841.0000000000,3144186.0000000000,0.0665600000,0.4262784100,AKShare stock_zh_a_spot / 新浪
920642,通易航天,10.6500000000,10.5000000000,27648048.0000000000,2608665.0000000000,0.0142900000,0.2764804800,AKShare stock_zh_a_spot / 新浪
920651,天罡股份,25.1700000000,25.3600000000,30114542.0000000000,1175932.0000000000,-0.0074900000,0.3011454200,AKShare stock_zh_a_spot / 新浪
920656,海昇药业,14.5000000000,14.1300000000,10389746.0000000000,722655.0000000000,0.0261900000,0.1038974600,AKShare stock_zh_a_spot / 新浪
920662,方盛股份,19.7500000000,19.5000000000,75736969.0000000000,3716877.0000000000,0.0128200000,0.7573696900,AKShare stock_zh_a_spot / 新浪
920663,明阳科技,13.2100000000,13.0100000000,10911353.0000000000,831128.0000000000,0.0153700000,0.1091135300,AKShare stock_zh_a_spot / 新浪
920665,科强股份,8.9200000000,8.7800000000,12490429.0000000000,1405600.0000000000,0.0159500000,0.1249042900,AKShare stock_zh_a_spot / 新浪
920670,数字人,13.2800000000,13.2000000000,15323954.0000000000,1156106.0000000000,0.0060600000,0.1532395400,AKShare stock_zh_a_spot / 新浪
920675,秉扬科技,7.5200000000,7.4200000000,10753238.0000000000,1432845.0000000000,0.0134800000,0.1075323800,AKShare stock_zh_a_spot / 新浪
920679,前进科技,15.9500000000,15.6800000000,5121846.0000000000,321341.0000000000,0.0172200000,0.0512184600,AKShare stock_zh_a_spot / 新浪
920682,球冠电缆,5.8700000000,5.7500000000,11877175.0000000000,2039581.0000000000,0.0208700000,0.1187717500,AKShare stock_zh_a_spot / 新浪
920685,新芝生物,12.6500000000,12.4500000000,25028543.0000000000,1979754.0000000000,0.0160600000,0.2502854300,AKShare stock_zh_a_spot / 新浪
920689,克莱特,20.3600000000,20.1000000000,18161768.0000000000,898445.0000000000,0.0129400000,0.1816176800,AKShare stock_zh_a_spot / 新浪
920690,捷众科技,18.5100000000,17.4500000000,67478981.0000000000,3720295.0000000000,0.0607400000,0.6747898100,AKShare stock_zh_a_spot / 新浪
920693,阿为特,23.8000000000,23.0000000000,32862502.0000000000,1389136.0000000000,0.0347800000,0.3286250200,AKShare stock_zh_a_spot / 新浪
920694,中裕科技,15.0800000000,14.3300000000,17930426.0000000000,1203509.0000000000,0.0523400000,0.1793042600,AKShare stock_zh_a_spot / 新浪
920699,海达尔,91.8300000000,96.0100000000,120532282.0000000000,1302951.0000000000,-0.0435400000,1.2053228200,AKShare stock_zh_a_spot / 新浪
920701,豪声电子,13.3000000000,13.2200000000,13312773.0000000000,1004315.0000000000,0.0060500000,0.1331277300,AKShare stock_zh_a_spot / 新浪
920703,广厦环能,9.9500000000,9.8000000000,6010262.0000000000,603463.0000000000,0.0153100000,0.0601026200,AKShare stock_zh_a_spot / 新浪
920706,铁拓机械,14.7200000000,14.4800000000,18511811.0000000000,1266708.0000000000,0.0165700000,0.1851181100,AKShare stock_zh_a_spot / 新浪
920717,瑞星股份,8.4100000000,8.2800000000,28303120.0000000000,3414271.0000000000,0.0157000000,0.2830312000,AKShare stock_zh_a_spot / 新浪
920718,合肥高科,9.9800000000,10.0100000000,8432855.0000000000,840997.0000000000,-0.0030000000,0.0843285500,AKShare stock_zh_a_spot / 新浪
920719,宁新新材,7.8800000000,7.7100000000,11756679.0000000000,1503133.0000000000,0.0220500000,0.1175667900,AKShare stock_zh_a_spot / 新浪
920720,吉冈精密,9.8100000000,9.4900000000,19428979.0000000000,1994100.0000000000,0.0337200000,0.1942897900,AKShare stock_zh_a_spot / 新浪
920725,惠丰钻石,81.9500000000,81.8900000000,565884853.0000000000,6881263.0000000000,0.0007300000,5.6588485300,AKShare stock_zh_a_spot / 新浪
920726,朱老六,16.8300000000,16.4000000000,75940374.0000000000,4477143.0000000000,0.0262200000,0.7594037400,AKShare stock_zh_a_spot / 新浪
920729,永顺生物,7.1800000000,6.7900000000,23932998.0000000000,3332373.0000000000,0.0574400000,0.2393299800,AKShare stock_zh_a_spot / 新浪
920735,德源药业,25.1000000000,25.2000000000,55337892.0000000000,2201154.0000000000,-0.0039700000,0.5533789200,AKShare stock_zh_a_spot / 新浪
920748,路桥信息,24.5800000000,23.4800000000,57653213.0000000000,2367023.0000000000,0.0468500000,0.5765321300,AKShare stock_zh_a_spot / 新浪
920751,惠同新材,16.6000000000,16.2200000000,15997232.0000000000,970374.0000000000,0.0234300000,0.1599723200,AKShare stock_zh_a_spot / 新浪
920753,天纺标,15.7900000000,15.2700000000,19354935.0000000000,1236496.0000000000,0.0340500000,0.1935493500,AKShare stock_zh_a_spot / 新浪
920765,美之高,13.9000000000,13.9200000000,16439495.0000000000,1176362.0000000000,-0.0014400000,0.1643949500,AKShare stock_zh_a_spot / 新浪
920768,拾比佰,7.1300000000,7.1400000000,10870824.0000000000,1521392.0000000000,-0.0014000000,0.1087082400,AKShare stock_zh_a_spot / 新浪
920770,艾能聚,10.5800000000,10.3500000000,22092045.0000000000,2110138.0000000000,0.0222200000,0.2209204500,AKShare stock_zh_a_spot / 新浪
920779,武汉蓝电,23.5200000000,23.4400000000,15394413.0000000000,650070.0000000000,0.0034100000,0.1539441300,AKShare stock_zh_a_spot / 新浪
920781,瑞奇智造,5.8700000000,5.7700000000,11615160.0000000000,1993087.0000000000,0.0173300000,0.1161516000,AKShare stock_zh_a_spot / 新浪
920786,骑士乳业,7.4200000000,7.0600000000,128239374.0000000000,17414861.0000000000,0.0509900000,1.2823937400,AKShare stock_zh_a_spot / 新浪
920790,联迪信息,22.4300000000,23.1000000000,68586920.0000000000,3068863.0000000000,-0.0290000000,0.6858692000,AKShare stock_zh_a_spot / 新浪
920792,东和新材,9.9600000000,9.8000000000,7533878.0000000000,759898.0000000000,0.0163300000,0.0753387800,AKShare stock_zh_a_spot / 新浪
920799,艾融软件,31.7700000000,29.9900000000,192470202.0000000000,6175338.0000000000,0.0593500000,1.9247020200,AKShare stock_zh_a_spot / 新浪
920802,保丽洁,10.7000000000,10.7500000000,20987418.0000000000,1950329.0000000000,-0.0046500000,0.2098741800,AKShare stock_zh_a_spot / 新浪
920806,云星宇,10.5500000000,10.2700000000,29198121.0000000000,2812353.0000000000,0.0272600000,0.2919812100,AKShare stock_zh_a_spot / 新浪
920807,奔朗新材,9.7900000000,9.8800000000,35017826.0000000000,3585687.0000000000,-0.0091100000,0.3501782600,AKShare stock_zh_a_spot / 新浪
920808,曙光数创,63.2300000000,64.0000000000,108533490.0000000000,1715570.0000000000,-0.0120300000,1.0853349000,AKShare stock_zh_a_spot / 新浪
920809,安达科技,7.9500000000,7.9500000000,50429208.0000000000,6343999.0000000000,0.0000000000,0.5042920800,AKShare stock_zh_a_spot / 新浪
920810,春光智能,8.9200000000,8.7300000000,11884313.0000000000,1345541.0000000000,0.0217600000,0.1188431300,AKShare stock_zh_a_spot / 新浪
920819,颖泰生物,3.1000000000,2.9000000000,77109332.0000000000,24671456.0000000000,0.0689700000,0.7710933200,AKShare stock_zh_a_spot / 新浪
920821,则成电子,18.5100000000,18.5100000000,38765147.0000000000,2081636.0000000000,0.0000000000,0.3876514700,AKShare stock_zh_a_spot / 新浪
920826,盖世食品,9.3500000000,9.1500000000,109937087.0000000000,11660363.0000000000,0.0218600000,1.0993708700,AKShare stock_zh_a_spot / 新浪
920832,齐鲁华信,6.3200000000,6.2000000000,4353977.0000000000,692501.0000000000,0.0193500000,0.0435397700,AKShare stock_zh_a_spot / 新浪
920833,美心翼申,9.9000000000,9.9400000000,15499907.0000000000,1551758.0000000000,-0.0040200000,0.1549990700,AKShare stock_zh_a_spot / 新浪
920834,三维装备,9.8900000000,9.4300000000,26026538.0000000000,2673153.0000000000,0.0487800000,0.2602653800,AKShare stock_zh_a_spot / 新浪
920837,华原股份,9.9800000000,9.8200000000,8068636.0000000000,811595.0000000000,0.0162900000,0.0806863600,AKShare stock_zh_a_spot / 新浪
920839,万通液压,25.7600000000,24.2200000000,39766471.0000000000,1568217.0000000000,0.0635800000,0.3976647100,AKShare stock_zh_a_spot / 新浪
920855,浙江大农,13.2900000000,12.6900000000,25344898.0000000000,1882363.0000000000,0.0472800000,0.2534489800,AKShare stock_zh_a_spot / 新浪
920856,浩淼科技,15.7200000000,13.1200000000,155493198.0000000000,10608999.0000000000,0.1981700000,1.5549319800,AKShare stock_zh_a_spot / 新浪
920857,泓禧科技,20.8000000000,20.7900000000,29477439.0000000000,1430259.0000000000,0.0004800000,0.2947743900,AKShare stock_zh_a_spot / 新浪
920866,绿亨科技,6.7700000000,6.1300000000,86379374.0000000000,12871304.0000000000,0.1044000000,0.8637937400,AKShare stock_zh_a_spot / 新浪
920870,恒进感应,12.5800000000,12.1800000000,37068983.0000000000,2961066.0000000000,0.0328400000,0.3706898300,AKShare stock_zh_a_spot / 新浪
920871,派特尔,11.3100000000,11.2300000000,11789299.0000000000,1043666.0000000000,0.0071200000,0.1178929900,AKShare stock_zh_a_spot / 新浪
920873,中设咨询,7.0800000000,7.1000000000,5590628.0000000000,788794.0000000000,-0.0028200000,0.0559062800,AKShare stock_zh_a_spot / 新浪
920876,慧为智能,16.9500000000,16.4200000000,29075967.0000000000,1742068.0000000000,0.0322800000,0.2907596700,AKShare stock_zh_a_spot / 新浪
920879,基康技术,13.0300000000,12.7500000000,12756463.0000000000,981321.0000000000,0.0219600000,0.1275646300,AKShare stock_zh_a_spot / 新浪
920885,星辰科技,13.4100000000,12.7500000000,41189103.0000000000,3149572.0000000000,0.0517600000,0.4118910300,AKShare stock_zh_a_spot / 新浪
920892,广咨国际,10.5700000000,10.3600000000,6607790.0000000000,629347.0000000000,0.0202700000,0.0660779000,AKShare stock_zh_a_spot / 新浪
920895,花溪科技,13.4500000000,13.1200000000,26872138.0000000000,1991913.0000000000,0.0251500000,0.2687213800,AKShare stock_zh_a_spot / 新浪
920896,旺成科技,12.6000000000,12.1800000000,12343024.0000000000,987186.0000000000,0.0344800000,0.1234302400,AKShare stock_zh_a_spot / 新浪
920906,舜宇精工,17.2000000000,16.5500000000,17917114.0000000000,1057830.0000000000,0.0392700000,0.1791711400,AKShare stock_zh_a_spot / 新浪
920914,远航精密,18.1600000000,18.1400000000,20729548.0000000000,1145490.0000000000,0.0011000000,0.2072954800,AKShare stock_zh_a_spot / 新浪
920924,广脉科技,15.2800000000,15.2600000000,29499068.0000000000,1945736.0000000000,0.0013100000,0.2949906800,AKShare stock_zh_a_spot / 新浪
920925,锦好医疗,12.3300000000,12.2900000000,15919488.0000000000,1290259.0000000000,0.0032500000,0.1591948800,AKShare stock_zh_a_spot / 新浪
920926,鸿智科技,10.4900000000,10.3700000000,6837840.0000000000,650635.0000000000,0.0115700000,0.0683784000,AKShare stock_zh_a_spot / 新浪
920931,无锡鼎邦,10.9000000000,10.6400000000,23781326.0000000000,2224577.0000000000,0.0244400000,0.2378132600,AKShare stock_zh_a_spot / 新浪
920932,科达自控,13.2800000000,12.4100000000,48995936.0000000000,3787487.0000000000,0.0701000000,0.4899593600,AKShare stock_zh_a_spot / 新浪
920942,恒立钻具,17.7000000000,17.3700000000,13302565.0000000000,752632.0000000000,0.0190000000,0.1330256500,AKShare stock_zh_a_spot / 新浪
920943,优机股份,19.3600000000,18.0000000000,125119057.0000000000,6494828.0000000000,0.0755600000,1.2511905700,AKShare stock_zh_a_spot / 新浪
920946,森萱医药,9.9600000000,9.9200000000,58642408.0000000000,5919199.0000000000,0.0040300000,0.5864240800,AKShare stock_zh_a_spot / 新浪
920950,迅安科技,13.0200000000,12.8200000000,5036250.0000000000,388102.0000000000,0.0156000000,0.0503625000,AKShare stock_zh_a_spot / 新浪
920953,国子软件,24.9100000000,23.4000000000,134090741.0000000000,5431347.0000000000,0.0645300000,1.3409074100,AKShare stock_zh_a_spot / 新浪
920957,汉维科技,9.5300000000,9.3000000000,9844455.0000000000,1041831.0000000000,0.0247300000,0.0984445500,AKShare stock_zh_a_spot / 新浪
920961,创远信科,20.4700000000,19.7000000000,68547690.0000000000,3377832.0000000000,0.0390900000,0.6854769000,AKShare stock_zh_a_spot / 新浪
920964,润农节水,5.1000000000,4.5700000000,76579952.0000000000,15169839.0000000000,0.1159700000,0.7657995200,AKShare stock_zh_a_spot / 新浪
920970,大禹生物,6.5700000000,6.1800000000,62718367.0000000000,9626574.0000000000,0.0631100000,0.6271836700,AKShare stock_zh_a_spot / 新浪
920971,天马新材,28.0800000000,27.4500000000,157804471.0000000000,5652363.0000000000,0.0229500000,1.5780447100,AKShare stock_zh_a_spot / 新浪
920974,凯大催化,6.2700000000,6.1500000000,11588487.0000000000,1859365.0000000000,0.0195100000,0.1158848700,AKShare stock_zh_a_spot / 新浪
920976,视声智能,17.8100000000,17.4300000000,15474886.0000000000,876572.0000000000,0.0218000000,0.1547488600,AKShare stock_zh_a_spot / 新浪
920978,开特股份,20.6600000000,19.9200000000,37143468.0000000000,1822639.0000000000,0.0371500000,0.3714346800,AKShare stock_zh_a_spot / 新浪
920981,晶赛科技,31.5100000000,31.5200000000,86514664.0000000000,2750115.0000000000,-0.0003200000,0.8651466400,AKShare stock_zh_a_spot / 新浪
920982,锦波生物,127.3700000000,127.9000000000,145479139.0000000000,1134133.0000000000,-0.0041400000,1.4547913900,AKShare stock_zh_a_spot / 新浪
920985,海泰新能,4.8600000000,4.7000000000,20944701.0000000000,4362035.0000000000,0.0340400000,0.2094470100,AKShare stock_zh_a_spot / 新浪
920992,中科美菱,11.8000000000,11.7300000000,11408086.0000000000,969981.0000000000,0.0059700000,0.1140808600,AKShare stock_zh_a_spot / 新浪
600000,浦发银行,8.9700000000,9.0400000000,549664995.0000000000,61062686.0000000000,-0.0077400000,5.4966499500,AKShare stock_zh_a_spot / 新浪
600004,白云机场,7.4200000000,7.4500000000,44231696.0000000000,5959317.0000000000,-0.0040300000,0.4423169600,AKShare stock_zh_a_spot / 新浪
600006,东风股份,5.3300000000,5.3800000000,40698652.0000000000,7647985.0000000000,-0.0092900000,0.4069865200,AKShare stock_zh_a_spot / 新浪
600007,中国国贸,18.5300000000,18.6800000000,29914153.0000000000,1607460.0000000000,-0.0080300000,0.2991415300,AKShare stock_zh_a_spot / 新浪
600008,首创环保,2.8100000000,2.8200000000,114332462.0000000000,40620797.0000000000,-0.0035500000,1.1433246200,AKShare stock_zh_a_spot / 新浪
600009,上海机场,23.0000000000,23.0700000000,187722477.0000000000,8147100.0000000000,-0.0030300000,1.8772247700,AKShare stock_zh_a_spot / 新浪
600010,包钢股份,2.2200000000,2.2300000000,466914269.0000000000,210412795.0000000000,-0.0044800000,4.6691426900,AKShare stock_zh_a_spot / 新浪
600011,华能国际,6.8900000000,6.8900000000,397180220.0000000000,57626052.0000000000,0.0000000000,3.9718022000,AKShare stock_zh_a_spot / 新浪
600012,皖通高速,15.8400000000,15.9200000000,78495628.0000000000,4953866.0000000000,-0.0050300000,0.7849562800,AKShare stock_zh_a_spot / 新浪
600015,华夏银行,6.5900000000,6.5900000000,297217542.0000000000,44998813.0000000000,0.0000000000,2.9721754200,AKShare stock_zh_a_spot / 新浪
600016,民生银行,3.3900000000,3.4100000000,469139343.0000000000,138027365.0000000000,-0.0058700000,4.6913934300,AKShare stock_zh_a_spot / 新浪
600017,日照港,2.6700000000,2.6700000000,56463877.0000000000,21172977.0000000000,0.0000000000,0.5646387700,AKShare stock_zh_a_spot / 新浪
600018,上港集团,5.1100000000,5.0900000000,165003515.0000000000,32318661.0000000000,0.0039300000,1.6500351500,AKShare stock_zh_a_spot / 新浪
600019,宝钢股份,5.8400000000,5.7400000000,710916723.0000000000,122119774.0000000000,0.0174200000,7.1091672300,AKShare stock_zh_a_spot / 新浪
600020,中原高速,3.7400000000,3.7500000000,55707703.0000000000,14832090.0000000000,-0.0026700000,0.5570770300,AKShare stock_zh_a_spot / 新浪
600021,上海电力,13.9700000000,14.1300000000,389734975.0000000000,27886227.0000000000,-0.0113200000,3.8973497500,AKShare stock_zh_a_spot / 新浪
600022,山东钢铁,1.3200000000,1.3200000000,89391448.0000000000,67853750.0000000000,0.0000000000,0.8939144800,AKShare stock_zh_a_spot / 新浪
600023,浙能电力,4.8700000000,4.8900000000,102261081.0000000000,20959030.0000000000,-0.0040900000,1.0226108100,AKShare stock_zh_a_spot / 新浪
600025,华能水电,9.6500000000,9.5600000000,176606899.0000000000,18338310.0000000000,0.0094100000,1.7660689900,AKShare stock_zh_a_spot / 新浪
600026,中远海能,18.0000000000,17.7000000000,767531911.0000000000,42923321.0000000000,0.0169500000,7.6753191100,AKShare stock_zh_a_spot / 新浪
600027,华电国际,4.5500000000,4.5500000000,189830053.0000000000,41737102.0000000000,0.0000000000,1.8983005300,AKShare stock_zh_a_spot / 新浪
600028,中国石化,5.0600000000,5.0100000000,809873741.0000000000,160247048.0000000000,0.0099800000,8.0987374100,AKShare stock_zh_a_spot / 新浪
600029,南方航空,5.0100000000,5.0300000000,196525244.0000000000,39226101.0000000000,-0.0039800000,1.9652524400,AKShare stock_zh_a_spot / 新浪
600030,中信证券,27.3900000000,27.5400000000,2382662449.0000000000,87189970.0000000000,-0.0054500000,23.8266244900,AKShare stock_zh_a_spot / 新浪
600031,三一重工,18.9700000000,18.7000000000,1187988653.0000000000,62982636.0000000000,0.0144400000,11.8798865300,AKShare stock_zh_a_spot / 新浪
600032,浙江新能,6.9400000000,7.0900000000,147186972.0000000000,21104931.0000000000,-0.0211600000,1.4718697200,AKShare stock_zh_a_spot / 新浪
600033,福建高速,3.5100000000,3.5400000000,79164590.0000000000,22314250.0000000000,-0.0084700000,0.7916459000,AKShare stock_zh_a_spot / 新浪
600035,楚天高速,3.3800000000,3.4000000000,30308445.0000000000,8968700.0000000000,-0.0058800000,0.3030844500,AKShare stock_zh_a_spot / 新浪
600036,招商银行,38.2900000000,38.2000000000,2297763209.0000000000,60136128.0000000000,0.0023600000,22.9776320900,AKShare stock_zh_a_spot / 新浪
600037,歌华有线,6.9100000000,7.0000000000,87178448.0000000000,12630962.0000000000,-0.0128600000,0.8717844800,AKShare stock_zh_a_spot / 新浪
600038,中直股份,26.2500000000,26.8600000000,167085268.0000000000,6334362.0000000000,-0.0227100000,1.6708526800,AKShare stock_zh_a_spot / 新浪
600039,四川路桥,8.4400000000,8.4700000000,112146517.0000000000,13241480.0000000000,-0.0035400000,1.1214651700,AKShare stock_zh_a_spot / 新浪
600048,保利发展,5.2400000000,5.2200000000,366953342.0000000000,70017823.0000000000,0.0038300000,3.6695334200,AKShare stock_zh_a_spot / 新浪
600050,中国联通,4.3000000000,4.3200000000,441626382.0000000000,102625994.0000000000,-0.0046300000,4.4162638200,AKShare stock_zh_a_spot / 新浪
600051,宁波联合,6.3600000000,6.3200000000,44300524.0000000000,6975688.0000000000,0.0063300000,0.4430052400,AKShare stock_zh_a_spot / 新浪
600052,东望时代,3.9500000000,4.0200000000,30964815.0000000000,7799500.0000000000,-0.0174100000,0.3096481500,AKShare stock_zh_a_spot / 新浪
600054,黄山旅游,11.1600000000,11.1500000000,34047401.0000000000,3053614.0000000000,0.0009000000,0.3404740100,AKShare stock_zh_a_spot / 新浪
600055,万东医疗,11.3000000000,11.3900000000,52481846.0000000000,4646900.0000000000,-0.0079000000,0.5248184600,AKShare stock_zh_a_spot / 新浪
600056,中国医药,9.4400000000,9.5000000000,125249037.0000000000,13224775.0000000000,-0.0063200000,1.2524903700,AKShare stock_zh_a_spot / 新浪
600057,厦门象屿,6.2800000000,6.2100000000,103689491.0000000000,16575870.0000000000,0.0112700000,1.0368949100,AKShare stock_zh_a_spot / 新浪
600058,五矿发展,10.7100000000,10.6600000000,88772417.0000000000,8303397.0000000000,0.0046900000,0.8877241700,AKShare stock_zh_a_spot / 新浪
600059,古越龙山,8.1800000000,8.0500000000,238033566.0000000000,29245664.0000000000,0.0161500000,2.3803356600,AKShare stock_zh_a_spot / 新浪
600060,海信视像,26.1600000000,25.2600000000,269749886.0000000000,10447353.0000000000,0.0356300000,2.6974988600,AKShare stock_zh_a_spot / 新浪
600061,国投资本,6.2700000000,6.3700000000,218404804.0000000000,34713812.0000000000,-0.0157000000,2.1840480400,AKShare stock_zh_a_spot / 新浪
600062,华润双鹤,15.9700000000,16.0600000000,110787315.0000000000,6929486.0000000000,-0.0056000000,1.1078731500,AKShare stock_zh_a_spot / 新浪
600063,皖维高新,5.9800000000,6.0400000000,189786869.0000000000,31568004.0000000000,-0.0099300000,1.8978686900,AKShare stock_zh_a_spot / 新浪
600064,南京高科,7.5800000000,7.6000000000,77244804.0000000000,10155677.0000000000,-0.0026300000,0.7724480400,AKShare stock_zh_a_spot / 新浪
600066,宇通客车,29.5900000000,28.9500000000,529275150.0000000000,17786773.0000000000,0.0221100000,5.2927515000,AKShare stock_zh_a_spot / 新浪
600067,冠城新材,2.8100000000,2.8500000000,33274633.0000000000,11843200.0000000000,-0.0140400000,0.3327463300,AKShare stock_zh_a_spot / 新浪
600071,凤凰光学,16.1200000000,16.0300000000,30879002.0000000000,1923142.0000000000,0.0056100000,0.3087900200,AKShare stock_zh_a_spot / 新浪
600072,中船科技,8.8000000000,8.9100000000,112690546.0000000000,12797228.0000000000,-0.0123500000,1.1269054600,AKShare stock_zh_a_spot / 新浪
600073,光明肉业,5.4400000000,5.3400000000,149005142.0000000000,27360761.0000000000,0.0187300000,1.4900514200,AKShare stock_zh_a_spot / 新浪
600075,新疆天业,4.5800000000,4.4700000000,83721830.0000000000,18522860.0000000000,0.0246100000,0.8372183000,AKShare stock_zh_a_spot / 新浪
600076,康欣新材,3.1600000000,3.1500000000,61217689.0000000000,19342700.0000000000,0.0031700000,0.6121768900,AKShare stock_zh_a_spot / 新浪
600078,澄星股份,11.4700000000,11.1200000000,478752182.0000000000,41331225.0000000000,0.0314700000,4.7875218200,AKShare stock_zh_a_spot / 新浪
600081,东风科技,10.3500000000,10.5900000000,39423913.0000000000,3795790.0000000000,-0.0226600000,0.3942391300,AKShare stock_zh_a_spot / 新浪
600085,同仁堂,24.1700000000,24.4400000000,131352796.0000000000,5421771.0000000000,-0.0110500000,1.3135279600,AKShare stock_zh_a_spot / 新浪
600088,中视传媒,11.5600000000,11.7500000000,45998096.0000000000,3982242.0000000000,-0.0161700000,0.4599809600,AKShare stock_zh_a_spot / 新浪
600089,特变电工,20.7700000000,21.1400000000,1253669580.0000000000,60107249.0000000000,-0.0175000000,12.5366958000,AKShare stock_zh_a_spot / 新浪
600094,大名城,4.0300000000,4.1400000000,72943064.0000000000,17965950.0000000000,-0.0265700000,0.7294306400,AKShare stock_zh_a_spot / 新浪
600095,湘财股份,7.8700000000,8.0700000000,180193694.0000000000,22811691.0000000000,-0.0247800000,1.8019369400,AKShare stock_zh_a_spot / 新浪
600096,云天化,30.7100000000,29.5400000000,1889615201.0000000000,61637805.0000000000,0.0396100000,18.8961520100,AKShare stock_zh_a_spot / 新浪
600097,开创国际,8.7400000000,8.5900000000,52601051.0000000000,6048600.0000000000,0.0174600000,0.5260105100,AKShare stock_zh_a_spot / 新浪
600098,广州发展,6.2300000000,6.2500000000,83761792.0000000000,13395919.0000000000,-0.0032000000,0.8376179200,AKShare stock_zh_a_spot / 新浪
600099,林海股份,9.0600000000,9.1200000000,26237888.0000000000,2915900.0000000000,-0.0065800000,0.2623788800,AKShare stock_zh_a_spot / 新浪
600100,同方股份,6.8800000000,6.9100000000,211191882.0000000000,30978674.0000000000,-0.0043400000,2.1119188200,AKShare stock_zh_a_spot / 新浪
600101,明星电力,8.0000000000,8.0500000000,51399249.0000000000,6439791.0000000000,-0.0062100000,0.5139924900,AKShare stock_zh_a_spot / 新浪
600103,青山纸业,3.0000000000,3.0200000000,238827275.0000000000,79563864.0000000000,-0.0066200000,2.3882727500,AKShare stock_zh_a_spot / 新浪
600104,上汽集团,10.0100000000,10.0700000000,373098222.0000000000,37314544.0000000000,-0.0059600000,3.7309822200,AKShare stock_zh_a_spot / 新浪
600105,永鼎股份,42.1600000000,42.5000000000,6309337787.0000000000,148203274.0000000000,-0.0080000000,63.0933778700,AKShare stock_zh_a_spot / 新浪
600106,重庆路桥,4.3700000000,4.3900000000,38345722.0000000000,8787900.0000000000,-0.0045600000,0.3834572200,AKShare stock_zh_a_spot / 新浪
600108,亚盛集团,3.5600000000,3.2400000000,295959389.0000000000,85203510.0000000000,0.0987700000,2.9595938900,AKShare stock_zh_a_spot / 新浪
600109,国金证券,8.5500000000,8.6800000000,168459921.0000000000,19677725.0000000000,-0.0149800000,1.6845992100,AKShare stock_zh_a_spot / 新浪
600110,诺德股份,10.5800000000,10.8300000000,1661599545.0000000000,154777643.0000000000,-0.0230800000,16.6159954500,AKShare stock_zh_a_spot / 新浪
600111,北方稀土,42.0600000000,42.7800000000,2022648693.0000000000,47987945.0000000000,-0.0168300000,20.2264869300,AKShare stock_zh_a_spot / 新浪
600113,浙江东日,35.2000000000,32.0000000000,359215196.0000000000,10810625.0000000000,0.1000000000,3.5921519600,AKShare stock_zh_a_spot / 新浪
600114,东睦股份,30.5900000000,30.5600000000,464799838.0000000000,15121520.0000000000,0.0009800000,4.6479983800,AKShare stock_zh_a_spot / 新浪
600115,中国东航,3.5000000000,3.5300000000,399653977.0000000000,114119056.0000000000,-0.0085000000,3.9965397700,AKShare stock_zh_a_spot / 新浪
600116,三峡水利,6.3600000000,6.4000000000,77135997.0000000000,12111009.0000000000,-0.0062500000,0.7713599700,AKShare stock_zh_a_spot / 新浪
600117,西宁特钢,2.3000000000,2.2700000000,42192128.0000000000,18467207.0000000000,0.0132200000,0.4219212800,AKShare stock_zh_a_spot / 新浪
600118,中国卫星,69.0000000000,68.8600000000,2381267580.0000000000,34633353.0000000000,0.0020300000,23.8126758000,AKShare stock_zh_a_spot / 新浪
600120,浙江东方,4.8900000000,5.0500000000,314836157.0000000000,63890361.0000000000,-0.0316800000,3.1483615700,AKShare stock_zh_a_spot / 新浪
600121,郑州煤电,3.9100000000,3.9200000000,188935487.0000000000,47980478.0000000000,-0.0025500000,1.8893548700,AKShare stock_zh_a_spot / 新浪
600123,兰花科创,7.3300000000,7.2600000000,185280780.0000000000,25357321.0000000000,0.0096400000,1.8528078000,AKShare stock_zh_a_spot / 新浪
600125,铁龙物流,5.4800000000,5.4400000000,41223150.0000000000,7540353.0000000000,0.0073500000,0.4122315000,AKShare stock_zh_a_spot / 新浪
600126,杭钢股份,6.8800000000,7.1600000000,634376587.0000000000,91339606.0000000000,-0.0391100000,6.3437658700,AKShare stock_zh_a_spot / 新浪
600127,金健米业,7.1100000000,6.4600000000,383381063.0000000000,54796481.0000000000,0.1006200000,3.8338106300,AKShare stock_zh_a_spot / 新浪
600128,苏豪弘业,8.2800000000,8.2500000000,26116809.0000000000,3170700.0000000000,0.0036400000,0.2611680900,AKShare stock_zh_a_spot / 新浪
600129,太极集团,16.4000000000,16.9600000000,539614765.0000000000,32552179.0000000000,-0.0330200000,5.3961476500,AKShare stock_zh_a_spot / 新浪
600130,波导股份,4.4600000000,4.4100000000,78676682.0000000000,17784700.0000000000,0.0113400000,0.7867668200,AKShare stock_zh_a_spot / 新浪
600131,XD国网信,15.7300000000,15.7000000000,85227120.0000000000,5434000.0000000000,0.0019100000,0.8522712000,AKShare stock_zh_a_spot / 新浪
600132,重庆啤酒,42.6000000000,42.9800000000,112520786.0000000000,2635700.0000000000,-0.0088400000,1.1252078600,AKShare stock_zh_a_spot / 新浪
600133,东湖高新,8.3900000000,8.5500000000,136396198.0000000000,16224200.0000000000,-0.0187100000,1.3639619800,AKShare stock_zh_a_spot / 新浪
600135,乐凯胶片,7.5000000000,7.5300000000,35329900.0000000000,4729500.0000000000,-0.0039800000,0.3532990000,AKShare stock_zh_a_spot / 新浪
600137,浪莎股份,18.2000000000,18.0500000000,21213043.0000000000,1176200.0000000000,0.0083100000,0.2121304300,AKShare stock_zh_a_spot / 新浪
600138,中青旅,7.0300000000,7.0600000000,28844862.0000000000,4098294.0000000000,-0.0042500000,0.2884486200,AKShare stock_zh_a_spot / 新浪
600141,兴发集团,33.4900000000,33.0200000000,1691926898.0000000000,50185406.0000000000,0.0142300000,16.9192689800,AKShare stock_zh_a_spot / 新浪
600143,金发科技,16.4700000000,15.6100000000,1597729981.0000000000,98968724.0000000000,0.0550900000,15.9772998100,AKShare stock_zh_a_spot / 新浪
600148,长春一东,15.5000000000,15.5500000000,17749333.0000000000,1151600.0000000000,-0.0032200000,0.1774933300,AKShare stock_zh_a_spot / 新浪
600149,廊坊发展,4.9300000000,4.9400000000,28756565.0000000000,5860800.0000000000,-0.0020200000,0.2875656500,AKShare stock_zh_a_spot / 新浪
600150,中国船舶,33.4900000000,33.6500000000,1666233791.0000000000,49825772.0000000000,-0.0047500000,16.6623379100,AKShare stock_zh_a_spot / 新浪
600151,航天机电,10.8300000000,10.8700000000,214340048.0000000000,19832299.0000000000,-0.0036800000,2.1434004800,AKShare stock_zh_a_spot / 新浪
600152,维科技术,8.1700000000,8.3000000000,120598067.0000000000,14724710.0000000000,-0.0156600000,1.2059806700,AKShare stock_zh_a_spot / 新浪
600153,建发股份,8.7200000000,8.7400000000,112407781.0000000000,12807400.0000000000,-0.0022900000,1.1240778100,AKShare stock_zh_a_spot / 新浪
600155,华创云信,5.8100000000,5.9000000000,132898614.0000000000,22886048.0000000000,-0.0152500000,1.3289861400,AKShare stock_zh_a_spot / 新浪
600156,华升股份,8.2500000000,8.5000000000,108074948.0000000000,13044978.0000000000,-0.0294100000,1.0807494800,AKShare stock_zh_a_spot / 新浪
600157,永泰能源,1.5600000000,1.5700000000,566475389.0000000000,362818421.0000000000,-0.0063700000,5.6647538900,AKShare stock_zh_a_spot / 新浪
600158,中体产业,7.0100000000,7.1000000000,157470965.0000000000,22472047.0000000000,-0.0126800000,1.5747096500,AKShare stock_zh_a_spot / 新浪
600159,大龙地产,2.5100000000,2.5500000000,29513560.0000000000,11665900.0000000000,-0.0156900000,0.2951356000,AKShare stock_zh_a_spot / 新浪
600160,巨化股份,40.0000000000,40.8400000000,1875723562.0000000000,46623584.0000000000,-0.0205700000,18.7572356200,AKShare stock_zh_a_spot / 新浪
600161,天坛生物,12.3600000000,12.4400000000,120706466.0000000000,9741881.0000000000,-0.0064300000,1.2070646600,AKShare stock_zh_a_spot / 新浪
600162,香江控股,4.3000000000,4.4000000000,851545728.0000000000,195313612.0000000000,-0.0227300000,8.5154572800,AKShare stock_zh_a_spot / 新浪
600163,中闽能源,5.0500000000,5.1100000000,65555295.0000000000,12939200.0000000000,-0.0117400000,0.6555529500,AKShare stock_zh_a_spot / 新浪
600166,福田汽车,2.8900000000,2.9100000000,224512432.0000000000,77843404.0000000000,-0.0068700000,2.2451243200,AKShare stock_zh_a_spot / 新浪
600167,联美控股,5.6200000000,5.6800000000,35479244.0000000000,6299800.0000000000,-0.0105600000,0.3547924400,AKShare stock_zh_a_spot / 新浪
600168,武汉控股,4.4000000000,4.4100000000,22500265.0000000000,5128914.0000000000,-0.0022700000,0.2250026500,AKShare stock_zh_a_spot / 新浪
600170,上海建工,2.2600000000,2.2600000000,178865795.0000000000,79180603.0000000000,0.0000000000,1.7886579500,AKShare stock_zh_a_spot / 新浪
600171,上海贝岭,23.4800000000,23.8000000000,369494296.0000000000,15758065.0000000000,-0.0134500000,3.6949429600,AKShare stock_zh_a_spot / 新浪
600172,黄河旋风,14.3200000000,13.6400000000,4246383166.0000000000,300854747.0000000000,0.0498500000,42.4638316600,AKShare stock_zh_a_spot / 新浪
600173,卧龙新能,6.2500000000,6.3100000000,32668742.0000000000,5203000.0000000000,-0.0095100000,0.3266874200,AKShare stock_zh_a_spot / 新浪
600176,中国巨石,44.9100000000,46.3200000000,10886659781.0000000000,239610494.0000000000,-0.0304400000,108.8665978100,AKShare stock_zh_a_spot / 新浪
600177,雅戈尔,7.8400000000,7.8800000000,167426112.0000000000,21302997.0000000000,-0.0050800000,1.6742611200,AKShare stock_zh_a_spot / 新浪
600178,东安动力,9.4500000000,9.5200000000,48730838.0000000000,5176435.0000000000,-0.0073500000,0.4873083800,AKShare stock_zh_a_spot / 新浪
600179,安通控股,4.2900000000,4.3000000000,137964509.0000000000,32229720.0000000000,-0.0023300000,1.3796450900,AKShare stock_zh_a_spot / 新浪
600182,S佳通,13.7400000000,13.9800000000,20776858.0000000000,1502300.0000000000,-0.0171700000,0.2077685800,AKShare stock_zh_a_spot / 新浪
600183,生益科技,139.4100000000,144.4900000000,10341890687.0000000000,73620131.0000000000,-0.0351600000,103.4189068700,AKShare stock_zh_a_spot / 新浪
600184,光电股份,18.6400000000,18.8700000000,246274004.0000000000,13206238.0000000000,-0.0121900000,2.4627400400,AKShare stock_zh_a_spot / 新浪
600185,珠免集团,4.6100000000,4.6400000000,83489123.0000000000,18040117.0000000000,-0.0064700000,0.8348912300,AKShare stock_zh_a_spot / 新浪
600186,莲花控股,12.9000000000,13.1300000000,4620917091.0000000000,358601767.0000000000,-0.0175200000,46.2091709100,AKShare stock_zh_a_spot / 新浪
600188,兖矿能源,22.4200000000,22.0900000000,1251650374.0000000000,55824596.0000000000,0.0149400000,12.5165037400,AKShare stock_zh_a_spot / 新浪
600189,泉阳泉,7.5300000000,7.6100000000,63675638.0000000000,8378300.0000000000,-0.0105100000,0.6367563800,AKShare stock_zh_a_spot / 新浪
600191,华资实业,10.9100000000,10.8500000000,172151336.0000000000,15789400.0000000000,0.0055300000,1.7215133600,AKShare stock_zh_a_spot / 新浪
600192,长城电工,7.0300000000,7.1600000000,80591374.0000000000,11366900.0000000000,-0.0181600000,0.8059137400,AKShare stock_zh_a_spot / 新浪
600195,中牧股份,6.8100000000,6.6000000000,88301968.0000000000,13052500.0000000000,0.0318200000,0.8830196800,AKShare stock_zh_a_spot / 新浪
600196,复星医药,24.0300000000,24.0100000000,686656163.0000000000,28453401.0000000000,0.0008300000,6.8665616300,AKShare stock_zh_a_spot / 新浪
600197,伊力特,10.4600000000,10.4500000000,43036004.0000000000,4122970.0000000000,0.0009600000,0.4303600400,AKShare stock_zh_a_spot / 新浪
600198,大唐电信,7.7200000000,8.1000000000,383989755.0000000000,49572089.0000000000,-0.0469100000,3.8398975500,AKShare stock_zh_a_spot / 新浪
600199,金种子酒,7.4600000000,7.4700000000,131963654.0000000000,17737380.0000000000,-0.0013400000,1.3196365400,AKShare stock_zh_a_spot / 新浪
600201,生物股份,13.4700000000,13.5100000000,223529861.0000000000,16579113.0000000000,-0.0029600000,2.2352986100,AKShare stock_zh_a_spot / 新浪
600202,哈空调,5.0100000000,5.0500000000,21586915.0000000000,4309700.0000000000,-0.0079200000,0.2158691500,AKShare stock_zh_a_spot / 新浪
600203,福日电子,10.1500000000,10.2300000000,180100952.0000000000,17888741.0000000000,-0.0078200000,1.8010095200,AKShare stock_zh_a_spot / 新浪
600206,有研新材,57.7200000000,55.8600000000,9891458148.0000000000,169406260.0000000000,0.0333000000,98.9145814800,AKShare stock_zh_a_spot / 新浪
600207,安彩高科,4.4800000000,4.5100000000,62839774.0000000000,13993968.0000000000,-0.0066500000,0.6283977400,AKShare stock_zh_a_spot / 新浪
600208,衢州发展,2.9900000000,3.0200000000,238622124.0000000000,79580575.0000000000,-0.0099300000,2.3862212400,AKShare stock_zh_a_spot / 新浪
600210,紫江企业,6.0000000000,6.0600000000,67815705.0000000000,11284990.0000000000,-0.0099000000,0.6781570500,AKShare stock_zh_a_spot / 新浪
600211,西藏药业,38.8000000000,39.0700000000,147659447.0000000000,3789220.0000000000,-0.0069100000,1.4765944700,AKShare stock_zh_a_spot / 新浪
600212,绿能慧充,5.7400000000,5.7100000000,66039526.0000000000,11553601.0000000000,0.0052500000,0.6603952600,AKShare stock_zh_a_spot / 新浪
600215,派斯林,6.7100000000,6.7600000000,48720804.0000000000,7273574.0000000000,-0.0074000000,0.4872080400,AKShare stock_zh_a_spot / 新浪
600216,浙江医药,13.7600000000,13.2000000000,1122567894.0000000000,80587613.0000000000,0.0424200000,11.2256789400,AKShare stock_zh_a_spot / 新浪
600217,中再资环,3.1100000000,3.1500000000,34921697.0000000000,11193600.0000000000,-0.0127000000,0.3492169700,AKShare stock_zh_a_spot / 新浪
600218,全柴动力,7.6900000000,7.7000000000,29161453.0000000000,3806300.0000000000,-0.0013000000,0.2916145300,AKShare stock_zh_a_spot / 新浪
600219,南山铝业,4.9100000000,4.8600000000,658915141.0000000000,136259110.0000000000,0.0102900000,6.5891514100,AKShare stock_zh_a_spot / 新浪
600221,海航控股,1.3200000000,1.3200000000,229554442.0000000000,174261889.0000000000,0.0000000000,2.2955444200,AKShare stock_zh_a_spot / 新浪
600222,太龙药业,8.3600000000,8.9500000000,456440462.0000000000,54235987.0000000000,-0.0659200000,4.5644046200,AKShare stock_zh_a_spot / 新浪
600223,福瑞达,5.5600000000,5.6200000000,40632110.0000000000,7309602.0000000000,-0.0106800000,0.4063211000,AKShare stock_zh_a_spot / 新浪
600226,亨通股份,6.4300000000,6.5000000000,1311269230.0000000000,201049694.0000000000,-0.0107700000,13.1126923000,AKShare stock_zh_a_spot / 新浪
600227,赤天化,3.7500000000,3.4100000000,691861161.0000000000,187236402.0000000000,0.0997100000,6.9186116100,AKShare stock_zh_a_spot / 新浪
600228,返利科技,8.8200000000,8.4500000000,273443530.0000000000,31755500.0000000000,0.0437900000,2.7344353000,AKShare stock_zh_a_spot / 新浪
600229,城市传媒,5.1100000000,5.1600000000,18006818.0000000000,3516101.0000000000,-0.0096900000,0.1800681800,AKShare stock_zh_a_spot / 新浪
600230,沧州大化,15.2200000000,15.0200000000,265852205.0000000000,17545420.0000000000,0.0133200000,2.6585220500,AKShare stock_zh_a_spot / 新浪
600231,凌钢股份,1.6900000000,1.7000000000,15285174.0000000000,9018420.0000000000,-0.0058800000,0.1528517400,AKShare stock_zh_a_spot / 新浪
600232,金鹰股份,6.4300000000,6.4600000000,23687060.0000000000,3684600.0000000000,-0.0046400000,0.2368706000,AKShare stock_zh_a_spot / 新浪
600233,圆通速递,19.2500000000,18.7800000000,394715636.0000000000,20557759.0000000000,0.0250300000,3.9471563600,AKShare stock_zh_a_spot / 新浪
600234,科新发展,22.4300000000,22.4800000000,43433093.0000000000,1934400.0000000000,-0.0022200000,0.4343309300,AKShare stock_zh_a_spot / 新浪
600235,民丰特纸,5.7400000000,5.7600000000,22272494.0000000000,3888400.0000000000,-0.0034700000,0.2227249400,AKShare stock_zh_a_spot / 新浪
600236,桂冠电力,10.3700000000,10.1800000000,154591546.0000000000,15052252.0000000000,0.0186600000,1.5459154600,AKShare stock_zh_a_spot / 新浪
600237,铜峰电子,8.9200000000,9.0100000000,256726182.0000000000,28735599.0000000000,-0.0099900000,2.5672618200,AKShare stock_zh_a_spot / 新浪
600241,时代万恒,7.3900000000,7.3200000000,23157236.0000000000,3157806.0000000000,0.0095600000,0.2315723600,AKShare stock_zh_a_spot / 新浪
600246,万通发展,13.5500000000,13.2800000000,1818591971.0000000000,133934863.0000000000,0.0203300000,18.1859197100,AKShare stock_zh_a_spot / 新浪
600248,陕建股份,2.8700000000,2.9200000000,57769123.0000000000,20019000.0000000000,-0.0171200000,0.5776912300,AKShare stock_zh_a_spot / 新浪
600249,两面针,5.3600000000,5.3200000000,44892759.0000000000,8398250.0000000000,0.0075200000,0.4489275900,AKShare stock_zh_a_spot / 新浪
600250,南京商旅,8.4700000000,8.5000000000,35667018.0000000000,4228800.0000000000,-0.0035300000,0.3566701800,AKShare stock_zh_a_spot / 新浪
600251,冠农股份,10.4300000000,9.9100000000,305403919.0000000000,29631758.0000000000,0.0524700000,3.0540391900,AKShare stock_zh_a_spot / 新浪
600252,中恒集团,2.2700000000,2.3300000000,124226497.0000000000,54036000.0000000000,-0.0257500000,1.2422649700,AKShare stock_zh_a_spot / 新浪
600255,鑫科材料,3.3000000000,3.3700000000,168009145.0000000000,50824900.0000000000,-0.0207700000,1.6800914500,AKShare stock_zh_a_spot / 新浪
600256,广汇能源,6.1200000000,5.9300000000,767395762.0000000000,126479341.0000000000,0.0320400000,7.6739576200,AKShare stock_zh_a_spot / 新浪
600257,大湖股份,5.7000000000,5.6900000000,206315037.0000000000,36039289.0000000000,0.0017600000,2.0631503700,AKShare stock_zh_a_spot / 新浪
600258,首旅酒店,12.0500000000,11.9100000000,210089938.0000000000,17423402.0000000000,0.0117500000,2.1008993800,AKShare stock_zh_a_spot / 新浪
600259,中稀有色,90.2000000000,91.3200000000,936948065.0000000000,10400645.0000000000,-0.0122600000,9.3694806500,AKShare stock_zh_a_spot / 新浪
600261,阳光照明,3.2000000000,3.1600000000,60250737.0000000000,18800057.0000000000,0.0126600000,0.6025073700,AKShare stock_zh_a_spot / 新浪
600262,北方股份,14.9200000000,15.1500000000,59282448.0000000000,3966040.0000000000,-0.0151800000,0.5928244800,AKShare stock_zh_a_spot / 新浪
600266,城建发展,4.2300000000,4.3000000000,163941506.0000000000,38582336.0000000000,-0.0162800000,1.6394150600,AKShare stock_zh_a_spot / 新浪
600267,海正药业,14.0500000000,14.3700000000,722700066.0000000000,50884986.0000000000,-0.0222700000,7.2270006600,AKShare stock_zh_a_spot / 新浪
600268,国电南自,11.0100000000,11.2600000000,152298028.0000000000,13795284.0000000000,-0.0222000000,1.5229802800,AKShare stock_zh_a_spot / 新浪
600269,赣粤高速,3.7700000000,3.7900000000,49031178.0000000000,13019327.0000000000,-0.0052800000,0.4903117800,AKShare stock_zh_a_spot / 新浪
600271,航天信息,6.8600000000,6.9000000000,75208200.0000000000,11017227.0000000000,-0.0058000000,0.7520820000,AKShare stock_zh_a_spot / 新浪
600272,开开实业,20.9300000000,19.0300000000,1131763209.0000000000,57404518.0000000000,0.0998400000,11.3176320900,AKShare stock_zh_a_spot / 新浪
600273,嘉化能源,6.8500000000,6.8600000000,85223854.0000000000,12447150.0000000000,-0.0014600000,0.8522385400,AKShare stock_zh_a_spot / 新浪
600276,恒瑞医药,52.3700000000,52.8700000000,3137378747.0000000000,59840379.0000000000,-0.0094600000,31.3737874700,AKShare stock_zh_a_spot / 新浪
600278,东方创业,6.2600000000,6.3100000000,15459411.0000000000,2469175.0000000000,-0.0079200000,0.1545941100,AKShare stock_zh_a_spot / 新浪
600279,重庆港,4.2500000000,4.2400000000,24190897.0000000000,5680040.0000000000,0.0023600000,0.2419089700,AKShare stock_zh_a_spot / 新浪
600280,中央商场,3.0400000000,3.0200000000,80928620.0000000000,26495400.0000000000,0.0066200000,0.8092862000,AKShare stock_zh_a_spot / 新浪
600281,华阳新材,4.8700000000,4.8500000000,330762710.0000000000,65267500.0000000000,0.0041200000,3.3076271000,AKShare stock_zh_a_spot / 新浪
600282,南钢股份,4.7200000000,4.5900000000,255306115.0000000000,54705448.0000000000,0.0283200000,2.5530611500,AKShare stock_zh_a_spot / 新浪
600283,钱江水利,7.9400000000,7.9500000000,12549745.0000000000,1582680.0000000000,-0.0012600000,0.1254974500,AKShare stock_zh_a_spot / 新浪
600284,浦东建设,5.0900000000,5.2100000000,65481123.0000000000,12800744.0000000000,-0.0230300000,0.6548112300,AKShare stock_zh_a_spot / 新浪
600285,羚锐制药,19.7300000000,19.4900000000,272615122.0000000000,13911857.0000000000,0.0123100000,2.7261512200,AKShare stock_zh_a_spot / 新浪
600287,苏豪时尚,4.8200000000,4.8300000000,11978882.0000000000,2498000.0000000000,-0.0020700000,0.1197888200,AKShare stock_zh_a_spot / 新浪
600288,大恒科技,11.9800000000,13.2200000000,1046094719.0000000000,85555846.0000000000,-0.0938000000,10.4609471900,AKShare stock_zh_a_spot / 新浪
600292,电投水电,12.1200000000,12.3100000000,100328689.0000000000,8230400.0000000000,-0.0154300000,1.0032868900,AKShare stock_zh_a_spot / 新浪
600293,三峡新材,2.8700000000,2.8400000000,69863119.0000000000,24449400.0000000000,0.0105600000,0.6986311900,AKShare stock_zh_a_spot / 新浪
600295,鄂尔多斯,12.8200000000,12.4000000000,164970962.0000000000,13096124.0000000000,0.0338700000,1.6497096200,AKShare stock_zh_a_spot / 新浪
600298,安琪酵母,42.7300000000,41.8900000000,579730657.0000000000,13698098.0000000000,0.0200500000,5.7973065700,AKShare stock_zh_a_spot / 新浪
600299,安迪苏,8.6600000000,8.4700000000,502555365.0000000000,57709784.0000000000,0.0224300000,5.0255536500,AKShare stock_zh_a_spot / 新浪
600300,维维股份,3.3200000000,3.2600000000,159158723.0000000000,48093020.0000000000,0.0184000000,1.5915872300,AKShare stock_zh_a_spot / 新浪
600301,华锡有色,49.8200000000,50.9900000000,696838976.0000000000,13907010.0000000000,-0.0229500000,6.9683897600,AKShare stock_zh_a_spot / 新浪
600303,曙光股份,2.9100000000,2.8900000000,64391958.0000000000,22085324.0000000000,0.0069200000,0.6439195800,AKShare stock_zh_a_spot / 新浪
600305,恒顺醋业,6.8600000000,6.8100000000,55123257.0000000000,8039733.0000000000,0.0073400000,0.5512325700,AKShare stock_zh_a_spot / 新浪
600307,酒钢宏兴,1.4500000000,1.4500000000,30599021.0000000000,21129645.0000000000,0.0000000000,0.3059902100,AKShare stock_zh_a_spot / 新浪
600308,华泰股份,3.2400000000,3.2300000000,23680144.0000000000,7315312.0000000000,0.0031000000,0.2368014400,AKShare stock_zh_a_spot / 新浪
600309,万华化学,73.2700000000,73.1300000000,2091955897.0000000000,28431100.0000000000,0.0019100000,20.9195589700,AKShare stock_zh_a_spot / 新浪
600310,广西能源,4.1900000000,4.2800000000,194345037.0000000000,46336918.0000000000,-0.0210300000,1.9434503700,AKShare stock_zh_a_spot / 新浪
600312,平高电气,20.0600000000,20.0700000000,412710780.0000000000,20831506.0000000000,-0.0005000000,4.1271078000,AKShare stock_zh_a_spot / 新浪
600313,农发种业,6.7800000000,6.1600000000,627830917.0000000000,94749266.0000000000,0.1006500000,6.2783091700,AKShare stock_zh_a_spot / 新浪
600315,上海家化,17.3700000000,17.6000000000,107221607.0000000000,6180411.0000000000,-0.0130700000,1.0722160700,AKShare stock_zh_a_spot / 新浪
600316,洪都航空,29.0100000000,29.2900000000,275815933.0000000000,9508083.0000000000,-0.0095600000,2.7581593300,AKShare stock_zh_a_spot / 新浪
600318,新力金融,6.5000000000,6.6400000000,62519037.0000000000,9631149.0000000000,-0.0210800000,0.6251903700,AKShare stock_zh_a_spot / 新浪
600319,亚星化学,6.2500000000,6.2900000000,16868104.0000000000,2701400.0000000000,-0.0063600000,0.1686810400,AKShare stock_zh_a_spot / 新浪
600320,振华重工,4.1000000000,4.1000000000,115058159.0000000000,28087366.0000000000,0.0000000000,1.1505815900,AKShare stock_zh_a_spot / 新浪
600322,津投城开,2.7000000000,2.7200000000,38731871.0000000000,14316933.0000000000,-0.0073500000,0.3873187100,AKShare stock_zh_a_spot / 新浪
600323,瀚蓝环境,29.2100000000,29.4200000000,141617703.0000000000,4830500.0000000000,-0.0071400000,1.4161770300,AKShare stock_zh_a_spot / 新浪
600325,华发股份,2.3500000000,2.3800000000,122766103.0000000000,52111084.0000000000,-0.0126100000,1.2276610300,AKShare stock_zh_a_spot / 新浪
600326,西藏天路,7.2200000000,7.3200000000,310028707.0000000000,42065038.0000000000,-0.0136600000,3.1002870700,AKShare stock_zh_a_spot / 新浪
600327,大东方,3.9500000000,4.0300000000,67686516.0000000000,17027046.0000000000,-0.0198500000,0.6768651600,AKShare stock_zh_a_spot / 新浪
600328,中盐化工,6.3300000000,6.2700000000,90852860.0000000000,14367222.0000000000,0.0095700000,0.9085286000,AKShare stock_zh_a_spot / 新浪
600329,达仁堂,35.8600000000,36.1600000000,77772006.0000000000,2168810.0000000000,-0.0083000000,0.7777200600,AKShare stock_zh_a_spot / 新浪
600330,天通股份,29.3900000000,27.4800000000,5936093397.0000000000,207470066.0000000000,0.0695100000,59.3609339700,AKShare stock_zh_a_spot / 新浪
600331,宏达股份,12.7600000000,12.8800000000,449843082.0000000000,35148204.0000000000,-0.0093200000,4.4984308200,AKShare stock_zh_a_spot / 新浪
600332,白云山,21.0300000000,21.2200000000,167326864.0000000000,7934703.0000000000,-0.0089500000,1.6732686400,AKShare stock_zh_a_spot / 新浪
600333,长春燃气,6.4100000000,6.2700000000,62525216.0000000000,9843400.0000000000,0.0223300000,0.6252521600,AKShare stock_zh_a_spot / 新浪
600335,国机汽车,5.0300000000,5.0700000000,41292880.0000000000,8204500.0000000000,-0.0078900000,0.4129288000,AKShare stock_zh_a_spot / 新浪
600336,澳柯玛,6.2800000000,6.3400000000,29556913.0000000000,4713200.0000000000,-0.0094600000,0.2955691300,AKShare stock_zh_a_spot / 新浪
600338,西藏珠峰,13.5400000000,13.8800000000,422439331.0000000000,30988096.0000000000,-0.0245000000,4.2243933100,AKShare stock_zh_a_spot / 新浪
600339,中油工程,3.3900000000,3.2500000000,364611596.0000000000,108151971.0000000000,0.0430800000,3.6461159600,AKShare stock_zh_a_spot / 新浪
600343,航天动力,20.4200000000,20.5700000000,335336168.0000000000,16470932.0000000000,-0.0072900000,3.3533616800,AKShare stock_zh_a_spot / 新浪
600345,长江通信,48.8600000000,48.9800000000,379744678.0000000000,7761493.0000000000,-0.0024500000,3.7974467800,AKShare stock_zh_a_spot / 新浪
600346,恒力石化,17.9600000000,17.4600000000,635628648.0000000000,35772132.0000000000,0.0286400000,6.3562864800,AKShare stock_zh_a_spot / 新浪
600348,华阳股份,8.9200000000,8.8400000000,248355899.0000000000,27773301.0000000000,0.0090500000,2.4835589900,AKShare stock_zh_a_spot / 新浪
600350,山东高速,10.5400000000,10.6200000000,116585271.0000000000,11041400.0000000000,-0.0075300000,1.1658527100,AKShare stock_zh_a_spot / 新浪
600351,亚宝药业,7.0900000000,7.1600000000,183954748.0000000000,25905100.0000000000,-0.0097800000,1.8395474800,AKShare stock_zh_a_spot / 新浪
600352,浙江龙盛,13.0300000000,13.1000000000,472866245.0000000000,36238981.0000000000,-0.0053400000,4.7286624500,AKShare stock_zh_a_spot / 新浪
600353,旭光电子,37.5400000000,34.1300000000,2426645579.0000000000,65065136.0000000000,0.0999100000,24.2664557900,AKShare stock_zh_a_spot / 新浪
600354,敦煌种业,6.9900000000,6.3500000000,830720661.0000000000,123355847.0000000000,0.1007900000,8.3072066100,AKShare stock_zh_a_spot / 新浪
600356,恒丰纸业,8.8800000000,8.8900000000,30081114.0000000000,3383019.0000000000,-0.0011200000,0.3008111400,AKShare stock_zh_a_spot / 新浪
600358,国旅联合,5.1500000000,5.2200000000,22139469.0000000000,4294200.0000000000,-0.0134100000,0.2213946900,AKShare stock_zh_a_spot / 新浪
600359,新农开发,6.9300000000,6.3000000000,246587204.0000000000,36749756.0000000000,0.1000000000,2.4658720400,AKShare stock_zh_a_spot / 新浪
600360,华微电子,11.2300000000,11.0400000000,750945453.0000000000,67961700.0000000000,0.0172100000,7.5094545300,AKShare stock_zh_a_spot / 新浪
600361,创新新材,3.6200000000,3.6600000000,100535358.0000000000,27724600.0000000000,-0.0109300000,1.0053535800,AKShare stock_zh_a_spot / 新浪
600362,江西铜业,46.6000000000,47.7200000000,2627818930.0000000000,56653994.0000000000,-0.0234700000,26.2781893000,AKShare stock_zh_a_spot / 新浪
600363,联创光电,20.1700000000,21.1500000000,901619394.0000000000,44240402.0000000000,-0.0463400000,9.0161939400,AKShare stock_zh_a_spot / 新浪
600366,宁波韵升,12.4200000000,12.6100000000,626840212.0000000000,50459373.0000000000,-0.0150700000,6.2684021200,AKShare stock_zh_a_spot / 新浪
600367,红星发展,38.2300000000,34.7500000000,2109353035.0000000000,56378965.0000000000,0.1001400000,21.0935303500,AKShare stock_zh_a_spot / 新浪
600368,五洲交通,3.9800000000,3.9700000000,46789375.0000000000,11769173.0000000000,0.0025200000,0.4678937500,AKShare stock_zh_a_spot / 新浪
600369,西南证券,4.0400000000,4.1000000000,148010094.0000000000,36538100.0000000000,-0.0146300000,1.4801009400,AKShare stock_zh_a_spot / 新浪
600371,万向德农,8.1400000000,7.4000000000,87294607.0000000000,10829024.0000000000,0.1000000000,0.8729460700,AKShare stock_zh_a_spot / 新浪
600372,中航机载,11.1600000000,11.2800000000,216798522.0000000000,19444494.0000000000,-0.0106400000,2.1679852200,AKShare stock_zh_a_spot / 新浪
600373,中文传媒,7.0300000000,7.1000000000,71055317.0000000000,10120762.0000000000,-0.0098600000,0.7105531700,AKShare stock_zh_a_spot / 新浪
600375,汉马科技,3.9500000000,3.9800000000,41232204.0000000000,10435700.0000000000,-0.0075400000,0.4123220400,AKShare stock_zh_a_spot / 新浪
600376,首开股份,4.3300000000,4.1400000000,985816009.0000000000,231071150.0000000000,0.0458900000,9.8581600900,AKShare stock_zh_a_spot / 新浪
600377,宁沪高速,11.8900000000,11.9300000000,77829323.0000000000,6542404.0000000000,-0.0033500000,0.7782932300,AKShare stock_zh_a_spot / 新浪
600378,昊华科技,49.3600000000,50.2800000000,2673569042.0000000000,53543762.0000000000,-0.0183000000,26.7356904200,AKShare stock_zh_a_spot / 新浪
600379,宝光股份,15.3300000000,14.8000000000,321811313.0000000000,21417904.0000000000,0.0358100000,3.2181131300,AKShare stock_zh_a_spot / 新浪
600380,健康元,10.1600000000,10.1400000000,158294042.0000000000,15502614.0000000000,0.0019700000,1.5829404200,AKShare stock_zh_a_spot / 新浪
600382,广东明珠,6.2300000000,6.3800000000,75235617.0000000000,12014000.0000000000,-0.0235100000,0.7523561700,AKShare stock_zh_a_spot / 新浪
600383,金地集团,2.2000000000,2.2000000000,138129916.0000000000,62760755.0000000000,0.0000000000,1.3812991600,AKShare stock_zh_a_spot / 新浪
600386,北巴传媒,3.3700000000,3.3900000000,19721572.0000000000,5856800.0000000000,-0.0059000000,0.1972157200,AKShare stock_zh_a_spot / 新浪
600388,紫金龙净,17.3000000000,17.6600000000,250396384.0000000000,14282774.0000000000,-0.0203900000,2.5039638400,AKShare stock_zh_a_spot / 新浪
600389,江山股份,19.0500000000,18.9200000000,227908560.0000000000,12011794.0000000000,0.0068700000,2.2790856000,AKShare stock_zh_a_spot / 新浪
600390,五矿资本,4.8500000000,4.8900000000,117072429.0000000000,24199951.0000000000,-0.0081800000,1.1707242900,AKShare stock_zh_a_spot / 新浪
600391,航发科技,31.7000000000,32.1800000000,220346943.0000000000,6973200.0000000000,-0.0149200000,2.2034694300,AKShare stock_zh_a_spot / 新浪
600392,盛和资源,23.6300000000,24.1600000000,1409305872.0000000000,59356797.0000000000,-0.0219400000,14.0930587200,AKShare stock_zh_a_spot / 新浪
600395,盘江股份,5.1800000000,5.2300000000,116734751.0000000000,22439819.0000000000,-0.0095600000,1.1673475100,AKShare stock_zh_a_spot / 新浪
600396,华电辽能,15.5900000000,16.9200000000,3821501804.0000000000,238378538.0000000000,-0.0786100000,38.2150180400,AKShare stock_zh_a_spot / 新浪
600397,江钨装备,18.8400000000,18.6700000000,2298409718.0000000000,121025972.0000000000,0.0091100000,22.9840971800,AKShare stock_zh_a_spot / 新浪
600398,海澜之家,5.8600000000,5.9200000000,166424112.0000000000,28323073.0000000000,-0.0101400000,1.6642411200,AKShare stock_zh_a_spot / 新浪
600399,抚顺特钢,4.3800000000,4.3700000000,121167002.0000000000,27826765.0000000000,0.0022900000,1.2116700200,AKShare stock_zh_a_spot / 新浪
600400,红豆股份,3.3200000000,3.2600000000,175599002.0000000000,53679873.0000000000,0.0184000000,1.7559900200,AKShare stock_zh_a_spot / 新浪
600403,大有能源,6.2000000000,6.3000000000,703344423.0000000000,110440697.0000000000,-0.0158700000,7.0334442300,AKShare stock_zh_a_spot / 新浪
600405,动力源,4.6000000000,4.5500000000,50630100.0000000000,11064208.0000000000,0.0109900000,0.5063010000,AKShare stock_zh_a_spot / 新浪
600406,国电南瑞,23.5400000000,23.5500000000,824593580.0000000000,35176899.0000000000,-0.0004200000,8.2459358000,AKShare stock_zh_a_spot / 新浪
600408,安泰集团,2.8700000000,2.8500000000,104406948.0000000000,36399210.0000000000,0.0070200000,1.0440694800,AKShare stock_zh_a_spot / 新浪
600409,三友化工,6.7400000000,6.7900000000,217491495.0000000000,32072734.0000000000,-0.0073600000,2.1749149500,AKShare stock_zh_a_spot / 新浪
600410,华胜天成,15.0700000000,15.4600000000,855212303.0000000000,56765712.0000000000,-0.0252300000,8.5521230300,AKShare stock_zh_a_spot / 新浪
600415,小商品城,12.3000000000,11.9200000000,1450106981.0000000000,118211086.0000000000,0.0318800000,14.5010698100,AKShare stock_zh_a_spot / 新浪
600416,湘电股份,8.7900000000,8.9900000000,132571211.0000000000,15027063.0000000000,-0.0222500000,1.3257121100,AKShare stock_zh_a_spot / 新浪
600418,江淮汽车,22.1400000000,22.5700000000,1622588553.0000000000,73744054.0000000000,-0.0190500000,16.2258855300,AKShare stock_zh_a_spot / 新浪
600419,天润乳业,9.0900000000,8.9600000000,73081646.0000000000,8068741.0000000000,0.0145100000,0.7308164600,AKShare stock_zh_a_spot / 新浪
600420,国药现代,8.6500000000,8.7000000000,70926008.0000000000,8182991.0000000000,-0.0057500000,0.7092600800,AKShare stock_zh_a_spot / 新浪
600422,昆药集团,8.6800000000,8.6700000000,72738416.0000000000,8371708.0000000000,0.0011500000,0.7273841600,AKShare stock_zh_a_spot / 新浪
600425,青松建化,3.6200000000,3.6000000000,61823409.0000000000,17072001.0000000000,0.0055600000,0.6182340900,AKShare stock_zh_a_spot / 新浪
600426,华鲁恒升,21.0400000000,20.9200000000,626839331.0000000000,29733926.0000000000,0.0057400000,6.2683933100,AKShare stock_zh_a_spot / 新浪
600428,中远海特,12.0900000000,11.8200000000,540247275.0000000000,44619700.0000000000,0.0228400000,5.4024727500,AKShare stock_zh_a_spot / 新浪
600429,三元股份,4.7300000000,4.6400000000,92566351.0000000000,19652444.0000000000,0.0194000000,0.9256635100,AKShare stock_zh_a_spot / 新浪
600433,冠豪高新,3.3600000000,3.4100000000,111148898.0000000000,32869756.0000000000,-0.0146600000,1.1114889800,AKShare stock_zh_a_spot / 新浪
600435,北方导航,11.1700000000,11.2400000000,390445914.0000000000,35091271.0000000000,-0.0062300000,3.9044591400,AKShare stock_zh_a_spot / 新浪
600436,片仔癀,128.7600000000,130.1800000000,495771443.0000000000,3845852.0000000000,-0.0109100000,4.9577144300,AKShare stock_zh_a_spot / 新浪
600438,通威股份,12.7800000000,12.9100000000,664007229.0000000000,51861804.0000000000,-0.0100700000,6.6400722900,AKShare stock_zh_a_spot / 新浪
600444,国机通用,13.9500000000,13.9700000000,26850084.0000000000,1937300.0000000000,-0.0014300000,0.2685008400,AKShare stock_zh_a_spot / 新浪
600446,金证股份,10.7400000000,10.9400000000,163761173.0000000000,15312906.0000000000,-0.0182800000,1.6376117300,AKShare stock_zh_a_spot / 新浪
600448,华纺股份,2.9200000000,2.9200000000,28722269.0000000000,9821175.0000000000,0.0000000000,0.2872226900,AKShare stock_zh_a_spot / 新浪
600449,宁夏建材,11.9200000000,12.1800000000,145402220.0000000000,12172807.0000000000,-0.0213500000,1.4540222000,AKShare stock_zh_a_spot / 新浪
600452,涪陵电力,9.1000000000,9.2900000000,253171996.0000000000,27691779.0000000000,-0.0204500000,2.5317199600,AKShare stock_zh_a_spot / 新浪
600455,博通股份,24.2900000000,24.5400000000,20280738.0000000000,835200.0000000000,-0.0101900000,0.2028073800,AKShare stock_zh_a_spot / 新浪
600456,宝钛股份,27.3700000000,27.8200000000,144392904.0000000000,5268187.0000000000,-0.0161800000,1.4439290400,AKShare stock_zh_a_spot / 新浪
600458,时代新材,11.6300000000,11.7700000000,157289465.0000000000,13544987.0000000000,-0.0118900000,1.5728946500,AKShare stock_zh_a_spot / 新浪
600459,贵研铂业,22.8200000000,22.9700000000,1387512344.0000000000,60225997.0000000000,-0.0065300000,13.8751234400,AKShare stock_zh_a_spot / 新浪
600460,士兰微,34.8800000000,34.0500000000,4159185800.0000000000,120589203.0000000000,0.0243800000,41.5918580000,AKShare stock_zh_a_spot / 新浪
600461,洪城环境,8.8400000000,8.8600000000,58377464.0000000000,6596700.0000000000,-0.0022600000,0.5837746400,AKShare stock_zh_a_spot / 新浪
600463,空港股份,8.1300000000,8.1900000000,18951061.0000000000,2334500.0000000000,-0.0073300000,0.1895106100,AKShare stock_zh_a_spot / 新浪
600467,好当家,2.3900000000,2.3500000000,127567056.0000000000,53406827.0000000000,0.0170200000,1.2756705600,AKShare stock_zh_a_spot / 新浪
600468,百利电气,6.0900000000,6.2000000000,113626239.0000000000,18649000.0000000000,-0.0177400000,1.1362623900,AKShare stock_zh_a_spot / 新浪
600469,风神股份,5.2600000000,5.3100000000,23559807.0000000000,4475101.0000000000,-0.0094200000,0.2355980700,AKShare stock_zh_a_spot / 新浪
600470,六国化工,5.7300000000,5.6000000000,177108810.0000000000,31013804.0000000000,0.0232100000,1.7710881000,AKShare stock_zh_a_spot / 新浪
600475,华光环能,14.9800000000,14.9900000000,277836884.0000000000,18215774.0000000000,-0.0006700000,2.7783688400,AKShare stock_zh_a_spot / 新浪
600477,杭萧钢构,2.4300000000,2.4600000000,71517141.0000000000,29374128.0000000000,-0.0122000000,0.7151714100,AKShare stock_zh_a_spot / 新浪
600478,科力远,4.9000000000,4.9600000000,104309335.0000000000,21160574.0000000000,-0.0121000000,1.0430933500,AKShare stock_zh_a_spot / 新浪
600479,千金药业,9.9100000000,9.9800000000,40569345.0000000000,4077700.0000000000,-0.0070100000,0.4056934500,AKShare stock_zh_a_spot / 新浪
600480,凌云股份,8.7800000000,8.7000000000,120532706.0000000000,13893705.0000000000,0.0092000000,1.2053270600,AKShare stock_zh_a_spot / 新浪
600481,双良节能,4.4100000000,4.4100000000,157881471.0000000000,35935100.0000000000,0.0000000000,1.5788147100,AKShare stock_zh_a_spot / 新浪
600482,中国动力,33.2300000000,33.8200000000,529310662.0000000000,15836644.0000000000,-0.0174500000,5.2931066200,AKShare stock_zh_a_spot / 新浪
600483,福能股份,10.3100000000,10.3400000000,115229920.0000000000,11119690.0000000000,-0.0029000000,1.1522992000,AKShare stock_zh_a_spot / 新浪
600486,扬农化工,55.8900000000,54.3300000000,370828380.0000000000,6677521.0000000000,0.0287100000,3.7082838000,AKShare stock_zh_a_spot / 新浪
600487,亨通光电,65.4100000000,65.0600000000,17095703551.0000000000,259648751.0000000000,0.0053800000,170.9570355100,AKShare stock_zh_a_spot / 新浪
600488,津药药业,6.1500000000,6.0200000000,528939629.0000000000,86913701.0000000000,0.0215900000,5.2893962900,AKShare stock_zh_a_spot / 新浪
600489,中金黄金,25.3500000000,25.4800000000,1626980178.0000000000,64029817.0000000000,-0.0051000000,16.2698017800,AKShare stock_zh_a_spot / 新浪
600490,鹏欣资源,7.1400000000,7.1800000000,275460472.0000000000,38641077.0000000000,-0.0055700000,2.7546047200,AKShare stock_zh_a_spot / 新浪
600493,凤竹纺织,6.1000000000,6.1100000000,25031989.0000000000,4116300.0000000000,-0.0016400000,0.2503198900,AKShare stock_zh_a_spot / 新浪
600495,晋西车轴,4.1600000000,4.1500000000,45322990.0000000000,10918100.0000000000,0.0024100000,0.4532299000,AKShare stock_zh_a_spot / 新浪
600496,精工钢构,3.2300000000,3.2400000000,69299197.0000000000,21493400.0000000000,-0.0030900000,0.6929919700,AKShare stock_zh_a_spot / 新浪
600497,驰宏锌锗,10.1800000000,10.3300000000,1203552685.0000000000,117694456.0000000000,-0.0145200000,12.0355268500,AKShare stock_zh_a_spot / 新浪
600498,烽火通信,40.9500000000,41.7300000000,3682198107.0000000000,89187277.0000000000,-0.0186900000,36.8219810700,AKShare stock_zh_a_spot / 新浪
600499,科达制造,14.4300000000,14.1600000000,537276664.0000000000,37270391.0000000000,0.0190700000,5.3727666400,AKShare stock_zh_a_spot / 新浪
600500,中化国际,5.5000000000,5.5900000000,991385483.0000000000,176191853.0000000000,-0.0161000000,9.9138548300,AKShare stock_zh_a_spot / 新浪
600501,航天晨光,14.8200000000,15.0100000000,71251836.0000000000,4835058.0000000000,-0.0126600000,0.7125183600,AKShare stock_zh_a_spot / 新浪
600502,安徽建工,4.4400000000,4.4300000000,84343560.0000000000,19014343.0000000000,0.0022600000,0.8434356000,AKShare stock_zh_a_spot / 新浪
600503,华丽家族,2.1500000000,2.1700000000,45668969.0000000000,21229600.0000000000,-0.0092200000,0.4566896900,AKShare stock_zh_a_spot / 新浪
600505,西昌电力,10.7400000000,10.9300000000,75852199.0000000000,7020000.0000000000,-0.0173800000,0.7585219900,AKShare stock_zh_a_spot / 新浪
600506,统一股份,15.0300000000,14.9900000000,69816047.0000000000,4630915.0000000000,0.0026700000,0.6981604700,AKShare stock_zh_a_spot / 新浪
600507,方大特钢,4.2100000000,4.1700000000,107509214.0000000000,25831166.0000000000,0.0095900000,1.0750921400,AKShare stock_zh_a_spot / 新浪
600508,上海能源,8.7400000000,8.6500000000,57922121.0000000000,6639622.0000000000,0.0104000000,0.5792212100,AKShare stock_zh_a_spot / 新浪
600509,天富能源,7.5900000000,7.5000000000,201918217.0000000000,26511128.0000000000,0.0120000000,2.0191821700,AKShare stock_zh_a_spot / 新浪
600510,黑牡丹,6.6100000000,6.6700000000,34079475.0000000000,5157314.0000000000,-0.0090000000,0.3407947500,AKShare stock_zh_a_spot / 新浪
600511,国药股份,27.0300000000,27.2200000000,98384769.0000000000,3625300.0000000000,-0.0069800000,0.9838476900,AKShare stock_zh_a_spot / 新浪
600512,腾达建设,2.0400000000,2.0500000000,27776527.0000000000,13585800.0000000000,-0.0048800000,0.2777652700,AKShare stock_zh_a_spot / 新浪
600513,联环药业,18.2300000000,18.5200000000,353403675.0000000000,19288713.0000000000,-0.0156600000,3.5340367500,AKShare stock_zh_a_spot / 新浪
600515,海南机场,2.8500000000,2.8600000000,170827114.0000000000,59820170.0000000000,-0.0035000000,1.7082711400,AKShare stock_zh_a_spot / 新浪
600516,方大炭素,5.2300000000,5.2500000000,234410683.0000000000,44773930.0000000000,-0.0038100000,2.3441068300,AKShare stock_zh_a_spot / 新浪
600517,国网英大,4.9200000000,4.9700000000,76682552.0000000000,15588470.0000000000,-0.0100600000,0.7668255200,AKShare stock_zh_a_spot / 新浪
600518,康美药业,1.3900000000,1.4100000000,193271626.0000000000,138026813.0000000000,-0.0141800000,1.9327162600,AKShare stock_zh_a_spot / 新浪
600519,贵州茅台,1297.9900000000,1293.0900000000,5007014692.0000000000,3872283.0000000000,0.0037900000,50.0701469200,AKShare stock_zh_a_spot / 新浪
600520,三佳科技,26.0500000000,26.3000000000,151960230.0000000000,5834651.0000000000,-0.0095100000,1.5196023000,AKShare stock_zh_a_spot / 新浪
600521,华海药业,17.0900000000,17.3600000000,621957273.0000000000,36239166.0000000000,-0.0155500000,6.2195727300,AKShare stock_zh_a_spot / 新浪
600522,中天科技,35.2900000000,35.9000000000,10077793407.0000000000,281408993.0000000000,-0.0169900000,100.7779340700,AKShare stock_zh_a_spot / 新浪
600523,贵航股份,11.9000000000,12.2600000000,99124772.0000000000,8295123.0000000000,-0.0293600000,0.9912477200,AKShare stock_zh_a_spot / 新浪
600526,菲达环保,4.5500000000,4.5100000000,31880733.0000000000,7014500.0000000000,0.0088700000,0.3188073300,AKShare stock_zh_a_spot / 新浪
600527,江南高纤,2.1700000000,2.2000000000,66542398.0000000000,30507704.0000000000,-0.0136400000,0.6654239800,AKShare stock_zh_a_spot / 新浪
600528,中铁工业,6.9700000000,7.0300000000,49531144.0000000000,7095467.0000000000,-0.0085300000,0.4953114400,AKShare stock_zh_a_spot / 新浪
600529,山东药玻,19.0100000000,19.1600000000,159631735.0000000000,8409875.0000000000,-0.0078300000,1.5963173500,AKShare stock_zh_a_spot / 新浪
600531,豫光金铅,13.3600000000,13.5200000000,500443815.0000000000,37351395.0000000000,-0.0118300000,5.0044381500,AKShare stock_zh_a_spot / 新浪
600533,栖霞建设,2.1600000000,2.1800000000,18431743.0000000000,8568400.0000000000,-0.0091700000,0.1843174300,AKShare stock_zh_a_spot / 新浪
600535,天士力,15.3900000000,15.3600000000,239014650.0000000000,15488829.0000000000,0.0019500000,2.3901465000,AKShare stock_zh_a_spot / 新浪
600536,中国软件,34.4500000000,31.3200000000,1665230407.0000000000,50634366.0000000000,0.0999400000,16.6523040700,AKShare stock_zh_a_spot / 新浪
600538,国发股份,5.2700000000,5.0900000000,71369449.0000000000,13780400.0000000000,0.0353600000,0.7136944900,AKShare stock_zh_a_spot / 新浪
600539,狮头股份,14.5500000000,14.4000000000,184156895.0000000000,12968801.0000000000,0.0104200000,1.8415689500,AKShare stock_zh_a_spot / 新浪
600540,新赛股份,4.2900000000,4.0400000000,322750152.0000000000,76131400.0000000000,0.0618800000,3.2275015200,AKShare stock_zh_a_spot / 新浪
600545,卓郎智能,4.5300000000,4.8600000000,850762534.0000000000,184862445.0000000000,-0.0679000000,8.5076253400,AKShare stock_zh_a_spot / 新浪
600546,山煤国际,13.2300000000,13.0700000000,386064541.0000000000,29126328.0000000000,0.0122400000,3.8606454100,AKShare stock_zh_a_spot / 新浪
600547,山东黄金,30.6100000000,30.1000000000,1831714069.0000000000,60193410.0000000000,0.0169400000,18.3171406900,AKShare stock_zh_a_spot / 新浪
600548,深高速,8.3100000000,8.3300000000,13661627.0000000000,1644902.0000000000,-0.0024000000,0.1366162700,AKShare stock_zh_a_spot / 新浪
600549,厦门钨业,58.1100000000,58.4000000000,3977806465.0000000000,67531748.0000000000,-0.0049700000,39.7780646500,AKShare stock_zh_a_spot / 新浪
600550,保变电气,11.6700000000,11.9200000000,340890076.0000000000,29045434.0000000000,-0.0209700000,3.4089007600,AKShare stock_zh_a_spot / 新浪
600551,时代出版,6.9700000000,6.9500000000,16187836.0000000000,2334037.0000000000,0.0028800000,0.1618783600,AKShare stock_zh_a_spot / 新浪
600552,凯盛科技,19.5800000000,19.2400000000,1889416859.0000000000,96198255.0000000000,0.0176700000,18.8941685900,AKShare stock_zh_a_spot / 新浪
600556,天下秀,4.8100000000,4.9300000000,183288585.0000000000,38060533.0000000000,-0.0243400000,1.8328858500,AKShare stock_zh_a_spot / 新浪
600557,康缘药业,12.5200000000,12.7900000000,96340979.0000000000,7630093.0000000000,-0.0211100000,0.9634097900,AKShare stock_zh_a_spot / 新浪
600558,大西洋,4.8700000000,5.0500000000,129535561.0000000000,26344999.0000000000,-0.0356400000,1.2953556100,AKShare stock_zh_a_spot / 新浪
600559,老白干酒,11.7600000000,11.8400000000,105724898.0000000000,8977344.0000000000,-0.0067600000,1.0572489800,AKShare stock_zh_a_spot / 新浪
600560,金自天正,11.2300000000,11.2900000000,16538297.0000000000,1477200.0000000000,-0.0053100000,0.1653829700,AKShare stock_zh_a_spot / 新浪
600561,江西长运,5.6800000000,5.7100000000,13135390.0000000000,2313770.0000000000,-0.0052500000,0.1313539000,AKShare stock_zh_a_spot / 新浪
600562,国睿科技,26.5500000000,26.1000000000,321352872.0000000000,12224314.0000000000,0.0172400000,3.2135287200,AKShare stock_zh_a_spot / 新浪
600563,法拉电子,136.2800000000,139.0900000000,766832831.0000000000,5627124.0000000000,-0.0202000000,7.6683283100,AKShare stock_zh_a_spot / 新浪
600566,济川药业,24.0100000000,24.2500000000,118362070.0000000000,4904501.0000000000,-0.0099000000,1.1836207000,AKShare stock_zh_a_spot / 新浪
600567,山鹰国际,1.3400000000,1.3400000000,53145324.0000000000,39616968.0000000000,0.0000000000,0.5314532400,AKShare stock_zh_a_spot / 新浪
600569,安阳钢铁,1.7600000000,1.7600000000,19598280.0000000000,11107705.0000000000,0.0000000000,0.1959828000,AKShare stock_zh_a_spot / 新浪
600570,恒生电子,21.6900000000,22.1100000000,544396162.0000000000,25140191.0000000000,-0.0190000000,5.4439616200,AKShare stock_zh_a_spot / 新浪
600571,信雅达,10.3100000000,10.5200000000,84809568.0000000000,8257031.0000000000,-0.0199600000,0.8480956800,AKShare stock_zh_a_spot / 新浪
600572,康恩贝,4.5800000000,4.8000000000,739565552.0000000000,159369244.0000000000,-0.0458300000,7.3956555200,AKShare stock_zh_a_spot / 新浪
600573,惠泉啤酒,10.0200000000,9.7500000000,75195929.0000000000,7590600.0000000000,0.0276900000,0.7519592900,AKShare stock_zh_a_spot / 新浪
600575,淮河能源,3.3300000000,3.3500000000,113285525.0000000000,34044720.0000000000,-0.0059700000,1.1328552500,AKShare stock_zh_a_spot / 新浪
600576,祥源文旅,5.4100000000,5.5000000000,42915300.0000000000,7906799.0000000000,-0.0163600000,0.4291530000,AKShare stock_zh_a_spot / 新浪
600577,精达股份,8.6300000000,8.2500000000,1236172183.0000000000,143152641.0000000000,0.0460600000,12.3617218300,AKShare stock_zh_a_spot / 新浪
600578,京能电力,5.7000000000,5.9200000000,765671964.0000000000,132937646.0000000000,-0.0371600000,7.6567196400,AKShare stock_zh_a_spot / 新浪
600579,中化装备,7.1600000000,7.2400000000,39219118.0000000000,5459100.0000000000,-0.0110500000,0.3921911800,AKShare stock_zh_a_spot / 新浪
600580,卧龙电驱,37.8700000000,35.2600000000,4295459938.0000000000,116597655.0000000000,0.0740200000,42.9545993800,AKShare stock_zh_a_spot / 新浪
600582,天地科技,4.8200000000,4.8400000000,79641157.0000000000,16521969.0000000000,-0.0041300000,0.7964115700,AKShare stock_zh_a_spot / 新浪
600583,海油工程,6.0200000000,5.6100000000,804189974.0000000000,133786817.0000000000,0.0730800000,8.0418997400,AKShare stock_zh_a_spot / 新浪
600584,长电科技,85.4200000000,85.8500000000,12923176753.0000000000,150833240.0000000000,-0.0050100000,129.2317675300,AKShare stock_zh_a_spot / 新浪
600585,海螺水泥,17.4300000000,17.3700000000,235720999.0000000000,13559446.0000000000,0.0034500000,2.3572099900,AKShare stock_zh_a_spot / 新浪
600586,金晶科技,4.2500000000,4.1900000000,70954194.0000000000,16746501.0000000000,0.0143200000,0.7095419400,AKShare stock_zh_a_spot / 新浪
600587,新华医疗,12.3800000000,12.5600000000,81107360.0000000000,6518090.0000000000,-0.0143300000,0.8110736000,AKShare stock_zh_a_spot / 新浪
600588,用友网络,11.4400000000,11.6200000000,631032653.0000000000,55258399.0000000000,-0.0154900000,6.3103265300,AKShare stock_zh_a_spot / 新浪
600589,大位科技,8.2900000000,8.5800000000,590091835.0000000000,70840317.0000000000,-0.0338000000,5.9009183500,AKShare stock_zh_a_spot / 新浪
600590,泰豪科技,8.8400000000,9.1100000000,297761243.0000000000,33708676.0000000000,-0.0296400000,2.9776124300,AKShare stock_zh_a_spot / 新浪
600592,龙溪股份,15.0700000000,14.8100000000,153375158.0000000000,10242530.0000000000,0.0175600000,1.5337515800,AKShare stock_zh_a_spot / 新浪
600593,大连圣亚,40.1000000000,41.0700000000,191898194.0000000000,4763600.0000000000,-0.0236200000,1.9189819400,AKShare stock_zh_a_spot / 新浪
600594,益佰制药,3.9300000000,3.9300000000,167256177.0000000000,42336500.0000000000,0.0000000000,1.6725617700,AKShare stock_zh_a_spot / 新浪
600595,中孚实业,6.2500000000,6.3600000000,452532199.0000000000,72397081.0000000000,-0.0173000000,4.5253219900,AKShare stock_zh_a_spot / 新浪
600596,新安股份,11.2900000000,11.2000000000,410021248.0000000000,36393006.0000000000,0.0080400000,4.1002124800,AKShare stock_zh_a_spot / 新浪
600597,光明乳业,6.7700000000,6.7400000000,70126025.0000000000,10363016.0000000000,0.0044500000,0.7012602500,AKShare stock_zh_a_spot / 新浪
600598,北大荒,13.4600000000,12.2400000000,1348672497.0000000000,102427781.0000000000,0.0996700000,13.4867249700,AKShare stock_zh_a_spot / 新浪
600600,青岛啤酒,51.6300000000,52.1100000000,283454851.0000000000,5488336.0000000000,-0.0092100000,2.8345485100,AKShare stock_zh_a_spot / 新浪
600601,方正科技,13.1400000000,12.9900000000,2810926969.0000000000,213941728.0000000000,0.0115500000,28.1092696900,AKShare stock_zh_a_spot / 新浪
600602,云赛智联,19.2700000000,20.1500000000,1146171040.0000000000,59041699.0000000000,-0.0436700000,11.4617104000,AKShare stock_zh_a_spot / 新浪
600603,广汇物流,4.8100000000,4.5300000000,157665111.0000000000,33312988.0000000000,0.0618100000,1.5766511100,AKShare stock_zh_a_spot / 新浪
600604,市北高新,4.6800000000,4.8200000000,130473608.0000000000,27795706.0000000000,-0.0290500000,1.3047360800,AKShare stock_zh_a_spot / 新浪
600605,汇通能源,25.7200000000,25.5500000000,58012601.0000000000,2259500.0000000000,0.0066500000,0.5801260100,AKShare stock_zh_a_spot / 新浪
600606,绿地控股,1.2700000000,1.2800000000,104769862.0000000000,82501344.0000000000,-0.0078100000,1.0476986200,AKShare stock_zh_a_spot / 新浪
600609,金杯汽车,3.2300000000,3.2500000000,58983265.0000000000,18379610.0000000000,-0.0061500000,0.5898326500,AKShare stock_zh_a_spot / 新浪
600610,中毅达,7.0900000000,7.1300000000,158212319.0000000000,21949200.0000000000,-0.0056100000,1.5821231900,AKShare stock_zh_a_spot / 新浪
600611,大众交通,4.6700000000,4.9300000000,482553568.0000000000,101572747.0000000000,-0.0527400000,4.8255356800,AKShare stock_zh_a_spot / 新浪
600612,老凤祥,34.4900000000,34.1600000000,70629225.0000000000,2069063.0000000000,0.0096600000,0.7062922500,AKShare stock_zh_a_spot / 新浪
600613,神奇制药,7.7600000000,7.0500000000,560836347.0000000000,72304030.0000000000,0.1007100000,5.6083634700,AKShare stock_zh_a_spot / 新浪
600615,鑫源智造,9.4700000000,9.4700000000,16426726.0000000000,1741500.0000000000,0.0000000000,0.1642672600,AKShare stock_zh_a_spot / 新浪
600616,金枫酒业,4.3300000000,4.3100000000,45591623.0000000000,10517940.0000000000,0.0046400000,0.4559162300,AKShare stock_zh_a_spot / 新浪
600617,国新能源,3.5200000000,3.4700000000,129967816.0000000000,37112000.0000000000,0.0144100000,1.2996781600,AKShare stock_zh_a_spot / 新浪
600618,氯碱化工,10.2300000000,10.2100000000,56827328.0000000000,5537400.0000000000,0.0019600000,0.5682732800,AKShare stock_zh_a_spot / 新浪
600619,海立股份,14.4200000000,14.6500000000,226518276.0000000000,15596300.0000000000,-0.0157000000,2.2651827600,AKShare stock_zh_a_spot / 新浪
600620,天宸股份,4.3300000000,4.3700000000,14754507.0000000000,3399300.0000000000,-0.0091500000,0.1475450700,AKShare stock_zh_a_spot / 新浪
600621,华鑫股份,12.9500000000,13.2000000000,113089606.0000000000,8717510.0000000000,-0.0189400000,1.1308960600,AKShare stock_zh_a_spot / 新浪
600622,光大嘉宝,2.2100000000,2.2100000000,36306464.0000000000,16442876.0000000000,0.0000000000,0.3630646400,AKShare stock_zh_a_spot / 新浪
600623,华谊集团,8.2700000000,8.3100000000,92517441.0000000000,11127130.0000000000,-0.0048100000,0.9251744100,AKShare stock_zh_a_spot / 新浪
600626,申达股份,3.5800000000,3.5600000000,31578402.0000000000,8875266.0000000000,0.0056200000,0.3157840200,AKShare stock_zh_a_spot / 新浪
600628,新世界,6.2700000000,6.2700000000,39950151.0000000000,6374806.0000000000,0.0000000000,0.3995015100,AKShare stock_zh_a_spot / 新浪
600629,华建集团,17.0200000000,16.2300000000,778470077.0000000000,45735118.0000000000,0.0486800000,7.7847007700,AKShare stock_zh_a_spot / 新浪
600630,龙头股份,6.7300000000,6.7600000000,47897520.0000000000,7136413.0000000000,-0.0044400000,0.4789752000,AKShare stock_zh_a_spot / 新浪
600633,浙数文化,10.5000000000,10.7400000000,204606641.0000000000,19490440.0000000000,-0.0223500000,2.0460664100,AKShare stock_zh_a_spot / 新浪
600635,大众公用,4.6800000000,4.6700000000,155646798.0000000000,33085237.0000000000,0.0021400000,1.5564679800,AKShare stock_zh_a_spot / 新浪
600637,东方明珠,8.0700000000,8.1800000000,294939063.0000000000,36707169.0000000000,-0.0134500000,2.9493906300,AKShare stock_zh_a_spot / 新浪
600638,新黄浦,4.9100000000,4.9600000000,43105023.0000000000,8732940.0000000000,-0.0100800000,0.4310502300,AKShare stock_zh_a_spot / 新浪
600639,浦东金桥,9.4400000000,9.5100000000,20677226.0000000000,2181197.0000000000,-0.0073600000,0.2067722600,AKShare stock_zh_a_spot / 新浪
600640,国脉文化,10.7900000000,10.9300000000,77708922.0000000000,7192754.0000000000,-0.0128100000,0.7770892200,AKShare stock_zh_a_spot / 新浪
600641,先导基电,35.8000000000,36.0600000000,2938433354.0000000000,81421210.0000000000,-0.0072100000,29.3843335400,AKShare stock_zh_a_spot / 新浪
600642,申能股份,8.4700000000,8.4300000000,256107310.0000000000,30209066.0000000000,0.0047400000,2.5610731000,AKShare stock_zh_a_spot / 新浪
600643,爱建集团,3.9100000000,3.9600000000,40866968.0000000000,10460473.0000000000,-0.0126300000,0.4086696800,AKShare stock_zh_a_spot / 新浪
600644,乐山电力,9.1300000000,9.3000000000,179405341.0000000000,19613407.0000000000,-0.0182800000,1.7940534100,AKShare stock_zh_a_spot / 新浪
600645,中源协和,22.4500000000,21.3800000000,939887874.0000000000,42587172.0000000000,0.0500500000,9.3988787400,AKShare stock_zh_a_spot / 新浪
600648,外高桥,8.9900000000,9.0000000000,18641585.0000000000,2071903.0000000000,-0.0011100000,0.1864158500,AKShare stock_zh_a_spot / 新浪
600649,城投控股,3.7200000000,3.7400000000,51585128.0000000000,13867911.0000000000,-0.0053500000,0.5158512800,AKShare stock_zh_a_spot / 新浪
600650,锦江在线,10.6900000000,10.8500000000,34433584.0000000000,3201019.0000000000,-0.0147500000,0.3443358400,AKShare stock_zh_a_spot / 新浪
600651,飞乐音响,5.9000000000,5.9400000000,90889649.0000000000,15477700.0000000000,-0.0067300000,0.9088964900,AKShare stock_zh_a_spot / 新浪
600653,申华控股,1.6800000000,1.7000000000,21936211.0000000000,12987520.0000000000,-0.0117600000,0.2193621100,AKShare stock_zh_a_spot / 新浪
600654,中安科,2.9100000000,2.9500000000,158123589.0000000000,54347898.0000000000,-0.0135600000,1.5812358900,AKShare stock_zh_a_spot / 新浪
600655,豫园股份,4.5900000000,4.6300000000,47582488.0000000000,10315657.0000000000,-0.0086400000,0.4758248800,AKShare stock_zh_a_spot / 新浪
600657,信达地产,2.5700000000,2.5900000000,46857037.0000000000,18170701.0000000000,-0.0077200000,0.4685703700,AKShare stock_zh_a_spot / 新浪
600658,电子城,3.9500000000,4.0000000000,42769837.0000000000,10819180.0000000000,-0.0125000000,0.4276983700,AKShare stock_zh_a_spot / 新浪
600660,福耀玻璃,56.1600000000,55.6600000000,411870055.0000000000,7341249.0000000000,0.0089800000,4.1187005500,AKShare stock_zh_a_spot / 新浪
600661,昂立教育,9.1800000000,9.0600000000,123214199.0000000000,13349189.0000000000,0.0132500000,1.2321419900,AKShare stock_zh_a_spot / 新浪
600662,外服控股,4.2500000000,4.2800000000,39459884.0000000000,9318200.0000000000,-0.0070100000,0.3945988400,AKShare stock_zh_a_spot / 新浪
600663,陆家嘴,9.5700000000,9.4500000000,186637419.0000000000,19656972.0000000000,0.0127000000,1.8663741900,AKShare stock_zh_a_spot / 新浪
600664,哈药股份,9.1200000000,9.0100000000,2831595958.0000000000,311950471.0000000000,0.0122100000,28.3159595800,AKShare stock_zh_a_spot / 新浪
600665,天地源,3.5400000000,3.4100000000,59047433.0000000000,16905180.0000000000,0.0381200000,0.5904743300,AKShare stock_zh_a_spot / 新浪
600666,奥瑞德,3.8200000000,3.9300000000,424955301.0000000000,111475560.0000000000,-0.0279900000,4.2495530100,AKShare stock_zh_a_spot / 新浪
600667,太极实业,23.0000000000,23.8600000000,6949759861.0000000000,298023936.0000000000,-0.0360400000,69.4975986100,AKShare stock_zh_a_spot / 新浪
600668,尖峰集团,7.4700000000,7.5200000000,30844392.0000000000,4124760.0000000000,-0.0066500000,0.3084439200,AKShare stock_zh_a_spot / 新浪
600671,天目药业,21.2800000000,21.7800000000,57589216.0000000000,2696600.0000000000,-0.0229600000,0.5758921600,AKShare stock_zh_a_spot / 新浪
600673,东阳光,36.7000000000,37.5700000000,2192598865.0000000000,59876949.0000000000,-0.0231600000,21.9259886500,AKShare stock_zh_a_spot / 新浪
600674,川投能源,15.3300000000,15.1100000000,392087491.0000000000,25699601.0000000000,0.0145600000,3.9208749100,AKShare stock_zh_a_spot / 新浪
600675,中华企业,2.2700000000,2.2400000000,103825808.0000000000,45433105.0000000000,0.0133900000,1.0382580800,AKShare stock_zh_a_spot / 新浪
600676,久事动娱,6.6400000000,6.7400000000,46176516.0000000000,6932800.0000000000,-0.0148400000,0.4617651600,AKShare stock_zh_a_spot / 新浪
600679,上海凤凰,9.6000000000,9.5200000000,21982861.0000000000,2299601.0000000000,0.0084000000,0.2198286100,AKShare stock_zh_a_spot / 新浪
600681,百川能源,3.4900000000,3.4400000000,67295251.0000000000,19367120.0000000000,0.0145300000,0.6729525100,AKShare stock_zh_a_spot / 新浪
600682,南京新百,5.8100000000,5.8400000000,74648586.0000000000,12825564.0000000000,-0.0051400000,0.7464858600,AKShare stock_zh_a_spot / 新浪
600683,京投发展,10.7600000000,11.7100000000,821274608.0000000000,73643492.0000000000,-0.0811300000,8.2127460800,AKShare stock_zh_a_spot / 新浪
600684,珠江股份,3.4200000000,3.4400000000,37524951.0000000000,10972421.0000000000,-0.0058100000,0.3752495100,AKShare stock_zh_a_spot / 新浪
600685,中船防务,25.9200000000,26.4400000000,227522987.0000000000,8769054.0000000000,-0.0196700000,2.2752298700,AKShare stock_zh_a_spot / 新浪
600686,金龙汽车,11.4400000000,11.5600000000,132188521.0000000000,11539800.0000000000,-0.0103800000,1.3218852100,AKShare stock_zh_a_spot / 新浪
600688,上海石化,2.8300000000,2.8100000000,189584113.0000000000,67049765.0000000000,0.0071200000,1.8958411300,AKShare stock_zh_a_spot / 新浪
600689,上海三毛,10.6700000000,10.6200000000,22306622.0000000000,2098900.0000000000,0.0047100000,0.2230662200,AKShare stock_zh_a_spot / 新浪
600690,海尔智家,21.6500000000,21.4900000000,739336267.0000000000,34313718.0000000000,0.0074500000,7.3933626700,AKShare stock_zh_a_spot / 新浪
600691,潞化科技,2.5300000000,2.4800000000,102192173.0000000000,40145300.0000000000,0.0201600000,1.0219217300,AKShare stock_zh_a_spot / 新浪
600692,亚通股份,6.2100000000,6.2300000000,24884913.0000000000,4019600.0000000000,-0.0032100000,0.2488491300,AKShare stock_zh_a_spot / 新浪
600693,东百集团,9.7100000000,9.6600000000,868206449.0000000000,87141017.0000000000,0.0051800000,8.6820644900,AKShare stock_zh_a_spot / 新浪
600694,大商股份,14.5200000000,14.4000000000,34299175.0000000000,2373705.0000000000,0.0083300000,0.3429917500,AKShare stock_zh_a_spot / 新浪
600697,欧亚集团,10.8400000000,10.7800000000,29820127.0000000000,2763200.0000000000,0.0055700000,0.2982012700,AKShare stock_zh_a_spot / 新浪
600698,湖南天雁,6.9100000000,7.1300000000,142637377.0000000000,20508440.0000000000,-0.0308600000,1.4263737700,AKShare stock_zh_a_spot / 新浪
600699,均胜电子,21.1000000000,20.9800000000,424147315.0000000000,20253498.0000000000,0.0057200000,4.2414731500,AKShare stock_zh_a_spot / 新浪
600702,舍得酒业,36.0300000000,36.2000000000,271384718.0000000000,7525011.0000000000,-0.0047000000,2.7138471800,AKShare stock_zh_a_spot / 新浪
600703,三安光电,14.8300000000,14.1500000000,3914673892.0000000000,267841538.0000000000,0.0480600000,39.1467389200,AKShare stock_zh_a_spot / 新浪
600704,物产中大,4.8700000000,4.8700000000,151915592.0000000000,31100810.0000000000,0.0000000000,1.5191559200,AKShare stock_zh_a_spot / 新浪
600706,曲江文旅,8.0000000000,7.9100000000,43377985.0000000000,5444198.0000000000,0.0113800000,0.4337798500,AKShare stock_zh_a_spot / 新浪
600707,彩虹股份,10.8000000000,9.8200000000,3553079943.0000000000,334200640.0000000000,0.0998000000,35.5307994300,AKShare stock_zh_a_spot / 新浪
600708,光明地产,3.1500000000,3.1700000000,36973210.0000000000,11674988.0000000000,-0.0063100000,0.3697321000,AKShare stock_zh_a_spot / 新浪
600710,苏美达,10.2900000000,10.4300000000,67653548.0000000000,6549535.0000000000,-0.0134200000,0.6765354800,AKShare stock_zh_a_spot / 新浪
600711,盛屯矿业,11.9400000000,12.0400000000,896308108.0000000000,75639326.0000000000,-0.0083100000,8.9630810800,AKShare stock_zh_a_spot / 新浪
600712,南宁百货,5.5100000000,5.4500000000,57765478.0000000000,10528000.0000000000,0.0110100000,0.5776547800,AKShare stock_zh_a_spot / 新浪
600713,南京医药,5.3200000000,5.3800000000,74892845.0000000000,13979200.0000000000,-0.0111500000,0.7489284500,AKShare stock_zh_a_spot / 新浪
600714,金瑞矿业,16.4400000000,16.1400000000,281342224.0000000000,17183433.0000000000,0.0185900000,2.8134222400,AKShare stock_zh_a_spot / 新浪
600715,文投控股,1.6200000000,1.6400000000,47683647.0000000000,29324888.0000000000,-0.0122000000,0.4768364700,AKShare stock_zh_a_spot / 新浪
600716,凤凰股份,3.5400000000,3.5500000000,12201991.0000000000,3440200.0000000000,-0.0028200000,0.1220199100,AKShare stock_zh_a_spot / 新浪
600717,天津港,4.2400000000,4.2400000000,81663155.0000000000,19182461.0000000000,0.0000000000,0.8166315500,AKShare stock_zh_a_spot / 新浪
600718,东软集团,8.1200000000,8.1800000000,68582176.0000000000,8496768.0000000000,-0.0073300000,0.6858217600,AKShare stock_zh_a_spot / 新浪
600719,大连热电,7.2000000000,7.4000000000,89328373.0000000000,12289000.0000000000,-0.0270300000,0.8932837300,AKShare stock_zh_a_spot / 新浪
600720,中交设计,5.1000000000,5.1300000000,32255843.0000000000,6315719.0000000000,-0.0058500000,0.3225584300,AKShare stock_zh_a_spot / 新浪
600721,百花医药,13.5000000000,14.0200000000,1462202808.0000000000,105964981.0000000000,-0.0370900000,14.6220280800,AKShare stock_zh_a_spot / 新浪
600722,金牛化工,13.0200000000,11.8400000000,1598030872.0000000000,127637188.0000000000,0.0996600000,15.9803087200,AKShare stock_zh_a_spot / 新浪
600724,宁波富达,5.1400000000,5.1200000000,27193228.0000000000,5311201.0000000000,0.0039100000,0.2719322800,AKShare stock_zh_a_spot / 新浪
600725,云维股份,3.2600000000,3.2800000000,36285052.0000000000,11118042.0000000000,-0.0061000000,0.3628505200,AKShare stock_zh_a_spot / 新浪
600726,华电能源,5.9500000000,6.2700000000,996413046.0000000000,164755840.0000000000,-0.0510400000,9.9641304600,AKShare stock_zh_a_spot / 新浪
600727,鲁北化工,7.5600000000,7.4800000000,104535370.0000000000,13863300.0000000000,0.0107000000,1.0453537000,AKShare stock_zh_a_spot / 新浪
600728,佳都科技,4.6100000000,4.6600000000,112453334.0000000000,24565800.0000000000,-0.0107300000,1.1245333400,AKShare stock_zh_a_spot / 新浪
600729,重百集团,19.3200000000,19.2700000000,53924226.0000000000,2790952.0000000000,0.0025900000,0.5392422600,AKShare stock_zh_a_spot / 新浪
600731,湖南海利,6.0000000000,5.8100000000,73137109.0000000000,12332230.0000000000,0.0327000000,0.7313710900,AKShare stock_zh_a_spot / 新浪
600732,爱旭股份,12.4500000000,12.1600000000,483964040.0000000000,39021481.0000000000,0.0238500000,4.8396404000,AKShare stock_zh_a_spot / 新浪
600733,北汽蓝谷,5.1600000000,5.2800000000,431146251.0000000000,83782272.0000000000,-0.0227300000,4.3114625100,AKShare stock_zh_a_spot / 新浪
600736,苏州高新,6.9100000000,6.8700000000,219686464.0000000000,31657261.0000000000,0.0058200000,2.1968646400,AKShare stock_zh_a_spot / 新浪
600737,中粮糖业,15.0800000000,13.7100000000,1610815118.0000000000,111376615.0000000000,0.0999300000,16.1081511800,AKShare stock_zh_a_spot / 新浪
600738,丽尚国潮,4.1100000000,4.0500000000,44409658.0000000000,10898614.0000000000,0.0148100000,0.4440965800,AKShare stock_zh_a_spot / 新浪
600739,辽宁成大,10.6400000000,10.7700000000,130688457.0000000000,12223742.0000000000,-0.0120700000,1.3068845700,AKShare stock_zh_a_spot / 新浪
600740,山西焦化,3.5900000000,3.5900000000,105792992.0000000000,29336882.0000000000,0.0000000000,1.0579299200,AKShare stock_zh_a_spot / 新浪
600741,华域汽车,15.3200000000,15.3200000000,188031424.0000000000,12311772.0000000000,0.0000000000,1.8803142400,AKShare stock_zh_a_spot / 新浪
600742,富维股份,7.6100000000,7.6500000000,22116181.0000000000,2912200.0000000000,-0.0052300000,0.2211618100,AKShare stock_zh_a_spot / 新浪
600743,华远控股,2.2600000000,2.2900000000,40921546.0000000000,18013800.0000000000,-0.0131000000,0.4092154600,AKShare stock_zh_a_spot / 新浪
600744,华银电力,6.7600000000,6.8900000000,816185696.0000000000,120393059.0000000000,-0.0188700000,8.1618569600,AKShare stock_zh_a_spot / 新浪
600746,江苏索普,6.7700000000,6.6200000000,99574214.0000000000,14751400.0000000000,0.0226600000,0.9957421400,AKShare stock_zh_a_spot / 新浪
600748,上实发展,3.9200000000,3.8800000000,39407837.0000000000,10036014.0000000000,0.0103100000,0.3940783700,AKShare stock_zh_a_spot / 新浪
600749,西藏旅游,13.8000000000,13.8700000000,56896666.0000000000,4127173.0000000000,-0.0050500000,0.5689666600,AKShare stock_zh_a_spot / 新浪
600750,华润江中,23.7000000000,23.8000000000,100433901.0000000000,4224815.0000000000,-0.0042000000,1.0043390100,AKShare stock_zh_a_spot / 新浪
600751,海航科技,3.1700000000,3.2000000000,66311593.0000000000,20925046.0000000000,-0.0093800000,0.6631159300,AKShare stock_zh_a_spot / 新浪
600754,锦江酒店,19.0300000000,18.9500000000,195571029.0000000000,10262206.0000000000,0.0042200000,1.9557102900,AKShare stock_zh_a_spot / 新浪
600755,厦门国贸,5.6500000000,5.6900000000,79648204.0000000000,13990029.0000000000,-0.0070300000,0.7964820400,AKShare stock_zh_a_spot / 新浪
600756,浪潮软件,15.5400000000,14.8600000000,513695678.0000000000,34048401.0000000000,0.0457600000,5.1369567800,AKShare stock_zh_a_spot / 新浪
600757,长江传媒,7.6300000000,7.6600000000,43815192.0000000000,5738400.0000000000,-0.0039200000,0.4381519200,AKShare stock_zh_a_spot / 新浪
600758,辽宁能源,3.3500000000,3.4000000000,157471577.0000000000,46599000.0000000000,-0.0147100000,1.5747157700,AKShare stock_zh_a_spot / 新浪
600760,中航沈飞,43.9400000000,44.5100000000,509192578.0000000000,11585372.0000000000,-0.0128100000,5.0919257800,AKShare stock_zh_a_spot / 新浪
600761,安徽合力,16.7600000000,16.7400000000,122773411.0000000000,7369775.0000000000,0.0011900000,1.2277341100,AKShare stock_zh_a_spot / 新浪
600763,通策医疗,36.0000000000,37.0500000000,491344629.0000000000,13555299.0000000000,-0.0283400000,4.9134462900,AKShare stock_zh_a_spot / 新浪
600764,中国海防,17.9000000000,18.2400000000,103375095.0000000000,5771920.0000000000,-0.0186400000,1.0337509500,AKShare stock_zh_a_spot / 新浪
600765,中航重机,13.4000000000,13.5600000000,195766395.0000000000,14655244.0000000000,-0.0118000000,1.9576639500,AKShare stock_zh_a_spot / 新浪
600768,富邦新材,15.2700000000,15.9100000000,99853827.0000000000,6443500.0000000000,-0.0402300000,0.9985382700,AKShare stock_zh_a_spot / 新浪
600769,祥龙电业,16.3100000000,16.5600000000,182747292.0000000000,11079013.0000000000,-0.0151000000,1.8274729200,AKShare stock_zh_a_spot / 新浪
600770,综艺股份,5.2900000000,5.3800000000,129841291.0000000000,24627557.0000000000,-0.0167300000,1.2984129100,AKShare stock_zh_a_spot / 新浪
600771,广誉远,13.7100000000,13.8500000000,98663583.0000000000,7171371.0000000000,-0.0101100000,0.9866358300,AKShare stock_zh_a_spot / 新浪
600773,西藏城投,11.0600000000,11.3200000000,267334743.0000000000,23805600.0000000000,-0.0229700000,2.6733474300,AKShare stock_zh_a_spot / 新浪
600774,汉商集团,7.3000000000,7.3500000000,24783448.0000000000,3396200.0000000000,-0.0068000000,0.2478344800,AKShare stock_zh_a_spot / 新浪
600775,南京熊猫,9.8400000000,10.0000000000,138825217.0000000000,14131700.0000000000,-0.0160000000,1.3882521700,AKShare stock_zh_a_spot / 新浪
600776,东方通信,12.8900000000,13.0400000000,149155625.0000000000,11604800.0000000000,-0.0115000000,1.4915562500,AKShare stock_zh_a_spot / 新浪
600777,新潮能源,4.1800000000,4.1700000000,115811367.0000000000,27486104.0000000000,0.0024000000,1.1581136700,AKShare stock_zh_a_spot / 新浪
600778,友好集团,5.6200000000,5.6200000000,27674678.0000000000,4930000.0000000000,0.0000000000,0.2767467800,AKShare stock_zh_a_spot / 新浪
600779,水井坊,27.8900000000,27.9600000000,52048744.0000000000,1868739.0000000000,-0.0025000000,0.5204874400,AKShare stock_zh_a_spot / 新浪
600780,通宝能源,5.8800000000,5.8700000000,30445979.0000000000,5195349.0000000000,0.0017000000,0.3044597900,AKShare stock_zh_a_spot / 新浪
600782,新钢股份,2.7100000000,2.7000000000,100572615.0000000000,37254560.0000000000,0.0037000000,1.0057261500,AKShare stock_zh_a_spot / 新浪
600783,鲁信创投,18.3500000000,18.8900000000,383614839.0000000000,20706169.0000000000,-0.0285900000,3.8361483900,AKShare stock_zh_a_spot / 新浪
600784,鲁银投资,8.2000000000,8.2000000000,99198623.0000000000,12070624.0000000000,0.0000000000,0.9919862300,AKShare stock_zh_a_spot / 新浪
600785,新华百货,9.1700000000,9.1200000000,109923668.0000000000,12004900.0000000000,0.0054800000,1.0992366800,AKShare stock_zh_a_spot / 新浪
600787,中储股份,4.5800000000,4.5700000000,66629837.0000000000,14580019.0000000000,0.0021900000,0.6662983700,AKShare stock_zh_a_spot / 新浪
600789,鲁抗医药,7.5200000000,7.5700000000,168242648.0000000000,22298541.0000000000,-0.0066100000,1.6824264800,AKShare stock_zh_a_spot / 新浪
600790,轻纺城,3.3600000000,3.3500000000,24873961.0000000000,7425826.0000000000,0.0029900000,0.2487396100,AKShare stock_zh_a_spot / 新浪
600791,京能置业,7.7700000000,7.8800000000,121490201.0000000000,15513550.0000000000,-0.0139600000,1.2149020100,AKShare stock_zh_a_spot / 新浪
600792,云煤能源,3.6500000000,3.6800000000,67202688.0000000000,18360902.0000000000,-0.0081500000,0.6720268800,AKShare stock_zh_a_spot / 新浪
600793,宜宾纸业,14.7000000000,14.9000000000,95300923.0000000000,6498600.0000000000,-0.0134200000,0.9530092300,AKShare stock_zh_a_spot / 新浪
600794,保税科技,3.1800000000,3.1800000000,32757337.0000000000,10310400.0000000000,0.0000000000,0.3275733700,AKShare stock_zh_a_spot / 新浪
600795,国电电力,5.0300000000,5.0000000000,945542122.0000000000,189345964.0000000000,0.0060000000,9.4554212200,AKShare stock_zh_a_spot / 新浪
600796,钱江生化,5.1900000000,5.1700000000,23332610.0000000000,4516600.0000000000,0.0038700000,0.2333261000,AKShare stock_zh_a_spot / 新浪
600797,浙大网新,7.0500000000,7.2100000000,205274921.0000000000,29121710.0000000000,-0.0221900000,2.0527492100,AKShare stock_zh_a_spot / 新浪
600798,宁波海运,3.2900000000,3.2700000000,53627540.0000000000,16365800.0000000000,0.0061200000,0.5362754000,AKShare stock_zh_a_spot / 新浪
600800,渤海化学,3.4300000000,3.5200000000,194809860.0000000000,56028449.0000000000,-0.0255700000,1.9480986000,AKShare stock_zh_a_spot / 新浪
600801,华新建材,22.7800000000,22.8700000000,158979880.0000000000,6997653.0000000000,-0.0039400000,1.5897988000,AKShare stock_zh_a_spot / 新浪
600802,福建水泥,4.6200000000,4.6100000000,26672712.0000000000,5781121.0000000000,0.0021700000,0.2667271200,AKShare stock_zh_a_spot / 新浪
600803,新奥股份,17.7000000000,17.5000000000,100105519.0000000000,5666057.0000000000,0.0114300000,1.0010551900,AKShare stock_zh_a_spot / 新浪
600805,悦达投资,4.4400000000,4.4200000000,23353485.0000000000,5280980.0000000000,0.0045200000,0.2335348500,AKShare stock_zh_a_spot / 新浪
600807,济高发展,2.6000000000,2.6100000000,30153859.0000000000,11536900.0000000000,-0.0038300000,0.3015385900,AKShare stock_zh_a_spot / 新浪
600808,马钢股份,2.4900000000,2.5300000000,119142308.0000000000,47651608.0000000000,-0.0158100000,1.1914230800,AKShare stock_zh_a_spot / 新浪
600809,山西汾酒,120.5200000000,118.9400000000,712061021.0000000000,5941294.0000000000,0.0132800000,7.1206102100,AKShare stock_zh_a_spot / 新浪
600810,神马股份,6.3800000000,6.4400000000,47251918.0000000000,7375952.0000000000,-0.0093200000,0.4725191800,AKShare stock_zh_a_spot / 新浪
600812,华北制药,5.1600000000,5.0500000000,179793272.0000000000,35076975.0000000000,0.0217800000,1.7979327200,AKShare stock_zh_a_spot / 新浪
600814,杭州解百,6.8500000000,6.7500000000,35720186.0000000000,5238400.0000000000,0.0148100000,0.3572018600,AKShare stock_zh_a_spot / 新浪
600815,厦工股份,3.9800000000,4.0700000000,283545477.0000000000,70106611.0000000000,-0.0221100000,2.8354547700,AKShare stock_zh_a_spot / 新浪
600816,建元信托,2.4900000000,2.5400000000,245659801.0000000000,98727714.0000000000,-0.0196900000,2.4565980100,AKShare stock_zh_a_spot / 新浪
600817,宇通重工,9.4000000000,9.5800000000,24337474.0000000000,2577011.0000000000,-0.0187900000,0.2433747400,AKShare stock_zh_a_spot / 新浪
600819,耀皮玻璃,5.5700000000,5.4500000000,46340712.0000000000,8368180.0000000000,0.0220200000,0.4634071200,AKShare stock_zh_a_spot / 新浪
600820,隧道股份,5.3700000000,5.4300000000,95519227.0000000000,17669683.0000000000,-0.0110500000,0.9551922700,AKShare stock_zh_a_spot / 新浪
600821,金开新能,6.3100000000,6.7400000000,883272456.0000000000,137429561.0000000000,-0.0638000000,8.8327245600,AKShare stock_zh_a_spot / 新浪
600822,上海物贸,8.4600000000,8.4800000000,18944673.0000000000,2243400.0000000000,-0.0023600000,0.1894467300,AKShare stock_zh_a_spot / 新浪
600824,益民集团,3.7500000000,3.8900000000,186098363.0000000000,49245041.0000000000,-0.0359900000,1.8609836300,AKShare stock_zh_a_spot / 新浪
600825,新华传媒,5.0400000000,5.0700000000,28411532.0000000000,5669800.0000000000,-0.0059200000,0.2841153200,AKShare stock_zh_a_spot / 新浪
600826,兰生股份,7.8700000000,8.0100000000,24501139.0000000000,3104040.0000000000,-0.0174800000,0.2450113900,AKShare stock_zh_a_spot / 新浪
600827,百联股份,7.6200000000,7.6100000000,97795954.0000000000,12826898.0000000000,0.0013100000,0.9779595400,AKShare stock_zh_a_spot / 新浪
600828,茂业商业,4.0200000000,3.9900000000,56513985.0000000000,14079903.0000000000,0.0075200000,0.5651398500,AKShare stock_zh_a_spot / 新浪
600829,人民同泰,11.9000000000,11.5400000000,901369440.0000000000,74244861.0000000000,0.0312000000,9.0136944000,AKShare stock_zh_a_spot / 新浪
600830,香溢融通,8.1300000000,8.1400000000,21599919.0000000000,2671200.0000000000,-0.0012300000,0.2159991900,AKShare stock_zh_a_spot / 新浪
600831,广电网络,3.3600000000,3.3800000000,30639036.0000000000,9141700.0000000000,-0.0059200000,0.3063903600,AKShare stock_zh_a_spot / 新浪
600833,第一医药,11.2900000000,11.7700000000,201115231.0000000000,17606902.0000000000,-0.0407800000,2.0111523100,AKShare stock_zh_a_spot / 新浪
600834,申通地铁,7.3400000000,7.2800000000,11479228.0000000000,1574700.0000000000,0.0082400000,0.1147922800,AKShare stock_zh_a_spot / 新浪
600835,上海机电,19.0400000000,19.2100000000,100059707.0000000000,5254817.0000000000,-0.0088500000,1.0005970700,AKShare stock_zh_a_spot / 新浪
600838,上海九百,7.6200000000,7.5700000000,57503425.0000000000,7592501.0000000000,0.0066100000,0.5750342500,AKShare stock_zh_a_spot / 新浪
600839,四川长虹,7.1100000000,7.1700000000,689605010.0000000000,97309008.0000000000,-0.0083700000,6.8960501000,AKShare stock_zh_a_spot / 新浪
600841,动力新科,5.9000000000,5.9500000000,75983637.0000000000,12992200.0000000000,-0.0084000000,0.7598363700,AKShare stock_zh_a_spot / 新浪
600843,上工申贝,7.0600000000,7.1900000000,44012874.0000000000,6227301.0000000000,-0.0180800000,0.4401287400,AKShare stock_zh_a_spot / 新浪
600844,金煤科技,3.5600000000,3.5200000000,131440386.0000000000,37026388.0000000000,0.0113600000,1.3144038600,AKShare stock_zh_a_spot / 新浪
600845,宝信软件,18.0200000000,18.0900000000,393238055.0000000000,21960446.0000000000,-0.0038700000,3.9323805500,AKShare stock_zh_a_spot / 新浪
600846,同济科技,12.1700000000,12.3500000000,78905376.0000000000,6493786.0000000000,-0.0145700000,0.7890537600,AKShare stock_zh_a_spot / 新浪
600847,万里股份,12.8900000000,13.0000000000,22452905.0000000000,1745600.0000000000,-0.0084600000,0.2245290500,AKShare stock_zh_a_spot / 新浪
600848,上海临港,8.5200000000,8.6000000000,44167366.0000000000,5179794.0000000000,-0.0093000000,0.4416736600,AKShare stock_zh_a_spot / 新浪
600850,电科数字,14.8300000000,15.0500000000,155070016.0000000000,10537126.0000000000,-0.0146200000,1.5507001600,AKShare stock_zh_a_spot / 新浪
600851,海欣股份,8.8700000000,9.0200000000,130177896.0000000000,14540569.0000000000,-0.0166300000,1.3017789600,AKShare stock_zh_a_spot / 新浪
600853,龙建股份,3.2800000000,3.3000000000,23734110.0000000000,7219793.0000000000,-0.0060600000,0.2373411000,AKShare stock_zh_a_spot / 新浪
600854,春兰股份,4.5600000000,4.5400000000,30230594.0000000000,6651100.0000000000,0.0044100000,0.3023059400,AKShare stock_zh_a_spot / 新浪
600855,航天长峰,12.7500000000,12.9500000000,77919062.0000000000,6141302.0000000000,-0.0154400000,0.7791906200,AKShare stock_zh_a_spot / 新浪
600857,宁波中百,21.0900000000,20.7200000000,160949588.0000000000,7685300.0000000000,0.0178600000,1.6094958800,AKShare stock_zh_a_spot / 新浪
600858,银座股份,4.9800000000,4.9600000000,33107858.0000000000,6645600.0000000000,0.0040300000,0.3310785800,AKShare stock_zh_a_spot / 新浪
600859,王府井,9.9200000000,9.9600000000,119981334.0000000000,12073946.0000000000,-0.0040200000,1.1998133400,AKShare stock_zh_a_spot / 新浪
600860,京城股份,8.8700000000,9.4300000000,246927733.0000000000,27751473.0000000000,-0.0593800000,2.4692773300,AKShare stock_zh_a_spot / 新浪
600861,北京人力,12.9400000000,13.1100000000,38152424.0000000000,2951000.0000000000,-0.0129700000,0.3815242400,AKShare stock_zh_a_spot / 新浪
600862,中航高科,17.8300000000,18.0700000000,167822280.0000000000,9406246.0000000000,-0.0132800000,1.6782228000,AKShare stock_zh_a_spot / 新浪
600863,华能蒙电,4.9200000000,4.8900000000,654716905.0000000000,133871661.0000000000,0.0061300000,6.5471690500,AKShare stock_zh_a_spot / 新浪
600864,哈投股份,5.4500000000,5.6200000000,289464895.0000000000,52885098.0000000000,-0.0302500000,2.8946489500,AKShare stock_zh_a_spot / 新浪
600865,百大集团,8.9200000000,8.8500000000,48895493.0000000000,5485399.0000000000,0.0079100000,0.4889549300,AKShare stock_zh_a_spot / 新浪
600866,星湖科技,4.4500000000,4.3700000000,105945207.0000000000,23945100.0000000000,0.0183100000,1.0594520700,AKShare stock_zh_a_spot / 新浪
600867,通化东宝,8.3600000000,8.4600000000,260179680.0000000000,30892801.0000000000,-0.0118200000,2.6017968000,AKShare stock_zh_a_spot / 新浪
600868,梅雁吉祥,2.7400000000,2.8100000000,152587310.0000000000,55443059.0000000000,-0.0249100000,1.5258731000,AKShare stock_zh_a_spot / 新浪
600869,远东股份,17.1000000000,17.1700000000,2735107817.0000000000,159193772.0000000000,-0.0040800000,27.3510781700,AKShare stock_zh_a_spot / 新浪
600871,石化油服,2.2900000000,2.2000000000,575402050.0000000000,251088340.0000000000,0.0409100000,5.7540205000,AKShare stock_zh_a_spot / 新浪
600872,中炬高新,18.8500000000,18.8700000000,168694742.0000000000,8941623.0000000000,-0.0010600000,1.6869474200,AKShare stock_zh_a_spot / 新浪
600873,梅花生物,7.8000000000,7.9000000000,305590673.0000000000,38922088.0000000000,-0.0126600000,3.0559067300,AKShare stock_zh_a_spot / 新浪
600874,创业环保,5.5900000000,5.5600000000,29292319.0000000000,5251154.0000000000,0.0054000000,0.2929231900,AKShare stock_zh_a_spot / 新浪
600875,东方电气,27.5800000000,27.9800000000,1193953830.0000000000,42932994.0000000000,-0.0143000000,11.9395383000,AKShare stock_zh_a_spot / 新浪
600876,凯盛新能,7.1300000000,7.0500000000,28393105.0000000000,4000200.0000000000,0.0113500000,0.2839310500,AKShare stock_zh_a_spot / 新浪
600877,电科芯片,13.0900000000,13.2400000000,188485164.0000000000,14436293.0000000000,-0.0113300000,1.8848516400,AKShare stock_zh_a_spot / 新浪
600879,航天电子,16.3600000000,16.4500000000,1165899837.0000000000,71538229.0000000000,-0.0054700000,11.6589983700,AKShare stock_zh_a_spot / 新浪
600880,博瑞传播,3.9200000000,3.9700000000,63708971.0000000000,16313860.0000000000,-0.0125900000,0.6370897100,AKShare stock_zh_a_spot / 新浪
600881,亚泰集团,2.0300000000,2.2100000000,876548588.0000000000,423572907.0000000000,-0.0814500000,8.7654858800,AKShare stock_zh_a_spot / 新浪
600882,妙可蓝多,20.8600000000,20.8600000000,152738129.0000000000,7334828.0000000000,0.0000000000,1.5273812900,AKShare stock_zh_a_spot / 新浪
600883,博闻科技,7.9300000000,7.7400000000,90151050.0000000000,11372289.0000000000,0.0245500000,0.9015105000,AKShare stock_zh_a_spot / 新浪
600884,杉杉股份,11.9900000000,12.1700000000,566896558.0000000000,47012126.0000000000,-0.0147900000,5.6689655800,AKShare stock_zh_a_spot / 新浪
600885,宏发股份,35.8400000000,36.3500000000,508310334.0000000000,14049933.0000000000,-0.0140300000,5.0831033400,AKShare stock_zh_a_spot / 新浪
600886,国投电力,13.7400000000,13.8500000000,448763462.0000000000,32632425.0000000000,-0.0079400000,4.4876346200,AKShare stock_zh_a_spot / 新浪
600887,伊利股份,25.1500000000,25.2300000000,1466302877.0000000000,58317854.0000000000,-0.0031700000,14.6630287700,AKShare stock_zh_a_spot / 新浪
600888,新疆众和,10.2700000000,10.4100000000,498493225.0000000000,48486547.0000000000,-0.0134500000,4.9849322500,AKShare stock_zh_a_spot / 新浪
600892,大晟文化,3.8200000000,3.9300000000,125427293.0000000000,32369100.0000000000,-0.0279900000,1.2542729300,AKShare stock_zh_a_spot / 新浪
600893,航发动力,37.0100000000,37.6000000000,1030131518.0000000000,27797866.0000000000,-0.0156900000,10.3013151800,AKShare stock_zh_a_spot / 新浪
600894,广日股份,7.8200000000,7.8000000000,22568419.0000000000,2892313.0000000000,0.0025600000,0.2256841900,AKShare stock_zh_a_spot / 新浪
600895,张江高科,32.5100000000,32.9100000000,679063948.0000000000,20792582.0000000000,-0.0121500000,6.7906394800,AKShare stock_zh_a_spot / 新浪
600897,厦门空港,14.7900000000,14.7200000000,15193780.0000000000,1028080.0000000000,0.0047600000,0.1519378000,AKShare stock_zh_a_spot / 新浪
600900,长江电力,28.1200000000,27.9600000000,2006062074.0000000000,71508633.0000000000,0.0057200000,20.0606207400,AKShare stock_zh_a_spot / 新浪
600901,江苏金租,6.6400000000,6.6200000000,199531539.0000000000,30003660.0000000000,0.0030200000,1.9953153900,AKShare stock_zh_a_spot / 新浪
600903,贵州燃气,6.4200000000,6.3100000000,367149656.0000000000,56574360.0000000000,0.0174300000,3.6714965600,AKShare stock_zh_a_spot / 新浪
600905,三峡能源,3.7100000000,3.7200000000,213298724.0000000000,57523827.0000000000,-0.0026900000,2.1329872400,AKShare stock_zh_a_spot / 新浪
600906,财达证券,6.5400000000,6.6300000000,162120949.0000000000,24850802.0000000000,-0.0135700000,1.6212094900,AKShare stock_zh_a_spot / 新浪
600908,无锡银行,5.3200000000,5.3300000000,56311382.0000000000,10569132.0000000000,-0.0018800000,0.5631138200,AKShare stock_zh_a_spot / 新浪
600909,华安证券,8.3200000000,8.5400000000,834212757.0000000000,99862418.0000000000,-0.0257600000,8.3421275700,AKShare stock_zh_a_spot / 新浪
600916,中国黄金,7.6700000000,7.6400000000,150257918.0000000000,19619220.0000000000,0.0039300000,1.5025791800,AKShare stock_zh_a_spot / 新浪
600917,重庆燃气,4.8300000000,4.8100000000,25801384.0000000000,5337590.0000000000,0.0041600000,0.2580138400,AKShare stock_zh_a_spot / 新浪
600918,中泰证券,5.5400000000,5.5700000000,167503382.0000000000,30298988.0000000000,-0.0053900000,1.6750338200,AKShare stock_zh_a_spot / 新浪
600919,江苏银行,11.7100000000,11.6200000000,934337663.0000000000,79876283.0000000000,0.0077500000,9.3433766300,AKShare stock_zh_a_spot / 新浪
600925,苏能股份,4.3300000000,4.3400000000,27648476.0000000000,6370085.0000000000,-0.0023000000,0.2764847600,AKShare stock_zh_a_spot / 新浪
600926,杭州银行,16.5600000000,16.2500000000,861545679.0000000000,52103366.0000000000,0.0190800000,8.6154567900,AKShare stock_zh_a_spot / 新浪
600927,永安期货,12.9100000000,13.1000000000,62024981.0000000000,4790657.0000000000,-0.0145000000,0.6202498100,AKShare stock_zh_a_spot / 新浪
600928,西安银行,3.5000000000,3.5100000000,49787256.0000000000,14205546.0000000000,-0.0028500000,0.4978725600,AKShare stock_zh_a_spot / 新浪
600929,雪天盐业,5.3000000000,5.3000000000,80332317.0000000000,15065800.0000000000,0.0000000000,0.8033231700,AKShare stock_zh_a_spot / 新浪
600930,华电新能,4.0300000000,4.0600000000,413198477.0000000000,102422528.0000000000,-0.0073900000,4.1319847700,AKShare stock_zh_a_spot / 新浪
600933,爱柯迪,14.1500000000,14.0400000000,131319644.0000000000,9355145.0000000000,0.0078300000,1.3131964400,AKShare stock_zh_a_spot / 新浪
600935,华塑股份,2.2900000000,2.3000000000,30077047.0000000000,13117700.0000000000,-0.0043500000,0.3007704700,AKShare stock_zh_a_spot / 新浪
600936,北投科技,4.9100000000,5.0100000000,394580670.0000000000,79821529.0000000000,-0.0199600000,3.9458067000,AKShare stock_zh_a_spot / 新浪
600938,中国海油,33.5800000000,32.8900000000,1662793741.0000000000,49532866.0000000000,0.0209800000,16.6279374100,AKShare stock_zh_a_spot / 新浪
600939,重庆建工,2.5700000000,2.6000000000,20061154.0000000000,7752540.0000000000,-0.0115400000,0.2006115400,AKShare stock_zh_a_spot / 新浪
600941,中国移动,95.7400000000,96.0200000000,580633667.0000000000,6074146.0000000000,-0.0029200000,5.8063366700,AKShare stock_zh_a_spot / 新浪
600955,维远股份,12.9500000000,12.8800000000,96184922.0000000000,7366707.0000000000,0.0054300000,0.9618492200,AKShare stock_zh_a_spot / 新浪
600956,新天绿能,7.1900000000,7.2500000000,41661515.0000000000,5786200.0000000000,-0.0082800000,0.4166151500,AKShare stock_zh_a_spot / 新浪
600958,东方证券,9.0000000000,9.1000000000,356566630.0000000000,39605392.0000000000,-0.0109900000,3.5656663000,AKShare stock_zh_a_spot / 新浪
600959,江苏有线,3.0400000000,3.0800000000,69428513.0000000000,22833246.0000000000,-0.0129900000,0.6942851300,AKShare stock_zh_a_spot / 新浪
600960,渤海汽车,4.0100000000,4.0500000000,29668724.0000000000,7411940.0000000000,-0.0098800000,0.2966872400,AKShare stock_zh_a_spot / 新浪
600961,株冶集团,29.2600000000,29.8200000000,1440843061.0000000000,48743107.0000000000,-0.0187800000,14.4084306100,AKShare stock_zh_a_spot / 新浪
600962,国投中鲁,26.1300000000,26.3100000000,162516209.0000000000,6220383.0000000000,-0.0068400000,1.6251620900,AKShare stock_zh_a_spot / 新浪
600963,岳阳林纸,3.3600000000,3.3700000000,79328198.0000000000,23557969.0000000000,-0.0029700000,0.7932819800,AKShare stock_zh_a_spot / 新浪
600966,博汇纸业,4.8100000000,4.8800000000,56632860.0000000000,11709292.0000000000,-0.0143400000,0.5663286000,AKShare stock_zh_a_spot / 新浪
600967,内蒙一机,11.1900000000,11.6000000000,304843570.0000000000,27021109.0000000000,-0.0353400000,3.0484357000,AKShare stock_zh_a_spot / 新浪
600968,海油发展,4.0000000000,3.8900000000,214009079.0000000000,53873293.0000000000,0.0282800000,2.1400907900,AKShare stock_zh_a_spot / 新浪
600969,郴电国际,8.9100000000,9.0800000000,70218054.0000000000,7862000.0000000000,-0.0187200000,0.7021805400,AKShare stock_zh_a_spot / 新浪
600970,中材国际,7.7400000000,7.8700000000,108338049.0000000000,13922028.0000000000,-0.0165200000,1.0833804900,AKShare stock_zh_a_spot / 新浪
600971,恒源煤电,8.3600000000,8.2700000000,104123007.0000000000,12472601.0000000000,0.0108800000,1.0412300700,AKShare stock_zh_a_spot / 新浪
600973,宝胜股份,6.1300000000,6.2400000000,114469258.0000000000,18599900.0000000000,-0.0176300000,1.1446925800,AKShare stock_zh_a_spot / 新浪
600975,新五丰,5.0500000000,4.9500000000,97313428.0000000000,19287300.0000000000,0.0202000000,0.9731342800,AKShare stock_zh_a_spot / 新浪
600976,健民集团,28.5100000000,28.5400000000,76087296.0000000000,2653591.0000000000,-0.0010500000,0.7608729600,AKShare stock_zh_a_spot / 新浪
600977,中国电影,12.0200000000,12.0800000000,279779572.0000000000,23314861.0000000000,-0.0049700000,2.7977957200,AKShare stock_zh_a_spot / 新浪
600979,广安爱众,3.9000000000,3.9600000000,87237818.0000000000,22333230.0000000000,-0.0151500000,0.8723781800,AKShare stock_zh_a_spot / 新浪
600980,北矿科技,20.0200000000,19.6500000000,81396556.0000000000,4094800.0000000000,0.0188300000,0.8139655600,AKShare stock_zh_a_spot / 新浪
600981,苏豪汇鸿,2.4200000000,2.4400000000,28546938.0000000000,11795000.0000000000,-0.0082000000,0.2854693800,AKShare stock_zh_a_spot / 新浪
600982,宁波能源,4.9000000000,4.9600000000,81563355.0000000000,16639500.0000000000,-0.0121000000,0.8156335500,AKShare stock_zh_a_spot / 新浪
600983,惠而浦,7.6400000000,7.7200000000,12424524.0000000000,1620000.0000000000,-0.0103600000,0.1242452400,AKShare stock_zh_a_spot / 新浪
600985,淮北矿业,17.1300000000,16.8800000000,388866588.0000000000,22865239.0000000000,0.0148100000,3.8886658800,AKShare stock_zh_a_spot / 新浪
600986,浙文互联,7.4600000000,7.8200000000,553891056.0000000000,73580372.0000000000,-0.0460400000,5.5389105600,AKShare stock_zh_a_spot / 新浪
600987,航民股份,6.6700000000,6.6300000000,29720094.0000000000,4478500.0000000000,0.0060300000,0.2972009400,AKShare stock_zh_a_spot / 新浪
600988,赤峰黄金,42.2100000000,40.7800000000,2153085659.0000000000,51478711.0000000000,0.0350700000,21.5308565900,AKShare stock_zh_a_spot / 新浪
600989,宝丰能源,23.5500000000,22.9300000000,1710638208.0000000000,73115330.0000000000,0.0270400000,17.1063820800,AKShare stock_zh_a_spot / 新浪
600990,四创电子,18.3300000000,18.6000000000,62960578.0000000000,3446100.0000000000,-0.0145200000,0.6296057800,AKShare stock_zh_a_spot / 新浪
600992,贵绳股份,10.0800000000,10.0500000000,54325307.0000000000,5423200.0000000000,0.0029900000,0.5432530700,AKShare stock_zh_a_spot / 新浪
600993,马应龙,22.9300000000,23.1600000000,82294899.0000000000,3580435.0000000000,-0.0099300000,0.8229489900,AKShare stock_zh_a_spot / 新浪
600995,南网储能,12.5700000000,12.6200000000,117429998.0000000000,9347421.0000000000,-0.0039600000,1.1742999800,AKShare stock_zh_a_spot / 新浪
600996,贵广网络,6.7500000000,6.8200000000,96407528.0000000000,14309036.0000000000,-0.0102600000,0.9640752800,AKShare stock_zh_a_spot / 新浪
600997,开滦股份,5.5100000000,5.4600000000,52067394.0000000000,9431906.0000000000,0.0091600000,0.5206739400,AKShare stock_zh_a_spot / 新浪
600998,九州通,4.9600000000,4.9900000000,150450076.0000000000,30165909.0000000000,-0.0060100000,1.5045007600,AKShare stock_zh_a_spot / 新浪
600999,招商证券,18.0500000000,18.3200000000,842336153.0000000000,46614420.0000000000,-0.0147400000,8.4233615300,AKShare stock_zh_a_spot / 新浪
601000,唐山港,4.5300000000,4.4700000000,169714401.0000000000,37636709.0000000000,0.0134200000,1.6971440100,AKShare stock_zh_a_spot / 新浪
601001,晋控煤业,17.3900000000,17.1200000000,292555654.0000000000,16879008.0000000000,0.0157700000,2.9255565400,AKShare stock_zh_a_spot / 新浪
601002,晋亿实业,5.3400000000,5.3700000000,54593829.0000000000,10140701.0000000000,-0.0055900000,0.5459382900,AKShare stock_zh_a_spot / 新浪
601003,柳钢股份,3.7600000000,3.7200000000,62614802.0000000000,16809823.0000000000,0.0107500000,0.6261480200,AKShare stock_zh_a_spot / 新浪
601005,重庆钢铁,1.2000000000,1.2000000000,35195166.0000000000,29393800.0000000000,0.0000000000,0.3519516600,AKShare stock_zh_a_spot / 新浪
601006,大秦铁路,4.7400000000,4.7000000000,459752878.0000000000,97177813.0000000000,0.0085100000,4.5975287800,AKShare stock_zh_a_spot / 新浪
601007,金陵饭店,6.7600000000,6.7000000000,37622794.0000000000,5585380.0000000000,0.0089600000,0.3762279400,AKShare stock_zh_a_spot / 新浪
601008,连云港,4.4000000000,4.3700000000,33649505.0000000000,7688100.0000000000,0.0068600000,0.3364950500,AKShare stock_zh_a_spot / 新浪
601009,南京银行,11.4700000000,11.2700000000,502788307.0000000000,43965366.0000000000,0.0177500000,5.0278830700,AKShare stock_zh_a_spot / 新浪
601011,宝泰隆,2.7600000000,2.6700000000,275132737.0000000000,98086198.0000000000,0.0337100000,2.7513273700,AKShare stock_zh_a_spot / 新浪
601012,隆基绿能,12.8400000000,12.8300000000,992985180.0000000000,77408453.0000000000,0.0007800000,9.9298518000,AKShare stock_zh_a_spot / 新浪
601015,陕西黑猫,3.3700000000,3.3600000000,142864989.0000000000,42020956.0000000000,0.0029800000,1.4286498900,AKShare stock_zh_a_spot / 新浪
601016,节能风电,3.4300000000,3.5000000000,348977839.0000000000,101417126.0000000000,-0.0200000000,3.4897783900,AKShare stock_zh_a_spot / 新浪
601018,宁波港,3.3300000000,3.3200000000,130374461.0000000000,39171180.0000000000,0.0030100000,1.3037446100,AKShare stock_zh_a_spot / 新浪
601019,山东出版,6.8600000000,6.8900000000,45763812.0000000000,6678202.0000000000,-0.0043500000,0.4576381200,AKShare stock_zh_a_spot / 新浪
601020,华钰矿业,21.7000000000,22.0900000000,462221396.0000000000,21144740.0000000000,-0.0176600000,4.6222139600,AKShare stock_zh_a_spot / 新浪
601021,春秋航空,44.2700000000,44.5700000000,126971908.0000000000,2867119.0000000000,-0.0067300000,1.2697190800,AKShare stock_zh_a_spot / 新浪
601022,宁波远洋,8.3500000000,8.2200000000,89379132.0000000000,10763400.0000000000,0.0158200000,0.8937913200,AKShare stock_zh_a_spot / 新浪
601026,道生天合,16.3700000000,16.7300000000,179138768.0000000000,10861338.0000000000,-0.0215200000,1.7913876800,AKShare stock_zh_a_spot / 新浪
601033,永兴股份,14.4300000000,14.3500000000,38455412.0000000000,2671800.0000000000,0.0055700000,0.3845541200,AKShare stock_zh_a_spot / 新浪
601038,一拖股份,13.0300000000,12.7600000000,120899271.0000000000,9326400.0000000000,0.0211600000,1.2089927100,AKShare stock_zh_a_spot / 新浪
601058,赛轮轮胎,13.8900000000,13.9700000000,255027301.0000000000,18394067.0000000000,-0.0057300000,2.5502730100,AKShare stock_zh_a_spot / 新浪
601059,信达证券,16.3000000000,16.5700000000,91016499.0000000000,5559993.0000000000,-0.0162900000,0.9101649900,AKShare stock_zh_a_spot / 新浪
601061,中信金属,12.0500000000,12.0300000000,212499215.0000000000,17693845.0000000000,0.0016600000,2.1249921500,AKShare stock_zh_a_spot / 新浪
601065,江盐集团,6.7900000000,6.8000000000,21122995.0000000000,3106800.0000000000,-0.0014700000,0.2112299500,AKShare stock_zh_a_spot / 新浪
601066,中信建投,25.4300000000,25.7700000000,835141061.0000000000,33034195.0000000000,-0.0131900000,8.3514106100,AKShare stock_zh_a_spot / 新浪
601068,中铝国际,4.5000000000,4.4800000000,52567053.0000000000,11755199.0000000000,0.0044600000,0.5256705300,AKShare stock_zh_a_spot / 新浪
601069,西部黄金,28.5000000000,28.4000000000,440399077.0000000000,15464715.0000000000,0.0035200000,4.4039907700,AKShare stock_zh_a_spot / 新浪
601077,渝农商行,6.6300000000,6.5400000000,291996670.0000000000,44170308.0000000000,0.0137600000,2.9199667000,AKShare stock_zh_a_spot / 新浪
601083,锦江航运,11.3400000000,11.1800000000,62244753.0000000000,5495600.0000000000,0.0143100000,0.6224475300,AKShare stock_zh_a_spot / 新浪
601086,国芳集团,7.9600000000,7.8700000000,82092832.0000000000,10305700.0000000000,0.0114400000,0.8209283200,AKShare stock_zh_a_spot / 新浪
601088,中国神华,45.7000000000,44.7900000000,1533115240.0000000000,33658022.0000000000,0.0203200000,15.3311524000,AKShare stock_zh_a_spot / 新浪
601089,福元医药,17.1200000000,17.5000000000,100404301.0000000000,5837500.0000000000,-0.0217100000,1.0040430100,AKShare stock_zh_a_spot / 新浪
601096,宏盛华源,4.2600000000,4.3300000000,66413276.0000000000,15498100.0000000000,-0.0161700000,0.6641327600,AKShare stock_zh_a_spot / 新浪
601098,中南传媒,10.1700000000,10.2200000000,64693728.0000000000,6366300.0000000000,-0.0048900000,0.6469372800,AKShare stock_zh_a_spot / 新浪
601099,太平洋,3.4200000000,3.5400000000,577364428.0000000000,167149420.0000000000,-0.0339000000,5.7736442800,AKShare stock_zh_a_spot / 新浪
601100,恒立液压,107.9900000000,108.8200000000,568677363.0000000000,5289844.0000000000,-0.0076300000,5.6867736300,AKShare stock_zh_a_spot / 新浪
601101,昊华能源,13.0300000000,12.6900000000,737381305.0000000000,56744725.0000000000,0.0267900000,7.3738130500,AKShare stock_zh_a_spot / 新浪
601106,中国一重,3.0800000000,3.1400000000,150385016.0000000000,48677219.0000000000,-0.0191100000,1.5038501600,AKShare stock_zh_a_spot / 新浪
601107,四川成渝,5.5000000000,5.5200000000,37217624.0000000000,6744256.0000000000,-0.0036200000,0.3721762400,AKShare stock_zh_a_spot / 新浪
601108,财通证券,8.8300000000,8.8900000000,615122975.0000000000,69426045.0000000000,-0.0067500000,6.1512297500,AKShare stock_zh_a_spot / 新浪
601111,中国国航,5.8600000000,5.9000000000,269966809.0000000000,46116722.0000000000,-0.0067800000,2.6996680900,AKShare stock_zh_a_spot / 新浪
601112,振石股份,15.7200000000,15.4900000000,117080731.0000000000,7453700.0000000000,0.0148500000,1.1708073100,AKShare stock_zh_a_spot / 新浪
601113,华鼎股份,3.3800000000,3.4100000000,23914930.0000000000,7060500.0000000000,-0.0088000000,0.2391493000,AKShare stock_zh_a_spot / 新浪
601116,三江购物,11.7700000000,10.7000000000,278596850.0000000000,24174828.0000000000,0.1000000000,2.7859685000,AKShare stock_zh_a_spot / 新浪
601117,中国化学,7.5000000000,7.4300000000,347335081.0000000000,46622307.0000000000,0.0094200000,3.4733508100,AKShare stock_zh_a_spot / 新浪
601118,海南橡胶,5.6900000000,5.4300000000,867556930.0000000000,154045502.0000000000,0.0478800000,8.6755693000,AKShare stock_zh_a_spot / 新浪
601121,宝地矿业,7.4300000000,7.5600000000,104441321.0000000000,14023700.0000000000,-0.0172000000,1.0444132100,AKShare stock_zh_a_spot / 新浪
601126,四方股份,47.1100000000,48.4600000000,1449261952.0000000000,30326809.0000000000,-0.0278600000,14.4926195200,AKShare stock_zh_a_spot / 新浪
601127,赛力斯,51.8400000000,53.1400000000,1401365300.0000000000,27006175.0000000000,-0.0244600000,14.0136530000,AKShare stock_zh_a_spot / 新浪
601128,常熟银行,6.1200000000,6.1000000000,184178362.0000000000,30053039.0000000000,0.0032800000,1.8417836200,AKShare stock_zh_a_spot / 新浪
601133,柏诚股份,27.9000000000,28.3800000000,421492334.0000000000,14962500.0000000000,-0.0169100000,4.2149233400,AKShare stock_zh_a_spot / 新浪
601136,首创证券,13.9800000000,14.2500000000,119567618.0000000000,8516500.0000000000,-0.0189500000,1.1956761800,AKShare stock_zh_a_spot / 新浪
601137,博威合金,18.6100000000,19.1800000000,296434468.0000000000,15826548.0000000000,-0.0297200000,2.9643446800,AKShare stock_zh_a_spot / 新浪
601138,工业富联,66.2000000000,68.2300000000,8747299765.0000000000,131581727.0000000000,-0.0297500000,87.4729976500,AKShare stock_zh_a_spot / 新浪
601139,深圳燃气,6.2800000000,6.2300000000,104897479.0000000000,16711760.0000000000,0.0080300000,1.0489747900,AKShare stock_zh_a_spot / 新浪
601155,新城控股,11.1400000000,11.1200000000,261993649.0000000000,23397410.0000000000,0.0018000000,2.6199364900,AKShare stock_zh_a_spot / 新浪
601156,东航物流,18.8300000000,18.9300000000,227732744.0000000000,12067157.0000000000,-0.0052800000,2.2773274400,AKShare stock_zh_a_spot / 新浪
601158,重庆水务,4.1000000000,4.1000000000,24018268.0000000000,5864200.0000000000,0.0000000000,0.2401826800,AKShare stock_zh_a_spot / 新浪
601162,天风证券,3.6400000000,3.7300000000,535097925.0000000000,146647584.0000000000,-0.0241300000,5.3509792500,AKShare stock_zh_a_spot / 新浪
601163,三角轮胎,13.0100000000,13.0000000000,23613933.0000000000,1818060.0000000000,0.0007700000,0.2361393300,AKShare stock_zh_a_spot / 新浪
601166,兴业银行,17.8500000000,17.8300000000,1367364057.0000000000,76681912.0000000000,0.0011200000,13.6736405700,AKShare stock_zh_a_spot / 新浪
601168,西部矿业,38.9500000000,39.3400000000,1672040633.0000000000,43204519.0000000000,-0.0099100000,16.7204063300,AKShare stock_zh_a_spot / 新浪
601169,北京银行,4.9600000000,4.9500000000,324736723.0000000000,65468249.0000000000,0.0020200000,3.2473672300,AKShare stock_zh_a_spot / 新浪
601177,杭齿前进,13.6300000000,13.4300000000,102744201.0000000000,7581314.0000000000,0.0148900000,1.0274420100,AKShare stock_zh_a_spot / 新浪
601179,中国西电,13.6200000000,13.9500000000,1693980648.0000000000,123537646.0000000000,-0.0236600000,16.9398064800,AKShare stock_zh_a_spot / 新浪
601186,中国铁建,6.0100000000,6.0400000000,149516385.0000000000,24838168.0000000000,-0.0049700000,1.4951638500,AKShare stock_zh_a_spot / 新浪
601187,厦门银行,7.1200000000,7.4200000000,278130641.0000000000,38250671.0000000000,-0.0404300000,2.7813064100,AKShare stock_zh_a_spot / 新浪
601188,龙江交通,2.8600000000,2.8800000000,29888346.0000000000,10460200.0000000000,-0.0069400000,0.2988834600,AKShare stock_zh_a_spot / 新浪
601198,东兴证券,13.4800000000,13.6800000000,232233253.0000000000,17214497.0000000000,-0.0146200000,2.3223325300,AKShare stock_zh_a_spot / 新浪
601199,江南水务,6.4600000000,6.3600000000,132067471.0000000000,20207729.0000000000,0.0157200000,1.3206747100,AKShare stock_zh_a_spot / 新浪
601200,上海环境,6.9500000000,6.9800000000,36541972.0000000000,5259456.0000000000,-0.0043000000,0.3654197200,AKShare stock_zh_a_spot / 新浪
601208,东材科技,49.4800000000,49.6000000000,3219168009.0000000000,65105000.0000000000,-0.0024200000,32.1916800900,AKShare stock_zh_a_spot / 新浪
601211,国泰海通,17.7500000000,18.0400000000,1927321319.0000000000,108564595.0000000000,-0.0160800000,19.2732131900,AKShare stock_zh_a_spot / 新浪
601212,白银有色,5.6000000000,5.6700000000,676814887.0000000000,120659061.0000000000,-0.0123500000,6.7681488700,AKShare stock_zh_a_spot / 新浪
601216,君正集团,4.4300000000,4.4700000000,174377215.0000000000,39345387.0000000000,-0.0089500000,1.7437721500,AKShare stock_zh_a_spot / 新浪
601218,吉鑫科技,4.5600000000,4.6200000000,88081187.0000000000,19306600.0000000000,-0.0129900000,0.8808118700,AKShare stock_zh_a_spot / 新浪
601222,林洋能源,5.5100000000,5.5800000000,62458484.0000000000,11310031.0000000000,-0.0125400000,0.6245848400,AKShare stock_zh_a_spot / 新浪
601225,陕西煤业,25.5000000000,25.2300000000,1274701996.0000000000,49927060.0000000000,0.0107000000,12.7470199600,AKShare stock_zh_a_spot / 新浪
601226,华电科工,6.2500000000,6.2600000000,41852227.0000000000,6705914.0000000000,-0.0016000000,0.4185222700,AKShare stock_zh_a_spot / 新浪
601228,广州港,3.0400000000,3.0400000000,54320925.0000000000,17826355.0000000000,0.0000000000,0.5432092500,AKShare stock_zh_a_spot / 新浪
601229,上海银行,9.5300000000,9.4300000000,614519712.0000000000,64519616.0000000000,0.0106000000,6.1451971200,AKShare stock_zh_a_spot / 新浪
601231,环旭电子,28.6900000000,28.9500000000,934793001.0000000000,32169454.0000000000,-0.0089800000,9.3479300100,AKShare stock_zh_a_spot / 新浪
601233,桐昆股份,23.9200000000,23.4500000000,701192314.0000000000,29598739.0000000000,0.0200400000,7.0119231400,AKShare stock_zh_a_spot / 新浪
601236,红塔证券,6.8100000000,6.9300000000,89678584.0000000000,13104074.0000000000,-0.0173200000,0.8967858400,AKShare stock_zh_a_spot / 新浪
601238,广汽集团,5.1000000000,5.1400000000,95715926.0000000000,18764810.0000000000,-0.0077800000,0.9571592600,AKShare stock_zh_a_spot / 新浪
601279,英利汽车,3.2300000000,3.2600000000,21299066.0000000000,6593600.0000000000,-0.0092000000,0.2129906600,AKShare stock_zh_a_spot / 新浪
601288,农业银行,6.6000000000,6.4600000000,3041693942.0000000000,464645427.0000000000,0.0216700000,30.4169394200,AKShare stock_zh_a_spot / 新浪
601298,青岛港,8.7400000000,8.7800000000,66792180.0000000000,7611970.0000000000,-0.0045600000,0.6679218000,AKShare stock_zh_a_spot / 新浪
601311,骆驼股份,7.7600000000,7.7800000000,57806676.0000000000,7465456.0000000000,-0.0025700000,0.5780667600,AKShare stock_zh_a_spot / 新浪
601318,中国平安,51.3200000000,51.8000000000,2975702668.0000000000,57899967.0000000000,-0.0092700000,29.7570266800,AKShare stock_zh_a_spot / 新浪
601319,中国人保,6.9100000000,6.9100000000,260741271.0000000000,37862789.0000000000,0.0000000000,2.6074127100,AKShare stock_zh_a_spot / 新浪
601326,秦港股份,3.3900000000,3.4100000000,49121062.0000000000,14442491.0000000000,-0.0058700000,0.4912106200,AKShare stock_zh_a_spot / 新浪
601328,交通银行,7.0100000000,6.9000000000,1276953368.0000000000,183373515.0000000000,0.0159400000,12.7695336800,AKShare stock_zh_a_spot / 新浪
601330,绿色动力,7.0200000000,7.1100000000,43455746.0000000000,6177700.0000000000,-0.0126600000,0.4345574600,AKShare stock_zh_a_spot / 新浪
601333,广深铁路,2.9100000000,2.9200000000,119591544.0000000000,41083558.0000000000,-0.0034200000,1.1959154400,AKShare stock_zh_a_spot / 新浪
601336,新华保险,57.9400000000,58.5500000000,643275087.0000000000,11119782.0000000000,-0.0104200000,6.4327508700,AKShare stock_zh_a_spot / 新浪
601339,百隆东方,7.9000000000,7.8300000000,68218372.0000000000,8630674.0000000000,0.0089400000,0.6821837200,AKShare stock_zh_a_spot / 新浪
601360,三六零,9.1600000000,9.3600000000,1085523877.0000000000,119142418.0000000000,-0.0213700000,10.8552387700,AKShare stock_zh_a_spot / 新浪
601366,利群股份,3.7500000000,3.8500000000,235070583.0000000000,60838575.0000000000,-0.0259700000,2.3507058300,AKShare stock_zh_a_spot / 新浪
601368,绿城水务,4.5600000000,4.5400000000,15990823.0000000000,3518656.0000000000,0.0044100000,0.1599082300,AKShare stock_zh_a_spot / 新浪
601369,陕鼓动力,8.9200000000,8.9800000000,90358733.0000000000,10044851.0000000000,-0.0066800000,0.9035873300,AKShare stock_zh_a_spot / 新浪
601375,中原证券,4.0400000000,4.1000000000,137908907.0000000000,34133256.0000000000,-0.0146300000,1.3790890700,AKShare stock_zh_a_spot / 新浪
601377,兴业证券,5.8200000000,5.8500000000,275748484.0000000000,47407958.0000000000,-0.0051300000,2.7574848400,AKShare stock_zh_a_spot / 新浪
601388,怡球资源,3.3600000000,3.3700000000,85584761.0000000000,25511957.0000000000,-0.0029700000,0.8558476100,AKShare stock_zh_a_spot / 新浪
601390,中国中铁,4.3400000000,4.3700000000,234760934.0000000000,54005074.0000000000,-0.0068600000,2.3476093400,AKShare stock_zh_a_spot / 新浪
601398,工商银行,7.6700000000,7.5600000000,2847075680.0000000000,373424074.0000000000,0.0145500000,28.4707568000,AKShare stock_zh_a_spot / 新浪
601399,国机重装,3.2100000000,3.2600000000,152826859.0000000000,47634140.0000000000,-0.0153400000,1.5282685900,AKShare stock_zh_a_spot / 新浪
601456,国联民生,8.8600000000,8.9500000000,138990844.0000000000,15672323.0000000000,-0.0100600000,1.3899084400,AKShare stock_zh_a_spot / 新浪
601500,通用股份,4.0500000000,4.0400000000,41360750.0000000000,10272099.0000000000,0.0024800000,0.4136075000,AKShare stock_zh_a_spot / 新浪
601512,中新集团,7.8000000000,7.7700000000,17657959.0000000000,2264302.0000000000,0.0038600000,0.1765795900,AKShare stock_zh_a_spot / 新浪
601515,衢州东峰,3.4000000000,3.4500000000,43279546.0000000000,12673848.0000000000,-0.0144900000,0.4327954600,AKShare stock_zh_a_spot / 新浪
601518,吉林高速,2.7800000000,2.7800000000,26169480.0000000000,9422920.0000000000,0.0000000000,0.2616948000,AKShare stock_zh_a_spot / 新浪
601519,大智慧,7.9500000000,8.1600000000,231179580.0000000000,29069983.0000000000,-0.0257400000,2.3117958000,AKShare stock_zh_a_spot / 新浪
601528,瑞丰银行,4.8500000000,4.8700000000,53164045.0000000000,10952846.0000000000,-0.0041100000,0.5316404500,AKShare stock_zh_a_spot / 新浪
601555,东吴证券,7.9800000000,8.1200000000,282266697.0000000000,35237052.0000000000,-0.0172400000,2.8226669700,AKShare stock_zh_a_spot / 新浪
601566,九牧王,8.7000000000,8.5100000000,86026906.0000000000,9909195.0000000000,0.0223300000,0.8602690600,AKShare stock_zh_a_spot / 新浪
601567,三星电气,15.2200000000,15.5100000000,162765717.0000000000,10637700.0000000000,-0.0187000000,1.6276571700,AKShare stock_zh_a_spot / 新浪
601568,北元化工,3.7100000000,3.6900000000,46286232.0000000000,12490997.0000000000,0.0054200000,0.4628623200,AKShare stock_zh_a_spot / 新浪
601577,长沙银行,9.2200000000,9.2200000000,104129797.0000000000,11269355.0000000000,0.0000000000,1.0412979700,AKShare stock_zh_a_spot / 新浪
601579,会稽山,18.7600000000,18.5600000000,556630668.0000000000,29998879.0000000000,0.0107800000,5.5663066800,AKShare stock_zh_a_spot / 新浪
601588,北辰实业,1.7200000000,1.7200000000,29328117.0000000000,17102300.0000000000,0.0000000000,0.2932811700,AKShare stock_zh_a_spot / 新浪
601595,上海电影,16.8200000000,17.1000000000,75661923.0000000000,4492149.0000000000,-0.0163700000,0.7566192300,AKShare stock_zh_a_spot / 新浪
601598,中国外运,6.6500000000,6.5800000000,86552897.0000000000,13045115.0000000000,0.0106400000,0.8655289700,AKShare stock_zh_a_spot / 新浪
601599,浙文影业,3.0500000000,3.0700000000,34426011.0000000000,11275202.0000000000,-0.0065100000,0.3442601100,AKShare stock_zh_a_spot / 新浪
601600,中国铝业,9.4500000000,9.5400000000,1324137825.0000000000,140285811.0000000000,-0.0094300000,13.2413782500,AKShare stock_zh_a_spot / 新浪
601601,中国太保,29.9800000000,30.1500000000,1029637898.0000000000,34384083.0000000000,-0.0056400000,10.2963789800,AKShare stock_zh_a_spot / 新浪
601606,长城军工,33.7000000000,34.2900000000,684919543.0000000000,20262708.0000000000,-0.0172100000,6.8491954300,AKShare stock_zh_a_spot / 新浪
601607,上海医药,16.4300000000,16.4700000000,145627520.0000000000,8869106.0000000000,-0.0024300000,1.4562752000,AKShare stock_zh_a_spot / 新浪
601608,中信重工,4.9300000000,4.8800000000,182904847.0000000000,37349598.0000000000,0.0102500000,1.8290484700,AKShare stock_zh_a_spot / 新浪
601609,金田股份,11.9500000000,11.7100000000,1072241949.0000000000,91220902.0000000000,0.0205000000,10.7224194900,AKShare stock_zh_a_spot / 新浪
601611,中国核建,11.0600000000,11.3200000000,385796480.0000000000,34774665.0000000000,-0.0229700000,3.8579648000,AKShare stock_zh_a_spot / 新浪
601615,明阳智能,11.4800000000,11.6400000000,553139639.0000000000,48069614.0000000000,-0.0137500000,5.5313963900,AKShare stock_zh_a_spot / 新浪
601616,广电电气,3.7600000000,3.7500000000,55661165.0000000000,14883500.0000000000,0.0026700000,0.5566116500,AKShare stock_zh_a_spot / 新浪
601618,中国中冶,2.5600000000,2.5800000000,122269696.0000000000,47627589.0000000000,-0.0077500000,1.2226969600,AKShare stock_zh_a_spot / 新浪
601619,嘉泽新能,4.2800000000,4.3900000000,232723391.0000000000,53741072.0000000000,-0.0250600000,2.3272339100,AKShare stock_zh_a_spot / 新浪
601628,中国人寿,36.9500000000,37.6000000000,981328817.0000000000,26528653.0000000000,-0.0172900000,9.8132881700,AKShare stock_zh_a_spot / 新浪
601633,长城汽车,15.3300000000,15.4500000000,150280974.0000000000,9800829.0000000000,-0.0077700000,1.5028097400,AKShare stock_zh_a_spot / 新浪
601636,旗滨集团,6.3000000000,6.1700000000,674153698.0000000000,107601514.0000000000,0.0210700000,6.7415369800,AKShare stock_zh_a_spot / 新浪
601658,邮储银行,4.9300000000,4.9100000000,508816035.0000000000,103440799.0000000000,0.0040700000,5.0881603500,AKShare stock_zh_a_spot / 新浪
601665,齐鲁银行,6.4000000000,6.3400000000,307201518.0000000000,47995683.0000000000,0.0094600000,3.0720151800,AKShare stock_zh_a_spot / 新浪
601666,平煤股份,9.2900000000,9.3100000000,307765838.0000000000,33013866.0000000000,-0.0021500000,3.0776583800,AKShare stock_zh_a_spot / 新浪
601668,中国建筑,4.3600000000,4.3600000000,733591430.0000000000,168228194.0000000000,0.0000000000,7.3359143000,AKShare stock_zh_a_spot / 新浪
601669,中国电建,4.6800000000,4.6900000000,282649550.0000000000,60411203.0000000000,-0.0021300000,2.8264955000,AKShare stock_zh_a_spot / 新浪
601677,明泰铝业,16.6400000000,16.6800000000,584228919.0000000000,35376619.0000000000,-0.0024000000,5.8422891900,AKShare stock_zh_a_spot / 新浪
601678,滨化股份,6.8500000000,6.9800000000,764189059.0000000000,110173972.0000000000,-0.0186200000,7.6418905900,AKShare stock_zh_a_spot / 新浪
601686,友发集团,5.1500000000,5.1700000000,20590271.0000000000,3996600.0000000000,-0.0038700000,0.2059027100,AKShare stock_zh_a_spot / 新浪
601688,华泰证券,19.1000000000,19.3700000000,1152737050.0000000000,60176298.0000000000,-0.0139400000,11.5273705000,AKShare stock_zh_a_spot / 新浪
601689,拓普集团,51.1000000000,50.3100000000,1450389378.0000000000,28748566.0000000000,0.0157000000,14.5038937800,AKShare stock_zh_a_spot / 新浪
601696,中银证券,11.8600000000,12.0700000000,363598719.0000000000,30722578.0000000000,-0.0174000000,3.6359871900,AKShare stock_zh_a_spot / 新浪
601698,中国卫通,27.0600000000,26.9600000000,547065532.0000000000,20372275.0000000000,0.0037100000,5.4706553200,AKShare stock_zh_a_spot / 新浪
601699,潞安环能,16.4900000000,16.3100000000,481057931.0000000000,29277341.0000000000,0.0110400000,4.8105793100,AKShare stock_zh_a_spot / 新浪
601700,风范股份,7.3100000000,7.2200000000,2160918836.0000000000,280899915.0000000000,0.0124700000,21.6091883600,AKShare stock_zh_a_spot / 新浪
601702,华峰铝业,16.7000000000,15.1800000000,409830816.0000000000,25505909.0000000000,0.1001300000,4.0983081600,AKShare stock_zh_a_spot / 新浪
601717,中创智领,15.1700000000,15.3300000000,210550638.0000000000,13798400.0000000000,-0.0104400000,2.1055063800,AKShare stock_zh_a_spot / 新浪
601727,上海电气,6.6900000000,6.7500000000,303249334.0000000000,45353084.0000000000,-0.0088900000,3.0324933400,AKShare stock_zh_a_spot / 新浪
601728,中国电信,6.5700000000,6.6100000000,730376988.0000000000,110492944.0000000000,-0.0060500000,7.3037698800,AKShare stock_zh_a_spot / 新浪
601766,中国中车,6.0400000000,5.9700000000,747958575.0000000000,124341099.0000000000,0.0117300000,7.4795857500,AKShare stock_zh_a_spot / 新浪
601777,千里科技,8.1800000000,8.3700000000,179166835.0000000000,21743985.0000000000,-0.0227000000,1.7916683500,AKShare stock_zh_a_spot / 新浪
601778,晶科科技,3.8200000000,3.8300000000,480929558.0000000000,125354368.0000000000,-0.0026100000,4.8092955800,AKShare stock_zh_a_spot / 新浪
601788,光大证券,14.4500000000,14.6600000000,280704924.0000000000,19393496.0000000000,-0.0143200000,2.8070492400,AKShare stock_zh_a_spot / 新浪
601789,宁波建工,4.3500000000,4.5500000000,360173704.0000000000,82125922.0000000000,-0.0439600000,3.6017370400,AKShare stock_zh_a_spot / 新浪
601798,蓝科高新,7.8000000000,7.7800000000,41246582.0000000000,5288900.0000000000,0.0025700000,0.4124658200,AKShare stock_zh_a_spot / 新浪
601799,星宇股份,92.8100000000,91.9500000000,268998180.0000000000,2944018.0000000000,0.0093500000,2.6899818000,AKShare stock_zh_a_spot / 新浪
601800,中国交建,5.8700000000,5.9100000000,119482025.0000000000,20319545.0000000000,-0.0067700000,1.1948202500,AKShare stock_zh_a_spot / 新浪
601801,皖新传媒,5.4200000000,5.4000000000,43269822.0000000000,8023622.0000000000,0.0037000000,0.4326982200,AKShare stock_zh_a_spot / 新浪
601808,中海油服,12.2900000000,12.0500000000,254602781.0000000000,20772387.0000000000,0.0199200000,2.5460278100,AKShare stock_zh_a_spot / 新浪
601811,新华文轩,12.0200000000,11.9100000000,23101050.0000000000,1928699.0000000000,0.0092400000,0.2310105000,AKShare stock_zh_a_spot / 新浪
601816,京沪高铁,4.9000000000,4.8800000000,742425114.0000000000,152167019.0000000000,0.0041000000,7.4242511400,AKShare stock_zh_a_spot / 新浪
601818,光大银行,2.9800000000,2.9900000000,373734205.0000000000,125023642.0000000000,-0.0033400000,3.7373420500,AKShare stock_zh_a_spot / 新浪
601825,沪农商行,8.5600000000,8.6200000000,223303501.0000000000,25965226.0000000000,-0.0069600000,2.2330350100,AKShare stock_zh_a_spot / 新浪
601827,三峰环境,8.3400000000,8.3200000000,48009201.0000000000,5789600.0000000000,0.0024000000,0.4800920100,AKShare stock_zh_a_spot / 新浪
601828,美凯龙,2.1800000000,2.1900000000,56235916.0000000000,25795228.0000000000,-0.0045700000,0.5623591600,AKShare stock_zh_a_spot / 新浪
601838,成都银行,18.0000000000,18.0300000000,351687966.0000000000,19457227.0000000000,-0.0016600000,3.5168796600,AKShare stock_zh_a_spot / 新浪
601857,中国石油,10.9200000000,10.6700000000,1239420576.0000000000,113867304.0000000000,0.0234300000,12.3942057600,AKShare stock_zh_a_spot / 新浪
601858,中国科传,23.6000000000,24.0700000000,235033454.0000000000,9915546.0000000000,-0.0195300000,2.3503345400,AKShare stock_zh_a_spot / 新浪
601860,紫金银行,2.5200000000,2.5300000000,68238873.0000000000,27069720.0000000000,-0.0039500000,0.6823887300,AKShare stock_zh_a_spot / 新浪
601865,福莱特,10.5100000000,10.6600000000,224371863.0000000000,21281154.0000000000,-0.0140700000,2.2437186300,AKShare stock_zh_a_spot / 新浪
601866,中远海发,2.3900000000,2.3800000000,134782930.0000000000,56281100.0000000000,0.0042000000,1.3478293000,AKShare stock_zh_a_spot / 新浪
601868,中国能建,2.5300000000,2.5500000000,451211389.0000000000,177698401.0000000000,-0.0078400000,4.5121138900,AKShare stock_zh_a_spot / 新浪
601869,长飞光纤,383.6000000000,376.5400000000,5940701063.0000000000,15364961.0000000000,0.0187500000,59.4070106300,AKShare stock_zh_a_spot / 新浪
601872,招商轮船,17.9800000000,17.8900000000,1246255278.0000000000,69310007.0000000000,0.0050300000,12.4625527800,AKShare stock_zh_a_spot / 新浪
601877,正泰电器,24.7500000000,24.9000000000,370799117.0000000000,15003327.0000000000,-0.0060200000,3.7079911700,AKShare stock_zh_a_spot / 新浪
601878,浙商证券,9.2500000000,9.3500000000,166720348.0000000000,17981386.0000000000,-0.0107000000,1.6672034800,AKShare stock_zh_a_spot / 新浪
601880,辽港股份,1.4700000000,1.4600000000,90923656.0000000000,62235047.0000000000,0.0068500000,0.9092365600,AKShare stock_zh_a_spot / 新浪
601881,中国银河,12.0500000000,12.2400000000,379563974.0000000000,31456758.0000000000,-0.0155200000,3.7956397400,AKShare stock_zh_a_spot / 新浪
601882,海天精工,21.1500000000,21.3600000000,284210070.0000000000,13325326.0000000000,-0.0098300000,2.8421007000,AKShare stock_zh_a_spot / 新浪
601886,江河集团,12.7300000000,12.7500000000,468933179.0000000000,37534333.0000000000,-0.0015700000,4.6893317900,AKShare stock_zh_a_spot / 新浪
601888,中国中免,53.8800000000,54.0300000000,956775577.0000000000,17746602.0000000000,-0.0027800000,9.5677557700,AKShare stock_zh_a_spot / 新浪
601890,亚星锚链,8.8100000000,9.0100000000,347807310.0000000000,39274913.0000000000,-0.0222000000,3.4780731000,AKShare stock_zh_a_spot / 新浪
601898,中煤能源,14.3700000000,13.9700000000,668144427.0000000000,46620140.0000000000,0.0286300000,6.6814442700,AKShare stock_zh_a_spot / 新浪
601899,紫金矿业,33.5600000000,33.3600000000,6128479458.0000000000,184521427.0000000000,0.0060000000,61.2847945800,AKShare stock_zh_a_spot / 新浪
601900,南方传媒,12.0000000000,12.0200000000,61050100.0000000000,5089900.0000000000,-0.0016600000,0.6105010000,AKShare stock_zh_a_spot / 新浪
601901,方正证券,6.8400000000,6.8900000000,250656140.0000000000,36719181.0000000000,-0.0072600000,2.5065614000,AKShare stock_zh_a_spot / 新浪
601908,京运通,3.0800000000,3.1600000000,140891132.0000000000,45451231.0000000000,-0.0253200000,1.4089113200,AKShare stock_zh_a_spot / 新浪
601916,浙商银行,2.9000000000,2.9100000000,244138277.0000000000,84026952.0000000000,-0.0034400000,2.4413827700,AKShare stock_zh_a_spot / 新浪
601918,新集能源,10.2700000000,10.0400000000,381947165.0000000000,37351480.0000000000,0.0229100000,3.8194716500,AKShare stock_zh_a_spot / 新浪
601919,中远海控,16.3100000000,15.9700000000,1877477015.0000000000,115464955.0000000000,0.0212900000,18.7747701500,AKShare stock_zh_a_spot / 新浪
601921,浙版传媒,7.6700000000,7.4900000000,117832634.0000000000,15489779.0000000000,0.0240300000,1.1783263400,AKShare stock_zh_a_spot / 新浪
601928,凤凰传媒,9.1900000000,9.2400000000,68002266.0000000000,7390259.0000000000,-0.0054100000,0.6800226600,AKShare stock_zh_a_spot / 新浪
601929,吉视传媒,2.3500000000,2.4100000000,165814311.0000000000,70625600.0000000000,-0.0249000000,1.6581431100,AKShare stock_zh_a_spot / 新浪
601933,永辉超市,3.2700000000,3.2400000000,602704575.0000000000,183730516.0000000000,0.0092600000,6.0270457500,AKShare stock_zh_a_spot / 新浪
601939,建设银行,10.4300000000,10.3000000000,1280336686.0000000000,122953427.0000000000,0.0126200000,12.8033668600,AKShare stock_zh_a_spot / 新浪
601949,中国出版,5.2500000000,5.2200000000,54847729.0000000000,10563600.0000000000,0.0057500000,0.5484772900,AKShare stock_zh_a_spot / 新浪
601952,苏垦农发,9.3800000000,8.5300000000,557972538.0000000000,61872073.0000000000,0.0996500000,5.5797253800,AKShare stock_zh_a_spot / 新浪
601956,东贝集团,5.0100000000,5.0000000000,23615995.0000000000,4749600.0000000000,0.0020000000,0.2361599500,AKShare stock_zh_a_spot / 新浪
601958,金钼股份,22.5900000000,22.9500000000,824875198.0000000000,36369296.0000000000,-0.0156900000,8.2487519800,AKShare stock_zh_a_spot / 新浪
601963,重庆银行,10.7800000000,10.8500000000,90882419.0000000000,8377424.0000000000,-0.0064500000,0.9088241900,AKShare stock_zh_a_spot / 新浪
601965,中国汽研,13.9400000000,14.0800000000,78678987.0000000000,5637279.0000000000,-0.0099400000,0.7867898700,AKShare stock_zh_a_spot / 新浪
601966,玲珑轮胎,10.9200000000,11.0400000000,81769500.0000000000,7469880.0000000000,-0.0108700000,0.8176950000,AKShare stock_zh_a_spot / 新浪
601968,宝钢包装,4.4300000000,4.4400000000,18995771.0000000000,4307300.0000000000,-0.0022500000,0.1899577100,AKShare stock_zh_a_spot / 新浪
601969,海南矿业,9.5000000000,9.3400000000,154749284.0000000000,16401900.0000000000,0.0171300000,1.5474928400,AKShare stock_zh_a_spot / 新浪
601975,招商南油,3.7000000000,3.6700000000,397996569.0000000000,107968209.0000000000,0.0081700000,3.9799656900,AKShare stock_zh_a_spot / 新浪
601985,中国核电,8.8200000000,8.7700000000,507331288.0000000000,57731067.0000000000,0.0057000000,5.0733128800,AKShare stock_zh_a_spot / 新浪
601988,中国银行,6.0300000000,5.9000000000,1978698793.0000000000,331033390.0000000000,0.0220300000,19.7869879300,AKShare stock_zh_a_spot / 新浪
601990,南京证券,6.6000000000,6.6900000000,85663295.0000000000,12936000.0000000000,-0.0134500000,0.8566329500,AKShare stock_zh_a_spot / 新浪
601991,大唐发电,6.1600000000,6.4300000000,2936918712.0000000000,471346795.0000000000,-0.0419900000,29.3691871200,AKShare stock_zh_a_spot / 新浪
601992,金隅集团,1.4000000000,1.4000000000,22623082.0000000000,16211338.0000000000,0.0000000000,0.2262308200,AKShare stock_zh_a_spot / 新浪
601995,中金公司,34.3000000000,35.0400000000,786087292.0000000000,22849200.0000000000,-0.0211200000,7.8608729200,AKShare stock_zh_a_spot / 新浪
601996,丰林集团,2.5300000000,2.4700000000,58355527.0000000000,23365100.0000000000,0.0242900000,0.5835552700,AKShare stock_zh_a_spot / 新浪
601997,贵阳银行,5.6100000000,5.5800000000,233688745.0000000000,41712448.0000000000,0.0053800000,2.3368874500,AKShare stock_zh_a_spot / 新浪
601998,中信银行,7.8100000000,7.6900000000,357591374.0000000000,45914381.0000000000,0.0156000000,3.5759137400,AKShare stock_zh_a_spot / 新浪
601999,出版传媒,6.3400000000,6.2800000000,78229971.0000000000,12454893.0000000000,0.0095500000,0.7822997100,AKShare stock_zh_a_spot / 新浪
603000,人民网,16.3500000000,16.7200000000,222160457.0000000000,13590100.0000000000,-0.0221300000,2.2216045700,AKShare stock_zh_a_spot / 新浪
603001,奥康国际,7.8600000000,7.9400000000,81731785.0000000000,10280499.0000000000,-0.0100800000,0.8173178500,AKShare stock_zh_a_spot / 新浪
603002,宏昌电子,17.8400000000,17.5900000000,2544777452.0000000000,141861926.0000000000,0.0142100000,25.4477745200,AKShare stock_zh_a_spot / 新浪
603004,鼎龙科技,20.3200000000,20.5200000000,43039415.0000000000,2121800.0000000000,-0.0097500000,0.4303941500,AKShare stock_zh_a_spot / 新浪
603005,晶方科技,34.7300000000,35.1500000000,1367988427.0000000000,39278103.0000000000,-0.0119500000,13.6798842700,AKShare stock_zh_a_spot / 新浪
603006,联明股份,11.3400000000,11.4000000000,18878945.0000000000,1668200.0000000000,-0.0052600000,0.1887894500,AKShare stock_zh_a_spot / 新浪
603007,顺景科技,4.8300000000,4.8200000000,77053622.0000000000,16033124.0000000000,0.0020700000,0.7705362200,AKShare stock_zh_a_spot / 新浪
603009,北特科技,48.0600000000,48.4500000000,368634065.0000000000,7665582.0000000000,-0.0080500000,3.6863406500,AKShare stock_zh_a_spot / 新浪
603010,万盛股份,12.2500000000,12.3900000000,178972811.0000000000,14811540.0000000000,-0.0113000000,1.7897281100,AKShare stock_zh_a_spot / 新浪
603011,合锻智能,25.4400000000,26.6800000000,1581030650.0000000000,61845361.0000000000,-0.0464800000,15.8103065000,AKShare stock_zh_a_spot / 新浪
603012,创力集团,9.1500000000,9.2200000000,294696333.0000000000,31833578.0000000000,-0.0075900000,2.9469633300,AKShare stock_zh_a_spot / 新浪
603013,亚普股份,16.7300000000,16.6800000000,29704057.0000000000,1788500.0000000000,0.0030000000,0.2970405700,AKShare stock_zh_a_spot / 新浪
603014,威高血净,33.3300000000,33.6900000000,41323132.0000000000,1236992.0000000000,-0.0106900000,0.4132313200,AKShare stock_zh_a_spot / 新浪
603015,弘讯科技,11.3300000000,10.9600000000,99606702.0000000000,8899122.0000000000,0.0337600000,0.9960670200,AKShare stock_zh_a_spot / 新浪
603016,新宏泰,29.0400000000,29.4200000000,48670291.0000000000,1680650.0000000000,-0.0129200000,0.4867029100,AKShare stock_zh_a_spot / 新浪
603017,中衡设计,9.7000000000,9.7600000000,32340324.0000000000,3352200.0000000000,-0.0061500000,0.3234032400,AKShare stock_zh_a_spot / 新浪
603018,华设集团,5.2700000000,5.3700000000,32480627.0000000000,6127340.0000000000,-0.0186200000,0.3248062700,AKShare stock_zh_a_spot / 新浪
603019,中科曙光,89.8700000000,90.5600000000,3698602239.0000000000,41399878.0000000000,-0.0076200000,36.9860223900,AKShare stock_zh_a_spot / 新浪
603020,爱普股份,10.3100000000,10.4000000000,53908684.0000000000,5212300.0000000000,-0.0086500000,0.5390868400,AKShare stock_zh_a_spot / 新浪
603022,新通联,8.7700000000,8.8100000000,15441452.0000000000,1764400.0000000000,-0.0045400000,0.1544145200,AKShare stock_zh_a_spot / 新浪
603023,威帝股份,4.1700000000,4.1500000000,41346813.0000000000,9976356.0000000000,0.0048200000,0.4134681300,AKShare stock_zh_a_spot / 新浪
603025,大豪科技,14.5000000000,15.0000000000,413778856.0000000000,28607310.0000000000,-0.0333300000,4.1377885600,AKShare stock_zh_a_spot / 新浪
603026,石大胜华,67.0600000000,68.7800000000,649383091.0000000000,9543023.0000000000,-0.0250100000,6.4938309100,AKShare stock_zh_a_spot / 新浪
603027,千禾味业,7.3600000000,7.3500000000,83218470.0000000000,11310937.0000000000,0.0013600000,0.8321847000,AKShare stock_zh_a_spot / 新浪
603028,赛福天,7.0900000000,7.0700000000,25249571.0000000000,3588850.0000000000,0.0028300000,0.2524957100,AKShare stock_zh_a_spot / 新浪
603029,天鹅股份,16.1500000000,15.8900000000,51802527.0000000000,3235869.0000000000,0.0163600000,0.5180252700,AKShare stock_zh_a_spot / 新浪
603030,全筑股份,2.0800000000,2.0900000000,38586185.0000000000,18575400.0000000000,-0.0047800000,0.3858618500,AKShare stock_zh_a_spot / 新浪
603031,安孚科技,42.5000000000,43.7500000000,728908031.0000000000,17172006.0000000000,-0.0285700000,7.2890803100,AKShare stock_zh_a_spot / 新浪
603032,德新科技,19.5100000000,19.6400000000,94198382.0000000000,4842440.0000000000,-0.0066200000,0.9419838200,AKShare stock_zh_a_spot / 新浪
603033,三维股份,7.6500000000,7.8400000000,50378498.0000000000,6535400.0000000000,-0.0242300000,0.5037849800,AKShare stock_zh_a_spot / 新浪
603035,常熟汽饰,11.1100000000,11.0900000000,29484815.0000000000,2664185.0000000000,0.0018000000,0.2948481500,AKShare stock_zh_a_spot / 新浪
603036,如通股份,13.7400000000,13.7000000000,60675944.0000000000,4444800.0000000000,0.0029200000,0.6067594400,AKShare stock_zh_a_spot / 新浪
603037,凯众股份,10.3400000000,10.5100000000,71174382.0000000000,6895382.0000000000,-0.0161800000,0.7117438200,AKShare stock_zh_a_spot / 新浪
603038,华立股份,16.0100000000,16.2500000000,122064759.0000000000,7667900.0000000000,-0.0147700000,1.2206475900,AKShare stock_zh_a_spot / 新浪
603039,泛微网络,44.0700000000,44.6800000000,1112357674.0000000000,24887241.0000000000,-0.0136500000,11.1235767400,AKShare stock_zh_a_spot / 新浪
603040,新坐标,57.5600000000,57.4300000000,74858257.0000000000,1306649.0000000000,0.0022600000,0.7485825700,AKShare stock_zh_a_spot / 新浪
603041,美思德,11.1900000000,11.2700000000,17705893.0000000000,1587740.0000000000,-0.0071000000,0.1770589300,AKShare stock_zh_a_spot / 新浪
603042,华脉科技,13.9500000000,14.3600000000,108372647.0000000000,7741444.0000000000,-0.0285500000,1.0837264700,AKShare stock_zh_a_spot / 新浪
603043,广州酒家,13.6900000000,13.5600000000,40573693.0000000000,2971200.0000000000,0.0095900000,0.4057369300,AKShare stock_zh_a_spot / 新浪
603045,福达合金,57.6000000000,56.9200000000,490745597.0000000000,8537005.0000000000,0.0119500000,4.9074559700,AKShare stock_zh_a_spot / 新浪
603048,浙江黎明,22.2900000000,22.2800000000,45977152.0000000000,2060900.0000000000,0.0004500000,0.4597715200,AKShare stock_zh_a_spot / 新浪
603049,中策橡胶,49.8800000000,48.5600000000,224320987.0000000000,4551775.0000000000,0.0271800000,2.2432098700,AKShare stock_zh_a_spot / 新浪
603050,科林电气,19.1600000000,18.7900000000,137297564.0000000000,7121605.0000000000,0.0196900000,1.3729756400,AKShare stock_zh_a_spot / 新浪
603051,鹿山新材,21.5400000000,21.8000000000,54247306.0000000000,2517285.0000000000,-0.0119300000,0.5424730600,AKShare stock_zh_a_spot / 新浪
603052,可川科技,60.3000000000,59.4700000000,390765528.0000000000,6571340.0000000000,0.0139600000,3.9076552800,AKShare stock_zh_a_spot / 新浪
603053,成都燃气,8.7300000000,8.6900000000,18860455.0000000000,2159900.0000000000,0.0046000000,0.1886045500,AKShare stock_zh_a_spot / 新浪
603055,台华新材,9.0200000000,8.9900000000,82858440.0000000000,9151892.0000000000,0.0033400000,0.8285844000,AKShare stock_zh_a_spot / 新浪
603057,紫燕食品,22.4500000000,22.4500000000,75390143.0000000000,3316901.0000000000,0.0000000000,0.7539014300,AKShare stock_zh_a_spot / 新浪
603058,永吉股份,9.5800000000,9.7600000000,76738971.0000000000,8028000.0000000000,-0.0184400000,0.7673897100,AKShare stock_zh_a_spot / 新浪
603059,倍加洁,25.2100000000,25.3700000000,22586128.0000000000,899400.0000000000,-0.0063100000,0.2258612800,AKShare stock_zh_a_spot / 新浪
603060,国检集团,5.5400000000,5.4900000000,29950522.0000000000,5442657.0000000000,0.0091100000,0.2995052200,AKShare stock_zh_a_spot / 新浪
603061,金海通,366.8500000000,357.2300000000,1472359387.0000000000,4098900.0000000000,0.0269300000,14.7235938700,AKShare stock_zh_a_spot / 新浪
603062,麦加芯彩,39.1000000000,39.3600000000,9915834.0000000000,252900.0000000000,-0.0066100000,0.0991583400,AKShare stock_zh_a_spot / 新浪
603063,禾望电气,34.0700000000,35.4300000000,920809481.0000000000,26787672.0000000000,-0.0383900000,9.2080948100,AKShare stock_zh_a_spot / 新浪
603065,宿迁联盛,18.1100000000,16.4600000000,1120376742.0000000000,63355900.0000000000,0.1002400000,11.2037674200,AKShare stock_zh_a_spot / 新浪
603066,音飞储存,9.1900000000,9.1700000000,25867523.0000000000,2820700.0000000000,0.0021800000,0.2586752300,AKShare stock_zh_a_spot / 新浪
603067,振华股份,37.9300000000,36.5200000000,1510494380.0000000000,40673782.0000000000,0.0386100000,15.1049438000,AKShare stock_zh_a_spot / 新浪
603068,博通集成,42.3800000000,43.0300000000,431868985.0000000000,10194460.0000000000,-0.0151100000,4.3186898500,AKShare stock_zh_a_spot / 新浪
603069,海汽集团,13.3300000000,13.2500000000,43419082.0000000000,3266180.0000000000,0.0060400000,0.4341908200,AKShare stock_zh_a_spot / 新浪
603070,万控智造,11.6700000000,11.7800000000,23181273.0000000000,1988746.0000000000,-0.0093400000,0.2318127300,AKShare stock_zh_a_spot / 新浪
603071,物产环能,13.2000000000,12.0000000000,139507729.0000000000,10695852.0000000000,0.1000000000,1.3950772900,AKShare stock_zh_a_spot / 新浪
603072,天和磁材,32.5100000000,32.7600000000,54979656.0000000000,1691600.0000000000,-0.0076300000,0.5497965600,AKShare stock_zh_a_spot / 新浪
603073,彩蝶实业,16.6200000000,16.6500000000,25104580.0000000000,1514666.0000000000,-0.0018000000,0.2510458000,AKShare stock_zh_a_spot / 新浪
603075,热威股份,19.4800000000,19.1200000000,64532880.0000000000,3345783.0000000000,0.0188300000,0.6453288000,AKShare stock_zh_a_spot / 新浪
603076,乐惠国际,21.2900000000,21.3700000000,51336504.0000000000,2403481.0000000000,-0.0037400000,0.5133650400,AKShare stock_zh_a_spot / 新浪
603077,和邦生物,2.4100000000,2.4400000000,406931257.0000000000,167637860.0000000000,-0.0123000000,4.0693125700,AKShare stock_zh_a_spot / 新浪
603078,江化微,38.1200000000,38.2000000000,1529803570.0000000000,39963072.0000000000,-0.0020900000,15.2980357000,AKShare stock_zh_a_spot / 新浪
603079,圣达生物,14.7300000000,14.7500000000,575702057.0000000000,36472308.0000000000,-0.0013600000,5.7570205700,AKShare stock_zh_a_spot / 新浪
603080,新疆火炬,19.8300000000,19.4500000000,52244313.0000000000,2644300.0000000000,0.0195400000,0.5224431300,AKShare stock_zh_a_spot / 新浪
603081,大丰实业,9.4600000000,9.5400000000,30903446.0000000000,3278500.0000000000,-0.0083900000,0.3090344600,AKShare stock_zh_a_spot / 新浪
603082,北自科技,43.6100000000,44.1700000000,251827096.0000000000,5759590.0000000000,-0.0126800000,2.5182709600,AKShare stock_zh_a_spot / 新浪
603083,剑桥科技,186.0500000000,190.2100000000,4377509337.0000000000,23476588.0000000000,-0.0218700000,43.7750933700,AKShare stock_zh_a_spot / 新浪
603085,天成自控,10.0100000000,10.2400000000,48436594.0000000000,4836500.0000000000,-0.0224600000,0.4843659400,AKShare stock_zh_a_spot / 新浪
603086,先达股份,5.7700000000,5.7000000000,46427858.0000000000,8077800.0000000000,0.0122800000,0.4642785800,AKShare stock_zh_a_spot / 新浪
603087,甘李药业,72.5800000000,74.2200000000,974845434.0000000000,13369957.0000000000,-0.0221000000,9.7484543400,AKShare stock_zh_a_spot / 新浪
603088,宁波精达,9.2800000000,9.4400000000,47683280.0000000000,5128200.0000000000,-0.0169500000,0.4768328000,AKShare stock_zh_a_spot / 新浪
603089,正裕工业,11.8000000000,10.7300000000,56736937.0000000000,4808215.0000000000,0.0997200000,0.5673693700,AKShare stock_zh_a_spot / 新浪
603090,宏盛股份,39.8200000000,40.7500000000,90595620.0000000000,2260400.0000000000,-0.0228200000,0.9059562000,AKShare stock_zh_a_spot / 新浪
603091,众鑫股份,49.1300000000,51.4200000000,59688319.0000000000,1195520.0000000000,-0.0445400000,0.5968831900,AKShare stock_zh_a_spot / 新浪
603092,德力佳,48.7300000000,49.2300000000,38825029.0000000000,797883.0000000000,-0.0101600000,0.3882502900,AKShare stock_zh_a_spot / 新浪
603093,南华期货,11.8000000000,12.2100000000,160419063.0000000000,13575655.0000000000,-0.0335800000,1.6041906300,AKShare stock_zh_a_spot / 新浪
603095,越剑智能,15.5200000000,16.4300000000,347069578.0000000000,22171162.0000000000,-0.0553900000,3.4706957800,AKShare stock_zh_a_spot / 新浪
603096,新经典,15.3400000000,15.4500000000,26666674.0000000000,1749000.0000000000,-0.0071200000,0.2666667400,AKShare stock_zh_a_spot / 新浪
603097,江苏华辰,20.0800000000,20.2000000000,42988848.0000000000,2134170.0000000000,-0.0059400000,0.4298884800,AKShare stock_zh_a_spot / 新浪
603098,森特股份,10.4400000000,10.3900000000,51855959.0000000000,4986649.0000000000,0.0048100000,0.5185595900,AKShare stock_zh_a_spot / 新浪
603099,长白山,39.1800000000,40.0900000000,243797190.0000000000,6189920.0000000000,-0.0227000000,2.4379719000,AKShare stock_zh_a_spot / 新浪
603100,川仪股份,17.6500000000,17.6500000000,47310083.0000000000,2695341.0000000000,0.0000000000,0.4731008300,AKShare stock_zh_a_spot / 新浪
603101,汇嘉时代,7.3800000000,7.2100000000,73198986.0000000000,9977797.0000000000,0.0235800000,0.7319898600,AKShare stock_zh_a_spot / 新浪
603102,百合股份,41.6000000000,43.4100000000,400652735.0000000000,8958133.0000000000,-0.0417000000,4.0065273500,AKShare stock_zh_a_spot / 新浪
603103,横店影视,15.1500000000,15.2300000000,53189171.0000000000,3527793.0000000000,-0.0052500000,0.5318917100,AKShare stock_zh_a_spot / 新浪
603105,芯能科技,7.1000000000,7.1200000000,29984759.0000000000,4237984.0000000000,-0.0028100000,0.2998475900,AKShare stock_zh_a_spot / 新浪
603106,恒银科技,7.9000000000,8.2700000000,377811578.0000000000,47546311.0000000000,-0.0447400000,3.7781157800,AKShare stock_zh_a_spot / 新浪
603107,上海汽配,11.9900000000,12.0800000000,17374383.0000000000,1447800.0000000000,-0.0074500000,0.1737438300,AKShare stock_zh_a_spot / 新浪
603108,润达医疗,9.9800000000,10.2200000000,161174749.0000000000,16110782.0000000000,-0.0234800000,1.6117474900,AKShare stock_zh_a_spot / 新浪
603109,神驰机电,17.6500000000,17.7200000000,25632264.0000000000,1456539.0000000000,-0.0039500000,0.2563226400,AKShare stock_zh_a_spot / 新浪
603110,东方材料,27.7900000000,27.7400000000,679186573.0000000000,24617689.0000000000,0.0018000000,6.7918657300,AKShare stock_zh_a_spot / 新浪
603111,康尼机电,5.7800000000,5.8300000000,21366226.0000000000,3689800.0000000000,-0.0085800000,0.2136622600,AKShare stock_zh_a_spot / 新浪
603112,华翔股份,16.5900000000,15.0800000000,320392216.0000000000,19927461.0000000000,0.1001300000,3.2039221600,AKShare stock_zh_a_spot / 新浪
603113,金能科技,4.6800000000,4.6100000000,34878684.0000000000,7506900.0000000000,0.0151800000,0.3487868400,AKShare stock_zh_a_spot / 新浪
603115,海星股份,85.4400000000,85.2600000000,927652362.0000000000,10913665.0000000000,0.0021100000,9.2765236200,AKShare stock_zh_a_spot / 新浪
603116,红蜻蜓,6.4500000000,6.3500000000,42459614.0000000000,6602740.0000000000,0.0157500000,0.4245961400,AKShare stock_zh_a_spot / 新浪
603117,万林物流,3.7800000000,3.8000000000,20447471.0000000000,5425800.0000000000,-0.0052600000,0.2044747100,AKShare stock_zh_a_spot / 新浪
603118,共进股份,19.0100000000,19.3200000000,4393371028.0000000000,228907449.0000000000,-0.0160500000,43.9337102800,AKShare stock_zh_a_spot / 新浪
603119,浙江荣泰,55.5500000000,55.3300000000,487848553.0000000000,8888465.0000000000,0.0039800000,4.8784855300,AKShare stock_zh_a_spot / 新浪
603120,肯特催化,51.1500000000,50.2900000000,117520407.0000000000,2317703.0000000000,0.0171000000,1.1752040700,AKShare stock_zh_a_spot / 新浪
603121,华培动力,12.7300000000,12.7300000000,37500098.0000000000,2957710.0000000000,0.0000000000,0.3750009800,AKShare stock_zh_a_spot / 新浪
603122,合富中国,12.6500000000,12.5700000000,358616234.0000000000,28308300.0000000000,0.0063600000,3.5861623400,AKShare stock_zh_a_spot / 新浪
603123,翠微股份,8.8300000000,9.0200000000,161033248.0000000000,18156889.0000000000,-0.0210600000,1.6103324800,AKShare stock_zh_a_spot / 新浪
603124,江南新材,144.9000000000,147.0000000000,617971836.0000000000,4283150.0000000000,-0.0142900000,6.1797183600,AKShare stock_zh_a_spot / 新浪
603125,常青科技,24.6900000000,24.8400000000,109743256.0000000000,4457469.0000000000,-0.0060400000,1.0974325600,AKShare stock_zh_a_spot / 新浪
603126,中材节能,6.0600000000,6.0900000000,33972159.0000000000,5611700.0000000000,-0.0049300000,0.3397215900,AKShare stock_zh_a_spot / 新浪
603127,昭衍新药,53.9000000000,53.4800000000,2163330275.0000000000,40347070.0000000000,0.0078500000,21.6333027500,AKShare stock_zh_a_spot / 新浪
603128,华贸物流,5.3800000000,5.3300000000,34723554.0000000000,6482513.0000000000,0.0093800000,0.3472355400,AKShare stock_zh_a_spot / 新浪
603129,春风动力,306.9900000000,292.0000000000,859875158.0000000000,2877911.0000000000,0.0513400000,8.5987515800,AKShare stock_zh_a_spot / 新浪
603130,云中马,42.0800000000,41.8900000000,96490008.0000000000,2291800.0000000000,0.0045400000,0.9649000800,AKShare stock_zh_a_spot / 新浪
603131,上海沪工,15.6700000000,15.7600000000,78775282.0000000000,5054500.0000000000,-0.0057100000,0.7877528200,AKShare stock_zh_a_spot / 新浪
603132,金徽股份,19.1600000000,19.0500000000,123463859.0000000000,6472947.0000000000,0.0057700000,1.2346385900,AKShare stock_zh_a_spot / 新浪
603135,中重科技,9.4600000000,9.5100000000,55906822.0000000000,5922668.0000000000,-0.0052600000,0.5590682200,AKShare stock_zh_a_spot / 新浪
603136,天目湖,9.0900000000,9.0100000000,23547185.0000000000,2599875.0000000000,0.0088800000,0.2354718500,AKShare stock_zh_a_spot / 新浪
603137,恒尚节能,26.7700000000,26.2200000000,719114925.0000000000,27017841.0000000000,0.0209800000,7.1911492500,AKShare stock_zh_a_spot / 新浪
603138,海量数据,13.5000000000,13.5200000000,74357678.0000000000,5599398.0000000000,-0.0014800000,0.7435767800,AKShare stock_zh_a_spot / 新浪
603139,康惠股份,36.9700000000,37.1000000000,53939330.0000000000,1461800.0000000000,-0.0035000000,0.5393933000,AKShare stock_zh_a_spot / 新浪
603150,万朗磁塑,54.4000000000,54.9900000000,79024343.0000000000,1446400.0000000000,-0.0107300000,0.7902434300,AKShare stock_zh_a_spot / 新浪
603151,邦基科技,15.2200000000,15.2400000000,87085468.0000000000,5639900.0000000000,-0.0013100000,0.8708546800,AKShare stock_zh_a_spot / 新浪
603153,上海建科,13.1100000000,13.2100000000,16348554.0000000000,1245520.0000000000,-0.0075700000,0.1634855400,AKShare stock_zh_a_spot / 新浪
603155,新亚强,14.6600000000,14.4800000000,155375700.0000000000,10686319.0000000000,0.0124300000,1.5537570000,AKShare stock_zh_a_spot / 新浪
603156,养元饮品,53.7000000000,53.3500000000,766702871.0000000000,14128140.0000000000,0.0065600000,7.6670287100,AKShare stock_zh_a_spot / 新浪
603158,腾龙股份,10.3600000000,10.7900000000,207443826.0000000000,19912203.0000000000,-0.0398500000,2.0744382600,AKShare stock_zh_a_spot / 新浪
603159,上海亚虹,21.4500000000,21.3600000000,35598547.0000000000,1670400.0000000000,0.0042100000,0.3559854700,AKShare stock_zh_a_spot / 新浪
603160,汇顶科技,51.0300000000,52.0000000000,240033738.0000000000,4706725.0000000000,-0.0186500000,2.4003373800,AKShare stock_zh_a_spot / 新浪
603161,科华控股,16.9000000000,16.7500000000,89338852.0000000000,5331054.0000000000,0.0089600000,0.8933885200,AKShare stock_zh_a_spot / 新浪
603162,海通发展,12.1700000000,11.8600000000,323967626.0000000000,26735331.0000000000,0.0261400000,3.2396762600,AKShare stock_zh_a_spot / 新浪
603163,圣晖集成,90.5800000000,91.5600000000,286410184.0000000000,3167473.0000000000,-0.0107000000,2.8641018400,AKShare stock_zh_a_spot / 新浪
603165,荣晟环保,13.9900000000,13.8300000000,54638294.0000000000,3922700.0000000000,0.0115700000,0.5463829400,AKShare stock_zh_a_spot / 新浪
603166,福达股份,12.0100000000,11.4800000000,193658610.0000000000,16354265.0000000000,0.0461700000,1.9365861000,AKShare stock_zh_a_spot / 新浪
603167,渤海轮渡,8.7100000000,8.6700000000,17472652.0000000000,2011850.0000000000,0.0046100000,0.1747265200,AKShare stock_zh_a_spot / 新浪
603168,莎普爱思,5.6000000000,5.6600000000,30486407.0000000000,5445100.0000000000,-0.0106000000,0.3048640700,AKShare stock_zh_a_spot / 新浪
603169,兰石重装,6.5600000000,6.7500000000,76880973.0000000000,11616829.0000000000,-0.0281500000,0.7688097300,AKShare stock_zh_a_spot / 新浪
603170,宝立食品,12.6000000000,12.6900000000,34501134.0000000000,2720300.0000000000,-0.0070900000,0.3450113400,AKShare stock_zh_a_spot / 新浪
603171,税友股份,44.4900000000,45.7300000000,325316624.0000000000,7286876.0000000000,-0.0271200000,3.2531662400,AKShare stock_zh_a_spot / 新浪
603172,万丰股份,17.9200000000,17.8500000000,28200397.0000000000,1584300.0000000000,0.0039200000,0.2820039700,AKShare stock_zh_a_spot / 新浪
603173,福斯达,32.7000000000,32.0000000000,43799213.0000000000,1353089.0000000000,0.0218800000,0.4379921300,AKShare stock_zh_a_spot / 新浪
603175,超颖电子,96.3700000000,96.3700000000,319900643.0000000000,3375650.0000000000,0.0000000000,3.1990064300,AKShare stock_zh_a_spot / 新浪
603176,汇通集团,4.9000000000,4.8900000000,13439932.0000000000,2756400.0000000000,0.0020400000,0.1343993200,AKShare stock_zh_a_spot / 新浪
603177,德创环保,10.7600000000,10.1300000000,182750885.0000000000,17564355.0000000000,0.0621900000,1.8275088500,AKShare stock_zh_a_spot / 新浪
603178,圣龙股份,17.7500000000,17.3100000000,249319435.0000000000,14161120.0000000000,0.0254200000,2.4931943500,AKShare stock_zh_a_spot / 新浪
603179,新泉股份,39.6200000000,39.7300000000,838956922.0000000000,21389029.0000000000,-0.0027700000,8.3895692200,AKShare stock_zh_a_spot / 新浪
603180,金牌家居,15.5600000000,16.1700000000,71229422.0000000000,4460180.0000000000,-0.0377200000,0.7122942200,AKShare stock_zh_a_spot / 新浪
603181,皇马科技,12.9300000000,13.3700000000,118813661.0000000000,9104712.0000000000,-0.0329100000,1.1881366100,AKShare stock_zh_a_spot / 新浪
603182,嘉华股份,13.0600000000,13.0100000000,32137396.0000000000,2453400.0000000000,0.0038400000,0.3213739600,AKShare stock_zh_a_spot / 新浪
603183,建研院,4.7300000000,4.7700000000,98372836.0000000000,20514198.0000000000,-0.0083900000,0.9837283600,AKShare stock_zh_a_spot / 新浪
603185,弘元绿能,17.2900000000,17.2200000000,148982116.0000000000,8663007.0000000000,0.0040700000,1.4898211600,AKShare stock_zh_a_spot / 新浪
603186,华正新材,184.2000000000,184.3100000000,5858612566.0000000000,30837393.0000000000,-0.0006000000,58.5861256600,AKShare stock_zh_a_spot / 新浪
603187,海容冷链,11.2400000000,11.4900000000,154580018.0000000000,13766182.0000000000,-0.0217600000,1.5458001800,AKShare stock_zh_a_spot / 新浪
603188,亚邦股份,4.6900000000,4.7000000000,104863589.0000000000,22320100.0000000000,-0.0021300000,1.0486358900,AKShare stock_zh_a_spot / 新浪
603190,亚通精工,16.7400000000,17.1100000000,33384086.0000000000,1983568.0000000000,-0.0216200000,0.3338408600,AKShare stock_zh_a_spot / 新浪
603191,望变电气,15.4500000000,15.9300000000,214915468.0000000000,13787241.0000000000,-0.0301300000,2.1491546800,AKShare stock_zh_a_spot / 新浪
603192,汇得科技,20.8500000000,21.2900000000,28599362.0000000000,1361000.0000000000,-0.0206700000,0.2859936200,AKShare stock_zh_a_spot / 新浪
603193,润本股份,21.3400000000,21.0200000000,47790754.0000000000,2265500.0000000000,0.0152200000,0.4779075400,AKShare stock_zh_a_spot / 新浪
603194,中力股份,33.7900000000,33.9400000000,27338353.0000000000,810900.0000000000,-0.0044200000,0.2733835300,AKShare stock_zh_a_spot / 新浪
603195,公牛集团,39.3500000000,39.8100000000,279501477.0000000000,7089052.0000000000,-0.0115500000,2.7950147700,AKShare stock_zh_a_spot / 新浪
603196,璞源材料,21.0000000000,21.1000000000,45954464.0000000000,2204100.0000000000,-0.0047400000,0.4595446400,AKShare stock_zh_a_spot / 新浪
603197,保隆科技,31.2500000000,30.7600000000,131499815.0000000000,4182733.0000000000,0.0159300000,1.3149981500,AKShare stock_zh_a_spot / 新浪
603198,迎驾贡酒,40.1000000000,39.4000000000,262474720.0000000000,6570150.0000000000,0.0177700000,2.6247472000,AKShare stock_zh_a_spot / 新浪
603199,九华旅游,32.6500000000,32.6100000000,33089381.0000000000,1014500.0000000000,0.0012300000,0.3308938100,AKShare stock_zh_a_spot / 新浪
603200,上海洗霸,37.0200000000,37.6700000000,119310629.0000000000,3214500.0000000000,-0.0172600000,1.1931062900,AKShare stock_zh_a_spot / 新浪
603201,常润股份,16.1500000000,16.1600000000,55679260.0000000000,3466300.0000000000,-0.0006200000,0.5567926000,AKShare stock_zh_a_spot / 新浪
603202,天有为,52.4200000000,52.6500000000,40275886.0000000000,769636.0000000000,-0.0043700000,0.4027588600,AKShare stock_zh_a_spot / 新浪
603203,快克智能,46.7100000000,46.6000000000,419361825.0000000000,9006310.0000000000,0.0023600000,4.1936182500,AKShare stock_zh_a_spot / 新浪
603205,健尔康,22.0700000000,21.9200000000,16785238.0000000000,762065.0000000000,0.0068400000,0.1678523800,AKShare stock_zh_a_spot / 新浪
603206,嘉环科技,14.2100000000,14.4400000000,60420422.0000000000,4263200.0000000000,-0.0159300000,0.6042042200,AKShare stock_zh_a_spot / 新浪
603207,小方制药,23.5400000000,23.7300000000,35295350.0000000000,1498087.0000000000,-0.0080100000,0.3529535000,AKShare stock_zh_a_spot / 新浪
603208,江山欧派,11.2500000000,11.4600000000,15163556.0000000000,1341191.0000000000,-0.0183200000,0.1516355600,AKShare stock_zh_a_spot / 新浪
603209,兴通股份,13.4800000000,13.6000000000,59661139.0000000000,4399600.0000000000,-0.0088200000,0.5966113900,AKShare stock_zh_a_spot / 新浪
603210,泰鸿万立,13.8300000000,13.7400000000,53711099.0000000000,3904860.0000000000,0.0065500000,0.5371109900,AKShare stock_zh_a_spot / 新浪
603211,晋拓股份,28.7000000000,27.6900000000,258184063.0000000000,9148742.0000000000,0.0364800000,2.5818406300,AKShare stock_zh_a_spot / 新浪
603212,赛伍技术,11.9200000000,11.9800000000,82781581.0000000000,6932272.0000000000,-0.0050100000,0.8278158100,AKShare stock_zh_a_spot / 新浪
603213,镇洋发展,13.6900000000,13.7400000000,27153929.0000000000,1988962.0000000000,-0.0036400000,0.2715392900,AKShare stock_zh_a_spot / 新浪
603214,爱婴室,13.9300000000,13.8700000000,21439233.0000000000,1546349.0000000000,0.0043300000,0.2143923300,AKShare stock_zh_a_spot / 新浪
603215,比依股份,14.5900000000,14.6000000000,12859282.0000000000,890000.0000000000,-0.0006800000,0.1285928200,AKShare stock_zh_a_spot / 新浪
603216,梦天家居,21.4300000000,20.8800000000,123822555.0000000000,5808900.0000000000,0.0263400000,1.2382255500,AKShare stock_zh_a_spot / 新浪
603217,元利科技,26.7700000000,26.7400000000,137929400.0000000000,5301768.0000000000,0.0011200000,1.3792940000,AKShare stock_zh_a_spot / 新浪
603218,日月股份,9.7800000000,9.8800000000,48425626.0000000000,4946961.0000000000,-0.0101200000,0.4842562600,AKShare stock_zh_a_spot / 新浪
603219,富佳股份,14.4100000000,14.5700000000,28665496.0000000000,1991200.0000000000,-0.0109800000,0.2866549600,AKShare stock_zh_a_spot / 新浪
603220,中贝通信,20.0300000000,20.6400000000,656826562.0000000000,32782143.0000000000,-0.0295500000,6.5682656200,AKShare stock_zh_a_spot / 新浪
603221,爱丽家居,30.0000000000,27.2700000000,939908336.0000000000,32346170.0000000000,0.1001100000,9.3990833600,AKShare stock_zh_a_spot / 新浪
603222,济民健康,8.8100000000,8.9600000000,138654092.0000000000,15597500.0000000000,-0.0167400000,1.3865409200,AKShare stock_zh_a_spot / 新浪
603223,恒通股份,11.0400000000,11.0200000000,88378648.0000000000,8069664.0000000000,0.0018100000,0.8837864800,AKShare stock_zh_a_spot / 新浪
603225,新凤鸣,19.1100000000,19.0000000000,202582976.0000000000,10648796.0000000000,0.0057900000,2.0258297600,AKShare stock_zh_a_spot / 新浪
603226,菲林格尔,48.8500000000,48.9200000000,143235185.0000000000,2958000.0000000000,-0.0014300000,1.4323518500,AKShare stock_zh_a_spot / 新浪
603227,雪峰科技,7.9800000000,7.7500000000,126462725.0000000000,15839166.0000000000,0.0296800000,1.2646272500,AKShare stock_zh_a_spot / 新浪
603228,景旺电子,97.9000000000,96.9300000000,5003985430.0000000000,52275704.0000000000,0.0100100000,50.0398543000,AKShare stock_zh_a_spot / 新浪
603229,奥翔药业,8.1600000000,8.2400000000,63837775.0000000000,7796280.0000000000,-0.0097100000,0.6383777500,AKShare stock_zh_a_spot / 新浪
603230,内蒙新华,9.2600000000,9.2400000000,18223186.0000000000,1975300.0000000000,0.0021600000,0.1822318600,AKShare stock_zh_a_spot / 新浪
603231,索宝蛋白,16.1800000000,16.1300000000,37478501.0000000000,2317700.0000000000,0.0031000000,0.3747850100,AKShare stock_zh_a_spot / 新浪
603232,格尔软件,15.6100000000,15.8500000000,167291074.0000000000,10778100.0000000000,-0.0151400000,1.6729107400,AKShare stock_zh_a_spot / 新浪
603233,大参林,17.9100000000,17.7700000000,102402870.0000000000,5725320.0000000000,0.0078800000,1.0240287000,AKShare stock_zh_a_spot / 新浪
603235,天新药业,23.4100000000,23.3000000000,18719848.0000000000,793200.0000000000,0.0047200000,0.1871984800,AKShare stock_zh_a_spot / 新浪
603236,移远通信,62.3200000000,60.3000000000,1457962318.0000000000,23787627.0000000000,0.0335000000,14.5796231800,AKShare stock_zh_a_spot / 新浪
603237,五芳斋,14.4500000000,14.3200000000,21253533.0000000000,1471397.0000000000,0.0090800000,0.2125353300,AKShare stock_zh_a_spot / 新浪
603238,诺邦股份,12.4200000000,12.4200000000,25540073.0000000000,2063550.0000000000,0.0000000000,0.2554007300,AKShare stock_zh_a_spot / 新浪
603239,浙江仙通,14.9800000000,14.5300000000,102877165.0000000000,6885800.0000000000,0.0309700000,1.0287716500,AKShare stock_zh_a_spot / 新浪
603248,锡华科技,19.6100000000,18.9600000000,149141749.0000000000,7692989.0000000000,0.0342800000,1.4914174900,AKShare stock_zh_a_spot / 新浪
603255,鼎际得,28.9700000000,29.2000000000,37930542.0000000000,1311600.0000000000,-0.0078800000,0.3793054200,AKShare stock_zh_a_spot / 新浪
603256,宏和科技,157.2200000000,160.9300000000,3102503845.0000000000,19590125.0000000000,-0.0230500000,31.0250384500,AKShare stock_zh_a_spot / 新浪
603257,中国瑞林,64.2900000000,64.6000000000,62827160.0000000000,974700.0000000000,-0.0048000000,0.6282716000,AKShare stock_zh_a_spot / 新浪
603258,电魂网络,12.8200000000,12.9800000000,30068614.0000000000,2353800.0000000000,-0.0123300000,0.3006861400,AKShare stock_zh_a_spot / 新浪
603259,药明康德,167.1800000000,166.8900000000,8366780276.0000000000,50378126.0000000000,0.0017400000,83.6678027600,AKShare stock_zh_a_spot / 新浪
603260,合盛硅业,36.1500000000,36.5000000000,368198557.0000000000,10105038.0000000000,-0.0095900000,3.6819855700,AKShare stock_zh_a_spot / 新浪
603261,立航科技,52.5300000000,54.5500000000,120038562.0000000000,2245100.0000000000,-0.0370300000,1.2003856200,AKShare stock_zh_a_spot / 新浪
603262,技源集团,18.7500000000,18.6800000000,75424813.0000000000,4023300.0000000000,0.0037500000,0.7542481300,AKShare stock_zh_a_spot / 新浪
603266,天龙股份,16.0600000000,16.1100000000,22286645.0000000000,1395364.0000000000,-0.0031000000,0.2228664500,AKShare stock_zh_a_spot / 新浪
603267,鸿远电子,52.3000000000,53.0400000000,392073235.0000000000,7475644.0000000000,-0.0139500000,3.9207323500,AKShare stock_zh_a_spot / 新浪
603268,松发股份,184.8100000000,183.3000000000,612760687.0000000000,3341732.0000000000,0.0082400000,6.1276068700,AKShare stock_zh_a_spot / 新浪
603269,海鸥股份,18.2100000000,17.7000000000,378944122.0000000000,20882856.0000000000,0.0288100000,3.7894412200,AKShare stock_zh_a_spot / 新浪
603270,金帝股份,30.1400000000,29.4300000000,144614181.0000000000,4881200.0000000000,0.0241300000,1.4461418100,AKShare stock_zh_a_spot / 新浪
603271,永杰新材,43.7300000000,44.0400000000,62204589.0000000000,1423273.0000000000,-0.0070400000,0.6220458900,AKShare stock_zh_a_spot / 新浪
603273,天元智能,14.6000000000,14.4800000000,48543882.0000000000,3311598.0000000000,0.0082900000,0.4854388200,AKShare stock_zh_a_spot / 新浪
603275,众辰科技,36.9700000000,37.1900000000,19844277.0000000000,539147.0000000000,-0.0059200000,0.1984427700,AKShare stock_zh_a_spot / 新浪
603276,恒兴新材,16.0900000000,15.8600000000,48272564.0000000000,3024647.0000000000,0.0145000000,0.4827256400,AKShare stock_zh_a_spot / 新浪
603277,银都股份,11.5700000000,11.7800000000,93202665.0000000000,8114339.0000000000,-0.0178300000,0.9320266500,AKShare stock_zh_a_spot / 新浪
603278,大业股份,9.7500000000,9.7100000000,107923504.0000000000,11132800.0000000000,0.0041200000,1.0792350400,AKShare stock_zh_a_spot / 新浪
603279,景津装备,12.6300000000,12.5600000000,54915326.0000000000,4358100.0000000000,0.0055700000,0.5491532600,AKShare stock_zh_a_spot / 新浪
603280,南方路机,29.2200000000,26.5600000000,160333534.0000000000,5689861.0000000000,0.1001500000,1.6033353400,AKShare stock_zh_a_spot / 新浪
603281,江瀚新材,19.6300000000,21.8100000000,270456671.0000000000,13629466.0000000000,-0.0999500000,2.7045667100,AKShare stock_zh_a_spot / 新浪
603282,亚光股份,15.4600000000,15.4400000000,20726097.0000000000,1344900.0000000000,0.0013000000,0.2072609700,AKShare stock_zh_a_spot / 新浪
603283,赛腾股份,51.5200000000,49.4800000000,1715739840.0000000000,33419408.0000000000,0.0412300000,17.1573984000,AKShare stock_zh_a_spot / 新浪
603284,林平发展,43.0600000000,46.1900000000,207039084.0000000000,4765538.0000000000,-0.0677600000,2.0703908400,AKShare stock_zh_a_spot / 新浪
603285,键邦股份,37.8900000000,37.0700000000,402545268.0000000000,10538999.0000000000,0.0221200000,4.0254526800,AKShare stock_zh_a_spot / 新浪
603286,日盈电子,44.7400000000,46.1500000000,254905470.0000000000,5673450.0000000000,-0.0305500000,2.5490547000,AKShare stock_zh_a_spot / 新浪
603288,海天味业,35.5500000000,35.4200000000,388317859.0000000000,10955411.0000000000,0.0036700000,3.8831785900,AKShare stock_zh_a_spot / 新浪
603289,泰瑞机器,8.9500000000,9.0200000000,37569393.0000000000,4219580.0000000000,-0.0077600000,0.3756939300,AKShare stock_zh_a_spot / 新浪
603290,斯达半导,91.1900000000,89.8700000000,803059210.0000000000,8866783.0000000000,0.0146900000,8.0305921000,AKShare stock_zh_a_spot / 新浪
603291,联合水务,9.0100000000,9.0300000000,25854481.0000000000,2872400.0000000000,-0.0022100000,0.2585448100,AKShare stock_zh_a_spot / 新浪
603293,埃泰克,36.7400000000,37.2600000000,69403623.0000000000,1894762.0000000000,-0.0139600000,0.6940362300,AKShare stock_zh_a_spot / 新浪
603296,华勤技术,84.8500000000,86.9000000000,2059839440.0000000000,24332843.0000000000,-0.0235900000,20.5983944000,AKShare stock_zh_a_spot / 新浪
603297,永新光学,109.0000000000,107.4400000000,139447554.0000000000,1295341.0000000000,0.0145200000,1.3944755400,AKShare stock_zh_a_spot / 新浪
603298,杭叉集团,26.2600000000,26.3000000000,72305639.0000000000,2749491.0000000000,-0.0015200000,0.7230563900,AKShare stock_zh_a_spot / 新浪
603299,苏盐井神,9.2000000000,9.1100000000,60467476.0000000000,6580710.0000000000,0.0098800000,0.6046747600,AKShare stock_zh_a_spot / 新浪
603300,海南华铁,4.8900000000,4.9600000000,177837956.0000000000,36446613.0000000000,-0.0141100000,1.7783795600,AKShare stock_zh_a_spot / 新浪
603301,振德医疗,86.4000000000,85.6200000000,161968612.0000000000,1889225.0000000000,0.0091100000,1.6196861200,AKShare stock_zh_a_spot / 新浪
603303,得邦照明,23.5900000000,23.7100000000,36296539.0000000000,1542336.0000000000,-0.0050600000,0.3629653900,AKShare stock_zh_a_spot / 新浪
603305,旭升集团,11.9800000000,11.8700000000,199914712.0000000000,16908755.0000000000,0.0092700000,1.9991471200,AKShare stock_zh_a_spot / 新浪
603306,华懋科技,77.2000000000,76.6000000000,979378750.0000000000,12796444.0000000000,0.0078300000,9.7937875000,AKShare stock_zh_a_spot / 新浪
603307,扬州金泉,25.8000000000,25.2200000000,23159830.0000000000,907615.0000000000,0.0230000000,0.2315983000,AKShare stock_zh_a_spot / 新浪
603308,应流股份,50.0200000000,51.3500000000,873398653.0000000000,17493909.0000000000,-0.0259000000,8.7339865300,AKShare stock_zh_a_spot / 新浪
603309,维力医疗,11.8400000000,11.9200000000,54376821.0000000000,4594099.0000000000,-0.0067100000,0.5437682100,AKShare stock_zh_a_spot / 新浪
603310,巍华新材,14.8500000000,14.8300000000,19594334.0000000000,1321300.0000000000,0.0013500000,0.1959433400,AKShare stock_zh_a_spot / 新浪
603311,金海高科,31.1200000000,31.1400000000,77596804.0000000000,2499500.0000000000,-0.0006400000,0.7759680400,AKShare stock_zh_a_spot / 新浪
603312,西典新能,31.4700000000,31.2700000000,44365031.0000000000,1420543.0000000000,0.0064000000,0.4436503100,AKShare stock_zh_a_spot / 新浪
603313,梦百合,6.2300000000,6.1800000000,224793135.0000000000,35969436.0000000000,0.0080900000,2.2479313500,AKShare stock_zh_a_spot / 新浪
603315,福鞍股份,11.9600000000,12.2800000000,70664934.0000000000,5885300.0000000000,-0.0260600000,0.7066493400,AKShare stock_zh_a_spot / 新浪
603316,诚邦股份,14.9500000000,15.0400000000,162638547.0000000000,10799700.0000000000,-0.0059800000,1.6263854700,AKShare stock_zh_a_spot / 新浪
603317,天味食品,14.7500000000,14.6600000000,142407120.0000000000,9657390.0000000000,0.0061400000,1.4240712000,AKShare stock_zh_a_spot / 新浪
603318,水发燃气,9.6000000000,9.1000000000,762673136.0000000000,79190330.0000000000,0.0549500000,7.6267313600,AKShare stock_zh_a_spot / 新浪
603319,美湖股份,28.6600000000,28.1900000000,342127215.0000000000,12038800.0000000000,0.0166700000,3.4212721500,AKShare stock_zh_a_spot / 新浪
603320,迪贝电气,16.9300000000,17.0500000000,24036134.0000000000,1421783.0000000000,-0.0070400000,0.2403613400,AKShare stock_zh_a_spot / 新浪
603321,梅轮电梯,6.3900000000,6.3700000000,23860593.0000000000,3738900.0000000000,0.0031400000,0.2386059300,AKShare stock_zh_a_spot / 新浪
603322,超讯科技,27.3500000000,27.8700000000,259258204.0000000000,9639900.0000000000,-0.0186600000,2.5925820400,AKShare stock_zh_a_spot / 新浪
603323,苏农银行,4.1500000000,4.1300000000,93088411.0000000000,22492544.0000000000,0.0048400000,0.9308841100,AKShare stock_zh_a_spot / 新浪
603324,盛剑科技,29.4500000000,29.9300000000,124817081.0000000000,4239507.0000000000,-0.0160400000,1.2481708100,AKShare stock_zh_a_spot / 新浪
603325,博隆技术,53.2100000000,54.0000000000,22789288.0000000000,429283.0000000000,-0.0146300000,0.2278928800,AKShare stock_zh_a_spot / 新浪
603326,我乐家居,7.1400000000,6.8500000000,84689595.0000000000,11962000.0000000000,0.0423400000,0.8468959500,AKShare stock_zh_a_spot / 新浪
603327,福蓉科技,8.8500000000,8.9700000000,198423058.0000000000,22532491.0000000000,-0.0133800000,1.9842305800,AKShare stock_zh_a_spot / 新浪
603328,依顿电子,11.6500000000,11.2900000000,495145443.0000000000,42428411.0000000000,0.0318900000,4.9514544300,AKShare stock_zh_a_spot / 新浪
603329,上海雅仕,10.5400000000,10.4900000000,28629561.0000000000,2720010.0000000000,0.0047700000,0.2862956100,AKShare stock_zh_a_spot / 新浪
603330,天洋新材,11.1900000000,11.7500000000,1894324215.0000000000,162695167.0000000000,-0.0476600000,18.9432421500,AKShare stock_zh_a_spot / 新浪
603331,百达精工,13.3800000000,13.1700000000,62351165.0000000000,4725325.0000000000,0.0159500000,0.6235116500,AKShare stock_zh_a_spot / 新浪
603332,苏州龙杰,11.4700000000,11.2800000000,67040321.0000000000,5867700.0000000000,0.0168400000,0.6704032100,AKShare stock_zh_a_spot / 新浪
603333,福华尚纬,8.9100000000,8.9900000000,124115023.0000000000,13898800.0000000000,-0.0089000000,1.2411502300,AKShare stock_zh_a_spot / 新浪
603334,丰倍生物,33.3800000000,34.4000000000,85553714.0000000000,2534483.0000000000,-0.0296500000,0.8555371400,AKShare stock_zh_a_spot / 新浪
603335,迪生力,6.7500000000,6.7700000000,63578490.0000000000,9501307.0000000000,-0.0029500000,0.6357849000,AKShare stock_zh_a_spot / 新浪
603336,宏辉果蔬,9.7200000000,9.1800000000,413919242.0000000000,43909639.0000000000,0.0588200000,4.1391924200,AKShare stock_zh_a_spot / 新浪
603337,杰克科技,40.4900000000,39.9300000000,188913108.0000000000,4696076.0000000000,0.0140200000,1.8891310800,AKShare stock_zh_a_spot / 新浪
603338,浙江鼎力,56.5600000000,55.9000000000,209548692.0000000000,3704924.0000000000,0.0118100000,2.0954869200,AKShare stock_zh_a_spot / 新浪
603339,四方科技,14.2400000000,14.1400000000,83002925.0000000000,5859168.0000000000,0.0070700000,0.8300292500,AKShare stock_zh_a_spot / 新浪
603341,龙旗科技,38.2400000000,40.3000000000,754238223.0000000000,19518743.0000000000,-0.0511200000,7.5423822300,AKShare stock_zh_a_spot / 新浪
603344,星德胜,23.7300000000,23.4000000000,65719231.0000000000,2800600.0000000000,0.0141000000,0.6571923100,AKShare stock_zh_a_spot / 新浪
603345,安井食品,82.3100000000,84.2300000000,555696970.0000000000,6702905.0000000000,-0.0227900000,5.5569697000,AKShare stock_zh_a_spot / 新浪
603348,文灿股份,14.5000000000,14.6500000000,25884270.0000000000,1792639.0000000000,-0.0102400000,0.2588427000,AKShare stock_zh_a_spot / 新浪
603350,安乃达,28.9000000000,28.6700000000,26595444.0000000000,926700.0000000000,0.0080200000,0.2659544400,AKShare stock_zh_a_spot / 新浪
603351,威尔药业,27.8300000000,27.2500000000,67782755.0000000000,2456015.0000000000,0.0212800000,0.6778275500,AKShare stock_zh_a_spot / 新浪
603352,至信股份,26.8600000000,26.8300000000,54430381.0000000000,2036451.0000000000,0.0011200000,0.5443038100,AKShare stock_zh_a_spot / 新浪
603353,和顺石油,33.1100000000,32.2300000000,143793519.0000000000,4415220.0000000000,0.0273000000,1.4379351900,AKShare stock_zh_a_spot / 新浪
603355,莱克电气,27.1500000000,27.4200000000,44774086.0000000000,1647372.0000000000,-0.0098500000,0.4477408600,AKShare stock_zh_a_spot / 新浪
603356,华菱精工,17.4100000000,16.9300000000,56989751.0000000000,3310000.0000000000,0.0283500000,0.5698975100,AKShare stock_zh_a_spot / 新浪
603357,设计总院,6.0000000000,6.0300000000,14726288.0000000000,2450280.0000000000,-0.0049800000,0.1472628800,AKShare stock_zh_a_spot / 新浪
603358,华达科技,47.9000000000,46.7800000000,686322485.0000000000,14364316.0000000000,0.0239400000,6.8632248500,AKShare stock_zh_a_spot / 新浪
603360,百傲化学,13.4700000000,13.6800000000,177060323.0000000000,12999282.0000000000,-0.0153500000,1.7706032300,AKShare stock_zh_a_spot / 新浪
603363,傲农生物,3.0300000000,2.9400000000,202534579.0000000000,67111330.0000000000,0.0306100000,2.0253457900,AKShare stock_zh_a_spot / 新浪
603365,水星家纺,17.4000000000,17.4500000000,19974972.0000000000,1147499.0000000000,-0.0028700000,0.1997497200,AKShare stock_zh_a_spot / 新浪
603366,日出东方,6.9400000000,6.9700000000,46422411.0000000000,6684436.0000000000,-0.0043000000,0.4642241100,AKShare stock_zh_a_spot / 新浪
603367,辰欣药业,14.7800000000,14.9800000000,139155145.0000000000,9365800.0000000000,-0.0133500000,1.3915514500,AKShare stock_zh_a_spot / 新浪
603368,柳药集团,16.7600000000,16.4600000000,133188918.0000000000,8036331.0000000000,0.0182300000,1.3318891800,AKShare stock_zh_a_spot / 新浪
603369,今世缘,30.0800000000,29.6300000000,1186330483.0000000000,39271249.0000000000,0.0151900000,11.8633048300,AKShare stock_zh_a_spot / 新浪
603370,华新精科,34.6200000000,34.9600000000,24581767.0000000000,709963.0000000000,-0.0097300000,0.2458176700,AKShare stock_zh_a_spot / 新浪
603373,安邦护卫,42.1100000000,41.0100000000,122640763.0000000000,2913580.0000000000,0.0268200000,1.2264076300,AKShare stock_zh_a_spot / 新浪
603375,盛景微,39.6800000000,39.6400000000,48811053.0000000000,1237545.0000000000,0.0010100000,0.4881105300,AKShare stock_zh_a_spot / 新浪
603376,大明电子,27.6000000000,26.5300000000,99720921.0000000000,3655857.0000000000,0.0403300000,0.9972092100,AKShare stock_zh_a_spot / 新浪
603379,三美股份,63.3800000000,64.2000000000,414376850.0000000000,6475835.0000000000,-0.0127700000,4.1437685000,AKShare stock_zh_a_spot / 新浪
603380,易德龙,35.4900000000,35.7100000000,108299111.0000000000,3075000.0000000000,-0.0061600000,1.0829911100,AKShare stock_zh_a_spot / 新浪
603381,永臻股份,15.3200000000,15.2900000000,41643666.0000000000,2739233.0000000000,0.0019600000,0.4164366600,AKShare stock_zh_a_spot / 新浪
603382,海阳科技,21.7800000000,20.7100000000,214800341.0000000000,10002370.0000000000,0.0516700000,2.1480034100,AKShare stock_zh_a_spot / 新浪
603383,顶点软件,29.9200000000,29.7000000000,118624219.0000000000,4022740.0000000000,0.0074100000,1.1862421900,AKShare stock_zh_a_spot / 新浪
603385,惠达卫浴,5.5000000000,5.4800000000,14602495.0000000000,2669700.0000000000,0.0036500000,0.1460249500,AKShare stock_zh_a_spot / 新浪
603386,骏亚科技,14.2700000000,14.2200000000,112830162.0000000000,7965784.0000000000,0.0035200000,1.1283016200,AKShare stock_zh_a_spot / 新浪
603387,基蛋生物,9.4200000000,9.3900000000,85994617.0000000000,9092905.0000000000,0.0031900000,0.8599461700,AKShare stock_zh_a_spot / 新浪
603389,亚振家居,47.9500000000,48.2400000000,197295431.0000000000,4045620.0000000000,-0.0060100000,1.9729543100,AKShare stock_zh_a_spot / 新浪
603390,通达电气,10.3000000000,10.4800000000,55956419.0000000000,5437700.0000000000,-0.0171800000,0.5595641900,AKShare stock_zh_a_spot / 新浪
603391,力聚热能,68.6400000000,64.6100000000,184293516.0000000000,2733658.0000000000,0.0623700000,1.8429351600,AKShare stock_zh_a_spot / 新浪
603392,万泰生物,28.8000000000,29.6100000000,182029314.0000000000,6278595.0000000000,-0.0273600000,1.8202931400,AKShare stock_zh_a_spot / 新浪
603393,新天然气,24.0800000000,23.7400000000,316201104.0000000000,13051885.0000000000,0.0143200000,3.1620110400,AKShare stock_zh_a_spot / 新浪
603395,红四方,26.3600000000,23.9600000000,127945512.0000000000,4870227.0000000000,0.1001700000,1.2794551200,AKShare stock_zh_a_spot / 新浪
603396,金辰股份,26.5000000000,26.6100000000,89441854.0000000000,3379842.0000000000,-0.0041300000,0.8944185400,AKShare stock_zh_a_spot / 新浪
603399,永杉锂业,15.4000000000,16.4800000000,1299006765.0000000000,83275115.0000000000,-0.0655300000,12.9900676500,AKShare stock_zh_a_spot / 新浪
603400,华之杰,48.1400000000,43.7600000000,340278493.0000000000,7225713.0000000000,0.1000900000,3.4027849300,AKShare stock_zh_a_spot / 新浪
603402,陕西旅游,62.1000000000,62.1200000000,87575912.0000000000,1398180.0000000000,-0.0003200000,0.8757591200,AKShare stock_zh_a_spot / 新浪
603406,天富龙,29.5600000000,26.8700000000,133239315.0000000000,4607832.0000000000,0.1001100000,1.3323931500,AKShare stock_zh_a_spot / 新浪
603407,长裕集团,67.9000000000,65.6500000000,971446865.0000000000,14496287.0000000000,0.0342700000,9.7144686500,AKShare stock_zh_a_spot / 新浪
603408,建霖家居,10.4400000000,10.3200000000,17965764.0000000000,1729200.0000000000,0.0116300000,0.1796576400,AKShare stock_zh_a_spot / 新浪
603409,汇通控股,17.9500000000,17.9700000000,34037335.0000000000,1906941.0000000000,-0.0011100000,0.3403733500,AKShare stock_zh_a_spot / 新浪
603416,信捷电气,49.2600000000,49.6200000000,145664883.0000000000,2966500.0000000000,-0.0072600000,1.4566488300,AKShare stock_zh_a_spot / 新浪
603418,友升股份,44.5000000000,44.6300000000,49748529.0000000000,1123362.0000000000,-0.0029100000,0.4974852900,AKShare stock_zh_a_spot / 新浪
603421,鼎信通讯,6.0000000000,6.0800000000,44506894.0000000000,7442000.0000000000,-0.0131600000,0.4450689400,AKShare stock_zh_a_spot / 新浪
603435,嘉德利,55.5300000000,54.9300000000,194624738.0000000000,3542534.0000000000,0.0109200000,1.9462473800,AKShare stock_zh_a_spot / 新浪
603439,三力制药,12.7200000000,13.3100000000,236934863.0000000000,18524153.0000000000,-0.0443300000,2.3693486300,AKShare stock_zh_a_spot / 新浪
603444,吉比特,382.9200000000,389.8000000000,564126001.0000000000,1465863.0000000000,-0.0176500000,5.6412600100,AKShare stock_zh_a_spot / 新浪
603456,九洲药业,16.8200000000,17.1300000000,548372598.0000000000,32405381.0000000000,-0.0181000000,5.4837259800,AKShare stock_zh_a_spot / 新浪
603458,勘设股份,10.2600000000,10.3500000000,226218070.0000000000,22055000.0000000000,-0.0087000000,2.2621807000,AKShare stock_zh_a_spot / 新浪
603459,红板科技,94.8100000000,99.6700000000,1566395558.0000000000,16286026.0000000000,-0.0487600000,15.6639555800,AKShare stock_zh_a_spot / 新浪
603466,风语筑,12.2600000000,12.5500000000,740181756.0000000000,60090130.0000000000,-0.0231100000,7.4018175600,AKShare stock_zh_a_spot / 新浪
603468,津富士达,25.9000000000,25.8700000000,142741698.0000000000,5496580.0000000000,0.0011600000,1.4274169800,AKShare stock_zh_a_spot / 新浪
603477,巨星农牧,14.8600000000,14.7600000000,313789668.0000000000,20959682.0000000000,0.0067800000,3.1378966800,AKShare stock_zh_a_spot / 新浪
603486,科沃斯,61.9000000000,58.2200000000,618455570.0000000000,10205085.0000000000,0.0632100000,6.1845557000,AKShare stock_zh_a_spot / 新浪
603488,展鹏科技,8.5600000000,8.6100000000,54259042.0000000000,6383800.0000000000,-0.0058100000,0.5425904200,AKShare stock_zh_a_spot / 新浪
603489,八方股份,28.1100000000,28.1200000000,50295695.0000000000,1797710.0000000000,-0.0003600000,0.5029569500,AKShare stock_zh_a_spot / 新浪
603496,恒为科技,25.5900000000,26.7500000000,618512032.0000000000,24004201.0000000000,-0.0433600000,6.1851203200,AKShare stock_zh_a_spot / 新浪
603499,翔港科技,12.4800000000,12.7700000000,48830201.0000000000,3895747.0000000000,-0.0227100000,0.4883020100,AKShare stock_zh_a_spot / 新浪
603500,祥和实业,9.7000000000,9.8200000000,51853287.0000000000,5343100.0000000000,-0.0122200000,0.5185328700,AKShare stock_zh_a_spot / 新浪
603501,豪威集团,90.5400000000,92.1400000000,1653275592.0000000000,18203604.0000000000,-0.0173600000,16.5327559200,AKShare stock_zh_a_spot / 新浪
603505,金石资源,16.1600000000,16.4700000000,198488972.0000000000,12197516.0000000000,-0.0188200000,1.9848897200,AKShare stock_zh_a_spot / 新浪
603506,南都物业,10.8000000000,10.8200000000,26071817.0000000000,2404200.0000000000,-0.0018500000,0.2607181700,AKShare stock_zh_a_spot / 新浪
603507,振江股份,24.3000000000,24.4800000000,155259177.0000000000,6415129.0000000000,-0.0073500000,1.5525917700,AKShare stock_zh_a_spot / 新浪
603508,思维列控,21.5500000000,21.6400000000,52217419.0000000000,2428272.0000000000,-0.0041600000,0.5221741900,AKShare stock_zh_a_spot / 新浪
603511,爱慕股份,12.7800000000,12.8600000000,22719235.0000000000,1784200.0000000000,-0.0062200000,0.2271923500,AKShare stock_zh_a_spot / 新浪
603515,欧普照明,16.5300000000,16.7400000000,22329812.0000000000,1353693.0000000000,-0.0125400000,0.2232981200,AKShare stock_zh_a_spot / 新浪
603516,淳中科技,102.0000000000,102.2200000000,905261333.0000000000,8629085.0000000000,-0.0021500000,9.0526133300,AKShare stock_zh_a_spot / 新浪
603518,锦泓集团,8.1700000000,8.2600000000,42921538.0000000000,5242780.0000000000,-0.0109000000,0.4292153800,AKShare stock_zh_a_spot / 新浪
603519,立霸股份,15.4300000000,15.4200000000,68217763.0000000000,4431895.0000000000,0.0006500000,0.6821776300,AKShare stock_zh_a_spot / 新浪
603520,司太立,9.0800000000,9.1500000000,65653550.0000000000,7246800.0000000000,-0.0076500000,0.6565355000,AKShare stock_zh_a_spot / 新浪
603527,众源新材,10.0500000000,10.1300000000,47648449.0000000000,4772100.0000000000,-0.0079000000,0.4764844900,AKShare stock_zh_a_spot / 新浪
603528,多伦科技,6.3900000000,6.4000000000,43937505.0000000000,6945300.0000000000,-0.0015600000,0.4393750500,AKShare stock_zh_a_spot / 新浪
603529,爱玛科技,20.6300000000,20.6000000000,60469511.0000000000,2938701.0000000000,0.0014600000,0.6046951100,AKShare stock_zh_a_spot / 新浪
603530,神马电力,51.8800000000,51.8200000000,395744410.0000000000,7532484.0000000000,0.0011600000,3.9574441000,AKShare stock_zh_a_spot / 新浪
603533,掌阅科技,21.4700000000,21.9800000000,291080363.0000000000,13524564.0000000000,-0.0232000000,2.9108036300,AKShare stock_zh_a_spot / 新浪
603535,XD嘉诚国,6.3600000000,6.3800000000,20393045.0000000000,3203748.0000000000,-0.0031300000,0.2039304500,AKShare stock_zh_a_spot / 新浪
603536,惠发食品,10.1200000000,9.9600000000,62686755.0000000000,6214000.0000000000,0.0160600000,0.6268675500,AKShare stock_zh_a_spot / 新浪
603538,美诺华,30.7500000000,31.1400000000,1797480992.0000000000,57780982.0000000000,-0.0125200000,17.9748099200,AKShare stock_zh_a_spot / 新浪
603551,奥普科技,9.3000000000,9.3200000000,17388353.0000000000,1871000.0000000000,-0.0021500000,0.1738835300,AKShare stock_zh_a_spot / 新浪
603556,海兴电力,26.6000000000,25.6200000000,473543581.0000000000,17887247.0000000000,0.0382500000,4.7354358100,AKShare stock_zh_a_spot / 新浪
603558,健盛集团,12.2000000000,12.0900000000,32831157.0000000000,2710400.0000000000,0.0091000000,0.3283115700,AKShare stock_zh_a_spot / 新浪
603559,中通国脉,9.5300000000,9.4700000000,306283769.0000000000,32574479.0000000000,0.0063400000,3.0628376900,AKShare stock_zh_a_spot / 新浪
603565,中谷物流,10.8500000000,10.6700000000,137717796.0000000000,12770018.0000000000,0.0168700000,1.3771779600,AKShare stock_zh_a_spot / 新浪
603566,普莱柯,10.5700000000,10.4900000000,48658805.0000000000,4614300.0000000000,0.0076300000,0.4865880500,AKShare stock_zh_a_spot / 新浪
603567,珍宝岛,6.2400000000,6.6200000000,358031310.0000000000,56107901.0000000000,-0.0574000000,3.5803131000,AKShare stock_zh_a_spot / 新浪
603568,伟明环保,14.9900000000,14.7600000000,217958211.0000000000,14781874.0000000000,0.0155800000,2.1795821100,AKShare stock_zh_a_spot / 新浪
603569,长久物流,5.9300000000,5.9100000000,17514360.0000000000,2968500.0000000000,0.0033800000,0.1751436000,AKShare stock_zh_a_spot / 新浪
603577,汇金通,10.3800000000,10.4400000000,49655645.0000000000,4800620.0000000000,-0.0057500000,0.4965564500,AKShare stock_zh_a_spot / 新浪
603578,三星新材,13.3400000000,13.0300000000,46422323.0000000000,3519400.0000000000,0.0237900000,0.4642232300,AKShare stock_zh_a_spot / 新浪
603579,荣泰健康,18.5300000000,18.5200000000,30720581.0000000000,1666800.0000000000,0.0005400000,0.3072058100,AKShare stock_zh_a_spot / 新浪
603580,艾艾精工,64.0200000000,58.2000000000,476193656.0000000000,7550780.0000000000,0.1000000000,4.7619365600,AKShare stock_zh_a_spot / 新浪
603583,捷昌驱动,24.6500000000,24.3500000000,116411107.0000000000,4753951.0000000000,0.0123200000,1.1641110700,AKShare stock_zh_a_spot / 新浪
603585,苏利股份,10.2900000000,10.2900000000,29718331.0000000000,2893728.0000000000,0.0000000000,0.2971833100,AKShare stock_zh_a_spot / 新浪
603586,金麒麟,13.9500000000,13.6900000000,70025583.0000000000,5019700.0000000000,0.0189900000,0.7002558300,AKShare stock_zh_a_spot / 新浪
603587,地素时尚,11.8700000000,11.7800000000,16605067.0000000000,1409000.0000000000,0.0076400000,0.1660506700,AKShare stock_zh_a_spot / 新浪
603588,高能环境,13.9300000000,14.2100000000,951331357.0000000000,69043743.0000000000,-0.0197000000,9.5133135700,AKShare stock_zh_a_spot / 新浪
603589,口子窖,19.4100000000,19.4800000000,87820119.0000000000,4520769.0000000000,-0.0035900000,0.8782011900,AKShare stock_zh_a_spot / 新浪
603590,康辰药业,32.2700000000,32.6700000000,70933585.0000000000,2194568.0000000000,-0.0122400000,0.7093358500,AKShare stock_zh_a_spot / 新浪
603596,伯特利,26.0800000000,26.1500000000,272587343.0000000000,10436764.0000000000,-0.0026800000,2.7258734300,AKShare stock_zh_a_spot / 新浪
603598,引力传媒,17.8800000000,18.3400000000,279015122.0000000000,15628336.0000000000,-0.0250800000,2.7901512200,AKShare stock_zh_a_spot / 新浪
603599,广信股份,10.3000000000,10.1800000000,111543510.0000000000,10879133.0000000000,0.0117900000,1.1154351000,AKShare stock_zh_a_spot / 新浪
603600,永艺股份,9.6500000000,9.5600000000,42419670.0000000000,4398800.0000000000,0.0094100000,0.4241967000,AKShare stock_zh_a_spot / 新浪
603601,再升科技,10.0000000000,10.1300000000,643619597.0000000000,64332712.0000000000,-0.0128300000,6.4361959700,AKShare stock_zh_a_spot / 新浪
603602,纵横通信,11.5100000000,11.7300000000,43942959.0000000000,3819172.0000000000,-0.0187600000,0.4394295900,AKShare stock_zh_a_spot / 新浪
603605,珀莱雅,56.7000000000,56.8700000000,145178361.0000000000,2564833.0000000000,-0.0029900000,1.4517836100,AKShare stock_zh_a_spot / 新浪
603606,东方电缆,37.6500000000,37.8600000000,712214232.0000000000,18931784.0000000000,-0.0055500000,7.1221423200,AKShare stock_zh_a_spot / 新浪
603607,京华激光,22.4100000000,22.6200000000,135245495.0000000000,5971560.0000000000,-0.0092800000,1.3524549500,AKShare stock_zh_a_spot / 新浪
603608,天创时尚,20.3600000000,20.2500000000,285208381.0000000000,14056400.0000000000,0.0054300000,2.8520838100,AKShare stock_zh_a_spot / 新浪
603609,禾丰股份,6.3800000000,6.2900000000,27358384.0000000000,4283142.0000000000,0.0143100000,0.2735838400,AKShare stock_zh_a_spot / 新浪
603610,麒盛科技,15.8800000000,15.7000000000,82295314.0000000000,5217023.0000000000,0.0114600000,0.8229531400,AKShare stock_zh_a_spot / 新浪
603611,诺力股份,17.0600000000,17.0900000000,22875425.0000000000,1343100.0000000000,-0.0017600000,0.2287542500,AKShare stock_zh_a_spot / 新浪
603612,索通发展,16.9000000000,17.2100000000,144416315.0000000000,8529800.0000000000,-0.0180100000,1.4441631500,AKShare stock_zh_a_spot / 新浪
603613,国联股份,18.4500000000,18.8300000000,142611179.0000000000,7757689.0000000000,-0.0201800000,1.4261117900,AKShare stock_zh_a_spot / 新浪
603615,茶花股份,17.2500000000,17.7000000000,66619695.0000000000,3831600.0000000000,-0.0254200000,0.6661969500,AKShare stock_zh_a_spot / 新浪
603616,韩建河山,5.5300000000,5.4800000000,41218695.0000000000,7473700.0000000000,0.0091200000,0.4121869500,AKShare stock_zh_a_spot / 新浪
603617,君禾股份,6.9600000000,6.9500000000,38899517.0000000000,5609400.0000000000,0.0014400000,0.3889951700,AKShare stock_zh_a_spot / 新浪
603618,杭电股份,29.5000000000,30.7000000000,2780745952.0000000000,92535172.0000000000,-0.0390900000,27.8074595200,AKShare stock_zh_a_spot / 新浪
603619,中曼石油,22.7400000000,22.5600000000,735293797.0000000000,32340700.0000000000,0.0079800000,7.3529379700,AKShare stock_zh_a_spot / 新浪
603626,科森科技,16.9200000000,16.9100000000,428918871.0000000000,25493880.0000000000,0.0005900000,4.2891887100,AKShare stock_zh_a_spot / 新浪
603628,清源股份,9.7600000000,9.6800000000,42700876.0000000000,4406700.0000000000,0.0082600000,0.4270087600,AKShare stock_zh_a_spot / 新浪
603629,利通电子,136.4700000000,142.8400000000,6354413206.0000000000,45906378.0000000000,-0.0446000000,63.5441320600,AKShare stock_zh_a_spot / 新浪
603630,拉芳家化,14.8700000000,14.8700000000,75891877.0000000000,5168492.0000000000,0.0000000000,0.7589187700,AKShare stock_zh_a_spot / 新浪
603633,徕木股份,6.5900000000,6.6700000000,42184054.0000000000,6428650.0000000000,-0.0119900000,0.4218405400,AKShare stock_zh_a_spot / 新浪
603636,南威软件,7.2000000000,7.4000000000,84850694.0000000000,11805400.0000000000,-0.0270300000,0.8485069400,AKShare stock_zh_a_spot / 新浪
603637,镇海股份,13.8600000000,13.8500000000,79879481.0000000000,5738813.0000000000,0.0007200000,0.7987948100,AKShare stock_zh_a_spot / 新浪
603638,艾迪精密,20.2100000000,20.0400000000,167262690.0000000000,8317286.0000000000,0.0084800000,1.6726269000,AKShare stock_zh_a_spot / 新浪
603639,海利尔,10.7100000000,10.5600000000,25675489.0000000000,2412380.0000000000,0.0142000000,0.2567548900,AKShare stock_zh_a_spot / 新浪
603648,畅联股份,9.0800000000,9.1800000000,20479599.0000000000,2248900.0000000000,-0.0108900000,0.2047959900,AKShare stock_zh_a_spot / 新浪
603650,彤程新材,70.5700000000,67.8000000000,2229523244.0000000000,31895360.0000000000,0.0408600000,22.2952324400,AKShare stock_zh_a_spot / 新浪
603655,朗博科技,33.7500000000,35.0900000000,84193270.0000000000,2475000.0000000000,-0.0381900000,0.8419327000,AKShare stock_zh_a_spot / 新浪
603656,泰禾智能,18.0600000000,17.7000000000,38488212.0000000000,2146900.0000000000,0.0203400000,0.3848821200,AKShare stock_zh_a_spot / 新浪
603657,春光科技,27.2900000000,29.2100000000,223744261.0000000000,8170400.0000000000,-0.0657300000,2.2374426100,AKShare stock_zh_a_spot / 新浪
603658,安图生物,34.3600000000,32.8700000000,242637766.0000000000,7202188.0000000000,0.0453300000,2.4263776600,AKShare stock_zh_a_spot / 新浪
603659,璞泰来,24.6100000000,24.9700000000,756257511.0000000000,30620488.0000000000,-0.0144200000,7.5625751100,AKShare stock_zh_a_spot / 新浪
603660,苏州科达,12.4700000000,12.6700000000,322174291.0000000000,25589331.0000000000,-0.0157900000,3.2217429100,AKShare stock_zh_a_spot / 新浪
603661,恒林股份,34.4700000000,33.0600000000,157240363.0000000000,4616140.0000000000,0.0426500000,1.5724036300,AKShare stock_zh_a_spot / 新浪
603662,柯力传感,55.0100000000,54.7900000000,419185088.0000000000,7634329.0000000000,0.0040200000,4.1918508800,AKShare stock_zh_a_spot / 新浪
603663,三祥新材,45.8700000000,44.6600000000,2134534200.0000000000,46278237.0000000000,0.0270900000,21.3453420000,AKShare stock_zh_a_spot / 新浪
603665,康隆达,21.5500000000,21.9400000000,57051487.0000000000,2633561.0000000000,-0.0177800000,0.5705148700,AKShare stock_zh_a_spot / 新浪
603666,亿嘉和,26.3200000000,26.1600000000,100311940.0000000000,3825145.0000000000,0.0061200000,1.0031194000,AKShare stock_zh_a_spot / 新浪
603667,五洲新春,56.7000000000,56.3400000000,1027683454.0000000000,18262147.0000000000,0.0063900000,10.2768345400,AKShare stock_zh_a_spot / 新浪
603668,天马科技,10.7100000000,10.5700000000,150226585.0000000000,13959229.0000000000,0.0132500000,1.5022658500,AKShare stock_zh_a_spot / 新浪
603669,灵康药业,6.2000000000,6.3600000000,105696294.0000000000,16955624.0000000000,-0.0251600000,1.0569629400,AKShare stock_zh_a_spot / 新浪
603676,卫信康,9.3200000000,9.3200000000,22446142.0000000000,2403700.0000000000,0.0000000000,0.2244614200,AKShare stock_zh_a_spot / 新浪
603677,奇精机械,13.9500000000,13.7200000000,25829673.0000000000,1878260.0000000000,0.0167600000,0.2582967300,AKShare stock_zh_a_spot / 新浪
603678,火炬电子,53.0300000000,52.3700000000,1446089497.0000000000,27529848.0000000000,0.0126000000,14.4608949700,AKShare stock_zh_a_spot / 新浪
603679,华体科技,22.7300000000,22.8700000000,209440540.0000000000,9343138.0000000000,-0.0061200000,2.0944054000,AKShare stock_zh_a_spot / 新浪
603680,今创集团,10.2500000000,10.2900000000,29861428.0000000000,2921920.0000000000,-0.0038900000,0.2986142800,AKShare stock_zh_a_spot / 新浪
603681,永冠新材,18.8700000000,19.1700000000,128552680.0000000000,6795300.0000000000,-0.0156500000,1.2855268000,AKShare stock_zh_a_spot / 新浪
603682,锦和商管,12.0100000000,12.0100000000,292809962.0000000000,24483426.0000000000,0.0000000000,2.9280996200,AKShare stock_zh_a_spot / 新浪
603683,晶华新材,16.8800000000,16.4100000000,489165217.0000000000,29377494.0000000000,0.0286400000,4.8916521700,AKShare stock_zh_a_spot / 新浪
603685,晨丰科技,27.1600000000,25.9000000000,119015338.0000000000,4390735.0000000000,0.0486500000,1.1901533800,AKShare stock_zh_a_spot / 新浪
603686,福龙马,13.2500000000,13.2000000000,144094961.0000000000,10906803.0000000000,0.0037900000,1.4409496100,AKShare stock_zh_a_spot / 新浪
603687,大胜达,14.3800000000,14.6900000000,233493727.0000000000,15973005.0000000000,-0.0211000000,2.3349372700,AKShare stock_zh_a_spot / 新浪
603688,石英股份,51.5000000000,51.1800000000,788648839.0000000000,15344524.0000000000,0.0062500000,7.8864883900,AKShare stock_zh_a_spot / 新浪
603689,皖天然气,7.4900000000,7.4200000000,27965877.0000000000,3746200.0000000000,0.0094300000,0.2796587700,AKShare stock_zh_a_spot / 新浪
603690,至纯科技,27.6600000000,27.1400000000,1290703462.0000000000,46618303.0000000000,0.0191600000,12.9070346200,AKShare stock_zh_a_spot / 新浪
603693,江苏新能,11.5900000000,11.7900000000,65587567.0000000000,5650349.0000000000,-0.0169600000,0.6558756700,AKShare stock_zh_a_spot / 新浪
603696,安记食品,14.4500000000,14.5500000000,465779432.0000000000,31433621.0000000000,-0.0068700000,4.6577943200,AKShare stock_zh_a_spot / 新浪
603697,有友食品,9.8900000000,9.6400000000,90961985.0000000000,9254958.0000000000,0.0259300000,0.9096198500,AKShare stock_zh_a_spot / 新浪
603698,航天工程,24.2300000000,24.4400000000,260257120.0000000000,10760385.0000000000,-0.0085900000,2.6025712000,AKShare stock_zh_a_spot / 新浪
603699,纽威股份,53.1400000000,53.8900000000,238049936.0000000000,4484722.0000000000,-0.0139200000,2.3804993600,AKShare stock_zh_a_spot / 新浪
603700,宁水集团,11.8300000000,12.0000000000,46722561.0000000000,3936683.0000000000,-0.0141700000,0.4672256100,AKShare stock_zh_a_spot / 新浪
603701,德宏股份,20.0000000000,19.9000000000,59148009.0000000000,2987900.0000000000,0.0050300000,0.5914800900,AKShare stock_zh_a_spot / 新浪
603703,盛洋科技,10.1900000000,10.7300000000,331054319.0000000000,32008991.0000000000,-0.0503300000,3.3105431900,AKShare stock_zh_a_spot / 新浪
603706,东方环宇,19.6500000000,19.3300000000,25472060.0000000000,1304845.0000000000,0.0165500000,0.2547206000,AKShare stock_zh_a_spot / 新浪
603707,健友股份,7.9600000000,8.0300000000,69676467.0000000000,8708878.0000000000,-0.0087200000,0.6967646700,AKShare stock_zh_a_spot / 新浪
603708,家家悦,10.2700000000,9.3400000000,209247176.0000000000,20533912.0000000000,0.0995700000,2.0924717600,AKShare stock_zh_a_spot / 新浪
603709,中源家居,11.9900000000,11.6600000000,207532458.0000000000,16860249.0000000000,0.0283000000,2.0753245800,AKShare stock_zh_a_spot / 新浪
603711,香飘飘,11.8300000000,11.7500000000,85844210.0000000000,7218786.0000000000,0.0068100000,0.8584421000,AKShare stock_zh_a_spot / 新浪
603712,七一二,11.7800000000,11.9700000000,116015856.0000000000,9876100.0000000000,-0.0158700000,1.1601585600,AKShare stock_zh_a_spot / 新浪
603713,密尔克卫,68.9800000000,66.5800000000,257434432.0000000000,3801474.0000000000,0.0360500000,2.5743443200,AKShare stock_zh_a_spot / 新浪
603716,塞力医疗,16.6900000000,17.0800000000,195090868.0000000000,11628633.0000000000,-0.0228300000,1.9509086800,AKShare stock_zh_a_spot / 新浪
603717,天域生物,6.5200000000,6.3800000000,143299702.0000000000,21604368.0000000000,0.0219400000,1.4329970200,AKShare stock_zh_a_spot / 新浪
603719,良品铺子,10.0900000000,10.0000000000,51826025.0000000000,5144800.0000000000,0.0090000000,0.5182602500,AKShare stock_zh_a_spot / 新浪
603721,中广天择,18.3300000000,19.8800000000,176101948.0000000000,9409530.0000000000,-0.0779700000,1.7610194800,AKShare stock_zh_a_spot / 新浪
603722,阿科力,30.8500000000,31.0600000000,28414643.0000000000,921500.0000000000,-0.0067600000,0.2841464300,AKShare stock_zh_a_spot / 新浪
603725,天安新材,12.6900000000,12.0300000000,385707390.0000000000,31158328.0000000000,0.0548600000,3.8570739000,AKShare stock_zh_a_spot / 新浪
603726,朗迪集团,24.7400000000,25.1300000000,101344417.0000000000,4072790.0000000000,-0.0155200000,1.0134441700,AKShare stock_zh_a_spot / 新浪
603727,博迈科,18.9000000000,18.3300000000,62154461.0000000000,3318340.0000000000,0.0311000000,0.6215446100,AKShare stock_zh_a_spot / 新浪
603728,鸣志电器,54.4800000000,53.5000000000,499161451.0000000000,9263594.0000000000,0.0183200000,4.9916145100,AKShare stock_zh_a_spot / 新浪
603730,岱美股份,10.1900000000,10.2800000000,136233283.0000000000,13496642.0000000000,-0.0087500000,1.3623328300,AKShare stock_zh_a_spot / 新浪
603733,仙鹤股份,22.7900000000,22.0100000000,347710582.0000000000,15293685.0000000000,0.0354400000,3.4771058200,AKShare stock_zh_a_spot / 新浪
603737,三棵树,24.6000000000,24.2100000000,253175693.0000000000,10405352.0000000000,0.0161100000,2.5317569300,AKShare stock_zh_a_spot / 新浪
603738,泰晶科技,39.8900000000,40.6900000000,2227186742.0000000000,55516631.0000000000,-0.0196600000,22.2718674200,AKShare stock_zh_a_spot / 新浪
603739,蔚蓝生物,13.8100000000,12.5500000000,129767698.0000000000,9640540.0000000000,0.1004000000,1.2976769800,AKShare stock_zh_a_spot / 新浪
603755,日辰股份,23.6800000000,23.9400000000,15922014.0000000000,670600.0000000000,-0.0108600000,0.1592201400,AKShare stock_zh_a_spot / 新浪
603757,大元泵业,63.9600000000,64.4800000000,650503940.0000000000,10225200.0000000000,-0.0080600000,6.5050394000,AKShare stock_zh_a_spot / 新浪
603758,秦安股份,12.8400000000,14.2200000000,588648744.0000000000,44450672.0000000000,-0.0970500000,5.8864874400,AKShare stock_zh_a_spot / 新浪
603759,海天股份,7.5500000000,7.4800000000,23468825.0000000000,3134640.0000000000,0.0093600000,0.2346882500,AKShare stock_zh_a_spot / 新浪
603766,隆鑫通用,13.6000000000,13.7900000000,201082998.0000000000,14777100.0000000000,-0.0137800000,2.0108299800,AKShare stock_zh_a_spot / 新浪
603767,中马传动,15.9200000000,15.1800000000,258176855.0000000000,16363980.0000000000,0.0487500000,2.5817685500,AKShare stock_zh_a_spot / 新浪
603768,常青股份,11.3200000000,11.2900000000,23003345.0000000000,2035800.0000000000,0.0026600000,0.2300334500,AKShare stock_zh_a_spot / 新浪
603773,沃格光电,112.0000000000,104.4900000000,4453903763.0000000000,39540055.0000000000,0.0718700000,44.5390376300,AKShare stock_zh_a_spot / 新浪
603776,永安行,21.1800000000,21.7300000000,54128068.0000000000,2533410.0000000000,-0.0253100000,0.5412806800,AKShare stock_zh_a_spot / 新浪
603777,来伊份,14.5000000000,14.8000000000,167739679.0000000000,11383800.0000000000,-0.0202700000,1.6773967900,AKShare stock_zh_a_spot / 新浪
603778,国晟科技,10.3800000000,10.6400000000,315344267.0000000000,30142900.0000000000,-0.0244400000,3.1534426700,AKShare stock_zh_a_spot / 新浪
603779,威龙股份,8.1000000000,7.9500000000,107623430.0000000000,13452250.0000000000,0.0188700000,1.0762343000,AKShare stock_zh_a_spot / 新浪
603786,科博达,42.5200000000,42.9600000000,72240318.0000000000,1699208.0000000000,-0.0102400000,0.7224031800,AKShare stock_zh_a_spot / 新浪
603787,新日股份,10.2000000000,10.2800000000,24352413.0000000000,2392600.0000000000,-0.0077800000,0.2435241300,AKShare stock_zh_a_spot / 新浪
603788,宁波高发,14.0100000000,14.1300000000,13020478.0000000000,931500.0000000000,-0.0084900000,0.1302047800,AKShare stock_zh_a_spot / 新浪
603790,雅运股份,26.6700000000,28.2900000000,384669718.0000000000,14291697.0000000000,-0.0572600000,3.8466971800,AKShare stock_zh_a_spot / 新浪
603797,联泰环保,4.9900000000,4.8500000000,149909806.0000000000,30311042.0000000000,0.0288700000,1.4990980600,AKShare stock_zh_a_spot / 新浪
603798,康普顿,13.5300000000,13.4500000000,48464318.0000000000,3558300.0000000000,0.0059500000,0.4846431800,AKShare stock_zh_a_spot / 新浪
603799,华友钴业,41.8700000000,43.0600000000,2610035346.0000000000,62015074.0000000000,-0.0276400000,26.1003534600,AKShare stock_zh_a_spot / 新浪
603800,洪田股份,73.0500000000,73.3200000000,415412365.0000000000,5741400.0000000000,-0.0036800000,4.1541236500,AKShare stock_zh_a_spot / 新浪
603801,志邦家居,5.9700000000,5.9000000000,29038830.0000000000,4907830.0000000000,0.0118600000,0.2903883000,AKShare stock_zh_a_spot / 新浪
603803,瑞斯康达,10.8800000000,11.1200000000,282553150.0000000000,25893500.0000000000,-0.0215800000,2.8255315000,AKShare stock_zh_a_spot / 新浪
603806,福斯特,15.7300000000,15.6400000000,328409068.0000000000,20885044.0000000000,0.0057500000,3.2840906800,AKShare stock_zh_a_spot / 新浪
603808,歌力思,8.5900000000,8.4800000000,23035981.0000000000,2699800.0000000000,0.0129700000,0.2303598100,AKShare stock_zh_a_spot / 新浪
603809,豪能股份,9.2900000000,9.3100000000,124160807.0000000000,13494834.0000000000,-0.0021500000,1.2416080700,AKShare stock_zh_a_spot / 新浪
603810,丰山集团,12.3400000000,12.3800000000,17541728.0000000000,1424803.0000000000,-0.0032300000,0.1754172800,AKShare stock_zh_a_spot / 新浪
603811,诚意药业,7.6600000000,7.5000000000,122013379.0000000000,15811841.0000000000,0.0213300000,1.2201337900,AKShare stock_zh_a_spot / 新浪
603813,原尚股份,33.5500000000,31.5000000000,51977195.0000000000,1562314.0000000000,0.0650800000,0.5197719500,AKShare stock_zh_a_spot / 新浪
603815,交建股份,5.3000000000,5.3700000000,37838989.0000000000,7151700.0000000000,-0.0130400000,0.3783898900,AKShare stock_zh_a_spot / 新浪
603816,顾家家居,23.8700000000,23.6000000000,131302092.0000000000,5537785.0000000000,0.0114400000,1.3130209200,AKShare stock_zh_a_spot / 新浪
603817,海峡环保,5.7100000000,5.7100000000,34189132.0000000000,5995200.0000000000,0.0000000000,0.3418913200,AKShare stock_zh_a_spot / 新浪
603818,曲美家居,3.7100000000,3.6900000000,63269190.0000000000,17147100.0000000000,0.0054200000,0.6326919000,AKShare stock_zh_a_spot / 新浪
603819,神力股份,14.4900000000,13.9500000000,164518904.0000000000,11367864.0000000000,0.0387100000,1.6451890400,AKShare stock_zh_a_spot / 新浪
603823,百合花,85.9000000000,78.0900000000,1120552691.0000000000,13234766.0000000000,0.1000100000,11.2055269100,AKShare stock_zh_a_spot / 新浪
603826,坤彩科技,17.6600000000,17.5700000000,115929992.0000000000,6620722.0000000000,0.0051200000,1.1592999200,AKShare stock_zh_a_spot / 新浪
603829,洛凯股份,15.3700000000,15.4800000000,37398499.0000000000,2451600.0000000000,-0.0071100000,0.3739849900,AKShare stock_zh_a_spot / 新浪
603833,欧派家居,32.0100000000,31.4300000000,142698910.0000000000,4489242.0000000000,0.0184500000,1.4269891000,AKShare stock_zh_a_spot / 新浪
603836,海程邦达,8.9900000000,9.0400000000,30302679.0000000000,3386200.0000000000,-0.0055300000,0.3030267900,AKShare stock_zh_a_spot / 新浪
603839,安正时尚,7.1800000000,7.0400000000,26138444.0000000000,3686480.0000000000,0.0198900000,0.2613844400,AKShare stock_zh_a_spot / 新浪
603848,好太太,13.3300000000,13.9100000000,56525295.0000000000,4199000.0000000000,-0.0417000000,0.5652529500,AKShare stock_zh_a_spot / 新浪
603855,华荣股份,16.3000000000,16.5900000000,20020922.0000000000,1225700.0000000000,-0.0174800000,0.2002092200,AKShare stock_zh_a_spot / 新浪
603856,东宏股份,11.3500000000,11.3000000000,30896972.0000000000,2733300.0000000000,0.0044200000,0.3089697200,AKShare stock_zh_a_spot / 新浪
603858,步长制药,15.7900000000,16.1000000000,114622860.0000000000,7243907.0000000000,-0.0192500000,1.1462286000,AKShare stock_zh_a_spot / 新浪
603859,能科科技,41.8200000000,42.3000000000,210873329.0000000000,5062164.0000000000,-0.0113500000,2.1087332900,AKShare stock_zh_a_spot / 新浪
603860,中公高科,26.4200000000,26.4800000000,19608516.0000000000,745000.0000000000,-0.0022700000,0.1960851600,AKShare stock_zh_a_spot / 新浪
603861,白云电器,12.5500000000,12.7800000000,86019760.0000000000,6844300.0000000000,-0.0180000000,0.8601976000,AKShare stock_zh_a_spot / 新浪
603863,松炀资源,12.8000000000,12.9600000000,43624647.0000000000,3415800.0000000000,-0.0123500000,0.4362464700,AKShare stock_zh_a_spot / 新浪
603866,桃李面包,4.2800000000,4.2400000000,57849769.0000000000,13513689.0000000000,0.0094300000,0.5784976900,AKShare stock_zh_a_spot / 新浪
603867,新化股份,29.3800000000,29.7600000000,136640189.0000000000,4622800.0000000000,-0.0127700000,1.3664018900,AKShare stock_zh_a_spot / 新浪
603868,飞科电器,30.8400000000,30.7800000000,18422671.0000000000,601100.0000000000,0.0019500000,0.1842267100,AKShare stock_zh_a_spot / 新浪
603871,嘉友国际,12.1600000000,12.2300000000,79489632.0000000000,6522157.0000000000,-0.0057200000,0.7948963200,AKShare stock_zh_a_spot / 新浪
603876,鼎胜新材,22.8000000000,22.8100000000,433735602.0000000000,18991133.0000000000,-0.0004400000,4.3373560200,AKShare stock_zh_a_spot / 新浪
603877,太平鸟,13.0300000000,13.2000000000,34256727.0000000000,2622099.0000000000,-0.0128800000,0.3425672700,AKShare stock_zh_a_spot / 新浪
603878,武进不锈,5.0800000000,5.0900000000,38825591.0000000000,7661140.0000000000,-0.0019600000,0.3882559100,AKShare stock_zh_a_spot / 新浪
603879,永悦科技,5.4500000000,5.4800000000,53911521.0000000000,10056400.0000000000,-0.0054700000,0.5391152100,AKShare stock_zh_a_spot / 新浪
603880,南卫股份,9.3900000000,8.8400000000,331610602.0000000000,35022467.0000000000,0.0622200000,3.3161060200,AKShare stock_zh_a_spot / 新浪
603881,数据港,28.3500000000,29.1000000000,1886273574.0000000000,66537720.0000000000,-0.0257700000,18.8627357400,AKShare stock_zh_a_spot / 新浪
603882,金域医学,28.9400000000,29.0500000000,212984483.0000000000,7350354.0000000000,-0.0037900000,2.1298448300,AKShare stock_zh_a_spot / 新浪
603883,老百姓,13.2700000000,13.2300000000,209107081.0000000000,15792794.0000000000,0.0030200000,2.0910708100,AKShare stock_zh_a_spot / 新浪
603885,吉祥航空,10.5500000000,10.7200000000,87040321.0000000000,8204562.0000000000,-0.0158600000,0.8704032100,AKShare stock_zh_a_spot / 新浪
603886,元祖股份,11.2100000000,10.7000000000,190321501.0000000000,16988331.0000000000,0.0476600000,1.9032150100,AKShare stock_zh_a_spot / 新浪
603887,城地香江,10.3300000000,11.4800000000,913251157.0000000000,84603205.0000000000,-0.1001700000,9.1325115700,AKShare stock_zh_a_spot / 新浪
603888,新华网,16.2300000000,16.5700000000,120534576.0000000000,7421380.0000000000,-0.0205200000,1.2053457600,AKShare stock_zh_a_spot / 新浪
603889,新澳股份,5.7200000000,5.6700000000,27171567.0000000000,4777403.0000000000,0.0088200000,0.2717156700,AKShare stock_zh_a_spot / 新浪
603890,春秋电子,20.2700000000,21.0900000000,944828855.0000000000,46445639.0000000000,-0.0388800000,9.4482885500,AKShare stock_zh_a_spot / 新浪
603893,瑞芯微,198.0500000000,211.5100000000,4261486689.0000000000,21196683.0000000000,-0.0636400000,42.6148668900,AKShare stock_zh_a_spot / 新浪
603895,天永智能,26.0800000000,25.3700000000,64925392.0000000000,2495200.0000000000,0.0279900000,0.6492539200,AKShare stock_zh_a_spot / 新浪
603896,寿仙谷,15.2500000000,15.2100000000,23627383.0000000000,1551510.0000000000,0.0026300000,0.2362738300,AKShare stock_zh_a_spot / 新浪
603897,长城科技,32.1000000000,32.0100000000,666920565.0000000000,21407522.0000000000,0.0028100000,6.6692056500,AKShare stock_zh_a_spot / 新浪
603898,好莱客,11.6200000000,11.6700000000,32755824.0000000000,2834000.0000000000,-0.0042800000,0.3275582400,AKShare stock_zh_a_spot / 新浪
603899,晨光股份,22.4700000000,22.3200000000,67521382.0000000000,3022118.0000000000,0.0067200000,0.6752138200,AKShare stock_zh_a_spot / 新浪
603900,莱绅通灵,6.1600000000,6.1300000000,31263180.0000000000,5110400.0000000000,0.0048900000,0.3126318000,AKShare stock_zh_a_spot / 新浪
603901,永创智能,9.7400000000,9.8200000000,80879191.0000000000,8325497.0000000000,-0.0081500000,0.8087919100,AKShare stock_zh_a_spot / 新浪
603903,中持股份,14.7600000000,14.6100000000,146404642.0000000000,10032160.0000000000,0.0102700000,1.4640464200,AKShare stock_zh_a_spot / 新浪
603906,龙蟠科技,20.0300000000,20.7600000000,474960867.0000000000,23466528.0000000000,-0.0351600000,4.7496086700,AKShare stock_zh_a_spot / 新浪
603908,牧高笛,19.1000000000,19.1600000000,22403774.0000000000,1184500.0000000000,-0.0031300000,0.2240377400,AKShare stock_zh_a_spot / 新浪
603909,建发合诚,9.5600000000,9.6600000000,12989621.0000000000,1357700.0000000000,-0.0103500000,0.1298962100,AKShare stock_zh_a_spot / 新浪
603912,佳力图,8.5900000000,8.5700000000,384970569.0000000000,45517809.0000000000,0.0023300000,3.8497056900,AKShare stock_zh_a_spot / 新浪
603915,国茂股份,13.8800000000,13.7300000000,80427184.0000000000,5826780.0000000000,0.0109200000,0.8042718400,AKShare stock_zh_a_spot / 新浪
603916,苏博特,12.1400000000,12.1600000000,363494424.0000000000,29631004.0000000000,-0.0016400000,3.6349442400,AKShare stock_zh_a_spot / 新浪
603917,合力科技,12.5700000000,12.5800000000,22880670.0000000000,1836000.0000000000,-0.0007900000,0.2288067000,AKShare stock_zh_a_spot / 新浪
603918,金桥信息,10.5200000000,10.9200000000,181801880.0000000000,17234395.0000000000,-0.0366300000,1.8180188000,AKShare stock_zh_a_spot / 新浪
603919,金徽酒,16.5500000000,16.4900000000,113707021.0000000000,6856612.0000000000,0.0036400000,1.1370702100,AKShare stock_zh_a_spot / 新浪
603920,世运电路,40.6900000000,39.8600000000,1439518638.0000000000,35405314.0000000000,0.0208200000,14.3951863800,AKShare stock_zh_a_spot / 新浪
603926,铁流股份,16.7600000000,16.7000000000,64865515.0000000000,3882984.0000000000,0.0035900000,0.6486551500,AKShare stock_zh_a_spot / 新浪
603927,中科软,13.3900000000,13.4000000000,186317426.0000000000,14057858.0000000000,-0.0007500000,1.8631742600,AKShare stock_zh_a_spot / 新浪
603928,兴业股份,13.4300000000,13.2900000000,225545294.0000000000,16913560.0000000000,0.0105300000,2.2554529400,AKShare stock_zh_a_spot / 新浪
603929,亚翔集成,182.9500000000,178.9700000000,2188402709.0000000000,11880206.0000000000,0.0222400000,21.8840270900,AKShare stock_zh_a_spot / 新浪
603931,格林达,38.7700000000,39.8700000000,271487360.0000000000,6960900.0000000000,-0.0275900000,2.7148736000,AKShare stock_zh_a_spot / 新浪
603933,睿能科技,20.8200000000,20.9000000000,80478846.0000000000,3870500.0000000000,-0.0038300000,0.8047884600,AKShare stock_zh_a_spot / 新浪
603936,博敏电子,19.1200000000,17.3800000000,1871916313.0000000000,98289701.0000000000,0.1001200000,18.7191631300,AKShare stock_zh_a_spot / 新浪
603937,丽岛新材,11.7200000000,11.7600000000,36998753.0000000000,3181900.0000000000,-0.0034000000,0.3699875300,AKShare stock_zh_a_spot / 新浪
603938,三孚股份,46.5000000000,45.9700000000,1186271930.0000000000,25325242.0000000000,0.0115300000,11.8627193000,AKShare stock_zh_a_spot / 新浪
603939,益丰药房,24.0000000000,24.0000000000,136421435.0000000000,5675301.0000000000,0.0000000000,1.3642143500,AKShare stock_zh_a_spot / 新浪
603948,建业股份,20.7600000000,20.9200000000,15887938.0000000000,764800.0000000000,-0.0076500000,0.1588793800,AKShare stock_zh_a_spot / 新浪
603949,雪龙集团,14.5700000000,14.4500000000,31635148.0000000000,2187300.0000000000,0.0083000000,0.3163514800,AKShare stock_zh_a_spot / 新浪
603950,长源东谷,63.9200000000,66.3600000000,452855146.0000000000,7006703.0000000000,-0.0367700000,4.5285514600,AKShare stock_zh_a_spot / 新浪
603955,大千生态,19.7000000000,19.7500000000,61166443.0000000000,3147000.0000000000,-0.0025300000,0.6116644300,AKShare stock_zh_a_spot / 新浪
603956,威派格,7.0700000000,7.3400000000,239234757.0000000000,33780179.0000000000,-0.0367800000,2.3923475700,AKShare stock_zh_a_spot / 新浪
603958,哈森股份,18.4600000000,16.7800000000,20300462.0000000000,1099700.0000000000,0.1001200000,0.2030046200,AKShare stock_zh_a_spot / 新浪
603960,克来机电,16.5600000000,16.7700000000,71278465.0000000000,4342900.0000000000,-0.0125200000,0.7127846500,AKShare stock_zh_a_spot / 新浪
603966,法兰泰克,7.8900000000,7.9600000000,32330719.0000000000,4096188.0000000000,-0.0087900000,0.3233071900,AKShare stock_zh_a_spot / 新浪
603967,中创物流,11.4700000000,11.5300000000,18903564.0000000000,1648040.0000000000,-0.0052000000,0.1890356400,AKShare stock_zh_a_spot / 新浪
603968,醋化股份,10.5400000000,10.4600000000,20918645.0000000000,1991000.0000000000,0.0076500000,0.2091864500,AKShare stock_zh_a_spot / 新浪
603969,银龙股份,7.3700000000,7.2500000000,117252327.0000000000,16016720.0000000000,0.0165500000,1.1725232700,AKShare stock_zh_a_spot / 新浪
603970,中农立华,10.8300000000,10.6100000000,43232908.0000000000,4003300.0000000000,0.0207400000,0.4323290800,AKShare stock_zh_a_spot / 新浪
603976,正川股份,28.3300000000,27.9000000000,90020435.0000000000,3215831.0000000000,0.0154100000,0.9002043500,AKShare stock_zh_a_spot / 新浪
603977,国泰集团,12.0600000000,12.1300000000,71677401.0000000000,5939392.0000000000,-0.0057700000,0.7167740100,AKShare stock_zh_a_spot / 新浪
603978,深圳新星,19.6700000000,19.8000000000,141924748.0000000000,7181499.0000000000,-0.0065700000,1.4192474800,AKShare stock_zh_a_spot / 新浪
603979,金诚信,76.8800000000,77.5900000000,619909619.0000000000,8084638.0000000000,-0.0091500000,6.1990961900,AKShare stock_zh_a_spot / 新浪
603980,吉华集团,7.0800000000,7.0500000000,189883116.0000000000,27080500.0000000000,0.0042600000,1.8988311600,AKShare stock_zh_a_spot / 新浪
603982,泉峰汽车,6.1500000000,6.1600000000,20544003.0000000000,3349900.0000000000,-0.0016200000,0.2054400300,AKShare stock_zh_a_spot / 新浪
603983,丸美生物,28.2300000000,28.8000000000,81059929.0000000000,2845200.0000000000,-0.0197900000,0.8105992900,AKShare stock_zh_a_spot / 新浪
603985,恒润股份,18.3300000000,18.6800000000,230196488.0000000000,12503601.0000000000,-0.0187400000,2.3019648800,AKShare stock_zh_a_spot / 新浪
603986,兆易创新,436.7400000000,444.0000000000,26794872150.0000000000,60757277.0000000000,-0.0163500000,267.9487215000,AKShare stock_zh_a_spot / 新浪
603987,康德莱,7.5900000000,7.6000000000,23149231.0000000000,3056150.0000000000,-0.0013200000,0.2314923100,AKShare stock_zh_a_spot / 新浪
603988,中电电机,20.3600000000,20.9700000000,211908473.0000000000,10413600.0000000000,-0.0290900000,2.1190847300,AKShare stock_zh_a_spot / 新浪
603989,艾华集团,30.9800000000,32.1200000000,1108114027.0000000000,35320674.0000000000,-0.0354900000,11.0811402700,AKShare stock_zh_a_spot / 新浪
603990,麦迪科技,23.6600000000,23.3300000000,474193196.0000000000,20071979.0000000000,0.0141400000,4.7419319600,AKShare stock_zh_a_spot / 新浪
603991,领先股份,140.5500000000,141.1000000000,248796082.0000000000,1773802.0000000000,-0.0039000000,2.4879608200,AKShare stock_zh_a_spot / 新浪
603992,松霖科技,21.8700000000,22.5300000000,79389854.0000000000,3600278.0000000000,-0.0292900000,0.7938985400,AKShare stock_zh_a_spot / 新浪
603993,洛阳钼业,18.8200000000,19.1300000000,3545592253.0000000000,188805826.0000000000,-0.0162000000,35.4559225300,AKShare stock_zh_a_spot / 新浪
603995,甬金股份,27.5300000000,25.7500000000,404048487.0000000000,14905515.0000000000,0.0691300000,4.0404848700,AKShare stock_zh_a_spot / 新浪
603997,继峰股份,12.2100000000,12.5900000000,506564667.0000000000,41914900.0000000000,-0.0301800000,5.0656466700,AKShare stock_zh_a_spot / 新浪
603998,方盛制药,10.3700000000,10.5000000000,202051813.0000000000,19308700.0000000000,-0.0123800000,2.0205181300,AKShare stock_zh_a_spot / 新浪
603999,读者传媒,5.7100000000,5.6200000000,37392925.0000000000,6619200.0000000000,0.0160100000,0.3739292500,AKShare stock_zh_a_spot / 新浪
605001,威奥股份,5.7500000000,5.7800000000,20137916.0000000000,3517400.0000000000,-0.0051900000,0.2013791600,AKShare stock_zh_a_spot / 新浪
605003,众望布艺,22.4300000000,21.7500000000,35189464.0000000000,1596500.0000000000,0.0312600000,0.3518946400,AKShare stock_zh_a_spot / 新浪
605005,合兴股份,15.8500000000,15.6700000000,20103110.0000000000,1278325.0000000000,0.0114900000,0.2010311000,AKShare stock_zh_a_spot / 新浪
605006,山东玻纤,15.3700000000,15.7600000000,776926568.0000000000,49839706.0000000000,-0.0247500000,7.7692656800,AKShare stock_zh_a_spot / 新浪
605007,五洲特纸,15.7600000000,15.8300000000,70897125.0000000000,4465800.0000000000,-0.0044200000,0.7089712500,AKShare stock_zh_a_spot / 新浪
605008,长鸿高科,12.6200000000,12.4700000000,45431387.0000000000,3612040.0000000000,0.0120300000,0.4543138700,AKShare stock_zh_a_spot / 新浪
605009,豪悦护理,24.1200000000,23.8500000000,31582898.0000000000,1310731.0000000000,0.0113200000,0.3158289800,AKShare stock_zh_a_spot / 新浪
605011,杭州热电,17.3200000000,17.1000000000,79638660.0000000000,4635700.0000000000,0.0128700000,0.7963866000,AKShare stock_zh_a_spot / 新浪
605016,百龙创园,20.4400000000,20.0900000000,128968046.0000000000,6353816.0000000000,0.0174200000,1.2896804600,AKShare stock_zh_a_spot / 新浪
605018,长华集团,12.8500000000,13.0600000000,56889717.0000000000,4432500.0000000000,-0.0160800000,0.5688971700,AKShare stock_zh_a_spot / 新浪
605020,永和股份,34.6900000000,35.1900000000,699042266.0000000000,19759755.0000000000,-0.0142100000,6.9904226600,AKShare stock_zh_a_spot / 新浪
605028,世茂能源,25.2100000000,24.7900000000,45411531.0000000000,1818730.0000000000,0.0169400000,0.4541153100,AKShare stock_zh_a_spot / 新浪
605033,美邦股份,19.7200000000,19.1500000000,124611189.0000000000,6292500.0000000000,0.0297700000,1.2461118900,AKShare stock_zh_a_spot / 新浪
605050,福然德,10.5600000000,10.7300000000,19873699.0000000000,1875000.0000000000,-0.0158400000,0.1987369900,AKShare stock_zh_a_spot / 新浪
605055,迎丰股份,9.7300000000,9.7200000000,28258140.0000000000,2930000.0000000000,0.0010300000,0.2825814000,AKShare stock_zh_a_spot / 新浪
605056,咸亨国际,14.9100000000,15.0700000000,63307565.0000000000,4245528.0000000000,-0.0106200000,0.6330756500,AKShare stock_zh_a_spot / 新浪
605058,澳弘电子,27.9300000000,28.0300000000,53235191.0000000000,1902879.0000000000,-0.0035700000,0.5323519100,AKShare stock_zh_a_spot / 新浪
605060,联德股份,46.3800000000,48.0600000000,283097657.0000000000,6068900.0000000000,-0.0349600000,2.8309765700,AKShare stock_zh_a_spot / 新浪
605066,天正电气,7.7100000000,7.2200000000,224385598.0000000000,29954344.0000000000,0.0678700000,2.2438559800,AKShare stock_zh_a_spot / 新浪
605068,明新旭腾,18.3800000000,18.9700000000,94964518.0000000000,5111500.0000000000,-0.0311000000,0.9496451800,AKShare stock_zh_a_spot / 新浪
605069,正和生态,10.8100000000,10.9700000000,30475372.0000000000,2813560.0000000000,-0.0145900000,0.3047537200,AKShare stock_zh_a_spot / 新浪
605077,华康股份,11.2100000000,11.0700000000,51638242.0000000000,4622771.0000000000,0.0126500000,0.5163824200,AKShare stock_zh_a_spot / 新浪
605080,浙江自然,20.4500000000,20.4100000000,34237177.0000000000,1692300.0000000000,0.0019600000,0.3423717700,AKShare stock_zh_a_spot / 新浪
605086,龙高股份,24.0200000000,23.9200000000,22423085.0000000000,938100.0000000000,0.0041800000,0.2242308500,AKShare stock_zh_a_spot / 新浪
605088,冠盛股份,21.5500000000,21.4300000000,59065909.0000000000,2765300.0000000000,0.0056000000,0.5906590900,AKShare stock_zh_a_spot / 新浪
605089,味知香,20.7700000000,20.7100000000,21995805.0000000000,1060057.0000000000,0.0029000000,0.2199580500,AKShare stock_zh_a_spot / 新浪
605090,九丰能源,37.2100000000,36.8000000000,622192260.0000000000,16866126.0000000000,0.0111400000,6.2219226000,AKShare stock_zh_a_spot / 新浪
605098,行动教育,56.6100000000,55.6400000000,94463063.0000000000,1671353.0000000000,0.0174300000,0.9446306300,AKShare stock_zh_a_spot / 新浪
605099,共创草坪,33.3200000000,33.0500000000,31983295.0000000000,967700.0000000000,0.0081700000,0.3198329500,AKShare stock_zh_a_spot / 新浪
605100,华丰股份,35.2500000000,35.5700000000,141469003.0000000000,4031460.0000000000,-0.0090000000,1.4146900300,AKShare stock_zh_a_spot / 新浪
605108,同庆楼,12.6600000000,12.7000000000,27136157.0000000000,2139357.0000000000,-0.0031500000,0.2713615700,AKShare stock_zh_a_spot / 新浪
605111,新洁能,63.5000000000,62.9500000000,1552291128.0000000000,24674368.0000000000,0.0087400000,15.5229112800,AKShare stock_zh_a_spot / 新浪
605116,奥锐特,20.3900000000,20.5900000000,51857654.0000000000,2534400.0000000000,-0.0097100000,0.5185765400,AKShare stock_zh_a_spot / 新浪
605117,德业股份,98.4200000000,95.5900000000,1798640639.0000000000,18473188.0000000000,0.0296100000,17.9864063900,AKShare stock_zh_a_spot / 新浪
605118,力鼎光电,30.3600000000,30.2200000000,80833594.0000000000,2682141.0000000000,0.0046300000,0.8083359400,AKShare stock_zh_a_spot / 新浪
605122,四方新材,11.7300000000,11.3000000000,41845972.0000000000,3638716.0000000000,0.0380500000,0.4184597200,AKShare stock_zh_a_spot / 新浪
605123,派克新材,80.6900000000,80.4500000000,139138267.0000000000,1734769.0000000000,0.0029800000,1.3913826700,AKShare stock_zh_a_spot / 新浪
605128,上海沿浦,25.1500000000,24.9000000000,141748492.0000000000,5657193.0000000000,0.0100400000,1.4174849200,AKShare stock_zh_a_spot / 新浪
605133,嵘泰股份,29.0200000000,27.7500000000,514607654.0000000000,17399806.0000000000,0.0457700000,5.1460765400,AKShare stock_zh_a_spot / 新浪
605136,丽人丽妆,8.1300000000,8.3400000000,65894651.0000000000,8055399.0000000000,-0.0251800000,0.6589465100,AKShare stock_zh_a_spot / 新浪
605138,盛泰集团,5.9100000000,5.9300000000,19795167.0000000000,3364700.0000000000,-0.0033700000,0.1979516700,AKShare stock_zh_a_spot / 新浪
605151,西上海,19.3300000000,19.4100000000,30399890.0000000000,1581900.0000000000,-0.0041200000,0.3039989000,AKShare stock_zh_a_spot / 新浪
605155,西大门,14.7100000000,14.8400000000,29298730.0000000000,1976100.0000000000,-0.0087600000,0.2929873000,AKShare stock_zh_a_spot / 新浪
605158,华达新材,7.3500000000,7.3200000000,18766459.0000000000,2563910.0000000000,0.0041000000,0.1876645900,AKShare stock_zh_a_spot / 新浪
605162,新中港,9.7200000000,9.5300000000,372173159.0000000000,38179420.0000000000,0.0199400000,3.7217315900,AKShare stock_zh_a_spot / 新浪
605166,聚合顺,8.4000000000,8.5000000000,35917403.0000000000,4274700.0000000000,-0.0117600000,0.3591740300,AKShare stock_zh_a_spot / 新浪
605167,利柏特,14.5300000000,14.6000000000,107543105.0000000000,7314674.0000000000,-0.0047900000,1.0754310500,AKShare stock_zh_a_spot / 新浪
605168,三人行,47.2900000000,46.6600000000,293801657.0000000000,6313704.0000000000,0.0135000000,2.9380165700,AKShare stock_zh_a_spot / 新浪
605169,洪通燃气,10.8400000000,10.2200000000,79541782.0000000000,7528320.0000000000,0.0606700000,0.7954178200,AKShare stock_zh_a_spot / 新浪
605177,东亚药业,19.0000000000,18.6900000000,52130594.0000000000,2742900.0000000000,0.0165900000,0.5213059400,AKShare stock_zh_a_spot / 新浪
605178,时空科技,69.8900000000,68.2800000000,332833773.0000000000,4819136.0000000000,0.0235800000,3.3283377300,AKShare stock_zh_a_spot / 新浪
605179,一鸣食品,38.6100000000,35.1000000000,1545436187.0000000000,42217487.0000000000,0.1000000000,15.4543618700,AKShare stock_zh_a_spot / 新浪
605180,华生科技,13.1000000000,13.9600000000,218301786.0000000000,15220858.0000000000,-0.0616000000,2.1830178600,AKShare stock_zh_a_spot / 新浪
605183,确成股份,14.6800000000,14.8200000000,14782476.0000000000,1001420.0000000000,-0.0094500000,0.1478247600,AKShare stock_zh_a_spot / 新浪
605186,健麾信息,27.7000000000,27.9400000000,39430826.0000000000,1425600.0000000000,-0.0085900000,0.3943082600,AKShare stock_zh_a_spot / 新浪
605188,国光连锁,13.2300000000,13.1000000000,108165220.0000000000,8141943.0000000000,0.0099200000,1.0816522000,AKShare stock_zh_a_spot / 新浪
605189,富春染织,15.9300000000,16.2700000000,251031424.0000000000,15917797.0000000000,-0.0209000000,2.5103142400,AKShare stock_zh_a_spot / 新浪
605196,华通线缆,35.9100000000,35.9600000000,350704902.0000000000,9787330.0000000000,-0.0013900000,3.5070490200,AKShare stock_zh_a_spot / 新浪
605198,安德利,68.3900000000,68.1300000000,188493489.0000000000,2748750.0000000000,0.0038200000,1.8849348900,AKShare stock_zh_a_spot / 新浪
605208,永茂泰,15.1200000000,14.6100000000,217471777.0000000000,14500035.0000000000,0.0349100000,2.1747177700,AKShare stock_zh_a_spot / 新浪
605218,伟时电子,14.5300000000,14.7800000000,33479493.0000000000,2296600.0000000000,-0.0169100000,0.3347949300,AKShare stock_zh_a_spot / 新浪
605222,起帆电缆,20.9300000000,20.7500000000,219379618.0000000000,10411272.0000000000,0.0086700000,2.1937961800,AKShare stock_zh_a_spot / 新浪
605228,神通科技,11.1700000000,11.1900000000,39444143.0000000000,3547299.0000000000,-0.0017900000,0.3944414300,AKShare stock_zh_a_spot / 新浪
605255,天普股份,73.3000000000,69.1000000000,132774092.0000000000,1829700.0000000000,0.0607800000,1.3277409200,AKShare stock_zh_a_spot / 新浪
605258,协和电子,27.7400000000,27.9500000000,34946453.0000000000,1264600.0000000000,-0.0075100000,0.3494645300,AKShare stock_zh_a_spot / 新浪
605259,绿田机械,18.1800000000,18.3500000000,11483119.0000000000,630800.0000000000,-0.0092600000,0.1148311900,AKShare stock_zh_a_spot / 新浪
605266,健之佳,16.8500000000,16.7900000000,23517780.0000000000,1399000.0000000000,0.0035700000,0.2351778000,AKShare stock_zh_a_spot / 新浪
605268,王力安防,10.1600000000,9.2400000000,81393973.0000000000,8232590.0000000000,0.0995700000,0.8139397300,AKShare stock_zh_a_spot / 新浪
605277,新亚电子,15.1100000000,15.5400000000,81135000.0000000000,5348376.0000000000,-0.0276700000,0.8113500000,AKShare stock_zh_a_spot / 新浪
605286,同力天启,27.5200000000,30.1500000000,339926188.0000000000,12122300.0000000000,-0.0872300000,3.3992618800,AKShare stock_zh_a_spot / 新浪
605287,德才股份,39.8900000000,39.3600000000,131910026.0000000000,3337000.0000000000,0.0134700000,1.3191002600,AKShare stock_zh_a_spot / 新浪
605288,凯迪股份,61.8000000000,62.9300000000,106071035.0000000000,1717100.0000000000,-0.0179600000,1.0607103500,AKShare stock_zh_a_spot / 新浪
605289,罗曼股份,116.7400000000,113.4900000000,425906947.0000000000,3743900.0000000000,0.0286400000,4.2590694700,AKShare stock_zh_a_spot / 新浪
605296,神农集团,31.1200000000,30.7000000000,106581323.0000000000,3427548.0000000000,0.0136800000,1.0658132300,AKShare stock_zh_a_spot / 新浪
605298,必得科技,47.4700000000,46.7900000000,32308655.0000000000,685500.0000000000,0.0145300000,0.3230865500,AKShare stock_zh_a_spot / 新浪
605299,舒华体育,12.9400000000,12.8400000000,131131078.0000000000,10270503.0000000000,0.0077900000,1.3113107800,AKShare stock_zh_a_spot / 新浪
605300,佳禾食品,10.0800000000,9.9700000000,39158829.0000000000,3878403.0000000000,0.0110300000,0.3915882900,AKShare stock_zh_a_spot / 新浪
605303,园林股份,22.2300000000,22.1200000000,51261273.0000000000,2323500.0000000000,0.0049700000,0.5126127300,AKShare stock_zh_a_spot / 新浪
605305,中际联合,38.7700000000,38.8100000000,92097566.0000000000,2388106.0000000000,-0.0010300000,0.9209756600,AKShare stock_zh_a_spot / 新浪
605318,法狮龙,84.5700000000,80.8300000000,220472817.0000000000,2643200.0000000000,0.0462700000,2.2047281700,AKShare stock_zh_a_spot / 新浪
605319,无锡振华,25.0200000000,25.0300000000,41697415.0000000000,1656440.0000000000,-0.0004000000,0.4169741500,AKShare stock_zh_a_spot / 新浪
605333,沪光股份,18.6600000000,16.9600000000,100725791.0000000000,5667800.0000000000,0.1002400000,1.0072579100,AKShare stock_zh_a_spot / 新浪
605337,李子园,9.8900000000,9.7600000000,56492249.0000000000,5733694.0000000000,0.0133200000,0.5649224900,AKShare stock_zh_a_spot / 新浪
605338,巴比食品,20.0700000000,19.5400000000,83964846.0000000000,4182316.0000000000,0.0271200000,0.8396484600,AKShare stock_zh_a_spot / 新浪
605339,南侨食品,14.8200000000,15.0000000000,54272703.0000000000,3624600.0000000000,-0.0120000000,0.5427270300,AKShare stock_zh_a_spot / 新浪
605358,立昂微,49.6200000000,46.5900000000,4818045876.0000000000,97570286.0000000000,0.0650400000,48.1804587600,AKShare stock_zh_a_spot / 新浪
605365,立达信,14.1800000000,14.1500000000,41223112.0000000000,2923072.0000000000,0.0021200000,0.4122311200,AKShare stock_zh_a_spot / 新浪
605366,宏柏新材,8.4800000000,8.5000000000,184240395.0000000000,21738676.0000000000,-0.0023500000,1.8424039500,AKShare stock_zh_a_spot / 新浪
605368,蓝天燃气,6.6700000000,6.5800000000,28707280.0000000000,4315400.0000000000,0.0136800000,0.2870728000,AKShare stock_zh_a_spot / 新浪
605369,拱东医疗,17.4800000000,17.2500000000,34857654.0000000000,1999784.0000000000,0.0133300000,0.3485765400,AKShare stock_zh_a_spot / 新浪
605376,博迁新材,169.1500000000,175.6600000000,2847183115.0000000000,16520264.0000000000,-0.0370600000,28.4718311500,AKShare stock_zh_a_spot / 新浪
605377,华旺科技,8.8800000000,9.1900000000,80515767.0000000000,9045056.0000000000,-0.0337300000,0.8051576700,AKShare stock_zh_a_spot / 新浪
605378,野马电池,14.3500000000,14.3900000000,26262272.0000000000,1827700.0000000000,-0.0027800000,0.2626227200,AKShare stock_zh_a_spot / 新浪
605388,均瑶健康,6.3100000000,6.2800000000,140815208.0000000000,22293502.0000000000,0.0047800000,1.4081520800,AKShare stock_zh_a_spot / 新浪
605389,长龄液压,76.0200000000,76.1900000000,79107354.0000000000,1042640.0000000000,-0.0022300000,0.7910735400,AKShare stock_zh_a_spot / 新浪
605398,新炬网络,20.7800000000,21.0000000000,48742225.0000000000,2363400.0000000000,-0.0104800000,0.4874222500,AKShare stock_zh_a_spot / 新浪
605399,晨光新材,11.1100000000,11.0900000000,36180541.0000000000,3264900.0000000000,0.0018000000,0.3618054100,AKShare stock_zh_a_spot / 新浪
605488,福莱新材,30.9800000000,30.9000000000,201651395.0000000000,6576240.0000000000,0.0025900000,2.0165139500,AKShare stock_zh_a_spot / 新浪
605499,东鹏饮料,122.5700000000,123.4700000000,787094099.0000000000,6406604.0000000000,-0.0072900000,7.8709409900,AKShare stock_zh_a_spot / 新浪
605500,森林包装,7.1200000000,7.0100000000,27773380.0000000000,3932366.0000000000,0.0156900000,0.2777338000,AKShare stock_zh_a_spot / 新浪
605507,国邦医药,15.7400000000,15.5800000000,92321262.0000000000,5864220.0000000000,0.0102700000,0.9232126200,AKShare stock_zh_a_spot / 新浪
605555,德昌股份,12.4600000000,12.2500000000,47422744.0000000000,3861587.0000000000,0.0171400000,0.4742274400,AKShare stock_zh_a_spot / 新浪
605566,福莱蒽特,27.7100000000,27.0400000000,84553029.0000000000,3079000.0000000000,0.0247800000,0.8455302900,AKShare stock_zh_a_spot / 新浪
605567,春雪食品,9.2300000000,9.1600000000,20482360.0000000000,2229700.0000000000,0.0076400000,0.2048236000,AKShare stock_zh_a_spot / 新浪
605577,龙版传媒,10.7600000000,9.7800000000,118868379.0000000000,11303300.0000000000,0.1002000000,1.1886837900,AKShare stock_zh_a_spot / 新浪
605580,恒盛能源,18.7500000000,18.9800000000,74194996.0000000000,3962740.0000000000,-0.0121200000,0.7419499600,AKShare stock_zh_a_spot / 新浪
605588,冠石科技,49.5100000000,49.6400000000,58005663.0000000000,1177888.0000000000,-0.0026200000,0.5800566300,AKShare stock_zh_a_spot / 新浪
605589,圣泉集团,42.6200000000,44.0000000000,2087106778.0000000000,48719357.0000000000,-0.0313600000,20.8710677800,AKShare stock_zh_a_spot / 新浪
605598,上海港湾,28.9200000000,29.2600000000,82881630.0000000000,2861400.0000000000,-0.0116200000,0.8288163000,AKShare stock_zh_a_spot / 新浪
605599,菜百股份,15.8900000000,15.8600000000,96886402.0000000000,6067200.0000000000,0.0018900000,0.9688640200,AKShare stock_zh_a_spot / 新浪
688001,华兴源创,59.4500000000,56.0800000000,1024413680.0000000000,17550991.0000000000,0.0600900000,10.2441368000,AKShare stock_zh_a_spot / 新浪
688002,睿创微纳,174.8400000000,168.7800000000,3151276479.0000000000,18143475.0000000000,0.0359000000,31.5127647900,AKShare stock_zh_a_spot / 新浪
688003,天准科技,90.2000000000,94.8000000000,918848107.0000000000,10200906.0000000000,-0.0485200000,9.1884810700,AKShare stock_zh_a_spot / 新浪
688004,博汇科技,23.2000000000,24.2000000000,99629627.0000000000,4294633.0000000000,-0.0413200000,0.9962962700,AKShare stock_zh_a_spot / 新浪
688005,容百科技,27.5000000000,27.6800000000,327750085.0000000000,11880363.0000000000,-0.0065000000,3.2775008500,AKShare stock_zh_a_spot / 新浪
688006,杭可科技,25.1000000000,22.8400000000,691563373.0000000000,28135762.0000000000,0.0989500000,6.9156337300,AKShare stock_zh_a_spot / 新浪
688007,光峰科技,11.0800000000,11.1500000000,61670049.0000000000,5586148.0000000000,-0.0062800000,0.6167004900,AKShare stock_zh_a_spot / 新浪
688008,澜起科技,218.0000000000,224.3700000000,9788243117.0000000000,44392405.0000000000,-0.0283900000,97.8824311700,AKShare stock_zh_a_spot / 新浪
688009,中国通号,4.9100000000,4.9100000000,103598735.0000000000,21124537.0000000000,0.0000000000,1.0359873500,AKShare stock_zh_a_spot / 新浪
688010,福光股份,28.3200000000,28.3000000000,100877006.0000000000,3597004.0000000000,0.0007100000,1.0087700600,AKShare stock_zh_a_spot / 新浪
688011,新光光电,88.3500000000,88.3300000000,199497571.0000000000,2260691.0000000000,0.0002300000,1.9949757100,AKShare stock_zh_a_spot / 新浪
688012,中微公司,398.3300000000,387.8200000000,8447273945.0000000000,21590545.0000000000,0.0271000000,84.4727394500,AKShare stock_zh_a_spot / 新浪
688013,天臣医疗,26.2400000000,26.6600000000,30548208.0000000000,1166828.0000000000,-0.0157500000,0.3054820800,AKShare stock_zh_a_spot / 新浪
688015,交控科技,15.9200000000,16.1600000000,18355134.0000000000,1153164.0000000000,-0.0148500000,0.1835513400,AKShare stock_zh_a_spot / 新浪
688016,心脉医疗,92.1600000000,92.8100000000,92728543.0000000000,1006104.0000000000,-0.0070000000,0.9272854300,AKShare stock_zh_a_spot / 新浪
688017,绿的谐波,380.8000000000,362.1700000000,5676901027.0000000000,15202861.0000000000,0.0514400000,56.7690102700,AKShare stock_zh_a_spot / 新浪
688018,乐鑫科技,113.5800000000,114.4000000000,530716060.0000000000,4691032.0000000000,-0.0071700000,5.3071606000,AKShare stock_zh_a_spot / 新浪
688019,安集科技,272.9800000000,261.9200000000,2484272579.0000000000,9342646.0000000000,0.0422300000,24.8427257900,AKShare stock_zh_a_spot / 新浪
688020,方邦股份,149.6400000000,152.6800000000,713441959.0000000000,4786992.0000000000,-0.0199100000,7.1344195900,AKShare stock_zh_a_spot / 新浪
688021,奥福科技,21.2500000000,21.5000000000,18982818.0000000000,891434.0000000000,-0.0116300000,0.1898281800,AKShare stock_zh_a_spot / 新浪
688023,安恒信息,39.8000000000,40.1000000000,95172349.0000000000,2415731.0000000000,-0.0074800000,0.9517234900,AKShare stock_zh_a_spot / 新浪
688025,杰普特,419.9900000000,415.0000000000,1813728975.0000000000,4395150.0000000000,0.0120200000,18.1372897500,AKShare stock_zh_a_spot / 新浪
688026,洁特生物,16.7400000000,17.0400000000,120397868.0000000000,7089816.0000000000,-0.0176100000,1.2039786800,AKShare stock_zh_a_spot / 新浪
688027,国盾量子,415.2000000000,418.7900000000,605284965.0000000000,1465878.0000000000,-0.0085700000,6.0528496500,AKShare stock_zh_a_spot / 新浪
688028,沃尔德,97.6900000000,96.0500000000,726058054.0000000000,7524509.0000000000,0.0170700000,7.2605805400,AKShare stock_zh_a_spot / 新浪
688029,南微医学,73.1600000000,73.1700000000,103812283.0000000000,1422531.0000000000,-0.0001400000,1.0381228300,AKShare stock_zh_a_spot / 新浪
688030,山石网科,17.5800000000,17.2100000000,61203785.0000000000,3562998.0000000000,0.0215000000,0.6120378500,AKShare stock_zh_a_spot / 新浪
688031,星环科技,115.5000000000,120.8400000000,798862562.0000000000,6911629.0000000000,-0.0441900000,7.9886256200,AKShare stock_zh_a_spot / 新浪
688032,禾迈股份,77.7000000000,78.7000000000,59036527.0000000000,759600.0000000000,-0.0127100000,0.5903652700,AKShare stock_zh_a_spot / 新浪
688035,德邦科技,71.6500000000,75.1500000000,867178390.0000000000,11912740.0000000000,-0.0465700000,8.6717839000,AKShare stock_zh_a_spot / 新浪
688036,传音控股,56.2700000000,55.4000000000,972076060.0000000000,17317997.0000000000,0.0157000000,9.7207606000,AKShare stock_zh_a_spot / 新浪
688037,芯源微,356.5000000000,346.0300000000,2131150543.0000000000,6063496.0000000000,0.0302600000,21.3115054300,AKShare stock_zh_a_spot / 新浪
688038,中科通达,18.9900000000,18.7600000000,41346928.0000000000,2179197.0000000000,0.0122600000,0.4134692800,AKShare stock_zh_a_spot / 新浪
688039,当虹科技,35.5800000000,36.0200000000,58502230.0000000000,1662140.0000000000,-0.0122200000,0.5850223000,AKShare stock_zh_a_spot / 新浪
688041,海光信息,280.0800000000,288.8000000000,7522663428.0000000000,26922046.0000000000,-0.0301900000,75.2266342800,AKShare stock_zh_a_spot / 新浪
688045,必易微,66.2100000000,63.8700000000,215483908.0000000000,3291838.0000000000,0.0366400000,2.1548390800,AKShare stock_zh_a_spot / 新浪
688046,药康生物,40.0000000000,40.1800000000,523477294.0000000000,13240623.0000000000,-0.0044800000,5.2347729400,AKShare stock_zh_a_spot / 新浪
688047,龙芯中科,113.7700000000,113.5900000000,520436517.0000000000,4625628.0000000000,0.0015800000,5.2043651700,AKShare stock_zh_a_spot / 新浪
688048,长光华芯,336.9500000000,332.8800000000,3277352072.0000000000,9799581.0000000000,0.0122300000,32.7735207200,AKShare stock_zh_a_spot / 新浪
688049,炬芯科技,42.0600000000,42.6000000000,255568778.0000000000,6087670.0000000000,-0.0126800000,2.5556877800,AKShare stock_zh_a_spot / 新浪
688050,爱博医疗,41.5800000000,41.4600000000,136002082.0000000000,3286292.0000000000,0.0028900000,1.3600208200,AKShare stock_zh_a_spot / 新浪
688051,佳华科技,25.0100000000,25.3800000000,28217628.0000000000,1133106.0000000000,-0.0145800000,0.2821762800,AKShare stock_zh_a_spot / 新浪
688052,纳芯微,237.0700000000,244.0000000000,727391858.0000000000,3055767.0000000000,-0.0284000000,7.2739185800,AKShare stock_zh_a_spot / 新浪
688055,龙腾光电,3.9800000000,3.9900000000,54374668.0000000000,13698077.0000000000,-0.0025100000,0.5437466800,AKShare stock_zh_a_spot / 新浪
688056,莱伯泰科,45.8800000000,46.4800000000,50992708.0000000000,1116726.0000000000,-0.0129100000,0.5099270800,AKShare stock_zh_a_spot / 新浪
688057,金达莱,18.7800000000,18.6600000000,82036888.0000000000,4355877.0000000000,0.0064300000,0.8203688800,AKShare stock_zh_a_spot / 新浪
688058,宝兰德,23.5800000000,23.4200000000,23066565.0000000000,994545.0000000000,0.0068300000,0.2306656500,AKShare stock_zh_a_spot / 新浪
688059,华锐精密,96.9000000000,97.0800000000,528426917.0000000000,5489233.0000000000,-0.0018500000,5.2842691700,AKShare stock_zh_a_spot / 新浪
688060,云涌科技,35.1600000000,35.2100000000,13235745.0000000000,379035.0000000000,-0.0014200000,0.1323574500,AKShare stock_zh_a_spot / 新浪
688061,灿瑞科技,39.6400000000,40.9700000000,84153970.0000000000,2097201.0000000000,-0.0324600000,0.8415397000,AKShare stock_zh_a_spot / 新浪
688062,迈威生物,33.1900000000,33.8000000000,281052813.0000000000,8472791.0000000000,-0.0180500000,2.8105281300,AKShare stock_zh_a_spot / 新浪
688063,派能科技,45.3900000000,46.0400000000,195241985.0000000000,4300189.0000000000,-0.0141200000,1.9524198500,AKShare stock_zh_a_spot / 新浪
688065,凯赛生物,46.8800000000,46.6500000000,208948392.0000000000,4459055.0000000000,0.0049300000,2.0894839200,AKShare stock_zh_a_spot / 新浪
688067,爱威科技,22.8300000000,23.0600000000,16772641.0000000000,735474.0000000000,-0.0099700000,0.1677264100,AKShare stock_zh_a_spot / 新浪
688068,热景生物,111.2100000000,115.6800000000,392598820.0000000000,3503108.0000000000,-0.0386400000,3.9259882000,AKShare stock_zh_a_spot / 新浪
688069,德林海,31.5900000000,31.8000000000,115533814.0000000000,3643769.0000000000,-0.0066000000,1.1553381400,AKShare stock_zh_a_spot / 新浪
688070,纵横股份,37.0900000000,36.7600000000,83938808.0000000000,2299845.0000000000,0.0089800000,0.8393880800,AKShare stock_zh_a_spot / 新浪
688071,华依科技,36.6400000000,36.3800000000,104191473.0000000000,2856481.0000000000,0.0071500000,1.0419147300,AKShare stock_zh_a_spot / 新浪
688072,拓荆科技,755.4600000000,719.0100000000,5193483009.0000000000,6997196.0000000000,0.0506900000,51.9348300900,AKShare stock_zh_a_spot / 新浪
688073,毕得医药,79.6500000000,81.8400000000,465089995.0000000000,5829818.0000000000,-0.0267600000,4.6508999500,AKShare stock_zh_a_spot / 新浪
688075,安旭生物,29.8500000000,30.3000000000,18482482.0000000000,617353.0000000000,-0.0148500000,0.1848248200,AKShare stock_zh_a_spot / 新浪
688077,大地熊,32.2600000000,27.8500000000,329172776.0000000000,10647755.0000000000,0.1583500000,3.2917277600,AKShare stock_zh_a_spot / 新浪
688078,龙软科技,23.0200000000,23.1000000000,15384320.0000000000,673358.0000000000,-0.0034600000,0.1538432000,AKShare stock_zh_a_spot / 新浪
688079,美迪凯,17.3700000000,17.1500000000,281486249.0000000000,16378680.0000000000,0.0128300000,2.8148624900,AKShare stock_zh_a_spot / 新浪
688080,映翰通,37.2600000000,37.5600000000,35954113.0000000000,971808.0000000000,-0.0079900000,0.3595411300,AKShare stock_zh_a_spot / 新浪
688081,兴图新科,29.8900000000,30.8500000000,47530218.0000000000,1581971.0000000000,-0.0311200000,0.4753021800,AKShare stock_zh_a_spot / 新浪
688082,盛美上海,337.4000000000,318.5100000000,3183748883.0000000000,9645544.0000000000,0.0593100000,31.8374888300,AKShare stock_zh_a_spot / 新浪
688083,中望软件,56.0000000000,54.8800000000,289238348.0000000000,5272375.0000000000,0.0204100000,2.8923834800,AKShare stock_zh_a_spot / 新浪
688084,晶品特装,47.0800000000,46.8300000000,60329920.0000000000,1288543.0000000000,0.0053400000,0.6032992000,AKShare stock_zh_a_spot / 新浪
688085,三友医疗,13.4700000000,13.6300000000,45621216.0000000000,3412538.0000000000,-0.0117400000,0.4562121600,AKShare stock_zh_a_spot / 新浪
688087,英科再生,40.3400000000,39.0700000000,69445918.0000000000,1737486.0000000000,0.0325100000,0.6944591800,AKShare stock_zh_a_spot / 新浪
688088,虹软科技,33.3800000000,33.6700000000,209776504.0000000000,6345186.0000000000,-0.0086100000,2.0977650400,AKShare stock_zh_a_spot / 新浪
688090,瑞松科技,73.4200000000,74.8500000000,409888803.0000000000,5583138.0000000000,-0.0191000000,4.0988880300,AKShare stock_zh_a_spot / 新浪
688091,上海谊众,41.2600000000,41.9000000000,150665012.0000000000,3634621.0000000000,-0.0152700000,1.5066501200,AKShare stock_zh_a_spot / 新浪
688092,爱科科技,22.8700000000,22.9400000000,15468474.0000000000,681913.0000000000,-0.0030500000,0.1546847400,AKShare stock_zh_a_spot / 新浪
688093,世华科技,26.7200000000,27.3300000000,76469715.0000000000,2856745.0000000000,-0.0223200000,0.7646971500,AKShare stock_zh_a_spot / 新浪
688095,福昕软件,64.2600000000,65.7000000000,295816783.0000000000,4642723.0000000000,-0.0219200000,2.9581678300,AKShare stock_zh_a_spot / 新浪
688096,京源环保,8.9300000000,8.9300000000,45200087.0000000000,5093446.0000000000,0.0000000000,0.4520008700,AKShare stock_zh_a_spot / 新浪
688097,博众精工,50.6500000000,49.4500000000,604070463.0000000000,12015767.0000000000,0.0242700000,6.0407046300,AKShare stock_zh_a_spot / 新浪
688098,申联生物,8.4100000000,8.4500000000,45054722.0000000000,5322729.0000000000,-0.0047300000,0.4505472200,AKShare stock_zh_a_spot / 新浪
688099,晶晨股份,98.3500000000,100.2200000000,1174897266.0000000000,12008920.0000000000,-0.0186600000,11.7489726600,AKShare stock_zh_a_spot / 新浪
688100,威胜信息,26.6100000000,26.8300000000,181906698.0000000000,6831209.0000000000,-0.0082000000,1.8190669800,AKShare stock_zh_a_spot / 新浪
688101,三达膜,15.5500000000,15.6800000000,28987473.0000000000,1870007.0000000000,-0.0082900000,0.2898747300,AKShare stock_zh_a_spot / 新浪
688102,斯瑞新材,40.0000000000,39.9900000000,1189093831.0000000000,29765902.0000000000,0.0002500000,11.8909383100,AKShare stock_zh_a_spot / 新浪
688103,国力电子,77.1500000000,79.6800000000,200162924.0000000000,2576625.0000000000,-0.0317500000,2.0016292400,AKShare stock_zh_a_spot / 新浪
688105,诺唯赞,23.1500000000,23.5400000000,309068478.0000000000,13392297.0000000000,-0.0165700000,3.0906847800,AKShare stock_zh_a_spot / 新浪
688106,金宏气体,29.9900000000,30.7200000000,760822105.0000000000,25175273.0000000000,-0.0237600000,7.6082210500,AKShare stock_zh_a_spot / 新浪
688107,安路科技,33.9900000000,33.6400000000,222189128.0000000000,6613605.0000000000,0.0104000000,2.2218912800,AKShare stock_zh_a_spot / 新浪
688108,赛诺医疗,18.8200000000,19.2100000000,174354574.0000000000,9232634.0000000000,-0.0203000000,1.7435457400,AKShare stock_zh_a_spot / 新浪
688109,品茗科技,76.0900000000,75.7000000000,78036384.0000000000,1031099.0000000000,0.0051500000,0.7803638400,AKShare stock_zh_a_spot / 新浪
688110,东芯股份,124.1500000000,125.9900000000,2087074746.0000000000,16724489.0000000000,-0.0146000000,20.8707474600,AKShare stock_zh_a_spot / 新浪
688111,金山办公,258.6000000000,255.4400000000,2664221954.0000000000,10446368.0000000000,0.0123700000,26.6422195400,AKShare stock_zh_a_spot / 新浪
688112,鼎阳科技,69.8300000000,58.1900000000,331862557.0000000000,5055085.0000000000,0.2000300000,3.3186255700,AKShare stock_zh_a_spot / 新浪
688113,联测科技,36.1300000000,36.8900000000,18115736.0000000000,499554.0000000000,-0.0206000000,0.1811573600,AKShare stock_zh_a_spot / 新浪
688114,华大智造,62.7000000000,64.5900000000,577227881.0000000000,9163515.0000000000,-0.0292600000,5.7722788100,AKShare stock_zh_a_spot / 新浪
688115,思林杰,72.6500000000,71.7600000000,175246714.0000000000,2429987.0000000000,0.0124000000,1.7524671400,AKShare stock_zh_a_spot / 新浪
688116,天奈科技,32.9600000000,33.5000000000,162713895.0000000000,4934679.0000000000,-0.0161200000,1.6271389500,AKShare stock_zh_a_spot / 新浪
688117,圣诺生物,27.3500000000,27.0300000000,327714437.0000000000,12080155.0000000000,0.0118400000,3.2771443700,AKShare stock_zh_a_spot / 新浪
688118,普元信息,21.4600000000,21.3000000000,62060942.0000000000,2942993.0000000000,0.0075100000,0.6206094200,AKShare stock_zh_a_spot / 新浪
688119,中钢洛耐,4.0100000000,4.0900000000,31612836.0000000000,7865102.0000000000,-0.0195600000,0.3161283600,AKShare stock_zh_a_spot / 新浪
688120,华海清科,288.6800000000,277.4400000000,3298775474.0000000000,11751057.0000000000,0.0405100000,32.9877547400,AKShare stock_zh_a_spot / 新浪
688122,西部超导,51.1900000000,52.3600000000,555298524.0000000000,10849560.0000000000,-0.0223500000,5.5529852400,AKShare stock_zh_a_spot / 新浪
688123,聚辰股份,150.0000000000,145.2000000000,2005291415.0000000000,13473217.0000000000,0.0330600000,20.0529141500,AKShare stock_zh_a_spot / 新浪
688125,安达智能,134.5200000000,133.0000000000,167834052.0000000000,1255340.0000000000,0.0114300000,1.6783405200,AKShare stock_zh_a_spot / 新浪
688126,沪硅产业,27.7900000000,26.8000000000,4434418029.0000000000,158081869.0000000000,0.0369400000,44.3441802900,AKShare stock_zh_a_spot / 新浪
688127,蓝特光学,72.0100000000,70.6800000000,617345980.0000000000,8739902.0000000000,0.0188200000,6.1734598000,AKShare stock_zh_a_spot / 新浪
688128,中国电研,22.4800000000,22.6900000000,33460252.0000000000,1492337.0000000000,-0.0092600000,0.3346025200,AKShare stock_zh_a_spot / 新浪
688129,东来技术,21.3100000000,21.5800000000,13227970.0000000000,620019.0000000000,-0.0125100000,0.1322797000,AKShare stock_zh_a_spot / 新浪
688130,晶华微,25.3200000000,25.6700000000,60860538.0000000000,2388085.0000000000,-0.0136300000,0.6086053800,AKShare stock_zh_a_spot / 新浪
688131,皓元医药,100.4000000000,100.4200000000,614538717.0000000000,6205168.0000000000,-0.0002000000,6.1453871700,AKShare stock_zh_a_spot / 新浪
688132,邦彦技术,13.5400000000,13.7900000000,11133576.0000000000,822853.0000000000,-0.0181300000,0.1113357600,AKShare stock_zh_a_spot / 新浪
688133,泰坦科技,23.8700000000,23.9100000000,118517186.0000000000,4950148.0000000000,-0.0016700000,1.1851718600,AKShare stock_zh_a_spot / 新浪
688135,利扬芯片,27.2500000000,27.2800000000,268247491.0000000000,9898809.0000000000,-0.0011000000,2.6824749100,AKShare stock_zh_a_spot / 新浪
688136,科兴制药,20.5600000000,20.7600000000,67922849.0000000000,3289241.0000000000,-0.0096300000,0.6792284900,AKShare stock_zh_a_spot / 新浪
688137,近岸蛋白,59.9900000000,68.4300000000,470004087.0000000000,7518613.0000000000,-0.1233400000,4.7000408700,AKShare stock_zh_a_spot / 新浪
688138,清溢光电,36.7500000000,35.4000000000,420614454.0000000000,11733874.0000000000,0.0381400000,4.2061445400,AKShare stock_zh_a_spot / 新浪
688139,海尔生物,28.9700000000,29.0300000000,64882837.0000000000,2252157.0000000000,-0.0020700000,0.6488283700,AKShare stock_zh_a_spot / 新浪
688141,杰华特,143.5800000000,139.8100000000,2645915549.0000000000,18857658.0000000000,0.0269700000,26.4591554900,AKShare stock_zh_a_spot / 新浪
688143,长盈通,145.8000000000,154.0000000000,2729844615.0000000000,18549705.0000000000,-0.0532500000,27.2984461500,AKShare stock_zh_a_spot / 新浪
688146,中船特气,290.2800000000,310.1100000000,6751613245.0000000000,22921604.0000000000,-0.0639500000,67.5161324500,AKShare stock_zh_a_spot / 新浪
688147,微导纳米,129.6600000000,129.7000000000,1860622179.0000000000,14615001.0000000000,-0.0003100000,18.6062217900,AKShare stock_zh_a_spot / 新浪
688148,芳源股份,6.6700000000,6.8100000000,116041788.0000000000,17245445.0000000000,-0.0205600000,1.1604178800,AKShare stock_zh_a_spot / 新浪
688150,莱特光电,43.2300000000,42.4200000000,385299610.0000000000,9031354.0000000000,0.0190900000,3.8529961000,AKShare stock_zh_a_spot / 新浪
688151,华强科技,16.6700000000,16.9100000000,53619954.0000000000,3210538.0000000000,-0.0141900000,0.5361995400,AKShare stock_zh_a_spot / 新浪
688152,麒麟信安,34.9800000000,29.1500000000,225672003.0000000000,6921236.0000000000,0.2000000000,2.2567200300,AKShare stock_zh_a_spot / 新浪
688153,唯捷创芯,27.1600000000,27.1700000000,130610964.0000000000,4857326.0000000000,-0.0003700000,1.3061096400,AKShare stock_zh_a_spot / 新浪
688155,先惠技术,61.7100000000,62.3200000000,88866854.0000000000,1441887.0000000000,-0.0097900000,0.8886685400,AKShare stock_zh_a_spot / 新浪
688156,路德科技,20.7100000000,20.4800000000,50291470.0000000000,2445931.0000000000,0.0112300000,0.5029147000,AKShare stock_zh_a_spot / 新浪
688157,松井股份,19.3600000000,19.2100000000,48084299.0000000000,2518437.0000000000,0.0078100000,0.4808429900,AKShare stock_zh_a_spot / 新浪
688158,优刻得,35.0000000000,36.3400000000,978332219.0000000000,27896646.0000000000,-0.0368700000,9.7833221900,AKShare stock_zh_a_spot / 新浪
688159,有方科技,34.6200000000,35.6700000000,140097218.0000000000,4039405.0000000000,-0.0294400000,1.4009721800,AKShare stock_zh_a_spot / 新浪
688160,步科股份,116.3900000000,111.6800000000,394614708.0000000000,3441040.0000000000,0.0421700000,3.9461470800,AKShare stock_zh_a_spot / 新浪
688161,威高骨科,22.2400000000,22.4600000000,20109043.0000000000,907860.0000000000,-0.0098000000,0.2010904300,AKShare stock_zh_a_spot / 新浪
688162,巨一科技,23.2900000000,23.6200000000,18401698.0000000000,794010.0000000000,-0.0139700000,0.1840169800,AKShare stock_zh_a_spot / 新浪
688163,赛伦生物,35.2700000000,34.6000000000,48820620.0000000000,1400161.0000000000,0.0193600000,0.4882062000,AKShare stock_zh_a_spot / 新浪
688165,埃夫特,18.1200000000,17.6800000000,229760375.0000000000,12868638.0000000000,0.0248900000,2.2976037500,AKShare stock_zh_a_spot / 新浪
688166,博瑞医药,38.6500000000,39.5500000000,592340829.0000000000,15261163.0000000000,-0.0227600000,5.9234082900,AKShare stock_zh_a_spot / 新浪
688167,炬光科技,288.5000000000,291.2000000000,3343643328.0000000000,11702380.0000000000,-0.0092700000,33.4364332800,AKShare stock_zh_a_spot / 新浪
688168,安博通,39.4600000000,40.0900000000,152639574.0000000000,3914285.0000000000,-0.0157100000,1.5263957400,AKShare stock_zh_a_spot / 新浪
688169,石头科技,120.8000000000,113.2400000000,1398902192.0000000000,11832079.0000000000,0.0667600000,13.9890219200,AKShare stock_zh_a_spot / 新浪
688170,德龙激光,56.2700000000,57.0500000000,279195834.0000000000,4940577.0000000000,-0.0136700000,2.7919583400,AKShare stock_zh_a_spot / 新浪
688171,纬德信息,28.3000000000,28.5000000000,37432074.0000000000,1331231.0000000000,-0.0070200000,0.3743207400,AKShare stock_zh_a_spot / 新浪
688172,燕东微,58.9600000000,59.0600000000,750781908.0000000000,12839637.0000000000,-0.0016900000,7.5078190800,AKShare stock_zh_a_spot / 新浪
688173,希荻微,14.2600000000,14.3900000000,141829479.0000000000,10000403.0000000000,-0.0090300000,1.4182947900,AKShare stock_zh_a_spot / 新浪
688175,高凌信息,19.9400000000,19.9200000000,49391325.0000000000,2503602.0000000000,0.0010000000,0.4939132500,AKShare stock_zh_a_spot / 新浪
688176,亚虹医药,12.9400000000,12.9300000000,139532996.0000000000,10830241.0000000000,0.0007700000,1.3953299600,AKShare stock_zh_a_spot / 新浪
688177,百奥泰,20.7400000000,21.8000000000,141965270.0000000000,6749098.0000000000,-0.0486200000,1.4196527000,AKShare stock_zh_a_spot / 新浪
688178,万德斯,29.5200000000,30.3700000000,49105290.0000000000,1647861.0000000000,-0.0279900000,0.4910529000,AKShare stock_zh_a_spot / 新浪
688179,阿拉丁,23.6400000000,23.8800000000,427456349.0000000000,18098421.0000000000,-0.0100500000,4.2745634900,AKShare stock_zh_a_spot / 新浪
688180,君实生物,39.1000000000,39.2500000000,760650686.0000000000,19711973.0000000000,-0.0038200000,7.6065068600,AKShare stock_zh_a_spot / 新浪
688181,八亿时空,41.3800000000,41.2000000000,308543002.0000000000,7468048.0000000000,0.0043700000,3.0854300200,AKShare stock_zh_a_spot / 新浪
688182,灿勤科技,31.4000000000,29.4900000000,480746474.0000000000,15403839.0000000000,0.0647700000,4.8074647400,AKShare stock_zh_a_spot / 新浪
688183,生益电子,114.7600000000,118.2800000000,1580911258.0000000000,13669007.0000000000,-0.0297600000,15.8091125800,AKShare stock_zh_a_spot / 新浪
688185,康希诺,55.9400000000,57.9400000000,144963539.0000000000,2560408.0000000000,-0.0345200000,1.4496353900,AKShare stock_zh_a_spot / 新浪
688186,广大特材,14.2100000000,14.5100000000,56278535.0000000000,3928363.0000000000,-0.0206800000,0.5627853500,AKShare stock_zh_a_spot / 新浪
688187,时代电气,49.8300000000,49.0900000000,342346237.0000000000,6982742.0000000000,0.0150700000,3.4234623700,AKShare stock_zh_a_spot / 新浪
688188,柏楚电子,107.1500000000,102.9000000000,540841258.0000000000,5116107.0000000000,0.0413000000,5.4084125800,AKShare stock_zh_a_spot / 新浪
688190,云路股份,76.6200000000,77.8300000000,57576452.0000000000,751354.0000000000,-0.0155500000,0.5757645200,AKShare stock_zh_a_spot / 新浪
688191,智洋创新,23.2500000000,23.7000000000,193352960.0000000000,8394333.0000000000,-0.0189900000,1.9335296000,AKShare stock_zh_a_spot / 新浪
688192,迪哲医药,61.2400000000,61.3300000000,439454711.0000000000,7164980.0000000000,-0.0014700000,4.3945471100,AKShare stock_zh_a_spot / 新浪
688193,仁度生物,48.1700000000,49.5700000000,20267519.0000000000,419321.0000000000,-0.0282400000,0.2026751900,AKShare stock_zh_a_spot / 新浪
688195,腾景科技,185.9000000000,167.9900000000,3375443207.0000000000,19029561.0000000000,0.1066100000,33.7544320700,AKShare stock_zh_a_spot / 新浪
688196,卓越新能,36.1100000000,35.4700000000,108784653.0000000000,2997286.0000000000,0.0180400000,1.0878465300,AKShare stock_zh_a_spot / 新浪
688197,首药控股,37.1600000000,37.3000000000,75364206.0000000000,2051559.0000000000,-0.0037500000,0.7536420600,AKShare stock_zh_a_spot / 新浪
688198,佰仁医疗,79.2900000000,80.1000000000,48725989.0000000000,616078.0000000000,-0.0101100000,0.4872598900,AKShare stock_zh_a_spot / 新浪
688199,久日新材,24.2800000000,24.1200000000,89907566.0000000000,3715512.0000000000,0.0066300000,0.8990756600,AKShare stock_zh_a_spot / 新浪
688200,华峰测控,437.9000000000,437.1000000000,1411592408.0000000000,3258962.0000000000,0.0018300000,14.1159240800,AKShare stock_zh_a_spot / 新浪
688202,美迪西,108.5000000000,107.3600000000,855147356.0000000000,7893420.0000000000,0.0106200000,8.5514735600,AKShare stock_zh_a_spot / 新浪
688203,海正生材,12.0200000000,11.9600000000,68495361.0000000000,5701463.0000000000,0.0050200000,0.6849536100,AKShare stock_zh_a_spot / 新浪
688205,德科立,175.5000000000,163.3700000000,3206364546.0000000000,18703995.0000000000,0.0742500000,32.0636454600,AKShare stock_zh_a_spot / 新浪
688206,概伦电子,41.9000000000,41.5700000000,402861253.0000000000,9785359.0000000000,0.0079400000,4.0286125300,AKShare stock_zh_a_spot / 新浪
688207,格灵深瞳,21.2100000000,21.6000000000,231538430.0000000000,11004058.0000000000,-0.0180600000,2.3153843000,AKShare stock_zh_a_spot / 新浪
688208,道通科技,26.6300000000,26.8400000000,280592659.0000000000,10507614.0000000000,-0.0078200000,2.8059265900,AKShare stock_zh_a_spot / 新浪
688209,英集芯,23.0800000000,23.3700000000,171388741.0000000000,7455399.0000000000,-0.0124100000,1.7138874100,AKShare stock_zh_a_spot / 新浪
688210,统联精密,31.5600000000,32.8400000000,195010096.0000000000,6175454.0000000000,-0.0389800000,1.9501009600,AKShare stock_zh_a_spot / 新浪
688211,中科微至,31.6800000000,31.6500000000,18407837.0000000000,580433.0000000000,0.0009500000,0.1840783700,AKShare stock_zh_a_spot / 新浪
688212,澳华内镜,30.7000000000,31.8700000000,146512166.0000000000,4737494.0000000000,-0.0367100000,1.4651216600,AKShare stock_zh_a_spot / 新浪
688213,思特威,99.8400000000,101.3700000000,700326683.0000000000,6999948.0000000000,-0.0150900000,7.0032668300,AKShare stock_zh_a_spot / 新浪
688215,瑞晟智能,46.7200000000,45.4000000000,56037484.0000000000,1211450.0000000000,0.0290700000,0.5603748400,AKShare stock_zh_a_spot / 新浪
688216,气派科技,33.1300000000,33.5000000000,127290196.0000000000,3842008.0000000000,-0.0110400000,1.2729019600,AKShare stock_zh_a_spot / 新浪
688217,睿昂基因,23.9600000000,24.8400000000,21765196.0000000000,903585.0000000000,-0.0354300000,0.2176519600,AKShare stock_zh_a_spot / 新浪
688218,江苏北人,47.2500000000,45.9500000000,172142974.0000000000,3692905.0000000000,0.0282900000,1.7214297400,AKShare stock_zh_a_spot / 新浪
688219,会通股份,10.6300000000,10.6800000000,41568047.0000000000,3911532.0000000000,-0.0046800000,0.4156804700,AKShare stock_zh_a_spot / 新浪
688220,翱捷科技,103.5000000000,107.8400000000,986257900.0000000000,9488277.0000000000,-0.0402400000,9.8625790000,AKShare stock_zh_a_spot / 新浪
688221,前沿生物,21.8300000000,22.2800000000,330090245.0000000000,15130113.0000000000,-0.0202000000,3.3009024500,AKShare stock_zh_a_spot / 新浪
688222,成都先导,37.6600000000,38.3900000000,620443813.0000000000,16372491.0000000000,-0.0190200000,6.2044381300,AKShare stock_zh_a_spot / 新浪
688223,晶科能源,4.4800000000,4.4900000000,323310811.0000000000,72055398.0000000000,-0.0022300000,3.2331081100,AKShare stock_zh_a_spot / 新浪
688225,亚信安全,12.5400000000,12.7100000000,61420796.0000000000,4925805.0000000000,-0.0133800000,0.6142079600,AKShare stock_zh_a_spot / 新浪
688226,威腾电气,30.9100000000,31.3400000000,108200868.0000000000,3512902.0000000000,-0.0137200000,1.0820086800,AKShare stock_zh_a_spot / 新浪
688227,品高股份,81.1700000000,83.6000000000,288961083.0000000000,3571181.0000000000,-0.0290700000,2.8896108300,AKShare stock_zh_a_spot / 新浪
688228,开普云,78.7300000000,81.7200000000,291329720.0000000000,3718028.0000000000,-0.0365900000,2.9132972000,AKShare stock_zh_a_spot / 新浪
688229,博睿数据,69.8000000000,70.7800000000,51716865.0000000000,746056.0000000000,-0.0138500000,0.5171686500,AKShare stock_zh_a_spot / 新浪
688230,芯导科技,57.7800000000,58.2000000000,77935588.0000000000,1357239.0000000000,-0.0072200000,0.7793558800,AKShare stock_zh_a_spot / 新浪
688231,隆达股份,31.7600000000,32.1400000000,90893717.0000000000,2867317.0000000000,-0.0118200000,0.9089371700,AKShare stock_zh_a_spot / 新浪
688232,新点软件,18.6100000000,18.7700000000,38824975.0000000000,2101618.0000000000,-0.0085200000,0.3882497500,AKShare stock_zh_a_spot / 新浪
688233,神工股份,134.2000000000,123.9400000000,2050248672.0000000000,15898025.0000000000,0.0827800000,20.5024867200,AKShare stock_zh_a_spot / 新浪
688234,天岳先进,120.6500000000,120.2400000000,1626596119.0000000000,13614288.0000000000,0.0034100000,16.2659611900,AKShare stock_zh_a_spot / 新浪
688235,百济神州,293.7800000000,289.9000000000,1736496748.0000000000,5922165.0000000000,0.0133800000,17.3649674800,AKShare stock_zh_a_spot / 新浪
688236,春立医疗,14.7500000000,15.0000000000,35373711.0000000000,2396591.0000000000,-0.0166700000,0.3537371100,AKShare stock_zh_a_spot / 新浪
688237,超卓航科,62.4400000000,61.1100000000,117706509.0000000000,1913433.0000000000,0.0217600000,1.1770650900,AKShare stock_zh_a_spot / 新浪
688238,和元生物,7.1600000000,7.3400000000,162997550.0000000000,22699681.0000000000,-0.0245200000,1.6299755000,AKShare stock_zh_a_spot / 新浪
688239,航宇科技,48.6100000000,47.9400000000,242320702.0000000000,5089347.0000000000,0.0139800000,2.4232070200,AKShare stock_zh_a_spot / 新浪
688244,永信至诚,15.3800000000,15.5100000000,35123987.0000000000,2312349.0000000000,-0.0083800000,0.3512398700,AKShare stock_zh_a_spot / 新浪
688246,嘉和美康,18.1000000000,18.5900000000,50802058.0000000000,2797881.0000000000,-0.0263600000,0.5080205800,AKShare stock_zh_a_spot / 新浪
688247,宣泰医药,10.0600000000,10.6600000000,154366209.0000000000,15149632.0000000000,-0.0562900000,1.5436620900,AKShare stock_zh_a_spot / 新浪
688248,南网科技,48.6300000000,46.5400000000,394224398.0000000000,8199415.0000000000,0.0449100000,3.9422439800,AKShare stock_zh_a_spot / 新浪
688249,晶合集成,43.8600000000,43.6000000000,1302185270.0000000000,29937375.0000000000,0.0059600000,13.0218527000,AKShare stock_zh_a_spot / 新浪
688251,井松智能,22.2500000000,22.2800000000,23993437.0000000000,1082142.0000000000,-0.0013500000,0.2399343700,AKShare stock_zh_a_spot / 新浪
688252,天德钰,21.5300000000,21.8300000000,150374488.0000000000,6974901.0000000000,-0.0137400000,1.5037448800,AKShare stock_zh_a_spot / 新浪
688253,英诺特,60.9300000000,60.4200000000,134350243.0000000000,2232757.0000000000,0.0084400000,1.3435024300,AKShare stock_zh_a_spot / 新浪
688255,凯尔达,27.8000000000,27.1800000000,108724519.0000000000,3963570.0000000000,0.0228100000,1.0872451900,AKShare stock_zh_a_spot / 新浪
688256,寒武纪,1162.5000000000,1156.0000000000,12569910354.0000000000,10883232.0000000000,0.0056200000,125.6991035400,AKShare stock_zh_a_spot / 新浪
688257,新锐股份,64.7800000000,66.0000000000,1194233362.0000000000,18373278.0000000000,-0.0184800000,11.9423336200,AKShare stock_zh_a_spot / 新浪
688258,卓易信息,109.6200000000,108.6500000000,323217842.0000000000,3010794.0000000000,0.0089300000,3.2321784200,AKShare stock_zh_a_spot / 新浪
688259,创耀科技,32.0000000000,32.0700000000,57120664.0000000000,1768543.0000000000,-0.0021800000,0.5712066400,AKShare stock_zh_a_spot / 新浪
688260,昀冢科技,123.9000000000,120.4400000000,1055958737.0000000000,8537802.0000000000,0.0287300000,10.5595873700,AKShare stock_zh_a_spot / 新浪
688261,东微半导,76.1000000000,75.1900000000,614354542.0000000000,8057242.0000000000,0.0121000000,6.1435454200,AKShare stock_zh_a_spot / 新浪
688262,国芯科技,29.1900000000,29.2900000000,292631421.0000000000,10068046.0000000000,-0.0034100000,2.9263142100,AKShare stock_zh_a_spot / 新浪
688265,南模生物,46.3000000000,48.1900000000,172423883.0000000000,3718320.0000000000,-0.0392200000,1.7242388300,AKShare stock_zh_a_spot / 新浪
688266,泽璟制药,120.0200000000,122.1500000000,707632919.0000000000,5882571.0000000000,-0.0174400000,7.0763291900,AKShare stock_zh_a_spot / 新浪
688267,中触媒,19.3300000000,19.0400000000,48165923.0000000000,2507060.0000000000,0.0152300000,0.4816592300,AKShare stock_zh_a_spot / 新浪
688268,华特气体,159.8900000000,162.6700000000,1040070384.0000000000,6481123.0000000000,-0.0170900000,10.4007038400,AKShare stock_zh_a_spot / 新浪
688269,凯立新材,31.8800000000,31.7900000000,31577905.0000000000,995236.0000000000,0.0028300000,0.3157790500,AKShare stock_zh_a_spot / 新浪
688271,联影医疗,109.1700000000,107.8000000000,565750377.0000000000,5217931.0000000000,0.0127100000,5.6575037700,AKShare stock_zh_a_spot / 新浪
688272,富吉瑞,29.8300000000,30.5400000000,39234042.0000000000,1309287.0000000000,-0.0232500000,0.3923404200,AKShare stock_zh_a_spot / 新浪
688273,麦澜德,31.7800000000,32.3300000000,23634568.0000000000,743485.0000000000,-0.0170100000,0.2363456800,AKShare stock_zh_a_spot / 新浪
688275,万润新能,83.6600000000,86.0000000000,297634953.0000000000,3536876.0000000000,-0.0272100000,2.9763495300,AKShare stock_zh_a_spot / 新浪
688276,百克生物,15.6500000000,15.7800000000,22630899.0000000000,1441589.0000000000,-0.0082400000,0.2263089900,AKShare stock_zh_a_spot / 新浪
688277,天智航,17.0400000000,16.4500000000,176505664.0000000000,10646729.0000000000,0.0358700000,1.7650566400,AKShare stock_zh_a_spot / 新浪
688278,特宝生物,60.1600000000,58.6000000000,311882234.0000000000,5249055.0000000000,0.0266200000,3.1188223400,AKShare stock_zh_a_spot / 新浪
688279,峰岹科技,185.4800000000,178.6400000000,453276790.0000000000,2472627.0000000000,0.0382900000,4.5327679000,AKShare stock_zh_a_spot / 新浪
688280,精进电动,5.6700000000,5.8000000000,54375054.0000000000,9581497.0000000000,-0.0224100000,0.5437505400,AKShare stock_zh_a_spot / 新浪
688281,华秦科技,48.1900000000,49.2200000000,115123199.0000000000,2388398.0000000000,-0.0209300000,1.1512319900,AKShare stock_zh_a_spot / 新浪
688282,理工导航,64.2800000000,64.6900000000,123369022.0000000000,1914222.0000000000,-0.0063400000,1.2336902200,AKShare stock_zh_a_spot / 新浪
688283,坤恒顺维,29.6100000000,30.2200000000,23421332.0000000000,788891.0000000000,-0.0201900000,0.2342133200,AKShare stock_zh_a_spot / 新浪
688285,高铁电气,7.6100000000,7.7000000000,14789380.0000000000,1938120.0000000000,-0.0116900000,0.1478938000,AKShare stock_zh_a_spot / 新浪
688286,敏芯股份,50.7500000000,52.9300000000,424975706.0000000000,8320513.0000000000,-0.0411900000,4.2497570600,AKShare stock_zh_a_spot / 新浪
688288,鸿泉技术,18.5000000000,18.5400000000,19723012.0000000000,1075289.0000000000,-0.0021600000,0.1972301200,AKShare stock_zh_a_spot / 新浪
688289,圣湘生物,15.8900000000,16.1900000000,81914812.0000000000,5133024.0000000000,-0.0185300000,0.8191481200,AKShare stock_zh_a_spot / 新浪
688290,景业智能,69.4000000000,69.1000000000,62597549.0000000000,894748.0000000000,0.0043400000,0.6259754900,AKShare stock_zh_a_spot / 新浪
688291,金橙子,43.8600000000,44.2800000000,63643126.0000000000,1455853.0000000000,-0.0094900000,0.6364312600,AKShare stock_zh_a_spot / 新浪
688292,浩瀚深度,17.7400000000,18.0000000000,41191108.0000000000,2341505.0000000000,-0.0144400000,0.4119110800,AKShare stock_zh_a_spot / 新浪
688293,奥浦迈,64.5500000000,66.5000000000,219390312.0000000000,3387069.0000000000,-0.0293200000,2.1939031200,AKShare stock_zh_a_spot / 新浪
688295,中复神鹰,42.1200000000,41.3800000000,255663675.0000000000,6123685.0000000000,0.0178800000,2.5566367500,AKShare stock_zh_a_spot / 新浪
688296,和达科技,28.7000000000,25.3200000000,257371533.0000000000,9464241.0000000000,0.1334900000,2.5737153300,AKShare stock_zh_a_spot / 新浪
688297,中无人机,40.5700000000,41.1800000000,228323838.0000000000,5629014.0000000000,-0.0148100000,2.2832383800,AKShare stock_zh_a_spot / 新浪
688298,东方生物,19.5400000000,19.6900000000,20629390.0000000000,1056164.0000000000,-0.0076200000,0.2062939000,AKShare stock_zh_a_spot / 新浪
688299,长阳科技,13.3400000000,13.3800000000,53574179.0000000000,4025542.0000000000,-0.0029900000,0.5357417900,AKShare stock_zh_a_spot / 新浪
688300,联瑞新材,160.0000000000,166.4700000000,2152712106.0000000000,13471651.0000000000,-0.0388700000,21.5271210600,AKShare stock_zh_a_spot / 新浪
688301,奕瑞科技,100.3000000000,99.8500000000,677738664.0000000000,6822219.0000000000,0.0045100000,6.7773866400,AKShare stock_zh_a_spot / 新浪
688302,海创药业,37.8900000000,38.1500000000,54769457.0000000000,1448248.0000000000,-0.0068200000,0.5476945700,AKShare stock_zh_a_spot / 新浪
688303,大全能源,18.2600000000,18.6100000000,204143566.0000000000,11131295.0000000000,-0.0188100000,2.0414356600,AKShare stock_zh_a_spot / 新浪
688305,科德数控,68.7400000000,69.9000000000,479614678.0000000000,6938020.0000000000,-0.0166000000,4.7961467800,AKShare stock_zh_a_spot / 新浪
688306,均普智能,9.4300000000,9.4600000000,91689382.0000000000,9796123.0000000000,-0.0031700000,0.9168938200,AKShare stock_zh_a_spot / 新浪
688307,中润光学,53.3000000000,52.4300000000,256231455.0000000000,4847639.0000000000,0.0165900000,2.5623145500,AKShare stock_zh_a_spot / 新浪
688308,欧科亿,107.3000000000,107.8200000000,1117804196.0000000000,10339987.0000000000,-0.0048200000,11.1780419600,AKShare stock_zh_a_spot / 新浪
688309,恒誉科技,75.8400000000,75.5000000000,204929030.0000000000,2672393.0000000000,0.0045000000,2.0492903000,AKShare stock_zh_a_spot / 新浪
688310,迈得医疗,15.0400000000,15.0400000000,15420345.0000000000,1028716.0000000000,0.0000000000,0.1542034500,AKShare stock_zh_a_spot / 新浪
688311,盟升电子,24.3300000000,25.3900000000,152021054.0000000000,6172919.0000000000,-0.0417500000,1.5202105400,AKShare stock_zh_a_spot / 新浪
688312,燕麦科技,53.1200000000,51.8000000000,446895872.0000000000,8512444.0000000000,0.0254800000,4.4689587200,AKShare stock_zh_a_spot / 新浪
688313,仕佳光子,162.3000000000,160.0000000000,3633897409.0000000000,22547461.0000000000,0.0143800000,36.3389740900,AKShare stock_zh_a_spot / 新浪
688314,康拓医疗,33.3600000000,33.7500000000,18085990.0000000000,541855.0000000000,-0.0115600000,0.1808599000,AKShare stock_zh_a_spot / 新浪
688315,诺禾致源,15.6600000000,16.0200000000,129697229.0000000000,8208966.0000000000,-0.0224700000,1.2969722900,AKShare stock_zh_a_spot / 新浪
688316,青云科技,52.4100000000,54.2000000000,185538415.0000000000,3535106.0000000000,-0.0330300000,1.8553841500,AKShare stock_zh_a_spot / 新浪
688317,之江生物,18.5000000000,18.5700000000,91823989.0000000000,5003675.0000000000,-0.0037700000,0.9182398900,AKShare stock_zh_a_spot / 新浪
688318,财富趋势,79.0300000000,81.4000000000,500072566.0000000000,6353521.0000000000,-0.0291200000,5.0007256600,AKShare stock_zh_a_spot / 新浪
688319,欧林生物,28.7100000000,28.3800000000,361974050.0000000000,12334331.0000000000,0.0116300000,3.6197405000,AKShare stock_zh_a_spot / 新浪
688320,禾川科技,35.8300000000,36.2400000000,122115780.0000000000,3425448.0000000000,-0.0113100000,1.2211578000,AKShare stock_zh_a_spot / 新浪
688321,微芯生物,30.0400000000,31.0000000000,419466400.0000000000,13827006.0000000000,-0.0309700000,4.1946640000,AKShare stock_zh_a_spot / 新浪
688322,奥比中光,115.1100000000,113.0000000000,2055100712.0000000000,17944484.0000000000,0.0186700000,20.5510071200,AKShare stock_zh_a_spot / 新浪
688323,瑞华泰,30.3100000000,30.9000000000,523499937.0000000000,17237594.0000000000,-0.0190900000,5.2349993700,AKShare stock_zh_a_spot / 新浪
688325,赛微微电,113.9000000000,113.9000000000,150811032.0000000000,1314391.0000000000,0.0000000000,1.5081103200,AKShare stock_zh_a_spot / 新浪
688326,经纬恒润,66.0800000000,67.3900000000,58513077.0000000000,884391.0000000000,-0.0194400000,0.5851307700,AKShare stock_zh_a_spot / 新浪
688327,云从科技,10.6700000000,10.9000000000,191148607.0000000000,18002232.0000000000,-0.0211000000,1.9114860700,AKShare stock_zh_a_spot / 新浪
688328,深科达,85.0000000000,84.0900000000,656083588.0000000000,7717503.0000000000,0.0108200000,6.5608358800,AKShare stock_zh_a_spot / 新浪
688329,艾隆科技,20.4600000000,21.0100000000,21282268.0000000000,1038792.0000000000,-0.0261800000,0.2128226800,AKShare stock_zh_a_spot / 新浪
688330,宏力达,33.7300000000,33.5300000000,53456855.0000000000,1597812.0000000000,0.0059600000,0.5345685500,AKShare stock_zh_a_spot / 新浪
688331,荣昌生物,133.5200000000,133.9900000000,910788892.0000000000,6830455.0000000000,-0.0035100000,9.1078889200,AKShare stock_zh_a_spot / 新浪
688332,中科蓝讯,103.1900000000,100.9800000000,544124777.0000000000,5381223.0000000000,0.0218900000,5.4412477700,AKShare stock_zh_a_spot / 新浪
688333,铂力特,114.3500000000,115.7500000000,849192492.0000000000,7451409.0000000000,-0.0121000000,8.4919249200,AKShare stock_zh_a_spot / 新浪
688334,西高院,18.2500000000,18.1200000000,25645930.0000000000,1411747.0000000000,0.0071700000,0.2564593000,AKShare stock_zh_a_spot / 新浪
688335,复洁科技,21.0800000000,20.8900000000,50439515.0000000000,2418221.0000000000,0.0091000000,0.5043951500,AKShare stock_zh_a_spot / 新浪
688336,三生国健,48.3400000000,48.7900000000,452653429.0000000000,9378163.0000000000,-0.0092200000,4.5265342900,AKShare stock_zh_a_spot / 新浪
688337,普源精电,48.3800000000,46.5400000000,375594471.0000000000,7733047.0000000000,0.0395400000,3.7559447100,AKShare stock_zh_a_spot / 新浪
688338,赛科希德,30.9400000000,31.0700000000,49750202.0000000000,1604434.0000000000,-0.0041800000,0.4975020200,AKShare stock_zh_a_spot / 新浪
688339,亿华通,17.4800000000,17.9000000000,47439947.0000000000,2709404.0000000000,-0.0234600000,0.4743994700,AKShare stock_zh_a_spot / 新浪
688343,云天励飞,60.9000000000,62.3900000000,617642299.0000000000,10162501.0000000000,-0.0238800000,6.1764229900,AKShare stock_zh_a_spot / 新浪
688345,博力威,56.8000000000,57.7600000000,116034435.0000000000,2022242.0000000000,-0.0166200000,1.1603443500,AKShare stock_zh_a_spot / 新浪
688347,华虹宏力,264.5200000000,269.9200000000,5628507044.0000000000,21016110.0000000000,-0.0200100000,56.2850704400,AKShare stock_zh_a_spot / 新浪
688348,昱能科技,32.7400000000,32.9800000000,33860749.0000000000,1040567.0000000000,-0.0072800000,0.3386074900,AKShare stock_zh_a_spot / 新浪
688349,三一重能,14.4000000000,14.5100000000,73339177.0000000000,5101939.0000000000,-0.0075800000,0.7333917700,AKShare stock_zh_a_spot / 新浪
688350,富淼科技,30.5000000000,30.7100000000,42629655.0000000000,1400007.0000000000,-0.0068400000,0.4262965500,AKShare stock_zh_a_spot / 新浪
688351,微电生理,20.3000000000,20.6200000000,52472469.0000000000,2582659.0000000000,-0.0155200000,0.5247246900,AKShare stock_zh_a_spot / 新浪
688352,颀中科技,20.3100000000,20.0300000000,509668645.0000000000,25326013.0000000000,0.0139800000,5.0966864500,AKShare stock_zh_a_spot / 新浪
688353,华盛锂电,104.3000000000,108.3000000000,734719733.0000000000,6948525.0000000000,-0.0369300000,7.3471973300,AKShare stock_zh_a_spot / 新浪
688355,明志科技,18.0500000000,18.0800000000,15629501.0000000000,866073.0000000000,-0.0016600000,0.1562950100,AKShare stock_zh_a_spot / 新浪
688356,键凯科技,78.6900000000,79.9900000000,118937291.0000000000,1512579.0000000000,-0.0162500000,1.1893729100,AKShare stock_zh_a_spot / 新浪
688357,建龙微纳,27.3700000000,27.5000000000,10607352.0000000000,385305.0000000000,-0.0047300000,0.1060735200,AKShare stock_zh_a_spot / 新浪
688358,祥生医疗,29.6200000000,29.9200000000,21060071.0000000000,712383.0000000000,-0.0100300000,0.2106007100,AKShare stock_zh_a_spot / 新浪
688359,三孚新科,108.8800000000,113.1800000000,481668870.0000000000,4396142.0000000000,-0.0379900000,4.8166887000,AKShare stock_zh_a_spot / 新浪
688360,德马科技,16.6600000000,16.8500000000,98762202.0000000000,5910059.0000000000,-0.0112800000,0.9876220200,AKShare stock_zh_a_spot / 新浪
688361,中科飞测,371.9600000000,368.7000000000,3874008446.0000000000,10619765.0000000000,0.0088400000,38.7400844600,AKShare stock_zh_a_spot / 新浪
688362,甬矽电子,73.4000000000,73.9100000000,2269343761.0000000000,31020460.0000000000,-0.0069000000,22.6934376100,AKShare stock_zh_a_spot / 新浪
688363,华熙生物,36.6000000000,36.9700000000,103477118.0000000000,2827768.0000000000,-0.0100100000,1.0347711800,AKShare stock_zh_a_spot / 新浪
688365,光云科技,15.5500000000,16.0100000000,157993974.0000000000,10177306.0000000000,-0.0287300000,1.5799397400,AKShare stock_zh_a_spot / 新浪
688366,昊海生科,31.9500000000,32.4300000000,18887925.0000000000,590578.0000000000,-0.0148000000,0.1888792500,AKShare stock_zh_a_spot / 新浪
688367,工大高科,31.4000000000,31.2800000000,38303670.0000000000,1225632.0000000000,0.0038400000,0.3830367000,AKShare stock_zh_a_spot / 新浪
688368,晶丰明源,137.5400000000,134.3400000000,589358498.0000000000,4279465.0000000000,0.0238200000,5.8935849800,AKShare stock_zh_a_spot / 新浪
688369,致远互联,20.9600000000,21.0900000000,81271798.0000000000,3920689.0000000000,-0.0061600000,0.8127179800,AKShare stock_zh_a_spot / 新浪
688370,丛麟科技,23.7600000000,24.0700000000,8882020.0000000000,373231.0000000000,-0.0128800000,0.0888202000,AKShare stock_zh_a_spot / 新浪
688371,菲沃泰,31.5000000000,31.9000000000,209197373.0000000000,6571072.0000000000,-0.0125400000,2.0919737300,AKShare stock_zh_a_spot / 新浪
688372,伟测科技,135.0100000000,137.9100000000,1038066382.0000000000,7711939.0000000000,-0.0210300000,10.3806638200,AKShare stock_zh_a_spot / 新浪
688373,盟科药业,5.3900000000,5.4700000000,54636468.0000000000,10128211.0000000000,-0.0146300000,0.5463646800,AKShare stock_zh_a_spot / 新浪
688375,国博电子,85.5200000000,86.3400000000,253152485.0000000000,2958719.0000000000,-0.0095000000,2.5315248500,AKShare stock_zh_a_spot / 新浪
688376,美埃科技,73.4100000000,74.3800000000,132566715.0000000000,1794652.0000000000,-0.0130400000,1.3256671500,AKShare stock_zh_a_spot / 新浪
688377,迪威尔,21.0000000000,21.0600000000,40668723.0000000000,1944553.0000000000,-0.0028500000,0.4066872300,AKShare stock_zh_a_spot / 新浪
688378,奥来德,50.1400000000,50.3600000000,694742006.0000000000,13997502.0000000000,-0.0043700000,6.9474200600,AKShare stock_zh_a_spot / 新浪
688379,华光新材,56.8900000000,58.2500000000,327550668.0000000000,5696956.0000000000,-0.0233500000,3.2755066800,AKShare stock_zh_a_spot / 新浪
688380,中微半导,46.7500000000,47.0500000000,1069731999.0000000000,22920213.0000000000,-0.0063800000,10.6973199900,AKShare stock_zh_a_spot / 新浪
688381,帝奥微,35.2500000000,36.4500000000,432375474.0000000000,12188330.0000000000,-0.0329200000,4.3237547400,AKShare stock_zh_a_spot / 新浪
688382,益方生物,21.5100000000,21.7000000000,487465967.0000000000,22408288.0000000000,-0.0087600000,4.8746596700,AKShare stock_zh_a_spot / 新浪
688383,新益昌,134.7800000000,128.2400000000,314158817.0000000000,2393876.0000000000,0.0510000000,3.1415881700,AKShare stock_zh_a_spot / 新浪
688385,复旦微电,57.8600000000,56.8000000000,1418834187.0000000000,24340063.0000000000,0.0186600000,14.1883418700,AKShare stock_zh_a_spot / 新浪
688386,泛亚微透,57.1000000000,56.7500000000,117782511.0000000000,2077782.0000000000,0.0061700000,1.1778251100,AKShare stock_zh_a_spot / 新浪
688387,信科移动,14.7900000000,14.7800000000,741413303.0000000000,50228452.0000000000,0.0006800000,7.4141330300,AKShare stock_zh_a_spot / 新浪
688388,嘉元科技,30.4700000000,31.1500000000,871526781.0000000000,28531822.0000000000,-0.0218300000,8.7152678100,AKShare stock_zh_a_spot / 新浪
688389,普门科技,11.2000000000,11.3800000000,24898555.0000000000,2221512.0000000000,-0.0158200000,0.2489855500,AKShare stock_zh_a_spot / 新浪
688390,固德威,69.4800000000,70.4900000000,501722221.0000000000,7231921.0000000000,-0.0143300000,5.0172222100,AKShare stock_zh_a_spot / 新浪
688391,钜泉科技,26.3200000000,26.7200000000,34863540.0000000000,1324523.0000000000,-0.0149700000,0.3486354000,AKShare stock_zh_a_spot / 新浪
688392,骄成超声,204.7100000000,188.3000000000,1657500847.0000000000,8084117.0000000000,0.0871500000,16.5750084700,AKShare stock_zh_a_spot / 新浪
688393,安必平,20.1800000000,20.2900000000,27484771.0000000000,1365770.0000000000,-0.0054200000,0.2748477100,AKShare stock_zh_a_spot / 新浪
688395,正弦电气,22.8600000000,22.6800000000,38229330.0000000000,1682869.0000000000,0.0079400000,0.3822933000,AKShare stock_zh_a_spot / 新浪
688396,华润微,65.0100000000,63.1300000000,1672017129.0000000000,26116153.0000000000,0.0297800000,16.7201712900,AKShare stock_zh_a_spot / 新浪
688398,赛特新材,22.1000000000,21.9800000000,46349682.0000000000,2088878.0000000000,0.0054600000,0.4634968200,AKShare stock_zh_a_spot / 新浪
688399,硕世生物,29.3400000000,29.7000000000,66765009.0000000000,2291668.0000000000,-0.0121200000,0.6676500900,AKShare stock_zh_a_spot / 新浪
688400,凌云光,50.8500000000,50.1600000000,615188128.0000000000,12275762.0000000000,0.0137600000,6.1518812800,AKShare stock_zh_a_spot / 新浪
688401,路维光电,74.9200000000,74.5000000000,455526972.0000000000,6165043.0000000000,0.0056400000,4.5552697200,AKShare stock_zh_a_spot / 新浪
688403,汇成股份,25.9600000000,25.9500000000,1316081210.0000000000,50737961.0000000000,0.0003900000,13.1608121000,AKShare stock_zh_a_spot / 新浪
688408,中信博,26.2800000000,26.6200000000,67103298.0000000000,2547718.0000000000,-0.0127700000,0.6710329800,AKShare stock_zh_a_spot / 新浪
688409,富创精密,230.0400000000,224.1800000000,1860552976.0000000000,8234844.0000000000,0.0261400000,18.6055297600,AKShare stock_zh_a_spot / 新浪
688410,山外山,11.1700000000,11.2800000000,79330564.0000000000,7124032.0000000000,-0.0097500000,0.7933056400,AKShare stock_zh_a_spot / 新浪
688411,海博思创,211.0800000000,214.0400000000,442590426.0000000000,2091176.0000000000,-0.0138300000,4.4259042600,AKShare stock_zh_a_spot / 新浪
688416,恒烁股份,81.5100000000,81.0800000000,490645590.0000000000,6025541.0000000000,0.0053000000,4.9064559000,AKShare stock_zh_a_spot / 新浪
688418,震有科技,37.3500000000,36.8600000000,152047971.0000000000,4092343.0000000000,0.0132900000,1.5204797100,AKShare stock_zh_a_spot / 新浪
688419,耐科装备,53.1500000000,52.3500000000,328770620.0000000000,6209056.0000000000,0.0152800000,3.2877062000,AKShare stock_zh_a_spot / 新浪
688420,美腾科技,22.4900000000,22.6000000000,11282016.0000000000,505755.0000000000,-0.0048700000,0.1128201600,AKShare stock_zh_a_spot / 新浪
688425,铁建重工,4.1200000000,4.1400000000,49108571.0000000000,11912623.0000000000,-0.0048300000,0.4910857100,AKShare stock_zh_a_spot / 新浪
688426,康为世纪,19.3200000000,19.2300000000,22378027.0000000000,1156957.0000000000,0.0046800000,0.2237802700,AKShare stock_zh_a_spot / 新浪
688428,诺诚健华,31.7600000000,31.6900000000,334675330.0000000000,10619190.0000000000,0.0022100000,3.3467533000,AKShare stock_zh_a_spot / 新浪
688429,时创能源,10.5700000000,10.7000000000,12131227.0000000000,1142553.0000000000,-0.0121500000,0.1213122700,AKShare stock_zh_a_spot / 新浪
688432,有研硅,49.4800000000,43.6200000000,4251649806.0000000000,89359192.0000000000,0.1343400000,42.5164980600,AKShare stock_zh_a_spot / 新浪
688433,华曙高科,98.0800000000,96.1500000000,597099128.0000000000,6134521.0000000000,0.0200700000,5.9709912800,AKShare stock_zh_a_spot / 新浪
688435,英方软件,32.1500000000,32.1200000000,60752498.0000000000,1919003.0000000000,0.0009300000,0.6075249800,AKShare stock_zh_a_spot / 新浪
688439,振华风光,39.4700000000,40.0500000000,73087382.0000000000,1846832.0000000000,-0.0144800000,0.7308738200,AKShare stock_zh_a_spot / 新浪
688443,智翔金泰,26.4400000000,26.1500000000,133153706.0000000000,5009505.0000000000,0.0110900000,1.3315370600,AKShare stock_zh_a_spot / 新浪
688448,磁谷科技,63.5800000000,59.8000000000,255050681.0000000000,4087106.0000000000,0.0632100000,2.5505068100,AKShare stock_zh_a_spot / 新浪
688449,联芸科技,71.0300000000,70.8800000000,1185423855.0000000000,16619541.0000000000,0.0021200000,11.8542385500,AKShare stock_zh_a_spot / 新浪
688450,光格科技,35.6200000000,36.0200000000,72321765.0000000000,2030651.0000000000,-0.0111000000,0.7232176500,AKShare stock_zh_a_spot / 新浪
688455,科捷智能,15.4400000000,15.6600000000,30254997.0000000000,1960146.0000000000,-0.0140500000,0.3025499700,AKShare stock_zh_a_spot / 新浪
688456,有研粉材,92.3100000000,93.3000000000,947301824.0000000000,10181505.0000000000,-0.0106100000,9.4730182400,AKShare stock_zh_a_spot / 新浪
688458,美芯晟,34.6300000000,35.4700000000,44102673.0000000000,1272424.0000000000,-0.0236800000,0.4410267300,AKShare stock_zh_a_spot / 新浪
688459,哈铁科技,8.0700000000,8.1000000000,7219723.0000000000,895675.0000000000,-0.0037000000,0.0721972300,AKShare stock_zh_a_spot / 新浪
688466,金科环境,13.9400000000,14.1000000000,11901061.0000000000,856752.0000000000,-0.0113500000,0.1190106100,AKShare stock_zh_a_spot / 新浪
688468,科美诊断,6.3300000000,6.4300000000,16823389.0000000000,2655831.0000000000,-0.0155500000,0.1682338900,AKShare stock_zh_a_spot / 新浪
688469,芯联集成,9.4400000000,9.3900000000,1407078479.0000000000,149826391.0000000000,0.0053200000,14.0707847900,AKShare stock_zh_a_spot / 新浪
688472,阿特斯,10.4800000000,10.4200000000,354795999.0000000000,34064084.0000000000,0.0057600000,3.5479599900,AKShare stock_zh_a_spot / 新浪
688475,萤石网络,29.7100000000,29.9200000000,99453620.0000000000,3363112.0000000000,-0.0070200000,0.9945362000,AKShare stock_zh_a_spot / 新浪
688478,晶升股份,55.5400000000,53.7300000000,451614310.0000000000,8191432.0000000000,0.0336900000,4.5161431000,AKShare stock_zh_a_spot / 新浪
688479,友车科技,35.5100000000,34.1900000000,131987573.0000000000,3714275.0000000000,0.0386100000,1.3198757300,AKShare stock_zh_a_spot / 新浪
688480,赛恩斯,81.6000000000,82.5800000000,50686682.0000000000,619521.0000000000,-0.0118700000,0.5068668200,AKShare stock_zh_a_spot / 新浪
688484,南芯科技,38.8200000000,38.7500000000,577169477.0000000000,14994324.0000000000,0.0018100000,5.7716947700,AKShare stock_zh_a_spot / 新浪
688485,九州一轨,89.9900000000,80.1200000000,1263312276.0000000000,14568184.0000000000,0.1231900000,12.6331227600,AKShare stock_zh_a_spot / 新浪
688486,龙迅股份,47.5400000000,46.9200000000,209071124.0000000000,4467627.0000000000,0.0132100000,2.0907112400,AKShare stock_zh_a_spot / 新浪
688488,艾迪药业,17.3000000000,17.7100000000,148596083.0000000000,8575671.0000000000,-0.0231500000,1.4859608300,AKShare stock_zh_a_spot / 新浪
688489,三未信安,24.2200000000,23.8500000000,38267799.0000000000,1581827.0000000000,0.0155100000,0.3826779900,AKShare stock_zh_a_spot / 新浪
688498,源杰科技,1613.5000000000,1595.0100000000,5873688653.0000000000,3684116.0000000000,0.0115900000,58.7368865300,AKShare stock_zh_a_spot / 新浪
688499,利元亨,36.1000000000,36.6000000000,182819858.0000000000,5062889.0000000000,-0.0136600000,1.8281985800,AKShare stock_zh_a_spot / 新浪
688500,慧辰股份,37.7600000000,38.4000000000,65767934.0000000000,1733272.0000000000,-0.0166700000,0.6576793400,AKShare stock_zh_a_spot / 新浪
688501,青达环保,13.4800000000,13.3400000000,26446899.0000000000,1968252.0000000000,0.0104900000,0.2644689900,AKShare stock_zh_a_spot / 新浪
688502,茂莱光学,472.0000000000,454.5000000000,1209068451.0000000000,2539287.0000000000,0.0385000000,12.0906845100,AKShare stock_zh_a_spot / 新浪
688503,聚和材料,102.1200000000,95.6800000000,3787314949.0000000000,38398657.0000000000,0.0673100000,37.8731494900,AKShare stock_zh_a_spot / 新浪
688505,复旦张江,8.6800000000,8.9500000000,183791504.0000000000,21295246.0000000000,-0.0301700000,1.8379150400,AKShare stock_zh_a_spot / 新浪
688506,百利天恒,301.2400000000,299.4000000000,447608208.0000000000,1484576.0000000000,0.0061500000,4.4760820800,AKShare stock_zh_a_spot / 新浪
688507,索辰科技,187.9800000000,182.0000000000,1598589762.0000000000,8571117.0000000000,0.0328600000,15.9858976200,AKShare stock_zh_a_spot / 新浪
688508,芯朋微,94.2200000000,96.7800000000,1006238226.0000000000,10712478.0000000000,-0.0264500000,10.0623822600,AKShare stock_zh_a_spot / 新浪
688509,正元地信,4.2200000000,4.2500000000,16418238.0000000000,3908882.0000000000,-0.0070600000,0.1641823800,AKShare stock_zh_a_spot / 新浪
688510,航亚科技,24.7600000000,24.0700000000,157718853.0000000000,6479212.0000000000,0.0286700000,1.5771885300,AKShare stock_zh_a_spot / 新浪
688511,天微电子,23.1000000000,23.2100000000,35490272.0000000000,1538817.0000000000,-0.0047400000,0.3549027200,AKShare stock_zh_a_spot / 新浪
688512,慧智微,15.0000000000,15.2700000000,190356065.0000000000,12679740.0000000000,-0.0176800000,1.9035606500,AKShare stock_zh_a_spot / 新浪
688513,苑东生物,47.5600000000,49.2800000000,146271149.0000000000,3046570.0000000000,-0.0349000000,1.4627114900,AKShare stock_zh_a_spot / 新浪
688515,裕太微,161.9300000000,163.3300000000,538357590.0000000000,3354722.0000000000,-0.0085700000,5.3835759000,AKShare stock_zh_a_spot / 新浪
688516,奥特维,44.2500000000,43.6400000000,335480118.0000000000,7646166.0000000000,0.0139800000,3.3548011800,AKShare stock_zh_a_spot / 新浪
688517,金冠电气,16.5000000000,17.4900000000,75118912.0000000000,4478422.0000000000,-0.0566000000,0.7511891200,AKShare stock_zh_a_spot / 新浪
688518,联赢激光,20.7600000000,20.8500000000,235760674.0000000000,11260564.0000000000,-0.0043200000,2.3576067400,AKShare stock_zh_a_spot / 新浪
688519,南亚新材,311.5000000000,315.5000000000,1604311420.0000000000,5148363.0000000000,-0.0126800000,16.0431142000,AKShare stock_zh_a_spot / 新浪
688520,神州细胞,38.4400000000,39.2300000000,97161762.0000000000,2521367.0000000000,-0.0201400000,0.9716176200,AKShare stock_zh_a_spot / 新浪
688521,芯原股份,213.3000000000,226.3000000000,6902626771.0000000000,32130089.0000000000,-0.0574500000,69.0262677100,AKShare stock_zh_a_spot / 新浪
688522,纳睿雷达,19.5200000000,19.7300000000,75467345.0000000000,3880740.0000000000,-0.0106400000,0.7546734500,AKShare stock_zh_a_spot / 新浪
688523,航天环宇,49.4500000000,48.9900000000,218041797.0000000000,4456946.0000000000,0.0093900000,2.1804179700,AKShare stock_zh_a_spot / 新浪
688525,佰维存储,253.1800000000,256.7800000000,7588443168.0000000000,29606286.0000000000,-0.0140200000,75.8844316800,AKShare stock_zh_a_spot / 新浪
688526,科前生物,13.4700000000,13.1800000000,35901684.0000000000,2679961.0000000000,0.0220000000,0.3590168400,AKShare stock_zh_a_spot / 新浪
688528,秦川物联,9.8600000000,9.8600000000,14448158.0000000000,1477494.0000000000,0.0000000000,0.1444815800,AKShare stock_zh_a_spot / 新浪
688529,豪森智能,16.1400000000,16.3000000000,19047782.0000000000,1184476.0000000000,-0.0098200000,0.1904778200,AKShare stock_zh_a_spot / 新浪
688530,欧莱新材,69.0200000000,67.9800000000,947918355.0000000000,13737445.0000000000,0.0153000000,9.4791835500,AKShare stock_zh_a_spot / 新浪
688531,日联科技,150.2300000000,147.0600000000,770893746.0000000000,5216156.0000000000,0.0215600000,7.7089374600,AKShare stock_zh_a_spot / 新浪
688533,上声电子,21.4200000000,21.6400000000,20061928.0000000000,939052.0000000000,-0.0101700000,0.2006192800,AKShare stock_zh_a_spot / 新浪
688535,华海诚科,111.2200000000,111.7200000000,851979134.0000000000,7664034.0000000000,-0.0044800000,8.5197913400,AKShare stock_zh_a_spot / 新浪
688536,思瑞浦,294.1800000000,289.5200000000,943364294.0000000000,3245673.0000000000,0.0161000000,9.4336429400,AKShare stock_zh_a_spot / 新浪
688538,和辉光电,2.3300000000,2.3600000000,148437067.0000000000,63474065.0000000000,-0.0127100000,1.4843706700,AKShare stock_zh_a_spot / 新浪
688539,高华科技,29.2500000000,29.3000000000,93595135.0000000000,3218688.0000000000,-0.0017100000,0.9359513500,AKShare stock_zh_a_spot / 新浪
688543,国科军工,39.4500000000,40.4000000000,210239509.0000000000,5328583.0000000000,-0.0235100000,2.1023950900,AKShare stock_zh_a_spot / 新浪
688545,兴福电子,94.6500000000,91.6300000000,1986188373.0000000000,21233843.0000000000,0.0329600000,19.8618837300,AKShare stock_zh_a_spot / 新浪
688548,广钢气体,40.7300000000,41.5000000000,1265832806.0000000000,31171352.0000000000,-0.0185500000,12.6583280600,AKShare stock_zh_a_spot / 新浪
688549,中巨芯,29.2900000000,30.3400000000,3090684993.0000000000,105301893.0000000000,-0.0346100000,30.9068499300,AKShare stock_zh_a_spot / 新浪
688550,瑞联新材,42.2100000000,41.0800000000,395516321.0000000000,9179695.0000000000,0.0275100000,3.9551632100,AKShare stock_zh_a_spot / 新浪
688551,科威尔,42.6200000000,43.3100000000,174016770.0000000000,4082423.0000000000,-0.0159300000,1.7401677000,AKShare stock_zh_a_spot / 新浪
688552,航天南湖,27.5900000000,27.9200000000,87820049.0000000000,3196153.0000000000,-0.0118200000,0.8782004900,AKShare stock_zh_a_spot / 新浪
688553,汇宇制药,12.4300000000,12.5500000000,109876502.0000000000,8843968.0000000000,-0.0095600000,1.0987650200,AKShare stock_zh_a_spot / 新浪
688556,高测股份,8.8800000000,8.8200000000,158440367.0000000000,17931080.0000000000,0.0068000000,1.5844036700,AKShare stock_zh_a_spot / 新浪
688557,兰剑智能,22.8500000000,22.0600000000,72810074.0000000000,3184711.0000000000,0.0358100000,0.7281007400,AKShare stock_zh_a_spot / 新浪
688558,国盛智科,33.3800000000,33.8600000000,46776521.0000000000,1403156.0000000000,-0.0141800000,0.4677652100,AKShare stock_zh_a_spot / 新浪
688559,海目星,56.5500000000,52.7600000000,1092280071.0000000000,19424996.0000000000,0.0718300000,10.9228007100,AKShare stock_zh_a_spot / 新浪
688560,明冠新材,12.2000000000,12.2900000000,29741152.0000000000,2445218.0000000000,-0.0073200000,0.2974115200,AKShare stock_zh_a_spot / 新浪
688561,奇安信,26.1400000000,26.3000000000,222719312.0000000000,8650491.0000000000,-0.0060800000,2.2271931200,AKShare stock_zh_a_spot / 新浪
688562,航天软件,14.4300000000,14.4400000000,45733496.0000000000,3208222.0000000000,-0.0006900000,0.4573349600,AKShare stock_zh_a_spot / 新浪
688563,航材股份,50.9600000000,51.8700000000,94917802.0000000000,1862847.0000000000,-0.0175400000,0.9491780200,AKShare stock_zh_a_spot / 新浪
688565,力源科技,11.0500000000,11.2400000000,13409352.0000000000,1209537.0000000000,-0.0169000000,0.1340935200,AKShare stock_zh_a_spot / 新浪
688566,吉贝尔,26.7900000000,27.0000000000,57297034.0000000000,2138090.0000000000,-0.0077800000,0.5729703400,AKShare stock_zh_a_spot / 新浪
688567,孚能科技,9.8600000000,10.1000000000,93380747.0000000000,9436701.0000000000,-0.0237600000,0.9338074700,AKShare stock_zh_a_spot / 新浪
688568,中科星图,36.2600000000,36.5100000000,318805226.0000000000,8887993.0000000000,-0.0068500000,3.1880522600,AKShare stock_zh_a_spot / 新浪
688569,铁科轨道,17.3900000000,17.4200000000,15655654.0000000000,909124.0000000000,-0.0017200000,0.1565565400,AKShare stock_zh_a_spot / 新浪
688570,天玛智控,15.1400000000,15.3800000000,11022799.0000000000,724329.0000000000,-0.0156000000,0.1102279900,AKShare stock_zh_a_spot / 新浪
688571,杭华股份,9.0100000000,9.1400000000,72592742.0000000000,8066355.0000000000,-0.0142200000,0.7259274200,AKShare stock_zh_a_spot / 新浪
688573,信宇人,16.3900000000,16.6200000000,24730137.0000000000,1510308.0000000000,-0.0138400000,0.2473013700,AKShare stock_zh_a_spot / 新浪
688575,亚辉龙,9.6000000000,9.9900000000,172759400.0000000000,17875506.0000000000,-0.0390400000,1.7275940000,AKShare stock_zh_a_spot / 新浪
688576,西山科技,42.4200000000,42.2000000000,14441377.0000000000,340319.0000000000,0.0052100000,0.1444137700,AKShare stock_zh_a_spot / 新浪
688577,浙海德曼,44.7100000000,44.1600000000,58497275.0000000000,1323334.0000000000,0.0124500000,0.5849727500,AKShare stock_zh_a_spot / 新浪
688578,艾力斯,118.8400000000,120.0400000000,1270430119.0000000000,10842507.0000000000,-0.0100000000,12.7043011900,AKShare stock_zh_a_spot / 新浪
688579,地纬智能,8.0400000000,8.1300000000,21739704.0000000000,2710630.0000000000,-0.0110700000,0.2173970400,AKShare stock_zh_a_spot / 新浪
688580,伟思医疗,49.7600000000,50.2500000000,54017206.0000000000,1088567.0000000000,-0.0097500000,0.5401720600,AKShare stock_zh_a_spot / 新浪
688581,安杰思,54.1500000000,53.7100000000,31193132.0000000000,579809.0000000000,0.0081900000,0.3119313200,AKShare stock_zh_a_spot / 新浪
688582,芯动联科,45.0100000000,44.5200000000,535076272.0000000000,12355076.0000000000,0.0110100000,5.3507627200,AKShare stock_zh_a_spot / 新浪
688583,思看科技,90.2100000000,92.2400000000,264450582.0000000000,2923282.0000000000,-0.0220100000,2.6445058200,AKShare stock_zh_a_spot / 新浪
688584,上海合晶,31.5900000000,30.5600000000,908276405.0000000000,28530209.0000000000,0.0337000000,9.0827640500,AKShare stock_zh_a_spot / 新浪
688585,上纬新材,188.9700000000,171.3800000000,2052421450.0000000000,11035020.0000000000,0.1026400000,20.5242145000,AKShare stock_zh_a_spot / 新浪
688586,江航装备,10.6100000000,10.8400000000,59900901.0000000000,5661678.0000000000,-0.0212200000,0.5990090100,AKShare stock_zh_a_spot / 新浪
688588,凌志软件,9.6500000000,9.7500000000,28611587.0000000000,2981424.0000000000,-0.0102600000,0.2861158700,AKShare stock_zh_a_spot / 新浪
688589,力合微,18.9400000000,19.4900000000,60584001.0000000000,3181945.0000000000,-0.0282200000,0.6058400100,AKShare stock_zh_a_spot / 新浪
688590,新致软件,13.1400000000,13.3300000000,69596774.0000000000,5323771.0000000000,-0.0142500000,0.6959677400,AKShare stock_zh_a_spot / 新浪
688591,泰凌微,28.5600000000,28.5700000000,148199381.0000000000,5226016.0000000000,-0.0003500000,1.4819938100,AKShare stock_zh_a_spot / 新浪
688592,司南导航,25.7000000000,26.3200000000,29281198.0000000000,1139758.0000000000,-0.0235600000,0.2928119800,AKShare stock_zh_a_spot / 新浪
688593,新相微,35.6300000000,32.4700000000,998416917.0000000000,29853376.0000000000,0.0973200000,9.9841691700,AKShare stock_zh_a_spot / 新浪
688595,芯海科技,29.1900000000,29.4400000000,112620555.0000000000,3898374.0000000000,-0.0084900000,1.1262055500,AKShare stock_zh_a_spot / 新浪
688596,正帆科技,70.9500000000,72.2200000000,2059027222.0000000000,29153998.0000000000,-0.0175900000,20.5902722200,AKShare stock_zh_a_spot / 新浪
688597,煜邦电力,7.0600000000,7.2200000000,49871345.0000000000,7049012.0000000000,-0.0221600000,0.4987134500,AKShare stock_zh_a_spot / 新浪
688598,金博股份,38.3700000000,38.5000000000,954673388.0000000000,24911477.0000000000,-0.0033800000,9.5467338800,AKShare stock_zh_a_spot / 新浪
688599,天合光能,13.1700000000,13.2300000000,360123547.0000000000,27383023.0000000000,-0.0045400000,3.6012354700,AKShare stock_zh_a_spot / 新浪
688600,皖仪科技,28.2800000000,26.6800000000,139407643.0000000000,4991804.0000000000,0.0599700000,1.3940764300,AKShare stock_zh_a_spot / 新浪
688601,力芯微,49.4000000000,50.5000000000,227910352.0000000000,4604613.0000000000,-0.0217800000,2.2791035200,AKShare stock_zh_a_spot / 新浪
688602,康鹏科技,7.0300000000,7.0000000000,50724169.0000000000,7315354.0000000000,0.0042900000,0.5072416900,AKShare stock_zh_a_spot / 新浪
688603,天承科技,118.1500000000,118.9600000000,796308563.0000000000,6734503.0000000000,-0.0068100000,7.9630856300,AKShare stock_zh_a_spot / 新浪
688605,先锋精科,80.7500000000,80.4100000000,344722603.0000000000,4310516.0000000000,0.0042300000,3.4472260300,AKShare stock_zh_a_spot / 新浪
688606,奥泰生物,48.4000000000,49.0100000000,17566299.0000000000,362330.0000000000,-0.0124500000,0.1756629900,AKShare stock_zh_a_spot / 新浪
688607,康众医疗,44.1000000000,45.8700000000,74693415.0000000000,1683561.0000000000,-0.0385900000,0.7469341500,AKShare stock_zh_a_spot / 新浪
688608,恒玄科技,107.9600000000,110.4400000000,448925652.0000000000,4153837.0000000000,-0.0224600000,4.4892565200,AKShare stock_zh_a_spot / 新浪
688609,九联科技,9.5600000000,9.6000000000,265419433.0000000000,28385411.0000000000,-0.0041700000,2.6541943300,AKShare stock_zh_a_spot / 新浪
688610,埃科光电,185.0000000000,176.4000000000,541090231.0000000000,3045073.0000000000,0.0487500000,5.4109023100,AKShare stock_zh_a_spot / 新浪
688611,杭州柯林,68.6500000000,65.4500000000,119470872.0000000000,1775830.0000000000,0.0488900000,1.1947087200,AKShare stock_zh_a_spot / 新浪
688612,威迈斯,35.7300000000,35.4700000000,198586298.0000000000,5528136.0000000000,0.0073300000,1.9858629800,AKShare stock_zh_a_spot / 新浪
688613,奥精医疗,15.4400000000,15.6700000000,34391485.0000000000,2228554.0000000000,-0.0146800000,0.3439148500,AKShare stock_zh_a_spot / 新浪
688615,合合信息,118.6300000000,120.7100000000,698307624.0000000000,5930343.0000000000,-0.0172300000,6.9830762400,AKShare stock_zh_a_spot / 新浪
688616,西力科技,10.8800000000,11.0300000000,17136909.0000000000,1573785.0000000000,-0.0136000000,0.1713690900,AKShare stock_zh_a_spot / 新浪
688617,惠泰医疗,224.6000000000,215.1300000000,453386323.0000000000,2065057.0000000000,0.0440200000,4.5338632300,AKShare stock_zh_a_spot / 新浪
688618,三旺通信,31.7900000000,32.0800000000,133042646.0000000000,4119803.0000000000,-0.0090400000,1.3304264600,AKShare stock_zh_a_spot / 新浪
688619,罗普特,14.9300000000,15.5400000000,44852601.0000000000,2992649.0000000000,-0.0392500000,0.4485260100,AKShare stock_zh_a_spot / 新浪
688620,安凯微,16.5200000000,16.5100000000,172019402.0000000000,10413201.0000000000,0.0006100000,1.7201940200,AKShare stock_zh_a_spot / 新浪
688621,阳光诺和,67.9000000000,67.5300000000,192437942.0000000000,2872596.0000000000,0.0054800000,1.9243794200,AKShare stock_zh_a_spot / 新浪
688623,双元科技,61.9600000000,62.7900000000,56248072.0000000000,915586.0000000000,-0.0132200000,0.5624807200,AKShare stock_zh_a_spot / 新浪
688625,呈和科技,63.0000000000,62.6400000000,381310085.0000000000,6080486.0000000000,0.0057500000,3.8131008500,AKShare stock_zh_a_spot / 新浪
688626,翔宇医疗,45.2300000000,45.3400000000,60096853.0000000000,1337740.0000000000,-0.0024300000,0.6009685300,AKShare stock_zh_a_spot / 新浪
688627,精智达,565.2200000000,542.0000000000,2929339770.0000000000,5319397.0000000000,0.0428400000,29.2933977000,AKShare stock_zh_a_spot / 新浪
688628,优利德,78.8000000000,76.4800000000,462113265.0000000000,5912084.0000000000,0.0303300000,4.6211326500,AKShare stock_zh_a_spot / 新浪
688629,华丰科技,156.2200000000,155.0300000000,2920624356.0000000000,18982878.0000000000,0.0076800000,29.2062435600,AKShare stock_zh_a_spot / 新浪
688630,芯碁微装,471.2000000000,448.7900000000,2784105714.0000000000,6038140.0000000000,0.0499300000,27.8410571400,AKShare stock_zh_a_spot / 新浪
688631,莱斯信息,41.1400000000,42.1900000000,50544362.0000000000,1228530.0000000000,-0.0248900000,0.5054436200,AKShare stock_zh_a_spot / 新浪
688633,星球石墨,24.7700000000,24.6800000000,75448488.0000000000,3071356.0000000000,0.0036500000,0.7544848800,AKShare stock_zh_a_spot / 新浪
688635,长进光子,350.1000000000,358.0000000000,1310373661.0000000000,3756286.0000000000,-0.0220700000,13.1037366100,AKShare stock_zh_a_spot / 新浪
688636,智明达,21.0500000000,21.2400000000,124848182.0000000000,5961397.0000000000,-0.0089500000,1.2484818200,AKShare stock_zh_a_spot / 新浪
688638,誉辰智能,33.1200000000,33.5100000000,16554975.0000000000,499161.0000000000,-0.0116400000,0.1655497500,AKShare stock_zh_a_spot / 新浪
688639,华恒生物,17.3600000000,17.1100000000,133985986.0000000000,7670610.0000000000,0.0146100000,1.3398598600,AKShare stock_zh_a_spot / 新浪
688646,逸飞激光,76.3300000000,78.9000000000,296188044.0000000000,3918465.0000000000,-0.0325700000,2.9618804400,AKShare stock_zh_a_spot / 新浪
688648,中邮科技,33.2400000000,36.1800000000,211312975.0000000000,6216160.0000000000,-0.0812600000,2.1131297500,AKShare stock_zh_a_spot / 新浪
688651,盛邦安全,23.6500000000,23.6400000000,37112644.0000000000,1593315.0000000000,0.0004200000,0.3711264400,AKShare stock_zh_a_spot / 新浪
688652,京仪装备,162.6300000000,162.8000000000,856112975.0000000000,5272240.0000000000,-0.0010400000,8.5611297500,AKShare stock_zh_a_spot / 新浪
688653,康希通信,14.3500000000,14.7900000000,150122883.0000000000,10459505.0000000000,-0.0297500000,1.5012288300,AKShare stock_zh_a_spot / 新浪
688655,迅捷兴,45.0100000000,42.7800000000,679949044.0000000000,14954327.0000000000,0.0521300000,6.7994904400,AKShare stock_zh_a_spot / 新浪
688656,浩欧博,101.2000000000,93.7800000000,106049326.0000000000,1082329.0000000000,0.0791200000,1.0604932600,AKShare stock_zh_a_spot / 新浪
688657,浩辰软件,34.7200000000,35.9600000000,71700818.0000000000,2058360.0000000000,-0.0344800000,0.7170081800,AKShare stock_zh_a_spot / 新浪
688658,悦康药业,13.5100000000,13.5000000000,145790272.0000000000,10828402.0000000000,0.0007400000,1.4579027200,AKShare stock_zh_a_spot / 新浪
688659,元琛科技,10.5700000000,10.6300000000,38757338.0000000000,3668042.0000000000,-0.0056400000,0.3875733800,AKShare stock_zh_a_spot / 新浪
688660,电气风电,8.5100000000,9.0100000000,212457251.0000000000,24561069.0000000000,-0.0554900000,2.1245725100,AKShare stock_zh_a_spot / 新浪
688661,和林微纳,107.0000000000,108.0000000000,451692464.0000000000,4190727.0000000000,-0.0092600000,4.5169246400,AKShare stock_zh_a_spot / 新浪
688662,富信科技,105.7600000000,107.9100000000,1657332649.0000000000,15564984.0000000000,-0.0199200000,16.5733264900,AKShare stock_zh_a_spot / 新浪
688663,新风光,58.3000000000,60.8000000000,404777479.0000000000,6981431.0000000000,-0.0411200000,4.0477747900,AKShare stock_zh_a_spot / 新浪
688665,四方光电,47.9100000000,47.2300000000,31920746.0000000000,668244.0000000000,0.0144000000,0.3192074600,AKShare stock_zh_a_spot / 新浪
688667,菱电电控,97.7000000000,91.8500000000,111463824.0000000000,1177273.0000000000,0.0636900000,1.1146382400,AKShare stock_zh_a_spot / 新浪
688668,鼎通科技,274.3000000000,293.2000000000,2038164195.0000000000,7357770.0000000000,-0.0644600000,20.3816419500,AKShare stock_zh_a_spot / 新浪
688669,聚石化学,81.2000000000,78.7600000000,370786974.0000000000,4621549.0000000000,0.0309800000,3.7078697400,AKShare stock_zh_a_spot / 新浪
688670,金迪克,15.8500000000,16.2500000000,12449691.0000000000,784181.0000000000,-0.0246200000,0.1244969100,AKShare stock_zh_a_spot / 新浪
688671,碧兴物联,24.6200000000,24.9600000000,29867969.0000000000,1214130.0000000000,-0.0136200000,0.2986796900,AKShare stock_zh_a_spot / 新浪
688676,金盘科技,73.9000000000,73.7800000000,878311550.0000000000,11877289.0000000000,0.0016300000,8.7831155000,AKShare stock_zh_a_spot / 新浪
688677,海泰新光,96.5400000000,89.7600000000,2004529799.0000000000,21667747.0000000000,0.0755300000,20.0452979900,AKShare stock_zh_a_spot / 新浪
688678,福立旺,20.0300000000,20.1600000000,346778794.0000000000,17600188.0000000000,-0.0064500000,3.4677879400,AKShare stock_zh_a_spot / 新浪
688679,通源环境,40.0500000000,38.0700000000,384644827.0000000000,9798295.0000000000,0.0520100000,3.8464482700,AKShare stock_zh_a_spot / 新浪
688680,海优新材,35.0600000000,35.4000000000,28354018.0000000000,806269.0000000000,-0.0096000000,0.2835401800,AKShare stock_zh_a_spot / 新浪
688681,科汇股份,16.9600000000,17.1500000000,21160869.0000000000,1247550.0000000000,-0.0110800000,0.2116086900,AKShare stock_zh_a_spot / 新浪
688682,霍莱沃,33.1500000000,33.0400000000,44177886.0000000000,1348711.0000000000,0.0033300000,0.4417788600,AKShare stock_zh_a_spot / 新浪
688683,莱尔科技,33.2700000000,33.5800000000,58194565.0000000000,1764715.0000000000,-0.0092300000,0.5819456500,AKShare stock_zh_a_spot / 新浪
688685,迈信林,43.5000000000,45.2200000000,158231094.0000000000,3596330.0000000000,-0.0380400000,1.5823109400,AKShare stock_zh_a_spot / 新浪
688686,奥普特,123.6000000000,124.9900000000,190827720.0000000000,1553587.0000000000,-0.0111200000,1.9082772000,AKShare stock_zh_a_spot / 新浪
688687,凯因科技,18.2600000000,18.3400000000,45566227.0000000000,2508084.0000000000,-0.0043600000,0.4556622700,AKShare stock_zh_a_spot / 新浪
688689,银河微电,42.7800000000,41.9300000000,449861744.0000000000,10604138.0000000000,0.0202700000,4.4986174400,AKShare stock_zh_a_spot / 新浪
688690,纳微科技,45.1000000000,45.2000000000,354129245.0000000000,7926046.0000000000,-0.0022100000,3.5412924500,AKShare stock_zh_a_spot / 新浪
688691,灿芯股份,69.9700000000,71.1700000000,303026421.0000000000,4347742.0000000000,-0.0168600000,3.0302642100,AKShare stock_zh_a_spot / 新浪
688692,达梦数据,257.8900000000,245.6000000000,661346753.0000000000,2640017.0000000000,0.0500400000,6.6134675300,AKShare stock_zh_a_spot / 新浪
688693,锴威特,85.1800000000,87.1800000000,329802040.0000000000,3883533.0000000000,-0.0229400000,3.2980204000,AKShare stock_zh_a_spot / 新浪
688695,中创股份,19.6500000000,19.7000000000,24845179.0000000000,1277509.0000000000,-0.0025400000,0.2484517900,AKShare stock_zh_a_spot / 新浪
688696,极米科技,71.4900000000,71.8700000000,47654377.0000000000,664077.0000000000,-0.0052900000,0.4765437700,AKShare stock_zh_a_spot / 新浪
688697,纽威数控,15.2400000000,15.0500000000,140706866.0000000000,9295375.0000000000,0.0126200000,1.4070686600,AKShare stock_zh_a_spot / 新浪
688698,伟创电气,49.8300000000,49.8400000000,174633687.0000000000,3536614.0000000000,-0.0002000000,1.7463368700,AKShare stock_zh_a_spot / 新浪
688699,明微电子,65.0700000000,67.1800000000,348564132.0000000000,5330206.0000000000,-0.0314100000,3.4856413200,AKShare stock_zh_a_spot / 新浪
688700,东威科技,62.4500000000,61.2000000000,1035637414.0000000000,16876528.0000000000,0.0204200000,10.3563741400,AKShare stock_zh_a_spot / 新浪
688701,卓锦股份,8.3400000000,8.3900000000,16793924.0000000000,2002279.0000000000,-0.0059600000,0.1679392400,AKShare stock_zh_a_spot / 新浪
688702,盛科通信,435.8700000000,421.7000000000,4361283522.0000000000,10202449.0000000000,0.0336000000,43.6128352200,AKShare stock_zh_a_spot / 新浪
688707,振华新材,10.4900000000,10.7100000000,62900416.0000000000,5950251.0000000000,-0.0205400000,0.6290041600,AKShare stock_zh_a_spot / 新浪
688708,佳驰科技,43.8600000000,45.0300000000,70073667.0000000000,1591336.0000000000,-0.0259800000,0.7007366700,AKShare stock_zh_a_spot / 新浪
688709,成都华微,27.6600000000,27.7000000000,141597670.0000000000,5147077.0000000000,-0.0014400000,1.4159767000,AKShare stock_zh_a_spot / 新浪
688710,益诺思,98.3000000000,100.0400000000,235442265.0000000000,2405171.0000000000,-0.0173900000,2.3544226500,AKShare stock_zh_a_spot / 新浪
688711,宏微科技,27.3500000000,27.1100000000,268032025.0000000000,9976514.0000000000,0.0088500000,2.6803202500,AKShare stock_zh_a_spot / 新浪
688712,北芯生命,34.2700000000,34.8700000000,69143990.0000000000,2012148.0000000000,-0.0172100000,0.6914399000,AKShare stock_zh_a_spot / 新浪
688716,中研股份,29.2300000000,29.3500000000,48598246.0000000000,1678519.0000000000,-0.0040900000,0.4859824600,AKShare stock_zh_a_spot / 新浪
688717,艾罗能源,61.8300000000,62.7000000000,529551089.0000000000,8553531.0000000000,-0.0138800000,5.2955108900,AKShare stock_zh_a_spot / 新浪
688718,唯赛勃,14.3500000000,14.6300000000,21509228.0000000000,1495142.0000000000,-0.0191400000,0.2150922800,AKShare stock_zh_a_spot / 新浪
688719,爱科赛博,53.1200000000,54.4400000000,217161441.0000000000,4096455.0000000000,-0.0242500000,2.1716144100,AKShare stock_zh_a_spot / 新浪
688720,艾森股份,74.1000000000,72.6900000000,437419019.0000000000,5985193.0000000000,0.0194000000,4.3741901900,AKShare stock_zh_a_spot / 新浪
688721,龙图光罩,45.6700000000,44.2700000000,269658788.0000000000,6060308.0000000000,0.0316200000,2.6965878800,AKShare stock_zh_a_spot / 新浪
688722,同益中,14.5300000000,14.5700000000,31372691.0000000000,2172085.0000000000,-0.0027500000,0.3137269100,AKShare stock_zh_a_spot / 新浪
688726,拉普拉斯,48.3500000000,45.7500000000,546682636.0000000000,11612226.0000000000,0.0568300000,5.4668263600,AKShare stock_zh_a_spot / 新浪
688727,恒坤新材,51.8700000000,52.1100000000,227402533.0000000000,4387179.0000000000,-0.0046100000,2.2740253300,AKShare stock_zh_a_spot / 新浪
688728,格科微,17.1100000000,17.1500000000,812543369.0000000000,48218364.0000000000,-0.0023300000,8.1254336900,AKShare stock_zh_a_spot / 新浪
688729,屹唐股份,27.3300000000,27.4000000000,726160423.0000000000,26739065.0000000000,-0.0025500000,7.2616042300,AKShare stock_zh_a_spot / 新浪
688733,壹石通,33.2400000000,34.7500000000,263548820.0000000000,7873825.0000000000,-0.0434500000,2.6354882000,AKShare stock_zh_a_spot / 新浪
688737,中自科技,18.3500000000,18.5600000000,18502974.0000000000,1010436.0000000000,-0.0113100000,0.1850297400,AKShare stock_zh_a_spot / 新浪
688739,成大生物,20.4400000000,20.6700000000,27035735.0000000000,1318620.0000000000,-0.0111300000,0.2703573500,AKShare stock_zh_a_spot / 新浪
688750,金天钛业,14.5500000000,14.7600000000,37684340.0000000000,2584052.0000000000,-0.0142300000,0.3768434000,AKShare stock_zh_a_spot / 新浪
688755,汉邦科技,28.0000000000,28.0000000000,35822980.0000000000,1287497.0000000000,0.0000000000,0.3582298000,AKShare stock_zh_a_spot / 新浪
688757,胜科纳米,35.0400000000,36.4600000000,683291657.0000000000,19151734.0000000000,-0.0389500000,6.8329165700,AKShare stock_zh_a_spot / 新浪
688758,赛分科技,28.6500000000,29.2000000000,234236529.0000000000,8146198.0000000000,-0.0188400000,2.3423652900,AKShare stock_zh_a_spot / 新浪
688759,必贝特,27.8900000000,27.9000000000,162320599.0000000000,5919060.0000000000,-0.0003600000,1.6232059900,AKShare stock_zh_a_spot / 新浪
688765,禾元生物,38.8200000000,39.8000000000,126974621.0000000000,3260437.0000000000,-0.0246200000,1.2697462100,AKShare stock_zh_a_spot / 新浪
688766,普冉股份,466.8100000000,466.0000000000,7938800070.0000000000,16744370.0000000000,0.0017400000,79.3880007000,AKShare stock_zh_a_spot / 新浪
688767,博拓生物,41.8400000000,42.3500000000,101423155.0000000000,2410609.0000000000,-0.0120400000,1.0142315500,AKShare stock_zh_a_spot / 新浪
688768,容知日新,44.2300000000,43.9900000000,22851857.0000000000,519783.0000000000,0.0054600000,0.2285185700,AKShare stock_zh_a_spot / 新浪
688772,珠海冠宇,14.7700000000,14.9600000000,264517009.0000000000,17946410.0000000000,-0.0127000000,2.6451700900,AKShare stock_zh_a_spot / 新浪
688775,影石创新,126.2700000000,132.7100000000,728314460.0000000000,5692598.0000000000,-0.0485300000,7.2831446000,AKShare stock_zh_a_spot / 新浪
688776,国光电气,49.6900000000,50.4500000000,70318124.0000000000,1416786.0000000000,-0.0150600000,0.7031812400,AKShare stock_zh_a_spot / 新浪
688777,中控技术,96.5500000000,96.8100000000,1110457131.0000000000,11582533.0000000000,-0.0026900000,11.1045713100,AKShare stock_zh_a_spot / 新浪
688778,厦钨新能,48.3500000000,49.1100000000,203534102.0000000000,4189778.0000000000,-0.0154800000,2.0353410200,AKShare stock_zh_a_spot / 新浪
688779,五矿新能,8.5500000000,8.0700000000,611396461.0000000000,71374514.0000000000,0.0594800000,6.1139646100,AKShare stock_zh_a_spot / 新浪
688781,视涯科技,40.6000000000,39.0900000000,111695045.0000000000,2757249.0000000000,0.0386300000,1.1169504500,AKShare stock_zh_a_spot / 新浪
688783,西安奕材,35.9600000000,32.8000000000,2362709571.0000000000,65303802.0000000000,0.0963400000,23.6270957100,AKShare stock_zh_a_spot / 新浪
688785,恒运昌,294.2300000000,296.8800000000,189538453.0000000000,645237.0000000000,-0.0089300000,1.8953845300,AKShare stock_zh_a_spot / 新浪
688786,悦安新材,29.9700000000,29.7300000000,179073077.0000000000,6011458.0000000000,0.0080700000,1.7907307700,AKShare stock_zh_a_spot / 新浪
688787,海天瑞声,114.5000000000,112.9000000000,247363231.0000000000,2223716.0000000000,0.0141700000,2.4736323100,AKShare stock_zh_a_spot / 新浪
688788,科思科技,30.9000000000,31.2000000000,76646926.0000000000,2504822.0000000000,-0.0096200000,0.7664692600,AKShare stock_zh_a_spot / 新浪
688789,宏华数科,46.5800000000,46.9300000000,71842010.0000000000,1544441.0000000000,-0.0074600000,0.7184201000,AKShare stock_zh_a_spot / 新浪
688790,昂瑞微,102.6000000000,104.1000000000,49756062.0000000000,483209.0000000000,-0.0144100000,0.4975606200,AKShare stock_zh_a_spot / 新浪
688793,倍轻松,21.1500000000,20.8900000000,72069905.0000000000,3474410.0000000000,0.0124500000,0.7206990500,AKShare stock_zh_a_spot / 新浪
688795,摩尔线程,578.9000000000,590.0000000000,766998994.0000000000,1322995.0000000000,-0.0188100000,7.6699899400,AKShare stock_zh_a_spot / 新浪
688796,百奥赛图,140.9800000000,140.7000000000,449037186.0000000000,3194055.0000000000,0.0019900000,4.4903718600,AKShare stock_zh_a_spot / 新浪
688797,臻宝科技,353.3000000000,354.4000000000,1350647439.0000000000,3802875.0000000000,-0.0031000000,13.5064743900,AKShare stock_zh_a_spot / 新浪
688798,艾为电子,56.0900000000,56.9800000000,153338741.0000000000,2738426.0000000000,-0.0156200000,1.5333874100,AKShare stock_zh_a_spot / 新浪
688799,华纳药厂,45.0200000000,45.5500000000,96278238.0000000000,2130437.0000000000,-0.0116400000,0.9627823800,AKShare stock_zh_a_spot / 新浪
688800,瑞可达,63.7000000000,65.8800000000,795320655.0000000000,12473185.0000000000,-0.0330900000,7.9532065500,AKShare stock_zh_a_spot / 新浪
688802,沐曦股份,770.1100000000,786.0000000000,902394650.0000000000,1173195.0000000000,-0.0202200000,9.0239465000,AKShare stock_zh_a_spot / 新浪
688805,健信超导,40.9000000000,41.0400000000,43624414.0000000000,1076593.0000000000,-0.0034100000,0.4362441400,AKShare stock_zh_a_spot / 新浪
688806,泰诺麦博,26.7500000000,27.1500000000,148278648.0000000000,5547442.0000000000,-0.0147300000,1.4827864800,AKShare stock_zh_a_spot / 新浪
688807,优迅股份,332.1000000000,298.9900000000,1271942999.0000000000,3870917.0000000000,0.1107400000,12.7194299900,AKShare stock_zh_a_spot / 新浪
688808,联讯仪器,2372.0000000000,2255.0000000000,2959211116.0000000000,1250248.0000000000,0.0518800000,29.5921111600,AKShare stock_zh_a_spot / 新浪
688809,强一股份,512.8000000000,487.0000000000,1136044845.0000000000,2256217.0000000000,0.0529800000,11.3604484500,AKShare stock_zh_a_spot / 新浪
688811,有研复材,23.4500000000,23.5800000000,215658358.0000000000,9063586.0000000000,-0.0055100000,2.1565835800,AKShare stock_zh_a_spot / 新浪
688813,泰金新能,127.5700000000,125.9900000000,758389141.0000000000,5972864.0000000000,0.0125400000,7.5838914100,AKShare stock_zh_a_spot / 新浪
688816,易思维,50.8000000000,50.7800000000,19881916.0000000000,393845.0000000000,0.0003900000,0.1988191600,AKShare stock_zh_a_spot / 新浪
688818,电科蓝天,51.2100000000,50.9600000000,511245079.0000000000,10022226.0000000000,0.0049100000,5.1124507900,AKShare stock_zh_a_spot / 新浪
688819,天能股份,21.8000000000,22.2200000000,45556453.0000000000,2083579.0000000000,-0.0189000000,0.4555645300,AKShare stock_zh_a_spot / 新浪
688820,盛合晶微,153.6200000000,153.1000000000,2313828065.0000000000,15029661.0000000000,0.0034000000,23.1382806500,AKShare stock_zh_a_spot / 新浪
688825,长鑫科技,59.1900000000,61.8000000000,25460048436.0000000000,426504877.0000000000,-0.0422300000,254.6004843600,AKShare stock_zh_a_spot / 新浪
688828,国仪公司,97.1000000000,104.9500000000,824680168.0000000000,8241566.0000000000,-0.0748000000,8.2468016800,AKShare stock_zh_a_spot / 新浪
688981,中芯国际,134.9800000000,136.7600000000,7748492525.0000000000,57424091.0000000000,-0.0130200000,77.4849252500,AKShare stock_zh_a_spot / 新浪
000001,平安银行,11.0500000000,11.1000000000,896326749.0000000000,80892971.0000000000,-0.0045000000,8.9632674900,AKShare stock_zh_a_spot / 新浪
000002,万 科Ａ,3.1000000000,3.1200000000,271160500.0000000000,87382177.0000000000,-0.0064100000,2.7116050000,AKShare stock_zh_a_spot / 新浪
000006,深振业Ａ,7.3100000000,7.3300000000,132880114.0000000000,18258834.0000000000,-0.0027300000,1.3288011400,AKShare stock_zh_a_spot / 新浪
000007,全新好,11.6900000000,10.6300000000,126807213.0000000000,11389199.0000000000,0.0997200000,1.2680721300,AKShare stock_zh_a_spot / 新浪
000008,神州高铁,2.4200000000,2.4000000000,53626644.0000000000,22319344.0000000000,0.0083300000,0.5362664400,AKShare stock_zh_a_spot / 新浪
000009,中国宝安,7.6900000000,7.7900000000,169851540.0000000000,22073060.0000000000,-0.0128400000,1.6985154000,AKShare stock_zh_a_spot / 新浪
000011,深物业A,8.2400000000,8.2200000000,48363579.0000000000,5867116.0000000000,0.0024300000,0.4836357900,AKShare stock_zh_a_spot / 新浪
000012,南 玻Ａ,3.8100000000,3.8200000000,92381906.0000000000,24076562.0000000000,-0.0026200000,0.9238190600,AKShare stock_zh_a_spot / 新浪
000014,沙河股份,10.1100000000,10.1700000000,36284102.0000000000,3591800.0000000000,-0.0059000000,0.3628410200,AKShare stock_zh_a_spot / 新浪
000017,深中华A,6.0300000000,6.0200000000,32308454.0000000000,5371800.0000000000,0.0016600000,0.3230845400,AKShare stock_zh_a_spot / 新浪
000019,深粮控股,6.9600000000,6.3300000000,370254388.0000000000,54566356.0000000000,0.0995300000,3.7025438800,AKShare stock_zh_a_spot / 新浪
000020,深华发Ａ,12.4900000000,11.3500000000,81038091.0000000000,6721603.0000000000,0.1004400000,0.8103809100,AKShare stock_zh_a_spot / 新浪
000021,深科技,41.6000000000,42.6000000000,5836895296.0000000000,138432511.0000000000,-0.0234700000,58.3689529600,AKShare stock_zh_a_spot / 新浪
000025,特 力Ａ,15.0800000000,15.1500000000,51711579.0000000000,3433615.0000000000,-0.0046200000,0.5171157900,AKShare stock_zh_a_spot / 新浪
000026,飞亚达,23.1900000000,23.0100000000,450768508.0000000000,19461601.0000000000,0.0078200000,4.5076850800,AKShare stock_zh_a_spot / 新浪
000027,深圳能源,6.1800000000,6.2400000000,109735519.0000000000,17719983.0000000000,-0.0096200000,1.0973551900,AKShare stock_zh_a_spot / 新浪
000028,国药一致,19.9000000000,20.0300000000,67190249.0000000000,3380475.0000000000,-0.0064900000,0.6719024900,AKShare stock_zh_a_spot / 新浪
000029,深深房Ａ,22.9100000000,24.4200000000,332322732.0000000000,14513799.0000000000,-0.0618300000,3.3232273200,AKShare stock_zh_a_spot / 新浪
000030,富奥股份,4.3800000000,4.3300000000,53417654.0000000000,12252282.0000000000,0.0115500000,0.5341765400,AKShare stock_zh_a_spot / 新浪
000031,大悦城,2.1600000000,2.1700000000,65146240.0000000000,30055727.0000000000,-0.0046100000,0.6514624000,AKShare stock_zh_a_spot / 新浪
000032,深桑达Ａ,15.8000000000,15.6400000000,870269467.0000000000,55941711.0000000000,0.0102300000,8.7026946700,AKShare stock_zh_a_spot / 新浪
000034,神州数码,25.5300000000,25.2000000000,1564694802.0000000000,62093115.0000000000,0.0131000000,15.6469480200,AKShare stock_zh_a_spot / 新浪
000035,中国天楹,4.7000000000,4.7500000000,107721099.0000000000,22857285.0000000000,-0.0105300000,1.0772109900,AKShare stock_zh_a_spot / 新浪
000036,华联控股,4.0400000000,4.0700000000,127892556.0000000000,31728953.0000000000,-0.0073700000,1.2789255600,AKShare stock_zh_a_spot / 新浪
000037,深南电A,9.8600000000,9.7300000000,188500155.0000000000,19219100.0000000000,0.0133600000,1.8850015500,AKShare stock_zh_a_spot / 新浪
000039,中集集团,9.5600000000,9.0300000000,631476975.0000000000,66876384.0000000000,0.0586900000,6.3147697500,AKShare stock_zh_a_spot / 新浪
000042,中洲控股,8.9700000000,8.8400000000,48420646.0000000000,5405872.0000000000,0.0147100000,0.4842064600,AKShare stock_zh_a_spot / 新浪
000045,深纺织Ａ,10.1300000000,10.0600000000,51247704.0000000000,5096697.0000000000,0.0069600000,0.5124770400,AKShare stock_zh_a_spot / 新浪
000048,京基智农,23.6100000000,24.1900000000,523570772.0000000000,21731764.0000000000,-0.0239800000,5.2357077200,AKShare stock_zh_a_spot / 新浪
000049,德赛电池,24.6000000000,25.7200000000,491177441.0000000000,19816834.0000000000,-0.0435500000,4.9117744100,AKShare stock_zh_a_spot / 新浪
000050,深天马Ａ,6.7200000000,6.6900000000,177629880.0000000000,26466766.0000000000,0.0044800000,1.7762988000,AKShare stock_zh_a_spot / 新浪
000055,方大集团,3.5800000000,3.5600000000,35386780.0000000000,9902900.0000000000,0.0056200000,0.3538678000,AKShare stock_zh_a_spot / 新浪
000058,深 赛 格,6.7700000000,6.8500000000,28510190.0000000000,4213700.0000000000,-0.0116800000,0.2851019000,AKShare stock_zh_a_spot / 新浪
000059,华锦股份,4.6100000000,4.6000000000,83942478.0000000000,18189979.0000000000,0.0021700000,0.8394247800,AKShare stock_zh_a_spot / 新浪
000060,中金岭南,6.6400000000,6.7300000000,609388440.0000000000,91627804.0000000000,-0.0133700000,6.0938844000,AKShare stock_zh_a_spot / 新浪
000061,农 产 品,6.1200000000,5.8400000000,426429220.0000000000,70699531.0000000000,0.0479500000,4.2642922000,AKShare stock_zh_a_spot / 新浪
000062,深圳华强,23.8100000000,23.7400000000,463103970.0000000000,19614381.0000000000,0.0029500000,4.6310397000,AKShare stock_zh_a_spot / 新浪
000063,中兴通讯,35.1100000000,36.0200000000,4625710593.0000000000,131276372.0000000000,-0.0252600000,46.2571059300,AKShare stock_zh_a_spot / 新浪
000065,北方国际,9.0800000000,9.1800000000,110242565.0000000000,12136437.0000000000,-0.0108900000,1.1024256500,AKShare stock_zh_a_spot / 新浪
000066,中国长城,15.2300000000,15.1900000000,2719645524.0000000000,180994160.0000000000,0.0026300000,27.1964552400,AKShare stock_zh_a_spot / 新浪
000068,华控赛格,3.0800000000,3.0400000000,44225731.0000000000,14478299.0000000000,0.0131600000,0.4422573100,AKShare stock_zh_a_spot / 新浪
000069,华侨城Ａ,1.7700000000,1.7700000000,46906089.0000000000,26550359.0000000000,0.0000000000,0.4690608900,AKShare stock_zh_a_spot / 新浪
000070,特发信息,15.3500000000,15.5700000000,819824385.0000000000,53165103.0000000000,-0.0141300000,8.1982438500,AKShare stock_zh_a_spot / 新浪
000088,盐 田 港,4.4900000000,4.4600000000,80398118.0000000000,17936758.0000000000,0.0067300000,0.8039811800,AKShare stock_zh_a_spot / 新浪
000089,深圳机场,6.4600000000,6.4900000000,67011953.0000000000,10339428.0000000000,-0.0046200000,0.6701195300,AKShare stock_zh_a_spot / 新浪
000090,天健集团,3.4800000000,3.4700000000,39379660.0000000000,11351900.0000000000,0.0028800000,0.3937966000,AKShare stock_zh_a_spot / 新浪
000096,广聚能源,7.9500000000,7.8100000000,54340055.0000000000,6874445.0000000000,0.0179300000,0.5434005500,AKShare stock_zh_a_spot / 新浪
000099,中信海直,13.9800000000,14.2900000000,107236385.0000000000,7648110.0000000000,-0.0216900000,1.0723638500,AKShare stock_zh_a_spot / 新浪
000100,TCL科技,5.2400000000,5.1900000000,2950874171.0000000000,564885307.0000000000,0.0096300000,29.5087417100,AKShare stock_zh_a_spot / 新浪
000151,中成股份,10.1500000000,10.0900000000,47053213.0000000000,4671400.0000000000,0.0059500000,0.4705321300,AKShare stock_zh_a_spot / 新浪
000153,丰原药业,6.6800000000,6.0700000000,70646077.0000000000,10575760.0000000000,0.1004900000,0.7064607700,AKShare stock_zh_a_spot / 新浪
000155,川能动力,12.1500000000,12.3700000000,440229901.0000000000,36049988.0000000000,-0.0177800000,4.4022990100,AKShare stock_zh_a_spot / 新浪
000156,华数传媒,6.7300000000,6.8100000000,56121608.0000000000,8350427.0000000000,-0.0117500000,0.5612160800,AKShare stock_zh_a_spot / 新浪
000157,中联重科,6.9300000000,6.9300000000,275209557.0000000000,39673784.0000000000,0.0000000000,2.7520955700,AKShare stock_zh_a_spot / 新浪
000158,常山北明,14.0700000000,13.3800000000,1511243357.0000000000,111624874.0000000000,0.0515700000,15.1124335700,AKShare stock_zh_a_spot / 新浪
000159,国际实业,5.8000000000,5.7200000000,71366099.0000000000,12376263.0000000000,0.0139900000,0.7136609900,AKShare stock_zh_a_spot / 新浪
000166,申万宏源,4.4900000000,4.5500000000,261863639.0000000000,58206276.0000000000,-0.0131900000,2.6186363900,AKShare stock_zh_a_spot / 新浪
000301,东方盛虹,13.0100000000,12.6600000000,323745561.0000000000,25176059.0000000000,0.0276500000,3.2374556100,AKShare stock_zh_a_spot / 新浪
000333,美的集团,83.5800000000,82.6100000000,1887839778.0000000000,22707020.0000000000,0.0117400000,18.8783977800,AKShare stock_zh_a_spot / 新浪
000338,潍柴动力,30.5100000000,30.8100000000,1827650703.0000000000,59608453.0000000000,-0.0097400000,18.2765070300,AKShare stock_zh_a_spot / 新浪
000400,许继电气,22.2000000000,22.3000000000,243491896.0000000000,10999127.0000000000,-0.0044800000,2.4349189600,AKShare stock_zh_a_spot / 新浪
000401,金隅冀东,3.5300000000,3.5500000000,27932069.0000000000,7889591.0000000000,-0.0056300000,0.2793206900,AKShare stock_zh_a_spot / 新浪
000402,金 融 街,2.4700000000,2.4800000000,79057494.0000000000,31923413.0000000000,-0.0040300000,0.7905749400,AKShare stock_zh_a_spot / 新浪
000403,派林生物,10.6800000000,10.8900000000,113780166.0000000000,10589836.0000000000,-0.0192800000,1.1378016600,AKShare stock_zh_a_spot / 新浪
000404,长虹华意,7.1200000000,7.1300000000,86022737.0000000000,12178622.0000000000,-0.0014000000,0.8602273700,AKShare stock_zh_a_spot / 新浪
000407,胜利股份,4.1400000000,4.1000000000,78022973.0000000000,18818882.0000000000,0.0097600000,0.7802297300,AKShare stock_zh_a_spot / 新浪
000408,藏格矿业,78.7200000000,79.4100000000,1109885463.0000000000,14126295.0000000000,-0.0086900000,11.0988546300,AKShare stock_zh_a_spot / 新浪
000409,云鼎科技,8.7000000000,8.7500000000,40492220.0000000000,4685764.0000000000,-0.0057100000,0.4049222000,AKShare stock_zh_a_spot / 新浪
000410,沈阳机床,5.3900000000,5.4300000000,270671141.0000000000,49799213.0000000000,-0.0073700000,2.7067114100,AKShare stock_zh_a_spot / 新浪
000411,英特集团,9.8800000000,9.9800000000,40690038.0000000000,4105980.0000000000,-0.0100200000,0.4069003800,AKShare stock_zh_a_spot / 新浪
000415,渤海租赁,4.6300000000,4.6300000000,220322459.0000000000,47467510.0000000000,0.0000000000,2.2032245900,AKShare stock_zh_a_spot / 新浪
000417,合百集团,5.9900000000,5.9700000000,154100111.0000000000,25746377.0000000000,0.0033500000,1.5410011100,AKShare stock_zh_a_spot / 新浪
000419,通程控股,4.9900000000,4.9600000000,28144887.0000000000,5668400.0000000000,0.0060500000,0.2814488700,AKShare stock_zh_a_spot / 新浪
000420,吉林化纤,3.7300000000,3.8100000000,155244956.0000000000,41417020.0000000000,-0.0210000000,1.5524495600,AKShare stock_zh_a_spot / 新浪
000421,南京公用,5.5700000000,5.5300000000,31861322.0000000000,5752300.0000000000,0.0072300000,0.3186132200,AKShare stock_zh_a_spot / 新浪
000422,湖北宜化,12.9300000000,12.7900000000,337598406.0000000000,26189593.0000000000,0.0109500000,3.3759840600,AKShare stock_zh_a_spot / 新浪
000423,东阿阿胶,51.4900000000,51.5000000000,220009712.0000000000,4260742.0000000000,-0.0001900000,2.2000971200,AKShare stock_zh_a_spot / 新浪
000425,徐工机械,8.0400000000,7.9600000000,875260789.0000000000,109588803.0000000000,0.0100500000,8.7526078900,AKShare stock_zh_a_spot / 新浪
000426,兴业银锡,38.8100000000,39.4800000000,1835182651.0000000000,47207162.0000000000,-0.0169700000,18.3518265100,AKShare stock_zh_a_spot / 新浪
000428,华天酒店,4.2800000000,4.2700000000,179484171.0000000000,41883287.0000000000,0.0023400000,1.7948417100,AKShare stock_zh_a_spot / 新浪
000429,粤高速Ａ,13.1400000000,13.1400000000,81643172.0000000000,6211894.0000000000,0.0000000000,0.8164317200,AKShare stock_zh_a_spot / 新浪
000430,张家界,6.7300000000,6.6100000000,79430836.0000000000,11798000.0000000000,0.0181500000,0.7943083600,AKShare stock_zh_a_spot / 新浪
000498,山东路桥,4.9200000000,4.9600000000,25725797.0000000000,5217996.0000000000,-0.0080600000,0.2572579700,AKShare stock_zh_a_spot / 新浪
000501,武商集团,7.2300000000,7.2400000000,52119893.0000000000,7195735.0000000000,-0.0013800000,0.5211989300,AKShare stock_zh_a_spot / 新浪
000503,国新健康,7.0100000000,7.2100000000,99976977.0000000000,14240600.0000000000,-0.0277400000,0.9997697700,AKShare stock_zh_a_spot / 新浪
000504,南华生物,8.5900000000,8.7900000000,53274829.0000000000,6187002.0000000000,-0.0227500000,0.5327482900,AKShare stock_zh_a_spot / 新浪
000505,京粮控股,6.7900000000,6.1700000000,508426813.0000000000,77230571.0000000000,0.1004900000,5.0842681300,AKShare stock_zh_a_spot / 新浪
000506,招金黄金,18.5200000000,17.7500000000,1819560734.0000000000,100623428.0000000000,0.0433800000,18.1956073400,AKShare stock_zh_a_spot / 新浪
000507,珠海港,5.0300000000,4.9700000000,55052431.0000000000,10974714.0000000000,0.0120700000,0.5505243100,AKShare stock_zh_a_spot / 新浪
000509,华塑控股,3.4300000000,3.3600000000,85907143.0000000000,25466800.0000000000,0.0208300000,0.8590714300,AKShare stock_zh_a_spot / 新浪
000510,新金路,17.0100000000,17.5800000000,653757688.0000000000,37992368.0000000000,-0.0324200000,6.5375768800,AKShare stock_zh_a_spot / 新浪
000513,丽珠集团,29.7200000000,30.0500000000,149837866.0000000000,5017709.0000000000,-0.0109800000,1.4983786600,AKShare stock_zh_a_spot / 新浪
000514,渝 开 发,3.9700000000,4.0000000000,24174340.0000000000,6075905.0000000000,-0.0075000000,0.2417434000,AKShare stock_zh_a_spot / 新浪
000516,国际医学,4.2200000000,4.2700000000,73238211.0000000000,17303500.0000000000,-0.0117100000,0.7323821100,AKShare stock_zh_a_spot / 新浪
000517,荣安地产,2.3000000000,2.2900000000,56134894.0000000000,24464130.0000000000,0.0043700000,0.5613489400,AKShare stock_zh_a_spot / 新浪
000518,四环生物,3.6800000000,4.0600000000,481858169.0000000000,127009510.0000000000,-0.0936000000,4.8185816900,AKShare stock_zh_a_spot / 新浪
000519,中兵红箭,15.0400000000,15.1600000000,481350825.0000000000,32058009.0000000000,-0.0079200000,4.8135082500,AKShare stock_zh_a_spot / 新浪
000520,凤凰航运,4.1900000000,4.2200000000,223948597.0000000000,52918539.0000000000,-0.0071100000,2.2394859700,AKShare stock_zh_a_spot / 新浪
000521,长虹美菱,4.8500000000,4.9000000000,26741728.0000000000,5503800.0000000000,-0.0102000000,0.2674172800,AKShare stock_zh_a_spot / 新浪
000523,红棉股份,3.0400000000,2.9600000000,151164198.0000000000,50013308.0000000000,0.0270300000,1.5116419800,AKShare stock_zh_a_spot / 新浪
000524,岭南控股,9.5000000000,9.4400000000,50465423.0000000000,5339671.0000000000,0.0063600000,0.5046542300,AKShare stock_zh_a_spot / 新浪
000525,红太阳,4.6800000000,4.5300000000,264451008.0000000000,56726400.0000000000,0.0331100000,2.6445100800,AKShare stock_zh_a_spot / 新浪
000526,学大教育,35.5400000000,32.3100000000,113823958.0000000000,3202700.0000000000,0.0999700000,1.1382395800,AKShare stock_zh_a_spot / 新浪
000528,柳 工,8.0800000000,8.1100000000,178436793.0000000000,22074851.0000000000,-0.0037000000,1.7843679300,AKShare stock_zh_a_spot / 新浪
000529,广弘控股,5.0400000000,4.9700000000,37175044.0000000000,7413217.0000000000,0.0140800000,0.3717504400,AKShare stock_zh_a_spot / 新浪
000530,冰山冷热,4.9800000000,5.0600000000,53079853.0000000000,10639670.0000000000,-0.0158100000,0.5307985300,AKShare stock_zh_a_spot / 新浪
000531,穗恒运Ａ,5.7000000000,5.7600000000,49642885.0000000000,8701757.0000000000,-0.0104200000,0.4964288500,AKShare stock_zh_a_spot / 新浪
000532,华金资本,11.2500000000,11.2500000000,44839506.0000000000,4010400.0000000000,0.0000000000,0.4483950600,AKShare stock_zh_a_spot / 新浪
000533,顺钠股份,11.6500000000,12.1100000000,1059228250.0000000000,88852831.0000000000,-0.0379900000,10.5922825000,AKShare stock_zh_a_spot / 新浪
000534,万泽股份,29.2000000000,29.8200000000,288410417.0000000000,9827208.0000000000,-0.0207900000,2.8841041700,AKShare stock_zh_a_spot / 新浪
000536,华映科技,3.2600000000,3.3200000000,94806507.0000000000,28969825.0000000000,-0.0180700000,0.9480650700,AKShare stock_zh_a_spot / 新浪
000537,绿发电力,7.7900000000,8.1000000000,259317703.0000000000,32970119.0000000000,-0.0382700000,2.5931770300,AKShare stock_zh_a_spot / 新浪
000538,云南白药,49.5000000000,49.8000000000,376418124.0000000000,7604895.0000000000,-0.0060200000,3.7641812400,AKShare stock_zh_a_spot / 新浪
000539,粤电力Ａ,5.5200000000,5.6400000000,385220102.0000000000,69672699.0000000000,-0.0212800000,3.8522010200,AKShare stock_zh_a_spot / 新浪
000541,佛山照明,4.9100000000,4.9800000000,29611272.0000000000,6006623.0000000000,-0.0140600000,0.2961127200,AKShare stock_zh_a_spot / 新浪
000543,皖能电力,7.5400000000,7.5900000000,97640894.0000000000,12931679.0000000000,-0.0065900000,0.9764089400,AKShare stock_zh_a_spot / 新浪
000544,中原环保,7.3100000000,7.3400000000,14365895.0000000000,1967100.0000000000,-0.0040900000,0.1436589500,AKShare stock_zh_a_spot / 新浪
000545,金浦钛业,2.5200000000,2.5400000000,54357740.0000000000,21528300.0000000000,-0.0078700000,0.5435774000,AKShare stock_zh_a_spot / 新浪
000546,金圆股份,4.7400000000,4.8100000000,70901894.0000000000,14857001.0000000000,-0.0145500000,0.7090189400,AKShare stock_zh_a_spot / 新浪
000547,航天发展,15.9200000000,16.0300000000,621043041.0000000000,39165246.0000000000,-0.0068600000,6.2104304100,AKShare stock_zh_a_spot / 新浪
000548,湖南投资,4.4700000000,4.4900000000,21849859.0000000000,4892103.0000000000,-0.0044500000,0.2184985900,AKShare stock_zh_a_spot / 新浪
000550,江铃汽车,16.2100000000,16.2200000000,41073019.0000000000,2536189.0000000000,-0.0006200000,0.4107301900,AKShare stock_zh_a_spot / 新浪
000551,创元科技,14.0000000000,15.5100000000,869926694.0000000000,61078687.0000000000,-0.0973600000,8.6992669400,AKShare stock_zh_a_spot / 新浪
000552,甘肃能化,2.5300000000,2.5500000000,151808943.0000000000,59666372.0000000000,-0.0078400000,1.5180894300,AKShare stock_zh_a_spot / 新浪
000553,安道麦A,5.6000000000,5.5000000000,68538492.0000000000,12316348.0000000000,0.0181800000,0.6853849200,AKShare stock_zh_a_spot / 新浪
000554,泰山石油,6.5300000000,6.4100000000,99023652.0000000000,15206300.0000000000,0.0187200000,0.9902365200,AKShare stock_zh_a_spot / 新浪
000555,神州信息,10.5500000000,10.7100000000,216897364.0000000000,20769023.0000000000,-0.0149400000,2.1689736400,AKShare stock_zh_a_spot / 新浪
000557,西部创业,3.6400000000,3.6500000000,17965935.0000000000,4930721.0000000000,-0.0027400000,0.1796593500,AKShare stock_zh_a_spot / 新浪
000558,天府文旅,3.4500000000,3.5100000000,56532338.0000000000,16317550.0000000000,-0.0170900000,0.5653233800,AKShare stock_zh_a_spot / 新浪
000559,万向钱潮,12.0800000000,11.9100000000,599280037.0000000000,50043164.0000000000,0.0142700000,5.9928003700,AKShare stock_zh_a_spot / 新浪
000560,我爱我家,2.1600000000,2.1700000000,114517673.0000000000,52973549.0000000000,-0.0046100000,1.1451767300,AKShare stock_zh_a_spot / 新浪
000561,烽火电子,7.5700000000,7.6700000000,52216659.0000000000,6924600.0000000000,-0.0130400000,0.5221665900,AKShare stock_zh_a_spot / 新浪
000563,陕国投Ａ,2.9600000000,3.0000000000,102106486.0000000000,34459249.0000000000,-0.0133300000,1.0210648600,AKShare stock_zh_a_spot / 新浪
000564,供销大集,1.5400000000,1.5400000000,1334856492.0000000000,866155439.0000000000,0.0000000000,13.3485649200,AKShare stock_zh_a_spot / 新浪
000565,渝三峡Ａ,5.9700000000,6.0000000000,34100984.0000000000,5736100.0000000000,-0.0050000000,0.3410098400,AKShare stock_zh_a_spot / 新浪
000566,海南海药,5.2900000000,5.4600000000,676904361.0000000000,125031383.0000000000,-0.0311400000,6.7690436100,AKShare stock_zh_a_spot / 新浪
000567,海德股份,6.1500000000,6.1500000000,84385119.0000000000,13780393.0000000000,0.0000000000,0.8438511900,AKShare stock_zh_a_spot / 新浪
000568,泸州老窖,86.6200000000,86.3500000000,610054667.0000000000,7060564.0000000000,0.0031300000,6.1005466700,AKShare stock_zh_a_spot / 新浪
000570,苏常柴Ａ,5.1100000000,5.0800000000,43221405.0000000000,8529300.0000000000,0.0059100000,0.4322140500,AKShare stock_zh_a_spot / 新浪
000571,新大洲A,6.2200000000,6.4500000000,178908756.0000000000,28390471.0000000000,-0.0356600000,1.7890875600,AKShare stock_zh_a_spot / 新浪
000572,海马汽车,3.8900000000,3.9000000000,121622245.0000000000,31142800.0000000000,-0.0025600000,1.2162224500,AKShare stock_zh_a_spot / 新浪
000573,粤宏远Ａ,3.6800000000,3.7100000000,46906265.0000000000,12711586.0000000000,-0.0080900000,0.4690626500,AKShare stock_zh_a_spot / 新浪
000576,甘化科工,7.3400000000,7.3600000000,39499403.0000000000,5410600.0000000000,-0.0027200000,0.3949940300,AKShare stock_zh_a_spot / 新浪
000581,威孚高科,17.4900000000,17.4400000000,100034250.0000000000,5719124.0000000000,0.0028700000,1.0003425000,AKShare stock_zh_a_spot / 新浪
000582,北部湾港,11.1700000000,10.9700000000,475854566.0000000000,42731124.0000000000,0.0182300000,4.7585456600,AKShare stock_zh_a_spot / 新浪
000586,汇源通信,12.9400000000,12.7700000000,70557613.0000000000,5506100.0000000000,0.0133100000,0.7055761300,AKShare stock_zh_a_spot / 新浪
000589,贵州轮胎,4.2700000000,4.3100000000,82848679.0000000000,19381517.0000000000,-0.0092800000,0.8284867900,AKShare stock_zh_a_spot / 新浪
000590,古汉医药,9.0600000000,9.1200000000,25158909.0000000000,2781200.0000000000,-0.0065800000,0.2515890900,AKShare stock_zh_a_spot / 新浪
000591,太阳能,4.2900000000,4.3700000000,166404480.0000000000,38687940.0000000000,-0.0183100000,1.6640448000,AKShare stock_zh_a_spot / 新浪
000592,平潭发展,6.8200000000,6.5500000000,2606448150.0000000000,376966471.0000000000,0.0412200000,26.0644815000,AKShare stock_zh_a_spot / 新浪
000593,德龙汇能,26.9500000000,26.0600000000,813986291.0000000000,30780788.0000000000,0.0341500000,8.1398629100,AKShare stock_zh_a_spot / 新浪
000595,新能股份,5.7600000000,6.0100000000,251672273.0000000000,43718700.0000000000,-0.0416000000,2.5167227300,AKShare stock_zh_a_spot / 新浪
000596,古井贡酒,96.3000000000,95.0400000000,558434643.0000000000,5804201.0000000000,0.0132600000,5.5843464300,AKShare stock_zh_a_spot / 新浪
000597,东北制药,5.5100000000,5.0100000000,441210322.0000000000,82403093.0000000000,0.0998000000,4.4121032200,AKShare stock_zh_a_spot / 新浪
000598,兴蓉环境,7.1300000000,7.1500000000,87527214.0000000000,12228558.0000000000,-0.0028000000,0.8752721400,AKShare stock_zh_a_spot / 新浪
000599,青岛双星,4.7700000000,4.8300000000,45741206.0000000000,9590200.0000000000,-0.0124200000,0.4574120600,AKShare stock_zh_a_spot / 新浪
000600,建投能源,8.1100000000,8.1800000000,140624293.0000000000,17339274.0000000000,-0.0085600000,1.4062429300,AKShare stock_zh_a_spot / 新浪
000601,韶能股份,6.3800000000,6.4600000000,183819236.0000000000,28750296.0000000000,-0.0123800000,1.8381923600,AKShare stock_zh_a_spot / 新浪
000603,盛达资源,33.0700000000,33.2200000000,1581205467.0000000000,47529174.0000000000,-0.0045200000,15.8120546700,AKShare stock_zh_a_spot / 新浪
000605,渤海股份,6.0400000000,6.0800000000,19176747.0000000000,3182000.0000000000,-0.0065800000,0.1917674700,AKShare stock_zh_a_spot / 新浪
000607,华媒控股,3.6800000000,3.7200000000,37672493.0000000000,10253912.0000000000,-0.0107500000,0.3767249300,AKShare stock_zh_a_spot / 新浪
000608,阳光股份,7.8500000000,7.5800000000,331414617.0000000000,42157194.0000000000,0.0356200000,3.3141461700,AKShare stock_zh_a_spot / 新浪
000612,焦作万方,11.2300000000,11.3500000000,257683503.0000000000,22974290.0000000000,-0.0105700000,2.5768350300,AKShare stock_zh_a_spot / 新浪
000617,中油资本,6.7900000000,6.9100000000,353591283.0000000000,51970266.0000000000,-0.0173700000,3.5359128300,AKShare stock_zh_a_spot / 新浪
000619,海螺新材,4.8400000000,4.8400000000,22540329.0000000000,4689500.0000000000,0.0000000000,0.2254032900,AKShare stock_zh_a_spot / 新浪
000620,盈新发展,3.4100000000,3.1000000000,1213375828.0000000000,357437773.0000000000,0.1000000000,12.1337582800,AKShare stock_zh_a_spot / 新浪
000623,吉林敖东,17.9800000000,18.1600000000,169130652.0000000000,9382225.0000000000,-0.0099100000,1.6913065200,AKShare stock_zh_a_spot / 新浪
000625,长安汽车,7.1300000000,7.1700000000,231732883.0000000000,32502677.0000000000,-0.0055800000,2.3173288300,AKShare stock_zh_a_spot / 新浪
000626,远大控股,8.0400000000,7.9000000000,166674066.0000000000,20975163.0000000000,0.0177200000,1.6667406600,AKShare stock_zh_a_spot / 新浪
000628,高新发展,43.3900000000,40.2200000000,662320333.0000000000,16050521.0000000000,0.0788200000,6.6232033300,AKShare stock_zh_a_spot / 新浪
000629,钒钛股份,3.0600000000,3.0900000000,227297281.0000000000,74133917.0000000000,-0.0097100000,2.2729728100,AKShare stock_zh_a_spot / 新浪
000630,铜陵有色,6.6800000000,6.7900000000,1589468467.0000000000,238737825.0000000000,-0.0162000000,15.8946846700,AKShare stock_zh_a_spot / 新浪
000631,顺发恒能,2.9500000000,2.9900000000,32269206.0000000000,10934700.0000000000,-0.0133800000,0.3226920600,AKShare stock_zh_a_spot / 新浪
000633,合金投资,5.3800000000,5.3400000000,39343199.0000000000,7358800.0000000000,0.0074900000,0.3934319900,AKShare stock_zh_a_spot / 新浪
000635,英 力 特,6.4800000000,6.4700000000,23122860.0000000000,3583400.0000000000,0.0015500000,0.2312286000,AKShare stock_zh_a_spot / 新浪
000636,风华高科,62.3400000000,63.4400000000,9463296162.0000000000,148621657.0000000000,-0.0173400000,94.6329616200,AKShare stock_zh_a_spot / 新浪
000637,茂化实华,3.9700000000,3.9600000000,27918663.0000000000,7044300.0000000000,0.0025300000,0.2791866300,AKShare stock_zh_a_spot / 新浪
000650,仁和药业,5.4600000000,5.4700000000,104056249.0000000000,18972050.0000000000,-0.0018300000,1.0405624900,AKShare stock_zh_a_spot / 新浪
000651,格力电器,40.0600000000,39.8900000000,1179611368.0000000000,29512001.0000000000,0.0042600000,11.7961136800,AKShare stock_zh_a_spot / 新浪
000652,泰达股份,3.4700000000,3.5100000000,33408672.0000000000,9621170.0000000000,-0.0114000000,0.3340867200,AKShare stock_zh_a_spot / 新浪
000655,金岭矿业,6.9100000000,6.9900000000,27072393.0000000000,3919800.0000000000,-0.0114400000,0.2707239300,AKShare stock_zh_a_spot / 新浪
000656,金科股份,1.2500000000,1.2700000000,180420836.0000000000,143104253.0000000000,-0.0157500000,1.8042083600,AKShare stock_zh_a_spot / 新浪
000657,中钨高新,72.9400000000,70.4900000000,8689346276.0000000000,118480581.0000000000,0.0347600000,86.8934627600,AKShare stock_zh_a_spot / 新浪
000659,珠海中富,2.8200000000,2.8700000000,90048516.0000000000,31882571.0000000000,-0.0174200000,0.9004851600,AKShare stock_zh_a_spot / 新浪
000661,长春高新,82.8000000000,84.5300000000,608895496.0000000000,7312324.0000000000,-0.0204700000,6.0889549600,AKShare stock_zh_a_spot / 新浪
000663,永安林业,5.6900000000,5.6700000000,47033444.0000000000,8289193.0000000000,0.0035300000,0.4703344400,AKShare stock_zh_a_spot / 新浪
000665,湖北广电,3.9900000000,4.1700000000,138722267.0000000000,34567533.0000000000,-0.0431700000,1.3872226700,AKShare stock_zh_a_spot / 新浪
000668,荣丰控股,22.7600000000,23.2400000000,145069673.0000000000,6223600.0000000000,-0.0206500000,1.4506967300,AKShare stock_zh_a_spot / 新浪
000670,盈方微,7.7400000000,7.5400000000,1038175874.0000000000,134456700.0000000000,0.0265300000,10.3817587400,AKShare stock_zh_a_spot / 新浪
000672,上峰材料,14.4900000000,14.7000000000,241715813.0000000000,16570649.0000000000,-0.0142900000,2.4171581300,AKShare stock_zh_a_spot / 新浪
000676,智度股份,6.6600000000,7.0000000000,732485468.0000000000,108917783.0000000000,-0.0485700000,7.3248546800,AKShare stock_zh_a_spot / 新浪
000678,襄阳轴承,10.5100000000,9.5500000000,454335974.0000000000,45928767.0000000000,0.1005200000,4.5433597400,AKShare stock_zh_a_spot / 新浪
000679,大连友谊,6.0900000000,6.2200000000,66659423.0000000000,10882213.0000000000,-0.0209000000,0.6665942300,AKShare stock_zh_a_spot / 新浪
000680,山推股份,10.3600000000,10.3700000000,166593488.0000000000,16113332.0000000000,-0.0009600000,1.6659348800,AKShare stock_zh_a_spot / 新浪
000681,视觉中国,17.7500000000,18.1800000000,391607328.0000000000,22076727.0000000000,-0.0236500000,3.9160732800,AKShare stock_zh_a_spot / 新浪
000682,东方电子,11.8300000000,12.1100000000,203615435.0000000000,17185471.0000000000,-0.0231200000,2.0361543500,AKShare stock_zh_a_spot / 新浪
000683,博源化工,6.0000000000,5.9900000000,287748835.0000000000,48225140.0000000000,0.0016700000,2.8774883500,AKShare stock_zh_a_spot / 新浪
000685,中山公用,11.0200000000,11.1100000000,106283995.0000000000,9595420.0000000000,-0.0081000000,1.0628399500,AKShare stock_zh_a_spot / 新浪
000686,东北证券,7.9700000000,8.0900000000,132732089.0000000000,16648414.0000000000,-0.0148300000,1.3273208900,AKShare stock_zh_a_spot / 新浪
000688,国城矿业,32.1600000000,32.1300000000,504556199.0000000000,15625931.0000000000,0.0009300000,5.0455619900,AKShare stock_zh_a_spot / 新浪
000690,宝新能源,4.6900000000,4.7300000000,140155734.0000000000,29897725.0000000000,-0.0084600000,1.4015573400,AKShare stock_zh_a_spot / 新浪
000691,亚太实业,10.5700000000,10.2700000000,131274600.0000000000,12764100.0000000000,0.0292100000,1.3127460000,AKShare stock_zh_a_spot / 新浪
000692,惠天热电,4.3400000000,4.6300000000,220900689.0000000000,50493700.0000000000,-0.0626300000,2.2090068900,AKShare stock_zh_a_spot / 新浪
000695,滨海能源,13.9800000000,14.0900000000,110474972.0000000000,7908000.0000000000,-0.0078100000,1.1047497200,AKShare stock_zh_a_spot / 新浪
000697,炼石航空,8.5100000000,8.7100000000,56751011.0000000000,6611600.0000000000,-0.0229600000,0.5675101100,AKShare stock_zh_a_spot / 新浪
000700,模塑科技,12.2400000000,12.1500000000,458169128.0000000000,37886494.0000000000,0.0074100000,4.5816912800,AKShare stock_zh_a_spot / 新浪
000701,厦门信达,5.1700000000,5.1300000000,52045749.0000000000,10126800.0000000000,0.0078000000,0.5204574900,AKShare stock_zh_a_spot / 新浪
000702,正虹科技,5.5900000000,5.5200000000,43561885.0000000000,7813100.0000000000,0.0126800000,0.4356188500,AKShare stock_zh_a_spot / 新浪
000703,恒逸石化,17.4700000000,16.8600000000,1736164991.0000000000,101317307.0000000000,0.0361800000,17.3616499100,AKShare stock_zh_a_spot / 新浪
000705,浙江震元,7.0800000000,7.0400000000,86974111.0000000000,12198334.0000000000,0.0056800000,0.8697411100,AKShare stock_zh_a_spot / 新浪
000707,双环科技,4.6600000000,4.6200000000,33197571.0000000000,7136899.0000000000,0.0086600000,0.3319757100,AKShare stock_zh_a_spot / 新浪
000708,中信特钢,14.1200000000,13.8000000000,238827471.0000000000,17066626.0000000000,0.0231900000,2.3882747100,AKShare stock_zh_a_spot / 新浪
000709,河钢股份,2.0800000000,2.1000000000,127291642.0000000000,61023991.0000000000,-0.0095200000,1.2729164200,AKShare stock_zh_a_spot / 新浪
000710,贝瑞基因,8.9200000000,9.0600000000,101396994.0000000000,11340400.0000000000,-0.0154500000,1.0139699400,AKShare stock_zh_a_spot / 新浪
000712,锦龙股份,8.8500000000,9.1100000000,288744566.0000000000,32661230.0000000000,-0.0285400000,2.8874456600,AKShare stock_zh_a_spot / 新浪
000713,国投丰乐,6.5000000000,5.9100000000,297375899.0000000000,47374868.0000000000,0.0998300000,2.9737589900,AKShare stock_zh_a_spot / 新浪
000715,中兴商业,5.2200000000,5.2400000000,57058227.0000000000,10881691.0000000000,-0.0038200000,0.5705822700,AKShare stock_zh_a_spot / 新浪
000716,黑芝麻,5.8100000000,5.2800000000,576452140.0000000000,102780532.0000000000,0.1003800000,5.7645214000,AKShare stock_zh_a_spot / 新浪
000717,中南股份,2.2100000000,2.2300000000,28503292.0000000000,12836521.0000000000,-0.0089700000,0.2850329200,AKShare stock_zh_a_spot / 新浪
000718,苏宁环球,1.9000000000,1.9200000000,30068235.0000000000,15813939.0000000000,-0.0104200000,0.3006823500,AKShare stock_zh_a_spot / 新浪
000719,中原传媒,12.2700000000,12.1700000000,45827995.0000000000,3754752.0000000000,0.0082200000,0.4582799500,AKShare stock_zh_a_spot / 新浪
000720,新能泰山,3.8700000000,3.9500000000,207940923.0000000000,53704868.0000000000,-0.0202500000,2.0794092300,AKShare stock_zh_a_spot / 新浪
000721,西安饮食,6.6500000000,6.5700000000,65997692.0000000000,10001000.0000000000,0.0121800000,0.6599769200,AKShare stock_zh_a_spot / 新浪
000722,湖南发展,13.3400000000,13.3500000000,112993152.0000000000,8510604.0000000000,-0.0007500000,1.1299315200,AKShare stock_zh_a_spot / 新浪
000723,美锦能源,3.5400000000,3.5500000000,167819136.0000000000,47275171.0000000000,-0.0028200000,1.6781913600,AKShare stock_zh_a_spot / 新浪
000725,京东方Ａ,6.4700000000,6.0800000000,20484397392.0000000000,3242584483.0000000000,0.0641400000,204.8439739200,AKShare stock_zh_a_spot / 新浪
000726,鲁 泰Ａ,5.8700000000,5.9000000000,15533593.0000000000,2650100.0000000000,-0.0050800000,0.1553359300,AKShare stock_zh_a_spot / 新浪
000727,冠捷科技,2.2600000000,2.2500000000,164766578.0000000000,73186700.0000000000,0.0044400000,1.6476657800,AKShare stock_zh_a_spot / 新浪
000728,国元证券,7.0800000000,7.1600000000,140421153.0000000000,19798890.0000000000,-0.0111700000,1.4042115300,AKShare stock_zh_a_spot / 新浪
000729,燕京啤酒,12.4700000000,12.4000000000,272678734.0000000000,21884623.0000000000,0.0056500000,2.7267873400,AKShare stock_zh_a_spot / 新浪
000731,四川美丰,6.1600000000,6.0300000000,77246622.0000000000,12568100.0000000000,0.0215600000,0.7724662200,AKShare stock_zh_a_spot / 新浪
000733,振华科技,40.8000000000,41.4800000000,536516611.0000000000,13117989.0000000000,-0.0163900000,5.3651661100,AKShare stock_zh_a_spot / 新浪
000735,罗 牛 山,6.1800000000,5.6200000000,706971859.0000000000,119357345.0000000000,0.0996400000,7.0697185900,AKShare stock_zh_a_spot / 新浪
000736,中交发展,4.4500000000,4.4700000000,57726097.0000000000,12945250.0000000000,-0.0044700000,0.5772609700,AKShare stock_zh_a_spot / 新浪
000737,北方铜业,14.4200000000,14.9500000000,1580734565.0000000000,109764900.0000000000,-0.0354500000,15.8073456500,AKShare stock_zh_a_spot / 新浪
000738,航发控制,18.3900000000,18.7100000000,188535439.0000000000,10234859.0000000000,-0.0171000000,1.8853543900,AKShare stock_zh_a_spot / 新浪
000739,普洛药业,22.3900000000,22.2000000000,560322618.0000000000,25235626.0000000000,0.0085600000,5.6032261800,AKShare stock_zh_a_spot / 新浪
000750,国海证券,3.7200000000,3.7800000000,136869808.0000000000,36655120.0000000000,-0.0158700000,1.3686980800,AKShare stock_zh_a_spot / 新浪
000751,锌业股份,5.0800000000,5.1400000000,242938559.0000000000,47606409.0000000000,-0.0116700000,2.4293855900,AKShare stock_zh_a_spot / 新浪
000753,漳州发展,4.8200000000,4.8000000000,119272416.0000000000,24504853.0000000000,0.0041700000,1.1927241600,AKShare stock_zh_a_spot / 新浪
000755,山西高速,4.7500000000,4.8400000000,22364548.0000000000,4689800.0000000000,-0.0186000000,0.2236454800,AKShare stock_zh_a_spot / 新浪
000756,新华制药,13.9800000000,14.0900000000,144116071.0000000000,10280107.0000000000,-0.0078100000,1.4411607100,AKShare stock_zh_a_spot / 新浪
000757,浩物股份,4.2900000000,4.3100000000,33426965.0000000000,7829150.0000000000,-0.0046400000,0.3342696500,AKShare stock_zh_a_spot / 新浪
000758,中色股份,6.0400000000,6.1200000000,150834920.0000000000,24973800.0000000000,-0.0130700000,1.5083492000,AKShare stock_zh_a_spot / 新浪
000759,中百集团,6.9900000000,6.9600000000,527129132.0000000000,74634200.0000000000,0.0043100000,5.2712913200,AKShare stock_zh_a_spot / 新浪
000761,本钢板材,2.3200000000,2.3100000000,27693857.0000000000,11956100.0000000000,0.0043300000,0.2769385700,AKShare stock_zh_a_spot / 新浪
000762,西藏矿业,23.1300000000,23.4900000000,275340130.0000000000,11884618.0000000000,-0.0153300000,2.7534013000,AKShare stock_zh_a_spot / 新浪
000766,通化金马,16.2700000000,16.5900000000,182916268.0000000000,11219294.0000000000,-0.0192900000,1.8291626800,AKShare stock_zh_a_spot / 新浪
000767,晋控电力,3.5400000000,3.6500000000,493192359.0000000000,138059448.0000000000,-0.0301400000,4.9319235900,AKShare stock_zh_a_spot / 新浪
000768,中航西飞,21.5000000000,21.6000000000,392459319.0000000000,18357969.0000000000,-0.0046300000,3.9245931900,AKShare stock_zh_a_spot / 新浪
000776,广发证券,21.1000000000,21.2100000000,886805886.0000000000,42291094.0000000000,-0.0051900000,8.8680588600,AKShare stock_zh_a_spot / 新浪
000777,中核科技,17.5400000000,17.8100000000,121427767.0000000000,6921695.0000000000,-0.0151600000,1.2142776700,AKShare stock_zh_a_spot / 新浪
000778,新兴铸管,3.7600000000,3.7300000000,197524518.0000000000,52604050.0000000000,0.0080400000,1.9752451800,AKShare stock_zh_a_spot / 新浪
000779,甘咨询,10.9900000000,10.6300000000,1390462590.0000000000,126655029.0000000000,0.0338700000,13.9046259000,AKShare stock_zh_a_spot / 新浪
000782,恒申新材,7.7800000000,7.6900000000,125016926.0000000000,16182209.0000000000,0.0117000000,1.2501692600,AKShare stock_zh_a_spot / 新浪
000783,长江证券,8.8900000000,9.1400000000,1059441838.0000000000,119010916.0000000000,-0.0273500000,10.5944183800,AKShare stock_zh_a_spot / 新浪
000785,居然智家,2.2500000000,2.2600000000,115720036.0000000000,51238829.0000000000,-0.0044200000,1.1572003600,AKShare stock_zh_a_spot / 新浪
000786,北新建材,18.4400000000,18.3100000000,242297429.0000000000,13171610.0000000000,0.0071000000,2.4229742900,AKShare stock_zh_a_spot / 新浪
000788,北大医药,5.7300000000,5.7800000000,127049755.0000000000,22053119.0000000000,-0.0086500000,1.2704975500,AKShare stock_zh_a_spot / 新浪
000789,万年青,4.1000000000,4.1200000000,9507298.0000000000,2314600.0000000000,-0.0048500000,0.0950729800,AKShare stock_zh_a_spot / 新浪
000790,华神科技,4.1500000000,4.1500000000,70418611.0000000000,16883641.0000000000,0.0000000000,0.7041861100,AKShare stock_zh_a_spot / 新浪
000791,甘肃能源,7.3700000000,7.5400000000,157008745.0000000000,21198068.0000000000,-0.0225500000,1.5700874500,AKShare stock_zh_a_spot / 新浪
000792,盐湖股份,28.1900000000,28.0400000000,1730067546.0000000000,61055708.0000000000,0.0053500000,17.3006754600,AKShare stock_zh_a_spot / 新浪
000795,英洛华,8.6000000000,8.6000000000,89476104.0000000000,10446150.0000000000,0.0000000000,0.8947610400,AKShare stock_zh_a_spot / 新浪
000796,凯撒旅业,3.8500000000,3.8500000000,85550576.0000000000,22130900.0000000000,0.0000000000,0.8555057600,AKShare stock_zh_a_spot / 新浪
000797,中国武夷,2.4100000000,2.4200000000,43410133.0000000000,17883054.0000000000,-0.0041300000,0.4341013300,AKShare stock_zh_a_spot / 新浪
000798,中水渔业,8.9000000000,8.4400000000,329435580.0000000000,36961329.0000000000,0.0545000000,3.2943558000,AKShare stock_zh_a_spot / 新浪
000799,酒鬼酒,39.5400000000,40.1100000000,288701361.0000000000,7274756.0000000000,-0.0142100000,2.8870136100,AKShare stock_zh_a_spot / 新浪
000800,一汽解放,6.1500000000,6.1500000000,76470667.0000000000,12383563.0000000000,0.0000000000,0.7647066700,AKShare stock_zh_a_spot / 新浪
000801,四川九洲,11.3800000000,11.5800000000,120654243.0000000000,10544794.0000000000,-0.0172700000,1.2065424300,AKShare stock_zh_a_spot / 新浪
000802,北京文化,4.8400000000,5.3300000000,1671735856.0000000000,335321827.0000000000,-0.0919300000,16.7173585600,AKShare stock_zh_a_spot / 新浪
000803,山高环能,7.2800000000,7.3600000000,62339424.0000000000,8557000.0000000000,-0.0108700000,0.6233942400,AKShare stock_zh_a_spot / 新浪
000807,云铝股份,26.5700000000,26.7100000000,1233353874.0000000000,46528340.0000000000,-0.0052400000,12.3335387400,AKShare stock_zh_a_spot / 新浪
000809,和展能源,3.4200000000,3.4800000000,38479162.0000000000,11163400.0000000000,-0.0172400000,0.3847916200,AKShare stock_zh_a_spot / 新浪
000810,创维数字,9.7200000000,9.8600000000,142991020.0000000000,14793596.0000000000,-0.0142000000,1.4299102000,AKShare stock_zh_a_spot / 新浪
000811,冰轮环境,43.6700000000,45.0900000000,2104430795.0000000000,47647503.0000000000,-0.0314900000,21.0443079500,AKShare stock_zh_a_spot / 新浪
000812,陕西金叶,3.5900000000,3.6200000000,35838396.0000000000,9986550.0000000000,-0.0082900000,0.3583839600,AKShare stock_zh_a_spot / 新浪
000813,德展健康,3.4500000000,3.5300000000,101302276.0000000000,29031942.0000000000,-0.0226600000,1.0130227600,AKShare stock_zh_a_spot / 新浪
000815,美利云,17.8700000000,18.8600000000,1786843991.0000000000,98863978.0000000000,-0.0524900000,17.8684399100,AKShare stock_zh_a_spot / 新浪
000816,智慧农业,2.9100000000,2.8100000000,203843651.0000000000,70548588.0000000000,0.0355900000,2.0384365100,AKShare stock_zh_a_spot / 新浪
000818,航锦科技,12.9000000000,13.4600000000,316657366.0000000000,24293977.0000000000,-0.0416000000,3.1665736600,AKShare stock_zh_a_spot / 新浪
000819,岳阳兴长,12.2200000000,12.2900000000,70003654.0000000000,5731840.0000000000,-0.0057000000,0.7000365400,AKShare stock_zh_a_spot / 新浪
000820,神雾节能,3.3700000000,3.4800000000,85139773.0000000000,25047474.0000000000,-0.0316100000,0.8513977300,AKShare stock_zh_a_spot / 新浪
000822,山东海化,4.3600000000,4.3600000000,43321544.0000000000,9913600.0000000000,0.0000000000,0.4332154400,AKShare stock_zh_a_spot / 新浪
000823,超声电子,15.7700000000,15.7200000000,932693562.0000000000,59077957.0000000000,0.0031800000,9.3269356200,AKShare stock_zh_a_spot / 新浪
000825,太钢不锈,3.3800000000,3.4600000000,190454304.0000000000,56196310.0000000000,-0.0231200000,1.9045430400,AKShare stock_zh_a_spot / 新浪
000828,东莞控股,9.7300000000,9.8100000000,33011011.0000000000,3383057.0000000000,-0.0081500000,0.3301101100,AKShare stock_zh_a_spot / 新浪
000829,天音控股,8.2700000000,8.2800000000,140831725.0000000000,17204862.0000000000,-0.0012100000,1.4083172500,AKShare stock_zh_a_spot / 新浪
000830,鲁西化工,12.0700000000,12.0200000000,334037933.0000000000,27685300.0000000000,0.0041600000,3.3403793300,AKShare stock_zh_a_spot / 新浪
000831,中国稀土,62.4900000000,62.7900000000,2276085298.0000000000,36558453.0000000000,-0.0047800000,22.7608529800,AKShare stock_zh_a_spot / 新浪
000833,粤桂股份,21.7000000000,21.2800000000,670262537.0000000000,31029283.0000000000,0.0197400000,6.7026253700,AKShare stock_zh_a_spot / 新浪
000837,秦川机床,11.4800000000,10.7200000000,964130524.0000000000,84790002.0000000000,0.0709000000,9.6413052400,AKShare stock_zh_a_spot / 新浪
000839,国安股份,2.7600000000,2.8100000000,178011228.0000000000,64393647.0000000000,-0.0177900000,1.7801122800,AKShare stock_zh_a_spot / 新浪
000848,承德露露,8.3200000000,8.1600000000,199233670.0000000000,24236608.0000000000,0.0196100000,1.9923367000,AKShare stock_zh_a_spot / 新浪
000850,华茂股份,4.1400000000,4.1200000000,32257272.0000000000,7796083.0000000000,0.0048500000,0.3225727200,AKShare stock_zh_a_spot / 新浪
000852,石化机械,5.7900000000,5.2600000000,162804627.0000000000,28948954.0000000000,0.1007600000,1.6280462700,AKShare stock_zh_a_spot / 新浪
000856,冀东装备,8.2200000000,8.1400000000,30552670.0000000000,3757800.0000000000,0.0098300000,0.3055267000,AKShare stock_zh_a_spot / 新浪
000858,五 粮 液,72.5600000000,72.5500000000,1395188457.0000000000,19268120.0000000000,0.0001400000,13.9518845700,AKShare stock_zh_a_spot / 新浪
000859,国风新材,9.3300000000,9.7100000000,591392414.0000000000,62658462.0000000000,-0.0391300000,5.9139241400,AKShare stock_zh_a_spot / 新浪
000860,顺鑫农业,10.7800000000,10.5100000000,168991635.0000000000,15745110.0000000000,0.0256900000,1.6899163500,AKShare stock_zh_a_spot / 新浪
000862,银星能源,5.2800000000,5.3500000000,77367217.0000000000,14599062.0000000000,-0.0130800000,0.7736721700,AKShare stock_zh_a_spot / 新浪
000863,三湘印象,4.1200000000,4.1500000000,70480656.0000000000,16842598.0000000000,-0.0072300000,0.7048065600,AKShare stock_zh_a_spot / 新浪
000868,安凯客车,3.5200000000,3.6600000000,71156040.0000000000,20214202.0000000000,-0.0382500000,0.7115604000,AKShare stock_zh_a_spot / 新浪
000869,张 裕Ａ,17.2100000000,17.2800000000,13573635.0000000000,789099.0000000000,-0.0040500000,0.1357363500,AKShare stock_zh_a_spot / 新浪
000875,电投绿能,5.0100000000,5.0900000000,148086969.0000000000,29523911.0000000000,-0.0157200000,1.4808696900,AKShare stock_zh_a_spot / 新浪
000876,新 希 望,7.1900000000,6.9300000000,541581198.0000000000,76133514.0000000000,0.0375200000,5.4158119800,AKShare stock_zh_a_spot / 新浪
000877,天山股份,3.6800000000,3.7200000000,28737113.0000000000,7789209.0000000000,-0.0107500000,0.2873711300,AKShare stock_zh_a_spot / 新浪
000878,云南铜业,16.5600000000,16.9400000000,601199115.0000000000,36353597.0000000000,-0.0224300000,6.0119911500,AKShare stock_zh_a_spot / 新浪
000880,潍柴重机,25.2500000000,26.4300000000,480564154.0000000000,18810340.0000000000,-0.0446500000,4.8056415400,AKShare stock_zh_a_spot / 新浪
000881,中广核技,6.5600000000,6.6100000000,43086367.0000000000,6593100.0000000000,-0.0075600000,0.4308636700,AKShare stock_zh_a_spot / 新浪
000882,华联股份,1.4600000000,1.4600000000,83523202.0000000000,56971400.0000000000,0.0000000000,0.8352320200,AKShare stock_zh_a_spot / 新浪
000883,湖北能源,4.4500000000,4.4800000000,89688097.0000000000,20132786.0000000000,-0.0067000000,0.8968809700,AKShare stock_zh_a_spot / 新浪
000885,城发环境,12.7400000000,12.7200000000,42357903.0000000000,3330500.0000000000,0.0015700000,0.4235790300,AKShare stock_zh_a_spot / 新浪
000886,海南高速,4.5800000000,4.5700000000,59936716.0000000000,13103001.0000000000,0.0021900000,0.5993671600,AKShare stock_zh_a_spot / 新浪
000887,中鼎股份,22.3300000000,20.9500000000,2498968094.0000000000,116184752.0000000000,0.0658700000,24.9896809400,AKShare stock_zh_a_spot / 新浪
000888,峨眉山Ａ,9.7300000000,9.7100000000,45017150.0000000000,4640200.0000000000,0.0020600000,0.4501715000,AKShare stock_zh_a_spot / 新浪
000889,中嘉博创,3.9700000000,4.0700000000,164915719.0000000000,41386083.0000000000,-0.0245700000,1.6491571900,AKShare stock_zh_a_spot / 新浪
000890,法尔胜,7.3800000000,7.5500000000,72855881.0000000000,9825510.0000000000,-0.0225200000,0.7285588100,AKShare stock_zh_a_spot / 新浪
000892,欢瑞世纪,3.9400000000,4.0400000000,115805644.0000000000,29316300.0000000000,-0.0247500000,1.1580564400,AKShare stock_zh_a_spot / 新浪
000893,亚钾国际,47.4900000000,46.2500000000,738102817.0000000000,15728688.0000000000,0.0268100000,7.3810281700,AKShare stock_zh_a_spot / 新浪
000895,双汇发展,24.9800000000,24.7800000000,234417617.0000000000,9416106.0000000000,0.0080700000,2.3441761700,AKShare stock_zh_a_spot / 新浪
000897,津滨发展,1.7700000000,1.7900000000,36068047.0000000000,20245293.0000000000,-0.0111700000,0.3606804700,AKShare stock_zh_a_spot / 新浪
000898,鞍钢股份,2.0000000000,1.9900000000,57559184.0000000000,28916552.0000000000,0.0050300000,0.5755918400,AKShare stock_zh_a_spot / 新浪
000899,赣能股份,10.2800000000,10.4400000000,86976865.0000000000,8444752.0000000000,-0.0153300000,0.8697686500,AKShare stock_zh_a_spot / 新浪
000900,现代投资,3.6800000000,3.6900000000,21957970.0000000000,5967200.0000000000,-0.0027100000,0.2195797000,AKShare stock_zh_a_spot / 新浪
000901,航天科技,14.9500000000,15.0300000000,176657920.0000000000,11860705.0000000000,-0.0053200000,1.7665792000,AKShare stock_zh_a_spot / 新浪
000902,新洋丰,13.7800000000,13.2600000000,427413873.0000000000,31042287.0000000000,0.0392200000,4.2741387300,AKShare stock_zh_a_spot / 新浪
000905,厦门港务,8.6700000000,8.5600000000,115491801.0000000000,13222403.0000000000,0.0128500000,1.1549180100,AKShare stock_zh_a_spot / 新浪
000906,浙商中拓,5.3200000000,5.3500000000,22638122.0000000000,4260324.0000000000,-0.0056100000,0.2263812200,AKShare stock_zh_a_spot / 新浪
000908,石药景峰,7.0900000000,7.1000000000,211779844.0000000000,29751456.0000000000,-0.0014100000,2.1177984400,AKShare stock_zh_a_spot / 新浪
000910,大亚圣象,5.3400000000,5.4400000000,16445248.0000000000,3069737.0000000000,-0.0183800000,0.1644524800,AKShare stock_zh_a_spot / 新浪
000912,泸天化,3.7600000000,3.6700000000,105924313.0000000000,28190800.0000000000,0.0245200000,1.0592431300,AKShare stock_zh_a_spot / 新浪
000913,钱江摩托,11.3700000000,11.3900000000,33481275.0000000000,2956640.0000000000,-0.0017600000,0.3348127500,AKShare stock_zh_a_spot / 新浪
000915,华特达因,25.9600000000,25.8100000000,67577373.0000000000,2605792.0000000000,0.0058100000,0.6757737300,AKShare stock_zh_a_spot / 新浪
000917,电广传媒,7.1600000000,7.2600000000,259670254.0000000000,36251490.0000000000,-0.0137700000,2.5967025400,AKShare stock_zh_a_spot / 新浪
000919,金陵药业,6.8000000000,6.8400000000,169566098.0000000000,24754542.0000000000,-0.0058500000,1.6956609800,AKShare stock_zh_a_spot / 新浪
000920,沃顿科技,11.7800000000,11.9000000000,64674161.0000000000,5486200.0000000000,-0.0100800000,0.6467416100,AKShare stock_zh_a_spot / 新浪
000921,海信家电,25.7400000000,25.5000000000,487618152.0000000000,19077339.0000000000,0.0094100000,4.8761815200,AKShare stock_zh_a_spot / 新浪
000922,佳电股份,12.0200000000,12.0000000000,90037120.0000000000,7520424.0000000000,0.0016700000,0.9003712000,AKShare stock_zh_a_spot / 新浪
000923,河钢资源,15.7100000000,15.7100000000,307441392.0000000000,19660120.0000000000,0.0000000000,3.0744139200,AKShare stock_zh_a_spot / 新浪
000925,众合科技,8.2900000000,7.8900000000,443418661.0000000000,53918496.0000000000,0.0507000000,4.4341866100,AKShare stock_zh_a_spot / 新浪
000926,福星股份,2.1500000000,2.1900000000,34676706.0000000000,16047410.0000000000,-0.0182600000,0.3467670600,AKShare stock_zh_a_spot / 新浪
000927,中国铁物,2.4200000000,2.4300000000,61521719.0000000000,25407656.0000000000,-0.0041200000,0.6152171900,AKShare stock_zh_a_spot / 新浪
000928,中钢国际,4.9900000000,4.9900000000,58506896.0000000000,11770120.0000000000,0.0000000000,0.5850689600,AKShare stock_zh_a_spot / 新浪
000929,兰州黄河,8.9500000000,9.0300000000,18569409.0000000000,2077800.0000000000,-0.0088600000,0.1856940900,AKShare stock_zh_a_spot / 新浪
000930,中粮科技,5.1100000000,4.8100000000,360107145.0000000000,71773267.0000000000,0.0623700000,3.6010714500,AKShare stock_zh_a_spot / 新浪
000931,中 关 村,4.2900000000,4.3400000000,40476066.0000000000,9375601.0000000000,-0.0115200000,0.4047606600,AKShare stock_zh_a_spot / 新浪
000932,华菱钢铁,3.6100000000,3.6000000000,238041152.0000000000,66270538.0000000000,0.0027800000,2.3804115200,AKShare stock_zh_a_spot / 新浪
000933,神火股份,26.3800000000,26.5600000000,794282008.0000000000,30203844.0000000000,-0.0067800000,7.9428200800,AKShare stock_zh_a_spot / 新浪
000935,四川双马,23.1300000000,23.3700000000,76583230.0000000000,3313300.0000000000,-0.0102700000,0.7658323000,AKShare stock_zh_a_spot / 新浪
000936,华西股份,6.1500000000,6.6300000000,795054704.0000000000,127153553.0000000000,-0.0724000000,7.9505470400,AKShare stock_zh_a_spot / 新浪
000937,冀中能源,4.6000000000,4.6600000000,96063656.0000000000,20796523.0000000000,-0.0128800000,0.9606365600,AKShare stock_zh_a_spot / 新浪
000938,紫光股份,39.2500000000,41.0300000000,10839525840.0000000000,274599422.0000000000,-0.0433800000,108.3952584000,AKShare stock_zh_a_spot / 新浪
000948,南天信息,14.0900000000,14.3500000000,190541664.0000000000,13627579.0000000000,-0.0181200000,1.9054166400,AKShare stock_zh_a_spot / 新浪
000949,新乡化纤,6.4500000000,6.7300000000,382615492.0000000000,58768073.0000000000,-0.0416000000,3.8261549200,AKShare stock_zh_a_spot / 新浪
000950,重药控股,5.8200000000,6.0200000000,422280018.0000000000,71795583.0000000000,-0.0332200000,4.2228001800,AKShare stock_zh_a_spot / 新浪
000951,中国重汽,21.2700000000,21.3300000000,104531837.0000000000,4934513.0000000000,-0.0028100000,1.0453183700,AKShare stock_zh_a_spot / 新浪
000952,广济药业,6.4000000000,6.4300000000,40062690.0000000000,6229160.0000000000,-0.0046700000,0.4006269000,AKShare stock_zh_a_spot / 新浪
000953,中哲精化,6.1600000000,6.1600000000,39934434.0000000000,6516100.0000000000,0.0000000000,0.3993443400,AKShare stock_zh_a_spot / 新浪
000955,欣龙控股,4.3000000000,4.3500000000,35976582.0000000000,8339300.0000000000,-0.0114900000,0.3597658200,AKShare stock_zh_a_spot / 新浪
000957,中通客车,10.5300000000,10.4500000000,94421028.0000000000,9020656.0000000000,0.0076600000,0.9442102800,AKShare stock_zh_a_spot / 新浪
000958,电投产融,5.3600000000,5.4000000000,50377823.0000000000,9385918.0000000000,-0.0074100000,0.5037782300,AKShare stock_zh_a_spot / 新浪
000959,首钢股份,3.5100000000,3.5300000000,99766331.0000000000,28329035.0000000000,-0.0056700000,0.9976633100,AKShare stock_zh_a_spot / 新浪
000960,锡业股份,38.9300000000,39.6100000000,1713851691.0000000000,43829233.0000000000,-0.0171700000,17.1385169100,AKShare stock_zh_a_spot / 新浪
000962,东方钽业,56.3600000000,57.5600000000,1831556536.0000000000,31972536.0000000000,-0.0208500000,18.3155653600,AKShare stock_zh_a_spot / 新浪
000963,华东医药,28.9400000000,29.4400000000,678287263.0000000000,23299640.0000000000,-0.0169800000,6.7828726300,AKShare stock_zh_a_spot / 新浪
000965,天保基建,3.1900000000,3.1600000000,38473464.0000000000,12164190.0000000000,0.0094900000,0.3847346400,AKShare stock_zh_a_spot / 新浪
000966,长源电力,4.0500000000,4.1000000000,125621438.0000000000,30987452.0000000000,-0.0122000000,1.2562143800,AKShare stock_zh_a_spot / 新浪
000967,盈峰环境,9.0700000000,9.2100000000,892029600.0000000000,98839027.0000000000,-0.0152000000,8.9202960000,AKShare stock_zh_a_spot / 新浪
000968,蓝焰控股,7.1000000000,6.9700000000,152223751.0000000000,21511056.0000000000,0.0186500000,1.5222375100,AKShare stock_zh_a_spot / 新浪
000969,安泰科技,17.4700000000,17.8100000000,398824512.0000000000,22752460.0000000000,-0.0190900000,3.9882451200,AKShare stock_zh_a_spot / 新浪
000970,中科三环,13.3400000000,13.7200000000,489557180.0000000000,36557043.0000000000,-0.0277000000,4.8955718000,AKShare stock_zh_a_spot / 新浪
000972,中基健康,3.9100000000,3.6400000000,257783164.0000000000,66135837.0000000000,0.0741800000,2.5778316400,AKShare stock_zh_a_spot / 新浪
000973,佛塑科技,13.7400000000,14.1700000000,589457921.0000000000,42692518.0000000000,-0.0303500000,5.8945792100,AKShare stock_zh_a_spot / 新浪
000975,山金国际,26.9700000000,26.9200000000,1055160612.0000000000,39287072.0000000000,0.0018600000,10.5516061200,AKShare stock_zh_a_spot / 新浪
000977,浪潮信息,80.9700000000,80.6800000000,7155845398.0000000000,89513758.0000000000,0.0035900000,71.5584539800,AKShare stock_zh_a_spot / 新浪
000978,桂林旅游,6.1200000000,6.0900000000,34282207.0000000000,5633900.0000000000,0.0049300000,0.3428220700,AKShare stock_zh_a_spot / 新浪
000980,众泰汽车,1.6800000000,1.7200000000,127466791.0000000000,75535667.0000000000,-0.0232600000,1.2746679100,AKShare stock_zh_a_spot / 新浪
000981,山子高科,2.7700000000,2.8300000000,511165460.0000000000,184808244.0000000000,-0.0212000000,5.1116546000,AKShare stock_zh_a_spot / 新浪
000983,山西焦煤,6.8100000000,6.8100000000,380632229.0000000000,55767655.0000000000,0.0000000000,3.8063222900,AKShare stock_zh_a_spot / 新浪
000985,大庆华科,16.0900000000,15.7500000000,29769674.0000000000,1871800.0000000000,0.0215900000,0.2976967400,AKShare stock_zh_a_spot / 新浪
000987,越秀资本,7.5200000000,7.6200000000,172870998.0000000000,22976191.0000000000,-0.0131200000,1.7287099800,AKShare stock_zh_a_spot / 新浪
000988,华工科技,111.9500000000,113.6600000000,5662086781.0000000000,50375587.0000000000,-0.0150400000,56.6208678100,AKShare stock_zh_a_spot / 新浪
000989,九芝堂,9.4100000000,9.6200000000,280165712.0000000000,29534996.0000000000,-0.0218300000,2.8016571200,AKShare stock_zh_a_spot / 新浪
000990,诚志股份,6.6800000000,6.6500000000,320709127.0000000000,48225325.0000000000,0.0045100000,3.2070912700,AKShare stock_zh_a_spot / 新浪
000993,闽东电力,9.9400000000,10.0400000000,61309529.0000000000,6169800.0000000000,-0.0099600000,0.6130952900,AKShare stock_zh_a_spot / 新浪
000995,皇台酒业,10.8100000000,10.9200000000,92072888.0000000000,8458700.0000000000,-0.0100700000,0.9207288800,AKShare stock_zh_a_spot / 新浪
000997,新 大 陆,17.9500000000,17.8900000000,239905800.0000000000,13498812.0000000000,0.0033500000,2.3990580000,AKShare stock_zh_a_spot / 新浪
000998,隆平高科,9.2200000000,8.3800000000,1022271720.0000000000,114497443.0000000000,0.1002400000,10.2227172000,AKShare stock_zh_a_spot / 新浪
000999,华润三九,24.4900000000,24.4000000000,173366522.0000000000,7094943.0000000000,0.0036900000,1.7336652200,AKShare stock_zh_a_spot / 新浪
001201,东瑞股份,12.0700000000,11.9000000000,47881046.0000000000,3966920.0000000000,0.0142900000,0.4788104600,AKShare stock_zh_a_spot / 新浪
001202,炬申股份,13.8200000000,13.7000000000,32912533.0000000000,2406567.0000000000,0.0087600000,0.3291253300,AKShare stock_zh_a_spot / 新浪
001203,大中矿业,27.1900000000,27.9400000000,379466651.0000000000,13825096.0000000000,-0.0268400000,3.7946665100,AKShare stock_zh_a_spot / 新浪
001205,盛航股份,14.5300000000,14.3600000000,71423588.0000000000,4943449.0000000000,0.0118400000,0.7142358800,AKShare stock_zh_a_spot / 新浪
001206,依依股份,17.0000000000,16.8900000000,59181846.0000000000,3496309.0000000000,0.0065100000,0.5918184600,AKShare stock_zh_a_spot / 新浪
001207,联科科技,17.2400000000,17.4000000000,169342282.0000000000,9841788.0000000000,-0.0092000000,1.6934228200,AKShare stock_zh_a_spot / 新浪
001208,华菱线缆,15.4200000000,15.1600000000,423015335.0000000000,27779000.0000000000,0.0171500000,4.2301533500,AKShare stock_zh_a_spot / 新浪
001209,洪兴股份,17.7100000000,17.1800000000,55802936.0000000000,3199900.0000000000,0.0308500000,0.5580293600,AKShare stock_zh_a_spot / 新浪
001210,金房能源,27.8700000000,25.8000000000,370352858.0000000000,13750819.0000000000,0.0802300000,3.7035285800,AKShare stock_zh_a_spot / 新浪
001211,双枪科技,23.4700000000,24.1800000000,107717952.0000000000,4561175.0000000000,-0.0293600000,1.0771795200,AKShare stock_zh_a_spot / 新浪
001212,中旗新材,35.1800000000,35.8000000000,103934414.0000000000,2943976.0000000000,-0.0173200000,1.0393441400,AKShare stock_zh_a_spot / 新浪
001213,中铁特货,3.5100000000,3.5200000000,15862064.0000000000,4520159.0000000000,-0.0028400000,0.1586206400,AKShare stock_zh_a_spot / 新浪
001215,千味央厨,33.2700000000,33.4000000000,106424211.0000000000,3135470.0000000000,-0.0038900000,1.0642421100,AKShare stock_zh_a_spot / 新浪
001216,华瓷股份,14.9300000000,14.8400000000,32120992.0000000000,2162141.0000000000,0.0060600000,0.3212099200,AKShare stock_zh_a_spot / 新浪
001217,华尔泰,10.0000000000,9.9900000000,32852142.0000000000,3285099.0000000000,0.0010000000,0.3285214200,AKShare stock_zh_a_spot / 新浪
001218,丽臣实业,25.1300000000,24.9500000000,42644746.0000000000,1701100.0000000000,0.0072100000,0.4264474600,AKShare stock_zh_a_spot / 新浪
001219,青岛食品,12.9400000000,12.9100000000,45112399.0000000000,3478018.0000000000,0.0023200000,0.4511239900,AKShare stock_zh_a_spot / 新浪
001220,世盟股份,31.7000000000,31.7000000000,25177145.0000000000,800072.0000000000,0.0000000000,0.2517714500,AKShare stock_zh_a_spot / 新浪
001221,悍高集团,41.7600000000,41.7300000000,139172613.0000000000,3331154.0000000000,0.0007200000,1.3917261300,AKShare stock_zh_a_spot / 新浪
001222,源飞宠物,15.0600000000,14.9300000000,80140470.0000000000,5334520.0000000000,0.0087100000,0.8014047000,AKShare stock_zh_a_spot / 新浪
001223,欧克科技,41.9400000000,42.2300000000,68836310.0000000000,1649022.0000000000,-0.0068700000,0.6883631000,AKShare stock_zh_a_spot / 新浪
001225,和泰机电,45.6100000000,44.8500000000,59501081.0000000000,1307100.0000000000,0.0169500000,0.5950108100,AKShare stock_zh_a_spot / 新浪
001226,拓山重工,46.8400000000,44.9300000000,54331658.0000000000,1189260.0000000000,0.0425100000,0.5433165800,AKShare stock_zh_a_spot / 新浪
001227,兰州银行,2.1100000000,2.1300000000,84919789.0000000000,40057701.0000000000,-0.0093900000,0.8491978900,AKShare stock_zh_a_spot / 新浪
001228,永泰运,27.8300000000,28.0000000000,22367170.0000000000,809300.0000000000,-0.0060700000,0.2236717000,AKShare stock_zh_a_spot / 新浪
001229,魅视科技,50.1900000000,45.6300000000,266312190.0000000000,5338029.0000000000,0.0999300000,2.6631219000,AKShare stock_zh_a_spot / 新浪
001230,劲旅环境,21.6900000000,22.7300000000,303724799.0000000000,13569639.0000000000,-0.0457500000,3.0372479900,AKShare stock_zh_a_spot / 新浪
001231,农心科技,21.0900000000,20.6500000000,38937530.0000000000,1861316.0000000000,0.0213100000,0.3893753000,AKShare stock_zh_a_spot / 新浪
001232,嘉立创,168.5100000000,172.0500000000,1174159327.0000000000,6901955.0000000000,-0.0205800000,11.7415932700,AKShare stock_zh_a_spot / 新浪
001233,海安集团,44.7000000000,45.5800000000,47069333.0000000000,1050897.0000000000,-0.0193100000,0.4706933300,AKShare stock_zh_a_spot / 新浪
001234,泰慕士,22.7000000000,22.1000000000,70629677.0000000000,3143049.0000000000,0.0271500000,0.7062967700,AKShare stock_zh_a_spot / 新浪
001236,弘业期货,7.4900000000,7.6100000000,60749185.0000000000,8118800.0000000000,-0.0157700000,0.6074918500,AKShare stock_zh_a_spot / 新浪
001237,惠康科技,54.7000000000,55.4500000000,94241388.0000000000,1724031.0000000000,-0.0135300000,0.9424138800,AKShare stock_zh_a_spot / 新浪
001238,浙江正特,25.4800000000,25.6900000000,9957481.0000000000,390800.0000000000,-0.0081700000,0.0995748100,AKShare stock_zh_a_spot / 新浪
001239,永达股份,12.1200000000,12.1500000000,17543966.0000000000,1454700.0000000000,-0.0024700000,0.1754396600,AKShare stock_zh_a_spot / 新浪
001248,华润新能,12.6800000000,12.8600000000,713859012.0000000000,56178753.0000000000,-0.0140000000,7.1385901200,AKShare stock_zh_a_spot / 新浪
001255,博菲电气,26.4700000000,25.7800000000,31720682.0000000000,1220075.0000000000,0.0267600000,0.3172068200,AKShare stock_zh_a_spot / 新浪
001256,炜冈科技,25.1600000000,26.4600000000,110925495.0000000000,4326500.0000000000,-0.0491300000,1.1092549500,AKShare stock_zh_a_spot / 新浪
001257,盛龙股份,25.3100000000,25.2700000000,256467701.0000000000,10200898.0000000000,0.0015800000,2.5646770100,AKShare stock_zh_a_spot / 新浪
001258,立新能源,13.3500000000,14.4000000000,1977737470.0000000000,142830003.0000000000,-0.0729200000,19.7773747000,AKShare stock_zh_a_spot / 新浪
001259,利仁科技,48.1500000000,48.2800000000,54005064.0000000000,1120274.0000000000,-0.0026900000,0.5400506400,AKShare stock_zh_a_spot / 新浪
001260,坤泰股份,19.7100000000,21.9000000000,187521027.0000000000,9317714.0000000000,-0.1000000000,1.8752102700,AKShare stock_zh_a_spot / 新浪
001266,宏英智能,35.8700000000,35.9800000000,73912342.0000000000,2071280.0000000000,-0.0030600000,0.7391234200,AKShare stock_zh_a_spot / 新浪
001267,汇绿生态,40.5900000000,41.9600000000,1407685119.0000000000,34451584.0000000000,-0.0326500000,14.0768511900,AKShare stock_zh_a_spot / 新浪
001268,联合精密,20.6200000000,20.2500000000,66397724.0000000000,3274538.0000000000,0.0182700000,0.6639772400,AKShare stock_zh_a_spot / 新浪
001269,欧晶科技,19.7000000000,19.7500000000,41610704.0000000000,2101740.0000000000,-0.0025300000,0.4161070400,AKShare stock_zh_a_spot / 新浪
001270,铖昌科技,119.5500000000,120.8500000000,768169579.0000000000,6402980.0000000000,-0.0107600000,7.6816957900,AKShare stock_zh_a_spot / 新浪
001277,速达股份,29.9700000000,29.6200000000,34696136.0000000000,1166600.0000000000,0.0118200000,0.3469613600,AKShare stock_zh_a_spot / 新浪
001278,一彬科技,16.3400000000,16.5800000000,30284570.0000000000,1856654.0000000000,-0.0144800000,0.3028457000,AKShare stock_zh_a_spot / 新浪
001279,强邦新材,25.2000000000,25.3500000000,11618017.0000000000,463700.0000000000,-0.0059200000,0.1161801700,AKShare stock_zh_a_spot / 新浪
001280,中国铀业,68.6000000000,67.3000000000,777126615.0000000000,11542584.0000000000,0.0193200000,7.7712661500,AKShare stock_zh_a_spot / 新浪
001282,三联锻造,16.3100000000,16.5000000000,26283312.0000000000,1613804.0000000000,-0.0115200000,0.2628331200,AKShare stock_zh_a_spot / 新浪
001283,豪鹏科技,44.8100000000,43.5900000000,185540221.0000000000,4199799.0000000000,0.0279900000,1.8554022100,AKShare stock_zh_a_spot / 新浪
001285,瑞立科密,41.4500000000,41.5600000000,28621927.0000000000,692441.0000000000,-0.0026500000,0.2862192700,AKShare stock_zh_a_spot / 新浪
001286,陕西能源,10.6600000000,10.6900000000,147210271.0000000000,13773944.0000000000,-0.0028100000,1.4721027100,AKShare stock_zh_a_spot / 新浪
001287,中电港,24.5400000000,24.8700000000,524549331.0000000000,21344029.0000000000,-0.0132700000,5.2454933100,AKShare stock_zh_a_spot / 新浪
001288,运机集团,25.9400000000,26.1300000000,77497789.0000000000,2994440.0000000000,-0.0072700000,0.7749778900,AKShare stock_zh_a_spot / 新浪
001289,龙源电力,15.6300000000,15.6800000000,47570177.0000000000,3044500.0000000000,-0.0031900000,0.4757017700,AKShare stock_zh_a_spot / 新浪
001296,长江材料,19.8200000000,19.8200000000,37411802.0000000000,1902710.0000000000,0.0000000000,0.3741180200,AKShare stock_zh_a_spot / 新浪
001298,好上好,18.1800000000,18.0600000000,121960010.0000000000,6746092.0000000000,0.0066400000,1.2196001000,AKShare stock_zh_a_spot / 新浪
001299,美能能源,10.0900000000,9.9500000000,33670647.0000000000,3357633.0000000000,0.0140700000,0.3367064700,AKShare stock_zh_a_spot / 新浪
001300,三柏硕,11.5400000000,11.4000000000,47566603.0000000000,4158800.0000000000,0.0122800000,0.4756660300,AKShare stock_zh_a_spot / 新浪
001301,尚太科技,56.6600000000,56.0000000000,282653189.0000000000,5040360.0000000000,0.0117900000,2.8265318900,AKShare stock_zh_a_spot / 新浪
001306,夏厦精密,56.3000000000,56.1100000000,32978761.0000000000,591700.0000000000,0.0033900000,0.3297876100,AKShare stock_zh_a_spot / 新浪
001308,康冠科技,18.3200000000,18.3100000000,30950613.0000000000,1703951.0000000000,0.0005500000,0.3095061300,AKShare stock_zh_a_spot / 新浪
001309,德明利,437.3300000000,435.4000000000,8860982121.0000000000,20143012.0000000000,0.0044300000,88.6098212100,AKShare stock_zh_a_spot / 新浪
001311,多利科技,18.3800000000,18.8000000000,110440393.0000000000,6044950.0000000000,-0.0223400000,1.1044039300,AKShare stock_zh_a_spot / 新浪
001312,福恩股份,18.0800000000,18.2800000000,39844709.0000000000,2200997.0000000000,-0.0109400000,0.3984470900,AKShare stock_zh_a_spot / 新浪
001313,粤海饲料,8.0700000000,7.9800000000,212587906.0000000000,26442300.0000000000,0.0112800000,2.1258790600,AKShare stock_zh_a_spot / 新浪
001314,亿道信息,58.4300000000,58.1500000000,172378565.0000000000,2964500.0000000000,0.0048200000,1.7237856500,AKShare stock_zh_a_spot / 新浪
001316,润贝航科,27.0200000000,27.2200000000,45653081.0000000000,1694000.0000000000,-0.0073500000,0.4565308100,AKShare stock_zh_a_spot / 新浪
001317,三羊马,54.4700000000,55.6900000000,234572405.0000000000,4290009.0000000000,-0.0219100000,2.3457240500,AKShare stock_zh_a_spot / 新浪
001318,阳光乳业,11.8600000000,12.3500000000,190672930.0000000000,15838455.0000000000,-0.0396800000,1.9067293000,AKShare stock_zh_a_spot / 新浪
001319,铭科精技,20.0800000000,20.0000000000,27981867.0000000000,1400700.0000000000,0.0040000000,0.2798186700,AKShare stock_zh_a_spot / 新浪
001322,箭牌家居,6.1300000000,6.2000000000,20377296.0000000000,3310800.0000000000,-0.0112900000,0.2037729600,AKShare stock_zh_a_spot / 新浪
001323,慕思股份,18.9800000000,19.2800000000,91549341.0000000000,4905490.0000000000,-0.0155600000,0.9154934100,AKShare stock_zh_a_spot / 新浪
001324,长青科技,19.2500000000,20.1900000000,65334011.0000000000,3344654.0000000000,-0.0465600000,0.6533401100,AKShare stock_zh_a_spot / 新浪
001325,元创股份,37.8200000000,37.8200000000,34067623.0000000000,905772.0000000000,0.0000000000,0.3406762300,AKShare stock_zh_a_spot / 新浪
001326,联域股份,64.5700000000,62.3100000000,91424710.0000000000,1439853.0000000000,0.0362700000,0.9142471000,AKShare stock_zh_a_spot / 新浪
001328,登康口腔,29.4100000000,29.3200000000,43192258.0000000000,1474694.0000000000,0.0030700000,0.4319225800,AKShare stock_zh_a_spot / 新浪
001330,博纳影业,4.9200000000,5.0700000000,263956078.0000000000,53331981.0000000000,-0.0295900000,2.6395607800,AKShare stock_zh_a_spot / 新浪
001331,胜通能源,50.1300000000,49.3800000000,844640410.0000000000,16795913.0000000000,0.0151900000,8.4464041000,AKShare stock_zh_a_spot / 新浪
001332,锡装股份,31.8900000000,32.0100000000,44377902.0000000000,1396799.0000000000,-0.0037500000,0.4437790200,AKShare stock_zh_a_spot / 新浪
001333,光华股份,21.1600000000,19.8800000000,64113080.0000000000,3108800.0000000000,0.0643900000,0.6411308000,AKShare stock_zh_a_spot / 新浪
001335,信凯科技,32.1500000000,32.0700000000,15651650.0000000000,490098.0000000000,0.0024900000,0.1565165000,AKShare stock_zh_a_spot / 新浪
001336,楚环科技,18.7600000000,18.6400000000,25542092.0000000000,1371640.0000000000,0.0064400000,0.2554209200,AKShare stock_zh_a_spot / 新浪
001337,四川黄金,48.1800000000,47.9300000000,596970152.0000000000,12441423.0000000000,0.0052200000,5.9697015200,AKShare stock_zh_a_spot / 新浪
001338,永顺泰,8.7500000000,8.6000000000,89135585.0000000000,10195230.0000000000,0.0174400000,0.8913558500,AKShare stock_zh_a_spot / 新浪
001339,智微智能,86.0800000000,87.3500000000,627919164.0000000000,7314112.0000000000,-0.0145400000,6.2791916400,AKShare stock_zh_a_spot / 新浪
001356,富岭股份,9.2500000000,9.5200000000,161567810.0000000000,17239665.0000000000,-0.0283600000,1.6156781000,AKShare stock_zh_a_spot / 新浪
001358,兴欣新材,27.4400000000,28.1400000000,180508950.0000000000,6605269.0000000000,-0.0248800000,1.8050895000,AKShare stock_zh_a_spot / 新浪
001359,平安电工,96.2000000000,92.1000000000,579122076.0000000000,6080664.0000000000,0.0445200000,5.7912207600,AKShare stock_zh_a_spot / 新浪
001360,南矿集团,17.5000000000,17.0000000000,105315863.0000000000,6070200.0000000000,0.0294100000,1.0531586300,AKShare stock_zh_a_spot / 新浪
001365,天海电子,37.8900000000,37.9700000000,183132611.0000000000,4871916.0000000000,-0.0021100000,1.8313261100,AKShare stock_zh_a_spot / 新浪
001366,播恩集团,13.4900000000,12.2600000000,60022417.0000000000,4622057.0000000000,0.1003300000,0.6002241700,AKShare stock_zh_a_spot / 新浪
001367,海森药业,19.7800000000,19.5400000000,41657116.0000000000,2110590.0000000000,0.0122800000,0.4165711600,AKShare stock_zh_a_spot / 新浪
001368,通达创智,23.5200000000,22.8500000000,48845039.0000000000,2098600.0000000000,0.0293200000,0.4884503900,AKShare stock_zh_a_spot / 新浪
001369,双欣材料,12.8400000000,12.8100000000,89178833.0000000000,6973478.0000000000,0.0023400000,0.8917883300,AKShare stock_zh_a_spot / 新浪
001373,翔腾新材,28.5100000000,28.4800000000,34091921.0000000000,1198700.0000000000,0.0010500000,0.3409192100,AKShare stock_zh_a_spot / 新浪
001376,百通能源,10.9600000000,11.3800000000,178830614.0000000000,16241200.0000000000,-0.0369100000,1.7883061400,AKShare stock_zh_a_spot / 新浪
001378,德冠新材,21.1100000000,21.4200000000,82112517.0000000000,3876260.0000000000,-0.0144700000,0.8211251700,AKShare stock_zh_a_spot / 新浪
001379,腾达科技,16.4600000000,16.3400000000,36119752.0000000000,2219800.0000000000,0.0073400000,0.3611975200,AKShare stock_zh_a_spot / 新浪
001380,华纬科技,17.0900000000,16.9500000000,28960162.0000000000,1712795.0000000000,0.0082600000,0.2896016200,AKShare stock_zh_a_spot / 新浪
001382,新亚电缆,16.9800000000,17.1200000000,33413775.0000000000,1971200.0000000000,-0.0081800000,0.3341377500,AKShare stock_zh_a_spot / 新浪
001386,马可波罗,15.8600000000,15.8200000000,125110030.0000000000,7883356.0000000000,0.0025300000,1.2511003000,AKShare stock_zh_a_spot / 新浪
001387,雪祺电气,12.1400000000,12.2300000000,21338446.0000000000,1761870.0000000000,-0.0073600000,0.2133844600,AKShare stock_zh_a_spot / 新浪
001388,信通电子,22.3900000000,23.3400000000,151829677.0000000000,6744050.0000000000,-0.0407000000,1.5182967700,AKShare stock_zh_a_spot / 新浪
001389,广合科技,166.8500000000,172.0800000000,1572272648.0000000000,9351585.0000000000,-0.0303900000,15.7227264800,AKShare stock_zh_a_spot / 新浪
001390,古麒绒材,18.0100000000,18.1000000000,17710495.0000000000,981100.0000000000,-0.0049700000,0.1771049500,AKShare stock_zh_a_spot / 新浪
001391,国货航,4.1300000000,4.2000000000,112421155.0000000000,27055290.0000000000,-0.0166700000,1.1242115500,AKShare stock_zh_a_spot / 新浪
001393,维通利,44.7800000000,45.6100000000,88339714.0000000000,1973600.0000000000,-0.0182000000,0.8833971400,AKShare stock_zh_a_spot / 新浪
001395,亚联机械,30.0200000000,29.9100000000,35630622.0000000000,1195515.0000000000,0.0036800000,0.3563062200,AKShare stock_zh_a_spot / 新浪
001396,誉帆科技,34.4400000000,34.9000000000,23685991.0000000000,688765.0000000000,-0.0131800000,0.2368599100,AKShare stock_zh_a_spot / 新浪
001399,惠科股份,25.6200000000,25.1300000000,1622393162.0000000000,63054062.0000000000,0.0195000000,16.2239316200,AKShare stock_zh_a_spot / 新浪
001400,江顺科技,78.1300000000,78.3800000000,117025119.0000000000,1508840.0000000000,-0.0031900000,1.1702511900,AKShare stock_zh_a_spot / 新浪
001696,宗申动力,16.5900000000,16.8700000000,977040381.0000000000,58682218.0000000000,-0.0166000000,9.7704038100,AKShare stock_zh_a_spot / 新浪
001872,招商港口,22.4700000000,21.7900000000,77285426.0000000000,3465875.0000000000,0.0312100000,0.7728542600,AKShare stock_zh_a_spot / 新浪
001896,豫能控股,12.7400000000,13.0900000000,750429411.0000000000,58625657.0000000000,-0.0267400000,7.5042941100,AKShare stock_zh_a_spot / 新浪
001914,招商积余,8.6300000000,8.6600000000,45330759.0000000000,5230279.0000000000,-0.0034600000,0.4533075900,AKShare stock_zh_a_spot / 新浪
001965,招商公路,9.1900000000,9.1400000000,157559964.0000000000,17165861.0000000000,0.0054700000,1.5755996400,AKShare stock_zh_a_spot / 新浪
001979,招商蛇口,7.4700000000,7.5400000000,418105266.0000000000,55447855.0000000000,-0.0092800000,4.1810526600,AKShare stock_zh_a_spot / 新浪
002001,新 和 成,29.0000000000,28.6400000000,1145239189.0000000000,39259286.0000000000,0.0125700000,11.4523918900,AKShare stock_zh_a_spot / 新浪
002003,伟星股份,10.1300000000,10.0600000000,187911831.0000000000,18556201.0000000000,0.0069600000,1.8791183100,AKShare stock_zh_a_spot / 新浪
002004,华邦健康,4.5100000000,4.5100000000,110539702.0000000000,24432491.0000000000,0.0000000000,1.1053970200,AKShare stock_zh_a_spot / 新浪
002005,德豪润达,2.4400000000,2.4800000000,38087826.0000000000,15413200.0000000000,-0.0161300000,0.3808782600,AKShare stock_zh_a_spot / 新浪
002006,精工科技,14.0000000000,14.0500000000,91011108.0000000000,6531700.0000000000,-0.0035600000,0.9101110800,AKShare stock_zh_a_spot / 新浪
002007,华兰生物,13.1200000000,13.1800000000,119715383.0000000000,9108390.0000000000,-0.0045500000,1.1971538300,AKShare stock_zh_a_spot / 新浪
002008,大族激光,98.0000000000,100.7700000000,4606197937.0000000000,46973438.0000000000,-0.0274900000,46.0619793700,AKShare stock_zh_a_spot / 新浪
002009,天奇股份,18.0700000000,18.0400000000,236202002.0000000000,13146647.0000000000,0.0016600000,2.3620200200,AKShare stock_zh_a_spot / 新浪
002010,传化智联,4.7200000000,4.7600000000,55177315.0000000000,11692299.0000000000,-0.0084000000,0.5517731500,AKShare stock_zh_a_spot / 新浪
002011,盾安环境,10.0900000000,10.1400000000,74448865.0000000000,7401562.0000000000,-0.0049300000,0.7444886500,AKShare stock_zh_a_spot / 新浪
002012,凯恩股份,6.6700000000,6.6600000000,72310067.0000000000,10804628.0000000000,0.0015000000,0.7231006700,AKShare stock_zh_a_spot / 新浪
002014,永新股份,10.7200000000,10.7100000000,23149172.0000000000,2159137.0000000000,0.0009300000,0.2314917200,AKShare stock_zh_a_spot / 新浪
002015,协鑫能科,14.8100000000,15.2400000000,833397711.0000000000,55684975.0000000000,-0.0282200000,8.3339771100,AKShare stock_zh_a_spot / 新浪
002016,世荣兆业,4.4900000000,4.5100000000,37800506.0000000000,8439402.0000000000,-0.0044300000,0.3780050600,AKShare stock_zh_a_spot / 新浪
002017,东信和平,13.5200000000,13.7500000000,122009018.0000000000,9048500.0000000000,-0.0167300000,1.2200901800,AKShare stock_zh_a_spot / 新浪
002019,亿帆医药,10.3200000000,10.4600000000,135374160.0000000000,13051700.0000000000,-0.0133800000,1.3537416000,AKShare stock_zh_a_spot / 新浪
002020,京新药业,13.8600000000,14.0200000000,200413469.0000000000,14378225.0000000000,-0.0114100000,2.0041346900,AKShare stock_zh_a_spot / 新浪
002021,中捷资源,2.7000000000,2.7600000000,57181600.0000000000,21125810.0000000000,-0.0217400000,0.5718160000,AKShare stock_zh_a_spot / 新浪
002022,科华生物,5.5500000000,5.6500000000,34096357.0000000000,6106100.0000000000,-0.0177000000,0.3409635700,AKShare stock_zh_a_spot / 新浪
002023,海特高新,10.5800000000,10.7900000000,295151507.0000000000,27668007.0000000000,-0.0194600000,2.9515150700,AKShare stock_zh_a_spot / 新浪
002025,航天电器,71.6800000000,65.1600000000,1964882072.0000000000,29143592.0000000000,0.1000600000,19.6488207200,AKShare stock_zh_a_spot / 新浪
002026,山东威达,10.7700000000,10.6100000000,62562445.0000000000,5847923.0000000000,0.0150800000,0.6256244500,AKShare stock_zh_a_spot / 新浪
002027,分众传媒,4.9600000000,4.9500000000,986085975.0000000000,200459222.0000000000,0.0020200000,9.8608597500,AKShare stock_zh_a_spot / 新浪
002028,思源电气,182.4400000000,183.1500000000,2735650044.0000000000,14923107.0000000000,-0.0038800000,27.3565004400,AKShare stock_zh_a_spot / 新浪
002029,七 匹 狼,8.9100000000,9.0300000000,147337000.0000000000,16435706.0000000000,-0.0132900000,1.4733700000,AKShare stock_zh_a_spot / 新浪
002030,达安基因,5.6200000000,5.7200000000,137597485.0000000000,24224128.0000000000,-0.0174800000,1.3759748500,AKShare stock_zh_a_spot / 新浪
002031,巨轮智能,6.2600000000,6.0500000000,1979958543.0000000000,322737901.0000000000,0.0347100000,19.7995854300,AKShare stock_zh_a_spot / 新浪
002032,苏 泊 尔,40.7200000000,41.2000000000,58102855.0000000000,1424461.0000000000,-0.0116500000,0.5810285500,AKShare stock_zh_a_spot / 新浪
002033,丽江股份,8.9700000000,8.9800000000,109261721.0000000000,12177396.0000000000,-0.0011100000,1.0926172100,AKShare stock_zh_a_spot / 新浪
002034,旺能环境,14.1000000000,14.0800000000,60557566.0000000000,4316166.0000000000,0.0014200000,0.6055756600,AKShare stock_zh_a_spot / 新浪
002035,华帝股份,4.8100000000,4.8300000000,42332612.0000000000,8811361.0000000000,-0.0041400000,0.4233261200,AKShare stock_zh_a_spot / 新浪
002036,联创电子,6.8700000000,7.0200000000,265373059.0000000000,38670478.0000000000,-0.0213700000,2.6537305900,AKShare stock_zh_a_spot / 新浪
002037,保利联合,6.9200000000,6.9400000000,37148226.0000000000,5389100.0000000000,-0.0028800000,0.3714822600,AKShare stock_zh_a_spot / 新浪
002038,双鹭药业,6.0600000000,6.1700000000,179928452.0000000000,29334716.0000000000,-0.0178300000,1.7992845200,AKShare stock_zh_a_spot / 新浪
002039,黔源电力,19.1200000000,19.1500000000,83559197.0000000000,4392172.0000000000,-0.0015700000,0.8355919700,AKShare stock_zh_a_spot / 新浪
002040,南 京 港,8.2400000000,8.2800000000,36457449.0000000000,4424769.0000000000,-0.0048300000,0.3645744900,AKShare stock_zh_a_spot / 新浪
002041,登海种业,9.8000000000,8.9100000000,448275755.0000000000,47267588.0000000000,0.0998900000,4.4827575500,AKShare stock_zh_a_spot / 新浪
002042,华孚时尚,3.8400000000,3.8900000000,84528037.0000000000,22052400.0000000000,-0.0128500000,0.8452803700,AKShare stock_zh_a_spot / 新浪
002043,兔 宝 宝,12.3900000000,12.5600000000,133714422.0000000000,10668800.0000000000,-0.0135400000,1.3371442200,AKShare stock_zh_a_spot / 新浪
002044,美年健康,4.8100000000,4.9600000000,557638867.0000000000,115528986.0000000000,-0.0302400000,5.5763886700,AKShare stock_zh_a_spot / 新浪
002045,国光电器,8.1800000000,8.4300000000,129995361.0000000000,15866100.0000000000,-0.0296600000,1.2999536100,AKShare stock_zh_a_spot / 新浪
002046,国机精工,52.0800000000,50.9300000000,987048239.0000000000,19178701.0000000000,0.0225800000,9.8704823900,AKShare stock_zh_a_spot / 新浪
002047,宝鹰股份,3.4100000000,3.6400000000,364214352.0000000000,106113591.0000000000,-0.0631900000,3.6421435200,AKShare stock_zh_a_spot / 新浪
002048,宁波华翔,20.3800000000,20.3000000000,361572211.0000000000,17805093.0000000000,0.0039400000,3.6157221100,AKShare stock_zh_a_spot / 新浪
002049,紫光国微,66.3800000000,68.3000000000,1937182280.0000000000,29060252.0000000000,-0.0281100000,19.3718228000,AKShare stock_zh_a_spot / 新浪
002050,三花智控,39.6000000000,39.0200000000,3262894973.0000000000,83226451.0000000000,0.0148600000,32.6289497300,AKShare stock_zh_a_spot / 新浪
002051,中工国际,8.6300000000,8.8400000000,222564698.0000000000,25664518.0000000000,-0.0237600000,2.2256469800,AKShare stock_zh_a_spot / 新浪
002052,同洲电子,8.7200000000,9.0500000000,122072307.0000000000,13920057.0000000000,-0.0364600000,1.2207230700,AKShare stock_zh_a_spot / 新浪
002053,云南能投,9.7900000000,9.3200000000,221105926.0000000000,22692966.0000000000,0.0504300000,2.2110592600,AKShare stock_zh_a_spot / 新浪
002054,德美化工,7.2700000000,7.3000000000,57278742.0000000000,7885401.0000000000,-0.0041100000,0.5727874200,AKShare stock_zh_a_spot / 新浪
002056,横店东磁,23.1500000000,23.2400000000,514726363.0000000000,22241715.0000000000,-0.0038700000,5.1472636300,AKShare stock_zh_a_spot / 新浪
002057,中钢天源,8.8800000000,8.9500000000,129680715.0000000000,14600929.0000000000,-0.0078200000,1.2968071500,AKShare stock_zh_a_spot / 新浪
002058,威尔泰,16.5000000000,16.6600000000,36619279.0000000000,2219600.0000000000,-0.0096000000,0.3661927900,AKShare stock_zh_a_spot / 新浪
002059,云南旅游,4.4700000000,4.4800000000,20743984.0000000000,4648600.0000000000,-0.0022300000,0.2074398400,AKShare stock_zh_a_spot / 新浪
002060,广东建工,3.2300000000,3.2500000000,34699890.0000000000,10752936.0000000000,-0.0061500000,0.3469989000,AKShare stock_zh_a_spot / 新浪
002061,浙江交科,3.4700000000,3.5000000000,45248160.0000000000,12960246.0000000000,-0.0085700000,0.4524816000,AKShare stock_zh_a_spot / 新浪
002062,宏润建设,8.3600000000,8.5200000000,188106428.0000000000,22209878.0000000000,-0.0187800000,1.8810642800,AKShare stock_zh_a_spot / 新浪
002063,远光软件,5.4200000000,5.4800000000,143260755.0000000000,26571200.0000000000,-0.0109500000,1.4326075500,AKShare stock_zh_a_spot / 新浪
002064,华峰化学,11.2200000000,11.6300000000,506425660.0000000000,44792292.0000000000,-0.0352500000,5.0642566000,AKShare stock_zh_a_spot / 新浪
002065,东华软件,7.1600000000,7.3100000000,501363954.0000000000,70253321.0000000000,-0.0205200000,5.0136395400,AKShare stock_zh_a_spot / 新浪
002066,瑞泰科技,22.3300000000,22.2200000000,112292175.0000000000,5044990.0000000000,0.0049500000,1.1229217500,AKShare stock_zh_a_spot / 新浪
002067,景兴纸业,4.7300000000,4.3900000000,615307531.0000000000,133196611.0000000000,0.0774500000,6.1530753100,AKShare stock_zh_a_spot / 新浪
002068,黑猫股份,8.1600000000,8.2800000000,153289362.0000000000,18799385.0000000000,-0.0144900000,1.5328936200,AKShare stock_zh_a_spot / 新浪
002069,獐子岛,3.5100000000,3.4000000000,77417452.0000000000,22186300.0000000000,0.0323500000,0.7741745200,AKShare stock_zh_a_spot / 新浪
002072,凯瑞德,7.4600000000,7.5700000000,38274412.0000000000,5106800.0000000000,-0.0145300000,0.3827441200,AKShare stock_zh_a_spot / 新浪
002073,软控股份,5.6000000000,5.6500000000,49544047.0000000000,8845445.0000000000,-0.0088500000,0.4954404700,AKShare stock_zh_a_spot / 新浪
002074,国轩高科,26.9800000000,27.4400000000,539159331.0000000000,19967734.0000000000,-0.0167600000,5.3915933100,AKShare stock_zh_a_spot / 新浪
002075,沙钢股份,3.7000000000,3.7300000000,84768518.0000000000,22995532.0000000000,-0.0080400000,0.8476851800,AKShare stock_zh_a_spot / 新浪
002076,星光股份,2.1200000000,2.1500000000,56385420.0000000000,26538104.0000000000,-0.0139500000,0.5638542000,AKShare stock_zh_a_spot / 新浪
002077,大港股份,13.0600000000,13.1100000000,324509957.0000000000,24905819.0000000000,-0.0038100000,3.2450995700,AKShare stock_zh_a_spot / 新浪
002078,太阳纸业,13.8400000000,13.8800000000,212114207.0000000000,15287472.0000000000,-0.0028800000,2.1211420700,AKShare stock_zh_a_spot / 新浪
002079,苏州固锝,10.0800000000,10.1300000000,312809038.0000000000,31150826.0000000000,-0.0049400000,3.1280903800,AKShare stock_zh_a_spot / 新浪
002080,中材科技,60.1000000000,62.0000000000,3328076972.0000000000,54816958.0000000000,-0.0306500000,33.2807697200,AKShare stock_zh_a_spot / 新浪
002081,金 螳 螂,6.2700000000,5.8200000000,4570048102.0000000000,738878784.0000000000,0.0773200000,45.7004810200,AKShare stock_zh_a_spot / 新浪
002083,孚日股份,11.3000000000,12.0400000000,746014026.0000000000,64763058.0000000000,-0.0614600000,7.4601402600,AKShare stock_zh_a_spot / 新浪
002085,万丰奥威,10.5100000000,10.6900000000,201147865.0000000000,19154468.0000000000,-0.0168400000,2.0114786500,AKShare stock_zh_a_spot / 新浪
002086,东方海洋,2.0600000000,2.1700000000,307256236.0000000000,146547200.0000000000,-0.0506900000,3.0725623600,AKShare stock_zh_a_spot / 新浪
002088,鲁阳节能,8.4000000000,8.4100000000,66824210.0000000000,7976293.0000000000,-0.0011900000,0.6682421000,AKShare stock_zh_a_spot / 新浪
002090,金智科技,9.4300000000,9.4900000000,51804931.0000000000,5501900.0000000000,-0.0063200000,0.5180493100,AKShare stock_zh_a_spot / 新浪
002091,江苏国泰,7.7800000000,7.8000000000,68625551.0000000000,8823913.0000000000,-0.0025600000,0.6862555100,AKShare stock_zh_a_spot / 新浪
002092,中泰化学,4.4400000000,4.4800000000,193611654.0000000000,43468800.0000000000,-0.0089300000,1.9361165400,AKShare stock_zh_a_spot / 新浪
002093,国脉科技,6.7700000000,6.9000000000,85993436.0000000000,12721720.0000000000,-0.0188400000,0.8599343600,AKShare stock_zh_a_spot / 新浪
002094,青岛金王,4.6700000000,4.7200000000,46981770.0000000000,10044780.0000000000,-0.0105900000,0.4698177000,AKShare stock_zh_a_spot / 新浪
002095,生 意 宝,14.2700000000,14.3300000000,27756157.0000000000,1957420.0000000000,-0.0041900000,0.2775615700,AKShare stock_zh_a_spot / 新浪
002096,易普力,9.5500000000,9.3100000000,75191018.0000000000,7946900.0000000000,0.0257800000,0.7519101800,AKShare stock_zh_a_spot / 新浪
002097,山河智能,7.3900000000,7.4100000000,134058213.0000000000,18234097.0000000000,-0.0027000000,1.3405821300,AKShare stock_zh_a_spot / 新浪
002098,浔兴股份,7.0200000000,7.1600000000,29523041.0000000000,4176100.0000000000,-0.0195500000,0.2952304100,AKShare stock_zh_a_spot / 新浪
002099,海翔药业,5.3900000000,5.5000000000,66423259.0000000000,12270449.0000000000,-0.0200000000,0.6642325900,AKShare stock_zh_a_spot / 新浪
002100,天康生物,7.2100000000,7.0800000000,200200509.0000000000,27706882.0000000000,0.0183600000,2.0020050900,AKShare stock_zh_a_spot / 新浪
002101,广东鸿图,8.7800000000,8.7200000000,41306932.0000000000,4745900.0000000000,0.0068800000,0.4130693200,AKShare stock_zh_a_spot / 新浪
002103,广博股份,6.5800000000,6.6500000000,33610402.0000000000,5116659.0000000000,-0.0105300000,0.3361040200,AKShare stock_zh_a_spot / 新浪
002104,恒宝股份,9.9800000000,10.1700000000,318356533.0000000000,31996342.0000000000,-0.0186800000,3.1835653300,AKShare stock_zh_a_spot / 新浪
002105,信隆健康,5.8500000000,5.8300000000,33066300.0000000000,5702500.0000000000,0.0034300000,0.3306630000,AKShare stock_zh_a_spot / 新浪
002106,莱宝高科,10.8400000000,10.7000000000,289144008.0000000000,26676776.0000000000,0.0130800000,2.8914400800,AKShare stock_zh_a_spot / 新浪
002107,沃华医药,6.3600000000,6.4200000000,66951278.0000000000,10468300.0000000000,-0.0093500000,0.6695127800,AKShare stock_zh_a_spot / 新浪
002108,沧州明珠,4.3500000000,4.3800000000,66463980.0000000000,15232413.0000000000,-0.0068500000,0.6646398000,AKShare stock_zh_a_spot / 新浪
002110,三钢闽光,2.9500000000,2.9700000000,66958784.0000000000,22689900.0000000000,-0.0067300000,0.6695878400,AKShare stock_zh_a_spot / 新浪
002111,威海广泰,9.6000000000,9.7000000000,64764828.0000000000,6753300.0000000000,-0.0103100000,0.6476482800,AKShare stock_zh_a_spot / 新浪
002112,三变科技,16.8500000000,17.0800000000,446316434.0000000000,25988634.0000000000,-0.0134700000,4.4631643400,AKShare stock_zh_a_spot / 新浪
002114,罗平锌电,7.3800000000,7.3700000000,43230852.0000000000,5879000.0000000000,0.0013600000,0.4323085200,AKShare stock_zh_a_spot / 新浪
002115,三维通信,11.5800000000,12.0800000000,947841330.0000000000,81131204.0000000000,-0.0413900000,9.4784133000,AKShare stock_zh_a_spot / 新浪
002116,中国海诚,7.1700000000,7.1900000000,15072151.0000000000,2107700.0000000000,-0.0027800000,0.1507215100,AKShare stock_zh_a_spot / 新浪
002117,东港股份,8.0300000000,8.1000000000,44144533.0000000000,5515600.0000000000,-0.0086400000,0.4414453300,AKShare stock_zh_a_spot / 新浪
002119,康强电子,25.6600000000,25.4000000000,1289262230.0000000000,50516262.0000000000,0.0102400000,12.8926223000,AKShare stock_zh_a_spot / 新浪
002120,韵达股份,6.7200000000,6.7400000000,146380941.0000000000,21696064.0000000000,-0.0029700000,1.4638094100,AKShare stock_zh_a_spot / 新浪
002121,科陆电子,5.0600000000,5.1100000000,86778487.0000000000,17145000.0000000000,-0.0097800000,0.8677848700,AKShare stock_zh_a_spot / 新浪
002123,梦网科技,8.1700000000,8.4300000000,161484466.0000000000,19691704.0000000000,-0.0308400000,1.6148446600,AKShare stock_zh_a_spot / 新浪
002124,天邦食品,2.5000000000,2.2700000000,258215622.0000000000,105254111.0000000000,0.1013200000,2.5821562200,AKShare stock_zh_a_spot / 新浪
002125,湘潭电化,13.0400000000,13.0400000000,259072250.0000000000,19762400.0000000000,0.0000000000,2.5907225000,AKShare stock_zh_a_spot / 新浪
002126,银轮股份,43.8700000000,44.4600000000,596214580.0000000000,13660389.0000000000,-0.0132700000,5.9621458000,AKShare stock_zh_a_spot / 新浪
002127,南极电商,2.9500000000,3.0000000000,88171770.0000000000,29885495.0000000000,-0.0166700000,0.8817177000,AKShare stock_zh_a_spot / 新浪
002128,电投能源,27.4900000000,27.2600000000,188710303.0000000000,6882160.0000000000,0.0084400000,1.8871030300,AKShare stock_zh_a_spot / 新浪
002129,TCL中环,9.9500000000,9.6300000000,1669479957.0000000000,169220405.0000000000,0.0332300000,16.6947995700,AKShare stock_zh_a_spot / 新浪
002130,沃尔核材,17.0500000000,17.2800000000,375430180.0000000000,22105320.0000000000,-0.0133100000,3.7543018000,AKShare stock_zh_a_spot / 新浪
002131,利欧股份,5.0600000000,5.3200000000,2840758132.0000000000,557532351.0000000000,-0.0488700000,28.4075813200,AKShare stock_zh_a_spot / 新浪
002132,恒星科技,4.6800000000,4.5800000000,306039692.0000000000,66234323.0000000000,0.0218300000,3.0603969200,AKShare stock_zh_a_spot / 新浪
002133,广宇集团,2.7100000000,2.7100000000,24988538.0000000000,9256300.0000000000,0.0000000000,0.2498853800,AKShare stock_zh_a_spot / 新浪
002134,天津普林,22.3900000000,22.6600000000,144654649.0000000000,6442600.0000000000,-0.0119200000,1.4465464900,AKShare stock_zh_a_spot / 新浪
002135,东南网架,6.1100000000,6.2600000000,103723118.0000000000,16612879.0000000000,-0.0239600000,1.0372311800,AKShare stock_zh_a_spot / 新浪
002136,安 纳 达,12.1100000000,12.3400000000,55139696.0000000000,4524200.0000000000,-0.0186400000,0.5513969600,AKShare stock_zh_a_spot / 新浪
002137,实益达,8.1600000000,8.0800000000,184012291.0000000000,22715699.0000000000,0.0099000000,1.8401229100,AKShare stock_zh_a_spot / 新浪
002138,顺络电子,51.9300000000,52.7900000000,1838747933.0000000000,35265659.0000000000,-0.0162900000,18.3874793300,AKShare stock_zh_a_spot / 新浪
002139,拓邦股份,10.1800000000,9.8600000000,282008250.0000000000,28186176.0000000000,0.0324500000,2.8200825000,AKShare stock_zh_a_spot / 新浪
002140,东华科技,9.1400000000,9.1500000000,50224592.0000000000,5500840.0000000000,-0.0010900000,0.5022459200,AKShare stock_zh_a_spot / 新浪
002141,贤丰控股,7.1800000000,6.8100000000,1820624015.0000000000,259901136.0000000000,0.0543300000,18.2062401500,AKShare stock_zh_a_spot / 新浪
002142,宁波银行,32.4600000000,32.1900000000,955687829.0000000000,29424419.0000000000,0.0083900000,9.5568782900,AKShare stock_zh_a_spot / 新浪
002144,宏达高科,10.9300000000,10.9900000000,28084615.0000000000,2570300.0000000000,-0.0054600000,0.2808461500,AKShare stock_zh_a_spot / 新浪
002145,钛能化学,4.4400000000,4.4900000000,158792035.0000000000,35716202.0000000000,-0.0111400000,1.5879203500,AKShare stock_zh_a_spot / 新浪
002146,荣盛发展,1.1800000000,1.1700000000,176521210.0000000000,150770400.0000000000,0.0085500000,1.7652121000,AKShare stock_zh_a_spot / 新浪
002148,北纬科技,6.5700000000,6.6400000000,80916048.0000000000,12387250.0000000000,-0.0105400000,0.8091604800,AKShare stock_zh_a_spot / 新浪
002149,西部材料,41.5000000000,42.6100000000,1857175807.0000000000,44117468.0000000000,-0.0260500000,18.5717580700,AKShare stock_zh_a_spot / 新浪
002150,正泰电源,24.1200000000,23.2400000000,375534371.0000000000,15842600.0000000000,0.0378700000,3.7553437100,AKShare stock_zh_a_spot / 新浪
002151,北斗星通,29.9700000000,30.2800000000,300975053.0000000000,10066662.0000000000,-0.0102400000,3.0097505300,AKShare stock_zh_a_spot / 新浪
002152,广电运通,9.6500000000,9.8100000000,341164905.0000000000,35495237.0000000000,-0.0163100000,3.4116490500,AKShare stock_zh_a_spot / 新浪
002153,石基信息,8.1800000000,8.3200000000,430299159.0000000000,53123407.0000000000,-0.0168300000,4.3029915900,AKShare stock_zh_a_spot / 新浪
002154,报 喜 鸟,4.2400000000,4.2700000000,134638211.0000000000,31408500.0000000000,-0.0070300000,1.3463821100,AKShare stock_zh_a_spot / 新浪
002155,湖南黄金,25.0200000000,25.1000000000,830993602.0000000000,33195497.0000000000,-0.0031900000,8.3099360200,AKShare stock_zh_a_spot / 新浪
002156,通富微电,70.6600000000,69.2600000000,13038866912.0000000000,183754844.0000000000,0.0202100000,130.3886691200,AKShare stock_zh_a_spot / 新浪
002157,正邦科技,3.0500000000,2.9700000000,632829878.0000000000,206971714.0000000000,0.0269400000,6.3282987800,AKShare stock_zh_a_spot / 新浪
002158,汉钟精机,28.4100000000,29.1000000000,245553179.0000000000,8638270.0000000000,-0.0237100000,2.4555317900,AKShare stock_zh_a_spot / 新浪
002159,三特索道,13.5300000000,13.6600000000,37573550.0000000000,2782101.0000000000,-0.0095200000,0.3757355000,AKShare stock_zh_a_spot / 新浪
002160,常铝股份,3.9900000000,4.0200000000,51247552.0000000000,12913536.0000000000,-0.0074600000,0.5124755200,AKShare stock_zh_a_spot / 新浪
002161,远 望 谷,5.9900000000,6.0600000000,77285880.0000000000,12972200.0000000000,-0.0115500000,0.7728588000,AKShare stock_zh_a_spot / 新浪
002162,悦心健康,4.1300000000,4.1700000000,62362911.0000000000,15118079.0000000000,-0.0095900000,0.6236291100,AKShare stock_zh_a_spot / 新浪
002163,海南发展,8.3600000000,8.3800000000,166945727.0000000000,19874801.0000000000,-0.0023900000,1.6694572700,AKShare stock_zh_a_spot / 新浪
002164,宁波东力,11.9500000000,12.0000000000,184166512.0000000000,15481454.0000000000,-0.0041700000,1.8416651200,AKShare stock_zh_a_spot / 新浪
002165,红 宝 丽,7.0000000000,7.1300000000,772404070.0000000000,109177173.0000000000,-0.0182300000,7.7240407000,AKShare stock_zh_a_spot / 新浪
002166,莱茵生物,6.9200000000,6.8400000000,97741270.0000000000,14153197.0000000000,0.0117000000,0.9774127000,AKShare stock_zh_a_spot / 新浪
002167,东方锆业,18.0000000000,18.3900000000,1458209242.0000000000,80505905.0000000000,-0.0212100000,14.5820924200,AKShare stock_zh_a_spot / 新浪
002169,智光电气,13.0500000000,13.4400000000,262445755.0000000000,19968200.0000000000,-0.0290200000,2.6244575500,AKShare stock_zh_a_spot / 新浪
002170,芭田股份,11.5600000000,11.3100000000,270008951.0000000000,23443281.0000000000,0.0221000000,2.7000895100,AKShare stock_zh_a_spot / 新浪
002171,楚江新材,10.0400000000,10.1900000000,463118495.0000000000,45971413.0000000000,-0.0147200000,4.6311849500,AKShare stock_zh_a_spot / 新浪
002172,澳洋健康,4.4900000000,4.9900000000,858458199.0000000000,184119503.0000000000,-0.1002000000,8.5845819900,AKShare stock_zh_a_spot / 新浪
002173,创新医疗,20.0000000000,20.9400000000,971899223.0000000000,47998142.0000000000,-0.0448900000,9.7189922300,AKShare stock_zh_a_spot / 新浪
002174,游族网络,13.1600000000,13.5600000000,583814279.0000000000,44187844.0000000000,-0.0295000000,5.8381427900,AKShare stock_zh_a_spot / 新浪
002176,江特电机,9.3700000000,9.3400000000,600653786.0000000000,64015319.0000000000,0.0032100000,6.0065378600,AKShare stock_zh_a_spot / 新浪
002177,御银股份,5.5600000000,5.6500000000,119766606.0000000000,21578426.0000000000,-0.0159300000,1.1976660600,AKShare stock_zh_a_spot / 新浪
002178,延华智能,4.5800000000,4.6500000000,75791641.0000000000,16632479.0000000000,-0.0150500000,0.7579164100,AKShare stock_zh_a_spot / 新浪
002179,中航光电,35.7100000000,35.8200000000,764749721.0000000000,21546018.0000000000,-0.0030700000,7.6474972100,AKShare stock_zh_a_spot / 新浪
002180,奔图科技,18.8500000000,18.0900000000,512352336.0000000000,27720114.0000000000,0.0420100000,5.1235233600,AKShare stock_zh_a_spot / 新浪
002181,粤 传 媒,8.8600000000,9.1000000000,241923432.0000000000,27227355.0000000000,-0.0263700000,2.4192343200,AKShare stock_zh_a_spot / 新浪
002182,宝武镁业,12.3300000000,12.4400000000,153358797.0000000000,12453800.0000000000,-0.0088400000,1.5335879700,AKShare stock_zh_a_spot / 新浪
002183,怡 亚 通,4.5100000000,4.6200000000,192867157.0000000000,42728508.0000000000,-0.0238100000,1.9286715700,AKShare stock_zh_a_spot / 新浪
002184,海得控制,10.1300000000,10.0900000000,61023065.0000000000,6070177.0000000000,0.0039600000,0.6102306500,AKShare stock_zh_a_spot / 新浪
002185,华天科技,18.7000000000,19.0000000000,5999751653.0000000000,318263411.0000000000,-0.0157900000,59.9975165300,AKShare stock_zh_a_spot / 新浪
002186,全 聚 德,9.6500000000,9.4800000000,51400120.0000000000,5366600.0000000000,0.0179300000,0.5140012000,AKShare stock_zh_a_spot / 新浪
002187,广百股份,5.3700000000,5.3700000000,38599619.0000000000,7169800.0000000000,0.0000000000,0.3859961900,AKShare stock_zh_a_spot / 新浪
002188,中天服务,5.5000000000,5.5600000000,35229197.0000000000,6398570.0000000000,-0.0107900000,0.3522919700,AKShare stock_zh_a_spot / 新浪
002189,中光学,18.8200000000,19.2100000000,55707801.0000000000,2949702.0000000000,-0.0203000000,0.5570780100,AKShare stock_zh_a_spot / 新浪
002190,成飞集成,24.1800000000,25.0200000000,248967938.0000000000,10248945.0000000000,-0.0335700000,2.4896793800,AKShare stock_zh_a_spot / 新浪
002191,劲嘉股份,3.6900000000,3.7900000000,85353458.0000000000,23154592.0000000000,-0.0263900000,0.8535345800,AKShare stock_zh_a_spot / 新浪
002192,融捷股份,70.6200000000,74.0300000000,2015879540.0000000000,28145026.0000000000,-0.0460600000,20.1587954000,AKShare stock_zh_a_spot / 新浪
002194,武汉凡谷,10.2800000000,10.5600000000,379353525.0000000000,36809320.0000000000,-0.0265200000,3.7935352500,AKShare stock_zh_a_spot / 新浪
002195,岩山科技,6.6400000000,6.8100000000,876288572.0000000000,131684895.0000000000,-0.0249600000,8.7628857200,AKShare stock_zh_a_spot / 新浪
002196,方正电机,11.4400000000,11.3200000000,317810168.0000000000,28077740.0000000000,0.0106000000,3.1781016800,AKShare stock_zh_a_spot / 新浪
002197,证通电子,7.0400000000,7.2000000000,168266065.0000000000,23774100.0000000000,-0.0222200000,1.6826606500,AKShare stock_zh_a_spot / 新浪
002199,东晶电子,12.6200000000,12.8500000000,74914744.0000000000,5953286.0000000000,-0.0179000000,0.7491474400,AKShare stock_zh_a_spot / 新浪
002200,交投生态,6.9700000000,6.9800000000,28295160.0000000000,4041290.0000000000,-0.0014300000,0.2829516000,AKShare stock_zh_a_spot / 新浪
002201,九鼎新材,8.5000000000,8.5200000000,90545423.0000000000,10692020.0000000000,-0.0023500000,0.9054542300,AKShare stock_zh_a_spot / 新浪
002202,金风科技,22.0100000000,21.7600000000,3179261115.0000000000,146152275.0000000000,0.0114900000,31.7926111500,AKShare stock_zh_a_spot / 新浪
002203,海亮股份,19.1900000000,19.7800000000,391471975.0000000000,20426605.0000000000,-0.0298300000,3.9147197500,AKShare stock_zh_a_spot / 新浪
002204,大连重工,5.2700000000,5.3400000000,104172620.0000000000,19736568.0000000000,-0.0131100000,1.0417262000,AKShare stock_zh_a_spot / 新浪
002205,国统股份,10.8000000000,10.7200000000,18232807.0000000000,1700500.0000000000,0.0074600000,0.1823280700,AKShare stock_zh_a_spot / 新浪
002206,海 利 得,5.2300000000,5.2600000000,26727986.0000000000,5113500.0000000000,-0.0057000000,0.2672798600,AKShare stock_zh_a_spot / 新浪
002208,合肥城建,11.7200000000,11.6500000000,454506353.0000000000,38764909.0000000000,0.0060100000,4.5450635300,AKShare stock_zh_a_spot / 新浪
002209,达 意 隆,11.7700000000,11.5400000000,54679301.0000000000,4702910.0000000000,0.0199300000,0.5467930100,AKShare stock_zh_a_spot / 新浪
002210,飞马国际,2.2500000000,2.3000000000,95016115.0000000000,41981200.0000000000,-0.0217400000,0.9501611500,AKShare stock_zh_a_spot / 新浪
002212,天融信,6.3600000000,6.5400000000,323746017.0000000000,50812398.0000000000,-0.0275200000,3.2374601700,AKShare stock_zh_a_spot / 新浪
002213,大为股份,31.0300000000,30.9300000000,394344952.0000000000,12684471.0000000000,0.0032300000,3.9434495200,AKShare stock_zh_a_spot / 新浪
002214,大立科技,14.1700000000,14.0600000000,91704473.0000000000,6503260.0000000000,0.0078200000,0.9170447300,AKShare stock_zh_a_spot / 新浪
002215,诺 普 信,9.3900000000,9.0000000000,462662749.0000000000,50503955.0000000000,0.0433300000,4.6266274900,AKShare stock_zh_a_spot / 新浪
002216,三全食品,12.7800000000,13.0600000000,113473724.0000000000,8756113.0000000000,-0.0214400000,1.1347372400,AKShare stock_zh_a_spot / 新浪
002218,拓日新能,4.0400000000,4.1200000000,131540567.0000000000,32270000.0000000000,-0.0194200000,1.3154056700,AKShare stock_zh_a_spot / 新浪
002219,新里程,2.5000000000,2.5800000000,545481007.0000000000,216051861.0000000000,-0.0310100000,5.4548100700,AKShare stock_zh_a_spot / 新浪
002221,东华能源,5.5000000000,5.5000000000,94652422.0000000000,17146600.0000000000,0.0000000000,0.9465242200,AKShare stock_zh_a_spot / 新浪
002222,福晶科技,68.8700000000,67.6500000000,2095100009.0000000000,30923252.0000000000,0.0180300000,20.9510000900,AKShare stock_zh_a_spot / 新浪
002223,鱼跃医疗,26.0200000000,26.2600000000,201250461.0000000000,7737182.0000000000,-0.0091400000,2.0125046100,AKShare stock_zh_a_spot / 新浪
002224,三 力 士,3.6100000000,3.6200000000,29534499.0000000000,8226100.0000000000,-0.0027600000,0.2953449900,AKShare stock_zh_a_spot / 新浪
002225,濮耐股份,3.7100000000,3.7900000000,133132758.0000000000,35729200.0000000000,-0.0211100000,1.3313275800,AKShare stock_zh_a_spot / 新浪
002226,江南化工,5.0600000000,5.1300000000,77215098.0000000000,15266340.0000000000,-0.0136500000,0.7721509800,AKShare stock_zh_a_spot / 新浪
002228,合兴包装,3.1200000000,3.1500000000,43388330.0000000000,13900500.0000000000,-0.0095200000,0.4338833000,AKShare stock_zh_a_spot / 新浪
002229,鸿博股份,12.5800000000,13.8200000000,1792995370.0000000000,138519276.0000000000,-0.0897300000,17.9299537000,AKShare stock_zh_a_spot / 新浪
002230,科大讯飞,41.1800000000,41.9400000000,2056812960.0000000000,50225729.0000000000,-0.0181200000,20.5681296000,AKShare stock_zh_a_spot / 新浪
002232,启明信息,14.4800000000,14.5200000000,54839006.0000000000,3831500.0000000000,-0.0027500000,0.5483900600,AKShare stock_zh_a_spot / 新浪
002233,塔牌集团,7.1300000000,7.2300000000,80707448.0000000000,11290797.0000000000,-0.0138300000,0.8070744800,AKShare stock_zh_a_spot / 新浪
002234,民和股份,7.7100000000,7.6300000000,45382995.0000000000,5899100.0000000000,0.0104800000,0.4538299500,AKShare stock_zh_a_spot / 新浪
002235,安妮股份,9.1800000000,9.5500000000,615535549.0000000000,66595792.0000000000,-0.0387400000,6.1553554900,AKShare stock_zh_a_spot / 新浪
002236,大华股份,16.6600000000,16.3900000000,819016318.0000000000,49891836.0000000000,0.0164700000,8.1901631800,AKShare stock_zh_a_spot / 新浪
002237,恒邦股份,14.5400000000,14.4500000000,407047947.0000000000,27963339.0000000000,0.0062300000,4.0704794700,AKShare stock_zh_a_spot / 新浪
002238,天威视讯,6.0200000000,6.1100000000,27570845.0000000000,4576236.0000000000,-0.0147300000,0.2757084500,AKShare stock_zh_a_spot / 新浪
002239,奥特佳,2.4900000000,2.5200000000,102791313.0000000000,41289136.0000000000,-0.0119000000,1.0279131300,AKShare stock_zh_a_spot / 新浪
002240,盛新锂能,33.2300000000,33.6500000000,1159248870.0000000000,34746706.0000000000,-0.0124800000,11.5924887000,AKShare stock_zh_a_spot / 新浪
002241,歌尔股份,22.4800000000,22.1100000000,1576650528.0000000000,71080204.0000000000,0.0167300000,15.7665052800,AKShare stock_zh_a_spot / 新浪
002242,九阳股份,9.1300000000,9.2900000000,70510682.0000000000,7646062.0000000000,-0.0172200000,0.7051068200,AKShare stock_zh_a_spot / 新浪
002243,力合科创,7.3800000000,7.4200000000,75817974.0000000000,10267700.0000000000,-0.0053900000,0.7581797400,AKShare stock_zh_a_spot / 新浪
002244,滨江集团,9.1000000000,9.0900000000,270260566.0000000000,29446972.0000000000,0.0011000000,2.7026056600,AKShare stock_zh_a_spot / 新浪
002245,蔚蓝锂芯,19.1600000000,19.4500000000,1676931044.0000000000,86654605.0000000000,-0.0149100000,16.7693104400,AKShare stock_zh_a_spot / 新浪
002246,北化股份,21.2800000000,21.0900000000,344740602.0000000000,16481300.0000000000,0.0090100000,3.4474060200,AKShare stock_zh_a_spot / 新浪
002247,聚力文化,2.3800000000,2.3900000000,32520241.0000000000,13685100.0000000000,-0.0041800000,0.3252024100,AKShare stock_zh_a_spot / 新浪
002248,华东数控,12.4400000000,11.8000000000,1190147253.0000000000,97187646.0000000000,0.0542400000,11.9014725300,AKShare stock_zh_a_spot / 新浪
002249,大洋电机,7.4500000000,7.5500000000,283577999.0000000000,38180592.0000000000,-0.0132500000,2.8357799900,AKShare stock_zh_a_spot / 新浪
002250,联化科技,16.1200000000,16.2400000000,188014464.0000000000,11658100.0000000000,-0.0073900000,1.8801446400,AKShare stock_zh_a_spot / 新浪
002251,步步高,3.7600000000,3.7800000000,431400066.0000000000,113415411.0000000000,-0.0052900000,4.3140006600,AKShare stock_zh_a_spot / 新浪
002252,上海莱士,4.8900000000,4.9500000000,201116481.0000000000,41010932.0000000000,-0.0121200000,2.0111648100,AKShare stock_zh_a_spot / 新浪
002253,川大智胜,9.7200000000,9.8200000000,34916195.0000000000,3611400.0000000000,-0.0101800000,0.3491619500,AKShare stock_zh_a_spot / 新浪
002254,泰和新材,12.8100000000,12.9900000000,226888799.0000000000,17637687.0000000000,-0.0138600000,2.2688879900,AKShare stock_zh_a_spot / 新浪
002255,海陆重工,8.4900000000,8.5000000000,87941347.0000000000,10424900.0000000000,-0.0011800000,0.8794134700,AKShare stock_zh_a_spot / 新浪
002256,兆新股份,3.5300000000,3.5500000000,176197151.0000000000,50081300.0000000000,-0.0056300000,1.7619715100,AKShare stock_zh_a_spot / 新浪
002258,利尔化学,14.9700000000,14.9400000000,883996141.0000000000,59146811.0000000000,0.0020100000,8.8399614100,AKShare stock_zh_a_spot / 新浪
002259,升达林业,3.8300000000,3.9500000000,63980306.0000000000,16665500.0000000000,-0.0303800000,0.6398030600,AKShare stock_zh_a_spot / 新浪
002261,拓维信息,27.1900000000,26.7100000000,3021656263.0000000000,112834569.0000000000,0.0179700000,30.2165626300,AKShare stock_zh_a_spot / 新浪
002262,恩华药业,23.1000000000,21.6700000000,569447642.0000000000,25169158.0000000000,0.0659900000,5.6944764200,AKShare stock_zh_a_spot / 新浪
002263,大东南,3.0300000000,3.0800000000,105880282.0000000000,34783200.0000000000,-0.0162300000,1.0588028200,AKShare stock_zh_a_spot / 新浪
002264,新 华 都,6.8700000000,6.6400000000,274383092.0000000000,40082002.0000000000,0.0346400000,2.7438309200,AKShare stock_zh_a_spot / 新浪
002265,建设工业,19.4900000000,20.1400000000,335935225.0000000000,17114973.0000000000,-0.0322700000,3.3593522500,AKShare stock_zh_a_spot / 新浪
002266,浙富控股,5.0000000000,5.0700000000,284482346.0000000000,56637321.0000000000,-0.0138100000,2.8448234600,AKShare stock_zh_a_spot / 新浪
002267,陕天然气,7.0300000000,7.0100000000,47050901.0000000000,6687213.0000000000,0.0028500000,0.4705090100,AKShare stock_zh_a_spot / 新浪
002268,电科网安,13.9500000000,14.1800000000,129022196.0000000000,9287214.0000000000,-0.0162200000,1.2902219600,AKShare stock_zh_a_spot / 新浪
002269,美邦服饰,1.4600000000,1.4700000000,37008713.0000000000,25269600.0000000000,-0.0068000000,0.3700871300,AKShare stock_zh_a_spot / 新浪
002270,华明装备,20.4600000000,20.6700000000,268185302.0000000000,13026039.0000000000,-0.0101600000,2.6818530200,AKShare stock_zh_a_spot / 新浪
002271,东方雨虹,11.7800000000,11.4700000000,536302986.0000000000,45855031.0000000000,0.0270300000,5.3630298600,AKShare stock_zh_a_spot / 新浪
002272,川润股份,16.3800000000,15.6300000000,764236373.0000000000,48106446.0000000000,0.0479800000,7.6423637300,AKShare stock_zh_a_spot / 新浪
002273,水晶光电,29.0000000000,29.1000000000,1456941791.0000000000,50803507.0000000000,-0.0034400000,14.5694179100,AKShare stock_zh_a_spot / 新浪
002274,华昌化工,5.9100000000,5.8100000000,125780119.0000000000,21357884.0000000000,0.0172100000,1.2578011900,AKShare stock_zh_a_spot / 新浪
002275,桂林三金,13.4000000000,13.3200000000,27264029.0000000000,2036500.0000000000,0.0060100000,0.2726402900,AKShare stock_zh_a_spot / 新浪
002276,万马股份,10.4000000000,10.3800000000,144448632.0000000000,13992906.0000000000,0.0019300000,1.4444863200,AKShare stock_zh_a_spot / 新浪
002277,友阿股份,5.8100000000,5.8300000000,73423025.0000000000,12625968.0000000000,-0.0034300000,0.7342302500,AKShare stock_zh_a_spot / 新浪
002278,神开股份,8.2900000000,8.2200000000,112500238.0000000000,13530965.0000000000,0.0085200000,1.1250023800,AKShare stock_zh_a_spot / 新浪
002279,久其软件,6.7500000000,6.9200000000,488399590.0000000000,72745991.0000000000,-0.0245700000,4.8839959000,AKShare stock_zh_a_spot / 新浪
002281,光迅科技,197.6400000000,199.7500000000,6940629050.0000000000,35200677.0000000000,-0.0105600000,69.4062905000,AKShare stock_zh_a_spot / 新浪
002282,博深股份,5.9600000000,5.9800000000,20581314.0000000000,3445800.0000000000,-0.0033400000,0.2058131400,AKShare stock_zh_a_spot / 新浪
002283,天润工业,9.5800000000,9.8900000000,228002821.0000000000,23697218.0000000000,-0.0313400000,2.2800282100,AKShare stock_zh_a_spot / 新浪
002284,亚太股份,10.2200000000,9.2900000000,527236377.0000000000,52758428.0000000000,0.1001100000,5.2723637700,AKShare stock_zh_a_spot / 新浪
002285,世联行,2.1600000000,2.1800000000,58542675.0000000000,26982220.0000000000,-0.0091700000,0.5854267500,AKShare stock_zh_a_spot / 新浪
002286,保龄宝,8.3000000000,8.0900000000,126467525.0000000000,15402800.0000000000,0.0259600000,1.2646752500,AKShare stock_zh_a_spot / 新浪
002287,奇正藏药,20.3400000000,20.5600000000,42834228.0000000000,2094880.0000000000,-0.0107000000,0.4283422800,AKShare stock_zh_a_spot / 新浪
002289,宇顺电子,43.1300000000,40.8400000000,424426976.0000000000,9873000.0000000000,0.0560700000,4.2442697600,AKShare stock_zh_a_spot / 新浪
002290,禾盛新材,68.5500000000,66.5200000000,666222250.0000000000,9745380.0000000000,0.0305200000,6.6622225000,AKShare stock_zh_a_spot / 新浪
002291,遥望科技,5.3700000000,5.4800000000,119139213.0000000000,22168665.0000000000,-0.0200700000,1.1913921300,AKShare stock_zh_a_spot / 新浪
002292,奥飞娱乐,8.1100000000,8.3800000000,317936027.0000000000,38967296.0000000000,-0.0322200000,3.1793602700,AKShare stock_zh_a_spot / 新浪
002293,罗莱生活,11.2500000000,11.0100000000,65393925.0000000000,5862448.0000000000,0.0218000000,0.6539392500,AKShare stock_zh_a_spot / 新浪
002294,信立泰,34.7800000000,35.1200000000,751890821.0000000000,21571701.0000000000,-0.0096800000,7.5189082100,AKShare stock_zh_a_spot / 新浪
002295,精艺股份,8.9200000000,9.0600000000,27218622.0000000000,3059500.0000000000,-0.0154500000,0.2721862200,AKShare stock_zh_a_spot / 新浪
002296,辉煌科技,8.9700000000,9.0600000000,54362815.0000000000,6074746.0000000000,-0.0099300000,0.5436281500,AKShare stock_zh_a_spot / 新浪
002297,博云新材,19.5300000000,19.9300000000,1069298054.0000000000,54333224.0000000000,-0.0200700000,10.6929805400,AKShare stock_zh_a_spot / 新浪
002298,中电鑫龙,8.5700000000,8.8100000000,344787488.0000000000,39840443.0000000000,-0.0272400000,3.4478748800,AKShare stock_zh_a_spot / 新浪
002299,圣农发展,16.3900000000,16.2100000000,236603825.0000000000,14426986.0000000000,0.0111000000,2.3660382500,AKShare stock_zh_a_spot / 新浪
002300,太阳电缆,7.0300000000,7.2700000000,220179434.0000000000,30974803.0000000000,-0.0330100000,2.2017943400,AKShare stock_zh_a_spot / 新浪
002301,齐心集团,7.8600000000,7.9300000000,92980753.0000000000,11836300.0000000000,-0.0088300000,0.9298075300,AKShare stock_zh_a_spot / 新浪
002302,西部建设,4.7400000000,4.7600000000,24441857.0000000000,5173166.0000000000,-0.0042000000,0.2444185700,AKShare stock_zh_a_spot / 新浪
002303,美盈森,5.1300000000,5.1800000000,165280770.0000000000,32205965.0000000000,-0.0096500000,1.6528077000,AKShare stock_zh_a_spot / 新浪
002304,洋河股份,39.6500000000,39.8200000000,172530267.0000000000,4352736.0000000000,-0.0042700000,1.7253026700,AKShare stock_zh_a_spot / 新浪
002307,北新路桥,2.9600000000,3.0100000000,50114288.0000000000,16860520.0000000000,-0.0166100000,0.5011428800,AKShare stock_zh_a_spot / 新浪
002309,中利集团,3.1800000000,3.3000000000,444875639.0000000000,138284367.0000000000,-0.0363600000,4.4487563900,AKShare stock_zh_a_spot / 新浪
002310,东方新能,2.3600000000,2.4100000000,220463922.0000000000,93193300.0000000000,-0.0207500000,2.2046392200,AKShare stock_zh_a_spot / 新浪
002311,海大集团,46.0100000000,45.0600000000,431373326.0000000000,9428007.0000000000,0.0210800000,4.3137332600,AKShare stock_zh_a_spot / 新浪
002312,川发龙蟒,8.6400000000,8.5600000000,247720682.0000000000,28794826.0000000000,0.0093500000,2.4772068200,AKShare stock_zh_a_spot / 新浪
002313,日海智能,8.4200000000,8.6000000000,57132249.0000000000,6768800.0000000000,-0.0209300000,0.5713224900,AKShare stock_zh_a_spot / 新浪
002314,南山控股,2.1300000000,2.1400000000,28431564.0000000000,13317500.0000000000,-0.0046700000,0.2843156400,AKShare stock_zh_a_spot / 新浪
002315,焦点科技,25.4800000000,25.8200000000,221308765.0000000000,8765529.0000000000,-0.0131700000,2.2130876500,AKShare stock_zh_a_spot / 新浪
002316,亚联发展,4.5200000000,4.5600000000,37415471.0000000000,8341800.0000000000,-0.0087700000,0.3741547100,AKShare stock_zh_a_spot / 新浪
002317,众生药业,28.4900000000,28.2400000000,977459973.0000000000,34490947.0000000000,0.0088500000,9.7745997300,AKShare stock_zh_a_spot / 新浪
002318,久立特材,19.8300000000,19.4300000000,172650550.0000000000,8795209.0000000000,0.0205900000,1.7265055000,AKShare stock_zh_a_spot / 新浪
002319,乐通股份,11.2900000000,11.2700000000,100537976.0000000000,8953163.0000000000,0.0017700000,1.0053797600,AKShare stock_zh_a_spot / 新浪
002320,海峡股份,6.5900000000,6.5400000000,100185164.0000000000,15190295.0000000000,0.0076500000,1.0018516400,AKShare stock_zh_a_spot / 新浪
002321,华英农业,2.0900000000,2.0200000000,114252848.0000000000,55057900.0000000000,0.0346500000,1.1425284800,AKShare stock_zh_a_spot / 新浪
002322,理工能科,12.6800000000,12.9900000000,442782670.0000000000,34753933.0000000000,-0.0238600000,4.4278267000,AKShare stock_zh_a_spot / 新浪
002324,普利特,9.3200000000,9.5200000000,154790103.0000000000,16566300.0000000000,-0.0210100000,1.5479010300,AKShare stock_zh_a_spot / 新浪
002326,永太科技,21.2900000000,20.9100000000,1183792743.0000000000,55743226.0000000000,0.0181700000,11.8379274300,AKShare stock_zh_a_spot / 新浪
002327,富安娜,6.6000000000,6.5500000000,23576462.0000000000,3577900.0000000000,0.0076300000,0.2357646200,AKShare stock_zh_a_spot / 新浪
002328,新朋股份,7.3300000000,7.4700000000,160507850.0000000000,21869131.0000000000,-0.0187400000,1.6050785000,AKShare stock_zh_a_spot / 新浪
002329,皇氏集团,4.2300000000,4.3600000000,826365792.0000000000,192145173.0000000000,-0.0298200000,8.2636579200,AKShare stock_zh_a_spot / 新浪
002330,得利斯,4.2300000000,4.1700000000,132436121.0000000000,31428897.0000000000,0.0143900000,1.3243612100,AKShare stock_zh_a_spot / 新浪
002331,皖通科技,6.9800000000,7.0300000000,43803995.0000000000,6317546.0000000000,-0.0071100000,0.4380399500,AKShare stock_zh_a_spot / 新浪
002332,仙琚制药,8.4400000000,8.5300000000,71134862.0000000000,8416800.0000000000,-0.0105500000,0.7113486200,AKShare stock_zh_a_spot / 新浪
002333,罗普斯金,5.7600000000,5.5800000000,79310711.0000000000,13863962.0000000000,0.0322600000,0.7931071100,AKShare stock_zh_a_spot / 新浪
002334,英威腾,6.6400000000,6.7300000000,77187235.0000000000,11654301.0000000000,-0.0133700000,0.7718723500,AKShare stock_zh_a_spot / 新浪
002335,科华数据,32.2000000000,33.0800000000,712201880.0000000000,22048216.0000000000,-0.0266000000,7.1220188000,AKShare stock_zh_a_spot / 新浪
002337,赛象科技,4.7100000000,4.7000000000,32477157.0000000000,6979203.0000000000,0.0021300000,0.3247715700,AKShare stock_zh_a_spot / 新浪
002338,奥普光电,46.2200000000,45.9900000000,265856057.0000000000,5778045.0000000000,0.0050000000,2.6585605700,AKShare stock_zh_a_spot / 新浪
002339,积成电子,7.1900000000,7.3500000000,71212899.0000000000,9840767.0000000000,-0.0217700000,0.7121289900,AKShare stock_zh_a_spot / 新浪
002340,格林美,6.6100000000,6.7400000000,543874565.0000000000,82060840.0000000000,-0.0192900000,5.4387456500,AKShare stock_zh_a_spot / 新浪
002342,巨力索具,8.3200000000,8.4000000000,288003580.0000000000,34618604.0000000000,-0.0095200000,2.8800358000,AKShare stock_zh_a_spot / 新浪
002343,慈文传媒,5.0500000000,5.1400000000,38427402.0000000000,7601600.0000000000,-0.0175100000,0.3842740200,AKShare stock_zh_a_spot / 新浪
002344,海宁皮城,3.8800000000,3.8900000000,34697442.0000000000,8930093.0000000000,-0.0025700000,0.3469744200,AKShare stock_zh_a_spot / 新浪
002345,潮宏基,10.2500000000,10.3000000000,182336193.0000000000,17876282.0000000000,-0.0048500000,1.8233619300,AKShare stock_zh_a_spot / 新浪
002346,柘中股份,26.1000000000,24.3300000000,615399294.0000000000,23791217.0000000000,0.0727500000,6.1539929400,AKShare stock_zh_a_spot / 新浪
002347,泰尔股份,6.1100000000,6.1200000000,97272055.0000000000,16016460.0000000000,-0.0016300000,0.9727205500,AKShare stock_zh_a_spot / 新浪
002348,高乐股份,12.1800000000,12.3500000000,224904107.0000000000,18386509.0000000000,-0.0137700000,2.2490410700,AKShare stock_zh_a_spot / 新浪
002349,精华制药,7.0800000000,7.1200000000,122503401.0000000000,17157058.0000000000,-0.0056200000,1.2250340100,AKShare stock_zh_a_spot / 新浪
002350,北京科锐,15.0600000000,15.3500000000,139489597.0000000000,9166354.0000000000,-0.0188900000,1.3948959700,AKShare stock_zh_a_spot / 新浪
002351,漫步者,9.7900000000,9.8700000000,59189832.0000000000,6066118.0000000000,-0.0081100000,0.5918983200,AKShare stock_zh_a_spot / 新浪
002352,顺丰控股,32.7000000000,32.5200000000,749263651.0000000000,23023920.0000000000,0.0055400000,7.4926365100,AKShare stock_zh_a_spot / 新浪
002353,杰瑞股份,162.5500000000,166.0900000000,4327911433.0000000000,26368299.0000000000,-0.0213100000,43.2791143300,AKShare stock_zh_a_spot / 新浪
002354,天娱数科,7.9200000000,8.2400000000,1828118909.0000000000,231010533.0000000000,-0.0388300000,18.2811890900,AKShare stock_zh_a_spot / 新浪
002355,兴民智通,4.9500000000,4.8800000000,126087993.0000000000,25984784.0000000000,0.0143400000,1.2608799300,AKShare stock_zh_a_spot / 新浪
002356,鹏飞绿能,2.7700000000,2.8000000000,47631358.0000000000,17106688.0000000000,-0.0107100000,0.4763135800,AKShare stock_zh_a_spot / 新浪
002357,富临运业,10.8400000000,10.8800000000,125914327.0000000000,11609200.0000000000,-0.0036800000,1.2591432700,AKShare stock_zh_a_spot / 新浪
002358,森源电气,5.5000000000,5.6100000000,70881908.0000000000,12855700.0000000000,-0.0196100000,0.7088190800,AKShare stock_zh_a_spot / 新浪
002361,神剑股份,12.1200000000,12.3000000000,1056245500.0000000000,86998756.0000000000,-0.0146300000,10.5624550000,AKShare stock_zh_a_spot / 新浪
002362,汉王科技,16.1300000000,16.1700000000,44600063.0000000000,2792805.0000000000,-0.0024700000,0.4460006300,AKShare stock_zh_a_spot / 新浪
002363,隆基机械,6.5400000000,6.5500000000,29477484.0000000000,4537250.0000000000,-0.0015300000,0.2947748400,AKShare stock_zh_a_spot / 新浪
002364,中恒电气,43.7200000000,45.5800000000,2219439461.0000000000,50238491.0000000000,-0.0408100000,22.1943946100,AKShare stock_zh_a_spot / 新浪
002365,永安药业,15.5500000000,14.1400000000,340236879.0000000000,22174250.0000000000,0.0997200000,3.4023687900,AKShare stock_zh_a_spot / 新浪
002366,融发核电,5.8900000000,6.1000000000,305566136.0000000000,51426558.0000000000,-0.0344300000,3.0556613600,AKShare stock_zh_a_spot / 新浪
002367,康力电梯,5.4400000000,5.4900000000,51734845.0000000000,9517200.0000000000,-0.0091100000,0.5173484500,AKShare stock_zh_a_spot / 新浪
002368,太极股份,14.5200000000,14.3600000000,256087769.0000000000,17960377.0000000000,0.0111400000,2.5608776900,AKShare stock_zh_a_spot / 新浪
002369,卓翼科技,5.8100000000,5.8800000000,104263756.0000000000,18009645.0000000000,-0.0119000000,1.0426375600,AKShare stock_zh_a_spot / 新浪
002370,亚太药业,6.0400000000,6.2200000000,440319429.0000000000,72633332.0000000000,-0.0289400000,4.4031942900,AKShare stock_zh_a_spot / 新浪
002371,北方华创,777.0000000000,765.9700000000,6312195098.0000000000,8166634.0000000000,0.0144000000,63.1219509800,AKShare stock_zh_a_spot / 新浪
002372,伟星新材,8.4500000000,8.4300000000,81811988.0000000000,9743068.0000000000,0.0023700000,0.8181198800,AKShare stock_zh_a_spot / 新浪
002373,千方科技,7.7200000000,7.7800000000,119266467.0000000000,15503228.0000000000,-0.0077100000,1.1926646700,AKShare stock_zh_a_spot / 新浪
002374,中锐股份,3.1100000000,3.1300000000,38059835.0000000000,12261900.0000000000,-0.0063900000,0.3805983500,AKShare stock_zh_a_spot / 新浪
002375,亚厦股份,3.6600000000,3.6700000000,46355340.0000000000,12623587.0000000000,-0.0027200000,0.4635534000,AKShare stock_zh_a_spot / 新浪
002376,新北洋,6.8700000000,7.0100000000,145879625.0000000000,21252914.0000000000,-0.0199700000,1.4587962500,AKShare stock_zh_a_spot / 新浪
002377,国创高新,2.7500000000,2.7300000000,73479374.0000000000,26412700.0000000000,0.0073300000,0.7347937400,AKShare stock_zh_a_spot / 新浪
002378,章源钨业,26.8300000000,26.7600000000,1114171969.0000000000,41246157.0000000000,0.0026200000,11.1417196900,AKShare stock_zh_a_spot / 新浪
002379,宏桥控股,19.2000000000,19.6400000000,952894288.0000000000,49566729.0000000000,-0.0224000000,9.5289428800,AKShare stock_zh_a_spot / 新浪
002380,科远智慧,29.1800000000,29.4200000000,108667550.0000000000,3738600.0000000000,-0.0081600000,1.0866755000,AKShare stock_zh_a_spot / 新浪
002381,双箭股份,5.4800000000,5.5000000000,21072427.0000000000,3841900.0000000000,-0.0036400000,0.2107242700,AKShare stock_zh_a_spot / 新浪
002382,蓝帆医疗,5.8900000000,5.9300000000,72838300.0000000000,12295739.0000000000,-0.0067500000,0.7283830000,AKShare stock_zh_a_spot / 新浪
002383,合众思壮,7.1200000000,7.2000000000,59875070.0000000000,8414700.0000000000,-0.0111100000,0.5987507000,AKShare stock_zh_a_spot / 新浪
002384,东山精密,213.8200000000,217.6600000000,11731662516.0000000000,54849086.0000000000,-0.0176400000,117.3166251600,AKShare stock_zh_a_spot / 新浪
002385,大北农,3.3800000000,3.0700000000,1049420951.0000000000,320585256.0000000000,0.1009800000,10.4942095100,AKShare stock_zh_a_spot / 新浪
002386,天原股份,5.7700000000,5.8200000000,61875831.0000000000,10707750.0000000000,-0.0085900000,0.6187583100,AKShare stock_zh_a_spot / 新浪
002387,维信诺,7.1000000000,7.1100000000,87227736.0000000000,12202713.0000000000,-0.0014100000,0.8722773600,AKShare stock_zh_a_spot / 新浪
002388,新亚制程,6.2300000000,6.0200000000,327799451.0000000000,53377460.0000000000,0.0348800000,3.2779945100,AKShare stock_zh_a_spot / 新浪
002389,航天彩虹,18.2100000000,18.6400000000,305797399.0000000000,16727862.0000000000,-0.0230700000,3.0579739900,AKShare stock_zh_a_spot / 新浪
002390,信邦制药,3.0900000000,3.1400000000,87096177.0000000000,27954617.0000000000,-0.0159200000,0.8709617700,AKShare stock_zh_a_spot / 新浪
002391,长青股份,5.2200000000,5.1800000000,51095019.0000000000,9820400.0000000000,0.0077200000,0.5109501900,AKShare stock_zh_a_spot / 新浪
002392,北京利尔,7.7500000000,7.5800000000,140992301.0000000000,18128920.0000000000,0.0224300000,1.4099230100,AKShare stock_zh_a_spot / 新浪
002393,力生制药,14.6900000000,14.8000000000,32024059.0000000000,2170964.0000000000,-0.0074300000,0.3202405900,AKShare stock_zh_a_spot / 新浪
002394,联发股份,9.6900000000,9.8300000000,30987536.0000000000,3194202.0000000000,-0.0142400000,0.3098753600,AKShare stock_zh_a_spot / 新浪
002395,双象股份,12.5900000000,12.5100000000,36716650.0000000000,2920500.0000000000,0.0063900000,0.3671665000,AKShare stock_zh_a_spot / 新浪
002396,星网锐捷,32.7600000000,33.9100000000,3467286550.0000000000,106019624.0000000000,-0.0339100000,34.6728655000,AKShare stock_zh_a_spot / 新浪
002397,梦洁股份,3.5200000000,3.5800000000,34928076.0000000000,9867700.0000000000,-0.0167600000,0.3492807600,AKShare stock_zh_a_spot / 新浪
002398,垒知集团,4.1200000000,4.1400000000,37822513.0000000000,9220900.0000000000,-0.0048300000,0.3782251300,AKShare stock_zh_a_spot / 新浪
002399,海普瑞,10.4600000000,10.5600000000,50413228.0000000000,4800786.0000000000,-0.0094700000,0.5041322800,AKShare stock_zh_a_spot / 新浪
002400,省广集团,6.7500000000,7.0000000000,848572163.0000000000,124885905.0000000000,-0.0357100000,8.4857216300,AKShare stock_zh_a_spot / 新浪
002401,中远海科,12.1600000000,12.3000000000,42873020.0000000000,3539370.0000000000,-0.0113800000,0.4287302000,AKShare stock_zh_a_spot / 新浪
002402,和而泰,21.6500000000,21.8500000000,455222820.0000000000,21127560.0000000000,-0.0091500000,4.5522282000,AKShare stock_zh_a_spot / 新浪
002403,爱仕达,9.8200000000,9.7900000000,42253326.0000000000,4324900.0000000000,0.0030600000,0.4225332600,AKShare stock_zh_a_spot / 新浪
002404,嘉欣丝绸,6.0700000000,6.0100000000,53130783.0000000000,8749700.0000000000,0.0099800000,0.5313078300,AKShare stock_zh_a_spot / 新浪
002405,四维图新,6.4000000000,6.5100000000,252453728.0000000000,39543407.0000000000,-0.0169000000,2.5245372800,AKShare stock_zh_a_spot / 新浪
002406,远东传动,6.8800000000,6.8800000000,98351275.0000000000,14384529.0000000000,0.0000000000,0.9835127500,AKShare stock_zh_a_spot / 新浪
002407,多氟多,37.4800000000,39.1900000000,7179520711.0000000000,185540606.0000000000,-0.0436300000,71.7952071100,AKShare stock_zh_a_spot / 新浪
002408,齐翔腾达,5.1900000000,5.1300000000,182986373.0000000000,35320794.0000000000,0.0117000000,1.8298637300,AKShare stock_zh_a_spot / 新浪
002409,雅克科技,158.8600000000,159.0100000000,4328941723.0000000000,27196844.0000000000,-0.0009400000,43.2894172300,AKShare stock_zh_a_spot / 新浪
002410,广联达,9.0700000000,9.1200000000,233296065.0000000000,25864469.0000000000,-0.0054800000,2.3329606500,AKShare stock_zh_a_spot / 新浪
002412,汉森制药,7.6500000000,7.5100000000,307126510.0000000000,39702860.0000000000,0.0186400000,3.0712651000,AKShare stock_zh_a_spot / 新浪
002413,雷科防务,8.6200000000,8.7600000000,318166506.0000000000,37026952.0000000000,-0.0159800000,3.1816650600,AKShare stock_zh_a_spot / 新浪
002414,高德红外,14.0200000000,14.0800000000,805594603.0000000000,57475544.0000000000,-0.0042600000,8.0559460300,AKShare stock_zh_a_spot / 新浪
002415,海康威视,35.1800000000,35.0900000000,1983682690.0000000000,56894064.0000000000,0.0025600000,19.8368269000,AKShare stock_zh_a_spot / 新浪
002416,爱施德,9.5700000000,9.8000000000,187274124.0000000000,19563792.0000000000,-0.0234700000,1.8727412400,AKShare stock_zh_a_spot / 新浪
002418,康盛股份,3.9100000000,4.0600000000,468558842.0000000000,119197300.0000000000,-0.0369500000,4.6855884200,AKShare stock_zh_a_spot / 新浪
002419,天虹股份,4.7600000000,4.6300000000,86975273.0000000000,18547900.0000000000,0.0280800000,0.8697527300,AKShare stock_zh_a_spot / 新浪
002420,毅昌科技,5.9300000000,5.9700000000,44495158.0000000000,7524700.0000000000,-0.0067000000,0.4449515800,AKShare stock_zh_a_spot / 新浪
002421,达实智能,3.3200000000,3.4400000000,685060706.0000000000,204913256.0000000000,-0.0348800000,6.8506070600,AKShare stock_zh_a_spot / 新浪
002422,科伦药业,46.2600000000,46.6900000000,1450438659.0000000000,31335494.0000000000,-0.0092100000,14.5043865900,AKShare stock_zh_a_spot / 新浪
002423,中粮资本,9.0000000000,8.9800000000,107290117.0000000000,11955212.0000000000,0.0022300000,1.0729011700,AKShare stock_zh_a_spot / 新浪
002425,凯撒文化,3.1200000000,3.2600000000,146072370.0000000000,46330702.0000000000,-0.0429400000,1.4607237000,AKShare stock_zh_a_spot / 新浪
002426,胜利精密,2.7300000000,2.8100000000,227584759.0000000000,83019117.0000000000,-0.0284700000,2.2758475900,AKShare stock_zh_a_spot / 新浪
002427,尤夫股份,4.3500000000,4.3900000000,30822894.0000000000,7050719.0000000000,-0.0091100000,0.3082289400,AKShare stock_zh_a_spot / 新浪
002428,云南锗业,108.3000000000,109.6500000000,10490663369.0000000000,95635873.0000000000,-0.0123100000,104.9066336900,AKShare stock_zh_a_spot / 新浪
002429,兆驰股份,8.6200000000,8.7300000000,633238911.0000000000,73307358.0000000000,-0.0126000000,6.3323891100,AKShare stock_zh_a_spot / 新浪
002430,杭氧股份,23.9800000000,23.6900000000,373042273.0000000000,15638442.0000000000,0.0122400000,3.7304227300,AKShare stock_zh_a_spot / 新浪
002432,九安医疗,74.3100000000,75.6200000000,1505486222.0000000000,20242708.0000000000,-0.0173200000,15.0548622200,AKShare stock_zh_a_spot / 新浪
002434,万里扬,5.9900000000,5.9900000000,76223821.0000000000,12838803.0000000000,0.0000000000,0.7622382100,AKShare stock_zh_a_spot / 新浪
002436,兴森科技,37.5600000000,38.3000000000,5562486549.0000000000,147467455.0000000000,-0.0193200000,55.6248654900,AKShare stock_zh_a_spot / 新浪
002437,誉衡药业,4.7600000000,4.9800000000,3925831406.0000000000,813578911.0000000000,-0.0441800000,39.2583140600,AKShare stock_zh_a_spot / 新浪
002438,江苏神通,14.3400000000,14.2600000000,113535714.0000000000,7953599.0000000000,0.0056100000,1.1353571400,AKShare stock_zh_a_spot / 新浪
002439,启明星辰,13.7000000000,13.9300000000,307732645.0000000000,22501804.0000000000,-0.0165100000,3.0773264500,AKShare stock_zh_a_spot / 新浪
002440,闰土股份,13.2300000000,13.0400000000,512871678.0000000000,38952040.0000000000,0.0145700000,5.1287167800,AKShare stock_zh_a_spot / 新浪
002441,众业达,7.9200000000,8.0200000000,37762333.0000000000,4772800.0000000000,-0.0124700000,0.3776233300,AKShare stock_zh_a_spot / 新浪
002442,龙星科技,5.0500000000,5.0500000000,32733353.0000000000,6500400.0000000000,0.0000000000,0.3273335300,AKShare stock_zh_a_spot / 新浪
002443,金洲管道,9.3300000000,9.5900000000,227290551.0000000000,24200900.0000000000,-0.0271100000,2.2729055100,AKShare stock_zh_a_spot / 新浪
002444,巨星科技,30.5400000000,30.0700000000,300475862.0000000000,9903263.0000000000,0.0156300000,3.0047586200,AKShare stock_zh_a_spot / 新浪
002446,盛路通信,9.0500000000,9.2200000000,239790076.0000000000,26618100.0000000000,-0.0184400000,2.3979007600,AKShare stock_zh_a_spot / 新浪
002448,中原内配,13.8300000000,13.6300000000,750147002.0000000000,54305195.0000000000,0.0146700000,7.5014700200,AKShare stock_zh_a_spot / 新浪
002449,国星光电,6.5000000000,6.5900000000,56116558.0000000000,8626842.0000000000,-0.0136600000,0.5611655800,AKShare stock_zh_a_spot / 新浪
002451,摩恩电气,7.3800000000,7.4500000000,49460327.0000000000,6696911.0000000000,-0.0094000000,0.4946032700,AKShare stock_zh_a_spot / 新浪
002452,长高电气,11.5600000000,11.8000000000,124128345.0000000000,10708701.0000000000,-0.0203400000,1.2412834500,AKShare stock_zh_a_spot / 新浪
002453,华软科技,4.4200000000,4.4900000000,35370018.0000000000,7983700.0000000000,-0.0155900000,0.3537001800,AKShare stock_zh_a_spot / 新浪
002454,松芝股份,5.0200000000,5.0500000000,47869873.0000000000,9594720.0000000000,-0.0059400000,0.4786987300,AKShare stock_zh_a_spot / 新浪
002455,百川股份,7.4000000000,7.4700000000,186815940.0000000000,25210798.0000000000,-0.0093700000,1.8681594000,AKShare stock_zh_a_spot / 新浪
002456,欧菲光,7.1300000000,7.2000000000,590841213.0000000000,83057736.0000000000,-0.0097200000,5.9084121300,AKShare stock_zh_a_spot / 新浪
002457,青龙管业,11.0600000000,10.8400000000,266454161.0000000000,24093099.0000000000,0.0203000000,2.6645416100,AKShare stock_zh_a_spot / 新浪
002458,益生股份,9.6500000000,9.7300000000,748375154.0000000000,76857882.0000000000,-0.0082200000,7.4837515400,AKShare stock_zh_a_spot / 新浪
002459,晶澳科技,7.6500000000,7.7000000000,260824393.0000000000,34102706.0000000000,-0.0064900000,2.6082439300,AKShare stock_zh_a_spot / 新浪
002460,赣锋锂业,53.5900000000,54.2800000000,1716063626.0000000000,31824248.0000000000,-0.0127100000,17.1606362600,AKShare stock_zh_a_spot / 新浪
002461,珠江啤酒,8.6700000000,8.6600000000,36479519.0000000000,4207496.0000000000,0.0011500000,0.3647951900,AKShare stock_zh_a_spot / 新浪
002462,嘉事堂,12.2600000000,12.3800000000,34416030.0000000000,2797200.0000000000,-0.0096900000,0.3441603000,AKShare stock_zh_a_spot / 新浪
002463,沪电股份,123.5900000000,125.0900000000,4525869373.0000000000,36606112.0000000000,-0.0119900000,45.2586937300,AKShare stock_zh_a_spot / 新浪
002465,海格通信,10.6100000000,10.7500000000,429686475.0000000000,40652054.0000000000,-0.0130200000,4.2968647500,AKShare stock_zh_a_spot / 新浪
002466,天齐锂业,47.9300000000,48.8200000000,1842360807.0000000000,38193840.0000000000,-0.0182300000,18.4236080700,AKShare stock_zh_a_spot / 新浪
002467,二六三,4.7900000000,4.9900000000,312163470.0000000000,64900778.0000000000,-0.0400800000,3.1216347000,AKShare stock_zh_a_spot / 新浪
002468,申通快递,14.7700000000,14.6400000000,176653277.0000000000,12028315.0000000000,0.0088800000,1.7665327700,AKShare stock_zh_a_spot / 新浪
002469,三维化学,6.0700000000,6.3100000000,143055105.0000000000,23351172.0000000000,-0.0380300000,1.4305510500,AKShare stock_zh_a_spot / 新浪
002470,金正大,2.0400000000,1.9700000000,394422455.0000000000,195365900.0000000000,0.0355300000,3.9442245500,AKShare stock_zh_a_spot / 新浪
002471,中超控股,5.9100000000,5.8300000000,544709972.0000000000,92821994.0000000000,0.0137200000,5.4470997200,AKShare stock_zh_a_spot / 新浪
002472,双环传动,39.9100000000,38.6500000000,1685596091.0000000000,42921170.0000000000,0.0326000000,16.8559609100,AKShare stock_zh_a_spot / 新浪
002474,榕基软件,6.6800000000,6.5200000000,470497196.0000000000,72600098.0000000000,0.0245400000,4.7049719600,AKShare stock_zh_a_spot / 新浪
002475,立讯精密,57.7400000000,58.8400000000,5436167569.0000000000,93933424.0000000000,-0.0186900000,54.3616756900,AKShare stock_zh_a_spot / 新浪
002476,新叶股份,4.9400000000,5.0200000000,164300315.0000000000,32948834.0000000000,-0.0159400000,1.6430031500,AKShare stock_zh_a_spot / 新浪
002478,常宝股份,6.8400000000,6.8600000000,257402640.0000000000,37765319.0000000000,-0.0029200000,2.5740264000,AKShare stock_zh_a_spot / 新浪
002479,富春环保,5.7500000000,5.7400000000,75212915.0000000000,13107170.0000000000,0.0017400000,0.7521291500,AKShare stock_zh_a_spot / 新浪
002480,新筑股份,5.6700000000,5.6600000000,28435128.0000000000,5009500.0000000000,0.0017700000,0.2843512800,AKShare stock_zh_a_spot / 新浪
002481,双塔食品,4.3700000000,4.2900000000,90930895.0000000000,20928698.0000000000,0.0186500000,0.9093089500,AKShare stock_zh_a_spot / 新浪
002482,广田集团,1.2700000000,1.2700000000,43156932.0000000000,33946180.0000000000,0.0000000000,0.4315693200,AKShare stock_zh_a_spot / 新浪
002483,润邦股份,5.5300000000,5.5700000000,93494956.0000000000,16819266.0000000000,-0.0071800000,0.9349495600,AKShare stock_zh_a_spot / 新浪
002484,江海股份,67.4100000000,69.9500000000,4442468181.0000000000,64704640.0000000000,-0.0363100000,44.4246818100,AKShare stock_zh_a_spot / 新浪
002486,嘉麟杰,2.5700000000,2.6700000000,88022081.0000000000,33878300.0000000000,-0.0374500000,0.8802208100,AKShare stock_zh_a_spot / 新浪
002487,大金重工,41.3400000000,41.9200000000,737269407.0000000000,17841242.0000000000,-0.0138400000,7.3726940700,AKShare stock_zh_a_spot / 新浪
002488,金固股份,8.6200000000,8.5200000000,167278715.0000000000,19724944.0000000000,0.0117400000,1.6727871500,AKShare stock_zh_a_spot / 新浪
002489,浙江永强,2.7600000000,2.7600000000,90492756.0000000000,32652125.0000000000,0.0000000000,0.9049275600,AKShare stock_zh_a_spot / 新浪
002490,山东墨龙,8.0200000000,7.6500000000,690288702.0000000000,86238322.0000000000,0.0483700000,6.9028870200,AKShare stock_zh_a_spot / 新浪
002491,通鼎互联,19.4700000000,20.3000000000,3557325977.0000000000,179661919.0000000000,-0.0408900000,35.5732597700,AKShare stock_zh_a_spot / 新浪
002492,恒基达鑫,5.5400000000,5.6200000000,20967374.0000000000,3773000.0000000000,-0.0142300000,0.2096737400,AKShare stock_zh_a_spot / 新浪
002493,荣盛石化,12.8700000000,12.7700000000,657862876.0000000000,51904311.0000000000,0.0078300000,6.5786287600,AKShare stock_zh_a_spot / 新浪
002494,华斯股份,4.8300000000,4.8700000000,31571822.0000000000,6528000.0000000000,-0.0082100000,0.3157182200,AKShare stock_zh_a_spot / 新浪
002495,佳隆股份,2.4200000000,2.4400000000,31674321.0000000000,13003800.0000000000,-0.0082000000,0.3167432100,AKShare stock_zh_a_spot / 新浪
002496,辉丰股份,2.1500000000,2.1100000000,69133361.0000000000,32223100.0000000000,0.0189600000,0.6913336100,AKShare stock_zh_a_spot / 新浪
002497,雅化集团,19.4200000000,19.5800000000,666116767.0000000000,34117868.0000000000,-0.0081700000,6.6611676700,AKShare stock_zh_a_spot / 新浪
002498,汉缆股份,6.6000000000,6.7700000000,625782211.0000000000,93851337.0000000000,-0.0251100000,6.2578221100,AKShare stock_zh_a_spot / 新浪
002500,山西证券,5.2300000000,5.3100000000,87054108.0000000000,16590661.0000000000,-0.0150700000,0.8705410800,AKShare stock_zh_a_spot / 新浪
002506,协鑫集成,2.7200000000,2.7400000000,449282604.0000000000,164715613.0000000000,-0.0073000000,4.4928260400,AKShare stock_zh_a_spot / 新浪
002507,涪陵榨菜,11.3500000000,11.3400000000,103569291.0000000000,9134345.0000000000,0.0008800000,1.0356929100,AKShare stock_zh_a_spot / 新浪
002508,老板电器,15.7500000000,15.6300000000,123843772.0000000000,7942114.0000000000,0.0076800000,1.2384377200,AKShare stock_zh_a_spot / 新浪
002510,天汽模,5.6500000000,5.6300000000,140679189.0000000000,24896800.0000000000,0.0035500000,1.4067918900,AKShare stock_zh_a_spot / 新浪
002511,中顺洁柔,7.1700000000,7.1500000000,56885797.0000000000,7951929.0000000000,0.0028000000,0.5688579700,AKShare stock_zh_a_spot / 新浪
002513,蓝丰生化,5.3700000000,5.3200000000,29720070.0000000000,5576700.0000000000,0.0094000000,0.2972007000,AKShare stock_zh_a_spot / 新浪
002515,金字火腿,8.7100000000,7.9200000000,1235081869.0000000000,144253497.0000000000,0.0997500000,12.3508186900,AKShare stock_zh_a_spot / 新浪
002516,旷达科技,5.4300000000,5.4200000000,63973473.0000000000,11875971.0000000000,0.0018500000,0.6397347300,AKShare stock_zh_a_spot / 新浪
002517,恺英网络,17.2400000000,17.5500000000,1125910458.0000000000,65638707.0000000000,-0.0176600000,11.2591045800,AKShare stock_zh_a_spot / 新浪
002518,科士达,35.2700000000,36.2900000000,407556135.0000000000,11491538.0000000000,-0.0281100000,4.0755613500,AKShare stock_zh_a_spot / 新浪
002519,银河电子,5.5900000000,5.6200000000,128702527.0000000000,23107581.0000000000,-0.0053400000,1.2870252700,AKShare stock_zh_a_spot / 新浪
002520,日发精机,6.8500000000,6.5400000000,683139269.0000000000,102263475.0000000000,0.0474000000,6.8313926900,AKShare stock_zh_a_spot / 新浪
002521,齐峰新材,6.7800000000,6.8300000000,31561581.0000000000,4642212.0000000000,-0.0073200000,0.3156158100,AKShare stock_zh_a_spot / 新浪
002522,浙江众成,5.0400000000,5.1300000000,121619469.0000000000,24120701.0000000000,-0.0175400000,1.2161946900,AKShare stock_zh_a_spot / 新浪
002523,天桥起重,3.4400000000,3.4200000000,62674859.0000000000,18328480.0000000000,0.0058500000,0.6267485900,AKShare stock_zh_a_spot / 新浪
002524,光正眼科,4.0200000000,4.0500000000,50461570.0000000000,12513800.0000000000,-0.0074100000,0.5046157000,AKShare stock_zh_a_spot / 新浪
002526,山东矿机,2.7200000000,2.7500000000,57475211.0000000000,21189035.0000000000,-0.0109100000,0.5747521100,AKShare stock_zh_a_spot / 新浪
002527,新时达,11.9000000000,11.8500000000,82148128.0000000000,6949009.0000000000,0.0042200000,0.8214812800,AKShare stock_zh_a_spot / 新浪
002529,海源复材,7.2400000000,7.1900000000,35833845.0000000000,4970949.0000000000,0.0069500000,0.3583384500,AKShare stock_zh_a_spot / 新浪
002530,金财互联,7.1800000000,7.3000000000,110576925.0000000000,15448316.0000000000,-0.0164400000,1.1057692500,AKShare stock_zh_a_spot / 新浪
002531,天顺风能,6.3700000000,6.5500000000,230930056.0000000000,36119582.0000000000,-0.0274800000,2.3093005600,AKShare stock_zh_a_spot / 新浪
002532,天山铝业,13.2800000000,13.5500000000,1167821311.0000000000,87737213.0000000000,-0.0199300000,11.6782131100,AKShare stock_zh_a_spot / 新浪
002533,金杯电工,11.4700000000,11.5700000000,59509053.0000000000,5185293.0000000000,-0.0086400000,0.5950905300,AKShare stock_zh_a_spot / 新浪
002534,西子洁能,16.0900000000,16.0900000000,151868269.0000000000,9450629.0000000000,0.0000000000,1.5186826900,AKShare stock_zh_a_spot / 新浪
002535,林州重机,2.5200000000,2.5400000000,27698286.0000000000,10979540.0000000000,-0.0078700000,0.2769828600,AKShare stock_zh_a_spot / 新浪
002536,飞龙股份,45.9900000000,46.1100000000,2033001207.0000000000,44934167.0000000000,-0.0026000000,20.3300120700,AKShare stock_zh_a_spot / 新浪
002537,海联金汇,5.6600000000,5.7800000000,85729434.0000000000,15120341.0000000000,-0.0207600000,0.8572943400,AKShare stock_zh_a_spot / 新浪
002539,云图控股,12.7500000000,12.4800000000,302502469.0000000000,23659084.0000000000,0.0216300000,3.0250246900,AKShare stock_zh_a_spot / 新浪
002540,亚太科技,5.1500000000,5.1800000000,32771488.0000000000,6371800.0000000000,-0.0057900000,0.3277148800,AKShare stock_zh_a_spot / 新浪
002541,鸿路钢构,19.9800000000,19.5000000000,196255338.0000000000,9874812.0000000000,0.0246200000,1.9625533800,AKShare stock_zh_a_spot / 新浪
002543,万和电气,6.8800000000,6.9500000000,67686181.0000000000,9855554.0000000000,-0.0100700000,0.6768618100,AKShare stock_zh_a_spot / 新浪
002544,普天科技,17.1000000000,17.4400000000,239115764.0000000000,14111361.0000000000,-0.0195000000,2.3911576400,AKShare stock_zh_a_spot / 新浪
002545,东方铁塔,18.3100000000,17.9300000000,342393954.0000000000,18863000.0000000000,0.0211900000,3.4239395400,AKShare stock_zh_a_spot / 新浪
002546,新联电子,8.3500000000,8.6200000000,276691278.0000000000,33014300.0000000000,-0.0313200000,2.7669127800,AKShare stock_zh_a_spot / 新浪
002548,金新农,4.2700000000,4.2000000000,170273843.0000000000,39884530.0000000000,0.0166700000,1.7027384300,AKShare stock_zh_a_spot / 新浪
002549,凯美特气,14.3400000000,14.5800000000,226263356.0000000000,15705800.0000000000,-0.0164600000,2.2626335600,AKShare stock_zh_a_spot / 新浪
002550,千红制药,7.2900000000,7.1600000000,473891518.0000000000,64810062.0000000000,0.0181600000,4.7389151800,AKShare stock_zh_a_spot / 新浪
002551,尚荣医疗,3.3200000000,3.4200000000,92756833.0000000000,27613478.0000000000,-0.0292400000,0.9275683300,AKShare stock_zh_a_spot / 新浪
002552,宝鼎科技,57.6000000000,62.0000000000,2285030070.0000000000,38724332.0000000000,-0.0709700000,22.8503007000,AKShare stock_zh_a_spot / 新浪
002553,南方精工,17.5100000000,15.9200000000,424510654.0000000000,25133208.0000000000,0.0998700000,4.2451065400,AKShare stock_zh_a_spot / 新浪
002554,惠博普,2.9000000000,2.8400000000,76163190.0000000000,26336700.0000000000,0.0211300000,0.7616319000,AKShare stock_zh_a_spot / 新浪
002555,三七互娱,19.1600000000,19.5200000000,601431638.0000000000,31364711.0000000000,-0.0184400000,6.0143163800,AKShare stock_zh_a_spot / 新浪
002556,辉隆股份,5.3000000000,5.1300000000,150516316.0000000000,28694800.0000000000,0.0331400000,1.5051631600,AKShare stock_zh_a_spot / 新浪
002557,洽洽食品,19.1400000000,19.0900000000,120996893.0000000000,6335261.0000000000,0.0026200000,1.2099689300,AKShare stock_zh_a_spot / 新浪
002558,巨人网络,27.0500000000,27.1900000000,1634528277.0000000000,60509837.0000000000,-0.0051500000,16.3452827700,AKShare stock_zh_a_spot / 新浪
002559,亚威股份,10.0800000000,10.1700000000,201605099.0000000000,20011598.0000000000,-0.0088500000,2.0160509900,AKShare stock_zh_a_spot / 新浪
002560,通达股份,6.5000000000,6.5500000000,123716337.0000000000,19009278.0000000000,-0.0076300000,1.2371633700,AKShare stock_zh_a_spot / 新浪
002561,徐家汇,6.8400000000,6.8100000000,34311209.0000000000,5024718.0000000000,0.0044100000,0.3431120900,AKShare stock_zh_a_spot / 新浪
002562,兄弟科技,5.0000000000,4.9400000000,294993418.0000000000,58789552.0000000000,0.0121500000,2.9499341800,AKShare stock_zh_a_spot / 新浪
002563,森马服饰,5.9300000000,5.7600000000,191069119.0000000000,32611080.0000000000,0.0295100000,1.9106911900,AKShare stock_zh_a_spot / 新浪
002564,天沃科技,4.5200000000,4.5600000000,44378349.0000000000,9825461.0000000000,-0.0087700000,0.4437834900,AKShare stock_zh_a_spot / 新浪
002565,顺灏股份,9.5500000000,9.7300000000,271368462.0000000000,28442400.0000000000,-0.0185000000,2.7136846200,AKShare stock_zh_a_spot / 新浪
002566,益盛药业,6.8700000000,6.8700000000,49027122.0000000000,7146400.0000000000,0.0000000000,0.4902712200,AKShare stock_zh_a_spot / 新浪
002567,唐人神,3.7100000000,3.6400000000,100373334.0000000000,27142821.0000000000,0.0192300000,1.0037333400,AKShare stock_zh_a_spot / 新浪
002568,百润股份,18.8400000000,18.9900000000,214828662.0000000000,11352147.0000000000,-0.0079000000,2.1482866200,AKShare stock_zh_a_spot / 新浪
002570,贝因美,4.6300000000,4.6500000000,89255360.0000000000,19237182.0000000000,-0.0043000000,0.8925536000,AKShare stock_zh_a_spot / 新浪
002571,德力股份,10.9200000000,11.2500000000,87906593.0000000000,7996000.0000000000,-0.0293300000,0.8790659300,AKShare stock_zh_a_spot / 新浪
002572,索菲亚,8.0800000000,8.0800000000,81659492.0000000000,10141230.0000000000,0.0000000000,0.8165949200,AKShare stock_zh_a_spot / 新浪
002573,清新环境,3.2400000000,3.2800000000,68938861.0000000000,21244700.0000000000,-0.0122000000,0.6893886100,AKShare stock_zh_a_spot / 新浪
002574,明牌珠宝,4.6400000000,4.6400000000,26067678.0000000000,5636200.0000000000,0.0000000000,0.2606767800,AKShare stock_zh_a_spot / 新浪
002575,群兴玩具,5.2600000000,5.5100000000,246603445.0000000000,46602606.0000000000,-0.0453700000,2.4660344500,AKShare stock_zh_a_spot / 新浪
002576,通达动力,14.4300000000,14.5200000000,35526495.0000000000,2466000.0000000000,-0.0062000000,0.3552649500,AKShare stock_zh_a_spot / 新浪
002577,雷柏科技,19.8300000000,19.7100000000,117522707.0000000000,5969900.0000000000,0.0060900000,1.1752270700,AKShare stock_zh_a_spot / 新浪
002578,闽发铝业,4.0100000000,3.7500000000,346884522.0000000000,89381500.0000000000,0.0693300000,3.4688452200,AKShare stock_zh_a_spot / 新浪
002579,中京电子,15.1500000000,15.4000000000,1030962463.0000000000,67540516.0000000000,-0.0162300000,10.3096246300,AKShare stock_zh_a_spot / 新浪
002580,圣阳股份,20.0400000000,21.9700000000,1809345146.0000000000,87196384.0000000000,-0.0878500000,18.0934514600,AKShare stock_zh_a_spot / 新浪
002582,好想你,11.7600000000,11.1100000000,776936483.0000000000,67105947.0000000000,0.0585100000,7.7693648300,AKShare stock_zh_a_spot / 新浪
002583,海能达,8.1800000000,8.3200000000,159128512.0000000000,19507327.0000000000,-0.0168300000,1.5912851200,AKShare stock_zh_a_spot / 新浪
002584,西陇科学,8.2500000000,8.3700000000,165708991.0000000000,20022000.0000000000,-0.0143400000,1.6570899100,AKShare stock_zh_a_spot / 新浪
002585,双星新材,10.5800000000,11.1800000000,989820237.0000000000,91399984.0000000000,-0.0536700000,9.8982023700,AKShare stock_zh_a_spot / 新浪
002587,奥拓电子,5.5500000000,5.6000000000,68946857.0000000000,12450550.0000000000,-0.0089300000,0.6894685700,AKShare stock_zh_a_spot / 新浪
002588,史丹利,8.7900000000,8.6000000000,174276206.0000000000,19921400.0000000000,0.0220900000,1.7427620600,AKShare stock_zh_a_spot / 新浪
002589,瑞康医药,3.4700000000,3.5800000000,668029312.0000000000,189780557.0000000000,-0.0307300000,6.6802931200,AKShare stock_zh_a_spot / 新浪
002590,万安科技,9.8300000000,9.5500000000,153440509.0000000000,15636876.0000000000,0.0293200000,1.5344050900,AKShare stock_zh_a_spot / 新浪
002591,恒大高新,6.4400000000,6.4400000000,45181767.0000000000,7048500.0000000000,0.0000000000,0.4518176700,AKShare stock_zh_a_spot / 新浪
002593,日上集团,4.5100000000,4.5100000000,49212051.0000000000,10980400.0000000000,0.0000000000,0.4921205100,AKShare stock_zh_a_spot / 新浪
002594,比亚迪,89.5300000000,89.8800000000,1852332012.0000000000,20636902.0000000000,-0.0038900000,18.5233201200,AKShare stock_zh_a_spot / 新浪
002595,豪迈科技,52.2800000000,53.7300000000,262865646.0000000000,4988291.0000000000,-0.0269900000,2.6286564600,AKShare stock_zh_a_spot / 新浪
002596,海南瑞泽,3.2300000000,3.2500000000,50869681.0000000000,15699400.0000000000,-0.0061500000,0.5086968100,AKShare stock_zh_a_spot / 新浪
002597,金禾实业,19.9000000000,20.0100000000,93834726.0000000000,4696603.0000000000,-0.0055000000,0.9383472600,AKShare stock_zh_a_spot / 新浪
002599,盛通股份,6.0300000000,6.0400000000,38754361.0000000000,6481500.0000000000,-0.0016600000,0.3875436100,AKShare stock_zh_a_spot / 新浪
002600,领益智造,12.9400000000,12.9800000000,1448739580.0000000000,112563148.0000000000,-0.0030800000,14.4873958000,AKShare stock_zh_a_spot / 新浪
002601,龙佰集团,15.3400000000,15.7400000000,324740786.0000000000,21137478.0000000000,-0.0254100000,3.2474078600,AKShare stock_zh_a_spot / 新浪
002602,世纪华通,14.2600000000,14.0700000000,1150619526.0000000000,81967986.0000000000,0.0135000000,11.5061952600,AKShare stock_zh_a_spot / 新浪
002603,以岭药业,16.8000000000,17.0100000000,371975788.0000000000,21998443.0000000000,-0.0123500000,3.7197578800,AKShare stock_zh_a_spot / 新浪
002605,姚记科技,17.7600000000,18.0300000000,93420519.0000000000,5259473.0000000000,-0.0149800000,0.9342051900,AKShare stock_zh_a_spot / 新浪
002606,大连电瓷,14.5800000000,14.7600000000,277524398.0000000000,18996695.0000000000,-0.0122000000,2.7752439800,AKShare stock_zh_a_spot / 新浪
002607,中公教育,2.0900000000,2.1100000000,262010994.0000000000,124201732.0000000000,-0.0094800000,2.6201099400,AKShare stock_zh_a_spot / 新浪
002608,江苏国信,7.0400000000,7.1400000000,102463335.0000000000,14536109.0000000000,-0.0140100000,1.0246333500,AKShare stock_zh_a_spot / 新浪
002609,捷顺科技,7.7100000000,7.8300000000,46010058.0000000000,5985600.0000000000,-0.0153300000,0.4601005800,AKShare stock_zh_a_spot / 新浪
002611,东方精工,16.3500000000,15.6700000000,918380154.0000000000,57181818.0000000000,0.0434000000,9.1838015400,AKShare stock_zh_a_spot / 新浪
002612,朗姿股份,15.7600000000,15.9200000000,110207488.0000000000,7022886.0000000000,-0.0100500000,1.1020748800,AKShare stock_zh_a_spot / 新浪
002613,北玻股份,3.4300000000,3.4200000000,55764412.0000000000,16346800.0000000000,0.0029200000,0.5576441200,AKShare stock_zh_a_spot / 新浪
002614,奥佳华,4.9500000000,4.9600000000,23807044.0000000000,4824700.0000000000,-0.0020200000,0.2380704400,AKShare stock_zh_a_spot / 新浪
002615,哈尔斯,6.7000000000,6.7600000000,56681277.0000000000,8545800.0000000000,-0.0088800000,0.5668127700,AKShare stock_zh_a_spot / 新浪
002616,长青集团,4.8500000000,4.7900000000,51627197.0000000000,10699056.0000000000,0.0125300000,0.5162719700,AKShare stock_zh_a_spot / 新浪
002617,露笑科技,6.5300000000,6.4200000000,865942450.0000000000,132543473.0000000000,0.0171300000,8.6594245000,AKShare stock_zh_a_spot / 新浪
002622,皓宸医疗,2.5400000000,2.5500000000,63085783.0000000000,24809854.0000000000,-0.0039200000,0.6308578300,AKShare stock_zh_a_spot / 新浪
002623,亚玛顿,15.8800000000,15.9700000000,50858130.0000000000,3208997.0000000000,-0.0056400000,0.5085813000,AKShare stock_zh_a_spot / 新浪
002624,完美世界,11.4100000000,11.4300000000,376477062.0000000000,33237149.0000000000,-0.0017500000,3.7647706200,AKShare stock_zh_a_spot / 新浪
002625,光启技术,29.8600000000,30.1900000000,644701499.0000000000,21632768.0000000000,-0.0109300000,6.4470149900,AKShare stock_zh_a_spot / 新浪
002626,金达威,16.5300000000,15.7300000000,260236131.0000000000,15896075.0000000000,0.0508600000,2.6023613100,AKShare stock_zh_a_spot / 新浪
002627,三峡旅游,6.4700000000,6.4500000000,33184419.0000000000,5154378.0000000000,0.0031000000,0.3318441900,AKShare stock_zh_a_spot / 新浪
002628,成都路桥,4.9800000000,5.1800000000,188414054.0000000000,37351364.0000000000,-0.0386100000,1.8841405400,AKShare stock_zh_a_spot / 新浪
002629,仁智股份,4.8600000000,4.8100000000,47821439.0000000000,9868005.0000000000,0.0104000000,0.4782143900,AKShare stock_zh_a_spot / 新浪
002631,德尔未来,9.0600000000,9.1600000000,188689936.0000000000,20735196.0000000000,-0.0109200000,1.8868993600,AKShare stock_zh_a_spot / 新浪
002632,道明光学,8.4500000000,8.5400000000,90247994.0000000000,10704500.0000000000,-0.0105400000,0.9024799400,AKShare stock_zh_a_spot / 新浪
002633,申科股份,14.6300000000,14.8000000000,18228421.0000000000,1247549.0000000000,-0.0114900000,0.1822842100,AKShare stock_zh_a_spot / 新浪
002635,安洁科技,15.9400000000,16.5200000000,328377915.0000000000,20449093.0000000000,-0.0351100000,3.2837791500,AKShare stock_zh_a_spot / 新浪
002636,金安国纪,68.7100000000,71.3900000000,3460630376.0000000000,49609943.0000000000,-0.0375400000,34.6063037600,AKShare stock_zh_a_spot / 新浪
002637,赞宇科技,11.4000000000,10.9200000000,364229825.0000000000,32136795.0000000000,0.0439600000,3.6422982500,AKShare stock_zh_a_spot / 新浪
002638,勤上股份,3.8500000000,3.5000000000,91692621.0000000000,24488170.0000000000,0.1000000000,0.9169262100,AKShare stock_zh_a_spot / 新浪
002639,雪人集团,12.0100000000,12.3300000000,262624790.0000000000,21756226.0000000000,-0.0259500000,2.6262479000,AKShare stock_zh_a_spot / 新浪
002640,跨境通,3.2900000000,3.3500000000,187954282.0000000000,57091200.0000000000,-0.0179100000,1.8795428200,AKShare stock_zh_a_spot / 新浪
002641,公元股份,3.9300000000,3.9400000000,25469466.0000000000,6492500.0000000000,-0.0025400000,0.2546946600,AKShare stock_zh_a_spot / 新浪
002642,荣联科技,7.2400000000,7.4400000000,98541377.0000000000,13600900.0000000000,-0.0268800000,0.9854137700,AKShare stock_zh_a_spot / 新浪
002643,万润股份,14.3700000000,14.6300000000,298555307.0000000000,20708753.0000000000,-0.0177700000,2.9855530700,AKShare stock_zh_a_spot / 新浪
002644,佛慈制药,8.3400000000,8.4500000000,101854536.0000000000,12133410.0000000000,-0.0130200000,1.0185453600,AKShare stock_zh_a_spot / 新浪
002645,华宏科技,20.7200000000,21.0900000000,914605212.0000000000,44025399.0000000000,-0.0175400000,9.1460521200,AKShare stock_zh_a_spot / 新浪
002646,天佑德酒,6.9500000000,6.9700000000,37561310.0000000000,5410498.0000000000,-0.0028700000,0.3756131000,AKShare stock_zh_a_spot / 新浪
002647,仁东控股,11.9700000000,11.6900000000,337069753.0000000000,28548100.0000000000,0.0239500000,3.3706975300,AKShare stock_zh_a_spot / 新浪
002648,卫星化学,26.8300000000,25.8000000000,1795152729.0000000000,67474926.0000000000,0.0399200000,17.9515272900,AKShare stock_zh_a_spot / 新浪
002649,博彦科技,9.7800000000,10.0300000000,260116702.0000000000,26668199.0000000000,-0.0249300000,2.6011670200,AKShare stock_zh_a_spot / 新浪
002651,利君股份,8.8100000000,9.2300000000,570632401.0000000000,64733653.0000000000,-0.0455000000,5.7063240100,AKShare stock_zh_a_spot / 新浪
002652,扬子新材,4.0800000000,4.1200000000,63952295.0000000000,15564060.0000000000,-0.0097100000,0.6395229500,AKShare stock_zh_a_spot / 新浪
002653,海思科,69.5600000000,70.1100000000,465296285.0000000000,6731597.0000000000,-0.0078400000,4.6529628500,AKShare stock_zh_a_spot / 新浪
002654,万润科技,14.2600000000,14.1400000000,815605494.0000000000,57228011.0000000000,0.0084900000,8.1560549400,AKShare stock_zh_a_spot / 新浪
002655,共达电声,38.0200000000,35.0800000000,1532886398.0000000000,41545065.0000000000,0.0838100000,15.3288639800,AKShare stock_zh_a_spot / 新浪
002656,摩登大道,3.0000000000,3.0000000000,27635522.0000000000,9198000.0000000000,0.0000000000,0.2763552200,AKShare stock_zh_a_spot / 新浪
002657,中科金财,15.3600000000,15.6600000000,121159955.0000000000,7920508.0000000000,-0.0191600000,1.2115995500,AKShare stock_zh_a_spot / 新浪
002658,雪迪龙,7.8200000000,7.8600000000,113726608.0000000000,14552706.0000000000,-0.0050900000,1.1372660800,AKShare stock_zh_a_spot / 新浪
002659,凯文教育,4.5600000000,4.6000000000,66038632.0000000000,14390800.0000000000,-0.0087000000,0.6603863200,AKShare stock_zh_a_spot / 新浪
002660,茂硕电源,7.4200000000,7.4800000000,28118405.0000000000,3796500.0000000000,-0.0080200000,0.2811840500,AKShare stock_zh_a_spot / 新浪
002661,克明食品,8.0900000000,7.8700000000,50491903.0000000000,6303913.0000000000,0.0279500000,0.5049190300,AKShare stock_zh_a_spot / 新浪
002662,峰璟股份,3.2300000000,3.2600000000,24963798.0000000000,7708500.0000000000,-0.0092000000,0.2496379800,AKShare stock_zh_a_spot / 新浪
002663,普邦股份,1.6700000000,1.7000000000,38771329.0000000000,23132600.0000000000,-0.0176500000,0.3877132900,AKShare stock_zh_a_spot / 新浪
002664,信质集团,16.1600000000,16.6100000000,157998805.0000000000,9820646.0000000000,-0.0270900000,1.5799880500,AKShare stock_zh_a_spot / 新浪
002666,德联集团,4.2800000000,4.2800000000,42836865.0000000000,10039000.0000000000,0.0000000000,0.4283686500,AKShare stock_zh_a_spot / 新浪
002668,TCL智家,9.8500000000,10.8200000000,864743311.0000000000,83129906.0000000000,-0.0896500000,8.6474331100,AKShare stock_zh_a_spot / 新浪
002669,康达新材,12.8200000000,13.0700000000,169125830.0000000000,13142630.0000000000,-0.0191300000,1.6912583000,AKShare stock_zh_a_spot / 新浪
002670,国盛证券,11.0600000000,11.2200000000,189677983.0000000000,17152351.0000000000,-0.0142600000,1.8967798300,AKShare stock_zh_a_spot / 新浪
002671,龙泉股份,3.9600000000,3.9700000000,25106342.0000000000,6335100.0000000000,-0.0025200000,0.2510634200,AKShare stock_zh_a_spot / 新浪
002672,东江环保,3.6500000000,3.6800000000,25344700.0000000000,6940900.0000000000,-0.0081500000,0.2534470000,AKShare stock_zh_a_spot / 新浪
002673,西部证券,6.5600000000,6.6800000000,162938972.0000000000,24729515.0000000000,-0.0179600000,1.6293897200,AKShare stock_zh_a_spot / 新浪
002674,兴业科技,30.5500000000,30.1200000000,974761984.0000000000,32225662.0000000000,0.0142800000,9.7476198400,AKShare stock_zh_a_spot / 新浪
002675,东诚药业,12.9600000000,13.0500000000,72479925.0000000000,5576436.0000000000,-0.0069000000,0.7247992500,AKShare stock_zh_a_spot / 新浪
002676,顺威股份,5.2200000000,5.0700000000,164802864.0000000000,31759754.0000000000,0.0295900000,1.6480286400,AKShare stock_zh_a_spot / 新浪
002677,浙江美大,7.0300000000,7.0600000000,36326175.0000000000,5188600.0000000000,-0.0042500000,0.3632617500,AKShare stock_zh_a_spot / 新浪
002678,珠江钢琴,4.6300000000,4.7000000000,33453874.0000000000,7200630.0000000000,-0.0148900000,0.3345387400,AKShare stock_zh_a_spot / 新浪
002679,福建金森,9.2500000000,9.0900000000,55359080.0000000000,6019700.0000000000,0.0176000000,0.5535908000,AKShare stock_zh_a_spot / 新浪
002681,奋达科技,4.5100000000,4.5700000000,136424622.0000000000,30454824.0000000000,-0.0131300000,1.3642462200,AKShare stock_zh_a_spot / 新浪
002682,龙洲股份,4.7700000000,5.1000000000,481508577.0000000000,99814200.0000000000,-0.0647100000,4.8150857700,AKShare stock_zh_a_spot / 新浪
002683,广东宏大,30.4900000000,30.8000000000,246985200.0000000000,8093800.0000000000,-0.0100600000,2.4698520000,AKShare stock_zh_a_spot / 新浪
002685,华东重机,5.8000000000,5.8600000000,199290865.0000000000,34340101.0000000000,-0.0102400000,1.9929086500,AKShare stock_zh_a_spot / 新浪
002686,亿利达,6.0600000000,6.2100000000,80359806.0000000000,13179000.0000000000,-0.0241500000,0.8035980600,AKShare stock_zh_a_spot / 新浪
002687,乔治白,6.6000000000,6.4900000000,210450893.0000000000,32111970.0000000000,0.0169500000,2.1045089300,AKShare stock_zh_a_spot / 新浪
002688,金河生物,5.3600000000,5.2600000000,78027180.0000000000,14638200.0000000000,0.0190100000,0.7802718000,AKShare stock_zh_a_spot / 新浪
002690,美亚光电,15.6800000000,15.5200000000,98982905.0000000000,6370599.0000000000,0.0103100000,0.9898290500,AKShare stock_zh_a_spot / 新浪
002692,远程股份,4.1400000000,4.2200000000,61885108.0000000000,14960400.0000000000,-0.0189600000,0.6188510800,AKShare stock_zh_a_spot / 新浪
002693,双成药业,9.8500000000,9.9800000000,109628669.0000000000,11093700.0000000000,-0.0130300000,1.0962866900,AKShare stock_zh_a_spot / 新浪
002695,煌上煌,11.4800000000,11.4200000000,99644765.0000000000,8732664.0000000000,0.0052500000,0.9964476500,AKShare stock_zh_a_spot / 新浪
002696,百洋股份,6.2200000000,6.2700000000,198810083.0000000000,31632500.0000000000,-0.0079700000,1.9881008300,AKShare stock_zh_a_spot / 新浪
002697,红旗连锁,4.6900000000,4.5800000000,142613111.0000000000,30581121.0000000000,0.0240200000,1.4261311100,AKShare stock_zh_a_spot / 新浪
002698,博实股份,12.7000000000,13.0000000000,215793035.0000000000,16921639.0000000000,-0.0230800000,2.1579303500,AKShare stock_zh_a_spot / 新浪
002700,万憬能源,6.4100000000,6.4000000000,59111977.0000000000,9186286.0000000000,0.0015600000,0.5911197700,AKShare stock_zh_a_spot / 新浪
002701,奥瑞金,4.7300000000,4.7600000000,94593554.0000000000,19993190.0000000000,-0.0063000000,0.9459355400,AKShare stock_zh_a_spot / 新浪
002702,海欣食品,5.1700000000,5.0800000000,168508606.0000000000,32629470.0000000000,0.0177200000,1.6850860600,AKShare stock_zh_a_spot / 新浪
002703,浙江世宝,15.5000000000,14.7200000000,1028704832.0000000000,67271323.0000000000,0.0529900000,10.2870483200,AKShare stock_zh_a_spot / 新浪
002705,新宝股份,11.4500000000,11.6800000000,75159918.0000000000,6535238.0000000000,-0.0196900000,0.7515991800,AKShare stock_zh_a_spot / 新浪
002706,良信股份,10.6600000000,10.0900000000,1165696306.0000000000,112035051.0000000000,0.0564900000,11.6569630600,AKShare stock_zh_a_spot / 新浪
002707,众信旅游,5.1800000000,5.1700000000,55430086.0000000000,10704324.0000000000,0.0019300000,0.5543008600,AKShare stock_zh_a_spot / 新浪
002708,光洋股份,11.8700000000,12.1300000000,358901053.0000000000,30549068.0000000000,-0.0214300000,3.5890105300,AKShare stock_zh_a_spot / 新浪
002709,天赐材料,39.1700000000,40.0400000000,2113368559.0000000000,53432517.0000000000,-0.0217300000,21.1336855900,AKShare stock_zh_a_spot / 新浪
002712,思美传媒,4.7500000000,4.8000000000,44612170.0000000000,9427770.0000000000,-0.0104200000,0.4461217000,AKShare stock_zh_a_spot / 新浪
002713,东易日盛,9.9400000000,10.2500000000,165856593.0000000000,16430708.0000000000,-0.0302400000,1.6585659300,AKShare stock_zh_a_spot / 新浪
002714,牧原股份,39.9300000000,39.2900000000,2370625773.0000000000,59492315.0000000000,0.0162900000,23.7062577300,AKShare stock_zh_a_spot / 新浪
002715,登云股份,14.4800000000,14.5300000000,51167529.0000000000,3521649.0000000000,-0.0034400000,0.5116752900,AKShare stock_zh_a_spot / 新浪
002716,湖南白银,9.4300000000,9.4900000000,1504215042.0000000000,159288603.0000000000,-0.0063200000,15.0421504200,AKShare stock_zh_a_spot / 新浪
002718,友邦吊顶,92.6300000000,91.1800000000,90892891.0000000000,984850.0000000000,0.0159000000,0.9089289100,AKShare stock_zh_a_spot / 新浪
002721,金一文化,2.6200000000,2.6900000000,320885614.0000000000,122549900.0000000000,-0.0260200000,3.2088561400,AKShare stock_zh_a_spot / 新浪
002722,物产金轮,13.1200000000,12.9700000000,83990999.0000000000,6345174.0000000000,0.0115700000,0.8399099900,AKShare stock_zh_a_spot / 新浪
002723,小崧股份,7.4900000000,7.4800000000,66600198.0000000000,8926800.0000000000,0.0013400000,0.6660019800,AKShare stock_zh_a_spot / 新浪
002724,海洋王,6.4700000000,7.1800000000,481205105.0000000000,72381688.0000000000,-0.0988900000,4.8120510500,AKShare stock_zh_a_spot / 新浪
002725,跃岭股份,11.5600000000,12.0700000000,91790020.0000000000,7919011.0000000000,-0.0422500000,0.9179002000,AKShare stock_zh_a_spot / 新浪
002727,一心堂,11.7300000000,11.9500000000,111158693.0000000000,9425979.0000000000,-0.0184100000,1.1115869300,AKShare stock_zh_a_spot / 新浪
002728,特一药业,9.5200000000,9.5600000000,156565975.0000000000,16395904.0000000000,-0.0041800000,1.5656597500,AKShare stock_zh_a_spot / 新浪
002729,好利科技,14.0300000000,14.1200000000,44649994.0000000000,3193725.0000000000,-0.0063700000,0.4464999400,AKShare stock_zh_a_spot / 新浪
002730,电光科技,22.4600000000,22.9300000000,186318743.0000000000,8247800.0000000000,-0.0205000000,1.8631874300,AKShare stock_zh_a_spot / 新浪
002732,燕塘乳业,14.1400000000,13.9500000000,23552666.0000000000,1673000.0000000000,0.0136200000,0.2355266600,AKShare stock_zh_a_spot / 新浪
002733,雄韬股份,19.5900000000,20.0100000000,209390255.0000000000,10623400.0000000000,-0.0209900000,2.0939025500,AKShare stock_zh_a_spot / 新浪
002734,利民股份,15.0800000000,15.3900000000,231096404.0000000000,15406341.0000000000,-0.0201400000,2.3109640400,AKShare stock_zh_a_spot / 新浪
002735,王子新材,11.8800000000,11.9900000000,152989146.0000000000,12942100.0000000000,-0.0091700000,1.5298914600,AKShare stock_zh_a_spot / 新浪
002736,国信证券,9.9600000000,10.0400000000,159806667.0000000000,16019209.0000000000,-0.0079700000,1.5980666700,AKShare stock_zh_a_spot / 新浪
002737,葵花药业,13.3000000000,13.3400000000,67745759.0000000000,5098473.0000000000,-0.0030000000,0.6774575900,AKShare stock_zh_a_spot / 新浪
002738,中矿资源,53.7200000000,54.4600000000,1013370208.0000000000,18713749.0000000000,-0.0135900000,10.1337020800,AKShare stock_zh_a_spot / 新浪
002739,儒意电影,8.8100000000,8.7900000000,1154260743.0000000000,131495898.0000000000,0.0022800000,11.5426074300,AKShare stock_zh_a_spot / 新浪
002741,光华科技,28.2600000000,26.4400000000,1765101731.0000000000,64121916.0000000000,0.0688400000,17.6510173100,AKShare stock_zh_a_spot / 新浪
002742,冀衡医药,4.3100000000,4.7000000000,223546762.0000000000,51360626.0000000000,-0.0829800000,2.2354676200,AKShare stock_zh_a_spot / 新浪
002743,富煌钢构,4.4700000000,4.0600000000,62818171.0000000000,14247000.0000000000,0.1009900000,0.6281817100,AKShare stock_zh_a_spot / 新浪
002745,木林森,11.7700000000,11.9200000000,529533143.0000000000,44967733.0000000000,-0.0125800000,5.2953314300,AKShare stock_zh_a_spot / 新浪
002746,仙坛股份,6.1300000000,6.1600000000,112590769.0000000000,18244012.0000000000,-0.0048700000,1.1259076900,AKShare stock_zh_a_spot / 新浪
002747,埃斯顿,40.0400000000,36.4000000000,4528055935.0000000000,121514163.0000000000,0.1000000000,45.2805593500,AKShare stock_zh_a_spot / 新浪
002748,世龙实业,12.0100000000,11.8700000000,49766873.0000000000,4159700.0000000000,0.0117900000,0.4976687300,AKShare stock_zh_a_spot / 新浪
002749,国光股份,8.8200000000,8.5600000000,53052342.0000000000,6089338.0000000000,0.0303700000,0.5305234200,AKShare stock_zh_a_spot / 新浪
002752,昇兴股份,6.0000000000,6.0300000000,36052623.0000000000,6020900.0000000000,-0.0049800000,0.3605262300,AKShare stock_zh_a_spot / 新浪
002753,永东股份,6.6600000000,6.4300000000,63681092.0000000000,9662233.0000000000,0.0357700000,0.6368109200,AKShare stock_zh_a_spot / 新浪
002755,奥赛康,13.4500000000,13.7200000000,112721682.0000000000,8362028.0000000000,-0.0196800000,1.1272168200,AKShare stock_zh_a_spot / 新浪
002756,永兴材料,48.1800000000,48.7000000000,429914822.0000000000,8896772.0000000000,-0.0106800000,4.2991482200,AKShare stock_zh_a_spot / 新浪
002757,南兴股份,17.4100000000,17.9500000000,252263869.0000000000,14447025.0000000000,-0.0300800000,2.5226386900,AKShare stock_zh_a_spot / 新浪
002758,浙农股份,8.3000000000,8.0000000000,137441482.0000000000,16790300.0000000000,0.0375000000,1.3744148200,AKShare stock_zh_a_spot / 新浪
002760,凤形股份,17.9500000000,17.9500000000,45586733.0000000000,2547300.0000000000,0.0000000000,0.4558673300,AKShare stock_zh_a_spot / 新浪
002761,浙江建投,7.2200000000,7.3300000000,81939796.0000000000,11259891.0000000000,-0.0150100000,0.8193979600,AKShare stock_zh_a_spot / 新浪
002762,金发拉比,10.3300000000,10.5200000000,144307006.0000000000,13913990.0000000000,-0.0180600000,1.4430700600,AKShare stock_zh_a_spot / 新浪
002763,汇洁股份,7.6700000000,7.6900000000,37829459.0000000000,4922000.0000000000,-0.0026000000,0.3782945900,AKShare stock_zh_a_spot / 新浪
002765,蓝黛科技,7.2600000000,7.2300000000,52777862.0000000000,7331139.0000000000,0.0041500000,0.5277786200,AKShare stock_zh_a_spot / 新浪
002766,索菱股份,4.3400000000,4.3500000000,255130294.0000000000,58532500.0000000000,-0.0023000000,2.5513029400,AKShare stock_zh_a_spot / 新浪
002767,先锋电子,18.4900000000,18.2200000000,69323389.0000000000,3799400.0000000000,0.0148200000,0.6932338900,AKShare stock_zh_a_spot / 新浪
002768,国恩股份,66.5800000000,64.2000000000,686992695.0000000000,10562126.0000000000,0.0370700000,6.8699269500,AKShare stock_zh_a_spot / 新浪
002769,普路通,6.9900000000,7.1100000000,44589038.0000000000,6359150.0000000000,-0.0168800000,0.4458903800,AKShare stock_zh_a_spot / 新浪
002771,真视通,12.9100000000,13.0900000000,62836628.0000000000,4899000.0000000000,-0.0137500000,0.6283662800,AKShare stock_zh_a_spot / 新浪
002772,众兴菌业,11.5700000000,10.7700000000,360562642.0000000000,31855060.0000000000,0.0742800000,3.6056264200,AKShare stock_zh_a_spot / 新浪
002773,康弘药业,22.0700000000,22.3100000000,124919734.0000000000,5627281.0000000000,-0.0107600000,1.2491973400,AKShare stock_zh_a_spot / 新浪
002774,快意电梯,16.9800000000,17.1000000000,400041791.0000000000,23337300.0000000000,-0.0070200000,4.0004179100,AKShare stock_zh_a_spot / 新浪
002775,文科股份,3.6400000000,3.7200000000,42609661.0000000000,11551900.0000000000,-0.0215100000,0.4260966100,AKShare stock_zh_a_spot / 新浪
002777,久远银海,12.7200000000,12.9200000000,90692114.0000000000,7157893.0000000000,-0.0154800000,0.9069211400,AKShare stock_zh_a_spot / 新浪
002778,中晟高科,15.9200000000,15.9000000000,28894758.0000000000,1824880.0000000000,0.0012600000,0.2889475800,AKShare stock_zh_a_spot / 新浪
002779,中坚科技,79.9100000000,76.2100000000,275291849.0000000000,3517882.0000000000,0.0485500000,2.7529184900,AKShare stock_zh_a_spot / 新浪
002780,三夫户外,13.2800000000,13.3800000000,34703523.0000000000,2618500.0000000000,-0.0074700000,0.3470352300,AKShare stock_zh_a_spot / 新浪
002782,可立克,16.0300000000,16.3800000000,214058102.0000000000,13098129.0000000000,-0.0213700000,2.1405810200,AKShare stock_zh_a_spot / 新浪
002783,凯龙股份,8.0500000000,7.8400000000,136756289.0000000000,17129319.0000000000,0.0267900000,1.3675628900,AKShare stock_zh_a_spot / 新浪
002785,万里石,34.9900000000,35.5400000000,111211523.0000000000,3170400.0000000000,-0.0154800000,1.1121152300,AKShare stock_zh_a_spot / 新浪
002786,银宝山新,7.7300000000,7.8100000000,43300609.0000000000,5607549.0000000000,-0.0102400000,0.4330060900,AKShare stock_zh_a_spot / 新浪
002787,华源控股,22.9300000000,23.6000000000,425570243.0000000000,18352456.0000000000,-0.0283900000,4.2557024300,AKShare stock_zh_a_spot / 新浪
002788,鹭燕医药,11.7100000000,11.6800000000,188147952.0000000000,16047265.0000000000,0.0025700000,1.8814795200,AKShare stock_zh_a_spot / 新浪
002790,瑞尔特,5.9300000000,5.9300000000,20714168.0000000000,3513400.0000000000,0.0000000000,0.2071416800,AKShare stock_zh_a_spot / 新浪
002791,坚朗五金,14.7800000000,15.0200000000,36245803.0000000000,2443269.0000000000,-0.0159800000,0.3624580300,AKShare stock_zh_a_spot / 新浪
002792,通宇通讯,34.8200000000,36.3000000000,1602215102.0000000000,45537685.0000000000,-0.0407700000,16.0221510200,AKShare stock_zh_a_spot / 新浪
002793,罗欣药业,5.3600000000,5.4200000000,186500899.0000000000,34621200.0000000000,-0.0110700000,1.8650089900,AKShare stock_zh_a_spot / 新浪
002795,永和智控,7.3100000000,7.1800000000,130742204.0000000000,17976657.0000000000,0.0181100000,1.3074220400,AKShare stock_zh_a_spot / 新浪
002796,世嘉科技,32.3300000000,32.3700000000,302415635.0000000000,9457709.0000000000,-0.0012400000,3.0241563500,AKShare stock_zh_a_spot / 新浪
002797,第一创业,6.4100000000,6.5200000000,287088300.0000000000,44700179.0000000000,-0.0168700000,2.8708830000,AKShare stock_zh_a_spot / 新浪
002798,帝欧水华,5.8100000000,5.8800000000,35953207.0000000000,6171793.0000000000,-0.0119000000,0.3595320700,AKShare stock_zh_a_spot / 新浪
002799,环球印务,6.8600000000,6.8500000000,27465734.0000000000,4031931.0000000000,0.0014600000,0.2746573400,AKShare stock_zh_a_spot / 新浪
002800,天顺股份,13.9600000000,13.6700000000,107743197.0000000000,7737916.0000000000,0.0212100000,1.0774319700,AKShare stock_zh_a_spot / 新浪
002801,微光股份,28.2300000000,28.0400000000,32453475.0000000000,1159720.0000000000,0.0067800000,0.3245347500,AKShare stock_zh_a_spot / 新浪
002802,洪汇新材,11.7200000000,11.7800000000,22990373.0000000000,1967320.0000000000,-0.0050900000,0.2299037300,AKShare stock_zh_a_spot / 新浪
002803,吉宏股份,19.6500000000,19.9700000000,216575062.0000000000,10968975.0000000000,-0.0160200000,2.1657506200,AKShare stock_zh_a_spot / 新浪
002805,丰元股份,19.8900000000,20.3000000000,227841841.0000000000,11371834.0000000000,-0.0202000000,2.2784184100,AKShare stock_zh_a_spot / 新浪
002806,华锋股份,14.2600000000,14.4200000000,75397602.0000000000,5288216.0000000000,-0.0111000000,0.7539760200,AKShare stock_zh_a_spot / 新浪
002807,江阴银行,3.9000000000,3.8900000000,117669343.0000000000,30163091.0000000000,0.0025700000,1.1766934300,AKShare stock_zh_a_spot / 新浪
002809,红墙股份,8.5400000000,8.5500000000,43128126.0000000000,5075783.0000000000,-0.0011700000,0.4312812600,AKShare stock_zh_a_spot / 新浪
002810,山东赫达,21.1400000000,21.1700000000,113200324.0000000000,5374090.0000000000,-0.0014200000,1.1320032400,AKShare stock_zh_a_spot / 新浪
002811,郑中设计,12.1900000000,11.6000000000,255850502.0000000000,21295686.0000000000,0.0508600000,2.5585050200,AKShare stock_zh_a_spot / 新浪
002812,恩捷股份,57.7100000000,57.6100000000,1056719179.0000000000,18224984.0000000000,0.0017400000,10.5671917900,AKShare stock_zh_a_spot / 新浪
002813,路畅科技,20.6700000000,20.8500000000,25908808.0000000000,1252400.0000000000,-0.0086300000,0.2590880800,AKShare stock_zh_a_spot / 新浪
002815,崇达技术,14.4300000000,13.5400000000,1134411081.0000000000,79207885.0000000000,0.0657300000,11.3441108100,AKShare stock_zh_a_spot / 新浪
002817,黄山胶囊,6.6400000000,6.6400000000,29142379.0000000000,4403000.0000000000,0.0000000000,0.2914237900,AKShare stock_zh_a_spot / 新浪
002818,富森美,10.8600000000,10.8900000000,21106859.0000000000,1947000.0000000000,-0.0027500000,0.2110685900,AKShare stock_zh_a_spot / 新浪
002819,东方中科,22.7800000000,20.7100000000,184788333.0000000000,8608665.0000000000,0.0999500000,1.8478833300,AKShare stock_zh_a_spot / 新浪
002820,桂发祥,12.2700000000,11.1500000000,50512768.0000000000,4116770.0000000000,0.1004500000,0.5051276800,AKShare stock_zh_a_spot / 新浪
002821,凯莱英,177.2500000000,177.1200000000,1846271789.0000000000,10432929.0000000000,0.0007300000,18.4627178900,AKShare stock_zh_a_spot / 新浪
002823,凯中精密,13.5800000000,13.6600000000,79906796.0000000000,5909389.0000000000,-0.0058600000,0.7990679600,AKShare stock_zh_a_spot / 新浪
002824,和胜股份,25.5700000000,25.9800000000,381634245.0000000000,15008333.0000000000,-0.0157800000,3.8163424500,AKShare stock_zh_a_spot / 新浪
002825,纳尔股份,9.1600000000,9.2700000000,29688561.0000000000,3242932.0000000000,-0.0118700000,0.2968856100,AKShare stock_zh_a_spot / 新浪
002826,易明医药,18.0600000000,17.8400000000,117745890.0000000000,6520667.0000000000,0.0123300000,1.1774589000,AKShare stock_zh_a_spot / 新浪
002827,高争民爆,58.5000000000,56.7800000000,927470923.0000000000,15985604.0000000000,0.0302900000,9.2747092300,AKShare stock_zh_a_spot / 新浪
002828,贝肯能源,12.2100000000,12.2000000000,179372508.0000000000,14754500.0000000000,0.0008200000,1.7937250800,AKShare stock_zh_a_spot / 新浪
002829,星网宇达,21.3000000000,21.2500000000,121682087.0000000000,5751480.0000000000,0.0023500000,1.2168208700,AKShare stock_zh_a_spot / 新浪
002830,名雕股份,13.9800000000,13.9400000000,41518711.0000000000,2996900.0000000000,0.0028700000,0.4151871100,AKShare stock_zh_a_spot / 新浪
002831,裕同科技,27.3000000000,28.1800000000,252594506.0000000000,9215595.0000000000,-0.0312300000,2.5259450600,AKShare stock_zh_a_spot / 新浪
002832,比音勒芬,26.3700000000,26.4200000000,196483396.0000000000,7462275.0000000000,-0.0018900000,1.9648339600,AKShare stock_zh_a_spot / 新浪
002833,弘亚数控,18.6100000000,18.4900000000,65659575.0000000000,3560064.0000000000,0.0064900000,0.6565957500,AKShare stock_zh_a_spot / 新浪
002835,同为股份,12.4700000000,12.5900000000,33459173.0000000000,2680900.0000000000,-0.0095300000,0.3345917300,AKShare stock_zh_a_spot / 新浪
002836,新宏泽,10.4300000000,10.1900000000,35450793.0000000000,3446497.0000000000,0.0235500000,0.3545079300,AKShare stock_zh_a_spot / 新浪
002837,英维克,57.5700000000,58.6900000000,2120892831.0000000000,36898755.0000000000,-0.0190800000,21.2089283100,AKShare stock_zh_a_spot / 新浪
002838,道恩股份,26.2500000000,27.1900000000,500615359.0000000000,18885175.0000000000,-0.0345700000,5.0061535900,AKShare stock_zh_a_spot / 新浪
002839,张家港行,4.2500000000,4.2800000000,93735257.0000000000,21979643.0000000000,-0.0070100000,0.9373525700,AKShare stock_zh_a_spot / 新浪
002840,华统股份,8.6900000000,8.5600000000,264107898.0000000000,30480753.0000000000,0.0151900000,2.6410789800,AKShare stock_zh_a_spot / 新浪
002841,视源股份,51.3000000000,51.1200000000,295442358.0000000000,5791743.0000000000,0.0035200000,2.9544235800,AKShare stock_zh_a_spot / 新浪
002842,翔鹭钨业,40.8200000000,40.4300000000,1814176033.0000000000,43978538.0000000000,0.0096500000,18.1417603300,AKShare stock_zh_a_spot / 新浪
002843,泰嘉股份,17.1200000000,17.2100000000,161752252.0000000000,9539550.0000000000,-0.0052300000,1.6175225200,AKShare stock_zh_a_spot / 新浪
002845,同兴达,13.6700000000,13.5600000000,117962392.0000000000,8658309.0000000000,0.0081100000,1.1796239200,AKShare stock_zh_a_spot / 新浪
002846,英联股份,10.6700000000,10.8200000000,54769535.0000000000,5133268.0000000000,-0.0138600000,0.5476953500,AKShare stock_zh_a_spot / 新浪
002847,盐津铺子,48.9000000000,48.4800000000,185363103.0000000000,3782375.0000000000,0.0086600000,1.8536310300,AKShare stock_zh_a_spot / 新浪
002848,高斯贝尔,13.0600000000,12.9000000000,59201395.0000000000,4555600.0000000000,0.0124000000,0.5920139500,AKShare stock_zh_a_spot / 新浪
002849,威星智能,18.7500000000,18.2000000000,331367295.0000000000,17928025.0000000000,0.0302200000,3.3136729500,AKShare stock_zh_a_spot / 新浪
002850,科达利,200.5600000000,193.0400000000,1312276418.0000000000,6637191.0000000000,0.0389600000,13.1227641800,AKShare stock_zh_a_spot / 新浪
002851,麦格米特,131.7000000000,135.5000000000,4039674284.0000000000,30619835.0000000000,-0.0280400000,40.3967428400,AKShare stock_zh_a_spot / 新浪
002852,道道全,8.1200000000,7.8800000000,119048772.0000000000,14794800.0000000000,0.0304600000,1.1904877200,AKShare stock_zh_a_spot / 新浪
002853,皮阿诺,21.3900000000,21.0400000000,37310734.0000000000,1748270.0000000000,0.0166300000,0.3731073400,AKShare stock_zh_a_spot / 新浪
002855,捷荣技术,10.1700000000,10.1400000000,28520946.0000000000,2824339.0000000000,0.0029600000,0.2852094600,AKShare stock_zh_a_spot / 新浪
002857,三晖电气,18.7500000000,19.1800000000,78046168.0000000000,4149300.0000000000,-0.0224200000,0.7804616800,AKShare stock_zh_a_spot / 新浪
002858,力盛体育,11.7500000000,11.7900000000,26714260.0000000000,2290000.0000000000,-0.0033900000,0.2671426000,AKShare stock_zh_a_spot / 新浪
002859,洁美科技,76.8300000000,74.9300000000,1882371025.0000000000,24663124.0000000000,0.0253600000,18.8237102500,AKShare stock_zh_a_spot / 新浪
002860,星帅尔,17.2100000000,16.8100000000,254084205.0000000000,14937608.0000000000,0.0238000000,2.5408420500,AKShare stock_zh_a_spot / 新浪
002861,瀛通通讯,16.6000000000,16.9000000000,82643643.0000000000,4931200.0000000000,-0.0177500000,0.8264364300,AKShare stock_zh_a_spot / 新浪
002862,实丰文化,13.6400000000,13.9100000000,36100414.0000000000,2644900.0000000000,-0.0194100000,0.3610041400,AKShare stock_zh_a_spot / 新浪
002863,今飞凯达,4.9000000000,4.9900000000,366268874.0000000000,75763176.0000000000,-0.0180400000,3.6626887400,AKShare stock_zh_a_spot / 新浪
002864,盘龙药业,22.6800000000,23.1800000000,86355032.0000000000,3786010.0000000000,-0.0215700000,0.8635503200,AKShare stock_zh_a_spot / 新浪
002865,钧达股份,46.9800000000,46.6300000000,402225350.0000000000,8616978.0000000000,0.0075100000,4.0222535000,AKShare stock_zh_a_spot / 新浪
002866,传艺科技,15.4000000000,15.6300000000,172074310.0000000000,11196300.0000000000,-0.0147200000,1.7207431000,AKShare stock_zh_a_spot / 新浪
002867,周大生,12.4300000000,12.4500000000,83247264.0000000000,6718135.0000000000,-0.0016100000,0.8324726400,AKShare stock_zh_a_spot / 新浪
002868,绿康生化,23.6800000000,23.1800000000,51189794.0000000000,2181030.0000000000,0.0215700000,0.5118979400,AKShare stock_zh_a_spot / 新浪
002869,金溢科技,16.2700000000,16.2900000000,39700508.0000000000,2462300.0000000000,-0.0012300000,0.3970050800,AKShare stock_zh_a_spot / 新浪
002870,香山股份,48.7700000000,48.7500000000,405739128.0000000000,8273900.0000000000,0.0004100000,4.0573912800,AKShare stock_zh_a_spot / 新浪
002871,伟隆股份,17.6300000000,17.7200000000,59729040.0000000000,3359140.0000000000,-0.0050800000,0.5972904000,AKShare stock_zh_a_spot / 新浪
002873,新天药业,8.4300000000,8.5900000000,57040078.0000000000,6749900.0000000000,-0.0186300000,0.5704007800,AKShare stock_zh_a_spot / 新浪
002875,安奈儿,13.6800000000,13.6900000000,45363569.0000000000,3331700.0000000000,-0.0007300000,0.4536356900,AKShare stock_zh_a_spot / 新浪
002876,三利谱,30.3500000000,29.9000000000,134875865.0000000000,4484354.0000000000,0.0150500000,1.3487586500,AKShare stock_zh_a_spot / 新浪
002877,智能自控,7.4000000000,7.4200000000,19296038.0000000000,2617900.0000000000,-0.0027000000,0.1929603800,AKShare stock_zh_a_spot / 新浪
002878,元隆雅图,12.5000000000,12.6100000000,43897497.0000000000,3531300.0000000000,-0.0087200000,0.4389749700,AKShare stock_zh_a_spot / 新浪
002879,长缆科技,16.9900000000,17.2300000000,282519374.0000000000,16741200.0000000000,-0.0139300000,2.8251937400,AKShare stock_zh_a_spot / 新浪
002880,卫光生物,20.4200000000,20.7800000000,22015809.0000000000,1071550.0000000000,-0.0173200000,0.2201580900,AKShare stock_zh_a_spot / 新浪
002881,美格智能,40.1500000000,39.0600000000,404195635.0000000000,10284745.0000000000,0.0279100000,4.0419563500,AKShare stock_zh_a_spot / 新浪
002882,金龙羽,21.6100000000,22.2700000000,179841228.0000000000,8266973.0000000000,-0.0296400000,1.7984122800,AKShare stock_zh_a_spot / 新浪
002884,凌霄泵业,16.0700000000,16.1000000000,16040401.0000000000,997097.0000000000,-0.0018600000,0.1604040100,AKShare stock_zh_a_spot / 新浪
002885,京泉华,31.3000000000,31.9700000000,647011115.0000000000,20599310.0000000000,-0.0209600000,6.4701111500,AKShare stock_zh_a_spot / 新浪
002886,沃特股份,20.4400000000,20.8000000000,209861624.0000000000,10220800.0000000000,-0.0173100000,2.0986162400,AKShare stock_zh_a_spot / 新浪
002887,绿茵生态,10.7000000000,10.8700000000,50102180.0000000000,4674600.0000000000,-0.0156400000,0.5010218000,AKShare stock_zh_a_spot / 新浪
002888,惠威科技,17.7900000000,17.7600000000,29697811.0000000000,1681700.0000000000,0.0016900000,0.2969781100,AKShare stock_zh_a_spot / 新浪
002889,东方嘉盛,12.5500000000,12.4500000000,38732367.0000000000,3102844.0000000000,0.0080300000,0.3873236700,AKShare stock_zh_a_spot / 新浪
002890,弘宇股份,14.3000000000,14.4000000000,17571069.0000000000,1228852.0000000000,-0.0069400000,0.1757106900,AKShare stock_zh_a_spot / 新浪
002891,中宠股份,30.6400000000,29.9800000000,326848039.0000000000,10761004.0000000000,0.0220100000,3.2684803900,AKShare stock_zh_a_spot / 新浪
002892,科力尔,9.5600000000,9.4800000000,79217010.0000000000,8297930.0000000000,0.0084400000,0.7921701000,AKShare stock_zh_a_spot / 新浪
002893,京能热力,9.8700000000,9.7500000000,75545896.0000000000,7669945.0000000000,0.0123100000,0.7554589600,AKShare stock_zh_a_spot / 新浪
002895,川恒股份,35.3800000000,34.5900000000,270726644.0000000000,7699243.0000000000,0.0228400000,2.7072664400,AKShare stock_zh_a_spot / 新浪
002896,中大力德,84.8900000000,80.0000000000,2021768139.0000000000,24308490.0000000000,0.0611300000,20.2176813900,AKShare stock_zh_a_spot / 新浪
002897,意华股份,61.8100000000,61.8200000000,516057651.0000000000,8432492.0000000000,-0.0001600000,5.1605765100,AKShare stock_zh_a_spot / 新浪
002899,英派斯,19.9000000000,20.0000000000,63804831.0000000000,3219800.0000000000,-0.0050000000,0.6380483100,AKShare stock_zh_a_spot / 新浪
002900,哈三联,14.2100000000,14.9200000000,341712967.0000000000,23758450.0000000000,-0.0475900000,3.4171296700,AKShare stock_zh_a_spot / 新浪
002901,大博医疗,44.0000000000,43.9500000000,57351144.0000000000,1301700.0000000000,0.0011400000,0.5735114400,AKShare stock_zh_a_spot / 新浪
002902,铭普光磁,26.1400000000,26.2300000000,332513010.0000000000,12786022.0000000000,-0.0034300000,3.3251301000,AKShare stock_zh_a_spot / 新浪
002903,宇环数控,29.7900000000,29.4500000000,538012366.0000000000,18179202.0000000000,0.0115400000,5.3801236600,AKShare stock_zh_a_spot / 新浪
002905,金逸影视,7.6100000000,7.7300000000,41087685.0000000000,5386432.0000000000,-0.0155200000,0.4108768500,AKShare stock_zh_a_spot / 新浪
002907,华森制药,15.8200000000,16.7900000000,907505767.0000000000,53503314.0000000000,-0.0577700000,9.0750576700,AKShare stock_zh_a_spot / 新浪
002908,德生科技,7.0800000000,7.1100000000,35645447.0000000000,5061952.0000000000,-0.0042200000,0.3564544700,AKShare stock_zh_a_spot / 新浪
002909,集泰股份,5.2300000000,5.2600000000,26030523.0000000000,4999500.0000000000,-0.0057000000,0.2603052300,AKShare stock_zh_a_spot / 新浪
002910,庄园牧场,9.7700000000,9.7400000000,68165176.0000000000,7010800.0000000000,0.0030800000,0.6816517600,AKShare stock_zh_a_spot / 新浪
002911,佛燃能源,10.9100000000,10.7700000000,54817181.0000000000,5025599.0000000000,0.0130000000,0.5481718100,AKShare stock_zh_a_spot / 新浪
002912,中新赛克,19.6300000000,19.6600000000,81939975.0000000000,4220381.0000000000,-0.0015300000,0.8193997500,AKShare stock_zh_a_spot / 新浪
002913,奥士康,61.3000000000,59.1600000000,433410129.0000000000,7263913.0000000000,0.0361700000,4.3341012900,AKShare stock_zh_a_spot / 新浪
002915,中欣氟材,17.7100000000,18.0300000000,138294790.0000000000,7771400.0000000000,-0.0177500000,1.3829479000,AKShare stock_zh_a_spot / 新浪
002916,深南电路,381.8500000000,392.9000000000,3088047200.0000000000,8086016.0000000000,-0.0281200000,30.8804720000,AKShare stock_zh_a_spot / 新浪
002917,金奥博,10.4400000000,10.5400000000,39714426.0000000000,3812200.0000000000,-0.0094900000,0.3971442600,AKShare stock_zh_a_spot / 新浪
002918,蒙娜丽莎,10.0700000000,10.4800000000,189371941.0000000000,18680171.0000000000,-0.0391200000,1.8937194100,AKShare stock_zh_a_spot / 新浪
002919,名臣健康,18.0600000000,18.7300000000,73843878.0000000000,4070140.0000000000,-0.0357700000,0.7384387800,AKShare stock_zh_a_spot / 新浪
002920,德赛西威,89.0900000000,91.2700000000,663882941.0000000000,7350331.0000000000,-0.0238900000,6.6388294100,AKShare stock_zh_a_spot / 新浪
002921,联诚精密,22.9700000000,23.0600000000,120367797.0000000000,5264132.0000000000,-0.0039000000,1.2036779700,AKShare stock_zh_a_spot / 新浪
002922,伊戈尔,27.1400000000,27.8500000000,707595084.0000000000,25563160.0000000000,-0.0254900000,7.0759508400,AKShare stock_zh_a_spot / 新浪
002923,润都股份,11.6600000000,11.7500000000,76217108.0000000000,6509100.0000000000,-0.0076600000,0.7621710800,AKShare stock_zh_a_spot / 新浪
002925,盈趣科技,23.7600000000,24.1000000000,564154065.0000000000,23334862.0000000000,-0.0141100000,5.6415406500,AKShare stock_zh_a_spot / 新浪
002926,华西证券,8.3100000000,8.4200000000,101276697.0000000000,12165200.0000000000,-0.0130600000,1.0127669700,AKShare stock_zh_a_spot / 新浪
002927,泰永长征,17.0600000000,17.0300000000,99864390.0000000000,5916000.0000000000,0.0017600000,0.9986439000,AKShare stock_zh_a_spot / 新浪
002928,华夏航空,6.2600000000,6.3900000000,108314031.0000000000,17246000.0000000000,-0.0203400000,1.0831403100,AKShare stock_zh_a_spot / 新浪
002929,润建股份,57.9000000000,58.4800000000,1013789353.0000000000,17792736.0000000000,-0.0099200000,10.1378935300,AKShare stock_zh_a_spot / 新浪
002930,宏川智慧,8.9600000000,9.0500000000,51935295.0000000000,5811330.0000000000,-0.0099400000,0.5193529500,AKShare stock_zh_a_spot / 新浪
002931,锋龙股份,54.8100000000,52.4100000000,874433450.0000000000,16183515.0000000000,0.0457900000,8.7443345000,AKShare stock_zh_a_spot / 新浪
002933,新兴装备,28.0100000000,27.0500000000,105245339.0000000000,3831307.0000000000,0.0354900000,1.0524533900,AKShare stock_zh_a_spot / 新浪
002935,天奥电子,17.0800000000,17.1900000000,60190123.0000000000,3524756.0000000000,-0.0064000000,0.6019012300,AKShare stock_zh_a_spot / 新浪
002936,郑州银行,1.7500000000,1.7600000000,111501706.0000000000,63439339.0000000000,-0.0056800000,1.1150170600,AKShare stock_zh_a_spot / 新浪
002937,兴瑞科技,32.9200000000,31.7200000000,260221871.0000000000,8127383.0000000000,0.0378300000,2.6022187100,AKShare stock_zh_a_spot / 新浪
002938,鹏鼎控股,94.7700000000,98.5000000000,2770846660.0000000000,29157412.0000000000,-0.0378700000,27.7084666000,AKShare stock_zh_a_spot / 新浪
002939,长城证券,8.1200000000,8.2300000000,194524902.0000000000,23924228.0000000000,-0.0133700000,1.9452490200,AKShare stock_zh_a_spot / 新浪
002940,昂利康,26.9200000000,27.0900000000,156729797.0000000000,5822900.0000000000,-0.0062800000,1.5672979700,AKShare stock_zh_a_spot / 新浪
002941,新疆交建,10.4600000000,10.6800000000,85555930.0000000000,8135500.0000000000,-0.0206000000,0.8555593000,AKShare stock_zh_a_spot / 新浪
002942,新农股份,15.9200000000,15.5800000000,33480134.0000000000,2128900.0000000000,0.0218200000,0.3348013400,AKShare stock_zh_a_spot / 新浪
002943,宇晶股份,36.1600000000,36.5100000000,375171278.0000000000,10364056.0000000000,-0.0095900000,3.7517127800,AKShare stock_zh_a_spot / 新浪
002945,华林证券,14.0500000000,14.4800000000,174374608.0000000000,12333344.0000000000,-0.0297000000,1.7437460800,AKShare stock_zh_a_spot / 新浪
002946,新乳业,15.8400000000,15.8700000000,120483502.0000000000,7637500.0000000000,-0.0018900000,1.2048350200,AKShare stock_zh_a_spot / 新浪
002947,恒铭达,61.3700000000,61.2700000000,390840891.0000000000,6313135.0000000000,0.0016300000,3.9084089100,AKShare stock_zh_a_spot / 新浪
002948,青岛银行,5.7500000000,5.7300000000,172152507.0000000000,29814613.0000000000,0.0034900000,1.7215250700,AKShare stock_zh_a_spot / 新浪
002949,华阳国际,10.7300000000,10.7300000000,31303474.0000000000,2925679.0000000000,0.0000000000,0.3130347400,AKShare stock_zh_a_spot / 新浪
002950,奥美医疗,9.4600000000,9.4900000000,49199782.0000000000,5178650.0000000000,-0.0031600000,0.4919978200,AKShare stock_zh_a_spot / 新浪
002951,金时科技,16.7900000000,18.6600000000,323345188.0000000000,18495181.0000000000,-0.1002100000,3.2334518800,AKShare stock_zh_a_spot / 新浪
002952,亚世光电,20.2700000000,20.3800000000,43596953.0000000000,2159500.0000000000,-0.0054000000,0.4359695300,AKShare stock_zh_a_spot / 新浪
002953,日丰股份,10.6600000000,9.6900000000,62896804.0000000000,5900263.0000000000,0.1001000000,0.6289680400,AKShare stock_zh_a_spot / 新浪
002955,鸿合科技,35.0100000000,36.9800000000,221890124.0000000000,6298650.0000000000,-0.0532700000,2.2189012400,AKShare stock_zh_a_spot / 新浪
002956,西麦食品,18.7000000000,18.3200000000,97767784.0000000000,5268642.0000000000,0.0207400000,0.9776778400,AKShare stock_zh_a_spot / 新浪
002957,科瑞技术,43.7800000000,42.1700000000,1578749838.0000000000,36040655.0000000000,0.0381800000,15.7874983800,AKShare stock_zh_a_spot / 新浪
002958,青农商行,2.9200000000,2.9300000000,132004834.0000000000,45294014.0000000000,-0.0034100000,1.3200483400,AKShare stock_zh_a_spot / 新浪
002959,小熊电器,33.9300000000,33.8900000000,25732963.0000000000,755450.0000000000,0.0011800000,0.2573296300,AKShare stock_zh_a_spot / 新浪
002960,青鸟智控,8.6800000000,8.4500000000,143188885.0000000000,16524963.0000000000,0.0272200000,1.4318888500,AKShare stock_zh_a_spot / 新浪
002961,瑞达期货,18.7000000000,19.0800000000,84587924.0000000000,4529000.0000000000,-0.0199200000,0.8458792400,AKShare stock_zh_a_spot / 新浪
002962,五方光电,13.5500000000,13.3100000000,273330160.0000000000,20168911.0000000000,0.0180300000,2.7333016000,AKShare stock_zh_a_spot / 新浪
002963,豪尔赛,18.1900000000,18.4800000000,113224880.0000000000,6134300.0000000000,-0.0156900000,1.1322488000,AKShare stock_zh_a_spot / 新浪
002965,祥鑫科技,34.2900000000,34.3300000000,526265278.0000000000,15661884.0000000000,-0.0011700000,5.2626527800,AKShare stock_zh_a_spot / 新浪
002966,苏州银行,8.5400000000,8.5300000000,287557826.0000000000,33568642.0000000000,0.0011700000,2.8755782600,AKShare stock_zh_a_spot / 新浪
002967,广电计量,17.7300000000,18.0100000000,78677140.0000000000,4436200.0000000000,-0.0155500000,0.7867714000,AKShare stock_zh_a_spot / 新浪
002968,新大正,9.1900000000,9.2100000000,19585850.0000000000,2138600.0000000000,-0.0021700000,0.1958585000,AKShare stock_zh_a_spot / 新浪
002969,嘉美包装,14.4500000000,14.3800000000,412834417.0000000000,28706633.0000000000,0.0048700000,4.1283441700,AKShare stock_zh_a_spot / 新浪
002970,锐明技术,53.4100000000,53.7300000000,149275069.0000000000,2790455.0000000000,-0.0059600000,1.4927506900,AKShare stock_zh_a_spot / 新浪
002971,和远气体,46.6200000000,46.7800000000,1093553226.0000000000,23405071.0000000000,-0.0034200000,10.9355322600,AKShare stock_zh_a_spot / 新浪
002972,科安达,14.9400000000,14.1300000000,154124231.0000000000,10511728.0000000000,0.0573200000,1.5412423100,AKShare stock_zh_a_spot / 新浪
002973,侨银股份,11.7100000000,12.0100000000,61705478.0000000000,5217600.0000000000,-0.0249800000,0.6170547800,AKShare stock_zh_a_spot / 新浪
002975,博杰股份,104.9000000000,106.0100000000,1279237899.0000000000,12143797.0000000000,-0.0104700000,12.7923789900,AKShare stock_zh_a_spot / 新浪
002976,瑞玛精密,23.5600000000,23.9500000000,120345903.0000000000,5097982.0000000000,-0.0162800000,1.2034590300,AKShare stock_zh_a_spot / 新浪
002978,安宁股份,26.0500000000,26.2100000000,53795574.0000000000,2071895.0000000000,-0.0061000000,0.5379557400,AKShare stock_zh_a_spot / 新浪
002979,雷赛智能,62.0600000000,61.7500000000,1207115944.0000000000,19557245.0000000000,0.0050200000,12.0711594400,AKShare stock_zh_a_spot / 新浪
002980,华盛昌,105.2600000000,100.2000000000,1371267501.0000000000,13073580.0000000000,0.0505000000,13.7126750100,AKShare stock_zh_a_spot / 新浪
002981,朝阳科技,23.2500000000,23.0800000000,30460946.0000000000,1318300.0000000000,0.0073700000,0.3046094600,AKShare stock_zh_a_spot / 新浪
002982,湘佳股份,12.7200000000,12.4800000000,78312626.0000000000,6172852.0000000000,0.0192300000,0.7831262600,AKShare stock_zh_a_spot / 新浪
002983,芯瑞达,20.2300000000,20.3300000000,35684911.0000000000,1772212.0000000000,-0.0049200000,0.3568491100,AKShare stock_zh_a_spot / 新浪
002984,森麒麟,13.8500000000,14.0500000000,198113682.0000000000,14300121.0000000000,-0.0142300000,1.9811368200,AKShare stock_zh_a_spot / 新浪
002985,北摩高科,26.2300000000,26.5700000000,114891867.0000000000,4382585.0000000000,-0.0128000000,1.1489186700,AKShare stock_zh_a_spot / 新浪
002986,宇新股份,13.2400000000,13.4100000000,59155433.0000000000,4428386.0000000000,-0.0126800000,0.5915543300,AKShare stock_zh_a_spot / 新浪
002987,京北方,10.8300000000,10.9100000000,122179092.0000000000,11360012.0000000000,-0.0073300000,1.2217909200,AKShare stock_zh_a_spot / 新浪
002988,豪美新材,24.0500000000,22.7700000000,354109338.0000000000,14954982.0000000000,0.0562100000,3.5410933800,AKShare stock_zh_a_spot / 新浪
002989,中天精装,24.9100000000,25.9600000000,222281355.0000000000,8903020.0000000000,-0.0404500000,2.2228135500,AKShare stock_zh_a_spot / 新浪
002990,盛视科技,55.7100000000,56.6100000000,653166263.0000000000,11786556.0000000000,-0.0159000000,6.5316626300,AKShare stock_zh_a_spot / 新浪
002991,甘源食品,43.2000000000,43.1700000000,36182588.0000000000,834300.0000000000,0.0006900000,0.3618258800,AKShare stock_zh_a_spot / 新浪
002992,宝明科技,36.0500000000,36.5400000000,50191801.0000000000,1389956.0000000000,-0.0134100000,0.5019180100,AKShare stock_zh_a_spot / 新浪
002993,奥海科技,40.7600000000,40.9000000000,280276795.0000000000,6845355.0000000000,-0.0034200000,2.8027679500,AKShare stock_zh_a_spot / 新浪
002995,天地在线,17.5800000000,17.8900000000,85188883.0000000000,4852950.0000000000,-0.0173300000,0.8518888300,AKShare stock_zh_a_spot / 新浪
002996,顺博合金,6.2200000000,6.3100000000,40626049.0000000000,6532200.0000000000,-0.0142600000,0.4062604900,AKShare stock_zh_a_spot / 新浪
002997,瑞鹄模具,27.7900000000,28.0900000000,88600278.0000000000,3193733.0000000000,-0.0106800000,0.8860027800,AKShare stock_zh_a_spot / 新浪
002998,优彩资源,8.0200000000,7.9600000000,78447382.0000000000,9865945.0000000000,0.0075400000,0.7844738200,AKShare stock_zh_a_spot / 新浪
002999,天禾股份,6.1000000000,5.9500000000,90884481.0000000000,14988580.0000000000,0.0252100000,0.9088448100,AKShare stock_zh_a_spot / 新浪
003000,劲仔食品,10.5500000000,10.4000000000,54031514.0000000000,5143400.0000000000,0.0144200000,0.5403151400,AKShare stock_zh_a_spot / 新浪
003001,中岩大地,17.5500000000,17.6300000000,207110929.0000000000,11717590.0000000000,-0.0045400000,2.0711092900,AKShare stock_zh_a_spot / 新浪
003002,壶化股份,17.1200000000,17.0100000000,38561222.0000000000,2279226.0000000000,0.0064700000,0.3856122200,AKShare stock_zh_a_spot / 新浪
003003,天元股份,11.1200000000,11.1700000000,30910695.0000000000,2794100.0000000000,-0.0044800000,0.3091069500,AKShare stock_zh_a_spot / 新浪
003004,声迅股份,74.6200000000,74.7200000000,99280136.0000000000,1332300.0000000000,-0.0013400000,0.9928013600,AKShare stock_zh_a_spot / 新浪
003005,竞业达,13.7500000000,13.8300000000,48637911.0000000000,3570380.0000000000,-0.0057800000,0.4863791100,AKShare stock_zh_a_spot / 新浪
003006,百亚股份,13.5300000000,13.4500000000,66646002.0000000000,4964700.0000000000,0.0059500000,0.6664600200,AKShare stock_zh_a_spot / 新浪
003007,直真科技,38.5000000000,39.2100000000,63514252.0000000000,1655063.0000000000,-0.0181100000,0.6351425200,AKShare stock_zh_a_spot / 新浪
003008,开普检测,19.5700000000,19.3800000000,17777357.0000000000,913510.0000000000,0.0098000000,0.1777735700,AKShare stock_zh_a_spot / 新浪
003009,中天火箭,51.8500000000,51.4400000000,166761235.0000000000,3248886.0000000000,0.0079700000,1.6676123500,AKShare stock_zh_a_spot / 新浪
003010,若羽臣,28.0000000000,27.7800000000,281261688.0000000000,10119120.0000000000,0.0079200000,2.8126168800,AKShare stock_zh_a_spot / 新浪
003011,海象新材,21.1900000000,21.0900000000,54709261.0000000000,2598500.0000000000,0.0047400000,0.5470926100,AKShare stock_zh_a_spot / 新浪
003012,东鹏控股,4.7600000000,4.7400000000,24852022.0000000000,5246225.0000000000,0.0042200000,0.2485202200,AKShare stock_zh_a_spot / 新浪
003013,地铁设计,19.5700000000,19.6200000000,134817778.0000000000,6856131.0000000000,-0.0025500000,1.3481777800,AKShare stock_zh_a_spot / 新浪
003015,日久光电,12.6000000000,12.2800000000,114438091.0000000000,9205199.0000000000,0.0260600000,1.1443809100,AKShare stock_zh_a_spot / 新浪
003016,欣贺股份,7.0200000000,7.0500000000,24401076.0000000000,3474800.0000000000,-0.0042600000,0.2440107600,AKShare stock_zh_a_spot / 新浪
003017,大洋生物,23.3100000000,23.1500000000,81131730.0000000000,3498060.0000000000,0.0069100000,0.8113173000,AKShare stock_zh_a_spot / 新浪
003018,金富科技,43.0500000000,42.5900000000,533058963.0000000000,12552173.0000000000,0.0108000000,5.3305896300,AKShare stock_zh_a_spot / 新浪
003019,宸展光电,25.1900000000,25.0200000000,193528480.0000000000,7592412.0000000000,0.0067900000,1.9352848000,AKShare stock_zh_a_spot / 新浪
003020,立方制药,19.4100000000,19.4400000000,235330368.0000000000,12153540.0000000000,-0.0015400000,2.3533036800,AKShare stock_zh_a_spot / 新浪
003021,兆威机电,81.8000000000,81.9500000000,341159075.0000000000,4206867.0000000000,-0.0018300000,3.4115907500,AKShare stock_zh_a_spot / 新浪
003022,联泓新科,20.8900000000,20.8400000000,233629831.0000000000,11149850.0000000000,0.0024000000,2.3362983100,AKShare stock_zh_a_spot / 新浪
003023,彩虹集团,27.7500000000,27.2300000000,283049174.0000000000,10422480.0000000000,0.0191000000,2.8304917400,AKShare stock_zh_a_spot / 新浪
003025,思进智能,12.5800000000,12.6200000000,37492171.0000000000,2991534.0000000000,-0.0031700000,0.3749217100,AKShare stock_zh_a_spot / 新浪
003026,中晶科技,31.2500000000,30.7200000000,327769542.0000000000,10518354.0000000000,0.0172500000,3.2776954200,AKShare stock_zh_a_spot / 新浪
003027,同兴科技,16.6900000000,16.7700000000,25901676.0000000000,1556200.0000000000,-0.0047700000,0.2590167600,AKShare stock_zh_a_spot / 新浪
003028,振邦智能,23.0600000000,22.8800000000,19440821.0000000000,852330.0000000000,0.0078700000,0.1944082100,AKShare stock_zh_a_spot / 新浪
003029,吉大正元,16.6900000000,16.9300000000,61268810.0000000000,3700400.0000000000,-0.0141800000,0.6126881000,AKShare stock_zh_a_spot / 新浪
003030,祖名股份,22.8400000000,22.0600000000,94632251.0000000000,4169400.0000000000,0.0353600000,0.9463225100,AKShare stock_zh_a_spot / 新浪
003031,中瓷电子,143.6100000000,143.0900000000,2711872182.0000000000,18681723.0000000000,0.0036300000,27.1187218200,AKShare stock_zh_a_spot / 新浪
003032,传智教育,13.1400000000,12.5100000000,1160691623.0000000000,90256949.0000000000,0.0503600000,11.6069162300,AKShare stock_zh_a_spot / 新浪
003033,征和工业,71.0100000000,71.0000000000,401442828.0000000000,5713090.0000000000,0.0001400000,4.0144282800,AKShare stock_zh_a_spot / 新浪
003035,南网能源,5.3600000000,5.4500000000,103422715.0000000000,19246189.0000000000,-0.0165100000,1.0342271500,AKShare stock_zh_a_spot / 新浪
003036,泰坦股份,59.5700000000,59.4100000000,564998712.0000000000,9449253.0000000000,0.0026900000,5.6499871200,AKShare stock_zh_a_spot / 新浪
003037,三和管桩,5.6400000000,5.7000000000,16233219.0000000000,2870676.0000000000,-0.0105300000,0.1623321900,AKShare stock_zh_a_spot / 新浪
003038,鑫铂股份,10.8800000000,10.9800000000,37279554.0000000000,3437054.0000000000,-0.0091100000,0.3727955400,AKShare stock_zh_a_spot / 新浪
003039,顺控发展,11.8700000000,11.9100000000,30504927.0000000000,2573300.0000000000,-0.0033600000,0.3050492700,AKShare stock_zh_a_spot / 新浪
003040,楚天龙,11.5300000000,11.7800000000,138104094.0000000000,11976356.0000000000,-0.0212200000,1.3810409400,AKShare stock_zh_a_spot / 新浪
003041,真爱美家,43.0300000000,43.0300000000,55352092.0000000000,1293464.0000000000,0.0000000000,0.5535209200,AKShare stock_zh_a_spot / 新浪
003042,中农联合,13.9200000000,13.5200000000,95833624.0000000000,6900969.0000000000,0.0295900000,0.9583362400,AKShare stock_zh_a_spot / 新浪
003043,华亚智能,79.5300000000,72.3000000000,651033131.0000000000,8518589.0000000000,0.1000000000,6.5103313100,AKShare stock_zh_a_spot / 新浪
003816,中国广核,3.8700000000,3.8600000000,319978602.0000000000,82944719.0000000000,0.0025900000,3.1997860200,AKShare stock_zh_a_spot / 新浪
300001,特锐德,37.5300000000,37.4400000000,796376572.0000000000,21383137.0000000000,0.0024000000,7.9637657200,AKShare stock_zh_a_spot / 新浪
300002,神州泰岳,8.1700000000,8.2800000000,272280472.0000000000,33362568.0000000000,-0.0132900000,2.7228047200,AKShare stock_zh_a_spot / 新浪
300003,乐普医疗,12.5800000000,12.7200000000,317261730.0000000000,25090342.0000000000,-0.0110100000,3.1726173000,AKShare stock_zh_a_spot / 新浪
300004,南风股份,9.1500000000,8.6000000000,579475296.0000000000,65811704.0000000000,0.0639500000,5.7947529600,AKShare stock_zh_a_spot / 新浪
300005,探路者,11.8700000000,12.0700000000,597585637.0000000000,50542237.0000000000,-0.0165700000,5.9758563700,AKShare stock_zh_a_spot / 新浪
300006,莱美药业,5.1600000000,5.2700000000,100674273.0000000000,19380790.0000000000,-0.0208700000,1.0067427300,AKShare stock_zh_a_spot / 新浪
300007,汉威科技,35.5100000000,35.3400000000,470519694.0000000000,13303796.0000000000,0.0048100000,4.7051969400,AKShare stock_zh_a_spot / 新浪
300008,天海防务,6.2700000000,6.4000000000,333685268.0000000000,53228374.0000000000,-0.0203100000,3.3368526800,AKShare stock_zh_a_spot / 新浪
300009,安科生物,8.6800000000,8.8200000000,255233387.0000000000,29096256.0000000000,-0.0158700000,2.5523338700,AKShare stock_zh_a_spot / 新浪
300011,鼎汉技术,5.9600000000,6.0400000000,23788163.0000000000,3991800.0000000000,-0.0132500000,0.2378816300,AKShare stock_zh_a_spot / 新浪
300012,华测检测,15.2200000000,15.2200000000,841041661.0000000000,55839248.0000000000,0.0000000000,8.4104166100,AKShare stock_zh_a_spot / 新浪
300013,新宁物流,4.0700000000,4.0600000000,48789771.0000000000,12057600.0000000000,0.0024600000,0.4878977100,AKShare stock_zh_a_spot / 新浪
300014,亿纬锂能,56.6600000000,57.2000000000,1530930554.0000000000,27026124.0000000000,-0.0094400000,15.3093055400,AKShare stock_zh_a_spot / 新浪
300015,爱尔眼科,8.5700000000,8.6800000000,471587520.0000000000,54876719.0000000000,-0.0126700000,4.7158752000,AKShare stock_zh_a_spot / 新浪
300016,北陆药业,8.5900000000,8.7100000000,131315821.0000000000,15169100.0000000000,-0.0137800000,1.3131582100,AKShare stock_zh_a_spot / 新浪
300017,网宿科技,16.8500000000,17.5700000000,4167204407.0000000000,245490313.0000000000,-0.0409800000,41.6720440700,AKShare stock_zh_a_spot / 新浪
300018,中元股份,11.9400000000,12.2200000000,141287840.0000000000,11906500.0000000000,-0.0229100000,1.4128784000,AKShare stock_zh_a_spot / 新浪
300019,硅宝科技,15.1600000000,15.4600000000,125335192.0000000000,8227424.0000000000,-0.0194000000,1.2533519200,AKShare stock_zh_a_spot / 新浪
300021,大禹节水,4.1500000000,3.9100000000,248170162.0000000000,60112908.0000000000,0.0613800000,2.4817016200,AKShare stock_zh_a_spot / 新浪
300022,吉峰科技,8.2200000000,8.2000000000,67664466.0000000000,8187702.0000000000,0.0024400000,0.6766446600,AKShare stock_zh_a_spot / 新浪
300024,机器人,16.6600000000,15.6500000000,1648335746.0000000000,101414361.0000000000,0.0645400000,16.4833574600,AKShare stock_zh_a_spot / 新浪
300025,华星创业,5.2900000000,5.2800000000,53657021.0000000000,10197000.0000000000,0.0018900000,0.5365702100,AKShare stock_zh_a_spot / 新浪
300026,红日药业,3.5200000000,3.6400000000,360082001.0000000000,101129783.0000000000,-0.0329700000,3.6008200100,AKShare stock_zh_a_spot / 新浪
300030,阳普医疗,6.8300000000,6.9700000000,66496520.0000000000,9714500.0000000000,-0.0200900000,0.6649652000,AKShare stock_zh_a_spot / 新浪
300031,宝通科技,22.1600000000,22.3400000000,276042681.0000000000,12495972.0000000000,-0.0080600000,2.7604268100,AKShare stock_zh_a_spot / 新浪
300032,金龙机电,3.7700000000,3.8300000000,50515876.0000000000,13420000.0000000000,-0.0156700000,0.5051587600,AKShare stock_zh_a_spot / 新浪
300033,同花顺,231.9000000000,236.0000000000,2768876476.0000000000,11978095.0000000000,-0.0173700000,27.6887647600,AKShare stock_zh_a_spot / 新浪
300034,钢研高纳,16.1700000000,16.3800000000,154124044.0000000000,9560801.0000000000,-0.0128200000,1.5412404400,AKShare stock_zh_a_spot / 新浪
300035,中科电气,13.5500000000,13.7900000000,130587578.0000000000,9624835.0000000000,-0.0174000000,1.3058757800,AKShare stock_zh_a_spot / 新浪
300036,超图软件,11.3600000000,11.4800000000,121587552.0000000000,10787501.0000000000,-0.0104500000,1.2158755200,AKShare stock_zh_a_spot / 新浪
300037,新宙邦,67.9700000000,69.6700000000,1087916116.0000000000,16022678.0000000000,-0.0244000000,10.8791611600,AKShare stock_zh_a_spot / 新浪
300039,上海凯宝,5.9000000000,6.1600000000,381161086.0000000000,63382658.0000000000,-0.0422100000,3.8116108600,AKShare stock_zh_a_spot / 新浪
300040,九洲集团,6.0400000000,6.1900000000,209675270.0000000000,34572200.0000000000,-0.0242300000,2.0967527000,AKShare stock_zh_a_spot / 新浪
300041,回天新材,11.3500000000,11.5700000000,241197239.0000000000,21131737.0000000000,-0.0190100000,2.4119723900,AKShare stock_zh_a_spot / 新浪
300042,朗科科技,44.1200000000,45.0600000000,830114269.0000000000,18671201.0000000000,-0.0208600000,8.3011426900,AKShare stock_zh_a_spot / 新浪
300043,星辉娱乐,4.6500000000,4.7700000000,135873622.0000000000,29235400.0000000000,-0.0251600000,1.3587362200,AKShare stock_zh_a_spot / 新浪
300045,华力创通,13.6300000000,13.9200000000,198324257.0000000000,14638005.0000000000,-0.0208300000,1.9832425700,AKShare stock_zh_a_spot / 新浪
300046,台基股份,25.3200000000,25.1000000000,200567456.0000000000,7990841.0000000000,0.0087600000,2.0056745600,AKShare stock_zh_a_spot / 新浪
300047,天源迪科,9.5100000000,9.6900000000,176707928.0000000000,18669246.0000000000,-0.0185800000,1.7670792800,AKShare stock_zh_a_spot / 新浪
300048,合康新能,4.9800000000,5.0100000000,38055466.0000000000,7662040.0000000000,-0.0059900000,0.3805546600,AKShare stock_zh_a_spot / 新浪
300049,福瑞医科,43.9100000000,44.8200000000,311357532.0000000000,7065874.0000000000,-0.0203000000,3.1135753200,AKShare stock_zh_a_spot / 新浪
300050,世纪鼎利,6.9400000000,6.5000000000,308921717.0000000000,45034500.0000000000,0.0676900000,3.0892171700,AKShare stock_zh_a_spot / 新浪
300051,琏升科技,8.6700000000,8.9300000000,183159771.0000000000,21071700.0000000000,-0.0291200000,1.8315977100,AKShare stock_zh_a_spot / 新浪
300052,中青宝,11.2400000000,11.5200000000,155778398.0000000000,13864192.0000000000,-0.0243100000,1.5577839800,AKShare stock_zh_a_spot / 新浪
300053,航宇微,12.9500000000,13.1100000000,189526579.0000000000,14702748.0000000000,-0.0122000000,1.8952657900,AKShare stock_zh_a_spot / 新浪
300054,鼎龙股份,81.4800000000,81.3000000000,2523422976.0000000000,31010780.0000000000,0.0022100000,25.2342297600,AKShare stock_zh_a_spot / 新浪
300055,万邦达,6.0500000000,6.0600000000,69810948.0000000000,11524300.0000000000,-0.0016500000,0.6981094800,AKShare stock_zh_a_spot / 新浪
300056,中创环保,8.5000000000,8.6900000000,64716349.0000000000,7569521.0000000000,-0.0218600000,0.6471634900,AKShare stock_zh_a_spot / 新浪
300057,万顺新材,6.5900000000,6.6900000000,178960915.0000000000,27257790.0000000000,-0.0149500000,1.7896091500,AKShare stock_zh_a_spot / 新浪
300058,蓝色光标,14.8100000000,15.4000000000,4347141810.0000000000,292391273.0000000000,-0.0383100000,43.4714181000,AKShare stock_zh_a_spot / 新浪
300059,东方财富,19.2300000000,19.5800000000,4107819160.0000000000,212960143.0000000000,-0.0178800000,41.0781916000,AKShare stock_zh_a_spot / 新浪
300061,旗天科技,6.5200000000,6.6700000000,94255712.0000000000,14470300.0000000000,-0.0224900000,0.9425571200,AKShare stock_zh_a_spot / 新浪
300062,中能电气,6.5500000000,6.7300000000,181061502.0000000000,27495719.0000000000,-0.0267500000,1.8106150200,AKShare stock_zh_a_spot / 新浪
300063,天龙集团,9.3400000000,9.6600000000,388181527.0000000000,41525700.0000000000,-0.0331300000,3.8818152700,AKShare stock_zh_a_spot / 新浪
300065,海兰信,17.6500000000,17.1600000000,1187243134.0000000000,67619058.0000000000,0.0285500000,11.8724313400,AKShare stock_zh_a_spot / 新浪
300066,三川智慧,5.1900000000,5.2700000000,70891800.0000000000,13638850.0000000000,-0.0151800000,0.7089180000,AKShare stock_zh_a_spot / 新浪
300067,安诺其,5.4900000000,5.7600000000,362395971.0000000000,65420248.0000000000,-0.0468700000,3.6239597100,AKShare stock_zh_a_spot / 新浪
300069,金利华电,28.8800000000,28.9700000000,169551457.0000000000,5894850.0000000000,-0.0031100000,1.6955145700,AKShare stock_zh_a_spot / 新浪
300070,碧水源,3.4200000000,3.4600000000,89680608.0000000000,26184151.0000000000,-0.0115600000,0.8968060800,AKShare stock_zh_a_spot / 新浪
300071,福石控股,4.2200000000,4.3900000000,233525289.0000000000,55026600.0000000000,-0.0387200000,2.3352528900,AKShare stock_zh_a_spot / 新浪
300072,海新能科,3.7600000000,3.8300000000,130644390.0000000000,34597505.0000000000,-0.0182800000,1.3064439000,AKShare stock_zh_a_spot / 新浪
300073,当升科技,42.0900000000,42.5500000000,423196368.0000000000,10024603.0000000000,-0.0108100000,4.2319636800,AKShare stock_zh_a_spot / 新浪
300074,华平股份,3.8500000000,3.8500000000,53061262.0000000000,13892468.0000000000,0.0000000000,0.5306126200,AKShare stock_zh_a_spot / 新浪
300075,数字政通,11.3100000000,11.3000000000,261228416.0000000000,23341626.0000000000,0.0008800000,2.6122841600,AKShare stock_zh_a_spot / 新浪
300077,国民技术,20.7800000000,20.5600000000,945725296.0000000000,45682094.0000000000,0.0107000000,9.4572529600,AKShare stock_zh_a_spot / 新浪
300078,思创智联,3.1400000000,3.1600000000,60611666.0000000000,19427000.0000000000,-0.0063300000,0.6061166600,AKShare stock_zh_a_spot / 新浪
300079,数码视讯,4.4800000000,4.5700000000,84334261.0000000000,18791821.0000000000,-0.0196900000,0.8433426100,AKShare stock_zh_a_spot / 新浪
300080,易成新能,3.7400000000,3.7800000000,37689201.0000000000,10043121.0000000000,-0.0105800000,0.3768920100,AKShare stock_zh_a_spot / 新浪
300082,奥克股份,7.7600000000,7.9100000000,40120166.0000000000,5142820.0000000000,-0.0189600000,0.4012016600,AKShare stock_zh_a_spot / 新浪
300083,创世纪,13.9800000000,13.9600000000,1226627256.0000000000,86864340.0000000000,0.0014300000,12.2662725600,AKShare stock_zh_a_spot / 新浪
300084,海默科技,11.1200000000,11.0800000000,90478656.0000000000,8145607.0000000000,0.0036100000,0.9047865600,AKShare stock_zh_a_spot / 新浪
300085,银之杰,30.2000000000,31.0800000000,1055438166.0000000000,35016430.0000000000,-0.0283100000,10.5543816600,AKShare stock_zh_a_spot / 新浪
300086,康芝药业,6.8300000000,6.8700000000,120216897.0000000000,17447150.0000000000,-0.0058200000,1.2021689700,AKShare stock_zh_a_spot / 新浪
300088,长信科技,7.8700000000,7.7900000000,1432689964.0000000000,181631538.0000000000,0.0102700000,14.3268996400,AKShare stock_zh_a_spot / 新浪
300092,科新机电,11.8700000000,11.9500000000,49706440.0000000000,4204400.0000000000,-0.0066900000,0.4970644000,AKShare stock_zh_a_spot / 新浪
300093,金刚光伏,25.7500000000,24.8600000000,338347390.0000000000,13204000.0000000000,0.0358000000,3.3834739000,AKShare stock_zh_a_spot / 新浪
300094,国联水产,3.1200000000,2.9200000000,450330963.0000000000,146809095.0000000000,0.0684900000,4.5033096300,AKShare stock_zh_a_spot / 新浪
300095,华伍股份,8.2100000000,8.3400000000,51310912.0000000000,6263900.0000000000,-0.0155900000,0.5131091200,AKShare stock_zh_a_spot / 新浪
300097,智云股份,9.8000000000,9.5300000000,292837890.0000000000,29617703.0000000000,0.0283300000,2.9283789000,AKShare stock_zh_a_spot / 新浪
300098,高新兴,4.6100000000,4.6900000000,163593923.0000000000,35682570.0000000000,-0.0170600000,1.6359392300,AKShare stock_zh_a_spot / 新浪
300099,尤洛卡,6.1800000000,6.2700000000,96600100.0000000000,15683400.0000000000,-0.0143500000,0.9660010000,AKShare stock_zh_a_spot / 新浪
300100,双林股份,23.4500000000,23.5200000000,191550182.0000000000,8205511.0000000000,-0.0029800000,1.9155018200,AKShare stock_zh_a_spot / 新浪
300101,振芯科技,14.9200000000,15.1700000000,108113301.0000000000,7253277.0000000000,-0.0164800000,1.0811330100,AKShare stock_zh_a_spot / 新浪
300102,乾照光电,20.1600000000,20.3100000000,988562500.0000000000,48423871.0000000000,-0.0073900000,9.8856250000,AKShare stock_zh_a_spot / 新浪
300103,达刚控股,8.2000000000,8.2000000000,37499107.0000000000,4584900.0000000000,0.0000000000,0.3749910700,AKShare stock_zh_a_spot / 新浪
300105,龙源技术,8.4400000000,8.3300000000,349333966.0000000000,40849800.0000000000,0.0132100000,3.4933396600,AKShare stock_zh_a_spot / 新浪
300106,西部牧业,10.8900000000,10.3000000000,309539054.0000000000,29012199.0000000000,0.0572800000,3.0953905400,AKShare stock_zh_a_spot / 新浪
300107,建新股份,6.4100000000,6.4900000000,55002447.0000000000,8581100.0000000000,-0.0123300000,0.5500244700,AKShare stock_zh_a_spot / 新浪
300109,新开源,14.0300000000,13.9000000000,97554935.0000000000,6987896.0000000000,0.0093500000,0.9755493500,AKShare stock_zh_a_spot / 新浪
300110,华仁药业,2.8900000000,2.9300000000,75599296.0000000000,26018697.0000000000,-0.0136500000,0.7559929600,AKShare stock_zh_a_spot / 新浪
300111,向日葵,3.1000000000,3.1400000000,96034546.0000000000,30786200.0000000000,-0.0127400000,0.9603454600,AKShare stock_zh_a_spot / 新浪
300112,万讯自控,9.2200000000,9.5900000000,157344576.0000000000,17006353.0000000000,-0.0385800000,1.5734457600,AKShare stock_zh_a_spot / 新浪
300113,顺网科技,18.0500000000,18.7000000000,487228033.0000000000,26942916.0000000000,-0.0347600000,4.8722803300,AKShare stock_zh_a_spot / 新浪
300115,长盈精密,28.8800000000,28.1300000000,1563532190.0000000000,55089382.0000000000,0.0266600000,15.6353219000,AKShare stock_zh_a_spot / 新浪
300118,东方日升,10.4800000000,10.4600000000,309037192.0000000000,29511195.0000000000,0.0019100000,3.0903719200,AKShare stock_zh_a_spot / 新浪
300119,瑞普生物,18.8400000000,18.9100000000,119493922.0000000000,6299325.0000000000,-0.0037000000,1.1949392200,AKShare stock_zh_a_spot / 新浪
300120,经纬辉开,9.1600000000,9.5500000000,761921798.0000000000,83486528.0000000000,-0.0408400000,7.6192179800,AKShare stock_zh_a_spot / 新浪
300121,阳谷华泰,9.8500000000,10.0200000000,95538682.0000000000,9670800.0000000000,-0.0169700000,0.9553868200,AKShare stock_zh_a_spot / 新浪
300122,智飞生物,12.4800000000,12.8900000000,374940376.0000000000,29811526.0000000000,-0.0318100000,3.7494037600,AKShare stock_zh_a_spot / 新浪
300124,汇川技术,62.1800000000,61.9700000000,1279917399.0000000000,20732350.0000000000,0.0033900000,12.7991739900,AKShare stock_zh_a_spot / 新浪
300125,聆达股份,8.8000000000,8.8100000000,73710657.0000000000,8312874.0000000000,-0.0011400000,0.7371065700,AKShare stock_zh_a_spot / 新浪
300126,锐奇股份,6.3700000000,6.4200000000,23040628.0000000000,3635400.0000000000,-0.0077900000,0.2304062800,AKShare stock_zh_a_spot / 新浪
300127,银河磁体,25.7800000000,25.7600000000,109509840.0000000000,4261054.0000000000,0.0007800000,1.0950984000,AKShare stock_zh_a_spot / 新浪
300128,锦富技术,4.6700000000,4.7600000000,115831431.0000000000,24803000.0000000000,-0.0189100000,1.1583143100,AKShare stock_zh_a_spot / 新浪
300129,泰胜风能,8.2900000000,8.2900000000,143391723.0000000000,17544188.0000000000,0.0000000000,1.4339172300,AKShare stock_zh_a_spot / 新浪
300130,新国都,18.9200000000,19.2900000000,188800593.0000000000,9984268.0000000000,-0.0191800000,1.8880059300,AKShare stock_zh_a_spot / 新浪
300131,英唐智控,17.6500000000,17.0000000000,1416480650.0000000000,81730709.0000000000,0.0382400000,14.1648065000,AKShare stock_zh_a_spot / 新浪
300132,诺斯贝尔,6.4100000000,6.4600000000,74673418.0000000000,11711410.0000000000,-0.0077400000,0.7467341800,AKShare stock_zh_a_spot / 新浪
300133,华策影视,7.0100000000,7.1800000000,360746960.0000000000,51432489.0000000000,-0.0236800000,3.6074696000,AKShare stock_zh_a_spot / 新浪
300134,大富科技,8.3800000000,8.5200000000,87999621.0000000000,10551544.0000000000,-0.0164300000,0.8799962100,AKShare stock_zh_a_spot / 新浪
300135,宝利国际,3.3400000000,3.3500000000,40861574.0000000000,12218800.0000000000,-0.0029900000,0.4086157400,AKShare stock_zh_a_spot / 新浪
300136,信维通信,69.6500000000,70.4000000000,2992267069.0000000000,42961254.0000000000,-0.0106500000,29.9226706900,AKShare stock_zh_a_spot / 新浪
300137,先河环保,12.5800000000,12.9500000000,224696489.0000000000,17610620.0000000000,-0.0285700000,2.2469648900,AKShare stock_zh_a_spot / 新浪
300138,晨光生物,11.2800000000,11.1300000000,114722507.0000000000,10187594.0000000000,0.0134800000,1.1472250700,AKShare stock_zh_a_spot / 新浪
300139,晓程科技,46.4400000000,47.0100000000,1446695930.0000000000,30920045.0000000000,-0.0121300000,14.4669593000,AKShare stock_zh_a_spot / 新浪
300140,节能环境,5.3900000000,5.3500000000,61184086.0000000000,11408700.0000000000,0.0074800000,0.6118408600,AKShare stock_zh_a_spot / 新浪
300141,和顺电气,10.3500000000,10.5400000000,58154371.0000000000,5619300.0000000000,-0.0180300000,0.5815437100,AKShare stock_zh_a_spot / 新浪
300142,沃森生物,13.0800000000,13.3000000000,803821342.0000000000,60778126.0000000000,-0.0165400000,8.0382134200,AKShare stock_zh_a_spot / 新浪
300143,盈康生命,8.2300000000,8.1400000000,207287888.0000000000,25542559.0000000000,0.0110600000,2.0728788800,AKShare stock_zh_a_spot / 新浪
300144,宋城演艺,5.9900000000,6.0200000000,124887775.0000000000,20862283.0000000000,-0.0049800000,1.2488777500,AKShare stock_zh_a_spot / 新浪
300145,南方泵业,4.2600000000,4.4200000000,307644660.0000000000,71418314.0000000000,-0.0362000000,3.0764466000,AKShare stock_zh_a_spot / 新浪
300146,汤臣倍健,9.8900000000,10.0000000000,107183434.0000000000,10807000.0000000000,-0.0110000000,1.0718343400,AKShare stock_zh_a_spot / 新浪
300148,天舟文化,3.4500000000,3.5000000000,56008272.0000000000,16234400.0000000000,-0.0142900000,0.5600827200,AKShare stock_zh_a_spot / 新浪
300149,睿智医药,10.7700000000,11.0800000000,337461788.0000000000,31259939.0000000000,-0.0279800000,3.3746178800,AKShare stock_zh_a_spot / 新浪
300150,世纪瑞尔,4.3200000000,4.3300000000,17790086.0000000000,4146639.0000000000,-0.0023100000,0.1779008600,AKShare stock_zh_a_spot / 新浪
300151,昌红科技,17.0300000000,17.3300000000,260560222.0000000000,15225918.0000000000,-0.0173100000,2.6056022200,AKShare stock_zh_a_spot / 新浪
300153,科泰电源,23.9500000000,24.0600000000,310374557.0000000000,13112562.0000000000,-0.0045700000,3.1037455700,AKShare stock_zh_a_spot / 新浪
300154,瑞凌股份,11.7900000000,11.4900000000,252515365.0000000000,21583700.0000000000,0.0261100000,2.5251536500,AKShare stock_zh_a_spot / 新浪
300155,安居宝,4.2900000000,4.3300000000,23847196.0000000000,5564551.0000000000,-0.0092400000,0.2384719600,AKShare stock_zh_a_spot / 新浪
300157,新锦动力,4.0500000000,4.0000000000,160346534.0000000000,39475962.0000000000,0.0125000000,1.6034653400,AKShare stock_zh_a_spot / 新浪
300158,振东制药,5.5800000000,5.5700000000,175645307.0000000000,31781307.0000000000,0.0018000000,1.7564530700,AKShare stock_zh_a_spot / 新浪
300159,新研股份,3.0300000000,3.0600000000,101116086.0000000000,33188700.0000000000,-0.0098000000,1.0111608600,AKShare stock_zh_a_spot / 新浪
300160,秀强股份,4.4100000000,4.4100000000,29438448.0000000000,6731800.0000000000,0.0000000000,0.2943844800,AKShare stock_zh_a_spot / 新浪
300161,华中数控,30.7000000000,29.8500000000,374873073.0000000000,12428754.0000000000,0.0284800000,3.7487307300,AKShare stock_zh_a_spot / 新浪
300162,雷曼光电,8.1200000000,7.9600000000,272737114.0000000000,33779221.0000000000,0.0201000000,2.7273711400,AKShare stock_zh_a_spot / 新浪
300163,先锋新材,6.9500000000,6.9400000000,208664446.0000000000,29690300.0000000000,0.0014400000,2.0866444600,AKShare stock_zh_a_spot / 新浪
300164,通源石油,10.8500000000,10.5800000000,1601867831.0000000000,146499303.0000000000,0.0255200000,16.0186783100,AKShare stock_zh_a_spot / 新浪
300165,天瑞仪器,5.1200000000,5.2600000000,71524540.0000000000,13909100.0000000000,-0.0266200000,0.7152454000,AKShare stock_zh_a_spot / 新浪
300166,东方国信,14.2200000000,14.7800000000,883106383.0000000000,61857982.0000000000,-0.0378900000,8.8310638300,AKShare stock_zh_a_spot / 新浪
300168,万达信息,5.1400000000,5.2100000000,91259567.0000000000,17862467.0000000000,-0.0134400000,0.9125956700,AKShare stock_zh_a_spot / 新浪
300169,天晟新材,5.7300000000,5.8400000000,46494105.0000000000,8110946.0000000000,-0.0188400000,0.4649410500,AKShare stock_zh_a_spot / 新浪
300170,汉得信息,16.7500000000,17.3700000000,950610884.0000000000,56729530.0000000000,-0.0356900000,9.5061088400,AKShare stock_zh_a_spot / 新浪
300171,东富龙,13.6800000000,14.0800000000,214161187.0000000000,15563167.0000000000,-0.0284100000,2.1416118700,AKShare stock_zh_a_spot / 新浪
300172,中电环保,4.6300000000,4.6600000000,37102945.0000000000,8018594.0000000000,-0.0064400000,0.3710294500,AKShare stock_zh_a_spot / 新浪
300174,元力股份,20.6600000000,21.1500000000,340376616.0000000000,16391628.0000000000,-0.0231700000,3.4037661600,AKShare stock_zh_a_spot / 新浪
300175,朗源股份,6.2900000000,6.2200000000,71618979.0000000000,11507222.0000000000,0.0112500000,0.7161897900,AKShare stock_zh_a_spot / 新浪
300177,中海达,6.3600000000,6.4400000000,51264664.0000000000,8067952.0000000000,-0.0124200000,0.5126466400,AKShare stock_zh_a_spot / 新浪
300179,四方达,39.1200000000,39.8200000000,2076403191.0000000000,53167873.0000000000,-0.0175800000,20.7640319100,AKShare stock_zh_a_spot / 新浪
300180,华峰超纤,4.2400000000,4.3400000000,94697272.0000000000,22289427.0000000000,-0.0230400000,0.9469727200,AKShare stock_zh_a_spot / 新浪
300181,佐力药业,14.5000000000,14.6900000000,364788169.0000000000,24935300.0000000000,-0.0129300000,3.6478816900,AKShare stock_zh_a_spot / 新浪
300182,捷成股份,5.0400000000,5.1400000000,490853676.0000000000,97958920.0000000000,-0.0194600000,4.9085367600,AKShare stock_zh_a_spot / 新浪
300183,东软载波,10.5700000000,10.7500000000,51910051.0000000000,4938800.0000000000,-0.0167400000,0.5191005100,AKShare stock_zh_a_spot / 新浪
300184,力源信息,12.7900000000,13.0300000000,771171784.0000000000,60141178.0000000000,-0.0184200000,7.7117178400,AKShare stock_zh_a_spot / 新浪
300185,通裕重工,2.7100000000,2.7600000000,132777882.0000000000,48823305.0000000000,-0.0181200000,1.3277788200,AKShare stock_zh_a_spot / 新浪
300187,永清环保,4.6400000000,4.7100000000,53177328.0000000000,11452300.0000000000,-0.0148600000,0.5317732800,AKShare stock_zh_a_spot / 新浪
300188,国投智能,10.6500000000,10.6500000000,131752287.0000000000,12445106.0000000000,0.0000000000,1.3175228700,AKShare stock_zh_a_spot / 新浪
300189,神农种业,6.2300000000,5.1900000000,2291043063.0000000000,390978496.0000000000,0.2003900000,22.9104306300,AKShare stock_zh_a_spot / 新浪
300190,维尔利,3.7100000000,3.7700000000,48728798.0000000000,13193900.0000000000,-0.0159200000,0.4872879800,AKShare stock_zh_a_spot / 新浪
300191,潜能恒信,33.6400000000,33.3500000000,592196423.0000000000,17393532.0000000000,0.0087000000,5.9219642300,AKShare stock_zh_a_spot / 新浪
300192,科德教育,14.6000000000,14.5100000000,253027700.0000000000,17437440.0000000000,0.0062000000,2.5302770000,AKShare stock_zh_a_spot / 新浪
300193,佳士科技,7.8800000000,7.7900000000,44698968.0000000000,5740600.0000000000,0.0115500000,0.4469896800,AKShare stock_zh_a_spot / 新浪
300194,福安药业,4.0000000000,4.0500000000,93548888.0000000000,23244916.0000000000,-0.0123500000,0.9354888800,AKShare stock_zh_a_spot / 新浪
300195,长荣股份,5.5500000000,5.5800000000,34016379.0000000000,6155200.0000000000,-0.0053800000,0.3401637900,AKShare stock_zh_a_spot / 新浪
300196,长海股份,18.8900000000,19.1500000000,292460001.0000000000,15438529.0000000000,-0.0135800000,2.9246000100,AKShare stock_zh_a_spot / 新浪
300197,节能铁汉,2.1100000000,2.1700000000,311369620.0000000000,146985273.0000000000,-0.0276500000,3.1136962000,AKShare stock_zh_a_spot / 新浪
300199,翰宇药业,25.7400000000,26.1900000000,919179693.0000000000,35727826.0000000000,-0.0171800000,9.1917969300,AKShare stock_zh_a_spot / 新浪
300200,高盟新材,8.9200000000,9.0700000000,78591436.0000000000,8790916.0000000000,-0.0165400000,0.7859143600,AKShare stock_zh_a_spot / 新浪
300201,海伦哲,15.2800000000,15.2700000000,530632653.0000000000,35056343.0000000000,0.0006500000,5.3063265300,AKShare stock_zh_a_spot / 新浪
300203,聚光科技,13.0400000000,13.0800000000,109193347.0000000000,8409990.0000000000,-0.0030600000,1.0919334700,AKShare stock_zh_a_spot / 新浪
300204,舒泰神,24.2400000000,24.9200000000,713931703.0000000000,29196605.0000000000,-0.0272900000,7.1393170300,AKShare stock_zh_a_spot / 新浪
300206,理邦仪器,12.0500000000,12.2100000000,46660753.0000000000,3870500.0000000000,-0.0131000000,0.4666075300,AKShare stock_zh_a_spot / 新浪
300207,欣旺达,18.2200000000,18.5700000000,699898609.0000000000,38432794.0000000000,-0.0188500000,6.9989860900,AKShare stock_zh_a_spot / 新浪
300209,行云科技,36.4700000000,39.3000000000,4855245986.0000000000,130508205.0000000000,-0.0720100000,48.5524598600,AKShare stock_zh_a_spot / 新浪
300210,森远股份,8.8700000000,8.8200000000,69246531.0000000000,7839490.0000000000,0.0056700000,0.6924653100,AKShare stock_zh_a_spot / 新浪
300213,佳讯飞鸿,6.3500000000,6.4200000000,87938202.0000000000,13914467.0000000000,-0.0109000000,0.8793820200,AKShare stock_zh_a_spot / 新浪
300214,日科化学,12.6500000000,13.0500000000,742819471.0000000000,58347408.0000000000,-0.0306500000,7.4281947100,AKShare stock_zh_a_spot / 新浪
300215,电科院,6.2100000000,6.2900000000,69097946.0000000000,11076700.0000000000,-0.0127200000,0.6909794600,AKShare stock_zh_a_spot / 新浪
300217,东方电热,4.4800000000,4.5600000000,133918917.0000000000,30106284.0000000000,-0.0175400000,1.3391891700,AKShare stock_zh_a_spot / 新浪
300218,安利股份,12.8100000000,12.8800000000,20119840.0000000000,1573300.0000000000,-0.0054300000,0.2011984000,AKShare stock_zh_a_spot / 新浪
300219,鸿利智汇,7.0700000000,7.0900000000,88407818.0000000000,12508700.0000000000,-0.0028200000,0.8840781800,AKShare stock_zh_a_spot / 新浪
300220,金运激光,10.8800000000,10.9900000000,19954719.0000000000,1834600.0000000000,-0.0100100000,0.1995471900,AKShare stock_zh_a_spot / 新浪
300221,银禧科技,13.8700000000,14.0700000000,230881639.0000000000,16593900.0000000000,-0.0142100000,2.3088163900,AKShare stock_zh_a_spot / 新浪
300222,科大智能,10.7800000000,10.8400000000,200704343.0000000000,18586900.0000000000,-0.0055400000,2.0070434300,AKShare stock_zh_a_spot / 新浪
300223,君正股份,152.7500000000,155.3900000000,6694038974.0000000000,43163530.0000000000,-0.0169900000,66.9403897400,AKShare stock_zh_a_spot / 新浪
300224,正海磁材,11.4100000000,11.5500000000,121974952.0000000000,10717700.0000000000,-0.0121200000,1.2197495200,AKShare stock_zh_a_spot / 新浪
300225,金力泰,7.8600000000,7.5400000000,164370342.0000000000,21150542.0000000000,0.0424400000,1.6437034200,AKShare stock_zh_a_spot / 新浪
300226,上海钢联,16.2400000000,16.5000000000,86230556.0000000000,5339353.0000000000,-0.0157600000,0.8623055600,AKShare stock_zh_a_spot / 新浪
300227,光韵达,12.1100000000,12.0300000000,178892985.0000000000,14861880.0000000000,0.0066500000,1.7889298500,AKShare stock_zh_a_spot / 新浪
300228,富瑞特装,7.4900000000,7.4700000000,117156703.0000000000,15559376.0000000000,0.0026800000,1.1715670300,AKShare stock_zh_a_spot / 新浪
300229,拓尔思,14.2300000000,14.5500000000,377325639.0000000000,26630172.0000000000,-0.0219900000,3.7732563900,AKShare stock_zh_a_spot / 新浪
300230,永利股份,4.3000000000,4.2700000000,33837843.0000000000,7908900.0000000000,0.0070300000,0.3383784300,AKShare stock_zh_a_spot / 新浪
300231,银信科技,8.5700000000,8.8000000000,127629296.0000000000,14917100.0000000000,-0.0261400000,1.2762929600,AKShare stock_zh_a_spot / 新浪
300232,洲明科技,5.2000000000,5.2600000000,73018181.0000000000,14045001.0000000000,-0.0114100000,0.7301818100,AKShare stock_zh_a_spot / 新浪
300233,金城医药,14.2000000000,14.2000000000,162575330.0000000000,11486357.0000000000,0.0000000000,1.6257533000,AKShare stock_zh_a_spot / 新浪
300234,开尔新材,9.7000000000,9.7000000000,92575759.0000000000,9566606.0000000000,0.0000000000,0.9257575900,AKShare stock_zh_a_spot / 新浪
300235,方直科技,11.3700000000,11.4100000000,98720684.0000000000,8699795.0000000000,-0.0035100000,0.9872068400,AKShare stock_zh_a_spot / 新浪
300236,上海新阳,103.4100000000,101.4600000000,1055857796.0000000000,10366164.0000000000,0.0192200000,10.5585779600,AKShare stock_zh_a_spot / 新浪
300238,冠昊生物,12.0400000000,12.2800000000,81325409.0000000000,6693318.0000000000,-0.0195400000,0.8132540900,AKShare stock_zh_a_spot / 新浪
300239,东宝生物,5.1400000000,5.1300000000,37413315.0000000000,7287500.0000000000,0.0019500000,0.3741331500,AKShare stock_zh_a_spot / 新浪
300240,飞力达,6.0800000000,5.8500000000,117456050.0000000000,19546700.0000000000,0.0393200000,1.1745605000,AKShare stock_zh_a_spot / 新浪
300241,瑞丰光电,5.9400000000,5.8500000000,217370280.0000000000,36797378.0000000000,0.0153800000,2.1737028000,AKShare stock_zh_a_spot / 新浪
300242,佳云科技,4.2300000000,4.3300000000,85301735.0000000000,20201600.0000000000,-0.0230900000,0.8530173500,AKShare stock_zh_a_spot / 新浪
300243,瑞丰高材,19.3800000000,16.8000000000,1630138965.0000000000,82659336.0000000000,0.1535700000,16.3013896500,AKShare stock_zh_a_spot / 新浪
300244,迪安诊断,20.4700000000,20.5400000000,441936938.0000000000,21736587.0000000000,-0.0034100000,4.4193693800,AKShare stock_zh_a_spot / 新浪
300246,宝莱特,18.2900000000,18.9200000000,339783211.0000000000,18897050.0000000000,-0.0333000000,3.3978321100,AKShare stock_zh_a_spot / 新浪
300247,融捷健康,3.7600000000,3.8700000000,65164339.0000000000,17198400.0000000000,-0.0284200000,0.6516433900,AKShare stock_zh_a_spot / 新浪
300248,新开普,8.9900000000,9.0400000000,103451850.0000000000,11643736.0000000000,-0.0055300000,1.0345185000,AKShare stock_zh_a_spot / 新浪
300249,依米康,13.1800000000,13.5300000000,310538100.0000000000,23657436.0000000000,-0.0258700000,3.1053810000,AKShare stock_zh_a_spot / 新浪
300250,初灵信息,15.5200000000,15.8200000000,113957076.0000000000,7396797.0000000000,-0.0189600000,1.1395707600,AKShare stock_zh_a_spot / 新浪
300251,光线传媒,11.1900000000,11.3400000000,355789051.0000000000,31781610.0000000000,-0.0132300000,3.5578905100,AKShare stock_zh_a_spot / 新浪
300252,金信诺,11.9000000000,12.2000000000,282692615.0000000000,23753700.0000000000,-0.0245900000,2.8269261500,AKShare stock_zh_a_spot / 新浪
300253,卫宁健康,7.4400000000,7.6300000000,511068550.0000000000,69057450.0000000000,-0.0249000000,5.1106855000,AKShare stock_zh_a_spot / 新浪
300254,仟源医药,9.1800000000,9.0500000000,281830668.0000000000,29934330.0000000000,0.0143600000,2.8183066800,AKShare stock_zh_a_spot / 新浪
300255,常山药业,26.5500000000,27.2800000000,1012898614.0000000000,37765845.0000000000,-0.0267600000,10.1289861400,AKShare stock_zh_a_spot / 新浪
300256,星星科技,2.7100000000,2.7300000000,44200397.0000000000,16396900.0000000000,-0.0073300000,0.4420039700,AKShare stock_zh_a_spot / 新浪
300257,开山股份,19.3500000000,19.5200000000,166385967.0000000000,8560372.0000000000,-0.0087100000,1.6638596700,AKShare stock_zh_a_spot / 新浪
300258,精锻科技,10.7200000000,10.3500000000,182588805.0000000000,17250434.0000000000,0.0357500000,1.8258880500,AKShare stock_zh_a_spot / 新浪
300259,新天科技,4.2900000000,4.4200000000,126092714.0000000000,29240564.0000000000,-0.0294100000,1.2609271400,AKShare stock_zh_a_spot / 新浪
300260,新莱应材,62.2700000000,63.4600000000,1022859532.0000000000,16376763.0000000000,-0.0187500000,10.2285953200,AKShare stock_zh_a_spot / 新浪
300261,雅本化学,5.1800000000,5.1800000000,72608329.0000000000,14029600.0000000000,0.0000000000,0.7260832900,AKShare stock_zh_a_spot / 新浪
300263,隆华科技,10.6800000000,10.5000000000,636480803.0000000000,59967035.0000000000,0.0171400000,6.3648080300,AKShare stock_zh_a_spot / 新浪
300264,佳创视讯,6.6800000000,6.8800000000,90200179.0000000000,13480500.0000000000,-0.0290700000,0.9020017900,AKShare stock_zh_a_spot / 新浪
300265,通光线缆,14.7900000000,15.0800000000,317783508.0000000000,21459600.0000000000,-0.0192300000,3.1778350800,AKShare stock_zh_a_spot / 新浪
300266,兴源环境,1.8800000000,1.9100000000,25788038.0000000000,13702600.0000000000,-0.0157100000,0.2578803800,AKShare stock_zh_a_spot / 新浪
300267,尔康制药,3.2700000000,3.3200000000,88476698.0000000000,26909112.0000000000,-0.0150600000,0.8847669800,AKShare stock_zh_a_spot / 新浪
300268,佳沃食品,12.9800000000,12.0800000000,143823291.0000000000,11196464.0000000000,0.0745000000,1.4382329100,AKShare stock_zh_a_spot / 新浪
300269,联建光电,4.9100000000,4.9100000000,73431617.0000000000,15000200.0000000000,0.0000000000,0.7343161700,AKShare stock_zh_a_spot / 新浪
300270,中威电子,12.9700000000,13.1500000000,198073913.0000000000,15249000.0000000000,-0.0136900000,1.9807391300,AKShare stock_zh_a_spot / 新浪
300271,华宇软件,5.5500000000,5.6000000000,70858829.0000000000,12845899.0000000000,-0.0089300000,0.7085882900,AKShare stock_zh_a_spot / 新浪
300272,开能健康,6.0200000000,6.1400000000,78747502.0000000000,12987000.0000000000,-0.0195400000,0.7874750200,AKShare stock_zh_a_spot / 新浪
300274,阳光电源,118.0400000000,118.8000000000,5234086109.0000000000,44137690.0000000000,-0.0064000000,52.3408610900,AKShare stock_zh_a_spot / 新浪
300275,梅安森,9.0100000000,9.1500000000,53479175.0000000000,5915000.0000000000,-0.0153000000,0.5347917500,AKShare stock_zh_a_spot / 新浪
300276,三丰智能,6.9200000000,6.7400000000,369851081.0000000000,54065691.0000000000,0.0267100000,3.6985108100,AKShare stock_zh_a_spot / 新浪
300277,汽轮科技,12.4100000000,12.6600000000,130884321.0000000000,10516876.0000000000,-0.0197500000,1.3088432100,AKShare stock_zh_a_spot / 新浪
300278,华昌达,3.9600000000,3.9400000000,55534205.0000000000,14168371.0000000000,0.0050800000,0.5553420500,AKShare stock_zh_a_spot / 新浪
300279,和晶科技,5.7500000000,5.8400000000,49520432.0000000000,8650400.0000000000,-0.0154100000,0.4952043200,AKShare stock_zh_a_spot / 新浪
300281,金明精机,6.3500000000,6.4000000000,37661035.0000000000,5961350.0000000000,-0.0078100000,0.3766103500,AKShare stock_zh_a_spot / 新浪
300283,温州宏丰,14.6100000000,14.9400000000,636656582.0000000000,42986706.0000000000,-0.0220900000,6.3665658200,AKShare stock_zh_a_spot / 新浪
300284,苏交科,5.3500000000,5.5000000000,120813136.0000000000,22509744.0000000000,-0.0272700000,1.2081313600,AKShare stock_zh_a_spot / 新浪
300285,国瓷材料,74.2600000000,73.5200000000,9648166717.0000000000,128617088.0000000000,0.0100700000,96.4816671700,AKShare stock_zh_a_spot / 新浪
300286,安科瑞,20.9400000000,21.1500000000,82022505.0000000000,3922400.0000000000,-0.0099300000,0.8202250500,AKShare stock_zh_a_spot / 新浪
300287,飞利信,3.7100000000,3.7600000000,156136325.0000000000,42299978.0000000000,-0.0133000000,1.5613632500,AKShare stock_zh_a_spot / 新浪
300288,朗玛信息,9.9500000000,10.0800000000,41018907.0000000000,4142400.0000000000,-0.0129000000,0.4101890700,AKShare stock_zh_a_spot / 新浪
300289,利德曼,5.9300000000,5.9800000000,38093770.0000000000,6406000.0000000000,-0.0083600000,0.3809377000,AKShare stock_zh_a_spot / 新浪
300291,百纳千成,5.1100000000,5.2100000000,134287025.0000000000,26459100.0000000000,-0.0191900000,1.3428702500,AKShare stock_zh_a_spot / 新浪
300292,吴通控股,4.3200000000,4.4300000000,222726238.0000000000,51360900.0000000000,-0.0248300000,2.2272623800,AKShare stock_zh_a_spot / 新浪
300293,蓝英装备,16.0500000000,16.3200000000,72757203.0000000000,4511103.0000000000,-0.0165400000,0.7275720300,AKShare stock_zh_a_spot / 新浪
300294,博雅生物,15.1500000000,15.3800000000,105052465.0000000000,6929063.0000000000,-0.0149500000,1.0505246500,AKShare stock_zh_a_spot / 新浪
300296,利亚德,5.3500000000,5.4100000000,232388315.0000000000,43359686.0000000000,-0.0110900000,2.3238831500,AKShare stock_zh_a_spot / 新浪
300298,三诺生物,15.9200000000,16.1600000000,84447431.0000000000,5276500.0000000000,-0.0148500000,0.8444743100,AKShare stock_zh_a_spot / 新浪
300299,富春股份,5.3900000000,5.5000000000,76491871.0000000000,14211300.0000000000,-0.0200000000,0.7649187100,AKShare stock_zh_a_spot / 新浪
300300,海峡创新,8.0500000000,8.1200000000,934586636.0000000000,110879586.0000000000,-0.0086200000,9.3458663600,AKShare stock_zh_a_spot / 新浪
300302,同有科技,32.1900000000,32.7000000000,1081382294.0000000000,33169801.0000000000,-0.0156000000,10.8138229400,AKShare stock_zh_a_spot / 新浪
300303,聚飞光电,7.4700000000,7.4400000000,365844391.0000000000,48967101.0000000000,0.0040300000,3.6584439100,AKShare stock_zh_a_spot / 新浪
300304,云意电气,12.5300000000,12.8900000000,429274419.0000000000,34844473.0000000000,-0.0279300000,4.2927441900,AKShare stock_zh_a_spot / 新浪
300305,裕兴股份,6.3100000000,6.4700000000,85132325.0000000000,13468500.0000000000,-0.0247300000,0.8513232500,AKShare stock_zh_a_spot / 新浪
300306,远方信息,10.1600000000,10.1900000000,21593043.0000000000,2135800.0000000000,-0.0029400000,0.2159304300,AKShare stock_zh_a_spot / 新浪
300307,慈星股份,8.1400000000,7.8100000000,447777049.0000000000,55828959.0000000000,0.0422500000,4.4777704900,AKShare stock_zh_a_spot / 新浪
300308,中际旭创,988.1000000000,1001.0300000000,21830696238.0000000000,22073870.0000000000,-0.0129200000,218.3069623800,AKShare stock_zh_a_spot / 新浪
300310,宜通世纪,4.3700000000,4.5000000000,83969736.0000000000,19171300.0000000000,-0.0288900000,0.8396973600,AKShare stock_zh_a_spot / 新浪
300311,任子行,5.9800000000,6.0900000000,317285719.0000000000,53392190.0000000000,-0.0180600000,3.1728571900,AKShare stock_zh_a_spot / 新浪
300313,天山生物,12.8800000000,10.7300000000,187806822.0000000000,15072310.0000000000,0.2003700000,1.8780682200,AKShare stock_zh_a_spot / 新浪
300314,戴维医疗,15.3500000000,14.7400000000,765198492.0000000000,48602337.0000000000,0.0413800000,7.6519849200,AKShare stock_zh_a_spot / 新浪
300315,掌趣科技,4.1300000000,4.2100000000,214868447.0000000000,52197517.0000000000,-0.0190000000,2.1486844700,AKShare stock_zh_a_spot / 新浪
300316,晶盛机电,46.1500000000,45.3600000000,684423229.0000000000,14890117.0000000000,0.0174200000,6.8442322900,AKShare stock_zh_a_spot / 新浪
300317,珈伟新能,4.2600000000,4.5100000000,348318508.0000000000,80579664.0000000000,-0.0554300000,3.4831850800,AKShare stock_zh_a_spot / 新浪
300318,博晖创新,5.0700000000,5.1100000000,37009518.0000000000,7279100.0000000000,-0.0078300000,0.3700951800,AKShare stock_zh_a_spot / 新浪
300319,麦捷科技,19.5000000000,19.1000000000,3261413375.0000000000,166570645.0000000000,0.0209400000,32.6141337500,AKShare stock_zh_a_spot / 新浪
300320,海达股份,8.8800000000,9.0500000000,64748596.0000000000,7313100.0000000000,-0.0187800000,0.6474859600,AKShare stock_zh_a_spot / 新浪
300321,同大股份,34.4900000000,35.1900000000,78208875.0000000000,2268400.0000000000,-0.0198900000,0.7820887500,AKShare stock_zh_a_spot / 新浪
300322,硕贝德,18.8900000000,19.4200000000,490685251.0000000000,25895804.0000000000,-0.0272900000,4.9068525100,AKShare stock_zh_a_spot / 新浪
300323,华灿光电,12.9500000000,12.7400000000,849729018.0000000000,66421817.0000000000,0.0164800000,8.4972901800,AKShare stock_zh_a_spot / 新浪
300324,旋极信息,3.7300000000,3.8100000000,98531481.0000000000,26329819.0000000000,-0.0210000000,0.9853148100,AKShare stock_zh_a_spot / 新浪
300327,中颖电子,23.6600000000,23.8100000000,208499134.0000000000,8829857.0000000000,-0.0063000000,2.0849913400,AKShare stock_zh_a_spot / 新浪
300328,宜安科技,15.2500000000,14.9700000000,497328030.0000000000,33220846.0000000000,0.0187000000,4.9732803000,AKShare stock_zh_a_spot / 新浪
300329,海伦钢琴,12.1000000000,12.0800000000,29390005.0000000000,2436700.0000000000,0.0016600000,0.2939000500,AKShare stock_zh_a_spot / 新浪
300331,苏大维格,52.0200000000,52.6200000000,588535426.0000000000,11228402.0000000000,-0.0114000000,5.8853542600,AKShare stock_zh_a_spot / 新浪
300332,天壕能源,4.8500000000,4.8000000000,92753329.0000000000,19082200.0000000000,0.0104200000,0.9275332900,AKShare stock_zh_a_spot / 新浪
300333,兆日科技,11.8100000000,12.1500000000,848825702.0000000000,68992037.0000000000,-0.0279800000,8.4882570200,AKShare stock_zh_a_spot / 新浪
300334,津膜科技,8.7800000000,8.7900000000,48130807.0000000000,5542200.0000000000,-0.0011400000,0.4813080700,AKShare stock_zh_a_spot / 新浪
300335,迪森股份,5.3200000000,5.3500000000,53931519.0000000000,10147374.0000000000,-0.0056100000,0.5393151900,AKShare stock_zh_a_spot / 新浪
300337,银邦股份,10.2000000000,10.2700000000,128646969.0000000000,12622708.0000000000,-0.0068200000,1.2864696900,AKShare stock_zh_a_spot / 新浪
300339,润和软件,39.6700000000,36.9600000000,2533492640.0000000000,66174094.0000000000,0.0733200000,25.3349264000,AKShare stock_zh_a_spot / 新浪
300340,科恒股份,8.6500000000,8.6900000000,31583883.0000000000,3652620.0000000000,-0.0046000000,0.3158388300,AKShare stock_zh_a_spot / 新浪
300341,麦克奥迪,12.8700000000,13.1400000000,41565396.0000000000,3218900.0000000000,-0.0205500000,0.4156539600,AKShare stock_zh_a_spot / 新浪
300342,天银机电,37.5000000000,37.7000000000,568079641.0000000000,15192945.0000000000,-0.0053100000,5.6807964100,AKShare stock_zh_a_spot / 新浪
300343,联创股份,5.8400000000,6.0700000000,163634023.0000000000,27647700.0000000000,-0.0378900000,1.6363402300,AKShare stock_zh_a_spot / 新浪
300345,华民股份,9.3700000000,8.9000000000,1186602837.0000000000,129162127.0000000000,0.0528100000,11.8660283700,AKShare stock_zh_a_spot / 新浪
300346,南大光电,61.8700000000,61.2000000000,3126886272.0000000000,50743276.0000000000,0.0109500000,31.2688627200,AKShare stock_zh_a_spot / 新浪
300347,泰格医药,53.9500000000,55.1800000000,1158348279.0000000000,21572510.0000000000,-0.0222900000,11.5834827900,AKShare stock_zh_a_spot / 新浪
300348,长亮科技,9.1700000000,9.2800000000,139480941.0000000000,15325900.0000000000,-0.0118500000,1.3948094100,AKShare stock_zh_a_spot / 新浪
300349,金卡智能,10.5300000000,10.7200000000,92715054.0000000000,8805459.0000000000,-0.0177200000,0.9271505400,AKShare stock_zh_a_spot / 新浪
300350,华鹏飞,4.3400000000,4.3700000000,32229132.0000000000,7429780.0000000000,-0.0068600000,0.3222913200,AKShare stock_zh_a_spot / 新浪
300351,永贵电器,14.3900000000,14.7100000000,133192191.0000000000,9207481.0000000000,-0.0217500000,1.3319219100,AKShare stock_zh_a_spot / 新浪
300353,东土科技,19.7300000000,19.2100000000,392019043.0000000000,20290281.0000000000,0.0270700000,3.9201904300,AKShare stock_zh_a_spot / 新浪
300354,东华测试,30.7800000000,30.9900000000,45976535.0000000000,1500500.0000000000,-0.0067800000,0.4597653500,AKShare stock_zh_a_spot / 新浪
300355,蒙草生态,2.9900000000,3.0200000000,53019474.0000000000,17713257.0000000000,-0.0099300000,0.5301947400,AKShare stock_zh_a_spot / 新浪
300357,我武生物,24.7100000000,25.3400000000,319337907.0000000000,12926373.0000000000,-0.0248600000,3.1933790700,AKShare stock_zh_a_spot / 新浪
300358,楚天科技,8.9500000000,9.0200000000,162790391.0000000000,18217650.0000000000,-0.0077600000,1.6279039100,AKShare stock_zh_a_spot / 新浪
300359,全通教育,4.1800000000,4.2700000000,73846260.0000000000,17500410.0000000000,-0.0210800000,0.7384626000,AKShare stock_zh_a_spot / 新浪
300360,炬华科技,11.9400000000,12.1000000000,54731629.0000000000,4583090.0000000000,-0.0132200000,0.5473162900,AKShare stock_zh_a_spot / 新浪
300363,博腾股份,21.5600000000,21.9000000000,498241659.0000000000,23158747.0000000000,-0.0155300000,4.9824165900,AKShare stock_zh_a_spot / 新浪
300364,中文在线,24.2200000000,25.1200000000,938658205.0000000000,38561869.0000000000,-0.0358300000,9.3865820500,AKShare stock_zh_a_spot / 新浪
300365,恒华科技,4.8200000000,4.8300000000,38985964.0000000000,8171199.0000000000,-0.0020700000,0.3898596400,AKShare stock_zh_a_spot / 新浪
300368,汇金股份,8.1000000000,8.5700000000,264597451.0000000000,32243800.0000000000,-0.0548400000,2.6459745100,AKShare stock_zh_a_spot / 新浪
300369,绿盟科技,7.6100000000,7.8500000000,460933809.0000000000,60920348.0000000000,-0.0305700000,4.6093380900,AKShare stock_zh_a_spot / 新浪
300370,安控科技,2.2400000000,2.2300000000,44309164.0000000000,19878600.0000000000,0.0044800000,0.4430916400,AKShare stock_zh_a_spot / 新浪
300371,汇中股份,10.5100000000,10.5000000000,23000142.0000000000,2186533.0000000000,0.0009500000,0.2300014200,AKShare stock_zh_a_spot / 新浪
300373,扬杰科技,102.2000000000,99.7800000000,1951218170.0000000000,19335876.0000000000,0.0242500000,19.5121817000,AKShare stock_zh_a_spot / 新浪
300374,中铁装配,10.8600000000,11.0000000000,26060117.0000000000,2408000.0000000000,-0.0127300000,0.2606011700,AKShare stock_zh_a_spot / 新浪
300375,鹏翎股份,4.0100000000,4.0300000000,37153051.0000000000,9251700.0000000000,-0.0049600000,0.3715305100,AKShare stock_zh_a_spot / 新浪
300376,易事特,4.6400000000,4.7700000000,96000783.0000000000,20625665.0000000000,-0.0272500000,0.9600078300,AKShare stock_zh_a_spot / 新浪
300377,赢时胜,14.0600000000,14.4500000000,397189331.0000000000,28349305.0000000000,-0.0269900000,3.9718933100,AKShare stock_zh_a_spot / 新浪
300378,鼎捷数智,35.3100000000,36.1900000000,352456274.0000000000,9980700.0000000000,-0.0243200000,3.5245627400,AKShare stock_zh_a_spot / 新浪
300380,安硕信息,28.9300000000,29.3600000000,77390424.0000000000,2690314.0000000000,-0.0146500000,0.7739042400,AKShare stock_zh_a_spot / 新浪
300381,溢多利,6.5900000000,6.3400000000,105436106.0000000000,16267540.0000000000,0.0394300000,1.0543610600,AKShare stock_zh_a_spot / 新浪
300382,斯莱克,16.5700000000,16.3300000000,381881240.0000000000,23231829.0000000000,0.0147000000,3.8188124000,AKShare stock_zh_a_spot / 新浪
300383,光环新网,12.8200000000,13.2500000000,848315929.0000000000,65894811.0000000000,-0.0324500000,8.4831592900,AKShare stock_zh_a_spot / 新浪
300384,三联虹普,12.6300000000,12.3200000000,97379071.0000000000,7746960.0000000000,0.0251600000,0.9737907100,AKShare stock_zh_a_spot / 新浪
300386,飞天诚信,12.3500000000,11.2100000000,389693064.0000000000,32551338.0000000000,0.1016900000,3.8969306400,AKShare stock_zh_a_spot / 新浪
300387,富邦科技,7.7300000000,7.4900000000,170717287.0000000000,22059036.0000000000,0.0320400000,1.7071728700,AKShare stock_zh_a_spot / 新浪
300388,节能国祯,6.8600000000,6.9300000000,41798536.0000000000,6100821.0000000000,-0.0101000000,0.4179853600,AKShare stock_zh_a_spot / 新浪
300389,艾比森,12.4500000000,12.5800000000,44833124.0000000000,3599981.0000000000,-0.0103300000,0.4483312400,AKShare stock_zh_a_spot / 新浪
300390,天华新能,63.8200000000,67.6000000000,3135329959.0000000000,48094828.0000000000,-0.0559200000,31.3532995900,AKShare stock_zh_a_spot / 新浪
300393,中来股份,6.3700000000,6.4400000000,85832981.0000000000,13483700.0000000000,-0.0108700000,0.8583298100,AKShare stock_zh_a_spot / 新浪
300394,天孚通信,291.4400000000,286.5600000000,15715979196.0000000000,54769227.0000000000,0.0170300000,157.1597919600,AKShare stock_zh_a_spot / 新浪
300395,菲利华,93.6500000000,95.2500000000,1928179964.0000000000,20564988.0000000000,-0.0168000000,19.2817996400,AKShare stock_zh_a_spot / 新浪
300397,天和防务,11.6700000000,12.0800000000,333458037.0000000000,28266030.0000000000,-0.0339400000,3.3345803700,AKShare stock_zh_a_spot / 新浪
300398,飞凯材料,38.4000000000,39.2000000000,1583319911.0000000000,41190947.0000000000,-0.0204100000,15.8331991100,AKShare stock_zh_a_spot / 新浪
300399,天利科技,17.4500000000,17.6700000000,62270929.0000000000,3585000.0000000000,-0.0124500000,0.6227092900,AKShare stock_zh_a_spot / 新浪
300400,劲拓股份,30.6000000000,30.6900000000,411163500.0000000000,13355079.0000000000,-0.0029300000,4.1116350000,AKShare stock_zh_a_spot / 新浪
300401,花园生物,15.5600000000,15.9200000000,682570561.0000000000,44306929.0000000000,-0.0226100000,6.8257056100,AKShare stock_zh_a_spot / 新浪
300402,宝色股份,14.6400000000,14.8600000000,27099793.0000000000,1843002.0000000000,-0.0148000000,0.2709979300,AKShare stock_zh_a_spot / 新浪
300403,汉宇集团,9.9700000000,10.0400000000,141978604.0000000000,14351920.0000000000,-0.0069700000,1.4197860400,AKShare stock_zh_a_spot / 新浪
300404,博济医药,16.6400000000,17.6000000000,1375396672.0000000000,81421104.0000000000,-0.0545500000,13.7539667200,AKShare stock_zh_a_spot / 新浪
300405,科隆股份,5.7000000000,5.7400000000,33668558.0000000000,5921100.0000000000,-0.0069700000,0.3366855800,AKShare stock_zh_a_spot / 新浪
300406,九强生物,11.8200000000,11.8900000000,54824202.0000000000,4630919.0000000000,-0.0058900000,0.5482420200,AKShare stock_zh_a_spot / 新浪
300407,凯发电气,11.8100000000,12.2300000000,113324056.0000000000,9484700.0000000000,-0.0343400000,1.1332405600,AKShare stock_zh_a_spot / 新浪
300408,三环集团,123.9900000000,130.1500000000,9305735567.0000000000,72588240.0000000000,-0.0473300000,93.0573556700,AKShare stock_zh_a_spot / 新浪
300409,道氏技术,19.0800000000,19.7400000000,547277974.0000000000,28530890.0000000000,-0.0334300000,5.4727797400,AKShare stock_zh_a_spot / 新浪
300410,正业科技,8.1500000000,8.3500000000,139987847.0000000000,17047500.0000000000,-0.0239500000,1.3998784700,AKShare stock_zh_a_spot / 新浪
300411,金盾股份,7.8100000000,8.1100000000,158579156.0000000000,20084955.0000000000,-0.0369900000,1.5857915600,AKShare stock_zh_a_spot / 新浪
300412,迦南科技,4.5600000000,4.6300000000,39588382.0000000000,8691530.0000000000,-0.0151200000,0.3958838200,AKShare stock_zh_a_spot / 新浪
300413,芒果超媒,15.1500000000,15.4200000000,240157463.0000000000,15890758.0000000000,-0.0175100000,2.4015746300,AKShare stock_zh_a_spot / 新浪
300414,中光防雷,11.5200000000,11.7900000000,96451542.0000000000,8368400.0000000000,-0.0229000000,0.9645154200,AKShare stock_zh_a_spot / 新浪
300415,伊之密,20.7000000000,20.9800000000,79845395.0000000000,3864649.0000000000,-0.0133500000,0.7984539500,AKShare stock_zh_a_spot / 新浪
300416,苏试试验,15.5700000000,15.7900000000,211962316.0000000000,13593130.0000000000,-0.0139300000,2.1196231600,AKShare stock_zh_a_spot / 新浪
300417,南华仪器,11.1600000000,11.1800000000,24803367.0000000000,2232532.0000000000,-0.0017900000,0.2480336700,AKShare stock_zh_a_spot / 新浪
300418,昆仑万维,44.4800000000,44.7000000000,2110444221.0000000000,47527907.0000000000,-0.0049200000,21.1044422100,AKShare stock_zh_a_spot / 新浪
300420,五洋自控,8.0700000000,8.2900000000,846708449.0000000000,105508524.0000000000,-0.0265400000,8.4670844900,AKShare stock_zh_a_spot / 新浪
300421,力星股份,17.8000000000,18.0100000000,137194702.0000000000,7723000.0000000000,-0.0116600000,1.3719470200,AKShare stock_zh_a_spot / 新浪
300422,博世科,4.1600000000,4.2700000000,77401119.0000000000,18512122.0000000000,-0.0257600000,0.7740111900,AKShare stock_zh_a_spot / 新浪
300423,昇辉科技,5.9700000000,6.0900000000,90084608.0000000000,15143700.0000000000,-0.0197000000,0.9008460800,AKShare stock_zh_a_spot / 新浪
300424,航新科技,15.0000000000,15.2200000000,126366288.0000000000,8420324.0000000000,-0.0144500000,1.2636628800,AKShare stock_zh_a_spot / 新浪
300425,中建环能,3.9800000000,4.0200000000,25158365.0000000000,6308769.0000000000,-0.0099500000,0.2515836500,AKShare stock_zh_a_spot / 新浪
300426,华智数媒,6.4700000000,6.6500000000,133101494.0000000000,20517316.0000000000,-0.0270700000,1.3310149400,AKShare stock_zh_a_spot / 新浪
300427,红相股份,6.9200000000,7.1100000000,163508338.0000000000,23336120.0000000000,-0.0267200000,1.6350833800,AKShare stock_zh_a_spot / 新浪
300428,立中集团,18.7500000000,18.9000000000,81507163.0000000000,4358600.0000000000,-0.0079400000,0.8150716300,AKShare stock_zh_a_spot / 新浪
300429,强力新材,11.0000000000,11.0800000000,168070375.0000000000,15346370.0000000000,-0.0072200000,1.6807037500,AKShare stock_zh_a_spot / 新浪
300432,富临精工,16.9600000000,16.7000000000,566989394.0000000000,34044505.0000000000,0.0155700000,5.6698939400,AKShare stock_zh_a_spot / 新浪
300433,蓝思科技,39.1200000000,36.9900000000,7037312949.0000000000,185452099.0000000000,0.0575800000,70.3731294900,AKShare stock_zh_a_spot / 新浪
300434,金石亚药,12.6800000000,12.4700000000,435987904.0000000000,34362621.0000000000,0.0168400000,4.3598790400,AKShare stock_zh_a_spot / 新浪
300435,中泰股份,18.1500000000,17.6500000000,492158744.0000000000,26709603.0000000000,0.0283300000,4.9215874400,AKShare stock_zh_a_spot / 新浪
300436,广生堂,97.4300000000,98.4100000000,492088867.0000000000,5040949.0000000000,-0.0099600000,4.9208886700,AKShare stock_zh_a_spot / 新浪
300437,清水源,11.2800000000,11.4100000000,60704320.0000000000,5371109.0000000000,-0.0113900000,0.6070432000,AKShare stock_zh_a_spot / 新浪
300438,鹏辉能源,65.5500000000,65.5100000000,1199521757.0000000000,18167817.0000000000,0.0006100000,11.9952175700,AKShare stock_zh_a_spot / 新浪
300439,美康生物,9.4100000000,9.3600000000,32906826.0000000000,3505200.0000000000,0.0053400000,0.3290682600,AKShare stock_zh_a_spot / 新浪
300440,运达科技,19.6500000000,18.7300000000,343648518.0000000000,17741339.0000000000,0.0491200000,3.4364851800,AKShare stock_zh_a_spot / 新浪
300441,鲍斯股份,7.2400000000,6.8700000000,174155100.0000000000,24220357.0000000000,0.0538600000,1.7415510000,AKShare stock_zh_a_spot / 新浪
300442,润泽科技,69.9300000000,72.5900000000,2854984618.0000000000,40728689.0000000000,-0.0366400000,28.5498461800,AKShare stock_zh_a_spot / 新浪
300443,金雷股份,20.4600000000,20.6700000000,70853114.0000000000,3477314.0000000000,-0.0101600000,0.7085311400,AKShare stock_zh_a_spot / 新浪
300444,双杰电气,10.6600000000,10.9600000000,401981056.0000000000,37189024.0000000000,-0.0273700000,4.0198105600,AKShare stock_zh_a_spot / 新浪
300445,康斯特,19.0900000000,19.2800000000,33250320.0000000000,1750104.0000000000,-0.0098500000,0.3325032000,AKShare stock_zh_a_spot / 新浪
300446,航天智造,13.7200000000,13.9700000000,90937814.0000000000,6625700.0000000000,-0.0179000000,0.9093781400,AKShare stock_zh_a_spot / 新浪
300447,全信股份,13.9300000000,14.1500000000,43970468.0000000000,3173600.0000000000,-0.0155500000,0.4397046800,AKShare stock_zh_a_spot / 新浪
300448,浩云科技,5.9200000000,5.8700000000,98777938.0000000000,16789300.0000000000,0.0085200000,0.9877793800,AKShare stock_zh_a_spot / 新浪
300449,汉邦高科,7.2100000000,7.2700000000,55581576.0000000000,7734400.0000000000,-0.0082500000,0.5558157600,AKShare stock_zh_a_spot / 新浪
300450,先导智能,35.2400000000,35.3800000000,931923173.0000000000,26420093.0000000000,-0.0039600000,9.3192317300,AKShare stock_zh_a_spot / 新浪
300451,创业慧康,3.5300000000,3.6100000000,81481193.0000000000,23124069.0000000000,-0.0221600000,0.8148119300,AKShare stock_zh_a_spot / 新浪
300452,山河药辅,13.1200000000,12.9800000000,86220167.0000000000,6614309.0000000000,0.0107900000,0.8622016700,AKShare stock_zh_a_spot / 新浪
300453,三鑫医疗,10.1300000000,10.0000000000,159724001.0000000000,15937137.0000000000,0.0130000000,1.5972400100,AKShare stock_zh_a_spot / 新浪
300454,深信服,120.8400000000,123.1300000000,1518560804.0000000000,12642502.0000000000,-0.0186000000,15.1856080400,AKShare stock_zh_a_spot / 新浪
300455,航天智装,19.4100000000,19.4700000000,147850243.0000000000,7667300.0000000000,-0.0030800000,1.4785024300,AKShare stock_zh_a_spot / 新浪
300456,赛微电子,33.7300000000,33.5200000000,994148324.0000000000,29905790.0000000000,0.0062600000,9.9414832400,AKShare stock_zh_a_spot / 新浪
300457,赢合科技,20.4500000000,20.6400000000,167558167.0000000000,8160761.0000000000,-0.0092100000,1.6755816700,AKShare stock_zh_a_spot / 新浪
300458,全志科技,34.5800000000,35.8000000000,2454189176.0000000000,70294969.0000000000,-0.0340800000,24.5418917600,AKShare stock_zh_a_spot / 新浪
300459,汤姆猫,3.5600000000,3.6500000000,290811567.0000000000,81569080.0000000000,-0.0246600000,2.9081156700,AKShare stock_zh_a_spot / 新浪
300461,田中精机,33.2700000000,33.3600000000,146645153.0000000000,4424018.0000000000,-0.0027000000,1.4664515300,AKShare stock_zh_a_spot / 新浪
300463,迈克生物,9.2900000000,9.5600000000,95628714.0000000000,10224799.0000000000,-0.0282400000,0.9562871400,AKShare stock_zh_a_spot / 新浪
300464,星徽股份,7.1200000000,7.1000000000,65042761.0000000000,9134200.0000000000,0.0028200000,0.6504276100,AKShare stock_zh_a_spot / 新浪
300465,高伟达,13.6600000000,13.2900000000,414548197.0000000000,30521524.0000000000,0.0278400000,4.1454819700,AKShare stock_zh_a_spot / 新浪
300466,赛摩智能,7.4700000000,7.4100000000,46355550.0000000000,6270500.0000000000,0.0081000000,0.4635555000,AKShare stock_zh_a_spot / 新浪
300467,迅游科技,34.7700000000,35.2300000000,252088400.0000000000,7300728.0000000000,-0.0130600000,2.5208840000,AKShare stock_zh_a_spot / 新浪
300468,四方精创,20.9200000000,21.1700000000,389360515.0000000000,18731501.0000000000,-0.0118100000,3.8936051500,AKShare stock_zh_a_spot / 新浪
300469,信息发展,60.1800000000,62.2000000000,302934950.0000000000,4995384.0000000000,-0.0324800000,3.0293495000,AKShare stock_zh_a_spot / 新浪
300470,中密控股,28.5800000000,28.4700000000,42980200.0000000000,1512100.0000000000,0.0038600000,0.4298020000,AKShare stock_zh_a_spot / 新浪
300471,厚普股份,9.9700000000,10.2000000000,101810144.0000000000,10112288.0000000000,-0.0225500000,1.0181014400,AKShare stock_zh_a_spot / 新浪
300473,德尔股份,22.5700000000,22.9400000000,62015152.0000000000,2757700.0000000000,-0.0161300000,0.6201515200,AKShare stock_zh_a_spot / 新浪
300474,景嘉微,52.2800000000,53.2300000000,406183976.0000000000,7787596.0000000000,-0.0178500000,4.0618397600,AKShare stock_zh_a_spot / 新浪
300475,香农芯创,173.5800000000,171.9900000000,6136665822.0000000000,35360373.0000000000,0.0092400000,61.3666582200,AKShare stock_zh_a_spot / 新浪
300476,胜宏科技,269.4000000000,276.0000000000,8510667741.0000000000,31461738.0000000000,-0.0239100000,85.1066774100,AKShare stock_zh_a_spot / 新浪
300478,杭州高新,30.9800000000,31.2900000000,102627142.0000000000,3328956.0000000000,-0.0099100000,1.0262714200,AKShare stock_zh_a_spot / 新浪
300479,神思电子,14.9100000000,14.2700000000,172922259.0000000000,11813719.0000000000,0.0448500000,1.7292225900,AKShare stock_zh_a_spot / 新浪
300480,光力科技,35.4700000000,35.7900000000,660749275.0000000000,18689977.0000000000,-0.0089400000,6.6074927500,AKShare stock_zh_a_spot / 新浪
300481,濮阳惠成,15.1200000000,15.2400000000,263025288.0000000000,17420114.0000000000,-0.0078700000,2.6302528800,AKShare stock_zh_a_spot / 新浪
300482,万孚生物,17.2500000000,17.4200000000,83029525.0000000000,4787995.0000000000,-0.0097600000,0.8302952500,AKShare stock_zh_a_spot / 新浪
300483,首华燃气,23.2500000000,23.3100000000,285671393.0000000000,12103761.0000000000,-0.0025700000,2.8567139300,AKShare stock_zh_a_spot / 新浪
300484,蓝海华腾,13.4800000000,13.7300000000,58270925.0000000000,4329500.0000000000,-0.0182100000,0.5827092500,AKShare stock_zh_a_spot / 新浪
300485,赛升药业,9.9000000000,10.1000000000,73332083.0000000000,7354600.0000000000,-0.0198000000,0.7333208300,AKShare stock_zh_a_spot / 新浪
300486,东杰智能,20.7900000000,20.6100000000,197844449.0000000000,9562100.0000000000,0.0087300000,1.9784444900,AKShare stock_zh_a_spot / 新浪
300487,蓝晓科技,68.8600000000,69.9100000000,313030205.0000000000,4557114.0000000000,-0.0150200000,3.1303020500,AKShare stock_zh_a_spot / 新浪
300488,恒锋工具,33.2100000000,33.5000000000,105312227.0000000000,3183035.0000000000,-0.0086600000,1.0531222700,AKShare stock_zh_a_spot / 新浪
300489,光智科技,249.3400000000,258.4500000000,4057844811.0000000000,15680550.0000000000,-0.0352500000,40.5784481100,AKShare stock_zh_a_spot / 新浪
300490,华自科技,11.9800000000,12.2400000000,142112521.0000000000,11878500.0000000000,-0.0212400000,1.4211252100,AKShare stock_zh_a_spot / 新浪
300491,通合科技,31.7200000000,32.0000000000,324494853.0000000000,10224099.0000000000,-0.0087500000,3.2449485300,AKShare stock_zh_a_spot / 新浪
300492,华图山鼎,25.2900000000,25.9600000000,94887438.0000000000,3687402.0000000000,-0.0258100000,0.9488743800,AKShare stock_zh_a_spot / 新浪
300493,润欣科技,12.7000000000,13.0500000000,172845574.0000000000,13640500.0000000000,-0.0268200000,1.7284557400,AKShare stock_zh_a_spot / 新浪
300494,盛天网络,8.5200000000,8.6700000000,73193726.0000000000,8616960.0000000000,-0.0173000000,0.7319372600,AKShare stock_zh_a_spot / 新浪
300496,中科创达,60.7700000000,59.9900000000,931166206.0000000000,15605576.0000000000,0.0130000000,9.3116620600,AKShare stock_zh_a_spot / 新浪
300497,富祥股份,18.4300000000,18.9900000000,666713461.0000000000,35972825.0000000000,-0.0294900000,6.6671346100,AKShare stock_zh_a_spot / 新浪
300498,温氏股份,13.9000000000,13.4700000000,993907165.0000000000,72093794.0000000000,0.0319200000,9.9390716500,AKShare stock_zh_a_spot / 新浪
300499,高澜股份,29.6000000000,30.4800000000,600568313.0000000000,20263524.0000000000,-0.0288700000,6.0056831300,AKShare stock_zh_a_spot / 新浪
300500,启迪设计,9.4300000000,9.5000000000,21581629.0000000000,2294600.0000000000,-0.0073700000,0.2158162900,AKShare stock_zh_a_spot / 新浪
300501,海顺新材,10.1800000000,10.3900000000,25900432.0000000000,2542185.0000000000,-0.0202100000,0.2590043200,AKShare stock_zh_a_spot / 新浪
300502,新易盛,452.2100000000,466.6800000000,17684710915.0000000000,38927396.0000000000,-0.0310100000,176.8471091500,AKShare stock_zh_a_spot / 新浪
300503,昊志机电,82.0000000000,76.7800000000,2668126559.0000000000,33782238.0000000000,0.0679900000,26.6812655900,AKShare stock_zh_a_spot / 新浪
300504,天邑股份,15.2800000000,15.6000000000,131087596.0000000000,8542450.0000000000,-0.0205100000,1.3108759600,AKShare stock_zh_a_spot / 新浪
300505,川金诺,21.2400000000,19.9600000000,911102204.0000000000,43758240.0000000000,0.0641300000,9.1110220400,AKShare stock_zh_a_spot / 新浪
300506,名家汇,5.8000000000,5.6400000000,367897605.0000000000,63622920.0000000000,0.0283700000,3.6789760500,AKShare stock_zh_a_spot / 新浪
300507,苏奥传感,6.5600000000,6.6600000000,47421678.0000000000,7231380.0000000000,-0.0150200000,0.4742167800,AKShare stock_zh_a_spot / 新浪
300508,维宏股份,50.4300000000,51.2800000000,220153014.0000000000,4390620.0000000000,-0.0165800000,2.2015301400,AKShare stock_zh_a_spot / 新浪
300509,新美星,8.7200000000,8.7200000000,31615701.0000000000,3660364.0000000000,0.0000000000,0.3161570100,AKShare stock_zh_a_spot / 新浪
300510,金冠股份,3.4300000000,3.5000000000,50318755.0000000000,14601217.0000000000,-0.0200000000,0.5031875500,AKShare stock_zh_a_spot / 新浪
300511,雪榕生物,6.3900000000,5.4900000000,657398908.0000000000,106478238.0000000000,0.1639300000,6.5739890800,AKShare stock_zh_a_spot / 新浪
300512,中亚股份,7.2800000000,7.3500000000,23705488.0000000000,3266050.0000000000,-0.0095200000,0.2370548800,AKShare stock_zh_a_spot / 新浪
300513,恒实科技,7.4000000000,7.4100000000,31886588.0000000000,4337300.0000000000,-0.0013500000,0.3188658800,AKShare stock_zh_a_spot / 新浪
300514,友讯达,9.9600000000,9.9400000000,18189548.0000000000,1840800.0000000000,0.0020100000,0.1818954800,AKShare stock_zh_a_spot / 新浪
300515,三德科技,16.8600000000,16.5100000000,127939424.0000000000,7627300.0000000000,0.0212000000,1.2793942400,AKShare stock_zh_a_spot / 新浪
300516,久之洋,33.0600000000,34.1500000000,182253754.0000000000,5494352.0000000000,-0.0319200000,1.8225375400,AKShare stock_zh_a_spot / 新浪
300517,海波重科,10.3300000000,10.1600000000,32915459.0000000000,3229530.0000000000,0.0167300000,0.3291545900,AKShare stock_zh_a_spot / 新浪
300518,新迅达,24.6300000000,24.3500000000,165616390.0000000000,6819408.0000000000,0.0115000000,1.6561639000,AKShare stock_zh_a_spot / 新浪
300519,新光药业,14.5600000000,14.7000000000,75337108.0000000000,5162300.0000000000,-0.0095200000,0.7533710800,AKShare stock_zh_a_spot / 新浪
300520,科大国创,25.5600000000,26.0700000000,181318940.0000000000,7123303.0000000000,-0.0195600000,1.8131894000,AKShare stock_zh_a_spot / 新浪
300521,爱司凯,24.0000000000,24.4800000000,84820791.0000000000,3549200.0000000000,-0.0196100000,0.8482079100,AKShare stock_zh_a_spot / 新浪
300522,世名科技,14.8200000000,15.0800000000,201377854.0000000000,13585949.0000000000,-0.0172400000,2.0137785400,AKShare stock_zh_a_spot / 新浪
300523,辰安科技,19.8200000000,20.0600000000,31036576.0000000000,1570710.0000000000,-0.0119600000,0.3103657600,AKShare stock_zh_a_spot / 新浪
300525,博思软件,8.5000000000,8.6600000000,162133920.0000000000,19145900.0000000000,-0.0184800000,1.6213392000,AKShare stock_zh_a_spot / 新浪
300528,幸福蓝海,13.4600000000,13.5800000000,143612932.0000000000,10729058.0000000000,-0.0088400000,1.4361293200,AKShare stock_zh_a_spot / 新浪
300529,健帆生物,15.8100000000,16.0800000000,126174660.0000000000,7952416.0000000000,-0.0167900000,1.2617466000,AKShare stock_zh_a_spot / 新浪
300530,领湃科技,19.2400000000,19.6400000000,83182597.0000000000,4316289.0000000000,-0.0203700000,0.8318259700,AKShare stock_zh_a_spot / 新浪
300531,优博讯,16.4600000000,16.7500000000,142504162.0000000000,8673100.0000000000,-0.0173100000,1.4250416200,AKShare stock_zh_a_spot / 新浪
300532,今天国际,6.9900000000,7.0700000000,41539695.0000000000,5963118.0000000000,-0.0113200000,0.4153969500,AKShare stock_zh_a_spot / 新浪
300533,冰川网络,14.9200000000,15.2000000000,78514737.0000000000,5274890.0000000000,-0.0184200000,0.7851473700,AKShare stock_zh_a_spot / 新浪
300534,陇神戎发,19.3500000000,20.2300000000,1542826392.0000000000,79388279.0000000000,-0.0435000000,15.4282639200,AKShare stock_zh_a_spot / 新浪
300535,达威股份,16.6100000000,16.8000000000,132382527.0000000000,7839520.0000000000,-0.0113100000,1.3238252700,AKShare stock_zh_a_spot / 新浪
300536,农尚环境,9.4500000000,8.9900000000,168926333.0000000000,18207800.0000000000,0.0511700000,1.6892633300,AKShare stock_zh_a_spot / 新浪
300537,广信材料,20.8500000000,21.0300000000,217409116.0000000000,10407700.0000000000,-0.0085600000,2.1740911600,AKShare stock_zh_a_spot / 新浪
300538,同益股份,16.0600000000,15.6800000000,68992536.0000000000,4336600.0000000000,0.0242300000,0.6899253600,AKShare stock_zh_a_spot / 新浪
300539,横河精密,19.6500000000,19.5100000000,100076178.0000000000,5141232.0000000000,0.0071800000,1.0007617800,AKShare stock_zh_a_spot / 新浪
300540,蜀道装备,33.4500000000,34.0800000000,467575009.0000000000,13973251.0000000000,-0.0184900000,4.6757500900,AKShare stock_zh_a_spot / 新浪
300541,先进数通,9.9100000000,10.1600000000,100402873.0000000000,10125122.0000000000,-0.0246100000,1.0040287300,AKShare stock_zh_a_spot / 新浪
300542,新晨科技,12.0000000000,12.1300000000,43116652.0000000000,3613077.0000000000,-0.0107200000,0.4311665200,AKShare stock_zh_a_spot / 新浪
300543,朗科智能,8.3600000000,7.9300000000,144432173.0000000000,17583222.0000000000,0.0542200000,1.4443217300,AKShare stock_zh_a_spot / 新浪
300545,联得装备,30.3000000000,30.0100000000,242851569.0000000000,8122860.0000000000,0.0096600000,2.4285156900,AKShare stock_zh_a_spot / 新浪
300546,雄帝科技,16.8800000000,16.3300000000,129586947.0000000000,7772106.0000000000,0.0336800000,1.2958694700,AKShare stock_zh_a_spot / 新浪
300547,川环科技,26.3000000000,26.9500000000,172176951.0000000000,6547600.0000000000,-0.0241200000,1.7217695100,AKShare stock_zh_a_spot / 新浪
300548,长芯博创,215.6500000000,219.0000000000,3316879195.0000000000,15406902.0000000000,-0.0153000000,33.1687919500,AKShare stock_zh_a_spot / 新浪
300549,优德精密,14.4300000000,14.4000000000,18047824.0000000000,1261100.0000000000,0.0020800000,0.1804782400,AKShare stock_zh_a_spot / 新浪
300550,和仁科技,11.9900000000,12.0400000000,40411196.0000000000,3401500.0000000000,-0.0041500000,0.4041119600,AKShare stock_zh_a_spot / 新浪
300551,古鳌科技,10.2300000000,10.2700000000,87443324.0000000000,8510400.0000000000,-0.0038900000,0.8744332400,AKShare stock_zh_a_spot / 新浪
300552,万集科技,21.8400000000,21.9500000000,130486697.0000000000,5969315.0000000000,-0.0050100000,1.3048669700,AKShare stock_zh_a_spot / 新浪
300553,集智股份,46.2400000000,47.7600000000,206476392.0000000000,4451809.0000000000,-0.0318300000,2.0647639200,AKShare stock_zh_a_spot / 新浪
300554,三超新材,21.6300000000,21.7900000000,62724597.0000000000,2900680.0000000000,-0.0073400000,0.6272459700,AKShare stock_zh_a_spot / 新浪
300556,丝路视觉,16.3900000000,16.5500000000,51668307.0000000000,3168625.0000000000,-0.0096700000,0.5166830700,AKShare stock_zh_a_spot / 新浪
300557,理工光科,27.2000000000,27.3900000000,89872880.0000000000,3329624.0000000000,-0.0069400000,0.8987288000,AKShare stock_zh_a_spot / 新浪
300558,贝达药业,55.7200000000,69.6500000000,1781121820.0000000000,31671741.0000000000,-0.2000000000,17.8112182000,AKShare stock_zh_a_spot / 新浪
300559,佳发教育,10.8100000000,11.0200000000,79704986.0000000000,7363800.0000000000,-0.0190600000,0.7970498600,AKShare stock_zh_a_spot / 新浪
300560,中富通,18.1200000000,18.1000000000,194231217.0000000000,10829100.0000000000,0.0011000000,1.9423121700,AKShare stock_zh_a_spot / 新浪
300561,汇金科技,16.1000000000,16.8200000000,359692680.0000000000,22243438.0000000000,-0.0428100000,3.5969268000,AKShare stock_zh_a_spot / 新浪
300562,乐心医疗,15.9500000000,15.9100000000,232978456.0000000000,14925500.0000000000,0.0025100000,2.3297845600,AKShare stock_zh_a_spot / 新浪
300563,神宇股份,23.9000000000,24.3100000000,57117481.0000000000,2391900.0000000000,-0.0168700000,0.5711748100,AKShare stock_zh_a_spot / 新浪
300564,筑博设计,12.4800000000,12.5100000000,25054826.0000000000,2017703.0000000000,-0.0024000000,0.2505482600,AKShare stock_zh_a_spot / 新浪
300565,科信技术,9.7800000000,9.9100000000,64528302.0000000000,6623300.0000000000,-0.0131200000,0.6452830200,AKShare stock_zh_a_spot / 新浪
300566,激智科技,30.1300000000,31.5000000000,996610471.0000000000,32660151.0000000000,-0.0434900000,9.9661047100,AKShare stock_zh_a_spot / 新浪
300567,精测电子,238.6200000000,240.5000000000,1545878118.0000000000,6487462.0000000000,-0.0078200000,15.4587811800,AKShare stock_zh_a_spot / 新浪
300568,星源材质,14.7100000000,15.1500000000,767837061.0000000000,51819551.0000000000,-0.0290400000,7.6783706100,AKShare stock_zh_a_spot / 新浪
300569,天能重工,4.7900000000,4.8800000000,44539776.0000000000,9250676.0000000000,-0.0184400000,0.4453977600,AKShare stock_zh_a_spot / 新浪
300570,太辰光,199.2700000000,193.8000000000,5658068913.0000000000,28539480.0000000000,0.0282200000,56.5806891300,AKShare stock_zh_a_spot / 新浪
300571,平治信息,33.9000000000,35.0400000000,292103554.0000000000,8627301.0000000000,-0.0325300000,2.9210355400,AKShare stock_zh_a_spot / 新浪
300572,安车检测,20.3700000000,20.6400000000,61145414.0000000000,3010100.0000000000,-0.0130800000,0.6114541400,AKShare stock_zh_a_spot / 新浪
300573,兴齐眼药,41.2500000000,41.1500000000,352230158.0000000000,8549326.0000000000,0.0024300000,3.5223015800,AKShare stock_zh_a_spot / 新浪
300575,中旗股份,6.0000000000,6.1400000000,201535307.0000000000,33778830.0000000000,-0.0228000000,2.0153530700,AKShare stock_zh_a_spot / 新浪
300576,容大感光,33.8000000000,33.1300000000,1044378848.0000000000,30831823.0000000000,0.0202200000,10.4437884800,AKShare stock_zh_a_spot / 新浪
300577,开润股份,18.5400000000,18.2900000000,70442216.0000000000,3848300.0000000000,0.0136700000,0.7044221600,AKShare stock_zh_a_spot / 新浪
300578,会畅科技,16.7200000000,16.3000000000,154217479.0000000000,9313080.0000000000,0.0257700000,1.5421747900,AKShare stock_zh_a_spot / 新浪
300579,数字认证,21.6000000000,21.8100000000,72399000.0000000000,3375450.0000000000,-0.0096300000,0.7239900000,AKShare stock_zh_a_spot / 新浪
300580,贝斯特,22.1300000000,22.1200000000,307876530.0000000000,14176396.0000000000,0.0004500000,3.0787653000,AKShare stock_zh_a_spot / 新浪
300581,晨曦航空,10.2800000000,10.5300000000,140880499.0000000000,13750858.0000000000,-0.0237400000,1.4088049900,AKShare stock_zh_a_spot / 新浪
300582,英飞特,11.5300000000,11.6300000000,42817987.0000000000,3726100.0000000000,-0.0086000000,0.4281798700,AKShare stock_zh_a_spot / 新浪
300583,赛托生物,12.8800000000,13.1100000000,28949705.0000000000,2240900.0000000000,-0.0175400000,0.2894970500,AKShare stock_zh_a_spot / 新浪
300584,海辰药业,34.5900000000,35.2200000000,107819457.0000000000,3107300.0000000000,-0.0178900000,1.0781945700,AKShare stock_zh_a_spot / 新浪
300585,奥联电子,16.0800000000,16.8200000000,84542911.0000000000,5239800.0000000000,-0.0440000000,0.8454291100,AKShare stock_zh_a_spot / 新浪
300586,美联新材,9.5300000000,9.7400000000,170458630.0000000000,17828066.0000000000,-0.0215600000,1.7045863000,AKShare stock_zh_a_spot / 新浪
300587,天铁科技,5.2900000000,5.1600000000,209658331.0000000000,40084395.0000000000,0.0251900000,2.0965833100,AKShare stock_zh_a_spot / 新浪
300588,熙菱信息,21.7600000000,21.6700000000,83341251.0000000000,3879708.0000000000,0.0041500000,0.8334125100,AKShare stock_zh_a_spot / 新浪
300589,江龙船艇,13.6100000000,13.9400000000,218433235.0000000000,15955754.0000000000,-0.0236700000,2.1843323500,AKShare stock_zh_a_spot / 新浪
300590,移为通信,11.3600000000,11.5600000000,156204932.0000000000,13781945.0000000000,-0.0173000000,1.5620493200,AKShare stock_zh_a_spot / 新浪
300591,万里马,8.4100000000,8.0300000000,387183649.0000000000,45839530.0000000000,0.0473200000,3.8718364900,AKShare stock_zh_a_spot / 新浪
300592,华凯易佰,16.5300000000,16.6000000000,244309492.0000000000,14799962.0000000000,-0.0042200000,2.4430949200,AKShare stock_zh_a_spot / 新浪
300593,新雷能,31.5200000000,31.0200000000,856124975.0000000000,27528806.0000000000,0.0161200000,8.5612497500,AKShare stock_zh_a_spot / 新浪
300595,欧普康视,11.2600000000,11.4800000000,108633212.0000000000,9643916.0000000000,-0.0191600000,1.0863321200,AKShare stock_zh_a_spot / 新浪
300596,利安隆,44.5300000000,43.5900000000,415019796.0000000000,9436371.0000000000,0.0215600000,4.1501979600,AKShare stock_zh_a_spot / 新浪
300597,吉大通信,7.8200000000,7.7700000000,30004165.0000000000,3865500.0000000000,0.0064400000,0.3000416500,AKShare stock_zh_a_spot / 新浪
300598,诚迈科技,34.6000000000,28.8300000000,768504946.0000000000,23545493.0000000000,0.2001400000,7.6850494600,AKShare stock_zh_a_spot / 新浪
300599,雄塑科技,12.0200000000,12.0100000000,83516718.0000000000,7006400.0000000000,0.0008300000,0.8351671800,AKShare stock_zh_a_spot / 新浪
300600,国瑞科技,10.4800000000,10.3500000000,84198204.0000000000,8085600.0000000000,0.0125600000,0.8419820400,AKShare stock_zh_a_spot / 新浪
300601,康泰生物,12.3800000000,12.5200000000,155983532.0000000000,12547063.0000000000,-0.0111800000,1.5598353200,AKShare stock_zh_a_spot / 新浪
300602,飞荣达,44.4400000000,41.9000000000,1520956727.0000000000,35508224.0000000000,0.0606200000,15.2095672700,AKShare stock_zh_a_spot / 新浪
300603,立昂技术,8.5500000000,8.7900000000,250180755.0000000000,29305180.0000000000,-0.0273000000,2.5018075500,AKShare stock_zh_a_spot / 新浪
300604,长川科技,301.0300000000,302.5700000000,5454995394.0000000000,18224564.0000000000,-0.0050900000,54.5499539400,AKShare stock_zh_a_spot / 新浪
300605,恒锋信息,10.6000000000,10.6600000000,81211066.0000000000,7753100.0000000000,-0.0056300000,0.8121106600,AKShare stock_zh_a_spot / 新浪
300606,金太阳,39.9000000000,39.1100000000,369794972.0000000000,9269300.0000000000,0.0202000000,3.6979497200,AKShare stock_zh_a_spot / 新浪
300607,拓斯达,37.9000000000,37.5300000000,2038501190.0000000000,55293901.0000000000,0.0098600000,20.3850119000,AKShare stock_zh_a_spot / 新浪
300608,思特奇,10.4400000000,10.6300000000,82217835.0000000000,7904624.0000000000,-0.0178700000,0.8221783500,AKShare stock_zh_a_spot / 新浪
300609,汇纳科技,26.9000000000,27.1900000000,70090931.0000000000,2622500.0000000000,-0.0106700000,0.7009093100,AKShare stock_zh_a_spot / 新浪
300610,晨化股份,10.4500000000,10.1800000000,55733908.0000000000,5339100.0000000000,0.0265200000,0.5573390800,AKShare stock_zh_a_spot / 新浪
300611,美力科技,23.7300000000,23.8600000000,52256226.0000000000,2211600.0000000000,-0.0054500000,0.5225622600,AKShare stock_zh_a_spot / 新浪
300612,宣亚国际,12.0900000000,12.2000000000,52433381.0000000000,4336500.0000000000,-0.0090200000,0.5243338100,AKShare stock_zh_a_spot / 新浪
300613,富瀚微,76.1800000000,78.4100000000,986439927.0000000000,12951536.0000000000,-0.0284400000,9.8643992700,AKShare stock_zh_a_spot / 新浪
300614,百川畅银,10.7600000000,10.8000000000,21274332.0000000000,1986500.0000000000,-0.0037000000,0.2127433200,AKShare stock_zh_a_spot / 新浪
300615,欣天科技,17.9100000000,18.1300000000,567228910.0000000000,31595042.0000000000,-0.0121300000,5.6722891000,AKShare stock_zh_a_spot / 新浪
300616,尚品宅配,10.9300000000,10.7900000000,65492208.0000000000,6068500.0000000000,0.0129700000,0.6549220800,AKShare stock_zh_a_spot / 新浪
300617,安靠智电,43.8000000000,44.9900000000,230365716.0000000000,5216800.0000000000,-0.0264500000,2.3036571600,AKShare stock_zh_a_spot / 新浪
300618,寒锐钴业,35.5900000000,36.4600000000,261085232.0000000000,7333414.0000000000,-0.0238600000,2.6108523200,AKShare stock_zh_a_spot / 新浪
300619,金银河,26.7900000000,26.5500000000,130073050.0000000000,4909727.0000000000,0.0090400000,1.3007305000,AKShare stock_zh_a_spot / 新浪
300620,光库科技,323.8800000000,326.7000000000,4289167451.0000000000,13276299.0000000000,-0.0086300000,42.8916745100,AKShare stock_zh_a_spot / 新浪
300621,维业股份,7.1800000000,7.2000000000,30506225.0000000000,4235000.0000000000,-0.0027800000,0.3050622500,AKShare stock_zh_a_spot / 新浪
300622,博士眼镜,14.9500000000,15.0400000000,81638386.0000000000,5506336.0000000000,-0.0059800000,0.8163838600,AKShare stock_zh_a_spot / 新浪
300623,捷捷微电,29.5800000000,28.7800000000,917554489.0000000000,31344286.0000000000,0.0278000000,9.1755448900,AKShare stock_zh_a_spot / 新浪
300624,万兴科技,54.7800000000,55.6400000000,375708453.0000000000,6888111.0000000000,-0.0154600000,3.7570845300,AKShare stock_zh_a_spot / 新浪
300625,三雄极光,9.7200000000,9.7200000000,16032866.0000000000,1661800.0000000000,0.0000000000,0.1603286600,AKShare stock_zh_a_spot / 新浪
300626,华瑞股份,33.6800000000,33.8600000000,157837964.0000000000,4681300.0000000000,-0.0053200000,1.5783796400,AKShare stock_zh_a_spot / 新浪
300627,华测导航,28.7600000000,29.0900000000,266794446.0000000000,9339982.0000000000,-0.0113400000,2.6679444600,AKShare stock_zh_a_spot / 新浪
300628,亿联网络,40.0400000000,40.1200000000,394396894.0000000000,9835224.0000000000,-0.0019900000,3.9439689400,AKShare stock_zh_a_spot / 新浪
300629,新劲刚,17.6800000000,17.8900000000,88888792.0000000000,5030636.0000000000,-0.0117400000,0.8888879200,AKShare stock_zh_a_spot / 新浪
300631,久吾高科,21.9600000000,22.2800000000,30415800.0000000000,1381300.0000000000,-0.0143600000,0.3041580000,AKShare stock_zh_a_spot / 新浪
300632,光莆股份,19.9800000000,20.0600000000,291945646.0000000000,14594100.0000000000,-0.0039900000,2.9194564600,AKShare stock_zh_a_spot / 新浪
300633,开立医疗,20.2900000000,20.5500000000,54866029.0000000000,2697113.0000000000,-0.0126500000,0.5486602900,AKShare stock_zh_a_spot / 新浪
300634,彩讯股份,21.0100000000,21.3000000000,419531090.0000000000,20132510.0000000000,-0.0136200000,4.1953109000,AKShare stock_zh_a_spot / 新浪
300635,中达安,11.8100000000,12.0200000000,39212848.0000000000,3319500.0000000000,-0.0174700000,0.3921284800,AKShare stock_zh_a_spot / 新浪
300636,同和药业,7.1400000000,7.1000000000,44449060.0000000000,6252800.0000000000,0.0056300000,0.4444906000,AKShare stock_zh_a_spot / 新浪
300637,扬帆新材,9.1800000000,9.2800000000,38276319.0000000000,4175950.0000000000,-0.0107800000,0.3827631900,AKShare stock_zh_a_spot / 新浪
300638,广和通,19.8400000000,20.2200000000,341203650.0000000000,17274961.0000000000,-0.0187900000,3.4120365000,AKShare stock_zh_a_spot / 新浪
300639,凯普生物,6.0100000000,6.1500000000,120732517.0000000000,19897428.0000000000,-0.0227600000,1.2073251700,AKShare stock_zh_a_spot / 新浪
300640,德艺文创,6.7200000000,6.8000000000,51559225.0000000000,7700200.0000000000,-0.0117600000,0.5155922500,AKShare stock_zh_a_spot / 新浪
300641,正丹股份,14.7700000000,15.0100000000,97501406.0000000000,6570110.0000000000,-0.0159900000,0.9750140600,AKShare stock_zh_a_spot / 新浪
300642,透景生命,13.7400000000,13.7900000000,36799725.0000000000,2691020.0000000000,-0.0036300000,0.3679972500,AKShare stock_zh_a_spot / 新浪
300643,万通智控,19.4500000000,19.4700000000,63306008.0000000000,3262800.0000000000,-0.0010300000,0.6330600800,AKShare stock_zh_a_spot / 新浪
300644,南京聚隆,21.6100000000,21.9000000000,28273988.0000000000,1312510.0000000000,-0.0132400000,0.2827398800,AKShare stock_zh_a_spot / 新浪
300645,正元智慧,13.0800000000,13.1500000000,36177273.0000000000,2783400.0000000000,-0.0053200000,0.3617727300,AKShare stock_zh_a_spot / 新浪
300647,超频三,5.7300000000,5.9000000000,87485230.0000000000,15282500.0000000000,-0.0288100000,0.8748523000,AKShare stock_zh_a_spot / 新浪
300648,星云股份,40.9400000000,40.9500000000,63453332.0000000000,1561500.0000000000,-0.0002400000,0.6345333200,AKShare stock_zh_a_spot / 新浪
300649,杭州园林,27.7300000000,26.3500000000,168508451.0000000000,6156900.0000000000,0.0523700000,1.6850845100,AKShare stock_zh_a_spot / 新浪
300650,太龙股份,12.1500000000,12.3700000000,89575372.0000000000,7333480.0000000000,-0.0177800000,0.8957537200,AKShare stock_zh_a_spot / 新浪
300651,金陵体育,17.5800000000,17.6900000000,52424572.0000000000,2993400.0000000000,-0.0062200000,0.5242457200,AKShare stock_zh_a_spot / 新浪
300652,雷迪克,30.3500000000,30.4800000000,41393775.0000000000,1374830.0000000000,-0.0042700000,0.4139377500,AKShare stock_zh_a_spot / 新浪
300653,正海生物,15.0500000000,15.1900000000,25805020.0000000000,1715900.0000000000,-0.0092200000,0.2580502000,AKShare stock_zh_a_spot / 新浪
300654,世纪天鸿,10.1300000000,10.4500000000,131665180.0000000000,12925520.0000000000,-0.0306200000,1.3166518000,AKShare stock_zh_a_spot / 新浪
300655,晶瑞电材,13.7200000000,13.7900000000,626417204.0000000000,45663124.0000000000,-0.0050800000,6.2641720400,AKShare stock_zh_a_spot / 新浪
300656,民德电子,29.5900000000,29.2100000000,281881671.0000000000,9733852.0000000000,0.0130100000,2.8188167100,AKShare stock_zh_a_spot / 新浪
300657,弘信电子,37.0500000000,38.1400000000,1011391834.0000000000,27267831.0000000000,-0.0285800000,10.1139183400,AKShare stock_zh_a_spot / 新浪
300658,延江股份,11.0300000000,11.1600000000,66694399.0000000000,6062800.0000000000,-0.0116500000,0.6669439900,AKShare stock_zh_a_spot / 新浪
300659,中孚信息,10.2900000000,10.3900000000,43930331.0000000000,4309200.0000000000,-0.0096200000,0.4393033100,AKShare stock_zh_a_spot / 新浪
300660,江苏雷利,27.9000000000,27.3200000000,463578557.0000000000,16826299.0000000000,0.0212300000,4.6357855700,AKShare stock_zh_a_spot / 新浪
300661,圣邦股份,116.9200000000,123.2400000000,2676015868.0000000000,22718804.0000000000,-0.0512800000,26.7601586800,AKShare stock_zh_a_spot / 新浪
300662,科锐国际,20.1200000000,20.6300000000,67663484.0000000000,3368700.0000000000,-0.0247200000,0.6766348400,AKShare stock_zh_a_spot / 新浪
300663,科蓝软件,8.9200000000,8.9300000000,599343283.0000000000,67119831.0000000000,-0.0011200000,5.9934328300,AKShare stock_zh_a_spot / 新浪
300664,鹏鹞环保,4.6500000000,4.6600000000,21805689.0000000000,4705350.0000000000,-0.0021500000,0.2180568900,AKShare stock_zh_a_spot / 新浪
300665,飞鹿股份,9.7000000000,9.8000000000,58960207.0000000000,6083200.0000000000,-0.0102000000,0.5896020700,AKShare stock_zh_a_spot / 新浪
300666,江丰电子,278.2800000000,269.8200000000,4778094054.0000000000,17422754.0000000000,0.0313500000,47.7809405400,AKShare stock_zh_a_spot / 新浪
300667,必创科技,14.7100000000,14.7800000000,57983447.0000000000,3954400.0000000000,-0.0047400000,0.5798344700,AKShare stock_zh_a_spot / 新浪
300668,杰恩股份,35.7900000000,36.3000000000,171578567.0000000000,4800736.0000000000,-0.0140500000,1.7157856700,AKShare stock_zh_a_spot / 新浪
300669,沪宁股份,24.7300000000,23.6000000000,68678498.0000000000,2776200.0000000000,0.0478800000,0.6867849800,AKShare stock_zh_a_spot / 新浪
300670,大烨智能,6.5200000000,6.7300000000,68417570.0000000000,10421850.0000000000,-0.0312000000,0.6841757000,AKShare stock_zh_a_spot / 新浪
300671,富满微,64.3800000000,65.7900000000,799492111.0000000000,12365600.0000000000,-0.0214300000,7.9949211100,AKShare stock_zh_a_spot / 新浪
300672,国科微,185.2500000000,196.0000000000,3451033469.0000000000,18497094.0000000000,-0.0548500000,34.5103346900,AKShare stock_zh_a_spot / 新浪
300673,佩蒂股份,13.4100000000,13.3400000000,31843907.0000000000,2379000.0000000000,0.0052500000,0.3184390700,AKShare stock_zh_a_spot / 新浪
300674,宇信科技,15.5100000000,15.7500000000,210288835.0000000000,13645849.0000000000,-0.0152400000,2.1028883500,AKShare stock_zh_a_spot / 新浪
300675,建科院,12.7500000000,12.8200000000,15734824.0000000000,1236500.0000000000,-0.0054600000,0.1573482400,AKShare stock_zh_a_spot / 新浪
300676,华大基因,39.1100000000,39.7800000000,270761405.0000000000,6923599.0000000000,-0.0168400000,2.7076140500,AKShare stock_zh_a_spot / 新浪
300677,英科医疗,49.3200000000,48.9700000000,343002250.0000000000,6992085.0000000000,0.0071500000,3.4300225000,AKShare stock_zh_a_spot / 新浪
300678,中科信息,22.5300000000,23.0400000000,129356006.0000000000,5735735.0000000000,-0.0221400000,1.2935600600,AKShare stock_zh_a_spot / 新浪
300679,电连技术,55.3500000000,51.1700000000,2772833936.0000000000,51204702.0000000000,0.0816900000,27.7283393600,AKShare stock_zh_a_spot / 新浪
300680,隆盛科技,22.4500000000,22.4100000000,157450728.0000000000,7090560.0000000000,0.0017800000,1.5745072800,AKShare stock_zh_a_spot / 新浪
300681,英搏尔,22.4600000000,22.4100000000,152469839.0000000000,6842815.0000000000,0.0022300000,1.5246983900,AKShare stock_zh_a_spot / 新浪
300682,朗新科技,9.8400000000,10.2000000000,389869839.0000000000,39345675.0000000000,-0.0352900000,3.8986983900,AKShare stock_zh_a_spot / 新浪
300683,海特生物,30.4400000000,30.3500000000,226736251.0000000000,7407863.0000000000,0.0029700000,2.2673625100,AKShare stock_zh_a_spot / 新浪
300684,中石科技,97.0000000000,80.8300000000,4847927868.0000000000,50222258.0000000000,0.2000500000,48.4792786800,AKShare stock_zh_a_spot / 新浪
300685,艾德生物,18.8200000000,18.9500000000,137051829.0000000000,7254902.0000000000,-0.0068600000,1.3705182900,AKShare stock_zh_a_spot / 新浪
300686,智动力,14.9600000000,15.1300000000,215435663.0000000000,14233600.0000000000,-0.0112400000,2.1543566300,AKShare stock_zh_a_spot / 新浪
300687,赛意信息,29.9100000000,29.6900000000,442369386.0000000000,14996706.0000000000,0.0074100000,4.4236938600,AKShare stock_zh_a_spot / 新浪
300688,创业黑马,31.5000000000,32.5200000000,303611634.0000000000,9532130.0000000000,-0.0313700000,3.0361163400,AKShare stock_zh_a_spot / 新浪
300689,澄天伟业,57.9800000000,56.8500000000,160359492.0000000000,2780990.0000000000,0.0198800000,1.6035949200,AKShare stock_zh_a_spot / 新浪
300690,双一科技,21.2400000000,21.4500000000,45159950.0000000000,2132200.0000000000,-0.0097900000,0.4515995000,AKShare stock_zh_a_spot / 新浪
300691,联合光电,14.2700000000,14.3200000000,46984291.0000000000,3304977.0000000000,-0.0034900000,0.4698429100,AKShare stock_zh_a_spot / 新浪
300692,中赋科技,9.5900000000,9.8200000000,242894197.0000000000,25193140.0000000000,-0.0234200000,2.4289419700,AKShare stock_zh_a_spot / 新浪
300693,盛弘股份,44.6600000000,45.1400000000,622134660.0000000000,13885429.0000000000,-0.0106300000,6.2213466000,AKShare stock_zh_a_spot / 新浪
300694,蠡湖股份,10.8800000000,11.0200000000,24988144.0000000000,2302400.0000000000,-0.0127000000,0.2498814400,AKShare stock_zh_a_spot / 新浪
300695,兆丰股份,51.9500000000,52.9900000000,47631822.0000000000,909930.0000000000,-0.0196300000,0.4763182200,AKShare stock_zh_a_spot / 新浪
300696,爱乐达,21.7300000000,22.1600000000,109288058.0000000000,5033734.0000000000,-0.0194000000,1.0928805800,AKShare stock_zh_a_spot / 新浪
300697,电工合金,14.7700000000,15.0600000000,171363660.0000000000,11728013.0000000000,-0.0192600000,1.7136366000,AKShare stock_zh_a_spot / 新浪
300698,万马科技,25.9100000000,26.3200000000,61518965.0000000000,2383900.0000000000,-0.0155800000,0.6151896500,AKShare stock_zh_a_spot / 新浪
300699,光威复材,26.0100000000,26.1100000000,241585515.0000000000,9354559.0000000000,-0.0038300000,2.4158551500,AKShare stock_zh_a_spot / 新浪
300700,岱勒新材,20.1900000000,20.0700000000,168213747.0000000000,8432357.0000000000,0.0059800000,1.6821374700,AKShare stock_zh_a_spot / 新浪
300701,森霸传感,9.9600000000,9.8600000000,29875529.0000000000,3022879.0000000000,0.0101400000,0.2987552900,AKShare stock_zh_a_spot / 新浪
300702,天宇股份,22.5000000000,22.4600000000,49315652.0000000000,2190375.0000000000,0.0017800000,0.4931565200,AKShare stock_zh_a_spot / 新浪
300703,创源股份,13.5600000000,13.7800000000,33174140.0000000000,2440300.0000000000,-0.0159700000,0.3317414000,AKShare stock_zh_a_spot / 新浪
300705,九典制药,11.8700000000,12.2400000000,215394109.0000000000,17842477.0000000000,-0.0302300000,2.1539410900,AKShare stock_zh_a_spot / 新浪
300706,阿石创,57.0200000000,57.3700000000,560541001.0000000000,9792905.0000000000,-0.0061000000,5.6054100100,AKShare stock_zh_a_spot / 新浪
300707,威唐工业,12.2800000000,12.2300000000,46578352.0000000000,3823644.0000000000,0.0040900000,0.4657835200,AKShare stock_zh_a_spot / 新浪
300708,聚灿光电,8.0700000000,8.2300000000,130939397.0000000000,16049483.0000000000,-0.0194400000,1.3093939700,AKShare stock_zh_a_spot / 新浪
300709,精研科技,40.8700000000,41.7300000000,513293490.0000000000,12661491.0000000000,-0.0206100000,5.1329349000,AKShare stock_zh_a_spot / 新浪
300710,万隆光电,28.4900000000,28.7300000000,39281432.0000000000,1380300.0000000000,-0.0083500000,0.3928143200,AKShare stock_zh_a_spot / 新浪
300711,广哈通信,17.5700000000,18.0300000000,127542361.0000000000,7246466.0000000000,-0.0255100000,1.2754236100,AKShare stock_zh_a_spot / 新浪
300712,永福股份,21.2400000000,21.5500000000,25961323.0000000000,1222667.0000000000,-0.0143900000,0.2596132300,AKShare stock_zh_a_spot / 新浪
300713,英可瑞,13.2800000000,13.3900000000,27804499.0000000000,2098610.0000000000,-0.0082200000,0.2780449900,AKShare stock_zh_a_spot / 新浪
300715,凯伦股份,14.5700000000,14.4500000000,142297166.0000000000,9919780.0000000000,0.0083000000,1.4229716600,AKShare stock_zh_a_spot / 新浪
300717,华信新材,18.6300000000,18.8700000000,33772847.0000000000,1810201.0000000000,-0.0127200000,0.3377284700,AKShare stock_zh_a_spot / 新浪
300718,长盛轴承,72.1500000000,66.8000000000,1551903276.0000000000,22153404.0000000000,0.0800900000,15.5190327600,AKShare stock_zh_a_spot / 新浪
300719,安达维尔,11.7400000000,11.8600000000,38496024.0000000000,3302250.0000000000,-0.0101200000,0.3849602400,AKShare stock_zh_a_spot / 新浪
300720,海川智能,87.7700000000,96.5000000000,2051869341.0000000000,22691767.0000000000,-0.0904700000,20.5186934100,AKShare stock_zh_a_spot / 新浪
300721,怡达股份,24.1100000000,24.7700000000,295845680.0000000000,12098800.0000000000,-0.0266500000,2.9584568000,AKShare stock_zh_a_spot / 新浪
300722,新余国科,21.7200000000,22.1100000000,47489646.0000000000,2184920.0000000000,-0.0176400000,0.4748964600,AKShare stock_zh_a_spot / 新浪
300723,一品红,38.2600000000,37.8300000000,763160188.0000000000,19763654.0000000000,0.0113700000,7.6316018800,AKShare stock_zh_a_spot / 新浪
300724,捷佳伟创,65.2000000000,60.0600000000,1639752794.0000000000,25788243.0000000000,0.0855800000,16.3975279400,AKShare stock_zh_a_spot / 新浪
300725,药石科技,52.3300000000,53.4900000000,1342406674.0000000000,25644630.0000000000,-0.0216900000,13.4240667400,AKShare stock_zh_a_spot / 新浪
300726,宏达电子,56.3300000000,57.5000000000,746754565.0000000000,13231751.0000000000,-0.0203500000,7.4675456500,AKShare stock_zh_a_spot / 新浪
300727,润禾材料,28.4100000000,28.7800000000,79268840.0000000000,2789321.0000000000,-0.0128600000,0.7926884000,AKShare stock_zh_a_spot / 新浪
300729,乐歌股份,10.2500000000,10.2800000000,13564277.0000000000,1328400.0000000000,-0.0029200000,0.1356427700,AKShare stock_zh_a_spot / 新浪
300730,科创信息,11.8300000000,11.8700000000,66328472.0000000000,5668400.0000000000,-0.0033700000,0.6632847200,AKShare stock_zh_a_spot / 新浪
300731,科创新源,40.4300000000,41.5500000000,378768165.0000000000,9378353.0000000000,-0.0269600000,3.7876816500,AKShare stock_zh_a_spot / 新浪
300732,设研院,6.2300000000,6.2400000000,24729668.0000000000,3983442.0000000000,-0.0016000000,0.2472966800,AKShare stock_zh_a_spot / 新浪
300733,西菱动力,14.4900000000,14.7600000000,63633276.0000000000,4362820.0000000000,-0.0182900000,0.6363327600,AKShare stock_zh_a_spot / 新浪
300735,光弘科技,20.5000000000,21.1900000000,323282544.0000000000,15657792.0000000000,-0.0325600000,3.2328254400,AKShare stock_zh_a_spot / 新浪
300736,百邦科技,30.8100000000,28.4600000000,313722924.0000000000,10415790.0000000000,0.0825700000,3.1372292400,AKShare stock_zh_a_spot / 新浪
300737,科顺股份,4.9900000000,5.0700000000,93125420.0000000000,18508086.0000000000,-0.0157800000,0.9312542000,AKShare stock_zh_a_spot / 新浪
300738,奥飞数据,23.0300000000,23.6200000000,1300511884.0000000000,56318995.0000000000,-0.0249800000,13.0051188400,AKShare stock_zh_a_spot / 新浪
300739,明阳电路,24.1200000000,24.1600000000,251100110.0000000000,10432013.0000000000,-0.0016600000,2.5110011000,AKShare stock_zh_a_spot / 新浪
300740,水羊股份,21.1000000000,22.1000000000,649838324.0000000000,30298557.0000000000,-0.0452500000,6.4983832400,AKShare stock_zh_a_spot / 新浪
300741,华宝股份,13.6700000000,13.4600000000,40220627.0000000000,2952300.0000000000,0.0156000000,0.4022062700,AKShare stock_zh_a_spot / 新浪
300743,天地数码,15.0600000000,15.1200000000,27331258.0000000000,1821500.0000000000,-0.0039700000,0.2733125800,AKShare stock_zh_a_spot / 新浪
300745,欣锐科技,30.8200000000,30.8900000000,160411901.0000000000,5235614.0000000000,-0.0022700000,1.6041190100,AKShare stock_zh_a_spot / 新浪
300746,汉嘉数智,14.1700000000,14.4800000000,48906974.0000000000,3426000.0000000000,-0.0214100000,0.4890697400,AKShare stock_zh_a_spot / 新浪
300747,锐科激光,37.7000000000,37.6600000000,723324211.0000000000,19259977.0000000000,0.0010600000,7.2332421100,AKShare stock_zh_a_spot / 新浪
300748,金力永磁,28.0800000000,27.9300000000,563285948.0000000000,20104709.0000000000,0.0053700000,5.6328594800,AKShare stock_zh_a_spot / 新浪
300749,顶固集创,24.9700000000,24.4000000000,154776735.0000000000,6225400.0000000000,0.0233600000,1.5477673500,AKShare stock_zh_a_spot / 新浪
300750,宁德时代,396.2600000000,399.9800000000,6731677180.0000000000,16933180.0000000000,-0.0093000000,67.3167718000,AKShare stock_zh_a_spot / 新浪
300751,迈为股份,212.5000000000,187.0600000000,2847599210.0000000000,14122270.0000000000,0.1360000000,28.4759921000,AKShare stock_zh_a_spot / 新浪
300752,隆利科技,11.8300000000,10.9500000000,306041547.0000000000,26044654.0000000000,0.0803700000,3.0604154700,AKShare stock_zh_a_spot / 新浪
300753,爱朋医疗,23.7100000000,24.2800000000,175467856.0000000000,7408087.0000000000,-0.0234800000,1.7546785600,AKShare stock_zh_a_spot / 新浪
300755,华致酒行,11.5500000000,11.6100000000,36354334.0000000000,3169699.0000000000,-0.0051700000,0.3635433400,AKShare stock_zh_a_spot / 新浪
300756,金马游乐,30.4600000000,30.2700000000,94404959.0000000000,3091120.0000000000,0.0062800000,0.9440495900,AKShare stock_zh_a_spot / 新浪
300757,罗博特科,546.5100000000,531.0000000000,4064883355.0000000000,7508529.0000000000,0.0292100000,40.6488335500,AKShare stock_zh_a_spot / 新浪
300758,七彩化学,10.8600000000,11.0500000000,73690716.0000000000,6789500.0000000000,-0.0171900000,0.7369071600,AKShare stock_zh_a_spot / 新浪
300759,康龙化成,51.1500000000,50.1100000000,3406519807.0000000000,67151421.0000000000,0.0207500000,34.0651980700,AKShare stock_zh_a_spot / 新浪
300760,迈瑞医疗,150.5500000000,149.7100000000,888405088.0000000000,5935682.0000000000,0.0056100000,8.8840508800,AKShare stock_zh_a_spot / 新浪
300761,立华股份,18.9800000000,18.4100000000,290436368.0000000000,15467900.0000000000,0.0309600000,2.9043636800,AKShare stock_zh_a_spot / 新浪
300762,上海瀚讯,33.5900000000,33.1900000000,883688724.0000000000,26501238.0000000000,0.0120500000,8.8368872400,AKShare stock_zh_a_spot / 新浪
300763,锦浪科技,65.0300000000,65.5700000000,694134839.0000000000,10666616.0000000000,-0.0082400000,6.9413483900,AKShare stock_zh_a_spot / 新浪
300765,石药创新,44.4000000000,44.4400000000,1481022857.0000000000,33064442.0000000000,-0.0009000000,14.8102285700,AKShare stock_zh_a_spot / 新浪
300766,每日互动,23.2600000000,24.0700000000,551569889.0000000000,23668886.0000000000,-0.0336500000,5.5156988900,AKShare stock_zh_a_spot / 新浪
300767,震安科技,20.6600000000,21.0600000000,341944873.0000000000,16703723.0000000000,-0.0189900000,3.4194487300,AKShare stock_zh_a_spot / 新浪
300768,迪普科技,15.5000000000,16.2200000000,251701386.0000000000,16213166.0000000000,-0.0443900000,2.5170138600,AKShare stock_zh_a_spot / 新浪
300769,德方纳米,48.1100000000,49.1900000000,604457822.0000000000,12461989.0000000000,-0.0219600000,6.0445782200,AKShare stock_zh_a_spot / 新浪
300770,新媒股份,33.6800000000,33.7800000000,38615049.0000000000,1150770.0000000000,-0.0029600000,0.3861504900,AKShare stock_zh_a_spot / 新浪
300771,智莱科技,11.7300000000,11.8800000000,34330272.0000000000,2940960.0000000000,-0.0126300000,0.3433027200,AKShare stock_zh_a_spot / 新浪
300772,运达股份,11.9900000000,12.2200000000,136811317.0000000000,11390075.0000000000,-0.0188200000,1.3681131700,AKShare stock_zh_a_spot / 新浪
300773,拉卡拉,15.0900000000,15.5100000000,505540016.0000000000,33541095.0000000000,-0.0270800000,5.0554001600,AKShare stock_zh_a_spot / 新浪
300774,倍杰特,11.0300000000,11.2300000000,75638295.0000000000,6814100.0000000000,-0.0178100000,0.7563829500,AKShare stock_zh_a_spot / 新浪
300775,三角防务,22.0400000000,22.0200000000,214561747.0000000000,9834199.0000000000,0.0009100000,2.1456174700,AKShare stock_zh_a_spot / 新浪
300776,帝尔激光,130.1000000000,127.8600000000,1230262125.0000000000,9619479.0000000000,0.0175200000,12.3026212500,AKShare stock_zh_a_spot / 新浪
300777,中简科技,25.1800000000,24.8300000000,274128525.0000000000,11006000.0000000000,0.0141000000,2.7412852500,AKShare stock_zh_a_spot / 新浪
300778,新城市,10.3800000000,10.4900000000,24353428.0000000000,2340644.0000000000,-0.0104900000,0.2435342800,AKShare stock_zh_a_spot / 新浪
300779,惠城环保,72.5000000000,75.6600000000,873732310.0000000000,11828176.0000000000,-0.0417700000,8.7373231000,AKShare stock_zh_a_spot / 新浪
300780,德恩精工,21.7500000000,21.6800000000,142246122.0000000000,6592526.0000000000,0.0032300000,1.4224612200,AKShare stock_zh_a_spot / 新浪
300781,因赛集团,28.3000000000,28.9500000000,88070433.0000000000,3116750.0000000000,-0.0224500000,0.8807043300,AKShare stock_zh_a_spot / 新浪
300782,卓胜微,81.6800000000,82.4900000000,814386755.0000000000,10008017.0000000000,-0.0098200000,8.1438675500,AKShare stock_zh_a_spot / 新浪
300783,三只松鼠,17.6600000000,17.7200000000,143467231.0000000000,8063499.0000000000,-0.0033900000,1.4346723100,AKShare stock_zh_a_spot / 新浪
300784,利安科技,41.1300000000,41.4300000000,22230235.0000000000,543300.0000000000,-0.0072400000,0.2223023500,AKShare stock_zh_a_spot / 新浪
300785,值得买,38.4000000000,39.6300000000,256965397.0000000000,6673800.0000000000,-0.0310400000,2.5696539700,AKShare stock_zh_a_spot / 新浪
300786,国林科技,16.4800000000,16.5800000000,103011801.0000000000,6251215.0000000000,-0.0060300000,1.0301180100,AKShare stock_zh_a_spot / 新浪
300787,海能实业,10.5100000000,10.4700000000,55013648.0000000000,5261940.0000000000,0.0038200000,0.5501364800,AKShare stock_zh_a_spot / 新浪
300788,中信出版,27.0400000000,25.5000000000,291514630.0000000000,11083854.0000000000,0.0603900000,2.9151463000,AKShare stock_zh_a_spot / 新浪
300789,唐源电气,17.8800000000,18.1600000000,53709950.0000000000,3022200.0000000000,-0.0154200000,0.5370995000,AKShare stock_zh_a_spot / 新浪
300790,宇瞳光学,20.6100000000,21.1300000000,626046362.0000000000,30363239.0000000000,-0.0246100000,6.2604636200,AKShare stock_zh_a_spot / 新浪
300791,仙乐健康,17.0600000000,17.3500000000,57724972.0000000000,3357263.0000000000,-0.0167100000,0.5772497200,AKShare stock_zh_a_spot / 新浪
300792,壹网壹创,24.4100000000,25.1000000000,123373796.0000000000,5058500.0000000000,-0.0274900000,1.2337379600,AKShare stock_zh_a_spot / 新浪
300793,佳禾智能,11.1500000000,11.3100000000,52981069.0000000000,4767160.0000000000,-0.0141500000,0.5298106900,AKShare stock_zh_a_spot / 新浪
300795,米奥会展,16.7400000000,18.1300000000,753310318.0000000000,44804291.0000000000,-0.0766700000,7.5331031800,AKShare stock_zh_a_spot / 新浪
300796,贝斯美,6.7500000000,6.7400000000,24637900.0000000000,3670260.0000000000,0.0014800000,0.2463790000,AKShare stock_zh_a_spot / 新浪
300797,钢研纳克,15.7000000000,14.3700000000,380188089.0000000000,24437656.0000000000,0.0925500000,3.8018808900,AKShare stock_zh_a_spot / 新浪
300798,锦鸡股份,7.3900000000,7.6800000000,130533478.0000000000,17658657.0000000000,-0.0377600000,1.3053347800,AKShare stock_zh_a_spot / 新浪
300800,力合科技,10.0400000000,10.1500000000,21071320.0000000000,2100400.0000000000,-0.0108400000,0.2107132000,AKShare stock_zh_a_spot / 新浪
300801,泰和科技,23.8800000000,24.4700000000,144241863.0000000000,6023250.0000000000,-0.0241100000,1.4424186300,AKShare stock_zh_a_spot / 新浪
300802,矩子科技,23.1600000000,23.9400000000,169645345.0000000000,7318222.0000000000,-0.0325800000,1.6964534500,AKShare stock_zh_a_spot / 新浪
300803,指南针,83.0300000000,84.8300000000,1166543017.0000000000,14082930.0000000000,-0.0212200000,11.6654301700,AKShare stock_zh_a_spot / 新浪
300804,广康生化,44.0000000000,43.6600000000,53207599.0000000000,1201200.0000000000,0.0077900000,0.5320759900,AKShare stock_zh_a_spot / 新浪
300805,电声股份,8.1900000000,8.4200000000,64086700.0000000000,7811900.0000000000,-0.0273200000,0.6408670000,AKShare stock_zh_a_spot / 新浪
300806,斯迪克,54.0200000000,51.5500000000,2177724514.0000000000,41158220.0000000000,0.0479100000,21.7772451400,AKShare stock_zh_a_spot / 新浪
300807,天迈科技,37.8400000000,37.9800000000,38285927.0000000000,1011400.0000000000,-0.0036900000,0.3828592700,AKShare stock_zh_a_spot / 新浪
300808,久量股份,19.5400000000,19.6900000000,29055639.0000000000,1501300.0000000000,-0.0076200000,0.2905563900,AKShare stock_zh_a_spot / 新浪
300809,华辰装备,25.9000000000,25.2500000000,248476902.0000000000,9690893.0000000000,0.0257400000,2.4847690200,AKShare stock_zh_a_spot / 新浪
300810,中科海讯,24.6300000000,24.9200000000,33439013.0000000000,1366050.0000000000,-0.0116400000,0.3343901300,AKShare stock_zh_a_spot / 新浪
300811,铂科新材,82.3900000000,80.4800000000,1098821983.0000000000,13417132.0000000000,0.0237300000,10.9882198300,AKShare stock_zh_a_spot / 新浪
300812,易天股份,19.9500000000,20.0900000000,130706985.0000000000,6561632.0000000000,-0.0069700000,1.3070698500,AKShare stock_zh_a_spot / 新浪
300813,泰林生物,20.6200000000,20.6900000000,48336266.0000000000,2357700.0000000000,-0.0033800000,0.4833626600,AKShare stock_zh_a_spot / 新浪
300814,中富电路,150.1800000000,157.8100000000,1333884847.0000000000,8790161.0000000000,-0.0483500000,13.3388484700,AKShare stock_zh_a_spot / 新浪
300815,玉禾田,16.4400000000,16.3800000000,92100504.0000000000,5640824.0000000000,0.0036600000,0.9210050400,AKShare stock_zh_a_spot / 新浪
300816,艾可蓝,54.6600000000,54.0000000000,99148385.0000000000,1839264.0000000000,0.0122200000,0.9914838500,AKShare stock_zh_a_spot / 新浪
300817,双飞集团,16.2200000000,15.7900000000,61995498.0000000000,3891300.0000000000,0.0272300000,0.6199549800,AKShare stock_zh_a_spot / 新浪
300818,耐普矿机,20.0000000000,20.3100000000,54205234.0000000000,2698279.0000000000,-0.0152600000,0.5420523400,AKShare stock_zh_a_spot / 新浪
300819,聚杰微纤,48.7200000000,50.7500000000,238221633.0000000000,4870950.0000000000,-0.0400000000,2.3822163300,AKShare stock_zh_a_spot / 新浪
300820,英杰电气,56.7500000000,56.3300000000,247893811.0000000000,4393200.0000000000,0.0074600000,2.4789381100,AKShare stock_zh_a_spot / 新浪
300821,东岳硅材,18.1800000000,17.6900000000,2356824014.0000000000,129785128.0000000000,0.0277000000,23.5682401400,AKShare stock_zh_a_spot / 新浪
300822,贝仕达克,11.6700000000,11.8500000000,42156245.0000000000,3619127.0000000000,-0.0151900000,0.4215624500,AKShare stock_zh_a_spot / 新浪
300823,建科智能,15.0300000000,15.2200000000,32646750.0000000000,2169020.0000000000,-0.0124800000,0.3264675000,AKShare stock_zh_a_spot / 新浪
300824,北鼎股份,7.7000000000,7.8500000000,34766575.0000000000,4503700.0000000000,-0.0191100000,0.3476657500,AKShare stock_zh_a_spot / 新浪
300825,阿尔特,11.1000000000,11.4100000000,267495314.0000000000,24258566.0000000000,-0.0271700000,2.6749531400,AKShare stock_zh_a_spot / 新浪
300826,测绘股份,14.9400000000,14.4600000000,92881234.0000000000,6306275.0000000000,0.0332000000,0.9288123400,AKShare stock_zh_a_spot / 新浪
300827,上能电气,26.4800000000,27.0400000000,352915914.0000000000,13264487.0000000000,-0.0207100000,3.5291591400,AKShare stock_zh_a_spot / 新浪
300828,锐新科技,17.5300000000,18.3100000000,271761934.0000000000,15265250.0000000000,-0.0426000000,2.7176193400,AKShare stock_zh_a_spot / 新浪
300829,金丹科技,16.3800000000,16.0800000000,188912392.0000000000,11748392.0000000000,0.0186600000,1.8891239200,AKShare stock_zh_a_spot / 新浪
300830,金现代,8.3300000000,8.4300000000,89038267.0000000000,10766175.0000000000,-0.0118600000,0.8903826700,AKShare stock_zh_a_spot / 新浪
300832,新产业,53.4500000000,51.4500000000,603300939.0000000000,11401495.0000000000,0.0388700000,6.0330093900,AKShare stock_zh_a_spot / 新浪
300833,浩洋股份,37.0100000000,37.5600000000,25765465.0000000000,694050.0000000000,-0.0146400000,0.2576546500,AKShare stock_zh_a_spot / 新浪
300834,星辉环材,42.4800000000,40.9100000000,111086712.0000000000,2646500.0000000000,0.0383800000,1.1108671200,AKShare stock_zh_a_spot / 新浪
300835,龙磁科技,171.6900000000,166.8800000000,527999008.0000000000,3116950.0000000000,0.0288200000,5.2799900800,AKShare stock_zh_a_spot / 新浪
300836,佰奥智能,52.1500000000,53.1100000000,128268411.0000000000,2444685.0000000000,-0.0180800000,1.2826841100,AKShare stock_zh_a_spot / 新浪
300837,浙矿股份,23.4700000000,23.7000000000,25693467.0000000000,1102500.0000000000,-0.0097000000,0.2569346700,AKShare stock_zh_a_spot / 新浪
300838,浙江力诺,14.0500000000,13.9400000000,29044707.0000000000,2091600.0000000000,0.0078900000,0.2904470700,AKShare stock_zh_a_spot / 新浪
300839,博汇股份,10.8800000000,10.8200000000,79737338.0000000000,7314800.0000000000,0.0055500000,0.7973733800,AKShare stock_zh_a_spot / 新浪
300840,酷特智能,20.2000000000,20.0800000000,131902328.0000000000,6596700.0000000000,0.0059800000,1.3190232800,AKShare stock_zh_a_spot / 新浪
300841,康华生物,54.2200000000,48.7100000000,590589143.0000000000,11046390.0000000000,0.1131200000,5.9058914300,AKShare stock_zh_a_spot / 新浪
300842,帝科股份,66.4400000000,67.1300000000,318390997.0000000000,4821320.0000000000,-0.0102800000,3.1839099700,AKShare stock_zh_a_spot / 新浪
300843,胜蓝股份,136.2800000000,129.3800000000,1257459479.0000000000,9523392.0000000000,0.0533300000,12.5745947900,AKShare stock_zh_a_spot / 新浪
300844,山水比德,23.7900000000,23.8000000000,19903074.0000000000,844000.0000000000,-0.0004200000,0.1990307400,AKShare stock_zh_a_spot / 新浪
300845,捷安高科,12.1500000000,12.4500000000,84550422.0000000000,6917144.0000000000,-0.0241000000,0.8455042200,AKShare stock_zh_a_spot / 新浪
300846,首都在线,20.8500000000,21.7400000000,762038038.0000000000,36422533.0000000000,-0.0409400000,7.6203803800,AKShare stock_zh_a_spot / 新浪
300847,中船汉光,14.2900000000,14.4800000000,55333818.0000000000,3881000.0000000000,-0.0131200000,0.5533381800,AKShare stock_zh_a_spot / 新浪
300848,美瑞新材,12.9000000000,13.0700000000,31694099.0000000000,2455662.0000000000,-0.0130100000,0.3169409900,AKShare stock_zh_a_spot / 新浪
300849,锦盛新材,20.7100000000,21.0800000000,92635143.0000000000,4438155.0000000000,-0.0175500000,0.9263514300,AKShare stock_zh_a_spot / 新浪
300850,新强联,26.4300000000,27.0300000000,237392424.0000000000,8979542.0000000000,-0.0222000000,2.3739242400,AKShare stock_zh_a_spot / 新浪
300851,交大思诺,24.2300000000,24.1400000000,20491826.0000000000,850700.0000000000,0.0037300000,0.2049182600,AKShare stock_zh_a_spot / 新浪
300852,四会富仕,49.2500000000,49.1000000000,380102922.0000000000,7730500.0000000000,0.0030500000,3.8010292200,AKShare stock_zh_a_spot / 新浪
300853,申昊科技,29.0500000000,28.5700000000,136841034.0000000000,4772700.0000000000,0.0168000000,1.3684103400,AKShare stock_zh_a_spot / 新浪
300854,中兰环保,18.3300000000,18.2900000000,124663037.0000000000,6796240.0000000000,0.0021900000,1.2466303700,AKShare stock_zh_a_spot / 新浪
300855,图南股份,32.4800000000,33.0600000000,296381650.0000000000,9075155.0000000000,-0.0175400000,2.9638165000,AKShare stock_zh_a_spot / 新浪
300856,科思股份,11.0000000000,11.1500000000,92845393.0000000000,8477873.0000000000,-0.0134500000,0.9284539300,AKShare stock_zh_a_spot / 新浪
300857,协创数据,267.1600000000,269.1500000000,5660833534.0000000000,21282856.0000000000,-0.0073900000,56.6083353400,AKShare stock_zh_a_spot / 新浪
300858,科拓生物,15.3600000000,15.1000000000,126824768.0000000000,8213106.0000000000,0.0172200000,1.2682476800,AKShare stock_zh_a_spot / 新浪
300859,西域旅游,26.7100000000,27.5000000000,79923570.0000000000,2977100.0000000000,-0.0287300000,0.7992357000,AKShare stock_zh_a_spot / 新浪
300860,锋尚文化,27.3400000000,28.1000000000,67860472.0000000000,2470239.0000000000,-0.0270500000,0.6786047200,AKShare stock_zh_a_spot / 新浪
300861,美畅股份,17.7800000000,17.8600000000,208243529.0000000000,11740436.0000000000,-0.0044800000,2.0824352900,AKShare stock_zh_a_spot / 新浪
300862,蓝盾光电,56.5000000000,54.7700000000,2192595797.0000000000,38853225.0000000000,0.0315900000,21.9259579700,AKShare stock_zh_a_spot / 新浪
300863,卡倍亿,46.8000000000,45.0900000000,377115802.0000000000,8295516.0000000000,0.0379200000,3.7711580200,AKShare stock_zh_a_spot / 新浪
300864,南大环境,19.8900000000,19.5000000000,44118713.0000000000,2227932.0000000000,0.0200000000,0.4411871300,AKShare stock_zh_a_spot / 新浪
300865,大宏立,27.1500000000,25.9300000000,91424601.0000000000,3503876.0000000000,0.0470500000,0.9142460100,AKShare stock_zh_a_spot / 新浪
300866,安克创新,116.2900000000,118.2000000000,318163524.0000000000,2729656.0000000000,-0.0161600000,3.1816352400,AKShare stock_zh_a_spot / 新浪
300867,圣元环保,17.4000000000,16.4300000000,251267457.0000000000,14560661.0000000000,0.0590400000,2.5126745700,AKShare stock_zh_a_spot / 新浪
300868,杰美特,95.7800000000,97.5000000000,267548917.0000000000,2782510.0000000000,-0.0176400000,2.6754891700,AKShare stock_zh_a_spot / 新浪
300869,康泰医学,11.4100000000,11.6300000000,33021229.0000000000,2880498.0000000000,-0.0189200000,0.3302122900,AKShare stock_zh_a_spot / 新浪
300870,欧陆通,231.8600000000,239.0000000000,1507728751.0000000000,6491580.0000000000,-0.0298700000,15.0772875100,AKShare stock_zh_a_spot / 新浪
300871,回盛生物,24.0000000000,23.8800000000,218736352.0000000000,9099279.0000000000,0.0050300000,2.1873635200,AKShare stock_zh_a_spot / 新浪
300872,天阳科技,15.4900000000,15.7500000000,168231383.0000000000,10784184.0000000000,-0.0165100000,1.6823138300,AKShare stock_zh_a_spot / 新浪
300873,海晨股份,17.3200000000,17.8500000000,219208775.0000000000,12649500.0000000000,-0.0296900000,2.1920877500,AKShare stock_zh_a_spot / 新浪
300875,捷强装备,33.7600000000,33.7300000000,100859819.0000000000,3002774.0000000000,0.0008900000,1.0085981900,AKShare stock_zh_a_spot / 新浪
300876,蒙泰高新,15.7100000000,15.9500000000,27237757.0000000000,1727293.0000000000,-0.0150500000,0.2723775700,AKShare stock_zh_a_spot / 新浪
300877,金春股份,29.0000000000,25.7200000000,188984111.0000000000,6690271.0000000000,0.1275300000,1.8898411100,AKShare stock_zh_a_spot / 新浪
300878,维康药业,35.6900000000,35.1200000000,93756370.0000000000,2671300.0000000000,0.0162300000,0.9375637000,AKShare stock_zh_a_spot / 新浪
300879,大叶股份,17.0200000000,17.0700000000,40326858.0000000000,2372957.0000000000,-0.0029300000,0.4032685800,AKShare stock_zh_a_spot / 新浪
300880,迦南智能,20.0000000000,20.4100000000,54957044.0000000000,2749956.0000000000,-0.0200900000,0.5495704400,AKShare stock_zh_a_spot / 新浪
300881,盛德鑫泰,34.0500000000,33.7000000000,53156734.0000000000,1565620.0000000000,0.0103900000,0.5315673400,AKShare stock_zh_a_spot / 新浪
300882,万胜智能,14.8600000000,15.2200000000,31223460.0000000000,2093700.0000000000,-0.0236500000,0.3122346000,AKShare stock_zh_a_spot / 新浪
300883,龙利得,6.3400000000,6.2100000000,93786653.0000000000,14948600.0000000000,0.0209300000,0.9378665300,AKShare stock_zh_a_spot / 新浪
300884,狄耐克,12.8300000000,13.0000000000,86288039.0000000000,6764864.0000000000,-0.0130800000,0.8628803900,AKShare stock_zh_a_spot / 新浪
300885,海昌新材,21.4100000000,21.2500000000,95224341.0000000000,4500222.0000000000,0.0075300000,0.9522434100,AKShare stock_zh_a_spot / 新浪
300886,华业香料,24.9600000000,26.0000000000,60686207.0000000000,2400700.0000000000,-0.0400000000,0.6068620700,AKShare stock_zh_a_spot / 新浪
300887,谱尼测试,7.3100000000,7.4800000000,77533885.0000000000,10613587.0000000000,-0.0227300000,0.7753388500,AKShare stock_zh_a_spot / 新浪
300888,稳健医疗,29.1000000000,29.3800000000,57854986.0000000000,1984773.0000000000,-0.0095300000,0.5785498600,AKShare stock_zh_a_spot / 新浪
300889,爱克股份,22.1500000000,21.9100000000,85082834.0000000000,3850630.0000000000,0.0109500000,0.8508283400,AKShare stock_zh_a_spot / 新浪
300890,翔丰华,26.8000000000,27.2500000000,76828290.0000000000,2857240.0000000000,-0.0165100000,0.7682829000,AKShare stock_zh_a_spot / 新浪
300891,惠云钛业,7.2600000000,7.3000000000,37347426.0000000000,5149100.0000000000,-0.0054800000,0.3734742600,AKShare stock_zh_a_spot / 新浪
300892,品渥食品,24.0500000000,23.9000000000,111273930.0000000000,4607300.0000000000,0.0062800000,1.1127393000,AKShare stock_zh_a_spot / 新浪
300893,松原安全,15.9800000000,16.1000000000,22733641.0000000000,1425444.0000000000,-0.0074500000,0.2273364100,AKShare stock_zh_a_spot / 新浪
300894,火星人,11.9000000000,11.6800000000,86880265.0000000000,7430678.0000000000,0.0188400000,0.8688026500,AKShare stock_zh_a_spot / 新浪
300895,铜牛信息,60.6300000000,58.8100000000,924890776.0000000000,15521296.0000000000,0.0309500000,9.2489077600,AKShare stock_zh_a_spot / 新浪
300896,爱美客,97.4500000000,99.4900000000,382399680.0000000000,3899655.0000000000,-0.0205000000,3.8239968000,AKShare stock_zh_a_spot / 新浪
300897,山科智能,16.0300000000,16.3800000000,50260048.0000000000,3124849.0000000000,-0.0213700000,0.5026004800,AKShare stock_zh_a_spot / 新浪
300898,熊猫乳品,22.0700000000,21.8500000000,101948510.0000000000,4631800.0000000000,0.0100700000,1.0194851000,AKShare stock_zh_a_spot / 新浪
300899,上海凯鑫,28.9900000000,29.4700000000,16688986.0000000000,575100.0000000000,-0.0162900000,0.1668898600,AKShare stock_zh_a_spot / 新浪
300900,广联航空,25.6300000000,25.7700000000,385205306.0000000000,15127157.0000000000,-0.0054300000,3.8520530600,AKShare stock_zh_a_spot / 新浪
300901,中胤时尚,18.0300000000,18.0100000000,90877502.0000000000,5059511.0000000000,0.0011100000,0.9087750200,AKShare stock_zh_a_spot / 新浪
300902,国安达,17.2700000000,17.8100000000,78607607.0000000000,4540373.0000000000,-0.0303200000,0.7860760700,AKShare stock_zh_a_spot / 新浪
300903,科翔股份,84.3200000000,84.4300000000,1938442406.0000000000,23084618.0000000000,-0.0013000000,19.3844240600,AKShare stock_zh_a_spot / 新浪
300904,威力传动,42.0800000000,42.4600000000,22735774.0000000000,541800.0000000000,-0.0089500000,0.2273577400,AKShare stock_zh_a_spot / 新浪
300905,宝丽迪,39.2000000000,40.0800000000,254808524.0000000000,6487258.0000000000,-0.0219600000,2.5480852400,AKShare stock_zh_a_spot / 新浪
300906,日月明,28.4100000000,27.6400000000,33251693.0000000000,1184344.0000000000,0.0278600000,0.3325169300,AKShare stock_zh_a_spot / 新浪
300907,康平科技,52.5600000000,51.1000000000,199591487.0000000000,3895600.0000000000,0.0285700000,1.9959148700,AKShare stock_zh_a_spot / 新浪
300908,仲景食品,26.7800000000,25.4400000000,229731169.0000000000,8606829.0000000000,0.0526700000,2.2973116900,AKShare stock_zh_a_spot / 新浪
300909,汇创达,57.9500000000,54.4900000000,266247714.0000000000,4724922.0000000000,0.0635000000,2.6624771400,AKShare stock_zh_a_spot / 新浪
300910,瑞丰新材,27.0000000000,27.1300000000,116250746.0000000000,4299090.0000000000,-0.0047900000,1.1625074600,AKShare stock_zh_a_spot / 新浪
300911,亿田智能,22.2200000000,23.2400000000,280002652.0000000000,12509816.0000000000,-0.0438900000,2.8000265200,AKShare stock_zh_a_spot / 新浪
300912,凯龙高科,21.3400000000,21.0100000000,92774724.0000000000,4409045.0000000000,0.0157100000,0.9277472400,AKShare stock_zh_a_spot / 新浪
300913,兆龙互连,36.7300000000,37.4000000000,353313951.0000000000,9642397.0000000000,-0.0179100000,3.5331395100,AKShare stock_zh_a_spot / 新浪
300915,海融科技,20.8900000000,21.1900000000,26508103.0000000000,1263340.0000000000,-0.0141600000,0.2650810300,AKShare stock_zh_a_spot / 新浪
300916,朗特智能,25.7400000000,25.0400000000,205171601.0000000000,8211403.0000000000,0.0279600000,2.0517160100,AKShare stock_zh_a_spot / 新浪
300917,特发服务,26.3600000000,26.5200000000,93665802.0000000000,3551570.0000000000,-0.0060300000,0.9366580200,AKShare stock_zh_a_spot / 新浪
300918,南山智尚,10.7400000000,10.7600000000,48581975.0000000000,4564900.0000000000,-0.0018600000,0.4858197500,AKShare stock_zh_a_spot / 新浪
300919,中伟新材,40.7900000000,41.5300000000,396759474.0000000000,9682714.0000000000,-0.0178200000,3.9675947400,AKShare stock_zh_a_spot / 新浪
300920,润阳科技,36.0200000000,35.4300000000,86492668.0000000000,2412930.0000000000,0.0166500000,0.8649266800,AKShare stock_zh_a_spot / 新浪
300921,南凌科技,15.9500000000,16.3000000000,116681819.0000000000,7350650.0000000000,-0.0214700000,1.1668181900,AKShare stock_zh_a_spot / 新浪
300922,天秦装备,17.5300000000,18.2300000000,75911557.0000000000,4303650.0000000000,-0.0384000000,0.7591155700,AKShare stock_zh_a_spot / 新浪
300923,研奥股份,25.9000000000,24.2900000000,89842822.0000000000,3564595.0000000000,0.0662800000,0.8984282200,AKShare stock_zh_a_spot / 新浪
300925,法本信息,14.8400000000,14.9600000000,142000408.0000000000,9648160.0000000000,-0.0080200000,1.4200040800,AKShare stock_zh_a_spot / 新浪
300926,博俊科技,18.2000000000,18.3400000000,67720592.0000000000,3711820.0000000000,-0.0076300000,0.6772059200,AKShare stock_zh_a_spot / 新浪
300927,江天化学,22.6500000000,22.4000000000,74264493.0000000000,3287451.0000000000,0.0111600000,0.7426449300,AKShare stock_zh_a_spot / 新浪
300928,华安鑫创,25.8200000000,25.8700000000,31077507.0000000000,1206600.0000000000,-0.0019300000,0.3107750700,AKShare stock_zh_a_spot / 新浪
300929,华骐环保,17.3300000000,16.9300000000,284799834.0000000000,16334690.0000000000,0.0236300000,2.8479983400,AKShare stock_zh_a_spot / 新浪
300930,屹通新材,25.9500000000,26.3100000000,34543515.0000000000,1332317.0000000000,-0.0136800000,0.3454351500,AKShare stock_zh_a_spot / 新浪
300931,通用电梯,15.4000000000,14.8000000000,221980485.0000000000,14519899.0000000000,0.0405400000,2.2198048500,AKShare stock_zh_a_spot / 新浪
300932,三友联众,11.0100000000,11.0000000000,117789833.0000000000,10830847.0000000000,0.0009100000,1.1778983300,AKShare stock_zh_a_spot / 新浪
300933,中辰股份,6.5700000000,6.6500000000,64164489.0000000000,9830316.0000000000,-0.0120300000,0.6416448900,AKShare stock_zh_a_spot / 新浪
300935,盈建科,32.5500000000,33.3700000000,121283188.0000000000,3669585.0000000000,-0.0245700000,1.2128318800,AKShare stock_zh_a_spot / 新浪
300936,中英科技,87.6500000000,86.7500000000,289908143.0000000000,3378801.0000000000,0.0103700000,2.8990814300,AKShare stock_zh_a_spot / 新浪
300937,药易购,29.8300000000,30.0500000000,279568267.0000000000,9339566.0000000000,-0.0073200000,2.7956826700,AKShare stock_zh_a_spot / 新浪
300938,信测标准,30.6100000000,30.3300000000,295530164.0000000000,9734502.0000000000,0.0092300000,2.9553016400,AKShare stock_zh_a_spot / 新浪
300939,秋田微,67.6900000000,69.0800000000,172498578.0000000000,2528298.0000000000,-0.0201200000,1.7249857800,AKShare stock_zh_a_spot / 新浪
300940,南极光,14.0800000000,14.2100000000,59310388.0000000000,4221439.0000000000,-0.0091500000,0.5931038800,AKShare stock_zh_a_spot / 新浪
300941,创识科技,15.2300000000,14.7100000000,155521689.0000000000,10407624.0000000000,0.0353500000,1.5552168900,AKShare stock_zh_a_spot / 新浪
300942,易瑞生物,6.7500000000,6.8600000000,34581135.0000000000,5093858.0000000000,-0.0160300000,0.3458113500,AKShare stock_zh_a_spot / 新浪
300943,春晖智控,34.2300000000,33.2000000000,646971619.0000000000,19526658.0000000000,0.0310200000,6.4697161900,AKShare stock_zh_a_spot / 新浪
300945,曼卡龙,12.2900000000,12.3300000000,114690821.0000000000,9351701.0000000000,-0.0032400000,1.1469082100,AKShare stock_zh_a_spot / 新浪
300946,恒而达,39.8500000000,40.1200000000,46723835.0000000000,1170230.0000000000,-0.0067300000,0.4672383500,AKShare stock_zh_a_spot / 新浪
300947,德必集团,14.2400000000,14.2400000000,32052325.0000000000,2261100.0000000000,0.0000000000,0.3205232500,AKShare stock_zh_a_spot / 新浪
300948,冠中生态,22.0100000000,22.7000000000,89965993.0000000000,4024800.0000000000,-0.0304000000,0.8996599300,AKShare stock_zh_a_spot / 新浪
300949,奥雅股份,22.7100000000,22.5000000000,28138759.0000000000,1250555.0000000000,0.0093300000,0.2813875900,AKShare stock_zh_a_spot / 新浪
300950,德固特,16.9400000000,16.9500000000,26271877.0000000000,1557350.0000000000,-0.0005900000,0.2627187700,AKShare stock_zh_a_spot / 新浪
300951,博硕科技,75.1300000000,75.1000000000,334875430.0000000000,4471530.0000000000,0.0004000000,3.3487543000,AKShare stock_zh_a_spot / 新浪
300952,恒辉安防,17.3700000000,17.4700000000,58567156.0000000000,3389921.0000000000,-0.0057200000,0.5856715600,AKShare stock_zh_a_spot / 新浪
300953,震裕科技,109.3000000000,108.1900000000,778910669.0000000000,7216756.0000000000,0.0102600000,7.7891066900,AKShare stock_zh_a_spot / 新浪
300955,嘉亨家化,33.0000000000,32.4000000000,62994312.0000000000,1947721.0000000000,0.0185200000,0.6299431200,AKShare stock_zh_a_spot / 新浪
300956,英力股份,11.3700000000,11.4100000000,53326832.0000000000,4716369.0000000000,-0.0035100000,0.5332683200,AKShare stock_zh_a_spot / 新浪
300957,贝泰妮,32.1100000000,32.5900000000,183283779.0000000000,5707096.0000000000,-0.0147300000,1.8328377900,AKShare stock_zh_a_spot / 新浪
300958,建工修复,12.0500000000,12.0200000000,19948854.0000000000,1663249.0000000000,0.0025000000,0.1994885400,AKShare stock_zh_a_spot / 新浪
300959,线上线下,101.3700000000,103.7100000000,279442609.0000000000,2773818.0000000000,-0.0225600000,2.7944260900,AKShare stock_zh_a_spot / 新浪
300960,通业科技,16.4000000000,16.5000000000,17667571.0000000000,1081340.0000000000,-0.0060600000,0.1766757100,AKShare stock_zh_a_spot / 新浪
300961,深水海纳,12.0600000000,12.2000000000,40406307.0000000000,3349400.0000000000,-0.0114800000,0.4040630700,AKShare stock_zh_a_spot / 新浪
300962,中金辐照,13.3700000000,13.5500000000,24226661.0000000000,1815410.0000000000,-0.0132800000,0.2422666100,AKShare stock_zh_a_spot / 新浪
300963,中洲特材,11.7700000000,12.0600000000,87374679.0000000000,7400697.0000000000,-0.0240500000,0.8737467900,AKShare stock_zh_a_spot / 新浪
300964,本川智能,60.8800000000,61.6500000000,259539609.0000000000,4295382.0000000000,-0.0124900000,2.5953960900,AKShare stock_zh_a_spot / 新浪
300965,恒宇信通,46.4000000000,46.9000000000,62589883.0000000000,1342400.0000000000,-0.0106600000,0.6258988300,AKShare stock_zh_a_spot / 新浪
300966,共同药业,26.7700000000,26.6600000000,49219368.0000000000,1851498.0000000000,0.0041300000,0.4921936800,AKShare stock_zh_a_spot / 新浪
300967,晓鸣股份,16.8800000000,16.4600000000,264009889.0000000000,15538387.0000000000,0.0255200000,2.6400988900,AKShare stock_zh_a_spot / 新浪
300968,格林精密,10.9300000000,10.8400000000,117033385.0000000000,10880673.0000000000,0.0083000000,1.1703338500,AKShare stock_zh_a_spot / 新浪
300969,恒帅股份,79.5600000000,79.3300000000,171101383.0000000000,2166760.0000000000,0.0029000000,1.7110138300,AKShare stock_zh_a_spot / 新浪
300970,华绿生物,21.6600000000,18.0500000000,230669295.0000000000,11129951.0000000000,0.2000000000,2.3066929500,AKShare stock_zh_a_spot / 新浪
300971,博亚精工,19.1500000000,19.3300000000,32411021.0000000000,1694700.0000000000,-0.0093100000,0.3241102100,AKShare stock_zh_a_spot / 新浪
300972,万辰集团,200.7100000000,202.2000000000,255157925.0000000000,1259608.0000000000,-0.0073700000,2.5515792500,AKShare stock_zh_a_spot / 新浪
300973,立高食品,26.7800000000,25.7700000000,193188747.0000000000,7294279.0000000000,0.0391900000,1.9318874700,AKShare stock_zh_a_spot / 新浪
300975,商络电子,28.2000000000,28.9500000000,1578481947.0000000000,55519245.0000000000,-0.0259100000,15.7848194700,AKShare stock_zh_a_spot / 新浪
300976,达瑞电子,58.8000000000,60.2000000000,312387505.0000000000,5269631.0000000000,-0.0232600000,3.1238750500,AKShare stock_zh_a_spot / 新浪
300977,深圳瑞捷,16.0800000000,16.2600000000,17501423.0000000000,1089287.0000000000,-0.0110700000,0.1750142300,AKShare stock_zh_a_spot / 新浪
300978,东箭科技,8.7500000000,8.8800000000,22253277.0000000000,2545600.0000000000,-0.0146400000,0.2225327700,AKShare stock_zh_a_spot / 新浪
300979,华利集团,34.5100000000,34.0100000000,75276507.0000000000,2192633.0000000000,0.0147000000,0.7527650700,AKShare stock_zh_a_spot / 新浪
300980,祥源新材,23.2200000000,23.6400000000,115277865.0000000000,4975501.0000000000,-0.0177700000,1.1527786500,AKShare stock_zh_a_spot / 新浪
300981,中红医疗,15.1200000000,15.3300000000,192455191.0000000000,12776615.0000000000,-0.0137000000,1.9245519100,AKShare stock_zh_a_spot / 新浪
300982,苏文电能,15.2200000000,15.4600000000,43041524.0000000000,2830000.0000000000,-0.0155200000,0.4304152400,AKShare stock_zh_a_spot / 新浪
300983,尤安设计,40.0200000000,39.7700000000,46099136.0000000000,1155380.0000000000,0.0062900000,0.4609913600,AKShare stock_zh_a_spot / 新浪
300984,金沃股份,35.3600000000,34.7500000000,124918896.0000000000,3566568.0000000000,0.0175500000,1.2491889600,AKShare stock_zh_a_spot / 新浪
300985,致远新能,41.2000000000,41.8000000000,234590451.0000000000,5628000.0000000000,-0.0143500000,2.3459045100,AKShare stock_zh_a_spot / 新浪
300986,志特新材,12.8800000000,13.2000000000,575088733.0000000000,44659610.0000000000,-0.0242400000,5.7508873300,AKShare stock_zh_a_spot / 新浪
300987,川网传媒,13.5800000000,13.5900000000,38987469.0000000000,2897460.0000000000,-0.0007400000,0.3898746900,AKShare stock_zh_a_spot / 新浪
300988,津荣天宇,14.8800000000,15.3500000000,52035391.0000000000,3476412.0000000000,-0.0306200000,0.5203539100,AKShare stock_zh_a_spot / 新浪
300989,蕾奥规划,13.9100000000,14.2000000000,51765780.0000000000,3684000.0000000000,-0.0204200000,0.5176578000,AKShare stock_zh_a_spot / 新浪
300990,同飞股份,75.3300000000,78.2000000000,488048065.0000000000,6437670.0000000000,-0.0367000000,4.8804806500,AKShare stock_zh_a_spot / 新浪
300991,创益通,29.2900000000,29.6000000000,55139389.0000000000,1887500.0000000000,-0.0104700000,0.5513938900,AKShare stock_zh_a_spot / 新浪
300992,泰福泵业,25.0200000000,25.4200000000,25498089.0000000000,1018104.0000000000,-0.0157400000,0.2549808900,AKShare stock_zh_a_spot / 新浪
300993,玉马科技,10.0100000000,10.0600000000,20577017.0000000000,2051743.0000000000,-0.0049700000,0.2057701700,AKShare stock_zh_a_spot / 新浪
300994,久祺股份,11.2800000000,11.3500000000,18714841.0000000000,1662100.0000000000,-0.0061700000,0.1871484100,AKShare stock_zh_a_spot / 新浪
300995,奇德新材,26.9100000000,26.9900000000,21720378.0000000000,812682.0000000000,-0.0029600000,0.2172037800,AKShare stock_zh_a_spot / 新浪
300996,普联软件,16.1800000000,17.1400000000,1019123769.0000000000,62128716.0000000000,-0.0560100000,10.1912376900,AKShare stock_zh_a_spot / 新浪
300997,欢乐家,18.3100000000,18.0600000000,333367891.0000000000,18040986.0000000000,0.0138400000,3.3336789100,AKShare stock_zh_a_spot / 新浪
300998,宁波方正,26.6700000000,26.3500000000,86016735.0000000000,3274000.0000000000,0.0121400000,0.8601673500,AKShare stock_zh_a_spot / 新浪
300999,金龙鱼,25.6300000000,24.9600000000,545154149.0000000000,21317228.0000000000,0.0268400000,5.4515414900,AKShare stock_zh_a_spot / 新浪
301000,肇民科技,25.8600000000,25.9800000000,98090495.0000000000,3808435.0000000000,-0.0046200000,0.9809049500,AKShare stock_zh_a_spot / 新浪
301001,凯淳股份,24.1500000000,24.1800000000,25090215.0000000000,1046800.0000000000,-0.0012400000,0.2509021500,AKShare stock_zh_a_spot / 新浪
301002,崧盛股份,31.0400000000,30.8700000000,215201471.0000000000,7020224.0000000000,0.0055100000,2.1520147100,AKShare stock_zh_a_spot / 新浪
301003,江苏博云,56.2000000000,53.9500000000,114758023.0000000000,2098140.0000000000,0.0417100000,1.1475802300,AKShare stock_zh_a_spot / 新浪
301004,嘉益股份,34.0300000000,34.4100000000,20904619.0000000000,618200.0000000000,-0.0110400000,0.2090461900,AKShare stock_zh_a_spot / 新浪
301005,超捷股份,89.2900000000,88.8300000000,1270640865.0000000000,14336076.0000000000,0.0051800000,12.7064086500,AKShare stock_zh_a_spot / 新浪
301006,迈拓股份,13.7700000000,13.8300000000,15834381.0000000000,1151800.0000000000,-0.0043400000,0.1583438100,AKShare stock_zh_a_spot / 新浪
301007,德迈仕,28.5800000000,29.1700000000,118541681.0000000000,4150782.0000000000,-0.0202300000,1.1854168100,AKShare stock_zh_a_spot / 新浪
301008,宏昌科技,42.7800000000,40.9200000000,782026761.0000000000,18610407.0000000000,0.0454500000,7.8202676100,AKShare stock_zh_a_spot / 新浪
301009,可靠股份,9.1200000000,9.2000000000,22033107.0000000000,2420900.0000000000,-0.0087000000,0.2203310700,AKShare stock_zh_a_spot / 新浪
301010,晶雪节能,17.5300000000,17.6000000000,21438696.0000000000,1229500.0000000000,-0.0039800000,0.2143869600,AKShare stock_zh_a_spot / 新浪
301011,华立科技,15.2000000000,15.3000000000,30397269.0000000000,1993797.0000000000,-0.0065400000,0.3039726900,AKShare stock_zh_a_spot / 新浪
301012,扬电科技,25.7000000000,26.5400000000,228475823.0000000000,8875564.0000000000,-0.0316500000,2.2847582300,AKShare stock_zh_a_spot / 新浪
301013,利和兴,48.6800000000,46.9100000000,1837243223.0000000000,38261830.0000000000,0.0377300000,18.3724322300,AKShare stock_zh_a_spot / 新浪
301015,百洋医药,26.7800000000,27.2100000000,344461568.0000000000,12809618.0000000000,-0.0158000000,3.4446156800,AKShare stock_zh_a_spot / 新浪
301016,雷尔伟,12.5300000000,12.7000000000,25784578.0000000000,2062516.0000000000,-0.0133900000,0.2578457800,AKShare stock_zh_a_spot / 新浪
301017,漱玉平民,13.7500000000,13.9000000000,126155203.0000000000,9118200.0000000000,-0.0107900000,1.2615520300,AKShare stock_zh_a_spot / 新浪
301018,申菱环境,96.7900000000,100.1800000000,1840441711.0000000000,19178878.0000000000,-0.0338400000,18.4044171100,AKShare stock_zh_a_spot / 新浪
301019,宁波色母,15.0900000000,15.2400000000,21556577.0000000000,1427589.0000000000,-0.0098400000,0.2155657700,AKShare stock_zh_a_spot / 新浪
301020,密封科技,21.3400000000,21.3500000000,24312371.0000000000,1146600.0000000000,-0.0004700000,0.2431237100,AKShare stock_zh_a_spot / 新浪
301021,英诺激光,80.7500000000,75.8000000000,1129555708.0000000000,14054693.0000000000,0.0653000000,11.2955570800,AKShare stock_zh_a_spot / 新浪
301022,海泰科,23.4000000000,23.3800000000,20770676.0000000000,897615.0000000000,0.0008600000,0.2077067600,AKShare stock_zh_a_spot / 新浪
301023,奕帆传动,30.9500000000,30.4200000000,53654133.0000000000,1766223.0000000000,0.0174200000,0.5365413300,AKShare stock_zh_a_spot / 新浪
301024,霍普股份,31.9700000000,32.0400000000,23980536.0000000000,756300.0000000000,-0.0021800000,0.2398053600,AKShare stock_zh_a_spot / 新浪
301025,读客文化,9.3800000000,9.0600000000,219174787.0000000000,23682672.0000000000,0.0353200000,2.1917478700,AKShare stock_zh_a_spot / 新浪
301026,浩通科技,22.2500000000,23.5900000000,314866342.0000000000,14001437.0000000000,-0.0568000000,3.1486634200,AKShare stock_zh_a_spot / 新浪
301027,华蓝集团,20.7200000000,20.8700000000,89768883.0000000000,4356800.0000000000,-0.0071900000,0.8976888300,AKShare stock_zh_a_spot / 新浪
301028,鼎熔岩,13.1200000000,13.3100000000,49984909.0000000000,3810728.0000000000,-0.0142700000,0.4998490900,AKShare stock_zh_a_spot / 新浪
301029,怡合达,26.9400000000,27.2900000000,171107947.0000000000,6362460.0000000000,-0.0128300000,1.7110794700,AKShare stock_zh_a_spot / 新浪
301031,中熔电气,93.7600000000,94.3800000000,137685756.0000000000,1473771.0000000000,-0.0065700000,1.3768575600,AKShare stock_zh_a_spot / 新浪
301032,新柴股份,10.0800000000,10.1900000000,26973675.0000000000,2681099.0000000000,-0.0107900000,0.2697367500,AKShare stock_zh_a_spot / 新浪
301033,迈普医学,57.8500000000,55.4100000000,104624308.0000000000,1845366.0000000000,0.0440400000,1.0462430800,AKShare stock_zh_a_spot / 新浪
301035,润丰股份,53.4900000000,52.3500000000,98735861.0000000000,1852080.0000000000,0.0217800000,0.9873586100,AKShare stock_zh_a_spot / 新浪
301036,双乐股份,22.3600000000,22.4100000000,15777542.0000000000,707050.0000000000,-0.0022300000,0.1577754200,AKShare stock_zh_a_spot / 新浪
301037,保立佳,12.9800000000,13.1200000000,24602459.0000000000,1882739.0000000000,-0.0106700000,0.2460245900,AKShare stock_zh_a_spot / 新浪
301038,深水规院,16.3200000000,16.5200000000,32906055.0000000000,2010959.0000000000,-0.0121100000,0.3290605500,AKShare stock_zh_a_spot / 新浪
301039,中集车辆,7.9000000000,7.7700000000,114118935.0000000000,14550372.0000000000,0.0167300000,1.1411893500,AKShare stock_zh_a_spot / 新浪
301040,中环海陆,27.7500000000,28.2700000000,64079434.0000000000,2317200.0000000000,-0.0183900000,0.6407943400,AKShare stock_zh_a_spot / 新浪
301041,金百泽,26.6800000000,27.0000000000,111901296.0000000000,4179938.0000000000,-0.0118500000,1.1190129600,AKShare stock_zh_a_spot / 新浪
301042,安联锐视,34.7300000000,35.2200000000,164837687.0000000000,4728344.0000000000,-0.0139100000,1.6483768700,AKShare stock_zh_a_spot / 新浪
301043,绿岛风,44.4000000000,44.7800000000,28759968.0000000000,651750.0000000000,-0.0084900000,0.2875996800,AKShare stock_zh_a_spot / 新浪
301045,天禄科技,73.3100000000,72.5700000000,333157845.0000000000,4625951.0000000000,0.0102000000,3.3315784500,AKShare stock_zh_a_spot / 新浪
301046,能辉科技,21.2600000000,20.5800000000,86017996.0000000000,4111674.0000000000,0.0330400000,0.8601799600,AKShare stock_zh_a_spot / 新浪
301047,义翘神州,121.3100000000,139.4900000000,1903948619.0000000000,15019158.0000000000,-0.1303300000,19.0394861900,AKShare stock_zh_a_spot / 新浪
301048,金鹰重工,9.0500000000,9.1100000000,20864950.0000000000,2306600.0000000000,-0.0065900000,0.2086495000,AKShare stock_zh_a_spot / 新浪
301049,超越科技,19.9500000000,20.3800000000,19719854.0000000000,983400.0000000000,-0.0211000000,0.1971985400,AKShare stock_zh_a_spot / 新浪
301050,雷电微力,31.8100000000,32.2300000000,84529673.0000000000,2668469.0000000000,-0.0130300000,0.8452967300,AKShare stock_zh_a_spot / 新浪
301051,信濠光电,22.1300000000,22.2300000000,251536610.0000000000,11454417.0000000000,-0.0045000000,2.5153661000,AKShare stock_zh_a_spot / 新浪
301052,果麦文化,24.2200000000,24.1500000000,96098964.0000000000,4032400.0000000000,0.0029000000,0.9609896400,AKShare stock_zh_a_spot / 新浪
301053,远信工业,42.2500000000,43.4100000000,397876623.0000000000,9429303.0000000000,-0.0267200000,3.9787662300,AKShare stock_zh_a_spot / 新浪
301055,张小泉,31.1500000000,30.9500000000,92174297.0000000000,2971274.0000000000,0.0064600000,0.9217429700,AKShare stock_zh_a_spot / 新浪
301056,森赫股份,11.3400000000,11.5700000000,29913327.0000000000,2635401.0000000000,-0.0198800000,0.2991332700,AKShare stock_zh_a_spot / 新浪
301057,汇隆新材,22.3000000000,22.0200000000,38578495.0000000000,1749900.0000000000,0.0127200000,0.3857849500,AKShare stock_zh_a_spot / 新浪
301058,中粮科工,9.1300000000,8.6500000000,241409688.0000000000,26795122.0000000000,0.0554900000,2.4140968800,AKShare stock_zh_a_spot / 新浪
301059,金三江,11.4400000000,11.5700000000,20270865.0000000000,1774150.0000000000,-0.0112400000,0.2027086500,AKShare stock_zh_a_spot / 新浪
301060,兰卫医学,12.5900000000,13.0800000000,733298414.0000000000,56965868.0000000000,-0.0374600000,7.3329841400,AKShare stock_zh_a_spot / 新浪
301061,匠心家居,34.6600000000,34.7800000000,52308822.0000000000,1513643.0000000000,-0.0034500000,0.5230882200,AKShare stock_zh_a_spot / 新浪
301062,上海艾录,6.8100000000,6.9700000000,88626168.0000000000,12926092.0000000000,-0.0229600000,0.8862616800,AKShare stock_zh_a_spot / 新浪
301063,海锅股份,18.0700000000,18.1900000000,16168119.0000000000,895600.0000000000,-0.0066000000,0.1616811900,AKShare stock_zh_a_spot / 新浪
301065,本立科技,19.2700000000,19.5800000000,26699042.0000000000,1385100.0000000000,-0.0158300000,0.2669904200,AKShare stock_zh_a_spot / 新浪
301066,万事利,12.3400000000,12.2900000000,53292108.0000000000,4326847.0000000000,0.0040700000,0.5329210800,AKShare stock_zh_a_spot / 新浪
301067,显盈科技,31.8100000000,31.0700000000,129959815.0000000000,4142900.0000000000,0.0238200000,1.2995981500,AKShare stock_zh_a_spot / 新浪
301068,大地海洋,28.7500000000,29.4200000000,39565552.0000000000,1384000.0000000000,-0.0227700000,0.3956555200,AKShare stock_zh_a_spot / 新浪
301069,凯盛新材,16.9900000000,17.7200000000,179271573.0000000000,10495694.0000000000,-0.0412000000,1.7927157300,AKShare stock_zh_a_spot / 新浪
301070,开勒股份,69.2500000000,68.4400000000,209812538.0000000000,3083564.0000000000,0.0118400000,2.0981253800,AKShare stock_zh_a_spot / 新浪
301071,力量钻石,64.6000000000,65.1700000000,1227742420.0000000000,19029009.0000000000,-0.0087500000,12.2774242000,AKShare stock_zh_a_spot / 新浪
301072,中捷精工,43.2900000000,39.7300000000,180486487.0000000000,4297950.0000000000,0.0896000000,1.8048648700,AKShare stock_zh_a_spot / 新浪
301073,君亭酒店,18.3200000000,18.1800000000,79556507.0000000000,4339343.0000000000,0.0077000000,0.7955650700,AKShare stock_zh_a_spot / 新浪
301075,多瑞医药,55.8200000000,56.7800000000,34099990.0000000000,611400.0000000000,-0.0169100000,0.3409999000,AKShare stock_zh_a_spot / 新浪
301076,新瀚新材,22.4900000000,22.7800000000,65672542.0000000000,2927070.0000000000,-0.0127300000,0.6567254200,AKShare stock_zh_a_spot / 新浪
301077,星华新材,22.3400000000,23.0400000000,115918541.0000000000,5186613.0000000000,-0.0303800000,1.1591854100,AKShare stock_zh_a_spot / 新浪
301078,孩子王,7.3400000000,7.2600000000,97866891.0000000000,13441328.0000000000,0.0110200000,0.9786689100,AKShare stock_zh_a_spot / 新浪
301079,邵阳液压,30.1300000000,30.0100000000,107919443.0000000000,3605647.0000000000,0.0040000000,1.0791944300,AKShare stock_zh_a_spot / 新浪
301080,百普赛斯,91.4500000000,95.8800000000,1886483829.0000000000,20713881.0000000000,-0.0462000000,18.8648382900,AKShare stock_zh_a_spot / 新浪
301081,严牌股份,12.5200000000,12.8500000000,46592699.0000000000,3698105.0000000000,-0.0256800000,0.4659269900,AKShare stock_zh_a_spot / 新浪
301082,久盛电气,10.1100000000,10.3800000000,99131481.0000000000,9779201.0000000000,-0.0260100000,0.9913148100,AKShare stock_zh_a_spot / 新浪
301083,百胜智能,14.2900000000,14.2800000000,23800252.0000000000,1673900.0000000000,0.0007000000,0.2380025200,AKShare stock_zh_a_spot / 新浪
301085,亚康股份,63.9500000000,64.1600000000,238051717.0000000000,3801072.0000000000,-0.0032700000,2.3805171700,AKShare stock_zh_a_spot / 新浪
301086,鸿富瀚,130.0500000000,127.7300000000,397094869.0000000000,3089390.0000000000,0.0181600000,3.9709486900,AKShare stock_zh_a_spot / 新浪
301087,可孚医疗,49.7400000000,50.9900000000,78581421.0000000000,1567691.0000000000,-0.0245100000,0.7858142100,AKShare stock_zh_a_spot / 新浪
301088,戎美股份,12.5800000000,12.8000000000,13643448.0000000000,1082800.0000000000,-0.0171900000,0.1364344800,AKShare stock_zh_a_spot / 新浪
301089,拓新药业,24.8200000000,25.3000000000,48069669.0000000000,1931613.0000000000,-0.0189700000,0.4806966900,AKShare stock_zh_a_spot / 新浪
301090,华润材料,6.6500000000,6.6000000000,58172342.0000000000,8767100.0000000000,0.0075800000,0.5817234200,AKShare stock_zh_a_spot / 新浪
301091,深城交,18.8000000000,19.1100000000,90184910.0000000000,4791417.0000000000,-0.0162200000,0.9018491000,AKShare stock_zh_a_spot / 新浪
301092,争光股份,48.5000000000,48.2500000000,168610579.0000000000,3487601.0000000000,0.0051800000,1.6861057900,AKShare stock_zh_a_spot / 新浪
301093,华兰股份,80.0200000000,82.3200000000,276545911.0000000000,3454347.0000000000,-0.0279400000,2.7654591100,AKShare stock_zh_a_spot / 新浪
301095,广立微,79.2100000000,81.1200000000,517727715.0000000000,6528704.0000000000,-0.0235500000,5.1772771500,AKShare stock_zh_a_spot / 新浪
301096,百诚医药,50.7500000000,50.5100000000,126936213.0000000000,2524887.0000000000,0.0047500000,1.2693621300,AKShare stock_zh_a_spot / 新浪
301097,天益医疗,35.3500000000,35.8000000000,19551189.0000000000,553190.0000000000,-0.0125700000,0.1955118900,AKShare stock_zh_a_spot / 新浪
301098,金埔园林,8.6800000000,8.8800000000,58014162.0000000000,6673082.0000000000,-0.0225200000,0.5801416200,AKShare stock_zh_a_spot / 新浪
301099,雅创电子,53.4000000000,53.5000000000,389322214.0000000000,7314324.0000000000,-0.0018700000,3.8932221400,AKShare stock_zh_a_spot / 新浪
301100,风光股份,16.4800000000,16.6500000000,18511137.0000000000,1127200.0000000000,-0.0102100000,0.1851113700,AKShare stock_zh_a_spot / 新浪
301101,明月镜片,29.6800000000,29.5500000000,51848736.0000000000,1762400.0000000000,0.0044000000,0.5184873600,AKShare stock_zh_a_spot / 新浪
301102,兆讯传媒,9.7600000000,9.8000000000,28126213.0000000000,2866195.0000000000,-0.0040800000,0.2812621300,AKShare stock_zh_a_spot / 新浪
301103,何氏眼科,16.8700000000,17.1900000000,36396384.0000000000,2152000.0000000000,-0.0186200000,0.3639638400,AKShare stock_zh_a_spot / 新浪
301105,鸿铭股份,47.8100000000,48.0200000000,20753078.0000000000,439000.0000000000,-0.0043700000,0.2075307800,AKShare stock_zh_a_spot / 新浪
301106,骏成科技,21.1800000000,17.6500000000,116044806.0000000000,5663513.0000000000,0.2000000000,1.1604480600,AKShare stock_zh_a_spot / 新浪
301107,瑜欣电子,20.9600000000,20.7800000000,65425773.0000000000,3159820.0000000000,0.0086600000,0.6542577300,AKShare stock_zh_a_spot / 新浪
301108,洁雅股份,37.7700000000,37.8900000000,51195208.0000000000,1356460.0000000000,-0.0031700000,0.5119520800,AKShare stock_zh_a_spot / 新浪
301109,军信股份,13.4900000000,13.5400000000,38748743.0000000000,2870170.0000000000,-0.0036900000,0.3874874300,AKShare stock_zh_a_spot / 新浪
301110,青木科技,36.8100000000,38.0000000000,132337301.0000000000,3575410.0000000000,-0.0313200000,1.3233730100,AKShare stock_zh_a_spot / 新浪
301111,粤万年青,23.8500000000,20.5400000000,428886140.0000000000,18635337.0000000000,0.1611500000,4.2888614000,AKShare stock_zh_a_spot / 新浪
301112,信邦智能,32.7800000000,31.8000000000,52489268.0000000000,1633240.0000000000,0.0308200000,0.5248926800,AKShare stock_zh_a_spot / 新浪
301113,雅艺科技,16.6100000000,16.6700000000,16743788.0000000000,1007686.0000000000,-0.0036000000,0.1674378800,AKShare stock_zh_a_spot / 新浪
301115,联检科技,34.0500000000,33.1800000000,153981171.0000000000,4572220.0000000000,0.0262200000,1.5398117100,AKShare stock_zh_a_spot / 新浪
301116,益客食品,9.8100000000,9.5700000000,188430679.0000000000,19292440.0000000000,0.0250800000,1.8843067900,AKShare stock_zh_a_spot / 新浪
301117,佳缘科技,19.4600000000,19.8700000000,147817751.0000000000,7630915.0000000000,-0.0206300000,1.4781775100,AKShare stock_zh_a_spot / 新浪
301118,恒光股份,22.9600000000,22.9500000000,45952661.0000000000,2006992.0000000000,0.0004400000,0.4595266100,AKShare stock_zh_a_spot / 新浪
301119,正强股份,22.1200000000,22.1700000000,34186096.0000000000,1557002.0000000000,-0.0022600000,0.3418609600,AKShare stock_zh_a_spot / 新浪
301120,新特电气,15.5800000000,15.9700000000,145416109.0000000000,9314768.0000000000,-0.0244200000,1.4541610900,AKShare stock_zh_a_spot / 新浪
301121,紫建电子,36.2000000000,36.9100000000,38928487.0000000000,1071974.0000000000,-0.0192400000,0.3892848700,AKShare stock_zh_a_spot / 新浪
301122,采纳股份,35.1700000000,36.3100000000,130868485.0000000000,3760200.0000000000,-0.0314000000,1.3086848500,AKShare stock_zh_a_spot / 新浪
301123,奕东电子,79.1100000000,81.2000000000,902421360.0000000000,11357034.0000000000,-0.0257400000,9.0242136000,AKShare stock_zh_a_spot / 新浪
301125,腾亚精工,13.1000000000,13.2800000000,35670449.0000000000,2718155.0000000000,-0.0135500000,0.3567044900,AKShare stock_zh_a_spot / 新浪
301126,达嘉维康,10.1300000000,10.3800000000,38385684.0000000000,3765600.0000000000,-0.0240800000,0.3838568400,AKShare stock_zh_a_spot / 新浪
301127,武汉天源,19.4100000000,18.1400000000,1397105375.0000000000,73222663.0000000000,0.0700100000,13.9710537500,AKShare stock_zh_a_spot / 新浪
301128,强瑞技术,118.2000000000,118.2200000000,650890090.0000000000,5503336.0000000000,-0.0001700000,6.5089009000,AKShare stock_zh_a_spot / 新浪
301129,瑞纳智能,26.4600000000,22.0500000000,278797249.0000000000,11081864.0000000000,0.2000000000,2.7879724900,AKShare stock_zh_a_spot / 新浪
301130,西点药业,27.8200000000,30.2300000000,281103757.0000000000,9795983.0000000000,-0.0797200000,2.8110375700,AKShare stock_zh_a_spot / 新浪
301131,聚赛龙,34.2800000000,34.4000000000,25880833.0000000000,760383.0000000000,-0.0034900000,0.2588083300,AKShare stock_zh_a_spot / 新浪
301132,满坤科技,38.3800000000,38.3700000000,256866069.0000000000,6777492.0000000000,0.0002600000,2.5686606900,AKShare stock_zh_a_spot / 新浪
301133,金钟股份,30.6000000000,28.5800000000,135576242.0000000000,4528074.0000000000,0.0706800000,1.3557624200,AKShare stock_zh_a_spot / 新浪
301135,瑞德智能,16.9700000000,16.8300000000,28415226.0000000000,1691820.0000000000,0.0083200000,0.2841522600,AKShare stock_zh_a_spot / 新浪
301136,招标股份,11.5900000000,11.6900000000,81627226.0000000000,7001092.0000000000,-0.0085500000,0.8162722600,AKShare stock_zh_a_spot / 新浪
301137,哈焊华通,34.2300000000,34.9700000000,145298981.0000000000,4203175.0000000000,-0.0211600000,1.4529898100,AKShare stock_zh_a_spot / 新浪
301138,华研精机,27.4400000000,27.7700000000,20715819.0000000000,753800.0000000000,-0.0118800000,0.2071581900,AKShare stock_zh_a_spot / 新浪
301141,中科磁业,42.8200000000,42.9400000000,115220204.0000000000,2702812.0000000000,-0.0027900000,1.1522020400,AKShare stock_zh_a_spot / 新浪
301148,嘉戎技术,52.2600000000,52.7600000000,67861437.0000000000,1299200.0000000000,-0.0094800000,0.6786143700,AKShare stock_zh_a_spot / 新浪
301149,隆华新材,8.0100000000,8.0000000000,49289465.0000000000,6189770.0000000000,0.0012500000,0.4928946500,AKShare stock_zh_a_spot / 新浪
301150,中一科技,41.0000000000,42.1600000000,704110639.0000000000,17022586.0000000000,-0.0275100000,7.0411063900,AKShare stock_zh_a_spot / 新浪
301151,冠龙节能,16.9700000000,17.4500000000,51237556.0000000000,3009347.0000000000,-0.0275100000,0.5123755600,AKShare stock_zh_a_spot / 新浪
301152,天力锂能,19.6900000000,20.2300000000,75306944.0000000000,3798077.0000000000,-0.0266900000,0.7530694400,AKShare stock_zh_a_spot / 新浪
301153,中科江南,17.2200000000,17.5700000000,64382435.0000000000,3735096.0000000000,-0.0199200000,0.6438243500,AKShare stock_zh_a_spot / 新浪
301155,海力风电,45.5500000000,45.9700000000,137506064.0000000000,3036291.0000000000,-0.0091400000,1.3750606400,AKShare stock_zh_a_spot / 新浪
301156,美农生物,12.8800000000,11.7500000000,222901999.0000000000,17300189.0000000000,0.0961700000,2.2290199900,AKShare stock_zh_a_spot / 新浪
301157,华塑科技,63.5900000000,63.3100000000,56649092.0000000000,898200.0000000000,0.0044200000,0.5664909200,AKShare stock_zh_a_spot / 新浪
301158,德石股份,16.4700000000,16.8000000000,378240196.0000000000,22327827.0000000000,-0.0196400000,3.7824019600,AKShare stock_zh_a_spot / 新浪
301159,三维天地,33.4900000000,34.0500000000,76052211.0000000000,2289400.0000000000,-0.0164500000,0.7605221100,AKShare stock_zh_a_spot / 新浪
301160,翔楼新材,46.5500000000,45.8700000000,256653863.0000000000,5636675.0000000000,0.0148200000,2.5665386300,AKShare stock_zh_a_spot / 新浪
301161,唯万密封,29.7300000000,29.6600000000,109289349.0000000000,3705317.0000000000,0.0023600000,1.0928934900,AKShare stock_zh_a_spot / 新浪
301162,国能日新,40.3600000000,40.1600000000,155774048.0000000000,3852265.0000000000,0.0049800000,1.5577404800,AKShare stock_zh_a_spot / 新浪
301163,宏德股份,23.5100000000,23.7200000000,20328019.0000000000,867500.0000000000,-0.0088500000,0.2032801900,AKShare stock_zh_a_spot / 新浪
301165,锐捷网络,136.9900000000,148.0000000000,4172215230.0000000000,29476977.0000000000,-0.0743900000,41.7221523000,AKShare stock_zh_a_spot / 新浪
301166,优宁维,29.3000000000,30.2000000000,57604649.0000000000,1957033.0000000000,-0.0298000000,0.5760464900,AKShare stock_zh_a_spot / 新浪
301167,建研设计,14.0900000000,14.0900000000,21114429.0000000000,1509240.0000000000,0.0000000000,0.2111442900,AKShare stock_zh_a_spot / 新浪
301168,通灵股份,42.2700000000,42.2400000000,38254135.0000000000,910300.0000000000,0.0007100000,0.3825413500,AKShare stock_zh_a_spot / 新浪
301169,零点有数,55.1000000000,55.0200000000,114784864.0000000000,2104143.0000000000,0.0014500000,1.1478486400,AKShare stock_zh_a_spot / 新浪
301170,锡南科技,23.1600000000,23.4300000000,15166311.0000000000,655000.0000000000,-0.0115200000,0.1516631100,AKShare stock_zh_a_spot / 新浪
301171,易点天下,37.7000000000,39.2300000000,2154015957.0000000000,56829829.0000000000,-0.0390000000,21.5401595700,AKShare stock_zh_a_spot / 新浪
301172,君逸数码,18.5300000000,18.7900000000,77954281.0000000000,4242136.0000000000,-0.0138400000,0.7795428100,AKShare stock_zh_a_spot / 新浪
301173,毓恬冠佳,32.3200000000,33.0300000000,23198604.0000000000,711900.0000000000,-0.0215000000,0.2319860400,AKShare stock_zh_a_spot / 新浪
301175,中科环保,5.4200000000,5.4600000000,76236181.0000000000,14097348.0000000000,-0.0073300000,0.7623618100,AKShare stock_zh_a_spot / 新浪
301176,逸豪新材,50.4500000000,51.3500000000,317295141.0000000000,6293004.0000000000,-0.0175300000,3.1729514100,AKShare stock_zh_a_spot / 新浪
301177,迪阿股份,22.8300000000,23.3300000000,17529652.0000000000,764101.0000000000,-0.0214300000,0.1752965200,AKShare stock_zh_a_spot / 新浪
301178,天亿马,37.5000000000,37.0000000000,79291338.0000000000,2129026.0000000000,0.0135100000,0.7929133800,AKShare stock_zh_a_spot / 新浪
301179,泽宇智能,20.4400000000,20.7500000000,52357750.0000000000,2552355.0000000000,-0.0149400000,0.5235775000,AKShare stock_zh_a_spot / 新浪
301180,万祥科技,11.8100000000,11.9500000000,37595321.0000000000,3196693.0000000000,-0.0117200000,0.3759532100,AKShare stock_zh_a_spot / 新浪
301181,标榜股份,23.0100000000,23.1900000000,42592972.0000000000,1861253.0000000000,-0.0077600000,0.4259297200,AKShare stock_zh_a_spot / 新浪
301182,凯旺科技,73.1300000000,74.3300000000,190212136.0000000000,2609706.0000000000,-0.0161400000,1.9021213600,AKShare stock_zh_a_spot / 新浪
301183,东田微,217.5300000000,215.6900000000,1027743184.0000000000,4766851.0000000000,0.0085300000,10.2774318400,AKShare stock_zh_a_spot / 新浪
301185,鸥玛软件,16.5600000000,16.6000000000,27479025.0000000000,1672350.0000000000,-0.0024100000,0.2747902500,AKShare stock_zh_a_spot / 新浪
301186,超达装备,35.8600000000,36.2300000000,42678618.0000000000,1194870.0000000000,-0.0102100000,0.4267861800,AKShare stock_zh_a_spot / 新浪
301187,欧圣电气,15.1600000000,15.2500000000,38987811.0000000000,2567344.0000000000,-0.0059000000,0.3898781100,AKShare stock_zh_a_spot / 新浪
301188,力诺药包,45.3600000000,43.7800000000,1255284477.0000000000,28129157.0000000000,0.0360900000,12.5528447700,AKShare stock_zh_a_spot / 新浪
301189,奥尼电子,54.9000000000,55.1300000000,308894340.0000000000,5666856.0000000000,-0.0041700000,3.0889434000,AKShare stock_zh_a_spot / 新浪
301190,善水科技,18.4100000000,18.3100000000,83701599.0000000000,4561350.0000000000,0.0054600000,0.8370159900,AKShare stock_zh_a_spot / 新浪
301191,菲菱科思,99.4000000000,101.5000000000,605637250.0000000000,6120011.0000000000,-0.0206900000,6.0563725000,AKShare stock_zh_a_spot / 新浪
301192,泰祥股份,20.1700000000,20.3800000000,19643388.0000000000,974404.0000000000,-0.0103000000,0.1964338800,AKShare stock_zh_a_spot / 新浪
301193,家联科技,18.2600000000,18.5900000000,65385822.0000000000,3584066.0000000000,-0.0177500000,0.6538582200,AKShare stock_zh_a_spot / 新浪
301195,北路智控,26.9000000000,27.1300000000,27043655.0000000000,1010300.0000000000,-0.0084800000,0.2704365500,AKShare stock_zh_a_spot / 新浪
301196,唯科科技,91.5000000000,95.3500000000,775435581.0000000000,8416836.0000000000,-0.0403800000,7.7543558100,AKShare stock_zh_a_spot / 新浪
301197,工大科雅,25.2000000000,25.1200000000,42522796.0000000000,1697300.0000000000,0.0031800000,0.4252279600,AKShare stock_zh_a_spot / 新浪
301198,喜悦智行,12.4200000000,12.7200000000,37258234.0000000000,2979435.0000000000,-0.0235800000,0.3725823400,AKShare stock_zh_a_spot / 新浪
301199,迈赫股份,19.1400000000,18.6400000000,62155032.0000000000,3285020.0000000000,0.0268200000,0.6215503200,AKShare stock_zh_a_spot / 新浪
301200,大族数控,309.0000000000,300.8800000000,1226461665.0000000000,3959161.0000000000,0.0269900000,12.2646166500,AKShare stock_zh_a_spot / 新浪
301201,诚达药业,37.2300000000,37.4000000000,243858885.0000000000,6555501.0000000000,-0.0045500000,2.4385888500,AKShare stock_zh_a_spot / 新浪
301202,朗威股份,38.1700000000,36.0500000000,167481062.0000000000,4396841.0000000000,0.0588100000,1.6748106200,AKShare stock_zh_a_spot / 新浪
301203,国泰环保,34.6900000000,35.2300000000,20822780.0000000000,600650.0000000000,-0.0153300000,0.2082278000,AKShare stock_zh_a_spot / 新浪
301205,联特科技,301.3000000000,304.0800000000,2035350115.0000000000,6736868.0000000000,-0.0091400000,20.3535011500,AKShare stock_zh_a_spot / 新浪
301206,三元生物,24.5600000000,24.1800000000,57707226.0000000000,2342100.0000000000,0.0157200000,0.5770722600,AKShare stock_zh_a_spot / 新浪
301207,华兰疫苗,17.8300000000,18.0600000000,71625961.0000000000,3998154.0000000000,-0.0127400000,0.7162596100,AKShare stock_zh_a_spot / 新浪
301208,中亦科技,30.6300000000,30.5000000000,61603028.0000000000,2031560.0000000000,0.0042600000,0.6160302800,AKShare stock_zh_a_spot / 新浪
301209,联合化学,61.6000000000,61.0500000000,378319963.0000000000,6283608.0000000000,0.0090100000,3.7831996300,AKShare stock_zh_a_spot / 新浪
301210,金杨精密,26.4400000000,26.8000000000,98036400.0000000000,3740819.0000000000,-0.0134300000,0.9803640000,AKShare stock_zh_a_spot / 新浪
301211,亨迪药业,12.1200000000,12.4400000000,219724934.0000000000,17965249.0000000000,-0.0257200000,2.1972493400,AKShare stock_zh_a_spot / 新浪
301212,联盛化学,23.0000000000,23.0700000000,19895337.0000000000,866900.0000000000,-0.0030300000,0.1989533700,AKShare stock_zh_a_spot / 新浪
301213,观想科技,45.5000000000,45.8500000000,75325141.0000000000,1672580.0000000000,-0.0076300000,0.7532514100,AKShare stock_zh_a_spot / 新浪
301215,中汽股份,5.1900000000,5.2300000000,32193206.0000000000,6210100.0000000000,-0.0076500000,0.3219320600,AKShare stock_zh_a_spot / 新浪
301216,万凯新材,17.4300000000,17.5600000000,168715749.0000000000,9667079.0000000000,-0.0074000000,1.6871574900,AKShare stock_zh_a_spot / 新浪
301217,铜冠铜箔,124.2100000000,132.2200000000,6149571883.0000000000,48737372.0000000000,-0.0605800000,61.4957188300,AKShare stock_zh_a_spot / 新浪
301218,华是科技,45.4500000000,44.6600000000,462407889.0000000000,10025032.0000000000,0.0176900000,4.6240788900,AKShare stock_zh_a_spot / 新浪
301219,腾远钴业,48.6900000000,49.6700000000,334687777.0000000000,6857187.0000000000,-0.0197300000,3.3468777700,AKShare stock_zh_a_spot / 新浪
301220,亚香股份,28.8500000000,28.1700000000,39161724.0000000000,1382020.0000000000,0.0241400000,0.3916172400,AKShare stock_zh_a_spot / 新浪
301221,光庭信息,28.9500000000,28.9900000000,49867318.0000000000,1743800.0000000000,-0.0013800000,0.4986731800,AKShare stock_zh_a_spot / 新浪
301222,浙江恒威,25.1500000000,25.4100000000,29801555.0000000000,1189359.0000000000,-0.0102300000,0.2980155500,AKShare stock_zh_a_spot / 新浪
301223,中荣股份,16.7800000000,16.9200000000,12280606.0000000000,734100.0000000000,-0.0082700000,0.1228060600,AKShare stock_zh_a_spot / 新浪
301225,恒勃股份,62.5400000000,62.5300000000,148616534.0000000000,2415566.0000000000,0.0001600000,1.4861653400,AKShare stock_zh_a_spot / 新浪
301226,祥明智能,30.8000000000,31.2100000000,47608960.0000000000,1547300.0000000000,-0.0131400000,0.4760896000,AKShare stock_zh_a_spot / 新浪
301227,森鹰窗业,27.4500000000,25.5400000000,75812806.0000000000,2858311.0000000000,0.0747800000,0.7581280600,AKShare stock_zh_a_spot / 新浪
301228,实朴检测,61.3000000000,61.0800000000,191034370.0000000000,3153986.0000000000,0.0036000000,1.9103437000,AKShare stock_zh_a_spot / 新浪
301229,纽泰格,12.2600000000,12.4600000000,75148476.0000000000,6152121.0000000000,-0.0160500000,0.7514847600,AKShare stock_zh_a_spot / 新浪
301230,泓博医药,36.9600000000,38.0100000000,595350303.0000000000,16010379.0000000000,-0.0276200000,5.9535030300,AKShare stock_zh_a_spot / 新浪
301231,荣信文化,28.9500000000,28.3000000000,151601183.0000000000,5357711.0000000000,0.0229700000,1.5160118300,AKShare stock_zh_a_spot / 新浪
301232,飞沃科技,115.5000000000,116.0700000000,513299147.0000000000,4453990.0000000000,-0.0049100000,5.1329914700,AKShare stock_zh_a_spot / 新浪
301233,盛帮股份,33.9000000000,33.9400000000,21385906.0000000000,633660.0000000000,-0.0011800000,0.2138590600,AKShare stock_zh_a_spot / 新浪
301234,五洲医疗,95.0000000000,94.0500000000,334625509.0000000000,3493758.0000000000,0.0101000000,3.3462550900,AKShare stock_zh_a_spot / 新浪
301235,华康洁净,49.0000000000,51.1500000000,1033923827.0000000000,20589784.0000000000,-0.0420300000,10.3392382700,AKShare stock_zh_a_spot / 新浪
301236,软通动力,39.9000000000,39.0400000000,1935051335.0000000000,49632764.0000000000,0.0220300000,19.3505133500,AKShare stock_zh_a_spot / 新浪
301237,和顺科技,57.2800000000,56.4200000000,69972479.0000000000,1234069.0000000000,0.0152400000,0.6997247900,AKShare stock_zh_a_spot / 新浪
301238,瑞泰新材,16.5400000000,16.9600000000,138764086.0000000000,8338656.0000000000,-0.0247600000,1.3876408600,AKShare stock_zh_a_spot / 新浪
301239,普瑞眼科,35.2300000000,35.8700000000,89812915.0000000000,2554200.0000000000,-0.0178400000,0.8981291500,AKShare stock_zh_a_spot / 新浪
301246,宏源药业,21.4500000000,21.7900000000,135111314.0000000000,6280204.0000000000,-0.0156000000,1.3511131400,AKShare stock_zh_a_spot / 新浪
301248,杰创智能,66.3400000000,67.7500000000,390386579.0000000000,5874417.0000000000,-0.0208100000,3.9038657900,AKShare stock_zh_a_spot / 新浪
301251,威尔高,48.6000000000,47.4100000000,476644038.0000000000,10019232.0000000000,0.0251000000,4.7664403800,AKShare stock_zh_a_spot / 新浪
301252,同星科技,34.2200000000,33.8600000000,77530752.0000000000,2284621.0000000000,0.0106300000,0.7753075200,AKShare stock_zh_a_spot / 新浪
301255,通力科技,21.1600000000,21.1800000000,23600146.0000000000,1123390.0000000000,-0.0009400000,0.2360014600,AKShare stock_zh_a_spot / 新浪
301256,华融化学,10.4200000000,10.6800000000,44051664.0000000000,4182410.0000000000,-0.0243400000,0.4405166400,AKShare stock_zh_a_spot / 新浪
301257,普蕊斯,51.6000000000,52.1200000000,220464012.0000000000,4289604.0000000000,-0.0099800000,2.2046401200,AKShare stock_zh_a_spot / 新浪
301258,富士莱,26.4800000000,27.0000000000,22861323.0000000000,861300.0000000000,-0.0192600000,0.2286132300,AKShare stock_zh_a_spot / 新浪
301259,艾布鲁,24.0300000000,24.9000000000,152083956.0000000000,6296573.0000000000,-0.0349400000,1.5208395600,AKShare stock_zh_a_spot / 新浪
301260,格力博,13.9900000000,13.9700000000,25899479.0000000000,1868200.0000000000,0.0014300000,0.2589947900,AKShare stock_zh_a_spot / 新浪
301261,恒工精密,60.4900000000,60.2000000000,138572093.0000000000,2306236.0000000000,0.0048200000,1.3857209300,AKShare stock_zh_a_spot / 新浪
301262,海看股份,20.2000000000,20.1000000000,185086673.0000000000,9214627.0000000000,0.0049800000,1.8508667300,AKShare stock_zh_a_spot / 新浪
301263,泰恩康,20.7100000000,20.2400000000,289230928.0000000000,14258138.0000000000,0.0232200000,2.8923092800,AKShare stock_zh_a_spot / 新浪
301265,华新科技,21.0000000000,21.7300000000,159288452.0000000000,7524400.0000000000,-0.0335900000,1.5928845200,AKShare stock_zh_a_spot / 新浪
301266,宇邦新材,22.0000000000,22.4000000000,53189144.0000000000,2416040.0000000000,-0.0178600000,0.5318914400,AKShare stock_zh_a_spot / 新浪
301267,华厦眼科,16.0700000000,16.2800000000,62845562.0000000000,3913865.0000000000,-0.0129000000,0.6284556200,AKShare stock_zh_a_spot / 新浪
301268,铭利达,13.5800000000,13.7100000000,34618619.0000000000,2559000.0000000000,-0.0094800000,0.3461861900,AKShare stock_zh_a_spot / 新浪
301269,华大九天,101.7200000000,99.1700000000,966395855.0000000000,9695159.0000000000,0.0257100000,9.6639585500,AKShare stock_zh_a_spot / 新浪
301270,汉仪股份,32.9400000000,33.5400000000,92749875.0000000000,2799900.0000000000,-0.0178900000,0.9274987500,AKShare stock_zh_a_spot / 新浪
301272,英华特,34.7700000000,34.7100000000,22181495.0000000000,643001.0000000000,0.0017300000,0.2218149500,AKShare stock_zh_a_spot / 新浪
301273,瑞晨环保,42.6600000000,43.7300000000,292440561.0000000000,6817870.0000000000,-0.0244700000,2.9244056100,AKShare stock_zh_a_spot / 新浪
301275,汉朔科技,42.2900000000,42.6300000000,153712488.0000000000,3651660.0000000000,-0.0079800000,1.5371248800,AKShare stock_zh_a_spot / 新浪
301276,嘉曼服饰,21.4200000000,22.5600000000,75348339.0000000000,3439900.0000000000,-0.0505300000,0.7534833900,AKShare stock_zh_a_spot / 新浪
301277,新天地,10.8100000000,10.9400000000,62884404.0000000000,5769215.0000000000,-0.0118800000,0.6288440400,AKShare stock_zh_a_spot / 新浪
301278,快可电子,28.0200000000,28.2200000000,25759713.0000000000,921800.0000000000,-0.0070900000,0.2575971300,AKShare stock_zh_a_spot / 新浪
301279,金道科技,21.1400000000,21.7200000000,42548639.0000000000,2003660.0000000000,-0.0267000000,0.4254863900,AKShare stock_zh_a_spot / 新浪
301280,珠城科技,43.7300000000,43.2800000000,63611114.0000000000,1472372.0000000000,0.0104000000,0.6361111400,AKShare stock_zh_a_spot / 新浪
301281,科源制药,44.6500000000,44.2500000000,123123048.0000000000,2766779.0000000000,0.0090400000,1.2312304800,AKShare stock_zh_a_spot / 新浪
301282,金禄电子,39.0600000000,35.1700000000,1954663791.0000000000,50094314.0000000000,0.1106100000,19.5466379100,AKShare stock_zh_a_spot / 新浪
301283,聚胶股份,26.5500000000,26.5100000000,27922819.0000000000,1056115.0000000000,0.0015100000,0.2792281900,AKShare stock_zh_a_spot / 新浪
301285,鸿日达,90.2300000000,87.9900000000,235416174.0000000000,2642734.0000000000,0.0254600000,2.3541617400,AKShare stock_zh_a_spot / 新浪
301286,侨源股份,45.4700000000,43.2900000000,167047890.0000000000,3656468.0000000000,0.0503600000,1.6704789000,AKShare stock_zh_a_spot / 新浪
301287,康力源,40.4000000000,41.9900000000,76511147.0000000000,1881428.0000000000,-0.0378700000,0.7651114700,AKShare stock_zh_a_spot / 新浪
301288,清研环境,17.3300000000,17.3600000000,15765177.0000000000,913100.0000000000,-0.0017300000,0.1576517700,AKShare stock_zh_a_spot / 新浪
301289,国缆检测,44.1800000000,44.4000000000,17436477.0000000000,395257.0000000000,-0.0049500000,0.1743647700,AKShare stock_zh_a_spot / 新浪
301290,东星医疗,29.4500000000,30.0500000000,75627110.0000000000,2559500.0000000000,-0.0199700000,0.7562711000,AKShare stock_zh_a_spot / 新浪
301291,明阳电气,41.2300000000,41.7000000000,685643197.0000000000,16071628.0000000000,-0.0112700000,6.8564319700,AKShare stock_zh_a_spot / 新浪
301292,海科新源,69.9000000000,73.9000000000,1008147595.0000000000,14149712.0000000000,-0.0541300000,10.0814759500,AKShare stock_zh_a_spot / 新浪
301293,三博脑科,55.1000000000,57.3000000000,594437626.0000000000,10712308.0000000000,-0.0383900000,5.9443762600,AKShare stock_zh_a_spot / 新浪
301295,美硕科技,46.3200000000,47.2000000000,143232375.0000000000,3033000.0000000000,-0.0186400000,1.4323237500,AKShare stock_zh_a_spot / 新浪
301296,新巨丰,6.4500000000,6.4700000000,17047975.0000000000,2660000.0000000000,-0.0030900000,0.1704797500,AKShare stock_zh_a_spot / 新浪
301297,富乐德,37.3200000000,37.5000000000,543734588.0000000000,14582209.0000000000,-0.0048000000,5.4373458800,AKShare stock_zh_a_spot / 新浪
301298,东利机械,12.8300000000,12.9100000000,18328856.0000000000,1427900.0000000000,-0.0062000000,0.1832885600,AKShare stock_zh_a_spot / 新浪
301299,卓创资讯,44.1500000000,44.9900000000,48399626.0000000000,1100200.0000000000,-0.0186700000,0.4839962600,AKShare stock_zh_a_spot / 新浪
301300,远翔新材,32.9500000000,32.4200000000,37150313.0000000000,1140340.0000000000,0.0163500000,0.3715031300,AKShare stock_zh_a_spot / 新浪
301301,川宁生物,9.2500000000,8.8600000000,325568706.0000000000,35469903.0000000000,0.0440200000,3.2556870600,AKShare stock_zh_a_spot / 新浪
301302,华如科技,23.3300000000,23.8000000000,73576714.0000000000,3160800.0000000000,-0.0197500000,0.7357671400,AKShare stock_zh_a_spot / 新浪
301303,真兰仪表,14.3800000000,14.4700000000,39945335.0000000000,2784002.0000000000,-0.0062200000,0.3994533500,AKShare stock_zh_a_spot / 新浪
301305,朗坤科技,24.9800000000,25.1300000000,159480835.0000000000,6446747.0000000000,-0.0059700000,1.5948083500,AKShare stock_zh_a_spot / 新浪
301306,西测测试,101.3000000000,102.2100000000,233998879.0000000000,2323009.0000000000,-0.0089000000,2.3399887900,AKShare stock_zh_a_spot / 新浪
301307,美利信,56.0300000000,56.8000000000,437023867.0000000000,7843027.0000000000,-0.0135600000,4.3702386700,AKShare stock_zh_a_spot / 新浪
301308,江波龙,412.1800000000,419.2600000000,7439567486.0000000000,17888079.0000000000,-0.0168900000,74.3956748600,AKShare stock_zh_a_spot / 新浪
301309,万得凯,31.2000000000,31.2100000000,41946940.0000000000,1340680.0000000000,-0.0003200000,0.4194694000,AKShare stock_zh_a_spot / 新浪
301310,鑫宏业,57.1000000000,56.3300000000,453100910.0000000000,8064395.0000000000,0.0136700000,4.5310091000,AKShare stock_zh_a_spot / 新浪
301311,昆船智能,13.6200000000,13.7400000000,22631391.0000000000,1669430.0000000000,-0.0087300000,0.2263139100,AKShare stock_zh_a_spot / 新浪
301312,智立方,75.4500000000,74.5000000000,606315738.0000000000,8040689.0000000000,0.0127500000,6.0631573800,AKShare stock_zh_a_spot / 新浪
301313,凡拓数创,37.7900000000,38.1500000000,206158184.0000000000,5466130.0000000000,-0.0094400000,2.0615818400,AKShare stock_zh_a_spot / 新浪
301314,科瑞思,43.9700000000,44.0800000000,29834334.0000000000,679148.0000000000,-0.0025000000,0.2983433400,AKShare stock_zh_a_spot / 新浪
301315,威士顿,42.3500000000,42.7000000000,154476068.0000000000,3672506.0000000000,-0.0082000000,1.5447606800,AKShare stock_zh_a_spot / 新浪
301316,慧博云通,42.5700000000,41.0000000000,863748177.0000000000,20508991.0000000000,0.0382900000,8.6374817700,AKShare stock_zh_a_spot / 新浪
301317,鑫磊股份,45.5600000000,47.0600000000,114246922.0000000000,2477044.0000000000,-0.0318700000,1.1424692200,AKShare stock_zh_a_spot / 新浪
301318,维海德,20.7000000000,20.9500000000,21435119.0000000000,1035600.0000000000,-0.0119300000,0.2143511900,AKShare stock_zh_a_spot / 新浪
301319,唯特偶,130.0000000000,123.1900000000,2792256670.0000000000,21146840.0000000000,0.0552800000,27.9225667000,AKShare stock_zh_a_spot / 新浪
301320,豪江智能,13.2100000000,13.2200000000,21120694.0000000000,1611400.0000000000,-0.0007600000,0.2112069400,AKShare stock_zh_a_spot / 新浪
301321,翰博高新,40.2600000000,38.9600000000,220630922.0000000000,5579971.0000000000,0.0333700000,2.2063092200,AKShare stock_zh_a_spot / 新浪
301322,绿通科技,41.9300000000,40.3100000000,194107439.0000000000,4772174.0000000000,0.0401900000,1.9410743900,AKShare stock_zh_a_spot / 新浪
301323,新莱福,76.0000000000,77.8400000000,102147823.0000000000,1336724.0000000000,-0.0236400000,1.0214782300,AKShare stock_zh_a_spot / 新浪
301325,曼恩斯特,31.3300000000,31.4500000000,41651913.0000000000,1337853.0000000000,-0.0038200000,0.4165191300,AKShare stock_zh_a_spot / 新浪
301326,捷邦科技,111.2100000000,111.8900000000,222603836.0000000000,2015600.0000000000,-0.0060800000,2.2260383600,AKShare stock_zh_a_spot / 新浪
301327,华宝新能,44.1600000000,45.0200000000,43014528.0000000000,971596.0000000000,-0.0191000000,0.4301452800,AKShare stock_zh_a_spot / 新浪
301328,维峰电子,64.5700000000,63.2200000000,152688018.0000000000,2412295.0000000000,0.0213500000,1.5268801800,AKShare stock_zh_a_spot / 新浪
301329,信音电子,20.0100000000,20.0900000000,47732541.0000000000,2403230.0000000000,-0.0039800000,0.4773254100,AKShare stock_zh_a_spot / 新浪
301330,熵基科技,24.6400000000,24.9300000000,39998302.0000000000,1627988.0000000000,-0.0116300000,0.3999830200,AKShare stock_zh_a_spot / 新浪
301331,恩威医药,22.2200000000,22.4800000000,38031163.0000000000,1695883.0000000000,-0.0115700000,0.3803116300,AKShare stock_zh_a_spot / 新浪
301332,德尔玛,7.8000000000,7.8800000000,29791086.0000000000,3829175.0000000000,-0.0101500000,0.2979108600,AKShare stock_zh_a_spot / 新浪
301333,诺思格,63.6800000000,63.7500000000,181640683.0000000000,2877713.0000000000,-0.0011000000,1.8164068300,AKShare stock_zh_a_spot / 新浪
301335,天元宠物,22.5500000000,23.5000000000,93675357.0000000000,4114029.0000000000,-0.0404300000,0.9367535700,AKShare stock_zh_a_spot / 新浪
301336,趣睡科技,42.7800000000,43.7700000000,57171571.0000000000,1329340.0000000000,-0.0226200000,0.5717157100,AKShare stock_zh_a_spot / 新浪
301337,亚华电子,26.2200000000,26.2600000000,40476715.0000000000,1565600.0000000000,-0.0015200000,0.4047671500,AKShare stock_zh_a_spot / 新浪
301338,凯格精机,105.9100000000,106.8400000000,486890312.0000000000,4601302.0000000000,-0.0087000000,4.8689031200,AKShare stock_zh_a_spot / 新浪
301339,通行宝,11.1600000000,11.3900000000,42689702.0000000000,3823380.0000000000,-0.0201900000,0.4268970200,AKShare stock_zh_a_spot / 新浪
301345,涛涛车业,270.6900000000,270.9900000000,306182218.0000000000,1148900.0000000000,-0.0011100000,3.0618221800,AKShare stock_zh_a_spot / 新浪
301348,蓝箭电子,22.1600000000,22.3700000000,335555143.0000000000,15067277.0000000000,-0.0093900000,3.3555514300,AKShare stock_zh_a_spot / 新浪
301349,信德新材,46.8600000000,47.0200000000,200124041.0000000000,4255578.0000000000,-0.0034000000,2.0012404100,AKShare stock_zh_a_spot / 新浪
301353,普莱得,19.2500000000,19.5500000000,22159536.0000000000,1149482.0000000000,-0.0153500000,0.2215953600,AKShare stock_zh_a_spot / 新浪
301355,南王科技,10.1300000000,10.2500000000,22839343.0000000000,2252419.0000000000,-0.0117100000,0.2283934300,AKShare stock_zh_a_spot / 新浪
301356,天振股份,19.8900000000,20.0600000000,31442795.0000000000,1583200.0000000000,-0.0084700000,0.3144279500,AKShare stock_zh_a_spot / 新浪
301357,北方长龙,102.0000000000,104.1500000000,409253794.0000000000,3972929.0000000000,-0.0206400000,4.0925379400,AKShare stock_zh_a_spot / 新浪
301358,湖南裕能,70.0500000000,72.6000000000,1489755952.0000000000,20931562.0000000000,-0.0351200000,14.8975595200,AKShare stock_zh_a_spot / 新浪
301359,东南电子,16.9200000000,17.0200000000,23227135.0000000000,1374998.0000000000,-0.0058800000,0.2322713500,AKShare stock_zh_a_spot / 新浪
301360,荣旗科技,55.4300000000,55.4800000000,77284125.0000000000,1393396.0000000000,-0.0009000000,0.7728412500,AKShare stock_zh_a_spot / 新浪
301361,众智科技,27.7500000000,28.2800000000,38471971.0000000000,1386300.0000000000,-0.0187400000,0.3847197100,AKShare stock_zh_a_spot / 新浪
301362,民爆光电,137.0000000000,137.7800000000,474808581.0000000000,3465716.0000000000,-0.0056600000,4.7480858100,AKShare stock_zh_a_spot / 新浪
301363,美好医疗,18.5700000000,17.4700000000,565245577.0000000000,31379541.0000000000,0.0629700000,5.6524557700,AKShare stock_zh_a_spot / 新浪
301365,矩阵股份,39.6900000000,40.0100000000,239654565.0000000000,6114795.0000000000,-0.0080000000,2.3965456500,AKShare stock_zh_a_spot / 新浪
301366,一博科技,57.7200000000,57.2600000000,779913443.0000000000,13699485.0000000000,0.0080300000,7.7991344300,AKShare stock_zh_a_spot / 新浪
301367,瑞迈特,45.0200000000,47.1400000000,106252883.0000000000,2314659.0000000000,-0.0449700000,1.0625288300,AKShare stock_zh_a_spot / 新浪
301368,丰立智能,44.0000000000,43.3000000000,161895810.0000000000,3713070.0000000000,0.0161700000,1.6189581000,AKShare stock_zh_a_spot / 新浪
301369,联动科技,150.7500000000,146.6900000000,409050909.0000000000,2767144.0000000000,0.0276800000,4.0905090900,AKShare stock_zh_a_spot / 新浪
301370,国科恒泰,9.0800000000,9.1500000000,32794959.0000000000,3621100.0000000000,-0.0076500000,0.3279495900,AKShare stock_zh_a_spot / 新浪
301371,敷尔佳,26.6200000000,25.9800000000,88292411.0000000000,3356113.0000000000,0.0246300000,0.8829241100,AKShare stock_zh_a_spot / 新浪
301372,科净源,30.3100000000,29.4400000000,44485958.0000000000,1488786.0000000000,0.0295500000,0.4448595800,AKShare stock_zh_a_spot / 新浪
301373,凌玮科技,108.0000000000,109.5000000000,712273299.0000000000,6595208.0000000000,-0.0137000000,7.1227329900,AKShare stock_zh_a_spot / 新浪
301376,致欧科技,20.6100000000,20.9100000000,43680940.0000000000,2126800.0000000000,-0.0143500000,0.4368094000,AKShare stock_zh_a_spot / 新浪
301377,鼎泰高科,471.0000000000,462.9000000000,2047635031.0000000000,4322750.0000000000,0.0175000000,20.4763503100,AKShare stock_zh_a_spot / 新浪
301378,通达海,26.0000000000,26.1300000000,59708461.0000000000,2323600.0000000000,-0.0049800000,0.5970846100,AKShare stock_zh_a_spot / 新浪
301379,天山电子,24.3000000000,24.5400000000,560440519.0000000000,22984521.0000000000,-0.0097800000,5.6044051900,AKShare stock_zh_a_spot / 新浪
301380,挖金客,32.2200000000,32.7600000000,84563604.0000000000,2630740.0000000000,-0.0164800000,0.8456360400,AKShare stock_zh_a_spot / 新浪
301381,赛维时代,23.3600000000,23.1800000000,88804219.0000000000,3811165.0000000000,0.0077700000,0.8880421900,AKShare stock_zh_a_spot / 新浪
301382,蜂助手,44.8000000000,45.8700000000,486404439.0000000000,10831009.0000000000,-0.0233300000,4.8640443900,AKShare stock_zh_a_spot / 新浪
301383,天键股份,22.7300000000,23.0200000000,44085187.0000000000,1943087.0000000000,-0.0126000000,0.4408518700,AKShare stock_zh_a_spot / 新浪
301386,未来电器,20.5300000000,20.9200000000,24868251.0000000000,1207700.0000000000,-0.0186400000,0.2486825100,AKShare stock_zh_a_spot / 新浪
301387,光大同创,60.5800000000,60.8700000000,120552584.0000000000,1995900.0000000000,-0.0047600000,1.2055258400,AKShare stock_zh_a_spot / 新浪
301388,欣灵电气,24.2400000000,24.4600000000,16526199.0000000000,684100.0000000000,-0.0089900000,0.1652619900,AKShare stock_zh_a_spot / 新浪
301389,隆扬电子,61.9900000000,58.8100000000,763437154.0000000000,13160787.0000000000,0.0540700000,7.6343715400,AKShare stock_zh_a_spot / 新浪
301390,经纬股份,31.0700000000,31.2000000000,17717778.0000000000,571835.0000000000,-0.0041700000,0.1771777800,AKShare stock_zh_a_spot / 新浪
301391,卡莱特,49.9400000000,50.1500000000,49392466.0000000000,998293.0000000000,-0.0041900000,0.4939246600,AKShare stock_zh_a_spot / 新浪
301392,汇成真空,178.5300000000,177.5400000000,699170247.0000000000,3910431.0000000000,0.0055800000,6.9917024700,AKShare stock_zh_a_spot / 新浪
301393,昊帆生物,68.9800000000,69.4600000000,128464794.0000000000,1874410.0000000000,-0.0069100000,1.2846479400,AKShare stock_zh_a_spot / 新浪
301395,仁信新材,13.4200000000,12.6300000000,116378371.0000000000,8701780.0000000000,0.0625500000,1.1637837100,AKShare stock_zh_a_spot / 新浪
301396,宏景科技,213.5100000000,227.4800000000,4082622389.0000000000,18784962.0000000000,-0.0614100000,40.8262238900,AKShare stock_zh_a_spot / 新浪
301397,溯联股份,27.7400000000,27.9300000000,139600901.0000000000,4928710.0000000000,-0.0068000000,1.3960090100,AKShare stock_zh_a_spot / 新浪
301398,星源卓镁,34.6000000000,35.4200000000,50717758.0000000000,1454558.0000000000,-0.0231500000,0.5071775800,AKShare stock_zh_a_spot / 新浪
301399,英特科技,17.5400000000,17.8200000000,34675959.0000000000,1966600.0000000000,-0.0157100000,0.3467595900,AKShare stock_zh_a_spot / 新浪
301408,华人健康,16.5900000000,16.8900000000,276552769.0000000000,16625907.0000000000,-0.0177600000,2.7655276900,AKShare stock_zh_a_spot / 新浪
301413,安培龙,70.4000000000,74.0000000000,667359103.0000000000,9409899.0000000000,-0.0486500000,6.6735910300,AKShare stock_zh_a_spot / 新浪
301418,协昌科技,38.3000000000,39.0500000000,45301475.0000000000,1174700.0000000000,-0.0192100000,0.4530147500,AKShare stock_zh_a_spot / 新浪
301419,阿莱德,39.1900000000,41.5500000000,621049105.0000000000,15313398.0000000000,-0.0568000000,6.2104910500,AKShare stock_zh_a_spot / 新浪
301421,波长光电,82.5500000000,82.6300000000,450210485.0000000000,5442437.0000000000,-0.0009700000,4.5021048500,AKShare stock_zh_a_spot / 新浪
301428,世纪恒通,29.4200000000,29.9300000000,88899010.0000000000,3033336.0000000000,-0.0170400000,0.8889901000,AKShare stock_zh_a_spot / 新浪
301429,森泰股份,17.2800000000,17.3300000000,21617744.0000000000,1255500.0000000000,-0.0028900000,0.2161774400,AKShare stock_zh_a_spot / 新浪
301439,泓淋电力,15.3600000000,15.4000000000,140096937.0000000000,9101403.0000000000,-0.0026000000,1.4009693700,AKShare stock_zh_a_spot / 新浪
301446,福事特,37.6500000000,38.2700000000,26920061.0000000000,711400.0000000000,-0.0162000000,0.2692006100,AKShare stock_zh_a_spot / 新浪
301448,开创电气,43.5400000000,45.2300000000,83214734.0000000000,1907463.0000000000,-0.0373600000,0.8321473400,AKShare stock_zh_a_spot / 新浪
301449,天溯计量,43.7600000000,39.1900000000,230367479.0000000000,5460159.0000000000,0.1166100000,2.3036747900,AKShare stock_zh_a_spot / 新浪
301456,盘古智能,23.3900000000,23.7700000000,23634257.0000000000,1011100.0000000000,-0.0159900000,0.2363425700,AKShare stock_zh_a_spot / 新浪
301458,钧崴电子,40.7800000000,40.7000000000,373080527.0000000000,9184318.0000000000,0.0019700000,3.7308052700,AKShare stock_zh_a_spot / 新浪
301459,丰茂股份,34.8200000000,39.5900000000,180569215.0000000000,5101257.0000000000,-0.1204800000,1.8056921500,AKShare stock_zh_a_spot / 新浪
301468,博盈特焊,35.8900000000,36.0100000000,190458254.0000000000,5313440.0000000000,-0.0033300000,1.9045825400,AKShare stock_zh_a_spot / 新浪
301469,恒达新材,28.7200000000,29.3000000000,27159406.0000000000,942187.0000000000,-0.0198000000,0.2715940600,AKShare stock_zh_a_spot / 新浪
301479,弘景光电,53.2500000000,55.5000000000,205792944.0000000000,3834364.0000000000,-0.0405400000,2.0579294400,AKShare stock_zh_a_spot / 新浪
301486,致尚科技,183.0000000000,182.4800000000,1068265330.0000000000,5935235.0000000000,0.0028500000,10.6826533000,AKShare stock_zh_a_spot / 新浪
301487,盟固利,16.6100000000,16.7600000000,151037743.0000000000,9083134.0000000000,-0.0089500000,1.5103774300,AKShare stock_zh_a_spot / 新浪
301488,豪恩汽电,106.0400000000,106.6000000000,124559850.0000000000,1177235.0000000000,-0.0052500000,1.2455985000,AKShare stock_zh_a_spot / 新浪
301489,思泉新材,118.2300000000,119.6000000000,889398434.0000000000,7587081.0000000000,-0.0114500000,8.8939843400,AKShare stock_zh_a_spot / 新浪
301491,汉桑科技,40.6800000000,41.1700000000,32025005.0000000000,788345.0000000000,-0.0119000000,0.3202500500,AKShare stock_zh_a_spot / 新浪
301498,乖宝宠物,40.9300000000,40.6900000000,251357037.0000000000,6167429.0000000000,0.0059000000,2.5135703700,AKShare stock_zh_a_spot / 新浪
301499,维科精密,25.4900000000,25.6600000000,33962660.0000000000,1338635.0000000000,-0.0066300000,0.3396266000,AKShare stock_zh_a_spot / 新浪
301500,飞南资源,23.9100000000,24.4300000000,213053339.0000000000,8904052.0000000000,-0.0212900000,2.1305333900,AKShare stock_zh_a_spot / 新浪
301501,恒鑫生活,30.5500000000,32.2300000000,159259150.0000000000,5130769.0000000000,-0.0521300000,1.5925915000,AKShare stock_zh_a_spot / 新浪
301502,华阳智能,54.2400000000,54.4000000000,30610689.0000000000,570400.0000000000,-0.0029400000,0.3061068900,AKShare stock_zh_a_spot / 新浪
301503,智迪科技,21.8400000000,22.0700000000,17943909.0000000000,821808.0000000000,-0.0104200000,0.1794390900,AKShare stock_zh_a_spot / 新浪
301505,苏州规划,16.7300000000,16.6600000000,27351566.0000000000,1653491.0000000000,0.0042000000,0.2735156600,AKShare stock_zh_a_spot / 新浪
301507,民生健康,13.2300000000,13.6200000000,80526595.0000000000,6037188.0000000000,-0.0286300000,0.8052659500,AKShare stock_zh_a_spot / 新浪
301508,中机认检,23.9900000000,24.0500000000,21295913.0000000000,891749.0000000000,-0.0024900000,0.2129591300,AKShare stock_zh_a_spot / 新浪
301509,金凯生科,32.1800000000,32.7500000000,129087949.0000000000,3993199.0000000000,-0.0174000000,1.2908794900,AKShare stock_zh_a_spot / 新浪
301510,固高科技,28.5700000000,28.0700000000,389770155.0000000000,13513517.0000000000,0.0178100000,3.8977015500,AKShare stock_zh_a_spot / 新浪
301511,德福科技,98.6100000000,101.0000000000,3178173097.0000000000,32268013.0000000000,-0.0236600000,31.7817309700,AKShare stock_zh_a_spot / 新浪
301512,智信精密,31.8300000000,31.9700000000,26925824.0000000000,846860.0000000000,-0.0043800000,0.2692582400,AKShare stock_zh_a_spot / 新浪
301513,尚水智能,50.9900000000,51.5700000000,54671199.0000000000,1074303.0000000000,-0.0112500000,0.5467119900,AKShare stock_zh_a_spot / 新浪
301515,港通医疗,19.6400000000,19.5900000000,25127411.0000000000,1277800.0000000000,0.0025500000,0.2512741100,AKShare stock_zh_a_spot / 新浪
301516,中远通,22.5000000000,19.3200000000,663548112.0000000000,31350718.0000000000,0.1646000000,6.6354811200,AKShare stock_zh_a_spot / 新浪
301517,陕西华达,41.8400000000,42.0100000000,89728943.0000000000,2157500.0000000000,-0.0040500000,0.8972894300,AKShare stock_zh_a_spot / 新浪
301518,长华化学,26.5800000000,26.2400000000,104081857.0000000000,3942157.0000000000,0.0129600000,1.0408185700,AKShare stock_zh_a_spot / 新浪
301519,舜禹股份,12.1100000000,12.1300000000,24715011.0000000000,2041000.0000000000,-0.0016500000,0.2471501100,AKShare stock_zh_a_spot / 新浪
301520,万邦医药,73.8600000000,85.0600000000,1058579249.0000000000,13442278.0000000000,-0.1316700000,10.5857924900,AKShare stock_zh_a_spot / 新浪
301522,上大股份,23.6800000000,23.9800000000,82236730.0000000000,3490100.0000000000,-0.0125100000,0.8223673000,AKShare stock_zh_a_spot / 新浪
301525,儒竞科技,41.8100000000,42.0400000000,44452353.0000000000,1071248.0000000000,-0.0054700000,0.4445235300,AKShare stock_zh_a_spot / 新浪
301526,国际复材,37.3300000000,38.4500000000,5672774345.0000000000,150719504.0000000000,-0.0291300000,56.7277434500,AKShare stock_zh_a_spot / 新浪
301528,多浦乐,57.0200000000,55.8700000000,88929450.0000000000,1569080.0000000000,0.0205800000,0.8892945000,AKShare stock_zh_a_spot / 新浪
301529,福赛科技,105.0000000000,106.8000000000,268056720.0000000000,2568512.0000000000,-0.0168500000,2.6805672000,AKShare stock_zh_a_spot / 新浪
301531,春光集团,54.0300000000,54.6800000000,160297509.0000000000,2965503.0000000000,-0.0118900000,1.6029750900,AKShare stock_zh_a_spot / 新浪
301533,威马农机,28.0100000000,27.5600000000,54090664.0000000000,1941823.0000000000,0.0163300000,0.5409066400,AKShare stock_zh_a_spot / 新浪
301535,浙江华远,15.2600000000,15.5000000000,39148294.0000000000,2574879.0000000000,-0.0154800000,0.3914829400,AKShare stock_zh_a_spot / 新浪
301536,星宸科技,128.1800000000,129.6700000000,1702822724.0000000000,13357501.0000000000,-0.0114900000,17.0282272400,AKShare stock_zh_a_spot / 新浪
301538,骏鼎达,42.5100000000,40.3700000000,215589456.0000000000,5206836.0000000000,0.0530100000,2.1558945600,AKShare stock_zh_a_spot / 新浪
301539,宏鑫科技,14.9300000000,15.0200000000,17116213.0000000000,1151100.0000000000,-0.0059900000,0.1711621300,AKShare stock_zh_a_spot / 新浪
301548,崇德科技,66.0200000000,66.9900000000,88305002.0000000000,1334170.0000000000,-0.0144800000,0.8830500200,AKShare stock_zh_a_spot / 新浪
301550,斯菱智驱,88.8500000000,90.6400000000,1044118176.0000000000,11838228.0000000000,-0.0197500000,10.4411817600,AKShare stock_zh_a_spot / 新浪
301551,无线传媒,20.6900000000,21.1100000000,146388366.0000000000,7094323.0000000000,-0.0199000000,1.4638836600,AKShare stock_zh_a_spot / 新浪
301552,科力装备,26.3100000000,25.4100000000,100936360.0000000000,3889316.0000000000,0.0354200000,1.0093636000,AKShare stock_zh_a_spot / 新浪
301555,惠柏新材,32.2200000000,32.6400000000,49429904.0000000000,1535273.0000000000,-0.0128700000,0.4942990400,AKShare stock_zh_a_spot / 新浪
301556,托普云农,70.0100000000,63.2100000000,412712488.0000000000,6145470.0000000000,0.1075800000,4.1271248800,AKShare stock_zh_a_spot / 新浪
301557,常友科技,84.6500000000,86.5500000000,54807684.0000000000,643500.0000000000,-0.0219500000,0.5480768400,AKShare stock_zh_a_spot / 新浪
301558,三态股份,6.6300000000,6.7300000000,29057935.0000000000,4394119.0000000000,-0.0148600000,0.2905793500,AKShare stock_zh_a_spot / 新浪
301559,中集环科,13.1400000000,13.2500000000,15969088.0000000000,1216104.0000000000,-0.0083000000,0.1596908800,AKShare stock_zh_a_spot / 新浪
301560,众捷汽车,23.9000000000,23.8800000000,29632090.0000000000,1249616.0000000000,0.0008400000,0.2963209000,AKShare stock_zh_a_spot / 新浪
301563,云汉芯城,133.0000000000,134.7100000000,268644788.0000000000,2014346.0000000000,-0.0126900000,2.6864478800,AKShare stock_zh_a_spot / 新浪
301565,中仑新材,20.2200000000,20.0400000000,112352991.0000000000,5573614.0000000000,0.0089800000,1.1235299100,AKShare stock_zh_a_spot / 新浪
301566,达利凯普,27.4600000000,27.8400000000,681555665.0000000000,24707456.0000000000,-0.0136500000,6.8155566500,AKShare stock_zh_a_spot / 新浪
301567,贝隆精密,37.4800000000,36.6500000000,51407035.0000000000,1394288.0000000000,0.0226500000,0.5140703500,AKShare stock_zh_a_spot / 新浪
301568,思泰克,74.0300000000,74.5000000000,241099541.0000000000,3268980.0000000000,-0.0063100000,2.4109954100,AKShare stock_zh_a_spot / 新浪
301571,国科天成,70.4500000000,69.1300000000,240065066.0000000000,3436552.0000000000,0.0190900000,2.4006506600,AKShare stock_zh_a_spot / 新浪
301575,艾芬达,26.9900000000,27.3800000000,24562735.0000000000,909760.0000000000,-0.0142400000,0.2456273500,AKShare stock_zh_a_spot / 新浪
301577,美信科技,57.5900000000,57.9700000000,61746648.0000000000,1076380.0000000000,-0.0065600000,0.6174664800,AKShare stock_zh_a_spot / 新浪
301578,辰奕智能,23.3500000000,23.4500000000,26866619.0000000000,1152450.0000000000,-0.0042600000,0.2686661900,AKShare stock_zh_a_spot / 新浪
301580,爱迪特,54.7700000000,56.2100000000,318941816.0000000000,5831808.0000000000,-0.0256200000,3.1894181600,AKShare stock_zh_a_spot / 新浪
301581,黄山谷捷,37.8700000000,38.0000000000,28926293.0000000000,767904.0000000000,-0.0034200000,0.2892629300,AKShare stock_zh_a_spot / 新浪
301583,托伦斯,161.1200000000,160.3200000000,1625485900.0000000000,10005862.0000000000,0.0049900000,16.2548590000,AKShare stock_zh_a_spot / 新浪
301584,建发致新,23.6800000000,24.2000000000,127566414.0000000000,5333820.0000000000,-0.0214900000,1.2756641400,AKShare stock_zh_a_spot / 新浪
301585,蓝宇股份,27.5100000000,27.8100000000,19385788.0000000000,704190.0000000000,-0.0107900000,0.1938578800,AKShare stock_zh_a_spot / 新浪
301586,佳力奇,31.8700000000,32.2800000000,19710427.0000000000,619900.0000000000,-0.0127000000,0.1971042700,AKShare stock_zh_a_spot / 新浪
301587,中瑞股份,21.4100000000,21.8400000000,46266017.0000000000,2153400.0000000000,-0.0196900000,0.4626601700,AKShare stock_zh_a_spot / 新浪
301588,美新科技,32.4500000000,32.0000000000,131283530.0000000000,4107245.0000000000,0.0140600000,1.3128353000,AKShare stock_zh_a_spot / 新浪
301589,诺瓦星云,145.1000000000,145.5500000000,57648102.0000000000,400700.0000000000,-0.0030900000,0.5764810200,AKShare stock_zh_a_spot / 新浪
301590,优优绿能,78.0900000000,78.7800000000,61303644.0000000000,787590.0000000000,-0.0087600000,0.6130364400,AKShare stock_zh_a_spot / 新浪
301591,肯特股份,34.9900000000,36.2800000000,286445801.0000000000,8198098.0000000000,-0.0355600000,2.8644580100,AKShare stock_zh_a_spot / 新浪
301592,六九一二,108.9800000000,109.3800000000,113106022.0000000000,1050250.0000000000,-0.0036600000,1.1310602200,AKShare stock_zh_a_spot / 新浪
301595,太力科技,41.0500000000,41.9100000000,51390491.0000000000,1249281.0000000000,-0.0205200000,0.5139049100,AKShare stock_zh_a_spot / 新浪
301596,瑞迪智驱,54.2000000000,53.9900000000,176273917.0000000000,3278519.0000000000,0.0038900000,1.7627391700,AKShare stock_zh_a_spot / 新浪
301598,博科测试,48.4600000000,48.8800000000,18887025.0000000000,391200.0000000000,-0.0085900000,0.1888702500,AKShare stock_zh_a_spot / 新浪
301599,理奇智能,37.9800000000,39.9400000000,401487268.0000000000,10365199.0000000000,-0.0490700000,4.0148726800,AKShare stock_zh_a_spot / 新浪
301600,慧翰股份,87.7600000000,88.5500000000,55458579.0000000000,628800.0000000000,-0.0089200000,0.5545857900,AKShare stock_zh_a_spot / 新浪
301601,惠通科技,16.3800000000,16.5400000000,21918224.0000000000,1339200.0000000000,-0.0096700000,0.2191822400,AKShare stock_zh_a_spot / 新浪
301602,超研股份,17.8000000000,18.8500000000,256262249.0000000000,14277387.0000000000,-0.0557000000,2.5626224900,AKShare stock_zh_a_spot / 新浪
301603,乔锋智能,130.0100000000,131.0200000000,230705932.0000000000,1774105.0000000000,-0.0077100000,2.3070593200,AKShare stock_zh_a_spot / 新浪
301606,绿联科技,53.2300000000,52.9600000000,159594495.0000000000,3015660.0000000000,0.0051000000,1.5959449500,AKShare stock_zh_a_spot / 新浪
301607,富特科技,46.6800000000,45.3700000000,466114787.0000000000,10106336.0000000000,0.0288700000,4.6611478700,AKShare stock_zh_a_spot / 新浪
301608,博实结,48.3100000000,48.5000000000,60127025.0000000000,1257220.0000000000,-0.0039200000,0.6012702500,AKShare stock_zh_a_spot / 新浪
301609,山大电力,33.8400000000,34.9700000000,121779081.0000000000,3590718.0000000000,-0.0323100000,1.2177908100,AKShare stock_zh_a_spot / 新浪
301611,珂玛科技,113.5800000000,109.0900000000,1669847278.0000000000,14816301.0000000000,0.0411600000,16.6984727800,AKShare stock_zh_a_spot / 新浪
301613,新铝时代,38.8900000000,39.6500000000,53084568.0000000000,1365808.0000000000,-0.0191700000,0.5308456800,AKShare stock_zh_a_spot / 新浪
301616,浙江华业,35.3000000000,35.5900000000,18030215.0000000000,509500.0000000000,-0.0081500000,0.1803021500,AKShare stock_zh_a_spot / 新浪
301617,博苑新材,50.6700000000,50.7400000000,73065598.0000000000,1448329.0000000000,-0.0013800000,0.7306559800,AKShare stock_zh_a_spot / 新浪
301618,长联科技,33.5500000000,34.1800000000,46338211.0000000000,1375124.0000000000,-0.0184300000,0.4633821100,AKShare stock_zh_a_spot / 新浪
301622,英思特,42.3900000000,42.3700000000,38218865.0000000000,906000.0000000000,0.0004700000,0.3821886500,AKShare stock_zh_a_spot / 新浪
301626,苏州天脉,293.9600000000,307.0800000000,1183733450.0000000000,3986807.0000000000,-0.0427300000,11.8373345000,AKShare stock_zh_a_spot / 新浪
301628,强达电路,95.6500000000,92.0700000000,512987044.0000000000,5388898.0000000000,0.0388800000,5.1298704400,AKShare stock_zh_a_spot / 新浪
301629,矽电股份,275.1800000000,271.5100000000,275743237.0000000000,1005421.0000000000,0.0135200000,2.7574323700,AKShare stock_zh_a_spot / 新浪
301630,同宇新材,181.7700000000,184.3500000000,244583681.0000000000,1339855.0000000000,-0.0140000000,2.4458368100,AKShare stock_zh_a_spot / 新浪
301631,壹连科技,73.8000000000,69.8900000000,441623183.0000000000,6104663.0000000000,0.0559500000,4.4162318300,AKShare stock_zh_a_spot / 新浪
301632,广东建科,14.1000000000,13.9000000000,90631688.0000000000,6460514.0000000000,0.0143900000,0.9063168800,AKShare stock_zh_a_spot / 新浪
301633,港迪技术,54.4900000000,58.4000000000,96612853.0000000000,1741442.0000000000,-0.0669500000,0.9661285300,AKShare stock_zh_a_spot / 新浪
301636,泽润新能,40.9800000000,41.3100000000,33282042.0000000000,811855.0000000000,-0.0079900000,0.3328204200,AKShare stock_zh_a_spot / 新浪
301638,南网数字,22.9600000000,23.2800000000,236935713.0000000000,10357850.0000000000,-0.0137500000,2.3693571300,AKShare stock_zh_a_spot / 新浪
301656,联合动力,17.3000000000,17.2500000000,98743653.0000000000,5766957.0000000000,0.0029000000,0.9874365300,AKShare stock_zh_a_spot / 新浪
301658,首航新能,24.6900000000,24.9000000000,81852295.0000000000,3320346.0000000000,-0.0084300000,0.8185229500,AKShare stock_zh_a_spot / 新浪
301662,宏工科技,71.8400000000,73.1500000000,155358662.0000000000,2141154.0000000000,-0.0179100000,1.5535866200,AKShare stock_zh_a_spot / 新浪
301665,泰禾股份,23.9400000000,23.5200000000,100865249.0000000000,4229631.0000000000,0.0178600000,1.0086524900,AKShare stock_zh_a_spot / 新浪
301666,大普微,466.1200000000,458.5000000000,2176698782.0000000000,4649960.0000000000,0.0166200000,21.7669878200,AKShare stock_zh_a_spot / 新浪
301667,纳百川,75.7500000000,69.8500000000,473336433.0000000000,6475429.0000000000,0.0844700000,4.7333643300,AKShare stock_zh_a_spot / 新浪
301668,昊创瑞通,38.3000000000,36.6800000000,145195596.0000000000,3859813.0000000000,0.0441700000,1.4519559600,AKShare stock_zh_a_spot / 新浪
301669,高特电子,30.6900000000,30.9300000000,218163485.0000000000,7132737.0000000000,-0.0077600000,2.1816348500,AKShare stock_zh_a_spot / 新浪
301677,欣兴工具,61.1500000000,61.5800000000,207729085.0000000000,3419373.0000000000,-0.0069800000,2.0772908500,AKShare stock_zh_a_spot / 新浪
301678,新恒汇,47.5700000000,47.2600000000,136479122.0000000000,2885810.0000000000,0.0065600000,1.3647912200,AKShare stock_zh_a_spot / 新浪
301680,固德电材,98.0800000000,100.1000000000,114320248.0000000000,1159651.0000000000,-0.0201800000,1.1432024800,AKShare stock_zh_a_spot / 新浪
301682,宏明电子,132.9600000000,132.5500000000,262876928.0000000000,1988090.0000000000,0.0030900000,2.6287692800,AKShare stock_zh_a_spot / 新浪
301683,慧谷新材,104.0800000000,105.3700000000,77104632.0000000000,741700.0000000000,-0.0122400000,0.7710463200,AKShare stock_zh_a_spot / 新浪
301687,新广益,52.1400000000,53.0800000000,177054230.0000000000,3372996.0000000000,-0.0177100000,1.7705423000,AKShare stock_zh_a_spot / 新浪
301696,三瑞智能,114.3500000000,110.2700000000,581702212.0000000000,5142096.0000000000,0.0370000000,5.8170221200,AKShare stock_zh_a_spot / 新浪
301707,展芯股份,85.3800000000,90.3000000000,647650772.0000000000,7451594.0000000000,-0.0544900000,6.4765077200,AKShare stock_zh_a_spot / 新浪
301717,超纯应材,473.0000000000,520.0000000000,3745342549.0000000000,7876965.0000000000,-0.0903800000,37.4534254900,AKShare stock_zh_a_spot / 新浪
302132,中航成飞,60.0600000000,59.4000000000,542816960.0000000000,9171781.0000000000,0.0111100000,5.4281696000,AKShare stock_zh_a_spot / 新浪
