stock_code,sw_level1,sw_level2,sw_level2_code
000998,农林牧渔,种植业,801016
002041,农林牧渔,种植业,801016
002772,农林牧渔,种植业,801016
300087,农林牧渔,种植业,801016
300189,农林牧渔,种植业,801016
300511,农林牧渔,种植业,801016
300970,农林牧渔,种植业,801016
600108,农林牧渔,种植业,801016
600313,农林牧渔,种植业,801016
600354,农林牧渔,种植业,801016
600359,农林牧渔,种植业,801016
600371,农林牧渔,种植业,801016
600540,农林牧渔,种植业,801016
600598,农林牧渔,种植业,801016
601118,农林牧渔,种植业,801016
601952,农林牧渔,种植业,801016
603336,农林牧渔,种植业,801016
600883,农林牧渔,种植业,801016
002215,农林牧渔,种植业,801016
000713,农林牧渔,种植业,801016
002069,农林牧渔,渔业,801015
300094,农林牧渔,渔业,801015
600097,农林牧渔,渔业,801015
600257,农林牧渔,渔业,801015
600467,农林牧渔,渔业,801015
000798,农林牧渔,渔业,801015
002679,农林牧渔,林业Ⅱ,801011
600265,农林牧渔,林业Ⅱ,801011
000663,农林牧渔,林业Ⅱ,801011
000592,农林牧渔,林业Ⅱ,801011
002100,农林牧渔,饲料,801014
002311,农林牧渔,饲料,801014
002385,农林牧渔,饲料,801014
002548,农林牧渔,饲料,801014
002567,农林牧渔,饲料,801014
002891,农林牧渔,饲料,801014
300673,农林牧渔,饲料,801014
603363,农林牧渔,饲料,801014
603609,农林牧渔,饲料,801014
603668,农林牧渔,饲料,801014
001313,农林牧渔,饲料,801014
002696,农林牧渔,饲料,801014
603151,农林牧渔,饲料,801014
001366,农林牧渔,饲料,801014
301498,农林牧渔,饲料,801014
688156,农林牧渔,饲料,801014
000876,农林牧渔,饲料,801014
000702,农林牧渔,饲料,801014
000505,农林牧渔,农产品加工,801012
000911,农林牧渔,农产品加工,801012
000930,农林牧渔,农产品加工,801012
000972,农林牧渔,农产品加工,801012
002286,农林牧渔,农产品加工,801012
002481,农林牧渔,农产品加工,801012
002852,农林牧渔,农产品加工,801012
003030,农林牧渔,农产品加工,801012
300138,农林牧渔,农产品加工,801012
300175,农林牧渔,农产品加工,801012
300268,农林牧渔,农产品加工,801012
300999,农林牧渔,农产品加工,801012
600127,农林牧渔,农产品加工,801012
600191,农林牧渔,农产品加工,801012
600251,农林牧渔,农产品加工,801012
600737,农林牧渔,农产品加工,801012
600962,农林牧渔,农产品加工,801012
605198,农林牧渔,农产品加工,801012
603182,农林牧渔,农产品加工,801012
001338,农林牧渔,农产品加工,801012
603231,农林牧渔,农产品加工,801012
002086,农林牧渔,农产品加工,801012
000019,农林牧渔,农产品加工,801012
001201,农林牧渔,养殖业,801017
002124,农林牧渔,养殖业,801017
002157,农林牧渔,养殖业,801017
002234,农林牧渔,养殖业,801017
002299,农林牧渔,养殖业,801017
002321,农林牧渔,养殖业,801017
002458,农林牧渔,养殖业,801017
002714,农林牧渔,养殖业,801017
002746,农林牧渔,养殖业,801017
002982,农林牧渔,养殖业,801017
300313,农林牧渔,养殖业,801017
300498,农林牧渔,养殖业,801017
300761,农林牧渔,养殖业,801017
300967,农林牧渔,养殖业,801017
600965,农林牧渔,养殖业,801017
600975,农林牧渔,养殖业,801017
605296,农林牧渔,养殖业,801017
301116,农林牧渔,养殖业,801017
603477,农林牧渔,养殖业,801017
000048,农林牧渔,养殖业,801017
603717,农林牧渔,养殖业,801017
000735,农林牧渔,养殖业,801017
002868,农林牧渔,动物保健Ⅱ,801018
300119,农林牧渔,动物保健Ⅱ,801018
300871,农林牧渔,动物保健Ⅱ,801018
600195,农林牧渔,动物保健Ⅱ,801018
600201,农林牧渔,动物保健Ⅱ,801018
603566,农林牧渔,动物保健Ⅱ,801018
688098,农林牧渔,动物保健Ⅱ,801018
688526,农林牧渔,动物保健Ⅱ,801018
002688,农林牧渔,动物保健Ⅱ,801018
300021,农林牧渔,农业综合Ⅱ,801019
002556,农林牧渔,农业综合Ⅱ,801019
000545,基础化工,化学原料,801033
000635,基础化工,化学原料,801033
000683,基础化工,化学原料,801033
000707,基础化工,化学原料,801033
000818,基础化工,化学原料,801033
000822,基础化工,化学原料,801033
000830,基础化工,化学原料,801033
000990,基础化工,化学原料,801033
001217,基础化工,化学原料,801033
002092,基础化工,化学原料,801033
002109,基础化工,化学原料,801033
002136,基础化工,化学原料,801033
002145,基础化工,化学原料,801033
002386,基础化工,化学原料,801033
002601,基础化工,化学原料,801033
002748,基础化工,化学原料,801033
003017,基础化工,化学原料,801033
300082,基础化工,化学原料,801033
300891,基础化工,化学原料,801033
300927,基础化工,化学原料,801033
301069,基础化工,化学原料,801033
301118,基础化工,化学原料,801033
600075,基础化工,化学原料,801033
600319,基础化工,化学原料,801033
600328,基础化工,化学原料,801033
600367,基础化工,化学原料,801033
600610,基础化工,化学原料,801033
600618,基础化工,化学原料,801033
600623,基础化工,化学原料,801033
600714,基础化工,化学原料,801033
600727,基础化工,化学原料,801033
600746,基础化工,化学原料,801033
600844,基础化工,化学原料,801033
600929,基础化工,化学原料,801033
600935,基础化工,化学原料,801033
600955,基础化工,化学原料,801033
600989,基础化工,化学原料,801033
601216,基础化工,化学原料,801033
601568,基础化工,化学原料,801033
601678,基础化工,化学原料,801033
603067,基础化工,化学原料,801033
603213,基础化工,化学原料,801033
603299,基础化工,化学原料,801033
603663,基础化工,化学原料,801033
301256,基础化工,化学原料,801033
000691,基础化工,化学原料,801033
002274,基础化工,化学原料,801033
002648,基础化工,化学原料,801033
600409,基础化工,化学原料,801033
600722,基础化工,化学原料,801033
603938,基础化工,化学原料,801033
601065,基础化工,化学原料,801033
603113,基础化工,化学原料,801033
301190,基础化工,化学原料,801033
600423,基础化工,化学原料,801033
600784,基础化工,化学原料,801033
000510,基础化工,化学原料,801033
000881,基础化工,化学制品,801034
001218,基础化工,化学制品,801034
002037,基础化工,化学制品,801034
002054,基础化工,化学制品,801034
002096,基础化工,化学制品,801034
002165,基础化工,化学制品,801034
002211,基础化工,化学制品,801034
002226,基础化工,化学制品,801034
002246,基础化工,化学制品,801034
002319,基础化工,化学制品,801034
002326,基础化工,化学制品,801034
002360,基础化工,化学制品,801034
002407,基础化工,化学制品,801034
002440,基础化工,化学制品,801034
002453,基础化工,化学制品,801034
002455,基础化工,化学制品,801034
002549,基础化工,化学制品,801034
002562,基础化工,化学制品,801034
002597,基础化工,化学制品,801034
002637,基础化工,化学制品,801034
002666,基础化工,化学制品,801034
002669,基础化工,化学制品,801034
002683,基础化工,化学制品,801034
002783,基础化工,化学制品,801034
002802,基础化工,化学制品,801034
002809,基础化工,化学制品,801034
002810,基础化工,化学制品,801034
002827,基础化工,化学制品,801034
002909,基础化工,化学制品,801034
002915,基础化工,化学制品,801034
002917,基础化工,化学制品,801034
002971,基础化工,化学制品,801034
003002,基础化工,化学制品,801034
300019,基础化工,化学制品,801034
300041,基础化工,化学制品,801034
300067,基础化工,化学制品,801034
300107,基础化工,化学制品,801034
300109,基础化工,化学制品,801034
300163,基础化工,化学制品,801034
300169,基础化工,化学制品,801034
300174,基础化工,化学制品,801034
300200,基础化工,化学制品,801034
300225,基础化工,化学制品,801034
300321,基础化工,化学制品,801034
300405,基础化工,化学制品,801034
300522,基础化工,化学制品,801034
300535,基础化工,化学制品,801034
300641,基础化工,化学制品,801034
300665,基础化工,化学制品,801034
300721,基础化工,化学制品,801034
300727,基础化工,化学制品,801034
300741,基础化工,化学制品,801034
300758,基础化工,化学制品,801034
300798,基础化工,化学制品,801034
300801,基础化工,化学制品,801034
300821,基础化工,化学制品,801034
300829,基础化工,化学制品,801034
300848,基础化工,化学制品,801034
300858,基础化工,化学制品,801034
300910,基础化工,化学制品,801034
301036,基础化工,化学制品,801034
301037,基础化工,化学制品,801034
301059,基础化工,化学制品,801034
301076,基础化工,化学制品,801034
301077,基础化工,化学制品,801034
301100,基础化工,化学制品,801034
301149,基础化工,化学制品,801034
600160,基础化工,化学制品,801034
600165,基础化工,化学制品,801034
600230,基础化工,化学制品,801034
600273,基础化工,化学制品,801034
600299,基础化工,化学制品,801034
600309,基础化工,化学制品,801034
600352,基础化工,化学制品,801034
600378,基础化工,化学制品,801034
600500,基础化工,化学制品,801034
600866,基础化工,化学制品,801034
603020,基础化工,化学制品,801034
603041,基础化工,化学制品,801034
603110,基础化工,化学制品,801034
603155,基础化工,化学制品,801034
603188,基础化工,化学制品,801034
603192,基础化工,化学制品,801034
603217,基础化工,化学制品,801034
603227,基础化工,化学制品,801034
603379,基础化工,化学制品,801034
603505,基础化工,化学制品,801034
603681,基础化工,化学制品,801034
603683,基础化工,化学制品,801034
603790,基础化工,化学制品,801034
603822,基础化工,化学制品,801034
603823,基础化工,化学制品,801034
603867,基础化工,化学制品,801034
603916,基础化工,化学制品,801034
603948,基础化工,化学制品,801034
603968,基础化工,化学制品,801034
603977,基础化工,化学制品,801034
603980,基础化工,化学制品,801034
605016,基础化工,化学制品,801034
605020,基础化工,化学制品,801034
605077,基础化工,化学制品,801034
605366,基础化工,化学制品,801034
605399,基础化工,化学制品,801034
605566,基础化工,化学制品,801034
688065,基础化工,化学制品,801034
688089,基础化工,化学制品,801034
688129,基础化工,化学制品,801034
688133,基础化工,化学制品,801034
688157,基础化工,化学制品,801034
688179,基础化工,化学制品,801034
688196,基础化工,化学制品,801034
688199,基础化工,化学制品,801034
688350,基础化工,化学制品,801034
688398,基础化工,化学制品,801034
688571,基础化工,化学制品,801034
688625,基础化工,化学制品,801034
688639,基础化工,化学制品,801034
688659,基础化工,化学制品,801034
301206,基础化工,化学制品,801034
688267,基础化工,化学制品,801034
603051,基础化工,化学制品,801034
301212,基础化工,化学制品,801034
301286,基础化工,化学制品,801034
301156,基础化工,化学制品,801034
301220,基础化工,化学制品,801034
603235,基础化工,化学制品,801034
002166,基础化工,化学制品,801034
002591,基础化工,化学制品,801034
300214,基础化工,化学制品,801034
300596,基础化工,化学制品,801034
300610,基础化工,化学制品,801034
300637,基础化工,化学制品,801034
600873,基础化工,化学制品,801034
603010,基础化工,化学制品,801034
603181,基础化工,化学制品,801034
603260,基础化工,化学制品,801034
603722,基础化工,化学制品,801034
603739,基础化工,化学制品,801034
688269,基础化工,化学制品,801034
688357,基础化工,化学制品,801034
603255,基础化工,化学制品,801034
301209,基础化工,化学制品,801034
301283,基础化工,化学制品,801034
603281,基础化工,化学制品,801034
301373,基础化工,化学制品,801034
603065,基础化工,化学制品,801034
603125,基础化工,化学制品,801034
603172,基础化工,化学制品,801034
300343,基础化工,化学制品,801034
301518,基础化工,化学制品,801034
300072,基础化工,化学制品,801034
603276,基础化工,化学制品,801034
603062,基础化工,化学制品,801034
001358,基础化工,化学制品,801034
603004,基础化工,化学制品,801034
603285,基础化工,化学制品,801034
002430,基础化工,化学制品,801034
002497,基础化工,化学制品,801034
603079,基础化工,化学制品,801034
002001,基础化工,化学制品,801034
603310,基础化工,化学制品,801034
301618,基础化工,化学制品,801034
301617,基础化工,化学制品,801034
301585,基础化工,化学制品,801034
001335,基础化工,化学制品,801034
603120,基础化工,化学制品,801034
688602,基础化工,化学制品,801034
603334,基础化工,化学制品,801034
301683,基础化工,化学制品,801034
300886,基础化工,化学制品,801034
000565,基础化工,化学制品,801034
000677,基础化工,化学纤维,801032
000782,基础化工,化学纤维,801032
000936,基础化工,化学纤维,801032
002064,基础化工,化学纤维,801032
002206,基础化工,化学纤维,801032
002427,基础化工,化学纤维,801032
002998,基础化工,化学纤维,801032
300876,基础化工,化学纤维,801032
301057,基础化工,化学纤维,801032
600063,基础化工,化学纤维,801032
600810,基础化工,化学纤维,801032
603225,基础化工,化学纤维,801032
603332,基础化工,化学纤维,801032
605166,基础化工,化学纤维,801032
688722,基础化工,化学纤维,801032
688295,基础化工,化学纤维,801032
600370,基础化工,化学纤维,801032
603073,基础化工,化学纤维,801032
002254,基础化工,化学纤维,801032
000949,基础化工,化学纤维,801032
300905,基础化工,化学纤维,801032
603382,基础化工,化学纤维,801032
603406,基础化工,化学纤维,801032
601113,基础化工,化学纤维,801032
001369,基础化工,化学纤维,801032
000420,基础化工,化学纤维,801032
000973,基础化工,塑料,801036
002108,基础化工,塑料,801036
002263,基础化工,塑料,801036
002324,基础化工,塑料,801036
002361,基础化工,塑料,801036
002395,基础化工,塑料,801036
002522,基础化工,塑料,801036
002585,基础化工,塑料,801036
002632,基础化工,塑料,801036
002768,基础化工,塑料,801036
002825,基础化工,塑料,801036
002838,基础化工,塑料,801036
002886,基础化工,塑料,801036
300180,基础化工,塑料,801036
300218,基础化工,塑料,801036
300221,基础化工,塑料,801036
300230,基础化工,塑料,801036
300243,基础化工,塑料,801036
300305,基础化工,塑料,801036
300478,基础化工,塑料,801036
300487,基础化工,塑料,801036
300538,基础化工,塑料,801036
300539,基础化工,塑料,801036
300586,基础化工,塑料,801036
300644,基础化工,塑料,801036
300717,基础化工,塑料,801036
300806,基础化工,塑料,801036
300920,基础化工,塑料,801036
300980,基础化工,塑料,801036
300995,基础化工,塑料,801036
301003,基础化工,塑料,801036
301019,基础化工,塑料,801036
301092,基础化工,塑料,801036
600135,基础化工,塑料,801036
600143,基础化工,塑料,801036
601208,基础化工,塑料,801036
603330,基础化工,塑料,801036
603580,基础化工,塑料,801036
603879,基础化工,塑料,801036
603928,基础化工,塑料,801036
605008,基础化工,塑料,801036
605589,基础化工,塑料,801036
688219,基础化工,塑料,801036
688323,基础化工,塑料,801036
688386,基础化工,塑料,801036
688585,基础化工,塑料,801036
688669,基础化工,塑料,801036
688718,基础化工,塑料,801036
301196,基础化工,塑料,801036
603150,基础化工,塑料,801036
301131,基础化工,塑料,801036
301237,基础化工,塑料,801036
000920,基础化工,塑料,801036
300834,基础化工,塑料,801036
301090,基础化工,塑料,801036
301216,基础化工,塑料,801036
605488,基础化工,塑料,801036
688203,基础化工,塑料,801036
001255,基础化工,塑料,801036
001333,基础化工,塑料,801036
301395,基础化工,塑料,801036
688716,基础化工,塑料,801036
001378,基础化工,塑料,801036
301555,基础化工,塑料,801036
301591,基础化工,塑料,801036
301538,基础化工,塑料,801036
001359,基础化工,塑料,801036
301565,基础化工,塑料,801036
601026,基础化工,塑料,801036
301687,基础化工,塑料,801036
603435,基础化工,塑料,801036
000859,基础化工,塑料,801036
002068,基础化工,橡胶,801037
002224,基础化工,橡胶,801037
002381,基础化工,橡胶,801037
002442,基础化工,橡胶,801037
002753,基础化工,橡胶,801037
300121,基础化工,橡胶,801037
300320,基础化工,橡胶,801037
300587,基础化工,橡胶,801037
300731,基础化工,橡胶,801037
300767,基础化工,橡胶,801037
603033,基础化工,橡胶,801037
603650,基础化工,橡胶,801037
605183,基础化工,橡胶,801037
301300,基础化工,橡胶,801037
301459,基础化工,橡胶,801037
001325,基础化工,橡胶,801037
001207,基础化工,橡胶,801037
000553,基础化工,农化制品,801038
000731,基础化工,农化制品,801038
000792,基础化工,农化制品,801038
000893,基础化工,农化制品,801038
000902,基础化工,农化制品,801038
000912,基础化工,农化制品,801038
002170,基础化工,农化制品,801038
002250,基础化工,农化制品,801038
002258,基础化工,农化制品,801038
002312,基础化工,农化制品,801038
002391,基础化工,农化制品,801038
002470,基础化工,农化制品,801038
002496,基础化工,农化制品,801038
002513,基础化工,农化制品,801038
002538,基础化工,农化制品,801038
002539,基础化工,农化制品,801038
002588,基础化工,农化制品,801038
002734,基础化工,农化制品,801038
002749,基础化工,农化制品,801038
002895,基础化工,农化制品,801038
002942,基础化工,农化制品,801038
002999,基础化工,农化制品,801038
003042,基础化工,农化制品,801038
300261,基础化工,农化制品,801038
300387,基础化工,农化制品,801038
300505,基础化工,农化制品,801038
300575,基础化工,农化制品,801038
300796,基础化工,农化制品,801038
301035,基础化工,农化制品,801038
600078,基础化工,农化制品,801038
600096,基础化工,农化制品,801038
600141,基础化工,农化制品,801038
600389,基础化工,农化制品,801038
600470,基础化工,农化制品,801038
600486,基础化工,农化制品,801038
600691,基础化工,农化制品,801038
600731,基础化工,农化制品,801038
603086,基础化工,农化制品,801038
603360,基础化工,农化制品,801038
603585,基础化工,农化制品,801038
603599,基础化工,农化制品,801038
603639,基础化工,农化制品,801038
603810,基础化工,农化制品,801038
603970,基础化工,农化制品,801038
605033,基础化工,农化制品,801038
000422,基础化工,农化制品,801038
002545,基础化工,农化制品,801038
600227,基础化工,农化制品,801038
600331,基础化工,农化制品,801038
600426,基础化工,农化制品,801038
603077,基础化工,农化制品,801038
001231,基础化工,农化制品,801038
300804,基础化工,农化制品,801038
600596,基础化工,农化制品,801038
603395,基础化工,农化制品,801038
301665,基础化工,农化制品,801038
002758,基础化工,农化制品,801038
000408,基础化工,农化制品,801038
000525,基础化工,农化制品,801038
603612,基础化工,非金属材料Ⅱ,801039
603688,基础化工,非金属材料Ⅱ,801039
603826,基础化工,非金属材料Ⅱ,801039
605086,基础化工,非金属材料Ⅱ,801039
688300,基础化工,非金属材料Ⅱ,801039
001296,基础化工,非金属材料Ⅱ,801039
688598,基础化工,非金属材料Ⅱ,801039
301071,基础化工,非金属材料Ⅱ,801039
000655,钢铁,冶钢原料,801043
000923,钢铁,冶钢原料,801043
001203,钢铁,冶钢原料,801043
600295,钢铁,冶钢原料,801043
600516,钢铁,冶钢原料,801043
601969,钢铁,冶钢原料,801043
600382,钢铁,冶钢原料,801043
601121,钢铁,冶钢原料,801043
000629,钢铁,冶钢原料,801043
000717,钢铁,普钢,801044
000761,钢铁,普钢,801044
000778,钢铁,普钢,801044
000898,钢铁,普钢,801044
000932,钢铁,普钢,801044
000959,钢铁,普钢,801044
002110,钢铁,普钢,801044
600010,钢铁,普钢,801044
600019,钢铁,普钢,801044
600022,钢铁,普钢,801044
600126,钢铁,普钢,801044
600231,钢铁,普钢,801044
600307,钢铁,普钢,801044
600569,钢铁,普钢,801044
600581,钢铁,普钢,801044
600782,钢铁,普钢,801044
600808,钢铁,普钢,801044
601003,钢铁,普钢,801044
601005,钢铁,普钢,801044
601686,钢铁,普钢,801044
603878,钢铁,普钢,801044
000709,钢铁,普钢,801044
000825,钢铁,特钢Ⅱ,801045
002075,钢铁,特钢Ⅱ,801045
002318,钢铁,特钢Ⅱ,801045
002443,钢铁,特钢Ⅱ,801045
002478,钢铁,特钢Ⅱ,801045
300881,钢铁,特钢Ⅱ,801045
600117,钢铁,特钢Ⅱ,801045
600399,钢铁,特钢Ⅱ,801045
600507,钢铁,特钢Ⅱ,801045
603995,钢铁,特钢Ⅱ,801045
600282,钢铁,特钢Ⅱ,801045
000708,钢铁,特钢Ⅱ,801045
000795,有色金属,金属新材料,801051
000969,有色金属,金属新材料,801051
000970,有色金属,金属新材料,801051
300127,有色金属,金属新材料,801051
300224,有色金属,金属新材料,801051
300748,有色金属,金属新材料,801051
300811,有色金属,金属新材料,801051
300835,有色金属,金属新材料,801051
300855,有色金属,金属新材料,801051
300930,有色金属,金属新材料,801051
300963,有色金属,金属新材料,801051
600255,有色金属,金属新材料,801051
600366,有色金属,金属新材料,801051
601137,有色金属,金属新材料,801051
603045,有色金属,金属新材料,801051
603978,有色金属,金属新材料,801051
688077,有色金属,金属新材料,801051
688190,有色金属,金属新材料,801051
688231,有色金属,金属新材料,801051
688102,有色金属,金属新材料,801051
688786,有色金属,金属新材料,801051
301141,有色金属,金属新材料,801051
301323,有色金属,金属新材料,801051
605158,有色金属,金属新材料,801051
688456,有色金属,金属新材料,801051
301522,有色金属,金属新材料,801051
301622,有色金属,金属新材料,801051
603072,有色金属,金属新材料,801051
603124,有色金属,金属新材料,801051
688811,有色金属,金属新材料,801051
301531,有色金属,金属新材料,801051
000633,有色金属,金属新材料,801051
000426,有色金属,工业金属,801055
000603,有色金属,工业金属,801055
000612,有色金属,工业金属,801055
000630,有色金属,工业金属,801055
000751,有色金属,工业金属,801055
000758,有色金属,工业金属,801055
000807,有色金属,工业金属,801055
000878,有色金属,工业金属,801055
000933,有色金属,工业金属,801055
002114,有色金属,工业金属,801055
002160,有色金属,工业金属,801055
002171,有色金属,工业金属,801055
002203,有色金属,工业金属,801055
002295,有色金属,工业金属,801055
002379,有色金属,工业金属,801055
002501,有色金属,工业金属,801055
002532,有色金属,工业金属,801055
002540,有色金属,工业金属,801055
002578,有色金属,工业金属,801055
002824,有色金属,工业金属,801055
002988,有色金属,工业金属,801055
002996,有色金属,工业金属,801055
003038,有色金属,工业金属,801055
300057,有色金属,工业金属,801055
300337,有色金属,工业金属,801055
300697,有色金属,工业金属,801055
600219,有色金属,工业金属,801055
600338,有色金属,工业金属,801055
600362,有色金属,工业金属,801055
600490,有色金属,工业金属,801055
600497,有色金属,工业金属,801055
600531,有色金属,工业金属,801055
600595,有色金属,工业金属,801055
600768,有色金属,工业金属,801055
600888,有色金属,工业金属,801055
600961,有色金属,工业金属,801055
601168,有色金属,工业金属,801055
601388,有色金属,工业金属,801055
601600,有色金属,工业金属,801055
601609,有色金属,工业金属,801055
601677,有色金属,工业金属,801055
601702,有色金属,工业金属,801055
601899,有色金属,工业金属,801055
603527,有色金属,工业金属,801055
603876,有色金属,工业金属,801055
603937,有色金属,工业金属,801055
605208,有色金属,工业金属,801055
603132,有色金属,工业金属,801055
000737,有色金属,工业金属,801055
300328,有色金属,工业金属,801055
600615,有色金属,工业金属,801055
601020,有色金属,工业金属,801055
600361,有色金属,工业金属,801055
601212,有色金属,工业金属,801055
603979,有色金属,工业金属,801055
603993,有色金属,工业金属,801055
603271,有色金属,工业金属,801055
600711,有色金属,工业金属,801055
000060,有色金属,工业金属,801055
002155,有色金属,贵金属,801053
002237,有色金属,贵金属,801053
002716,有色金属,贵金属,801053
600489,有色金属,贵金属,801053
600547,有色金属,贵金属,801053
600988,有色金属,贵金属,801053
601069,有色金属,贵金属,801053
000506,有色金属,贵金属,801053
300139,有色金属,贵金属,801053
001337,有色金属,贵金属,801053
000975,有色金属,贵金属,801053
000831,有色金属,小金属,801054
000960,有色金属,小金属,801054
000962,有色金属,小金属,801054
002149,有色金属,小金属,801054
002167,有色金属,小金属,801054
002182,有色金属,小金属,801054
002378,有色金属,小金属,801054
002428,有色金属,小金属,801054
002738,有色金属,小金属,801054
002842,有色金属,小金属,801054
002978,有色金属,小金属,801054
301026,有色金属,小金属,801054
600111,有色金属,小金属,801054
600259,有色金属,小金属,801054
600281,有色金属,小金属,801054
600392,有色金属,小金属,801054
600456,有色金属,小金属,801054
600459,有色金属,小金属,801054
600549,有色金属,小金属,801054
601958,有色金属,小金属,801054
600301,有色金属,小金属,801054
688750,有色金属,小金属,801054
001280,有色金属,小金属,801054
001257,有色金属,小金属,801054
603407,有色金属,小金属,801054
000688,有色金属,小金属,801054
000657,有色金属,小金属,801054
002240,有色金属,能源金属,801056
002460,有色金属,能源金属,801056
002466,有色金属,能源金属,801056
300618,有色金属,能源金属,801056
603799,有色金属,能源金属,801056
301219,有色金属,能源金属,801056
002192,有色金属,能源金属,801056
002756,有色金属,能源金属,801056
603399,有色金属,能源金属,801056
605376,有色金属,能源金属,801056
000762,有色金属,能源金属,801056
002077,电子,半导体,801081
002119,电子,半导体,801081
002156,电子,半导体,801081
002185,电子,半导体,801081
002371,电子,半导体,801081
002409,电子,半导体,801081
003026,电子,半导体,801081
003043,电子,半导体,801081
300046,电子,半导体,801081
300077,电子,半导体,801081
300223,电子,半导体,801081
300327,电子,半导体,801081
300373,电子,半导体,801081
300456,电子,半导体,801081
300458,电子,半导体,801081
300604,电子,半导体,801081
300613,电子,半导体,801081
300623,电子,半导体,801081
300661,电子,半导体,801081
300666,电子,半导体,801081
300671,电子,半导体,801081
300672,电子,半导体,801081
300706,电子,半导体,801081
300782,电子,半导体,801081
300831,电子,半导体,801081
600171,电子,半导体,801081
600206,电子,半导体,801081
600360,电子,半导体,801081
600460,电子,半导体,801081
600584,电子,半导体,801081
603005,电子,半导体,801081
603068,电子,半导体,801081
603160,电子,半导体,801081
603290,电子,半导体,801081
603501,电子,半导体,801081
603690,电子,半导体,801081
603893,电子,半导体,801081
603986,电子,半导体,801081
605111,电子,半导体,801081
605358,电子,半导体,801081
688008,电子,半导体,801081
688012,电子,半导体,801081
688018,电子,半导体,801081
688037,电子,半导体,801081
688049,电子,半导体,801081
688082,电子,半导体,801081
688099,电子,半导体,801081
688107,电子,半导体,801081
688110,电子,半导体,801081
688123,电子,半导体,801081
688126,电子,半导体,801081
688135,电子,半导体,801081
688138,电子,半导体,801081
688200,电子,半导体,801081
688216,电子,半导体,801081
688230,电子,半导体,801081
688233,电子,半导体,801081
688256,电子,半导体,801081
688286,电子,半导体,801081
688368,电子,半导体,801081
688385,电子,半导体,801081
688396,电子,半导体,801081
688508,电子,半导体,801081
688521,电子,半导体,801081
688536,电子,半导体,801081
688589,电子,半导体,801081
688601,电子,半导体,801081
688608,电子,半导体,801081
688689,电子,半导体,801081
688699,电子,半导体,801081
688711,电子,半导体,801081
688728,电子,半导体,801081
688766,电子,半导体,801081
688798,电子,半导体,801081
688981,电子,半导体,801081
688262,电子,半导体,801081
688234,电子,半导体,801081
688259,电子,半导体,801081
688220,电子,半导体,801081
688173,电子,半导体,801081
688270,电子,半导体,801081
688261,电子,半导体,801081
688048,电子,半导体,801081
688153,电子,半导体,801081
688209,电子,半导体,801081
688072,电子,半导体,801081
688279,电子,半导体,801081
688052,电子,半导体,801081
688325,电子,半导体,801081
688167,电子,半导体,801081
688213,电子,半导体,801081
688045,电子,半导体,801081
688120,电子,半导体,801081
688047,电子,半导体,801081
688332,电子,半导体,801081
688130,电子,半导体,801081
600745,电子,半导体,801081
600877,电子,半导体,801081
688595,电子,半导体,801081
301308,电子,半导体,801081
688380,电子,半导体,801081
688661,电子,半导体,801081
688041,电子,半导体,801081
688401,电子,半导体,801081
688403,电子,半导体,801081
688381,电子,半导体,801081
688416,电子,半导体,801081
688391,电子,半导体,801081
301369,电子,半导体,801081
688252,电子,半导体,801081
688409,电子,半导体,801081
688061,电子,半导体,801081
688372,电子,半导体,801081
688419,电子,半导体,801081
688432,电子,半导体,801081
688362,电子,半导体,801081
688172,电子,半导体,801081
688498,电子,半导体,801081
688141,电子,半导体,801081
301297,电子,半导体,801081
688525,电子,半导体,801081
688515,电子,半导体,801081
688486,电子,半导体,801081
603061,电子,半导体,801081
688535,电子,半导体,801081
688484,电子,半导体,801081
688352,电子,半导体,801081
688146,电子,半导体,801081
688478,电子,半导体,801081
688249,电子,半导体,801081
688469,电子,半导体,801081
688512,电子,半导体,801081
688361,电子,半导体,801081
688458,电子,半导体,801081
688593,电子,半导体,801081
688620,电子,半导体,801081
688582,电子,半导体,801081
002213,电子,半导体,801081
688347,电子,半导体,801081
301348,电子,半导体,801081
688693,电子,半导体,801081
688591,电子,半导体,801081
688702,电子,半导体,801081
688653,电子,半导体,801081
688652,电子,半导体,801081
688720,电子,半导体,801081
603375,电子,半导体,801081
688709,电子,半导体,801081
688584,电子,半导体,801081
301536,电子,半导体,801081
688691,电子,半导体,801081
688530,电子,半导体,801081
001309,电子,半导体,801081
300053,电子,半导体,801081
688721,电子,半导体,801081
301611,电子,半导体,801081
688449,电子,半导体,801081
688605,电子,半导体,801081
301629,电子,半导体,801081
301678,电子,半导体,801081
688729,电子,半导体,801081
603991,电子,半导体,801081
688783,电子,半导体,801081
688727,电子,半导体,801081
688795,电子,半导体,801081
688790,电子,半导体,801081
688802,电子,半导体,801081
688807,电子,半导体,801081
688809,电子,半导体,801081
688785,电子,半导体,801081
301666,电子,半导体,801081
688820,电子,半导体,801081
688797,电子,半导体,801081
600641,电子,半导体,801081
603316,电子,半导体,801081
301583,电子,半导体,801081
688825,电子,半导体,801081
002049,电子,半导体,801081
000823,电子,元件,801083
002134,电子,元件,801083
002138,电子,元件,801083
002199,电子,元件,801083
002384,电子,元件,801083
002436,电子,元件,801083
002463,电子,元件,801083
002484,电子,元件,801083
002579,电子,元件,801083
002636,电子,元件,801083
002815,电子,元件,801083
002913,电子,元件,801083
002916,电子,元件,801083
002938,电子,元件,801083
300319,电子,元件,801083
300408,电子,元件,801083
300460,电子,元件,801083
300476,电子,元件,801083
300657,电子,元件,801083
300739,电子,元件,801083
300814,电子,元件,801083
300852,电子,元件,801083
300903,电子,元件,801083
300936,电子,元件,801083
300964,电子,元件,801083
301041,电子,元件,801083
600183,电子,元件,801083
600237,电子,元件,801083
600563,电子,元件,801083
600601,电子,元件,801083
603186,电子,元件,801083
603228,电子,元件,801083
603328,电子,元件,801083
603386,电子,元件,801083
603738,电子,元件,801083
603920,电子,元件,801083
603936,电子,元件,801083
603989,电子,元件,801083
605058,电子,元件,801083
605258,电子,元件,801083
688020,电子,元件,801083
688183,电子,元件,801083
688519,电子,元件,801083
688655,电子,元件,801083
300975,电子,元件,801083
301132,电子,元件,801083
301282,电子,元件,801083
301366,电子,元件,801083
301176,电子,元件,801083
688539,电子,元件,801083
301251,电子,元件,801083
301566,电子,元件,801083
001389,电子,元件,801083
301628,电子,元件,801083
301458,电子,元件,801083
603175,电子,元件,801083
603459,电子,元件,801083
002141,电子,元件,801083
002552,电子,元件,801083
000636,电子,元件,801083
000045,电子,光学光电子,801084
000050,电子,光学光电子,801084
000100,电子,光学光电子,801084
000536,电子,光学光电子,801084
000725,电子,光学光电子,801084
000727,电子,光学光电子,801084
002036,电子,光学光电子,801084
002106,电子,光学光电子,801084
002217,电子,光学光电子,801084
002222,电子,光学光电子,801084
002273,电子,光学光电子,801084
002289,电子,光学光电子,801084
002387,电子,光学光电子,801084
002449,电子,光学光电子,801084
002456,电子,光学光电子,801084
002587,电子,光学光电子,801084
002654,电子,光学光电子,801084
002745,电子,光学光电子,801084
002845,电子,光学光电子,801084
002876,电子,光学光电子,801084
002952,电子,光学光电子,801084
002955,电子,光学光电子,801084
002962,电子,光学光电子,801084
002983,电子,光学光电子,801084
003015,电子,光学光电子,801084
003019,电子,光学光电子,801084
300076,电子,光学光电子,801084
300088,电子,光学光电子,801084
300102,电子,光学光电子,801084
300120,电子,光学光电子,801084
300162,电子,光学光电子,801084
300219,电子,光学光电子,801084
300232,电子,光学光电子,801084
300241,电子,光学光电子,801084
300296,电子,光学光电子,801084
300301,电子,光学光电子,801084
300303,电子,光学光电子,801084
300323,电子,光学光电子,801084
300389,电子,光学光电子,801084
300545,电子,光学光电子,801084
300566,电子,光学光电子,801084
300582,电子,光学光电子,801084
300632,电子,光学光电子,801084
300701,电子,光学光电子,801084
300708,电子,光学光电子,801084
300752,电子,光学光电子,801084
300808,电子,光学光电子,801084
300889,电子,光学光电子,801084
300909,电子,光学光电子,801084
300939,电子,光学光电子,801084
300940,电子,光学光电子,801084
600071,电子,光学光电子,801084
600552,电子,光学光电子,801084
600703,电子,光学光电子,801084
600707,电子,光学光电子,801084
603297,电子,光学光电子,801084
603679,电子,光学光电子,801084
603685,电子,光学光电子,801084
603703,电子,光学光电子,801084
603773,电子,光学光电子,801084
605218,电子,光学光电子,801084
605588,电子,光学光电子,801084
688010,电子,光学光电子,801084
688055,电子,光学光电子,801084
688079,电子,光学光电子,801084
688127,电子,光学光电子,801084
688181,电子,光学光电子,801084
688195,电子,光学光电子,801084
688299,电子,光学光电子,801084
688538,电子,光学光电子,801084
301106,电子,光学光电子,801084
001308,电子,光学光电子,801084
301183,电子,光学光电子,801084
688322,电子,光学光电子,801084
000509,电子,光学光电子,801084
002137,电子,光学光电子,801084
002992,电子,光学光电子,801084
300269,电子,光学光电子,801084
300331,电子,光学光电子,801084
301045,电子,光学光电子,801084
301321,电子,光学光电子,801084
301379,电子,光学光电子,801084
688502,电子,光学光电子,801084
001373,电子,光学光电子,801084
301421,电子,光学光电子,801084
300489,电子,光学光电子,801084
688378,电子,光学光电子,801084
688496,电子,光学光电子,801084
301479,电子,光学光电子,801084
688781,电子,光学光电子,801084
001399,电子,光学光电子,801084
688307,电子,光学光电子,801084
000020,电子,光学光电子,801084
002130,电子,其他电子Ⅱ,801082
002161,电子,其他电子Ⅱ,801082
002388,电子,其他电子Ⅱ,801082
002729,电子,其他电子Ⅱ,801082
002859,电子,其他电子Ⅱ,801082
002922,电子,其他电子Ⅱ,801082
300184,电子,其他电子Ⅱ,801082
300493,电子,其他电子Ⅱ,801082
300516,电子,其他电子Ⅱ,801082
300656,电子,其他电子Ⅱ,801082
300736,电子,其他电子Ⅱ,801082
300991,电子,其他电子Ⅱ,801082
301031,电子,其他电子Ⅱ,801082
600353,电子,其他电子Ⅱ,801082
603933,电子,其他电子Ⅱ,801082
688093,电子,其他电子Ⅱ,801082
688103,电子,其他电子Ⅱ,801082
688662,电子,其他电子Ⅱ,801082
688800,电子,其他电子Ⅱ,801082
300475,电子,其他电子Ⅱ,801082
000670,电子,其他电子Ⅱ,801082
002782,电子,其他电子Ⅱ,801082
002885,电子,其他电子Ⅱ,801082
300131,电子,其他电子Ⅱ,801082
300650,电子,其他电子Ⅱ,801082
301099,电子,其他电子Ⅱ,801082
301328,电子,其他电子Ⅱ,801082
001298,电子,其他电子Ⅱ,801082
301359,电子,其他电子Ⅱ,801082
001287,电子,其他电子Ⅱ,801082
301275,电子,其他电子Ⅱ,801082
301563,电子,其他电子Ⅱ,801082
000062,电子,其他电子Ⅱ,801082
002045,电子,消费电子,801085
002055,电子,消费电子,801085
002139,电子,消费电子,801085
002241,电子,消费电子,801085
002351,电子,消费电子,801085
002369,电子,消费电子,801085
002475,电子,消费电子,801085
002600,电子,消费电子,801085
002635,电子,消费电子,801085
002655,电子,消费电子,801085
002660,电子,消费电子,801085
002681,电子,消费电子,801085
002855,电子,消费电子,801085
002861,电子,消费电子,801085
002866,电子,消费电子,801085
002888,电子,消费电子,801085
002925,电子,消费电子,801085
002947,电子,消费电子,801085
002981,电子,消费电子,801085
002993,电子,消费电子,801085
300032,电子,消费电子,801085
300115,电子,消费电子,801085
300136,电子,消费电子,801085
300256,电子,消费电子,801085
300322,电子,消费电子,801085
300433,电子,消费电子,801085
300602,电子,消费电子,801085
300647,电子,消费电子,801085
300679,电子,消费电子,801085
300686,电子,消费电子,801085
300709,电子,消费电子,801085
300735,电子,消费电子,801085
300787,电子,消费电子,801085
300793,电子,消费电子,801085
300822,电子,消费电子,801085
300843,电子,消费电子,801085
300857,电子,消费电子,801085
300866,电子,消费电子,801085
300916,电子,消费电子,801085
300951,电子,消费电子,801085
300956,电子,消费电子,801085
300968,电子,消费电子,801085
300976,电子,消费电子,801085
301051,电子,消费电子,801085
301067,电子,消费电子,801085
301086,电子,消费电子,801085
301180,电子,消费电子,801085
600130,电子,消费电子,801085
600203,电子,消费电子,801085
601138,电子,消费电子,801085
601231,电子,消费电子,801085
603327,电子,消费电子,801085
603380,电子,消费电子,801085
603595,电子,消费电子,801085
603626,电子,消费电子,801085
603629,电子,消费电子,801085
603633,电子,消费电子,801085
603890,电子,消费电子,801085
605277,电子,消费电子,801085
688007,电子,消费电子,801085
688036,电子,消费电子,801085
688260,电子,消费电子,801085
688678,电子,消费电子,801085
688210,电子,消费电子,801085
301189,电子,消费电子,801085
301123,电子,消费电子,801085
002426,电子,消费电子,801085
002841,电子,消费电子,801085
300812,电子,消费电子,801085
600363,电子,消费电子,801085
301326,电子,消费电子,801085
301285,电子,消费电子,801085
603052,电子,消费电子,801085
301389,电子,消费电子,801085
001314,电子,消费电子,801085
301387,电子,消费电子,801085
301383,电子,消费电子,801085
301486,电子,消费电子,801085
301329,电子,消费电子,801085
603296,电子,消费电子,801085
301567,电子,消费电子,801085
603341,电子,消费电子,801085
300784,电子,消费电子,801085
301606,电子,消费电子,801085
300868,电子,消费电子,801085
301626,电子,消费电子,801085
688775,电子,消费电子,801085
301491,电子,消费电子,801085
002402,电子,消费电子,801085
300128,电子,消费电子,801085
000021,电子,消费电子,801085
002643,电子,电子化学品Ⅱ,801086
002741,电子,电子化学品Ⅱ,801086
300054,电子,电子化学品Ⅱ,801086
300236,电子,电子化学品Ⅱ,801086
300346,电子,电子化学品Ⅱ,801086
300398,电子,电子化学品Ⅱ,801086
300429,电子,电子化学品Ⅱ,801086
300481,电子,电子化学品Ⅱ,801086
300537,电子,电子化学品Ⅱ,801086
300576,电子,电子化学品Ⅱ,801086
300655,电子,电子化学品Ⅱ,801086
603002,电子,电子化学品Ⅱ,801086
603078,电子,电子化学品Ⅱ,801086
603931,电子,电子化学品Ⅱ,801086
688019,电子,电子化学品Ⅱ,801086
688106,电子,电子化学品Ⅱ,801086
688268,电子,电子化学品Ⅱ,801086
688359,电子,电子化学品Ⅱ,801086
688550,电子,电子化学品Ⅱ,801086
688150,电子,电子化学品Ⅱ,801086
300285,电子,电子化学品Ⅱ,801086
300684,电子,电子化学品Ⅱ,801086
688371,电子,电子化学品Ⅱ,801086
688035,电子,电子化学品Ⅱ,801086
301319,电子,电子化学品Ⅱ,801086
688603,电子,电子化学品Ⅱ,801086
688548,电子,电子化学品Ⅱ,801086
688549,电子,电子化学品Ⅱ,801086
301489,电子,电子化学品Ⅱ,801086
600330,电子,电子化学品Ⅱ,801086
688683,电子,电子化学品Ⅱ,801086
688545,电子,电子化学品Ⅱ,801086
301630,电子,电子化学品Ⅱ,801086
603115,电子,电子化学品Ⅱ,801086
002584,电子,电子化学品Ⅱ,801086
000338,汽车,汽车零部件,801093
000559,汽车,汽车零部件,801093
000570,汽车,汽车零部件,801093
000581,汽车,汽车零部件,801093
000589,汽车,汽车零部件,801093
000599,汽车,汽车零部件,801093
000678,汽车,汽车零部件,801093
000700,汽车,汽车零部件,801093
000816,汽车,汽车零部件,801093
000887,汽车,汽车零部件,801093
000903,汽车,汽车零部件,801093
000980,汽车,汽车零部件,801093
002048,汽车,汽车零部件,801093
002085,汽车,汽车零部件,801093
002101,汽车,汽车零部件,801093
002126,汽车,汽车零部件,801093
002239,汽车,汽车零部件,801093
002265,汽车,汽车零部件,801093
002283,汽车,汽车零部件,801093
002284,汽车,汽车零部件,801093
002328,汽车,汽车零部件,801093
002355,汽车,汽车零部件,801093
002363,汽车,汽车零部件,801093
002406,汽车,汽车零部件,801093
002434,汽车,汽车零部件,801093
002448,汽车,汽车零部件,801093
002454,汽车,汽车零部件,801093
002472,汽车,汽车零部件,801093
002488,汽车,汽车零部件,801093
002510,汽车,汽车零部件,801093
002516,汽车,汽车零部件,801093
002536,汽车,汽车零部件,801093
002537,汽车,汽车零部件,801093
002553,汽车,汽车零部件,801093
002590,汽车,汽车零部件,801093
002592,汽车,汽车零部件,801093
002662,汽车,汽车零部件,801093
002664,汽车,汽车零部件,801093
002703,汽车,汽车零部件,801093
002708,汽车,汽车零部件,801093
002715,汽车,汽车零部件,801093
002725,汽车,汽车零部件,801093
002766,汽车,汽车零部件,801093
002813,汽车,汽车零部件,801093
002863,汽车,汽车零部件,801093
002906,汽车,汽车零部件,801093
002921,汽车,汽车零部件,801093
002984,汽车,汽车零部件,801093
002997,汽车,汽车零部件,801093
300100,汽车,汽车零部件,801093
300176,汽车,汽车零部件,801093
300258,汽车,汽车零部件,801093
300304,汽车,汽车零部件,801093
300375,汽车,汽车零部件,801093
300428,汽车,汽车零部件,801093
300473,汽车,汽车零部件,801093
300507,汽车,汽车零部件,801093
300547,汽车,汽车零部件,801093
300580,汽车,汽车零部件,801093
300585,汽车,汽车零部件,801093
300611,汽车,汽车零部件,801093
300643,汽车,汽车零部件,801093
300652,汽车,汽车零部件,801093
300680,汽车,汽车零部件,801093
300681,汽车,汽车零部件,801093
300694,汽车,汽车零部件,801093
300695,汽车,汽车零部件,801093
300707,汽车,汽车零部件,801093
300733,汽车,汽车零部件,801093
300816,汽车,汽车零部件,801093
300863,汽车,汽车零部件,801093
300912,汽车,汽车零部件,801093
300926,汽车,汽车零部件,801093
300928,汽车,汽车零部件,801093
300978,汽车,汽车零部件,801093
300998,汽车,汽车零部件,801093
301000,汽车,汽车零部件,801093
301005,汽车,汽车零部件,801093
301007,汽车,汽车零部件,801093
301020,汽车,汽车零部件,801093
301022,汽车,汽车零部件,801093
301072,汽车,汽车零部件,801093
301119,汽车,汽车零部件,801093
301133,汽车,汽车零部件,801093
301221,汽车,汽车零部件,801093
600081,汽车,汽车零部件,801093
600148,汽车,汽车零部件,801093
600178,汽车,汽车零部件,801093
600182,汽车,汽车零部件,801093
600218,汽车,汽车零部件,801093
600469,汽车,汽车零部件,801093
600480,汽车,汽车零部件,801093
600523,汽车,汽车零部件,801093
600609,汽车,汽车零部件,801093
600626,汽车,汽车零部件,801093
600660,汽车,汽车零部件,801093
600698,汽车,汽车零部件,801093
600699,汽车,汽车零部件,801093
600741,汽车,汽车零部件,801093
600742,汽车,汽车零部件,801093
600933,汽车,汽车零部件,801093
600960,汽车,汽车零部件,801093
601058,汽车,汽车零部件,801093
601163,汽车,汽车零部件,801093
601279,汽车,汽车零部件,801093
601500,汽车,汽车零部件,801093
601689,汽车,汽车零部件,801093
601966,汽车,汽车零部件,801093
603006,汽车,汽车零部件,801093
603009,汽车,汽车零部件,801093
603013,汽车,汽车零部件,801093
603023,汽车,汽车零部件,801093
603035,汽车,汽车零部件,801093
603037,汽车,汽车零部件,801093
603040,汽车,汽车零部件,801093
603048,汽车,汽车零部件,801093
603085,汽车,汽车零部件,801093
603089,汽车,汽车零部件,801093
603109,汽车,汽车零部件,801093
603121,汽车,汽车零部件,801093
603158,汽车,汽车零部件,801093
603161,汽车,汽车零部件,801093
603166,汽车,汽车零部件,801093
603178,汽车,汽车零部件,801093
603179,汽车,汽车零部件,801093
603197,汽车,汽车零部件,801093
603239,汽车,汽车零部件,801093
603286,汽车,汽车零部件,801093
603305,汽车,汽车零部件,801093
603306,汽车,汽车零部件,801093
603319,汽车,汽车零部件,801093
603335,汽车,汽车零部件,801093
603348,汽车,汽车零部件,801093
603358,汽车,汽车零部件,801093
603390,汽车,汽车零部件,801093
603586,汽车,汽车零部件,801093
603596,汽车,汽车零部件,801093
603655,汽车,汽车零部件,801093
603701,汽车,汽车零部件,801093
603730,汽车,汽车零部件,801093
603758,汽车,汽车零部件,801093
603767,汽车,汽车零部件,801093
603768,汽车,汽车零部件,801093
603786,汽车,汽车零部件,801093
603788,汽车,汽车零部件,801093
603809,汽车,汽车零部件,801093
603917,汽车,汽车零部件,801093
603922,汽车,汽车零部件,801093
603926,汽车,汽车零部件,801093
603949,汽车,汽车零部件,801093
603950,汽车,汽车零部件,801093
603982,汽车,汽车零部件,801093
603997,汽车,汽车零部件,801093
605005,汽车,汽车零部件,801093
605018,汽车,汽车零部件,801093
605068,汽车,汽车零部件,801093
605088,汽车,汽车零部件,801093
605128,汽车,汽车零部件,801093
605133,汽车,汽车零部件,801093
605228,汽车,汽车零部件,801093
605255,汽车,汽车零部件,801093
605319,汽车,汽车零部件,801093
605333,汽车,汽车零部件,801093
688021,汽车,汽车零部件,801093
688280,汽车,汽车零部件,801093
688533,汽车,汽车零部件,801093
688667,汽车,汽车零部件,801093
688737,汽车,汽车零部件,801093
301186,汽车,汽车零部件,801093
301181,汽车,汽车零部件,801093
603266,汽车,汽车零部件,801093
301298,汽车,汽车零部件,801093
301233,汽车,汽车零部件,801093
603211,汽车,汽车零部件,801093
000901,汽车,汽车零部件,801093
000981,汽车,汽车零部件,801093
002190,汽车,汽车零部件,801093
002547,汽车,汽车零部件,801093
002870,汽车,汽车零部件,801093
002965,汽车,汽车零部件,801093
002976,汽车,汽车零部件,801093
300237,汽车,汽车零部件,801093
300745,汽车,汽车零部件,801093
300893,汽车,汽车零部件,801093
300969,汽车,汽车零部件,801093
601799,汽车,汽车零部件,801093
605151,汽车,汽车零部件,801093
301192,汽车,汽车零部件,801093
001319,汽车,汽车零部件,801093
301398,汽车,汽车零部件,801093
001260,汽车,汽车零部件,801093
603190,汽车,汽车零部件,801093
001311,汽车,汽车零部件,801093
001278,汽车,汽车零部件,801093
001380,汽车,汽车零部件,801093
001282,汽车,汽车零部件,801093
301310,汽车,汽车零部件,801093
301225,汽车,汽车零部件,801093
301170,汽车,汽车零部件,801093
301397,汽车,汽车零部件,801093
301488,汽车,汽车零部件,801093
002806,汽车,汽车零部件,801093
600841,汽车,汽车零部件,801093
301499,汽车,汽车零部件,801093
688612,汽车,汽车零部件,801093
603119,汽车,汽车零部件,801093
301529,汽车,汽车零部件,801093
603107,汽车,汽车零部件,801093
301539,汽车,汽车零部件,801093
301552,汽车,汽车零部件,801093
002937,汽车,汽车零部件,801093
300446,汽车,汽车零部件,801093
301550,汽车,汽车零部件,801093
600651,汽车,汽车零部件,801093
603201,汽车,汽车零部件,801093
301607,汽车,汽车零部件,801093
301613,汽车,汽车零部件,801093
301229,汽车,汽车零部件,801093
301631,汽车,汽车零部件,801093
301581,汽车,汽车零部件,801093
301173,汽车,汽车零部件,801093
603409,汽车,汽车零部件,801093
301535,汽车,汽车零部件,801093
603210,汽车,汽车零部件,801093
603202,汽车,汽车零部件,801093
301560,汽车,汽车零部件,801093
603049,汽车,汽车零部件,801093
002765,汽车,汽车零部件,801093
603418,汽车,汽车零部件,801093
301656,汽车,汽车零部件,801093
001285,汽车,汽车零部件,801093
603376,汽车,汽车零部件,801093
001233,汽车,汽车零部件,801093
301667,汽车,汽车零部件,801093
603352,汽车,汽车零部件,801093
301680,汽车,汽车零部件,801093
603293,汽车,汽车零部件,801093
001365,汽车,汽车零部件,801093
600151,汽车,汽车零部件,801093
603007,汽车,汽车零部件,801093
603960,汽车,汽车零部件,801093
000030,汽车,汽车零部件,801093
300825,汽车,汽车服务,801092
600335,汽车,汽车服务,801092
600386,汽车,汽车服务,801092
600653,汽车,汽车服务,801092
600822,汽车,汽车服务,801092
601965,汽车,汽车服务,801092
301215,汽车,汽车服务,801092
600676,汽车,汽车服务,801092
000757,汽车,汽车服务,801092
002105,汽车,摩托车及其他,801881
003033,汽车,摩托车及其他,801881
300994,汽车,摩托车及其他,801881
600099,汽车,摩托车及其他,801881
600679,汽车,摩托车及其他,801881
601777,汽车,摩托车及其他,801881
603129,汽车,摩托车及其他,801881
603529,汽车,摩托车及其他,801881
603766,汽车,摩托车及其他,801881
603776,汽车,摩托车及其他,801881
603787,汽车,摩托车及其他,801881
600818,汽车,摩托车及其他,801881
301322,汽车,摩托车及其他,801881
301345,汽车,摩托车及其他,801881
000913,汽车,摩托车及其他,801881
000625,汽车,乘用车,801095
002594,汽车,乘用车,801095
600104,汽车,乘用车,801095
601238,汽车,乘用车,801095
601633,汽车,乘用车,801095
600733,汽车,乘用车,801095
601127,汽车,乘用车,801095
000572,汽车,乘用车,801095
000800,汽车,商用车,801096
000868,汽车,商用车,801096
000951,汽车,商用车,801096
000957,汽车,商用车,801096
301039,汽车,商用车,801096
600006,汽车,商用车,801096
600066,汽车,商用车,801096
600166,汽车,商用车,801096
600303,汽车,商用车,801096
600418,汽车,商用车,801096
600686,汽车,商用车,801096
600375,汽车,商用车,801096
000550,汽车,商用车,801096
000521,家用电器,白色家电,801111
000651,家用电器,白色家电,801111
000921,家用电器,白色家电,801111
002668,家用电器,白色家电,801111
600336,家用电器,白色家电,801111
600690,家用电器,白色家电,801111
600983,家用电器,白色家电,801111
001387,家用电器,白色家电,801111
000016,家用电器,白色家电,801111
600854,家用电器,白色家电,801111
000333,家用电器,白色家电,801111
000810,家用电器,黑色家电,801112
002429,家用电器,黑色家电,801112
600060,家用电器,黑色家电,801112
600839,家用电器,黑色家电,801112
688609,家用电器,黑色家电,801112
301578,家用电器,黑色家电,801112
002848,家用电器,黑色家电,801112
688696,家用电器,黑色家电,801112
000801,家用电器,黑色家电,801112
002032,家用电器,小家电,801113
002242,家用电器,小家电,801113
002403,家用电器,小家电,801113
002705,家用电器,小家电,801113
002959,家用电器,小家电,801113
300824,家用电器,小家电,801113
603219,家用电器,小家电,801113
603355,家用电器,小家电,801113
603486,家用电器,小家电,801113
603868,家用电器,小家电,801113
605555,家用电器,小家电,801113
688169,家用电器,小家电,801113
688793,家用电器,小家电,801113
603215,家用电器,小家电,801113
301187,家用电器,小家电,801113
001259,家用电器,小家电,801113
301332,家用电器,小家电,801113
300272,家用电器,小家电,801113
003023,家用电器,小家电,801113
002005,家用电器,小家电,801113
002508,家用电器,厨卫电器,801114
002543,家用电器,厨卫电器,801114
002677,家用电器,厨卫电器,801114
300894,家用电器,厨卫电器,801114
300911,家用电器,厨卫电器,801114
603366,家用电器,厨卫电器,801114
603551,家用电器,厨卫电器,801114
605336,家用电器,厨卫电器,801114
002035,家用电器,厨卫电器,801114
002076,家用电器,照明设备Ⅱ,801115
002723,家用电器,照明设备Ⅱ,801115
300625,家用电器,照明设备Ⅱ,801115
600261,家用电器,照明设备Ⅱ,801115
603303,家用电器,照明设备Ⅱ,801115
603515,家用电器,照明设备Ⅱ,801115
605365,家用电器,照明设备Ⅱ,801115
301362,家用电器,照明设备Ⅱ,801115
001326,家用电器,照明设备Ⅱ,801115
002638,家用电器,照明设备Ⅱ,801115
002724,家用电器,照明设备Ⅱ,801115
000541,家用电器,照明设备Ⅱ,801115
002011,家用电器,家电零部件Ⅱ,801116
002050,家用电器,家电零部件Ⅱ,801116
002290,家用电器,家电零部件Ⅱ,801116
002418,家用电器,家电零部件Ⅱ,801116
002676,家用电器,家电零部件Ⅱ,801116
002860,家用电器,家电零部件Ⅱ,801116
300160,家用电器,家电零部件Ⅱ,801116
300217,家用电器,家电零部件Ⅱ,801116
300342,家用电器,家电零部件Ⅱ,801116
300403,家用电器,家电零部件Ⅱ,801116
301008,家用电器,家电零部件Ⅱ,801116
600619,家用电器,家电零部件Ⅱ,801116
601956,家用电器,家电零部件Ⅱ,801116
603112,家用电器,家电零部件Ⅱ,801116
603311,家用电器,家电零部件Ⅱ,801116
603519,家用电器,家电零部件Ⅱ,801116
603578,家用电器,家电零部件Ⅱ,801116
603657,家用电器,家电零部件Ⅱ,801116
603677,家用电器,家电零部件Ⅱ,801116
603726,家用电器,家电零部件Ⅱ,801116
001268,家用电器,家电零部件Ⅱ,801116
301252,家用电器,家电零部件Ⅱ,801116
603075,家用电器,家电零部件Ⅱ,801116
003028,家用电器,家电零部件Ⅱ,801116
300279,家用电器,家电零部件Ⅱ,801116
300543,家用电器,家电零部件Ⅱ,801116
301135,家用电器,家电零部件Ⅱ,801116
301280,家用电器,家电零部件Ⅱ,801116
000404,家用电器,家电零部件Ⅱ,801116
300247,家用电器,其他家电Ⅱ,801117
603579,家用电器,其他家电Ⅱ,801117
002614,家用电器,其他家电Ⅱ,801117
001215,食品饮料,食品加工,801124
002216,食品饮料,食品加工,801124
002330,食品饮料,食品加工,801124
002515,食品饮料,食品加工,801124
002626,食品饮料,食品加工,801124
002702,食品饮料,食品加工,801124
002726,食品饮料,食品加工,801124
002840,食品饮料,食品加工,801124
300146,食品饮料,食品加工,801124
300791,食品饮料,食品加工,801124
600073,食品饮料,食品加工,801124
600381,食品饮料,食品加工,801124
600530,食品饮料,食品加工,801124
603345,食品饮料,食品加工,801124
603536,食品饮料,食品加工,801124
605089,食品饮料,食品加工,801124
605338,食品饮料,食品加工,801124
605567,食品饮料,食品加工,801124
603102,食品饮料,食品加工,801124
603237,食品饮料,食品加工,801124
002661,食品饮料,食品加工,801124
000529,食品饮料,食品加工,801124
000639,食品饮料,食品加工,801124
603262,食品饮料,食品加工,801124
000895,食品饮料,食品加工,801124
000596,食品饮料,白酒Ⅱ,801125
000799,食品饮料,白酒Ⅱ,801125
000858,食品饮料,白酒Ⅱ,801125
000860,食品饮料,白酒Ⅱ,801125
000995,食品饮料,白酒Ⅱ,801125
002304,食品饮料,白酒Ⅱ,801125
002646,食品饮料,白酒Ⅱ,801125
600197,食品饮料,白酒Ⅱ,801125
600199,食品饮料,白酒Ⅱ,801125
600519,食品饮料,白酒Ⅱ,801125
600559,食品饮料,白酒Ⅱ,801125
600702,食品饮料,白酒Ⅱ,801125
600779,食品饮料,白酒Ⅱ,801125
600809,食品饮料,白酒Ⅱ,801125
603198,食品饮料,白酒Ⅱ,801125
603369,食品饮料,白酒Ⅱ,801125
603589,食品饮料,白酒Ⅱ,801125
603919,食品饮料,白酒Ⅱ,801125
000568,食品饮料,白酒Ⅱ,801125
000752,食品饮料,非白酒,801126
000869,食品饮料,非白酒,801126
000929,食品饮料,非白酒,801126
002461,食品饮料,非白酒,801126
002568,食品饮料,非白酒,801126
600059,食品饮料,非白酒,801126
600084,食品饮料,非白酒,801126
600132,食品饮料,非白酒,801126
600238,食品饮料,非白酒,801126
600543,食品饮料,非白酒,801126
600573,食品饮料,非白酒,801126
600600,食品饮料,非白酒,801126
600616,食品饮料,非白酒,801126
601579,食品饮料,非白酒,801126
603779,食品饮料,非白酒,801126
000729,食品饮料,非白酒,801126
002329,食品饮料,饮料乳品,801127
002570,食品饮料,饮料乳品,801127
002732,食品饮料,饮料乳品,801127
002910,食品饮料,饮料乳品,801127
002946,食品饮料,饮料乳品,801127
300106,食品饮料,饮料乳品,801127
300898,食品饮料,饮料乳品,801127
300915,食品饮料,饮料乳品,801127
300997,食品饮料,饮料乳品,801127
600189,食品饮料,饮料乳品,801127
600300,食品饮料,饮料乳品,801127
600419,食品饮料,饮料乳品,801127
600429,食品饮料,饮料乳品,801127
600597,食品饮料,饮料乳品,801127
600882,食品饮料,饮料乳品,801127
600887,食品饮料,饮料乳品,801127
603156,食品饮料,饮料乳品,801127
603711,食品饮料,饮料乳品,801127
605179,食品饮料,饮料乳品,801127
605300,食品饮料,饮料乳品,801127
605337,食品饮料,饮料乳品,801127
605388,食品饮料,饮料乳品,801127
605499,食品饮料,饮料乳品,801127
001318,食品饮料,饮料乳品,801127
300892,食品饮料,饮料乳品,801127
000848,食品饮料,饮料乳品,801127
002557,食品饮料,休闲食品,801128
002582,食品饮料,休闲食品,801128
002695,食品饮料,休闲食品,801128
002820,食品饮料,休闲食品,801128
002847,食品饮料,休闲食品,801128
002956,食品饮料,休闲食品,801128
002991,食品饮料,休闲食品,801128
003000,食品饮料,休闲食品,801128
300783,食品饮料,休闲食品,801128
300973,食品饮料,休闲食品,801128
603043,食品饮料,休闲食品,801128
603517,食品饮料,休闲食品,801128
603697,食品饮料,休闲食品,801128
603719,食品饮料,休闲食品,801128
603777,食品饮料,休闲食品,801128
603866,食品饮料,休闲食品,801128
603886,食品饮料,休闲食品,801128
605339,食品饮料,休闲食品,801128
000716,食品饮料,休闲食品,801128
603057,食品饮料,休闲食品,801128
002719,食品饮料,休闲食品,801128
001219,食品饮料,休闲食品,801128
002507,食品饮料,调味发酵品Ⅱ,801129
002650,食品饮料,调味发酵品Ⅱ,801129
300908,食品饮料,调味发酵品Ⅱ,801129
600186,食品饮料,调味发酵品Ⅱ,801129
600298,食品饮料,调味发酵品Ⅱ,801129
600305,食品饮料,调味发酵品Ⅱ,801129
600872,食品饮料,调味发酵品Ⅱ,801129
603027,食品饮料,调味发酵品Ⅱ,801129
603288,食品饮料,调味发酵品Ⅱ,801129
603317,食品饮料,调味发酵品Ⅱ,801129
603696,食品饮料,调味发酵品Ⅱ,801129
603755,食品饮料,调味发酵品Ⅱ,801129
603170,食品饮料,调味发酵品Ⅱ,801129
002495,食品饮料,调味发酵品Ⅱ,801129
000850,纺织服饰,纺织制造,801131
000955,纺织服饰,纺织制造,801131
002003,纺织服饰,纺织制造,801131
002042,纺织服饰,纺织制造,801131
002083,纺织服饰,纺织制造,801131
002098,纺织服饰,纺织制造,801131
002144,纺织服饰,纺织制造,801131
002394,纺织服饰,纺织制造,801131
002674,纺织服饰,纺织制造,801131
300819,纺织服饰,纺织制造,801131
300877,纺织服饰,纺织制造,801131
300918,纺织服饰,纺织制造,801131
300979,纺织服饰,纺织制造,801131
600156,纺织服饰,纺织制造,801131
600448,纺织服饰,纺织制造,801131
600493,纺织服饰,纺织制造,801131
600527,纺织服饰,纺织制造,801131
600987,纺织服饰,纺织制造,801131
601339,纺织服饰,纺织制造,801131
601599,纺织服饰,纺织制造,801131
603055,纺织服饰,纺织制造,801131
603558,纺织服饰,纺织制造,801131
603889,纺织服饰,纺织制造,801131
605055,纺织服饰,纺织制造,801131
605180,纺织服饰,纺织制造,801131
605189,纺织服饰,纺织制造,801131
301066,纺织服饰,纺织制造,801131
603130,纺织服饰,纺织制造,801131
001390,纺织服饰,纺织制造,801131
603238,纺织服饰,纺织制造,801131
001312,纺织服饰,纺织制造,801131
000726,纺织服饰,纺织制造,801131
002029,纺织服饰,服装家纺,801132
002154,纺织服饰,服装家纺,801132
002269,纺织服饰,服装家纺,801132
002293,纺织服饰,服装家纺,801132
002327,纺织服饰,服装家纺,801132
002397,纺织服饰,服装家纺,801132
002494,纺织服饰,服装家纺,801132
002563,纺织服饰,服装家纺,801132
002569,纺织服饰,服装家纺,801132
002612,纺织服饰,服装家纺,801132
002656,纺织服饰,服装家纺,801132
002687,纺织服饰,服装家纺,801132
002762,纺织服饰,服装家纺,801132
002780,纺织服饰,服装家纺,801132
002832,纺织服饰,服装家纺,801132
002875,纺织服饰,服装家纺,801132
003016,纺织服饰,服装家纺,801132
003041,纺织服饰,服装家纺,801132
300005,纺织服饰,服装家纺,801132
300577,纺织服饰,服装家纺,801132
300591,纺织服饰,服装家纺,801132
300840,纺织服饰,服装家纺,801132
300901,纺织服饰,服装家纺,801132
300952,纺织服饰,服装家纺,801132
301088,纺织服饰,服装家纺,801132
600107,纺织服饰,服装家纺,801132
600177,纺织服饰,服装家纺,801132
600398,纺织服饰,服装家纺,801132
600400,纺织服饰,服装家纺,801132
600630,纺织服饰,服装家纺,801132
601566,纺织服饰,服装家纺,801132
601718,纺织服饰,服装家纺,801132
603001,纺织服饰,服装家纺,801132
603116,纺织服饰,服装家纺,801132
603196,纺织服饰,服装家纺,801132
603365,纺织服饰,服装家纺,801132
603518,纺织服饰,服装家纺,801132
603557,纺织服饰,服装家纺,801132
603587,纺织服饰,服装家纺,801132
603608,纺织服饰,服装家纺,801132
603665,纺织服饰,服装家纺,801132
603808,纺织服饰,服装家纺,801132
603839,纺织服饰,服装家纺,801132
603877,纺织服饰,服装家纺,801132
603908,纺织服饰,服装家纺,801132
603958,纺织服饰,服装家纺,801132
605003,纺织服饰,服装家纺,801132
605138,纺织服饰,服装家纺,801132
301276,纺织服饰,服装家纺,801132
603307,纺织服饰,服装家纺,801132
001234,纺织服饰,服装家纺,801132
002193,纺织服饰,服装家纺,801132
002404,纺织服饰,服装家纺,801132
002486,纺织服饰,服装家纺,801132
002634,纺织服饰,服装家纺,801132
002763,纺织服饰,服装家纺,801132
600137,纺织服饰,服装家纺,801132
603511,纺织服饰,服装家纺,801132
001209,纺织服饰,服装家纺,801132
002345,纺织服饰,饰品,801133
002574,纺织服饰,饰品,801133
002721,纺织服饰,饰品,801133
002731,纺织服饰,饰品,801133
002867,纺织服饰,饰品,801133
300945,纺织服饰,饰品,801133
600439,纺织服饰,饰品,801133
600612,纺织服饰,饰品,801133
600735,纺织服饰,饰品,801133
600916,纺织服饰,饰品,801133
603900,纺织服饰,饰品,801133
605599,纺织服饰,饰品,801133
301177,纺织服饰,饰品,801133
000017,纺织服饰,饰品,801133
000026,纺织服饰,饰品,801133
002012,轻工制造,造纸,801143
002067,轻工制造,造纸,801143
002078,轻工制造,造纸,801143
002235,轻工制造,造纸,801143
002521,轻工制造,造纸,801143
600103,轻工制造,造纸,801143
600235,轻工制造,造纸,801143
600308,轻工制造,造纸,801143
600356,轻工制造,造纸,801143
600433,轻工制造,造纸,801143
600567,轻工制造,造纸,801143
600793,轻工制造,造纸,801143
600963,轻工制造,造纸,801143
600966,轻工制造,造纸,801143
603165,轻工制造,造纸,801143
603733,轻工制造,造纸,801143
603863,轻工制造,造纸,801143
605007,轻工制造,造纸,801143
605377,轻工制造,造纸,801143
605500,轻工制造,造纸,801143
301469,轻工制造,造纸,801143
603284,轻工制造,造纸,801143
000488,轻工制造,造纸,801143
000812,轻工制造,包装印刷,801141
002014,轻工制造,包装印刷,801141
002117,轻工制造,包装印刷,801141
002191,轻工制造,包装印刷,801141
002228,轻工制造,包装印刷,801141
002303,轻工制造,包装印刷,801141
002374,轻工制造,包装印刷,801141
002565,轻工制造,包装印刷,801141
002599,轻工制造,包装印刷,801141
002701,轻工制造,包装印刷,801141
002735,轻工制造,包装印刷,801141
002752,轻工制造,包装印刷,801141
002787,轻工制造,包装印刷,801141
002799,轻工制造,包装印刷,801141
002831,轻工制造,包装印刷,801141
002836,轻工制造,包装印刷,801141
002846,轻工制造,包装印刷,801141
002969,轻工制造,包装印刷,801141
003003,轻工制造,包装印刷,801141
003018,轻工制造,包装印刷,801141
300501,轻工制造,包装印刷,801141
300883,轻工制造,包装印刷,801141
301062,轻工制造,包装印刷,801141
301198,轻工制造,包装印刷,801141
600210,轻工制造,包装印刷,801141
601515,轻工制造,包装印刷,801141
601968,轻工制造,包装印刷,801141
603022,轻工制造,包装印刷,801141
603058,轻工制造,包装印刷,801141
603429,轻工制造,包装印刷,801141
603499,轻工制造,包装印刷,801141
603607,轻工制造,包装印刷,801141
603687,轻工制造,包装印刷,801141
600076,轻工制造,包装印刷,801141
301296,轻工制造,包装印刷,801141
301223,轻工制造,包装印刷,801141
301355,轻工制造,包装印刷,801141
603091,轻工制造,包装印刷,801141
001279,轻工制造,包装印刷,801141
000659,轻工制造,包装印刷,801141
001211,轻工制造,家居用品,801142
001216,轻工制造,家居用品,801142
002084,轻工制造,家居用品,801142
002162,轻工制造,家居用品,801142
002489,轻工制造,家居用品,801142
002571,轻工制造,家居用品,801142
002572,轻工制造,家居用品,801142
002615,轻工制造,家居用品,801142
002790,轻工制造,家居用品,801142
002798,轻工制造,家居用品,801142
002853,轻工制造,家居用品,801142
002918,轻工制造,家居用品,801142
003011,轻工制造,家居用品,801142
003012,轻工制造,家居用品,801142
300616,轻工制造,家居用品,801142
300640,轻工制造,家居用品,801142
300729,轻工制造,家居用品,801142
300749,轻工制造,家居用品,801142
300993,轻工制造,家居用品,801142
301004,轻工制造,家居用品,801142
301055,轻工制造,家居用品,801142
301061,轻工制造,家居用品,801142
301113,轻工制造,家居用品,801142
301193,轻工制造,家居用品,801142
600337,轻工制造,家居用品,801142
603008,轻工制造,家居用品,801142
603021,轻工制造,家居用品,801142
603180,轻工制造,家居用品,801142
603195,轻工制造,家居用品,801142
603208,轻工制造,家居用品,801142
603221,轻工制造,家居用品,801142
603226,轻工制造,家居用品,801142
603313,轻工制造,家居用品,801142
603326,轻工制造,家居用品,801142
603385,轻工制造,家居用品,801142
603389,轻工制造,家居用品,801142
603408,轻工制造,家居用品,801142
603600,轻工制造,家居用品,801142
603610,轻工制造,家居用品,801142
603615,轻工制造,家居用品,801142
603661,轻工制造,家居用品,801142
603709,轻工制造,家居用品,801142
603801,轻工制造,家居用品,801142
603816,轻工制造,家居用品,801142
603818,轻工制造,家居用品,801142
603833,轻工制造,家居用品,801142
603838,轻工制造,家居用品,801142
603848,轻工制造,家居用品,801142
603898,轻工制造,家居用品,801142
603992,轻工制造,家居用品,801142
605099,轻工制造,家居用品,801142
605155,轻工制造,家居用品,801142
605268,轻工制造,家居用品,801142
603216,轻工制造,家居用品,801142
603272,轻工制造,家居用品,801142
601996,轻工制造,家居用品,801142
001323,轻工制造,家居用品,801142
301336,轻工制造,家居用品,801142
301227,轻工制造,家居用品,801142
001322,轻工制造,家居用品,801142
301356,轻工制造,家居用品,801142
301376,轻工制造,家居用品,801142
301588,轻工制造,家居用品,801142
603725,轻工制造,家居用品,801142
001356,轻工制造,家居用品,801142
301501,轻工制造,家居用品,801142
301595,轻工制造,家居用品,801142
001221,轻工制造,家居用品,801142
002631,轻工制造,家居用品,801142
301575,轻工制造,家居用品,801142
001386,轻工制造,家居用品,801142
688087,轻工制造,家居用品,801142
000910,轻工制造,家居用品,801142
002348,轻工制造,文娱用品,801145
002678,轻工制造,文娱用品,801145
002862,轻工制造,文娱用品,801145
002899,轻工制造,文娱用品,801145
300329,轻工制造,文娱用品,801145
300703,轻工制造,文娱用品,801145
603899,轻工制造,文娱用品,801145
605080,轻工制造,文娱用品,801145
605299,轻工制造,文娱用品,801145
301101,轻工制造,文娱用品,801145
002103,轻工制造,文娱用品,801145
301011,轻工制造,文娱用品,801145
001222,轻工制造,文娱用品,801145
001238,轻工制造,文娱用品,801145
001300,轻工制造,文娱用品,801145
301335,轻工制造,文娱用品,801145
001368,轻工制造,文娱用品,801145
301287,轻工制造,文娱用品,801145
300651,轻工制造,文娱用品,801145
002301,轻工制造,文娱用品,801145
000513,医药生物,化学制药,801151
000566,医药生物,化学制药,801151
000597,医药生物,化学制药,801151
000739,医药生物,化学制药,801151
000756,医药生物,化学制药,801151
000766,医药生物,化学制药,801151
000788,医药生物,化学制药,801151
000813,医药生物,化学制药,801151
000908,医药生物,化学制药,801151
000915,医药生物,化学制药,801151
000931,医药生物,化学制药,801151
000952,医药生物,化学制药,801151
000963,医药生物,化学制药,801151
002004,医药生物,化学制药,801151
002019,医药生物,化学制药,801151
002020,医药生物,化学制药,801151
002099,医药生物,化学制药,801151
002102,医药生物,化学制药,801151
002262,医药生物,化学制药,801151
002294,医药生物,化学制药,801151
002365,医药生物,化学制药,801151
002370,医药生物,化学制药,801151
002393,医药生物,化学制药,801151
002422,医药生物,化学制药,801151
002437,医药生物,化学制药,801151
002550,医药生物,化学制药,801151
002653,医药生物,化学制药,801151
002675,医药生物,化学制药,801151
002755,医药生物,化学制药,801151
002793,医药生物,化学制药,801151
002826,医药生物,化学制药,801151
002900,医药生物,化学制药,801151
002923,医药生物,化学制药,801151
002940,医药生物,化学制药,801151
003020,医药生物,化学制药,801151
300006,医药生物,化学制药,801151
300016,医药生物,化学制药,801151
300086,医药生物,化学制药,801151
300110,医药生物,化学制药,801151
300194,医药生物,化学制药,801151
300199,医药生物,化学制药,801151
300233,医药生物,化学制药,801151
300254,医药生物,化学制药,801151
300255,医药生物,化学制药,801151
300267,医药生物,化学制药,801151
300381,医药生物,化学制药,801151
300401,医药生物,化学制药,801151
300434,医药生物,化学制药,801151
300436,医药生物,化学制药,801151
300452,医药生物,化学制药,801151
300497,医药生物,化学制药,801151
300558,医药生物,化学制药,801151
300573,医药生物,化学制药,801151
300583,医药生物,化学制药,801151
300584,医药生物,化学制药,801151
300636,医药生物,化学制药,801151
300702,医药生物,化学制药,801151
300705,医药生物,化学制药,801151
300723,医药生物,化学制药,801151
300765,医药生物,化学制药,801151
300966,医药生物,化学制药,801151
301075,医药生物,化学制药,801151
301089,医药生物,化学制药,801151
301211,医药生物,化学制药,801151
600062,医药生物,化学制药,801151
600079,医药生物,化学制药,801151
600196,医药生物,化学制药,801151
600216,医药生物,化学制药,801151
600276,医药生物,化学制药,801151
600380,医药生物,化学制药,801151
600420,医药生物,化学制药,801151
600513,医药生物,化学制药,801151
600521,医药生物,化学制药,801151
600613,医药生物,化学制药,801151
600624,医药生物,化学制药,801151
600664,医药生物,化学制药,801151
600789,医药生物,化学制药,801151
600812,医药生物,化学制药,801151
600851,医药生物,化学制药,801151
603168,医药生物,化学制药,801151
603229,医药生物,化学制药,801151
603351,医药生物,化学制药,801151
603367,医药生物,化学制药,801151
603520,医药生物,化学制药,801151
603538,医药生物,化学制药,801151
603669,医药生物,化学制药,801151
603676,医药生物,化学制药,801151
603707,医药生物,化学制药,801151
603811,医药生物,化学制药,801151
605116,医药生物,化学制药,801151
605177,医药生物,化学制药,801151
605507,医药生物,化学制药,801151
688091,医药生物,化学制药,801151
688117,医药生物,化学制药,801151
688189,医药生物,化学制药,801151
688192,医药生物,化学制药,801151
688221,医药生物,化学制药,801151
688266,医药生物,化学制药,801151
688321,医药生物,化学制药,801151
688356,医药生物,化学制药,801151
688505,医药生物,化学制药,801151
688513,医药生物,化学制药,801151
688553,医药生物,化学制药,801151
688566,医药生物,化学制药,801151
688578,医药生物,化学制药,801151
688658,医药生物,化学制药,801151
688690,医药生物,化学制药,801151
688799,医药生物,化学制药,801151
688176,医药生物,化学制药,801151
688062,医药生物,化学制药,801151
301130,医药生物,化学制药,801151
688197,医药生物,化学制药,801151
301258,医药生物,化学制药,801151
301263,医药生物,化学制药,801151
688302,医药生物,化学制药,801151
601089,医药生物,化学制药,801151
688382,医药生物,化学制药,801151
000919,医药生物,化学制药,801151
000953,医药生物,化学制药,801151
002332,医药生物,化学制药,801151
002693,医药生物,化学制药,801151
002742,医药生物,化学制药,801151
002817,医药生物,化学制药,801151
002872,医药生物,化学制药,801151
300111,医药生物,化学制药,801151
300204,医药生物,化学制药,801151
301065,医药生物,化学制药,801151
600267,医药生物,化学制药,801151
600488,医药生物,化学制药,801151
600774,医药生物,化学制药,801151
688166,医药生物,化学制药,801151
688373,医药生物,化学制药,801151
688247,医药生物,化学制药,801151
688428,医药生物,化学制药,801151
301277,医药生物,化学制药,801151
688506,医药生物,化学制药,801151
301246,医药生物,化学制药,801151
301281,医药生物,化学制药,801151
001367,医药生物,化学制药,801151
301507,医药生物,化学制药,801151
688235,医药生物,化学制药,801151
002038,医药生物,化学制药,801151
002399,医药生物,化学制药,801151
301301,医药生物,化学制药,801151
603207,医药生物,化学制药,801151
688076,医药生物,化学制药,801151
688758,医药生物,化学制药,801151
688759,医药生物,化学制药,801151
000153,医药生物,化学制药,801151
000538,医药生物,中药Ⅱ,801155
000590,医药生物,中药Ⅱ,801155
000650,医药生物,中药Ⅱ,801155
000790,医药生物,中药Ⅱ,801155
000989,医药生物,中药Ⅱ,801155
000999,医药生物,中药Ⅱ,801155
002107,医药生物,中药Ⅱ,801155
002198,医药生物,中药Ⅱ,801155
002275,医药生物,中药Ⅱ,801155
002287,医药生物,中药Ⅱ,801155
002317,医药生物,中药Ⅱ,801155
002349,医药生物,中药Ⅱ,801155
002390,医药生物,中药Ⅱ,801155
002412,医药生物,中药Ⅱ,801155
002424,医药生物,中药Ⅱ,801155
002566,医药生物,中药Ⅱ,801155
002603,医药生物,中药Ⅱ,801155
002644,医药生物,中药Ⅱ,801155
002728,医药生物,中药Ⅱ,801155
002737,医药生物,中药Ⅱ,801155
002864,医药生物,中药Ⅱ,801155
002873,医药生物,中药Ⅱ,801155
002907,医药生物,中药Ⅱ,801155
300026,医药生物,中药Ⅱ,801155
300039,医药生物,中药Ⅱ,801155
300147,医药生物,中药Ⅱ,801155
300181,医药生物,中药Ⅱ,801155
300519,医药生物,中药Ⅱ,801155
300534,医药生物,中药Ⅱ,801155
300878,医药生物,中药Ⅱ,801155
600080,医药生物,中药Ⅱ,801155
600085,医药生物,中药Ⅱ,801155
600129,医药生物,中药Ⅱ,801155
600222,医药生物,中药Ⅱ,801155
600252,医药生物,中药Ⅱ,801155
600285,医药生物,中药Ⅱ,801155
600329,医药生物,中药Ⅱ,801155
600332,医药生物,中药Ⅱ,801155
600351,医药生物,中药Ⅱ,801155
600422,医药生物,中药Ⅱ,801155
600436,医药生物,中药Ⅱ,801155
600479,医药生物,中药Ⅱ,801155
600518,医药生物,中药Ⅱ,801155
600535,医药生物,中药Ⅱ,801155
600557,医药生物,中药Ⅱ,801155
600566,医药生物,中药Ⅱ,801155
600572,医药生物,中药Ⅱ,801155
600594,医药生物,中药Ⅱ,801155
600671,医药生物,中药Ⅱ,801155
600750,医药生物,中药Ⅱ,801155
600771,医药生物,中药Ⅱ,801155
600976,医药生物,中药Ⅱ,801155
600993,医药生物,中药Ⅱ,801155
603139,医药生物,中药Ⅱ,801155
603439,医药生物,中药Ⅱ,801155
603567,医药生物,中药Ⅱ,801155
603858,医药生物,中药Ⅱ,801155
603896,医药生物,中药Ⅱ,801155
603998,医药生物,中药Ⅱ,801155
605199,医药生物,中药Ⅱ,801155
000623,医药生物,中药Ⅱ,801155
002082,医药生物,中药Ⅱ,801155
301111,医药生物,中药Ⅱ,801155
301331,医药生物,中药Ⅱ,801155
300158,医药生物,中药Ⅱ,801155
000423,医药生物,中药Ⅱ,801155
000518,医药生物,生物制品,801152
000534,医药生物,生物制品,801152
000661,医药生物,生物制品,801152
002252,医药生物,生物制品,801152
002581,医药生物,生物制品,801152
002880,医药生物,生物制品,801152
300009,医药生物,生物制品,801152
300122,医药生物,生物制品,801152
300142,医药生物,生物制品,801152
300239,医药生物,生物制品,801152
300294,医药生物,生物制品,801152
300357,医药生物,生物制品,801152
300485,医药生物,生物制品,801152
300601,医药生物,生物制品,801152
300841,医药生物,生物制品,801152
600161,医药生物,生物制品,801152
600739,医药生物,生物制品,801152
600867,医药生物,生物制品,801152
603087,医药生物,生物制品,801152
603590,医药生物,生物制品,801152
688136,医药生物,生物制品,801152
688177,医药生物,生物制品,801152
688180,医药生物,生物制品,801152
688185,医药生物,生物制品,801152
688276,医药生物,生物制品,801152
688278,医药生物,生物制品,801152
688319,医药生物,生物制品,801152
688336,医药生物,生物制品,801152
688488,医药生物,生物制品,801152
688520,医药生物,生物制品,801152
688670,医药生物,生物制品,801152
688687,医药生物,生物制品,801152
688739,医药生物,生物制品,801152
301166,医药生物,生物制品,801152
301207,医药生物,生物制品,801152
688163,医药生物,生物制品,801152
688331,医药生物,生物制品,801152
002007,医药生物,生物制品,801152
301047,医药生物,生物制品,801152
301080,医药生物,生物制品,801152
688105,医药生物,生物制品,801152
688293,医药生物,生物制品,801152
688137,医药生物,生物制品,801152
688443,医药生物,生物制品,801152
600211,医药生物,生物制品,801152
301393,医药生物,生物制品,801152
002773,医药生物,生物制品,801152
300318,医药生物,生物制品,801152
688765,医药生物,生物制品,801152
688806,医药生物,生物制品,801152
000403,医药生物,生物制品,801152
000078,医药生物,医药商业,801154
000411,医药生物,医药商业,801154
000705,医药生物,医药商业,801154
000950,医药生物,医药商业,801154
002462,医药生物,医药商业,801154
002589,医药生物,医药商业,801154
002727,医药生物,医药商业,801154
002788,医药生物,医药商业,801154
300937,医药生物,医药商业,801154
301015,医药生物,医药商业,801154
301017,医药生物,医药商业,801154
301126,医药生物,医药商业,801154
600056,医药生物,医药商业,801154
600272,医药生物,医药商业,801154
600511,医药生物,医药商业,801154
600538,医药生物,医药商业,801154
600713,医药生物,医药商业,801154
600829,医药生物,医药商业,801154
600833,医药生物,医药商业,801154
600998,医药生物,医药商业,801154
601607,医药生物,医药商业,801154
603233,医药生物,医药商业,801154
603368,医药生物,医药商业,801154
603716,医药生物,医药商业,801154
603883,医药生物,医药商业,801154
603939,医药生物,医药商业,801154
605266,医药生物,医药商业,801154
603122,医药生物,医药商业,801154
603108,医药生物,医药商业,801154
301408,医药生物,医药商业,801154
301584,医药生物,医药商业,801154
000028,医药生物,医药商业,801154
002030,医药生物,医疗器械,801153
002223,医药生物,医疗器械,801153
002382,医药生物,医疗器械,801153
002551,医药生物,医疗器械,801153
002901,医药生物,医疗器械,801153
002932,医药生物,医疗器械,801153
002950,医药生物,医疗器械,801153
300003,医药生物,医疗器械,801153
300030,医药生物,医疗器械,801153
300049,医药生物,医疗器械,801153
300171,医药生物,医疗器械,801153
300206,医药生物,医疗器械,801153
300238,医药生物,医疗器械,801153
300246,医药生物,医疗器械,801153
300289,医药生物,医疗器械,801153
300298,医药生物,医疗器械,801153
300314,医药生物,医疗器械,801153
300326,医药生物,医疗器械,801153
300358,医药生物,医疗器械,801153
300396,医药生物,医疗器械,801153
300406,医药生物,医疗器械,801153
300439,医药生物,医疗器械,801153
300453,医药生物,医疗器械,801153
300463,医药生物,医疗器械,801153
300482,医药生物,医疗器械,801153
300529,医药生物,医疗器械,801153
300562,医药生物,医疗器械,801153
300595,医药生物,医疗器械,801153
300633,医药生物,医疗器械,801153
300639,医药生物,医疗器械,801153
300642,医药生物,医疗器械,801153
300653,医药生物,医疗器械,801153
300677,医药生物,医疗器械,801153
300685,医药生物,医疗器械,801153
300753,医药生物,医疗器械,801153
300760,医药生物,医疗器械,801153
300832,医药生物,医疗器械,801153
300869,医药生物,医疗器械,801153
300942,医药生物,医疗器械,801153
300981,医药生物,医疗器械,801153
301033,医药生物,医疗器械,801153
301093,医药生物,医疗器械,801153
600055,医药生物,医疗器械,801153
600529,医药生物,医疗器械,801153
600587,医药生物,医疗器械,801153
600645,医药生物,医疗器械,801153
603222,医药生物,医疗器械,801153
603301,医药生物,医疗器械,801153
603309,医药生物,医疗器械,801153
603387,医药生物,医疗器械,801153
603658,医药生物,医疗器械,801153
603880,医药生物,医疗器械,801153
603976,医药生物,医疗器械,801153
603987,医药生物,医疗器械,801153
605369,医药生物,医疗器械,801153
688013,医药生物,医疗器械,801153
688016,医药生物,医疗器械,801153
688029,医药生物,医疗器械,801153
688050,医药生物,医疗器械,801153
688067,医药生物,医疗器械,801153
688068,医药生物,医疗器械,801153
688075,医药生物,医疗器械,801153
688085,医药生物,医疗器械,801153
688108,医药生物,医疗器械,801153
688139,医药生物,医疗器械,801153
688161,医药生物,医疗器械,801153
688198,医药生物,医疗器械,801153
688212,医药生物,医疗器械,801153
688217,医药生物,医疗器械,801153
688277,医药生物,医疗器械,801153
688289,医药生物,医疗器械,801153
688298,医药生物,医疗器械,801153
688301,医药生物,医疗器械,801153
688314,医药生物,医疗器械,801153
688317,医药生物,医疗器械,801153
688338,医药生物,医疗器械,801153
688358,医药生物,医疗器械,801153
688366,医药生物,医疗器械,801153
688389,医药生物,医疗器械,801153
688393,医药生物,医疗器械,801153
688399,医药生物,医疗器械,801153
688468,医药生物,医疗器械,801153
688575,医药生物,医疗器械,801153
688580,医药生物,医疗器械,801153
688606,医药生物,医疗器械,801153
688607,医药生物,医疗器械,801153
688613,医药生物,医疗器械,801153
688617,医药生物,医疗器械,801153
688626,医药生物,医疗器械,801153
688656,医药生物,医疗器械,801153
688677,医药生物,医疗器械,801153
688767,医药生物,医疗器械,801153
688236,医药生物,医疗器械,801153
301122,医药生物,医疗器械,801153
301235,医药生物,医疗器械,801153
688193,医药生物,医疗器械,801153
301097,医药生物,医疗器械,801153
301234,医药生物,医疗器械,801153
688253,医药生物,医疗器械,801153
002432,医药生物,医疗器械,801153
301087,医药生物,医疗器械,801153
688026,医药生物,医疗器械,801153
688151,医药生物,医疗器械,801153
688273,医药生物,医疗器械,801153
688271,医药生物,医疗器械,801153
688351,医药生物,医疗器械,801153
688114,医药生物,医疗器械,801153
301363,医药生物,医疗器械,801153
301367,医药生物,医疗器械,801153
301290,医药生物,医疗器械,801153
688410,医药生物,医疗器械,801153
688581,医药生物,医疗器械,801153
300341,医药生物,医疗器械,801153
301370,医药生物,医疗器械,801153
301515,医药生物,医疗器械,801153
301580,医药生物,医疗器械,801153
688426,医药生物,医疗器械,801153
688576,医药生物,医疗器械,801153
603205,医药生物,医疗器械,801153
301188,医药生物,医疗器械,801153
301602,医药生物,医疗器械,801153
688755,医药生物,医疗器械,801153
603014,医药生物,医疗器械,801153
688805,医药生物,医疗器械,801153
603718,医药生物,医疗器械,801153
688712,医药生物,医疗器械,801153
300430,医药生物,医疗器械,801153
603392,医药生物,医疗器械,801153
002022,医药生物,医疗器械,801153
000516,医药生物,医疗服务,801156
002044,医药生物,医疗服务,801156
002173,医药生物,医疗服务,801156
002219,医药生物,医疗服务,801156
002524,医药生物,医疗服务,801156
002821,医药生物,医疗服务,801156
300015,医药生物,医疗服务,801156
300143,医药生物,医疗服务,801156
300149,医药生物,医疗服务,801156
300244,医药生物,医疗服务,801156
300347,医药生物,医疗服务,801156
300363,医药生物,医疗服务,801156
300404,医药生物,医疗服务,801156
300725,医药生物,医疗服务,801156
300759,医药生物,医疗服务,801156
301060,医药生物,医疗服务,801156
600568,医药生物,医疗服务,801156
600721,医药生物,医疗服务,801156
600763,医药生物,医疗服务,801156
603127,医药生物,医疗服务,801156
603259,医药生物,医疗服务,801156
603882,医药生物,医疗服务,801156
688202,医药生物,医疗服务,801156
688222,医药生物,医疗服务,801156
688315,医药生物,医疗服务,801156
688621,医药生物,医疗服务,801156
301096,医药生物,医疗服务,801156
688265,医药生物,医疗服务,801156
301201,医药生物,医疗服务,801156
301103,医药生物,医疗服务,801156
688238,医药生物,医疗服务,801156
688046,医药生物,医疗服务,801156
301257,医药生物,医疗服务,801156
301239,医药生物,医疗服务,801156
000710,医药生物,医疗服务,801156
002172,医药生物,医疗服务,801156
300676,医药生物,医疗服务,801156
688131,医药生物,医疗服务,801156
301333,医药生物,医疗服务,801156
688073,医药生物,医疗服务,801156
301230,医药生物,医疗服务,801156
301267,医药生物,医疗服务,801156
301293,医药生物,医疗服务,801156
002622,医药生物,医疗服务,801156
603456,医药生物,医疗服务,801156
301509,医药生物,医疗服务,801156
301520,医药生物,医疗服务,801156
300683,医药生物,医疗服务,801156
688710,医药生物,医疗服务,801156
688796,医药生物,医疗服务,801156
000504,医药生物,医疗服务,801156
000155,公用事业,电力,801161
000531,公用事业,电力,801161
000539,公用事业,电力,801161
000543,公用事业,电力,801161
000591,公用事业,电力,801161
000600,公用事业,电力,801161
000601,公用事业,电力,801161
000690,公用事业,电力,801161
000692,公用事业,电力,801161
000722,公用事业,电力,801161
000767,公用事业,电力,801161
000791,公用事业,电力,801161
000862,公用事业,电力,801161
000875,公用事业,电力,801161
000883,公用事业,电力,801161
000899,公用事业,电力,801161
000966,公用事业,电力,801161
000993,公用事业,电力,801161
001210,公用事业,电力,801161
001896,公用事业,电力,801161
002015,公用事业,电力,801161
002039,公用事业,电力,801161
002256,公用事业,电力,801161
002479,公用事业,电力,801161
002608,公用事业,电力,801161
002616,公用事业,电力,801161
002617,公用事业,电力,801161
002893,公用事业,电力,801161
003035,公用事业,电力,801161
003816,公用事业,电力,801161
300125,公用事业,电力,801161
300317,公用事业,电力,801161
300335,公用事业,电力,801161
600011,公用事业,电力,801161
600021,公用事业,电力,801161
600023,公用事业,电力,801161
600025,公用事业,电力,801161
600027,公用事业,电力,801161
600032,公用事业,电力,801161
600098,公用事业,电力,801161
600101,公用事业,电力,801161
600116,公用事业,电力,801161
600149,公用事业,电力,801161
600163,公用事业,电力,801161
600167,公用事业,电力,801161
600236,公用事业,电力,801161
600310,公用事业,电力,801161
600396,公用事业,电力,801161
600452,公用事业,电力,801161
600483,公用事业,电力,801161
600505,公用事业,电力,801161
600509,公用事业,电力,801161
600578,公用事业,电力,801161
600642,公用事业,电力,801161
600644,公用事业,电力,801161
600674,公用事业,电力,801161
600719,公用事业,电力,801161
600726,公用事业,电力,801161
600744,公用事业,电力,801161
600780,公用事业,电力,801161
600795,公用事业,电力,801161
600863,公用事业,电力,801161
600886,公用事业,电力,801161
600900,公用事业,电力,801161
600905,公用事业,电力,801161
600956,公用事业,电力,801161
600969,公用事业,电力,801161
600979,公用事业,电力,801161
600982,公用事业,电力,801161
600995,公用事业,电力,801161
601016,公用事业,电力,801161
601619,公用事业,电力,801161
601778,公用事业,电力,801161
601908,公用事业,电力,801161
601985,公用事业,电力,801161
601991,公用事业,电力,801161
603105,公用事业,电力,801161
603693,公用事业,电力,801161
605011,公用事业,电力,801161
605028,公用事业,电力,801161
605162,公用事业,电力,801161
605580,公用事业,电力,801161
001289,公用事业,电力,801161
001258,公用事业,电力,801161
000037,公用事业,电力,801161
600226,公用事业,电力,801161
600821,公用事业,电力,801161
000537,公用事业,电力,801161
001286,公用事业,电力,801161
000507,公用事业,电力,801161
002480,公用事业,电力,801161
600052,公用事业,电力,801161
001376,公用事业,电力,801161
002218,公用事业,电力,801161
300040,公用事业,电力,801161
600475,公用事业,电力,801161
600868,公用事业,电力,801161
002053,公用事业,电力,801161
600930,公用事业,电力,801161
000595,公用事业,电力,801161
000631,公用事业,电力,801161
000958,公用事业,电力,801161
001248,公用事业,电力,801161
002310,公用事业,电力,801161
600157,公用事业,电力,801161
600292,公用事业,电力,801161
600575,公用事业,电力,801161
603071,公用事业,电力,801161
000027,公用事业,电力,801161
000593,公用事业,燃气Ⅱ,801163
000669,公用事业,燃气Ⅱ,801163
002259,公用事业,燃气Ⅱ,801163
002267,公用事业,燃气Ⅱ,801163
002700,公用事业,燃气Ⅱ,801163
002911,公用事业,燃气Ⅱ,801163
300332,公用事业,燃气Ⅱ,801163
300483,公用事业,燃气Ⅱ,801163
600333,公用事业,燃气Ⅱ,801163
600617,公用事业,燃气Ⅱ,801163
600635,公用事业,燃气Ⅱ,801163
600681,公用事业,燃气Ⅱ,801163
600803,公用事业,燃气Ⅱ,801163
600903,公用事业,燃气Ⅱ,801163
600917,公用事业,燃气Ⅱ,801163
601139,公用事业,燃气Ⅱ,801163
603053,公用事业,燃气Ⅱ,801163
603080,公用事业,燃气Ⅱ,801163
603318,公用事业,燃气Ⅱ,801163
603393,公用事业,燃气Ⅱ,801163
603689,公用事业,燃气Ⅱ,801163
603706,公用事业,燃气Ⅱ,801163
605090,公用事业,燃气Ⅱ,801163
605169,公用事业,燃气Ⅱ,801163
605368,公用事业,燃气Ⅱ,801163
001331,公用事业,燃气Ⅱ,801163
001299,公用事业,燃气Ⅱ,801163
000407,公用事业,燃气Ⅱ,801163
000906,交通运输,物流,801178
001202,交通运输,物流,801178
002010,交通运输,物流,801178
002120,交通运输,物流,801178
002352,交通运输,物流,801178
002468,交通运输,物流,801178
002492,交通运输,物流,801178
002682,交通运输,物流,801178
002769,交通运输,物流,801178
002889,交通运输,物流,801178
002930,交通运输,物流,801178
300013,交通运输,物流,801178
300240,交通运输,物流,801178
300350,交通运输,物流,801178
300873,交通运输,物流,801178
600057,交通运输,物流,801178
600119,交通运输,物流,801178
600153,交通运输,物流,801178
600180,交通运输,物流,801178
600233,交通运输,物流,801178
600704,交通运输,物流,801178
600753,交通运输,物流,801178
600755,交通运输,物流,801178
600787,交通运输,物流,801178
600794,交通运输,物流,801178
601156,交通运输,物流,801178
601598,交通运输,物流,801178
603117,交通运输,物流,801178
603128,交通运输,物流,801178
603329,交通运输,物流,801178
603535,交通运输,物流,801178
603569,交通运输,物流,801178
603648,交通运输,物流,801178
603713,交通运输,物流,801178
603813,交通运输,物流,801178
603836,交通运输,物流,801178
603871,交通运输,物流,801178
603967,交通运输,物流,801178
605050,交通运输,物流,801178
001228,交通运输,物流,801178
603066,交通运输,物流,801178
001391,交通运输,物流,801178
002485,交通运输,物流,801178
600603,交通运输,物流,801178
001220,交通运输,物流,801178
002800,交通运输,物流,801178
000626,交通运输,物流,801178
000548,交通运输,铁路公路,801179
000557,交通运输,铁路公路,801179
000755,交通运输,铁路公路,801179
000828,交通运输,铁路公路,801179
000900,交通运输,铁路公路,801179
001213,交通运输,铁路公路,801179
001317,交通运输,铁路公路,801179
001965,交通运输,铁路公路,801179
002357,交通运输,铁路公路,801179
600012,交通运输,铁路公路,801179
600020,交通运输,铁路公路,801179
600033,交通运输,铁路公路,801179
600035,交通运输,铁路公路,801179
600106,交通运输,铁路公路,801179
600125,交通运输,铁路公路,801179
600269,交通运输,铁路公路,801179
600350,交通运输,铁路公路,801179
600368,交通运输,铁路公路,801179
600377,交通运输,铁路公路,801179
600548,交通运输,铁路公路,801179
600561,交通运输,铁路公路,801179
600611,交通运输,铁路公路,801179
600650,交通运输,铁路公路,801179
600834,交通运输,铁路公路,801179
601006,交通运输,铁路公路,801179
601107,交通运输,铁路公路,801179
601188,交通运输,铁路公路,801179
601333,交通运输,铁路公路,801179
601518,交通运输,铁路公路,801179
601816,交通运输,铁路公路,801179
603069,交通运输,铁路公路,801179
000886,交通运输,铁路公路,801179
000429,交通运输,铁路公路,801179
000099,交通运输,航空机场,801991
002928,交通运输,航空机场,801991
600004,交通运输,航空机场,801991
600009,交通运输,航空机场,801991
600029,交通运输,航空机场,801991
600115,交通运输,航空机场,801991
600221,交通运输,航空机场,801991
600897,交通运输,航空机场,801991
601021,交通运输,航空机场,801991
601111,交通运输,航空机场,801991
603885,交通运输,航空机场,801991
000089,交通运输,航空机场,801991
000520,交通运输,航运港口,801992
000582,交通运输,航运港口,801992
000905,交通运输,航运港口,801992
001205,交通运输,航运港口,801992
001872,交通运输,航运港口,801992
002040,交通运输,航运港口,801992
002320,交通运输,航运港口,801992
600017,交通运输,航运港口,801992
600018,交通运输,航运港口,801992
600026,交通运输,航运港口,801992
600179,交通运输,航运港口,801992
600279,交通运输,航运港口,801992
600428,交通运输,航运港口,801992
600717,交通运输,航运港口,801992
600798,交通运输,航运港口,801992
601000,交通运输,航运港口,801992
601008,交通运输,航运港口,801992
601018,交通运输,航运港口,801992
601228,交通运输,航运港口,801992
601298,交通运输,航运港口,801992
601326,交通运输,航运港口,801992
601866,交通运输,航运港口,801992
601872,交通运输,航运港口,801992
601880,交通运输,航运港口,801992
601919,交通运输,航运港口,801992
601975,交通运输,航运港口,801992
603167,交通运输,航运港口,801992
603565,交通运输,航运港口,801992
603209,交通运输,航运港口,801992
601022,交通运输,航运港口,801992
603162,交通运输,航运港口,801992
601083,交通运输,航运港口,801992
600751,交通运输,航运港口,801992
000088,交通运输,航运港口,801992
000006,房地产,房地产开发,801181
000011,房地产,房地产开发,801181
000014,房地产,房地产开发,801181
000029,房地产,房地产开发,801181
000031,房地产,房地产开发,801181
000036,房地产,房地产开发,801181
000042,房地产,房地产开发,801181
000069,房地产,房地产开发,801181
000090,房地产,房地产开发,801181
000402,房地产,房地产开发,801181
000514,房地产,房地产开发,801181
000517,房地产,房地产开发,801181
000573,房地产,房地产开发,801181
000608,房地产,房地产开发,801181
000609,房地产,房地产开发,801181
000620,房地产,房地产开发,801181
000656,房地产,房地产开发,801181
000718,房地产,房地产开发,801181
000736,房地产,房地产开发,801181
000797,房地产,房地产开发,801181
000838,房地产,房地产开发,801181
000863,房地产,房地产开发,801181
000897,房地产,房地产开发,801181
000909,房地产,房地产开发,801181
000926,房地产,房地产开发,801181
000965,房地产,房地产开发,801181
001979,房地产,房地产开发,801181
002016,房地产,房地产开发,801181
002133,房地产,房地产开发,801181
002146,房地产,房地产开发,801181
002208,房地产,房地产开发,801181
002244,房地产,房地产开发,801181
002305,房地产,房地产开发,801181
002314,房地产,房地产开发,801181
600007,房地产,房地产开发,801181
600048,房地产,房地产开发,801181
600064,房地产,房地产开发,801181
600082,房地产,房地产开发,801181
600094,房地产,房地产开发,801181
600159,房地产,房地产开发,801181
600162,房地产,房地产开发,801181
600173,房地产,房地产开发,801181
600208,房地产,房地产开发,801181
600246,房地产,房地产开发,801181
600266,房地产,房地产开发,801181
600322,房地产,房地产开发,801181
600325,房地产,房地产开发,801181
600340,房地产,房地产开发,801181
600376,房地产,房地产开发,801181
600383,房地产,房地产开发,801181
600463,房地产,房地产开发,801181
600503,房地产,房地产开发,801181
600510,房地产,房地产开发,801181
600533,房地产,房地产开发,801181
600604,房地产,房地产开发,801181
600606,房地产,房地产开发,801181
600622,房地产,房地产开发,801181
600638,房地产,房地产开发,801181
600639,房地产,房地产开发,801181
600648,房地产,房地产开发,801181
600649,房地产,房地产开发,801181
600657,房地产,房地产开发,801181
600658,房地产,房地产开发,801181
600663,房地产,房地产开发,801181
600665,房地产,房地产开发,801181
600675,房地产,房地产开发,801181
600683,房地产,房地产开发,801181
600692,房地产,房地产开发,801181
600708,房地产,房地产开发,801181
600716,房地产,房地产开发,801181
600736,房地产,房地产开发,801181
600748,房地产,房地产开发,801181
600773,房地产,房地产开发,801181
600791,房地产,房地产开发,801181
600848,房地产,房地产开发,801181
600895,房地产,房地产开发,801181
601155,房地产,房地产开发,801181
601512,房地产,房地产开发,801181
601588,房地产,房地产开发,801181
600239,房地产,房地产开发,801181
600515,房地产,房地产开发,801181
000668,房地产,房地产开发,801181
000002,房地产,房地产开发,801181
000560,房地产,房地产服务,801183
001914,房地产,房地产服务,801183
002285,房地产,房地产服务,801183
002968,房地产,房地产服务,801183
300917,房地产,房地产服务,801183
603506,房地产,房地产服务,801183
002188,房地产,房地产服务,801183
600684,房地产,房地产服务,801183
600724,房地产,房地产服务,801183
600136,房地产,房地产服务,801183
600743,房地产,房地产服务,801183
000056,房地产,房地产服务,801183
002091,商贸零售,贸易Ⅱ,801202
600058,商贸零售,贸易Ⅱ,801202
600128,商贸零售,贸易Ⅱ,801202
600278,商贸零售,贸易Ⅱ,801202
600287,商贸零售,贸易Ⅱ,801202
600710,商贸零售,贸易Ⅱ,801202
600981,商贸零售,贸易Ⅱ,801202
601061,商贸零售,贸易Ⅱ,801202
002072,商贸零售,贸易Ⅱ,801202
002183,商贸零售,贸易Ⅱ,801202
000701,商贸零售,贸易Ⅱ,801202
000151,商贸零售,贸易Ⅱ,801202
000058,商贸零售,一般零售,801203
000061,商贸零售,一般零售,801203
000419,商贸零售,一般零售,801203
000501,商贸零售,一般零售,801203
000564,商贸零售,一般零售,801203
000715,商贸零售,一般零售,801203
000759,商贸零售,一般零售,801203
000785,商贸零售,一般零售,801203
002187,商贸零售,一般零售,801203
002251,商贸零售,一般零售,801203
002277,商贸零售,一般零售,801203
002344,商贸零售,一般零售,801203
002356,商贸零售,一般零售,801203
002419,商贸零售,一般零售,801203
002561,商贸零售,一般零售,801203
002697,商贸零售,一般零售,801203
002818,商贸零售,一般零售,801203
300947,商贸零售,一般零售,801203
600113,商贸零售,一般零售,801203
600280,商贸零售,一般零售,801203
600415,商贸零售,一般零售,801203
600605,商贸零售,一般零售,801203
600628,商贸零售,一般零售,801203
600655,商贸零售,一般零售,801203
600693,商贸零售,一般零售,801203
600694,商贸零售,一般零售,801203
600697,商贸零售,一般零售,801203
600712,商贸零售,一般零售,801203
600729,商贸零售,一般零售,801203
600778,商贸零售,一般零售,801203
600785,商贸零售,一般零售,801203
600790,商贸零售,一般零售,801203
600814,商贸零售,一般零售,801203
600824,商贸零售,一般零售,801203
600827,商贸零售,一般零售,801203
600828,商贸零售,一般零售,801203
600838,商贸零售,一般零售,801203
600857,商贸零售,一般零售,801203
600858,商贸零售,一般零售,801203
600859,商贸零售,一般零售,801203
600865,商贸零售,一般零售,801203
601010,商贸零售,一般零售,801203
601086,商贸零售,一般零售,801203
601116,商贸零售,一般零售,801203
601366,商贸零售,一般零售,801203
601828,商贸零售,一般零售,801203
601933,商贸零售,一般零售,801203
603123,商贸零售,一般零售,801203
603682,商贸零售,一般零售,801203
603708,商贸零售,一般零售,801203
605188,商贸零售,一般零售,801203
000679,商贸零售,一般零售,801203
000417,商贸零售,一般零售,801203
600327,商贸零售,一般零售,801203
603101,商贸零售,一般零售,801203
300972,商贸零售,一般零售,801203
000882,商贸零售,一般零售,801203
002177,商贸零售,一般零售,801203
600738,商贸零售,一般零售,801203
000007,商贸零售,一般零售,801203
002416,商贸零售,专业连锁Ⅱ,801204
300022,商贸零售,专业连锁Ⅱ,801204
300622,商贸零售,专业连锁Ⅱ,801204
300755,商贸零售,专业连锁Ⅱ,801204
301078,商贸零售,专业连锁Ⅱ,801204
603214,商贸零售,专业连锁Ⅱ,801204
000829,商贸零售,专业连锁Ⅱ,801204
002127,商贸零售,互联网电商,801206
002315,商贸零售,互联网电商,801206
002640,商贸零售,互联网电商,801206
002803,商贸零售,互联网电商,801206
003010,商贸零售,互联网电商,801206
300464,商贸零售,互联网电商,801206
300792,商贸零售,互联网电商,801206
301001,商贸零售,互联网电商,801206
603613,商贸零售,互联网电商,801206
605136,商贸零售,互联网电商,801206
301110,商贸零售,互联网电商,801206
300518,商贸零售,互联网电商,801206
300592,商贸零售,互联网电商,801206
600365,商贸零售,互联网电商,801206
600539,商贸零售,互联网电商,801206
301381,商贸零售,互联网电商,801206
301558,商贸零售,互联网电商,801206
002024,商贸零售,互联网电商,801206
600185,商贸零售,旅游零售Ⅱ,801207
601888,商贸零售,旅游零售Ⅱ,801207
600158,社会服务,体育Ⅱ,801216
002858,社会服务,体育Ⅱ,801216
003008,社会服务,专业服务,801218
300012,社会服务,专业服务,801218
300215,社会服务,专业服务,801218
300662,社会服务,专业服务,801218
300795,社会服务,专业服务,801218
300860,社会服务,专业服务,801218
300887,社会服务,专业服务,801218
300938,社会服务,专业服务,801218
300962,社会服务,专业服务,801218
301169,社会服务,专业服务,801218
600826,社会服务,专业服务,801218
603060,社会服务,专业服务,801218
603183,社会服务,专业服务,801218
301228,社会服务,专业服务,801218
301289,社会服务,专业服务,801218
300416,社会服务,专业服务,801218
300797,社会服务,专业服务,801218
600662,社会服务,专业服务,801218
301115,社会服务,专业服务,801218
688334,社会服务,专业服务,801218
002057,社会服务,专业服务,801218
301508,社会服务,专业服务,801218
603373,社会服务,专业服务,801218
600861,社会服务,专业服务,801218
688757,社会服务,专业服务,801218
301632,社会服务,专业服务,801218
002243,社会服务,专业服务,801218
301449,社会服务,专业服务,801218
002967,社会服务,专业服务,801218
000721,社会服务,酒店餐饮,801219
002186,社会服务,酒店餐饮,801219
301073,社会服务,酒店餐饮,801219
600258,社会服务,酒店餐饮,801219
600754,社会服务,酒店餐饮,801219
601007,社会服务,酒店餐饮,801219
605108,社会服务,酒店餐饮,801219
002306,社会服务,酒店餐饮,801219
000428,社会服务,酒店餐饮,801219
000524,社会服务,旅游及景区,801993
000796,社会服务,旅游及景区,801993
000888,社会服务,旅游及景区,801993
000978,社会服务,旅游及景区,801993
002033,社会服务,旅游及景区,801993
002059,社会服务,旅游及景区,801993
002159,社会服务,旅游及景区,801993
002707,社会服务,旅游及景区,801993
300144,社会服务,旅游及景区,801993
300859,社会服务,旅游及景区,801993
600054,社会服务,旅游及景区,801993
600138,社会服务,旅游及景区,801993
600593,社会服务,旅游及景区,801993
600706,社会服务,旅游及景区,801993
600749,社会服务,旅游及景区,801993
603099,社会服务,旅游及景区,801993
603199,社会服务,旅游及景区,801993
603136,社会服务,旅游及景区,801993
600576,社会服务,旅游及景区,801993
000610,社会服务,旅游及景区,801993
000558,社会服务,旅游及景区,801993
002627,社会服务,旅游及景区,801993
603402,社会服务,旅游及景区,801993
600250,社会服务,旅游及景区,801993
000430,社会服务,旅游及景区,801993
002607,社会服务,教育,801994
002659,社会服务,教育,801994
003032,社会服务,教育,801994
300192,社会服务,教育,801994
300338,社会服务,教育,801994
300359,社会服务,教育,801994
300688,社会服务,教育,801994
600661,社会服务,教育,801994
600730,社会服务,教育,801994
603377,社会服务,教育,801994
605098,社会服务,教育,801994
300010,社会服务,教育,801994
600880,社会服务,教育,801994
002093,社会服务,教育,801994
300050,社会服务,教育,801994
300492,社会服务,教育,801994
000526,社会服务,教育,801994
601328,银行,国有大型银行Ⅱ,801782
601398,银行,国有大型银行Ⅱ,801782
601658,银行,国有大型银行Ⅱ,801782
601939,银行,国有大型银行Ⅱ,801782
601988,银行,国有大型银行Ⅱ,801782
601288,银行,国有大型银行Ⅱ,801782
600000,银行,股份制银行Ⅱ,801783
600015,银行,股份制银行Ⅱ,801783
600016,银行,股份制银行Ⅱ,801783
600036,银行,股份制银行Ⅱ,801783
601166,银行,股份制银行Ⅱ,801783
601818,银行,股份制银行Ⅱ,801783
601916,银行,股份制银行Ⅱ,801783
601998,银行,股份制银行Ⅱ,801783
000001,银行,股份制银行Ⅱ,801783
002936,银行,城商行Ⅱ,801784
002948,银行,城商行Ⅱ,801784
002966,银行,城商行Ⅱ,801784
600919,银行,城商行Ⅱ,801784
600926,银行,城商行Ⅱ,801784
600928,银行,城商行Ⅱ,801784
601009,银行,城商行Ⅱ,801784
601169,银行,城商行Ⅱ,801784
601187,银行,城商行Ⅱ,801784
601229,银行,城商行Ⅱ,801784
601577,银行,城商行Ⅱ,801784
601665,银行,城商行Ⅱ,801784
601838,银行,城商行Ⅱ,801784
601963,银行,城商行Ⅱ,801784
601997,银行,城商行Ⅱ,801784
001227,银行,城商行Ⅱ,801784
002142,银行,城商行Ⅱ,801784
002839,银行,农商行Ⅱ,801785
002958,银行,农商行Ⅱ,801785
600908,银行,农商行Ⅱ,801785
601077,银行,农商行Ⅱ,801785
601128,银行,农商行Ⅱ,801785
601528,银行,农商行Ⅱ,801785
601825,银行,农商行Ⅱ,801785
601860,银行,农商行Ⅱ,801785
603323,银行,农商行Ⅱ,801785
002807,银行,农商行Ⅱ,801785
000686,非银金融,证券Ⅱ,801193
000712,非银金融,证券Ⅱ,801193
000728,非银金融,证券Ⅱ,801193
000750,非银金融,证券Ⅱ,801193
000776,非银金融,证券Ⅱ,801193
000783,非银金融,证券Ⅱ,801193
002500,非银金融,证券Ⅱ,801193
002670,非银金融,证券Ⅱ,801193
002673,非银金融,证券Ⅱ,801193
002736,非银金融,证券Ⅱ,801193
002797,非银金融,证券Ⅱ,801193
002926,非银金融,证券Ⅱ,801193
002939,非银金融,证券Ⅱ,801193
002945,非银金融,证券Ⅱ,801193
300059,非银金融,证券Ⅱ,801193
600030,非银金融,证券Ⅱ,801193
600095,非银金融,证券Ⅱ,801193
600109,非银金融,证券Ⅱ,801193
600155,非银金融,证券Ⅱ,801193
600369,非银金融,证券Ⅱ,801193
600621,非银金融,证券Ⅱ,801193
600864,非银金融,证券Ⅱ,801193
600906,非银金融,证券Ⅱ,801193
600909,非银金融,证券Ⅱ,801193
600918,非银金融,证券Ⅱ,801193
600958,非银金融,证券Ⅱ,801193
600999,非银金融,证券Ⅱ,801193
601066,非银金融,证券Ⅱ,801193
601099,非银金融,证券Ⅱ,801193
601108,非银金融,证券Ⅱ,801193
601162,非银金融,证券Ⅱ,801193
601198,非银金融,证券Ⅱ,801193
601211,非银金融,证券Ⅱ,801193
601236,非银金融,证券Ⅱ,801193
601375,非银金融,证券Ⅱ,801193
601377,非银金融,证券Ⅱ,801193
601456,非银金融,证券Ⅱ,801193
601555,非银金融,证券Ⅱ,801193
601688,非银金融,证券Ⅱ,801193
601696,非银金融,证券Ⅱ,801193
601788,非银金融,证券Ⅱ,801193
601878,非银金融,证券Ⅱ,801193
601881,非银金融,证券Ⅱ,801193
601901,非银金融,证券Ⅱ,801193
601990,非银金融,证券Ⅱ,801193
601995,非银金融,证券Ⅱ,801193
601136,非银金融,证券Ⅱ,801193
601059,非银金融,证券Ⅱ,801193
600061,非银金融,证券Ⅱ,801193
000166,非银金融,证券Ⅱ,801193
601319,非银金融,保险Ⅱ,801194
601336,非银金融,保险Ⅱ,801194
601601,非银金融,保险Ⅱ,801194
601628,非银金融,保险Ⅱ,801194
601318,非银金融,保险Ⅱ,801194
000532,非银金融,多元金融,801191
000563,非银金融,多元金融,801191
000567,非银金融,多元金融,801191
000617,非银金融,多元金融,801191
000987,非银金融,多元金融,801191
002423,非银金融,多元金融,801191
002647,非银金融,多元金融,801191
002961,非银金融,多元金融,801191
300773,非银金融,多元金融,801191
600053,非银金融,多元金融,801191
600120,非银金融,多元金融,801191
600318,非银金融,多元金融,801191
600390,非银金融,多元金融,801191
600643,非银金融,多元金融,801191
600816,非银金融,多元金融,801191
600830,非银金融,多元金融,801191
600901,非银金融,多元金融,801191
603093,非银金融,多元金融,801191
603300,非银金融,多元金融,801191
600927,非银金融,多元金融,801191
600517,非银金融,多元金融,801191
001236,非银金融,多元金融,801191
000935,非银金融,多元金融,801191
000415,非银金融,多元金融,801191
000652,综合,综合Ⅱ,801231
000753,综合,综合Ⅱ,801231
000833,综合,综合Ⅱ,801231
600051,综合,综合Ⅱ,801231
600620,综合,综合Ⅱ,801231
600770,综合,综合Ⅱ,801231
600805,综合,综合Ⅱ,801231
600881,综合,综合Ⅱ,801231
600689,综合,综合Ⅱ,801231
000025,综合,综合Ⅱ,801231
000421,综合,综合Ⅱ,801231
600673,综合,综合Ⅱ,801231
600682,综合,综合Ⅱ,801231
000523,综合,综合Ⅱ,801231
002316,综合,综合Ⅱ,801231
002420,综合,综合Ⅱ,801231
002575,综合,综合Ⅱ,801231
600458,综合,综合Ⅱ,801231
600807,综合,综合Ⅱ,801231
000632,综合,综合Ⅱ,801231
000672,建筑材料,水泥,801711
000789,建筑材料,水泥,801711
000877,建筑材料,水泥,801711
002233,建筑材料,水泥,801711
002302,建筑材料,水泥,801711
002596,建筑材料,水泥,801711
002671,建筑材料,水泥,801711
600326,建筑材料,水泥,801711
600425,建筑材料,水泥,801711
600449,建筑材料,水泥,801711
600585,建筑材料,水泥,801711
600678,建筑材料,水泥,801711
600801,建筑材料,水泥,801711
600802,建筑材料,水泥,801711
601992,建筑材料,水泥,801711
603616,建筑材料,水泥,801711
605122,建筑材料,水泥,801711
003037,建筑材料,水泥,801711
600668,建筑材料,水泥,801711
002205,建筑材料,水泥,801711
000401,建筑材料,水泥,801711
002080,建筑材料,玻璃玻纤,801712
002201,建筑材料,玻璃玻纤,801712
002613,建筑材料,玻璃玻纤,801712
300196,建筑材料,玻璃玻纤,801712
600176,建筑材料,玻璃玻纤,801712
600293,建筑材料,玻璃玻纤,801712
600586,建筑材料,玻璃玻纤,801712
600819,建筑材料,玻璃玻纤,801712
600876,建筑材料,玻璃玻纤,801712
601636,建筑材料,玻璃玻纤,801712
603256,建筑材料,玻璃玻纤,801712
603601,建筑材料,玻璃玻纤,801712
605006,建筑材料,玻璃玻纤,801712
301526,建筑材料,玻璃玻纤,801712
601112,建筑材料,玻璃玻纤,801712
000012,建筑材料,玻璃玻纤,801712
000619,建筑材料,装修建材,801713
000786,建筑材料,装修建材,801713
001212,建筑材料,装修建材,801713
002043,建筑材料,装修建材,801713
002066,建筑材料,装修建材,801713
002088,建筑材料,装修建材,801713
002225,建筑材料,装修建材,801713
002271,建筑材料,装修建材,801713
002333,建筑材料,装修建材,801713
002372,建筑材料,装修建材,801713
002392,建筑材料,装修建材,801713
002398,建筑材料,装修建材,801713
002457,建筑材料,装修建材,801713
002641,建筑材料,装修建材,801713
002652,建筑材料,装修建材,801713
002694,建筑材料,装修建材,801713
002718,建筑材料,装修建材,801713
002785,建筑材料,装修建材,801713
002791,建筑材料,装修建材,801713
300198,建筑材料,装修建材,801713
300234,建筑材料,装修建材,801713
300374,建筑材料,装修建材,801713
300599,建筑材料,装修建材,801713
300715,建筑材料,装修建材,801713
300737,建筑材料,装修建材,801713
301010,建筑材料,装修建材,801713
603038,建筑材料,装修建材,801713
603378,建筑材料,装修建材,801713
603737,建筑材料,装修建材,801713
603856,建筑材料,装修建材,801713
605318,建筑材料,装修建材,801713
688119,建筑材料,装修建材,801713
002247,建筑材料,装修建材,801713
301429,建筑材料,装修建材,801713
000055,建筑材料,装修建材,801713
002761,建筑装饰,房屋建设Ⅱ,801721
600170,建筑装饰,房屋建设Ⅱ,801721
600248,建筑装饰,房屋建设Ⅱ,801721
600491,建筑装饰,房屋建设Ⅱ,801721
600939,建筑装饰,房屋建设Ⅱ,801721
601668,建筑装饰,房屋建设Ⅱ,801721
601789,建筑装饰,房屋建设Ⅱ,801721
000628,建筑装饰,房屋建设Ⅱ,801721
002081,建筑装饰,装修装饰Ⅱ,801722
002375,建筑装饰,装修装饰Ⅱ,801722
002482,建筑装饰,装修装饰Ⅱ,801722
002620,建筑装饰,装修装饰Ⅱ,801722
002713,建筑装饰,装修装饰Ⅱ,801722
002789,建筑装饰,装修装饰Ⅱ,801722
002811,建筑装饰,装修装饰Ⅱ,801722
002822,建筑装饰,装修装饰Ⅱ,801722
002830,建筑装饰,装修装饰Ⅱ,801722
002856,建筑装饰,装修装饰Ⅱ,801722
002963,建筑装饰,装修装饰Ⅱ,801722
002989,建筑装饰,装修装饰Ⅱ,801722
300506,建筑装饰,装修装饰Ⅱ,801722
300621,建筑装饰,装修装饰Ⅱ,801722
601886,建筑装饰,装修装饰Ⅱ,801722
603030,建筑装饰,装修装饰Ⅱ,801722
603828,建筑装饰,装修装饰Ⅱ,801722
605287,建筑装饰,装修装饰Ⅱ,801722
002163,建筑装饰,装修装饰Ⅱ,801722
603137,建筑装饰,装修装饰Ⅱ,801722
600234,建筑装饰,装修装饰Ⅱ,801722
002047,建筑装饰,装修装饰Ⅱ,801722
000498,建筑装饰,基础建设,801723
002061,建筑装饰,基础建设,801723
002062,建筑装饰,基础建设,801723
002200,建筑装饰,基础建设,801723
002307,建筑装饰,基础建设,801723
002431,建筑装饰,基础建设,801723
002586,建筑装饰,基础建设,801723
002628,建筑装饰,基础建设,801723
002663,建筑装饰,基础建设,801723
002717,建筑装饰,基础建设,801723
002775,建筑装饰,基础建设,801723
002941,建筑装饰,基础建设,801723
300197,建筑装饰,基础建设,801723
300355,建筑装饰,基础建设,801723
300649,建筑装饰,基础建设,801723
300948,建筑装饰,基础建设,801723
300949,建筑装饰,基础建设,801723
300982,建筑装饰,基础建设,801723
301098,建筑装饰,基础建设,801723
600039,建筑装饰,基础建设,801723
600284,建筑装饰,基础建设,801723
600512,建筑装饰,基础建设,801723
600820,建筑装饰,基础建设,801723
600853,建筑装饰,基础建设,801723
601186,建筑装饰,基础建设,801723
601390,建筑装饰,基础建设,801723
601611,建筑装饰,基础建设,801723
601669,建筑装饰,基础建设,801723
601800,建筑装饰,基础建设,801723
601868,建筑装饰,基础建设,801723
603359,建筑装饰,基础建设,801723
603815,建筑装饰,基础建设,801723
603843,建筑装饰,基础建设,801723
603955,建筑装饰,基础建设,801723
605303,建筑装饰,基础建设,801723
603176,建筑装饰,基础建设,801723
600502,建筑装饰,基础建设,801723
001396,建筑装饰,基础建设,801723
002060,建筑装饰,基础建设,801723
000010,建筑装饰,基础建设,801723
000928,建筑装饰,专业工程,801724
002051,建筑装饰,专业工程,801724
002116,建筑装饰,专业工程,801724
002135,建筑装饰,专业工程,801724
002140,建筑装饰,专业工程,801724
002469,建筑装饰,专业工程,801724
002541,建筑装饰,专业工程,801724
002542,建筑装饰,专业工程,801724
002593,建筑装饰,专业工程,801724
002743,建筑装饰,专业工程,801724
003001,建筑装饰,专业工程,801724
300384,建筑装饰,专业工程,801724
300517,建筑装饰,专业工程,801724
300712,建筑装饰,专业工程,801724
301046,建筑装饰,专业工程,801724
600477,建筑装饰,专业工程,801724
600496,建筑装饰,专业工程,801724
600970,建筑装饰,专业工程,801724
601068,建筑装饰,专业工程,801724
601117,建筑装饰,专业工程,801724
601226,建筑装饰,专业工程,801724
601618,建筑装饰,专业工程,801724
603098,建筑装饰,专业工程,801724
603637,建筑装饰,专业工程,801724
603929,建筑装饰,专业工程,801724
603959,建筑装饰,专业工程,801724
605167,建筑装饰,专业工程,801724
605289,建筑装饰,专业工程,801724
605598,建筑装饰,专业工程,801724
300986,建筑装饰,专业工程,801724
000032,建筑装饰,专业工程,801724
002323,建筑装饰,专业工程,801724
605178,建筑装饰,专业工程,801724
603163,建筑装饰,专业工程,801724
601133,建筑装饰,专业工程,801724
601096,建筑装饰,专业工程,801724
000065,建筑装饰,专业工程,801724
002883,建筑装饰,工程咨询服务Ⅱ,801726
002949,建筑装饰,工程咨询服务Ⅱ,801726
003013,建筑装饰,工程咨询服务Ⅱ,801726
300284,建筑装饰,工程咨询服务Ⅱ,801726
300500,建筑装饰,工程咨询服务Ⅱ,801726
300564,建筑装饰,工程咨询服务Ⅱ,801726
300635,建筑装饰,工程咨询服务Ⅱ,801726
300668,建筑装饰,工程咨询服务Ⅱ,801726
300675,建筑装饰,工程咨询服务Ⅱ,801726
300732,建筑装饰,工程咨询服务Ⅱ,801726
300746,建筑装饰,工程咨询服务Ⅱ,801726
300778,建筑装饰,工程咨询服务Ⅱ,801726
300826,建筑装饰,工程咨询服务Ⅱ,801726
300844,建筑装饰,工程咨询服务Ⅱ,801726
300977,建筑装饰,工程咨询服务Ⅱ,801726
300983,建筑装饰,工程咨询服务Ⅱ,801726
300989,建筑装饰,工程咨询服务Ⅱ,801726
301024,建筑装饰,工程咨询服务Ⅱ,801726
301027,建筑装饰,工程咨询服务Ⅱ,801726
301038,建筑装饰,工程咨询服务Ⅱ,801726
301058,建筑装饰,工程咨询服务Ⅱ,801726
301091,建筑装饰,工程咨询服务Ⅱ,801726
301167,建筑装饰,工程咨询服务Ⅱ,801726
600629,建筑装饰,工程咨询服务Ⅱ,801726
603017,建筑装饰,工程咨询服务Ⅱ,801726
603018,建筑装饰,工程咨询服务Ⅱ,801726
603357,建筑装饰,工程咨询服务Ⅱ,801726
603458,建筑装饰,工程咨询服务Ⅱ,801726
603860,建筑装饰,工程咨询服务Ⅱ,801726
603909,建筑装饰,工程咨询服务Ⅱ,801726
301136,建筑装饰,工程咨询服务Ⅱ,801726
600667,建筑装饰,工程咨询服务Ⅱ,801726
301365,建筑装饰,工程咨询服务Ⅱ,801726
603153,建筑装饰,工程咨询服务Ⅱ,801726
600846,建筑装饰,工程咨询服务Ⅱ,801726
301505,建筑装饰,工程咨询服务Ⅱ,801726
600720,建筑装饰,工程咨询服务Ⅱ,801726
301390,建筑装饰,工程咨询服务Ⅱ,801726
603257,建筑装饰,工程咨询服务Ⅱ,801726
000779,建筑装饰,工程咨询服务Ⅱ,801726
002196,电力设备,电机Ⅱ,801731
002249,电力设备,电机Ⅱ,801731
002576,电力设备,电机Ⅱ,801731
002801,电力设备,电机Ⅱ,801731
002823,电力设备,电机Ⅱ,801731
002892,电力设备,电机Ⅱ,801731
003021,电力设备,电机Ⅱ,801731
300626,电力设备,电机Ⅱ,801731
300660,电力设备,电机Ⅱ,801731
300907,电力设备,电机Ⅱ,801731
301023,电力设备,电机Ⅱ,801731
600580,电力设备,电机Ⅱ,801731
603320,电力设备,电机Ⅱ,801731
603489,电力设备,电机Ⅱ,801731
603728,电力设备,电机Ⅱ,801731
603819,电力设备,电机Ⅱ,801731
603988,电力设备,电机Ⅱ,801731
301226,电力设备,电机Ⅱ,801731
301502,电力设备,电机Ⅱ,801731
603344,电力设备,电机Ⅱ,801731
603350,电力设备,电机Ⅱ,801731
002176,电力设备,电机Ⅱ,801731
600416,电力设备,电机Ⅱ,801731
603370,电力设备,电机Ⅱ,801731
301696,电力设备,电机Ⅱ,801731
000922,电力设备,电机Ⅱ,801731
002335,电力设备,其他电源设备Ⅱ,801733
002364,电力设备,其他电源设备Ⅱ,801733
002366,电力设备,其他电源设备Ⅱ,801733
002518,电力设备,其他电源设备Ⅱ,801733
002534,电力设备,其他电源设备Ⅱ,801733
002630,电力设备,其他电源设备Ⅱ,801733
002851,电力设备,其他电源设备Ⅱ,801733
300153,电力设备,其他电源设备Ⅱ,801733
300376,电力设备,其他电源设备Ⅱ,801733
300491,电力设备,其他电源设备Ⅱ,801733
300593,电力设备,其他电源设备Ⅱ,801733
300693,电力设备,其他电源设备Ⅱ,801733
300713,电力设备,其他电源设备Ⅱ,801733
300820,电力设备,其他电源设备Ⅱ,801733
300870,电力设备,其他电源设备Ⅱ,801733
600405,电力设备,其他电源设备Ⅱ,801733
600875,电力设备,其他电源设备Ⅱ,801733
601727,电力设备,其他电源设备Ⅱ,801733
688551,电力设备,其他电源设备Ⅱ,801733
002227,电力设备,其他电源设备Ⅱ,801733
600482,电力设备,其他电源设备Ⅱ,801733
301157,电力设备,其他电源设备Ⅱ,801733
600212,电力设备,其他电源设备Ⅱ,801733
688719,电力设备,其他电源设备Ⅱ,801733
301516,电力设备,其他电源设备Ⅱ,801733
688411,电力设备,其他电源设备Ⅱ,801733
301590,电力设备,其他电源设备Ⅱ,801733
002951,电力设备,其他电源设备Ⅱ,801733
301669,电力设备,其他电源设备Ⅱ,801733
002052,电力设备,其他电源设备Ⅱ,801733
600590,电力设备,其他电源设备Ⅱ,801733
002255,电力设备,其他电源设备Ⅱ,801733
002459,电力设备,光伏设备,801735
002506,电力设备,光伏设备,801735
002623,电力设备,光伏设备,801735
003022,电力设备,光伏设备,801735
300118,电力设备,光伏设备,801735
300274,电力设备,光伏设备,801735
300316,电力设备,光伏设备,801735
300393,电力设备,光伏设备,801735
300724,电力设备,光伏设备,801735
300751,电力设备,光伏设备,801735
300763,电力设备,光伏设备,801735
300776,电力设备,光伏设备,801735
300827,电力设备,光伏设备,801735
300842,电力设备,光伏设备,801735
600207,电力设备,光伏设备,801735
600438,电力设备,光伏设备,801735
600537,电力设备,光伏设备,801735
600732,电力设备,光伏设备,801735
601865,电力设备,光伏设备,801735
603212,电力设备,光伏设备,801735
603396,电力设备,光伏设备,801735
603628,电力设备,光伏设备,801735
603806,电力设备,光伏设备,801735
688303,电力设备,光伏设备,801735
688390,电力设备,光伏设备,801735
688408,电力设备,光伏设备,801735
688516,电力设备,光伏设备,801735
688556,电力设备,光伏设备,801735
688560,电力设备,光伏设备,801735
688599,电力设备,光伏设备,801735
688680,电力设备,光伏设备,801735
688032,电力设备,光伏设备,801735
688223,电力设备,光伏设备,801735
301266,电力设备,光伏设备,801735
688348,电力设备,光伏设备,801735
000821,电力设备,光伏设备,801735
002865,电力设备,光伏设备,801735
601012,电力设备,光伏设备,801735
001269,电力设备,光伏设备,801735
688147,电力设备,光伏设备,801735
688472,电力设备,光伏设备,801735
688429,电力设备,光伏设备,801735
002056,电力设备,光伏设备,801735
300080,电力设备,光伏设备,801735
600481,电力设备,光伏设备,801735
603185,电力设备,光伏设备,801735
603398,电力设备,光伏设备,801735
605117,电力设备,光伏设备,801735
688503,电力设备,光伏设备,801735
688717,电力设备,光伏设备,801735
300051,电力设备,光伏设备,801735
603381,电力设备,光伏设备,801735
000159,电力设备,光伏设备,801735
300093,电力设备,光伏设备,801735
300345,电力设备,光伏设备,801735
301168,电力设备,光伏设备,801735
301278,电力设备,光伏设备,801735
688726,电力设备,光伏设备,801735
301658,电力设备,光伏设备,801735
301636,电力设备,光伏设备,801735
300716,电力设备,光伏设备,801735
002079,电力设备,光伏设备,801735
002150,电力设备,光伏设备,801735
301030,电力设备,光伏设备,801735
603778,电力设备,光伏设备,801735
002129,电力设备,光伏设备,801735
002487,电力设备,风电设备,801736
002531,电力设备,风电设备,801736
300129,电力设备,风电设备,801736
300185,电力设备,风电设备,801736
300443,电力设备,风电设备,801736
300569,电力设备,风电设备,801736
300690,电力设备,风电设备,801736
300772,电力设备,风电设备,801736
300850,电力设备,风电设备,801736
301040,电力设备,风电设备,801736
301155,电力设备,风电设备,801736
601218,电力设备,风电设备,801736
601615,电力设备,风电设备,801736
603063,电力设备,风电设备,801736
603218,电力设备,风电设备,801736
603507,电力设备,风电设备,801736
688660,电力设备,风电设备,801736
688349,电力设备,风电设备,801736
301163,电力设备,风电设备,801736
603985,电力设备,风电设备,801736
301232,电力设备,风电设备,801736
301456,电力设备,风电设备,801736
300904,电力设备,风电设备,801736
600072,电力设备,风电设备,801736
301557,电力设备,风电设备,801736
688186,电力设备,风电设备,801736
603092,电力设备,风电设备,801736
603248,电力设备,风电设备,801736
000809,电力设备,风电设备,801736
002202,电力设备,风电设备,801736
000049,电力设备,电池,801737
002074,电力设备,电池,801737
002245,电力设备,电池,801737
002340,电力设备,电池,801737
002580,电力设备,电池,801737
002709,电力设备,电池,801737
002733,电力设备,电池,801737
002759,电力设备,电池,801737
002812,电力设备,电池,801737
002850,电力设备,电池,801737
300014,电力设备,电池,801737
300035,电力设备,电池,801737
300037,电力设备,电池,801737
300068,电力设备,电池,801737
300073,电力设备,电池,801737
300207,电力设备,电池,801737
300340,电力设备,电池,801737
300409,电力设备,电池,801737
300438,电力设备,电池,801737
300450,电力设备,电池,801737
300457,电力设备,电池,801737
300568,电力设备,电池,801737
300619,电力设备,电池,801737
300648,电力设备,电池,801737
300750,电力设备,电池,801737
300769,电力设备,电池,801737
300890,电力设备,电池,801737
300919,电力设备,电池,801737
600152,电力设备,电池,801737
600478,电力设备,电池,801737
600847,电力设备,电池,801737
600884,电力设备,电池,801737
601311,电力设备,电池,801737
603026,电力设备,电池,801737
603659,电力设备,电池,801737
605378,电力设备,电池,801737
688005,电力设备,电池,801737
688006,电力设备,电池,801737
688063,电力设备,电池,801737
688116,电力设备,电池,801737
688148,电力设备,电池,801737
688155,电力设备,电池,801737
688339,电力设备,电池,801737
688345,电力设备,电池,801737
688499,电力设备,电池,801737
688567,电力设备,电池,801737
688707,电力设备,电池,801737
688733,电力设备,电池,801737
688772,电力设备,电池,801737
688778,电力设备,电池,801737
688779,电力设备,电池,801737
688819,电力设备,电池,801737
301222,电力设备,电池,801737
301238,电力设备,电池,801737
688353,电力设备,电池,801737
002125,电力设备,电池,801737
002805,电力设备,电池,801737
300173,电力设备,电池,801737
300410,电力设备,电池,801737
300953,电力设备,电池,801737
301150,电力设备,电池,801737
600110,电力设备,电池,801737
600241,电力设备,电池,801737
688388,电力设备,电池,801737
301121,电力设备,电池,801737
301152,电力设备,电池,801737
001283,电力设备,电池,801737
301349,电力设备,电池,801737
301327,电力设备,电池,801737
688392,电力设备,电池,801737
688275,电力设备,电池,801737
001301,电力设备,电池,801737
301358,电力设备,电池,801737
301325,电力设备,电池,801737
301210,电力设备,电池,801737
300432,电力设备,电池,801737
300477,电力设备,电池,801737
300490,电力设备,电池,801737
301217,电力设备,电池,801737
603031,电力设备,电池,801737
688184,电力设备,电池,801737
301292,电力设备,电池,801737
688638,电力设备,电池,801737
301487,电力设备,电池,801737
301511,电力设备,电池,801737
688573,电力设备,电池,801737
300390,电力设备,电池,801737
603906,电力设备,电池,801737
603032,电力设备,电池,801737
301587,电力设备,电池,801737
000695,电力设备,电池,801737
301662,电力设备,电池,801737
301513,电力设备,电池,801737
301599,电力设备,电池,801737
002058,电力设备,电池,801737
300530,电力设备,电池,801737
000009,电力设备,电池,801737
000533,电力设备,电网设备,801738
000682,电力设备,电网设备,801738
001208,电力设备,电网设备,801738
002028,电力设备,电网设备,801738
002090,电力设备,电网设备,801738
002112,电力设备,电网设备,801738
002121,电力设备,电网设备,801738
002169,电力设备,电网设备,801738
002270,电力设备,电网设备,801738
002276,电力设备,电网设备,801738
002300,电力设备,电网设备,801738
002339,电力设备,电网设备,801738
002350,电力设备,电网设备,801738
002358,电力设备,电网设备,801738
002441,电力设备,电网设备,801738
002451,电力设备,电网设备,801738
002452,电力设备,电网设备,801738
002471,电力设备,电网设备,801738
002498,电力设备,电网设备,801738
002533,电力设备,电网设备,801738
002546,电力设备,电网设备,801738
002560,电力设备,电网设备,801738
002606,电力设备,电网设备,801738
002692,电力设备,电网设备,801738
002706,电力设备,电网设备,801738
002857,电力设备,电网设备,801738
002879,电力设备,电网设备,801738
002882,电力设备,电网设备,801738
002927,电力设备,电网设备,801738
002953,电力设备,电网设备,801738
002980,电力设备,电网设备,801738
300001,电力设备,电网设备,801738
300018,电力设备,电网设备,801738
300062,电力设备,电网设备,801738
300069,电力设备,电网设备,801738
300141,电力设备,电网设备,801738
300222,电力设备,电网设备,801738
300265,电力设备,电网设备,801738
300283,电力设备,电网设备,801738
300286,电力设备,电网设备,801738
300360,电力设备,电网设备,801738
300407,电力设备,电网设备,801738
300423,电力设备,电网设备,801738
300427,电力设备,电网设备,801738
300444,电力设备,电网设备,801738
300510,电力设备,电网设备,801738
300514,电力设备,电网设备,801738
300670,电力设备,电网设备,801738
300880,电力设备,电网设备,801738
300882,电力设备,电网设备,801738
300932,电力设备,电网设备,801738
300933,电力设备,电网设备,801738
301002,电力设备,电网设备,801738
301012,电力设备,电网设备,801738
301082,电力设备,电网设备,801738
301179,电力设备,电网设备,801738
600089,电力设备,电网设备,801738
600192,电力设备,电网设备,801738
600268,电力设备,电网设备,801738
600312,电力设备,电网设备,801738
600379,电力设备,电网设备,801738
600406,电力设备,电网设备,801738
600468,电力设备,电网设备,801738
600525,电力设备,电网设备,801738
600550,电力设备,电网设备,801738
600577,电力设备,电网设备,801738
600869,电力设备,电网设备,801738
600885,电力设备,电网设备,801738
600973,电力设备,电网设备,801738
601126,电力设备,电网设备,801738
601179,电力设备,电网设备,801738
601616,电力设备,电网设备,801738
601700,电力设备,电网设备,801738
601877,电力设备,电网设备,801738
603016,电力设备,电网设备,801738
603050,电力设备,电网设备,801738
603333,电力设备,电网设备,801738
603530,电力设备,电网设备,801738
603556,电力设备,电网设备,801738
603577,电力设备,电网设备,801738
603606,电力设备,电网设备,801738
603618,电力设备,电网设备,801738
603829,电力设备,电网设备,801738
603861,电力设备,电网设备,801738
603897,电力设备,电网设备,801738
605066,电力设备,电网设备,801738
605196,电力设备,电网设备,801738
605222,电力设备,电网设备,801738
688191,电力设备,电网设备,801738
688226,电力设备,电网设备,801738
688248,电力设备,电网设备,801738
688330,电力设备,电网设备,801738
688517,电力设备,电网设备,801738
688597,电力设备,电网设备,801738
688611,电力设备,电网设备,801738
688616,电力设备,电网设备,801738
688676,电力设备,电网设备,801738
688681,电力设备,电网设备,801738
603070,电力设备,电网设备,801738
301120,电力设备,电网设备,801738
603191,电力设备,电网设备,801738
603097,电力设备,电网设备,801738
000720,电力设备,电网设备,801738
002309,电力设备,电网设备,801738
002346,电力设备,电网设备,801738
300853,电力设备,电网设备,801738
601567,电力设备,电网设备,801738
688663,电力设备,电网设备,801738
301388,电力设备,电网设备,801738
301361,电力设备,电网设备,801738
301439,电力设备,电网设备,801738
301386,电力设备,电网设备,801738
301295,电力设备,电网设备,801738
301291,电力设备,电网设备,801738
002168,电力设备,电网设备,801738
603312,电力设备,电网设备,801738
300617,电力设备,电网设备,801738
600067,电力设备,电网设备,801738
001382,电力设备,电网设备,801738
001388,电力设备,电网设备,801738
301609,电力设备,电网设备,801738
301668,电力设备,电网设备,801738
001393,电力设备,电网设备,801738
601222,电力设备,电网设备,801738
688450,电力设备,电网设备,801738
000400,电力设备,电网设备,801738
000410,机械设备,通用设备,801072
000530,机械设备,通用设备,801072
000777,机械设备,通用设备,801072
000811,机械设备,通用设备,801072
000837,机械设备,通用设备,801072
001696,机械设备,通用设备,801072
002026,机械设备,通用设备,801072
002132,机械设备,通用设备,801072
002158,机械设备,通用设备,801072
002164,机械设备,通用设备,801072
002248,机械设备,通用设备,801072
002282,机械设备,通用设备,801072
002342,机械设备,通用设备,801072
002347,机械设备,通用设备,801072
002438,机械设备,通用设备,801072
002444,机械设备,通用设备,801072
002514,机械设备,通用设备,801072
002520,机械设备,通用设备,801072
002559,机械设备,通用设备,801072
002598,机械设备,通用设备,801072
002633,机械设备,通用设备,801072
002639,机械设备,通用设备,801072
002686,机械设备,通用设备,801072
002760,机械设备,通用设备,801072
002767,机械设备,通用设备,801072
002795,机械设备,通用设备,801072
002819,机械设备,通用设备,801072
002843,机械设备,通用设备,801072
002849,机械设备,通用设备,801072
002871,机械设备,通用设备,801072
002877,机械设备,通用设备,801072
002884,机械设备,通用设备,801072
002896,机械设备,通用设备,801072
002903,机械设备,通用设备,801072
002931,机械设备,通用设备,801072
002943,机械设备,通用设备,801072
003025,机械设备,通用设备,801072
300007,机械设备,通用设备,801072
300066,机械设备,通用设备,801072
300091,机械设备,通用设备,801072
300112,机械设备,通用设备,801072
300126,机械设备,通用设备,801072
300145,机械设备,通用设备,801072
300154,机械设备,通用设备,801072
300161,机械设备,通用设备,801072
300165,机械设备,通用设备,801072
300179,机械设备,通用设备,801072
300193,机械设备,通用设备,801072
300228,机械设备,通用设备,801072
300257,机械设备,通用设备,801072
300259,机械设备,通用设备,801072
300260,机械设备,通用设备,801072
300263,机械设备,通用设备,801072
300306,机械设备,通用设备,801072
300349,机械设备,通用设备,801072
300354,机械设备,通用设备,801072
300370,机械设备,通用设备,801072
300371,机械设备,通用设备,801072
300402,机械设备,通用设备,801072
300417,机械设备,通用设备,801072
300420,机械设备,通用设备,801072
300421,机械设备,通用设备,801072
300441,机械设备,通用设备,801072
300445,机械设备,通用设备,801072
300470,机械设备,通用设备,801072
300488,机械设备,通用设备,801072
300503,机械设备,通用设备,801072
300515,机械设备,通用设备,801072
300553,机械设备,通用设备,801072
300554,机械设备,通用设备,801072
300557,机械设备,通用设备,801072
300567,机械设备,通用设备,801072
300606,机械设备,通用设备,801072
300667,机械设备,通用设备,801072
300700,机械设备,通用设备,801072
300720,机械设备,通用设备,801072
300780,机械设备,通用设备,801072
300809,机械设备,通用设备,801072
300817,机械设备,通用设备,801072
300818,机械设备,通用设备,801072
300828,机械设备,通用设备,801072
300838,机械设备,通用设备,801072
300861,机械设备,通用设备,801072
300862,机械设备,通用设备,801072
300885,机械设备,通用设备,801072
300897,机械设备,通用设备,801072
300906,机械设备,通用设备,801072
300943,机械设备,通用设备,801072
300946,机械设备,通用设备,801072
300984,机械设备,通用设备,801072
300985,机械设备,通用设备,801072
300990,机械设备,通用设备,801072
300992,机械设备,通用设备,801072
301006,机械设备,通用设备,801072
301018,机械设备,通用设备,801072
301028,机械设备,通用设备,801072
301032,机械设备,通用设备,801072
301129,机械设备,通用设备,801072
600114,机械设备,通用设备,801072
600172,机械设备,通用设备,801072
600243,机械设备,通用设备,801072
600558,机械设备,通用设备,801072
600592,机械设备,通用设备,801072
600860,机械设备,通用设备,801072
600992,机械设备,通用设备,801072
601002,机械设备,通用设备,801072
601177,机械设备,通用设备,801072
601882,机械设备,通用设备,801072
603028,机械设备,通用设备,801072
603088,机械设备,通用设备,801072
603090,机械设备,通用设备,801072
603100,机械设备,通用设备,801072
603131,机械设备,通用设备,801072
603187,机械设备,通用设备,801072
603269,机械设备,通用设备,801072
603277,机械设备,通用设备,801072
603278,机械设备,通用设备,801072
603308,机械设备,通用设备,801072
603331,机械设备,通用设备,801072
603339,机械设备,通用设备,801072
603617,机械设备,通用设备,801072
603662,机械设备,通用设备,801072
603667,机械设备,通用设备,801072
603699,机械设备,通用设备,801072
603700,机械设备,通用设备,801072
603757,机械设备,通用设备,801072
603912,机械设备,通用设备,801072
603915,机械设备,通用设备,801072
603969,机械设备,通用设备,801072
605056,机械设备,通用设备,801072
605060,机械设备,通用设备,801072
605100,机械设备,通用设备,801072
688001,机械设备,通用设备,801072
688028,机械设备,通用设备,801072
688056,机械设备,通用设备,801072
688059,机械设备,通用设备,801072
688112,机械设备,通用设备,801072
688257,机械设备,通用设备,801072
688305,机械设备,通用设备,801072
688308,机械设备,通用设备,801072
688355,机械设备,通用设备,801072
688360,机械设备,通用设备,801072
688379,机械设备,通用设备,801072
688528,机械设备,通用设备,801072
688557,机械设备,通用设备,801072
688558,机械设备,通用设备,801072
688577,机械设备,通用设备,801072
688622,机械设备,通用设备,801072
688628,机械设备,通用设备,801072
688665,机械设备,通用设备,801072
688697,机械设备,通用设备,801072
688768,机械设备,通用设备,801072
688115,机械设备,通用设备,801072
301137,机械设备,通用设备,801072
301268,机械设备,通用设备,801072
688337,机械设备,通用设备,801072
301151,机械设备,通用设备,801072
301107,机械设备,通用设备,801072
301125,机械设备,通用设备,801072
002046,机械设备,通用设备,801072
002122,机械设备,通用设备,801072
002175,机械设备,通用设备,801072
002445,机械设备,通用设备,801072
600202,机械设备,通用设备,801072
600343,机械设备,通用设备,801072
600783,机械设备,通用设备,801072
688333,机械设备,通用设备,801072
301197,机械设备,通用设备,801072
301309,机械设备,通用设备,801072
688448,机械设备,通用设备,801072
301273,机械设备,通用设备,801072
301377,机械设备,通用设备,801072
301311,机械设备,通用设备,801072
301368,机械设备,通用设备,801072
301255,机械设备,通用设备,801072
301317,机械设备,通用设备,801072
301303,机械设备,通用设备,801072
688433,机械设备,通用设备,801072
301360,机械设备,通用设备,801072
301399,机械设备,通用设备,801072
301353,机械设备,通用设备,801072
301448,机械设备,通用设备,801072
002131,机械设备,通用设备,801072
002272,机械设备,通用设备,801072
300157,机械设备,通用设备,801072
301261,机械设备,通用设备,801072
301272,机械设备,通用设备,801072
688627,机械设备,通用设备,801072
688610,机械设备,通用设备,801072
301468,机械设备,通用设备,801072
301528,机械设备,通用设备,801072
301525,机械设备,通用设备,801072
603270,机械设备,通用设备,801072
301548,机械设备,通用设备,801072
301559,机械设备,通用设备,801072
001306,机械设备,通用设备,801072
301413,机械设备,通用设备,801072
001379,机械设备,通用设备,801072
301596,机械设备,通用设备,801072
301603,机械设备,通用设备,801072
300466,机械设备,通用设备,801072
300718,机械设备,通用设备,801072
301043,机械设备,通用设备,801072
301070,机械设备,通用设备,801072
688583,机械设备,通用设备,801072
301616,机械设备,通用设备,801072
603279,机械设备,通用设备,801072
603400,机械设备,通用设备,801072
688600,机械设备,通用设备,801072
688808,机械设备,通用设备,801072
001237,机械设备,通用设备,801072
000880,机械设备,通用设备,801072
300572,机械设备,通用设备,801072
301160,机械设备,通用设备,801072
301307,机械设备,通用设备,801072
600889,机械设备,通用设备,801072
301677,机械设备,通用设备,801072
000039,机械设备,通用设备,801072
000856,机械设备,专用设备,801074
001288,机械设备,专用设备,801074
002006,机械设备,专用设备,801074
002009,机械设备,专用设备,801074
002021,机械设备,专用设备,801074
002031,机械设备,专用设备,801074
002073,机械设备,专用设备,801074
002204,机械设备,专用设备,801074
002209,机械设备,专用设备,801074
002278,机械设备,专用设备,801074
002337,机械设备,专用设备,801074
002353,机械设备,专用设备,801074
002367,机械设备,专用设备,801074
002483,机械设备,专用设备,801074
002490,机械设备,专用设备,801074
002523,机械设备,专用设备,801074
002526,机械设备,专用设备,801074
002529,机械设备,专用设备,801074
002535,机械设备,专用设备,801074
002595,机械设备,专用设备,801074
002611,机械设备,专用设备,801074
002667,机械设备,专用设备,801074
002689,机械设备,专用设备,801074
002690,机械设备,专用设备,801074
002691,机械设备,专用设备,801074
002730,机械设备,专用设备,801074
002757,机械设备,专用设备,801074
002774,机械设备,专用设备,801074
002779,机械设备,专用设备,801074
002786,机械设备,专用设备,801074
002816,机械设备,专用设备,801074
002833,机械设备,专用设备,801074
002837,机械设备,专用设备,801074
002890,机械设备,专用设备,801074
002960,机械设备,专用设备,801074
003036,机械设备,专用设备,801074
300004,机械设备,专用设备,801074
300084,机械设备,专用设备,801074
300099,机械设备,专用设备,801074
300103,机械设备,专用设备,801074
300151,机械设备,专用设备,801074
300195,机械设备,专用设备,801074
300281,机械设备,专用设备,801074
300293,机械设备,专用设备,801074
300307,机械设备,专用设备,801074
300382,机械设备,专用设备,801074
300411,机械设备,专用设备,801074
300412,机械设备,专用设备,801074
300415,机械设备,专用设备,801074
300471,机械设备,专用设备,801074
300472,机械设备,专用设备,801074
300480,机械设备,专用设备,801074
300499,机械设备,专用设备,801074
300509,机械设备,专用设备,801074
300512,机械设备,专用设备,801074
300521,机械设备,专用设备,801074
300540,机械设备,专用设备,801074
300549,机械设备,专用设备,801074
300669,机械设备,专用设备,801074
300813,机械设备,专用设备,801074
300823,机械设备,专用设备,801074
300833,机械设备,专用设备,801074
300836,机械设备,专用设备,801074
300837,机械设备,专用设备,801074
300865,机械设备,专用设备,801074
300902,机械设备,专用设备,801074
300931,机械设备,专用设备,801074
300950,机械设备,专用设备,801074
300971,机械设备,专用设备,801074
300988,机械设备,专用设备,801074
301013,机械设备,专用设备,801074
301053,机械设备,专用设备,801074
301056,机械设备,专用设备,801074
301083,机械设备,专用设备,801074
301128,机械设备,专用设备,801074
600169,机械设备,专用设备,801074
600232,机械设备,专用设备,801074
600262,机械设备,专用设备,801074
600302,机械设备,专用设备,801074
600320,机械设备,专用设备,801074
600444,机械设备,专用设备,801074
600499,机械设备,专用设备,801074
600501,机械设备,专用设备,801074
600520,机械设备,专用设备,801074
600545,机械设备,专用设备,801074
600560,机械设备,专用设备,801074
600579,机械设备,专用设备,801074
600582,机械设备,专用设备,801074
600835,机械设备,专用设备,801074
600843,机械设备,专用设备,801074
600894,机械设备,专用设备,801074
601038,机械设备,专用设备,801074
601106,机械设备,专用设备,801074
601399,机械设备,专用设备,801074
601608,机械设备,专用设备,801074
601717,机械设备,专用设备,801074
601798,机械设备,专用设备,801074
603011,机械设备,专用设备,801074
603012,机械设备,专用设备,801074
603036,机械设备,专用设备,801074
603076,机械设备,专用设备,801074
603095,机械设备,专用设备,801074
603159,机械设备,专用设备,801074
603169,机械设备,专用设备,801074
603289,机械设备,专用设备,801074
603321,机械设备,专用设备,801074
603337,机械设备,专用设备,801074
603356,机械设备,专用设备,801074
603488,机械设备,专用设备,801074
603656,机械设备,专用设备,801074
603698,机械设备,专用设备,801074
603789,机械设备,专用设备,801074
603800,机械设备,专用设备,801074
603855,机械设备,专用设备,801074
603895,机械设备,专用设备,801074
603901,机械设备,专用设备,801074
603956,机械设备,专用设备,801074
603966,机械设备,专用设备,801074
605259,机械设备,专用设备,801074
605286,机械设备,专用设备,801074
688022,机械设备,专用设备,801074
688071,机械设备,专用设备,801074
688092,机械设备,专用设备,801074
688113,机械设备,专用设备,801074
688121,机械设备,专用设备,801074
688128,机械设备,专用设备,801074
688211,机械设备,专用设备,801074
688312,机械设备,专用设备,801074
688328,机械设备,专用设备,801074
688377,机械设备,专用设备,801074
688383,机械设备,专用设备,801074
688529,机械设备,专用设备,801074
688596,机械设备,专用设备,801074
688630,机械设备,专用设备,801074
688633,机械设备,专用设备,801074
688700,机械设备,专用设备,801074
688789,机械设备,专用设备,801074
301158,机械设备,专用设备,801074
301200,机械设备,专用设备,801074
688400,机械设备,专用设备,801074
300095,机械设备,专用设备,801074
300159,机械设备,专用设备,801074
300756,机械设备,专用设备,801074
300879,机械设备,专用设备,801074
301138,机械设备,专用设备,801074
603029,机械设备,专用设备,801074
688162,机械设备,专用设备,801074
301338,机械设备,专用设备,801074
603081,机械设备,专用设备,801074
001332,机械设备,专用设备,801074
001256,机械设备,专用设备,801074
301105,机械设备,专用设备,801074
301260,机械设备,专用设备,801074
001225,机械设备,专用设备,801074
688531,机械设备,专用设备,801074
001360,机械设备,专用设备,801074
603135,机械设备,专用设备,801074
603173,机械设备,专用设备,801074
301533,机械设备,专用设备,801074
688648,机械设备,专用设备,801074
603325,机械设备,专用设备,801074
301392,机械设备,专用设备,801074
002527,机械设备,专用设备,801074
002530,机械设备,专用设备,801074
002722,机械设备,专用设备,801074
300092,机械设备,专用设备,801074
301063,机械设备,专用设备,801074
600980,机械设备,专用设备,801074
601369,机械设备,专用设备,801074
603391,机械设备,专用设备,801074
688420,机械设备,专用设备,801074
001277,机械设备,专用设备,801074
301598,机械设备,专用设备,801074
301601,机械设备,专用设备,801074
001395,机械设备,专用设备,801074
001400,机械设备,专用设备,801074
688813,机械设备,专用设备,801074
002564,机械设备,专用设备,801074
300435,机械设备,专用设备,801074
600397,机械设备,专用设备,801074
000852,机械设备,专用设备,801074
000925,机械设备,轨交设备Ⅱ,801076
002972,机械设备,轨交设备Ⅱ,801076
300011,机械设备,轨交设备Ⅱ,801076
300351,机械设备,轨交设备Ⅱ,801076
300594,机械设备,轨交设备Ⅱ,801076
300851,机械设备,轨交设备Ⅱ,801076
300923,机械设备,轨交设备Ⅱ,801076
300960,机械设备,轨交设备Ⅱ,801076
301016,机械设备,轨交设备Ⅱ,801076
301048,机械设备,轨交设备Ⅱ,801076
600495,机械设备,轨交设备Ⅱ,801076
600528,机械设备,轨交设备Ⅱ,801076
601766,机械设备,轨交设备Ⅱ,801076
603111,机械设备,轨交设备Ⅱ,801076
603500,机械设备,轨交设备Ⅱ,801076
603680,机械设备,轨交设备Ⅱ,801076
605001,机械设备,轨交设备Ⅱ,801076
605298,机械设备,轨交设备Ⅱ,801076
688009,机械设备,轨交设备Ⅱ,801076
688015,机械设备,轨交设备Ⅱ,801076
688033,机械设备,轨交设备Ⅱ,801076
688187,机械设备,轨交设备Ⅱ,801076
688285,机械设备,轨交设备Ⅱ,801076
688367,机械设备,轨交设备Ⅱ,801076
688569,机械设备,轨交设备Ⅱ,801076
000927,机械设备,轨交设备Ⅱ,801076
688459,机械设备,轨交设备Ⅱ,801076
688485,机械设备,轨交设备Ⅱ,801076
001324,机械设备,轨交设备Ⅱ,801076
000008,机械设备,轨交设备Ⅱ,801076
000425,机械设备,工程机械,801077
000528,机械设备,工程机械,801077
000680,机械设备,工程机械,801077
002097,机械设备,工程机械,801077
300201,机械设备,工程机械,801077
301079,机械设备,工程机械,801077
600031,机械设备,工程机械,801077
600761,机械设备,工程机械,801077
600815,机械设备,工程机械,801077
600984,机械设备,工程机械,801077
601100,机械设备,工程机械,801077
603298,机械设备,工程机械,801077
603338,机械设备,工程机械,801077
603638,机械设备,工程机械,801077
605305,机械设备,工程机械,801077
605389,机械设备,工程机械,801077
688425,机械设备,工程机械,801077
301279,机械设备,工程机械,801077
001226,机械设备,工程机械,801077
301161,机械设备,工程机械,801077
603280,机械设备,工程机械,801077
301446,机械设备,工程机械,801077
603273,机械设备,工程机械,801077
001239,机械设备,工程机械,801077
002685,机械设备,工程机械,801077
603611,机械设备,工程机械,801077
603194,机械设备,工程机械,801077
000157,机械设备,工程机械,801077
002008,机械设备,自动化设备,801078
002184,机械设备,自动化设备,801078
002334,机械设备,自动化设备,801078
002698,机械设备,自动化设备,801078
002747,机械设备,自动化设备,801078
002957,机械设备,自动化设备,801078
002975,机械设备,自动化设备,801078
002979,机械设备,自动化设备,801078
300024,机械设备,自动化设备,801078
300048,机械设备,自动化设备,801078
300083,机械设备,自动化设备,801078
300097,机械设备,自动化设备,801078
300124,机械设备,自动化设备,801078
300227,机械设备,自动化设备,801078
300276,机械设备,自动化设备,801078
300278,机械设备,自动化设备,801078
300400,机械设备,自动化设备,801078
300461,机械设备,自动化设备,801078
300484,机械设备,自动化设备,801078
300486,机械设备,自动化设备,801078
300607,机械设备,自动化设备,801078
300747,机械设备,自动化设备,801078
300757,机械设备,自动化设备,801078
300802,机械设备,自动化设备,801078
301021,机械设备,自动化设备,801078
301029,机械设备,自动化设备,801078
301199,机械设备,自动化设备,801078
603015,机械设备,自动化设备,801078
603025,机械设备,自动化设备,801078
603203,机械设备,自动化设备,801078
603283,机械设备,自动化设备,801078
603416,机械设备,自动化设备,801078
603583,机械设备,自动化设备,801078
603666,机械设备,自动化设备,801078
605186,机械设备,自动化设备,801078
605288,机械设备,自动化设备,801078
688003,机械设备,自动化设备,801078
688017,机械设备,自动化设备,801078
688025,机械设备,自动化设备,801078
688090,机械设备,自动化设备,801078
688097,机械设备,自动化设备,801078
688160,机械设备,自动化设备,801078
688165,机械设备,自动化设备,801078
688215,机械设备,自动化设备,801078
688218,机械设备,自动化设备,801078
688255,机械设备,自动化设备,801078
688310,机械设备,自动化设备,801078
688329,机械设备,自动化设备,801078
688395,机械设备,自动化设备,801078
688518,机械设备,自动化设备,801078
688559,机械设备,自动化设备,801078
688686,机械设备,自动化设备,801078
688698,机械设备,自动化设备,801078
688777,机械设备,自动化设备,801078
001266,机械设备,自动化设备,801078
688306,机械设备,自动化设备,801078
688125,机械设备,自动化设备,801078
688320,机械设备,自动化设备,801078
688170,机械设备,自动化设备,801078
688290,机械设备,自动化设备,801078
301112,机械设备,自动化设备,801078
301312,机械设备,自动化设备,801078
600215,机械设备,自动化设备,801078
688455,机械设备,自动化设备,801078
001223,机械设备,自动化设备,801078
688570,机械设备,自动化设备,801078
688623,机械设备,自动化设备,801078
301320,机械设备,自动化设备,801078
301512,机械设备,自动化设备,801078
688646,机械设备,自动化设备,801078
301510,机械设备,自动化设备,801078
301418,机械设备,自动化设备,801078
603275,机械设备,自动化设备,801078
301568,机械设备,自动化设备,801078
603082,机械设备,自动化设备,801078
301633,机械设备,自动化设备,801078
688816,机械设备,自动化设备,801078
300220,机械设备,自动化设备,801078
000988,机械设备,自动化设备,801078
003009,国防军工,航天装备Ⅱ,801741
300722,国防军工,航天装备Ⅱ,801741
600118,国防军工,航天装备Ⅱ,801741
600879,国防军工,航天装备Ⅱ,801741
601698,国防军工,航天装备Ⅱ,801741
688282,国防军工,航天装备Ⅱ,801741
688523,国防军工,航天装备Ⅱ,801741
688818,国防军工,航天装备Ⅱ,801741
002829,国防军工,航天装备Ⅱ,801741
000697,国防军工,航空装备Ⅱ,801742
000738,国防军工,航空装备Ⅱ,801742
000768,国防军工,航空装备Ⅱ,801742
002023,国防军工,航空装备Ⅱ,801742
002297,国防军工,航空装备Ⅱ,801742
002389,国防军工,航空装备Ⅱ,801742
002625,国防军工,航空装备Ⅱ,801742
002933,国防军工,航空装备Ⅱ,801742
002985,国防军工,航空装备Ⅱ,801742
300034,国防军工,航空装备Ⅱ,801742
300395,国防军工,航空装备Ⅱ,801742
300424,国防军工,航空装备Ⅱ,801742
300581,国防军工,航空装备Ⅱ,801742
300696,国防军工,航空装备Ⅱ,801742
300699,国防军工,航空装备Ⅱ,801742
300719,国防军工,航空装备Ⅱ,801742
300775,国防军工,航空装备Ⅱ,801742
300777,国防军工,航空装备Ⅱ,801742
300900,国防军工,航空装备Ⅱ,801742
300965,国防军工,航空装备Ⅱ,801742
600038,国防军工,航空装备Ⅱ,801742
600316,国防军工,航空装备Ⅱ,801742
600372,国防军工,航空装备Ⅱ,801742
600391,国防军工,航空装备Ⅱ,801742
600760,国防军工,航空装备Ⅱ,801742
600765,国防军工,航空装备Ⅱ,801742
600862,国防军工,航空装备Ⅱ,801742
600893,国防军工,航空装备Ⅱ,801742
605123,国防军工,航空装备Ⅱ,801742
688070,国防军工,航空装备Ⅱ,801742
688122,国防军工,航空装备Ⅱ,801742
688239,国防军工,航空装备Ⅱ,801742
688510,国防军工,航空装备Ⅱ,801742
688586,国防军工,航空装备Ⅱ,801742
688685,国防军工,航空装备Ⅱ,801742
688281,国防军工,航空装备Ⅱ,801742
603261,国防军工,航空装备Ⅱ,801742
688297,国防军工,航空装备Ⅱ,801742
688237,国防军工,航空装备Ⅱ,801742
002651,国防军工,航空装备Ⅱ,801742
002111,国防军工,航空装备Ⅱ,801742
688563,国防军工,航空装备Ⅱ,801742
301586,国防军工,航空装备Ⅱ,801742
688708,国防军工,航空装备Ⅱ,801742
000561,国防军工,航空装备Ⅱ,801742
000576,国防军工,地面兵装Ⅱ,801743
300527,国防军工,地面兵装Ⅱ,801743
300875,国防军工,地面兵装Ⅱ,801743
300922,国防军工,地面兵装Ⅱ,801743
600184,国防军工,地面兵装Ⅱ,801743
600435,国防军工,地面兵装Ⅱ,801743
600967,国防军工,地面兵装Ⅱ,801743
601606,国防军工,地面兵装Ⅱ,801743
301357,国防军工,地面兵装Ⅱ,801743
688543,国防军工,地面兵装Ⅱ,801743
002519,国防军工,地面兵装Ⅱ,801743
000519,国防军工,地面兵装Ⅱ,801743
300065,国防军工,航海装备Ⅱ,801744
300589,国防军工,航海装备Ⅱ,801744
300600,国防军工,航海装备Ⅱ,801744
300810,国防军工,航海装备Ⅱ,801744
600150,国防军工,航海装备Ⅱ,801744
600685,国防军工,航海装备Ⅱ,801744
600764,国防军工,航海装备Ⅱ,801744
601890,国防军工,航海装备Ⅱ,801744
603268,国防军工,航海装备Ⅱ,801744
300008,国防军工,航海装备Ⅱ,801744
000733,国防军工,军工电子Ⅱ,801745
002025,国防军工,军工电子Ⅱ,801745
002151,国防军工,军工电子Ⅱ,801745
002179,国防军工,军工电子Ⅱ,801745
002189,国防军工,军工电子Ⅱ,801745
002214,国防军工,军工电子Ⅱ,801745
002338,国防军工,军工电子Ⅱ,801745
002383,国防军工,军工电子Ⅱ,801745
002413,国防军工,军工电子Ⅱ,801745
002414,国防军工,军工电子Ⅱ,801745
002446,国防军工,军工电子Ⅱ,801745
002465,国防军工,军工电子Ⅱ,801745
002935,国防军工,军工电子Ⅱ,801745
002977,国防军工,军工电子Ⅱ,801745
300045,国防军工,军工电子Ⅱ,801745
300101,国防军工,军工电子Ⅱ,801745
300123,国防军工,军工电子Ⅱ,801745
300177,国防军工,军工电子Ⅱ,801745
300252,国防军工,军工电子Ⅱ,801745
300447,国防军工,军工电子Ⅱ,801745
300474,国防军工,军工电子Ⅱ,801745
300726,国防军工,军工电子Ⅱ,801745
300762,国防军工,军工电子Ⅱ,801745
301050,国防军工,军工电子Ⅱ,801745
301213,国防军工,军工电子Ⅱ,801745
302132,国防军工,军工电子Ⅱ,801745
600562,国防军工,军工电子Ⅱ,801745
600990,国防军工,军工电子Ⅱ,801745
603267,国防军工,军工电子Ⅱ,801745
603678,国防军工,军工电子Ⅱ,801745
603712,国防军工,军工电子Ⅱ,801745
688002,国防军工,军工电子Ⅱ,801745
688011,国防军工,军工电子Ⅱ,801745
688081,国防军工,军工电子Ⅱ,801745
688272,国防军工,军工电子Ⅱ,801745
688311,国防军工,军工电子Ⅱ,801745
688511,国防军工,军工电子Ⅱ,801745
688636,国防军工,军工电子Ⅱ,801745
688682,国防军工,军工电子Ⅱ,801745
688776,国防军工,军工电子Ⅱ,801745
688788,国防军工,军工电子Ⅱ,801745
688175,国防军工,军工电子Ⅱ,801745
001270,国防军工,军工电子Ⅱ,801745
301302,国防军工,军工电子Ⅱ,801745
688053,国防军工,军工电子Ⅱ,801745
688375,国防军工,军工电子Ⅱ,801745
301306,国防军工,军工电子Ⅱ,801745
300397,国防军工,军工电子Ⅱ,801745
300629,国防军工,军工电子Ⅱ,801745
688439,国防军工,军工电子Ⅱ,801745
688132,国防军工,军工电子Ⅱ,801745
688084,国防军工,军工电子Ⅱ,801745
688522,国防军工,军工电子Ⅱ,801745
688552,国防军工,军工电子Ⅱ,801745
688629,国防军工,军工电子Ⅱ,801745
301517,国防军工,军工电子Ⅱ,801745
600855,国防军工,军工电子Ⅱ,801745
301571,国防军工,军工电子Ⅱ,801745
301592,国防军工,军工电子Ⅱ,801745
301682,国防军工,军工电子Ⅱ,801745
000547,国防军工,军工电子Ⅱ,801745
000977,计算机,计算机设备,801101
000997,计算机,计算机设备,801101
002152,计算机,计算机设备,801101
002197,计算机,计算机设备,801101
002236,计算机,计算机设备,801101
002268,计算机,计算机设备,801101
002376,计算机,计算机设备,801101
002415,计算机,计算机设备,801101
002512,计算机,计算机设备,801101
002528,计算机,计算机设备,801101
002577,计算机,计算机设备,801101
002835,计算机,计算机设备,801101
002912,计算机,计算机设备,801101
002970,计算机,计算机设备,801101
002990,计算机,计算机设备,801101
003004,计算机,计算机设备,801101
300042,计算机,计算机设备,801101
300130,计算机,计算机设备,801101
300155,计算机,计算机设备,801101
300248,计算机,计算机设备,801101
300249,计算机,计算机设备,801101
300270,计算机,计算机设备,801101
300302,计算机,计算机设备,801101
300324,计算机,计算机设备,801101
300333,计算机,计算机设备,801101
300368,计算机,计算机设备,801101
300386,计算机,计算机设备,801101
300449,计算机,计算机设备,801101
300455,计算机,计算机设备,801101
300462,计算机,计算机设备,801101
300479,计算机,计算机设备,801101
300508,计算机,计算机设备,801101
300531,计算机,计算机设备,801101
300546,计算机,计算机设备,801101
300551,计算机,计算机设备,801101
300552,计算机,计算机设备,801101
300588,计算机,计算机设备,801101
300645,计算机,计算机设备,801101
300659,计算机,计算机设备,801101
300691,计算机,计算机设备,801101
300743,计算机,计算机设备,801101
300771,计算机,计算机设备,801101
300789,计算机,计算机设备,801101
300790,计算机,计算机设备,801101
300807,计算机,计算机设备,801101
300845,计算机,计算机设备,801101
300884,计算机,计算机设备,801101
300941,计算机,计算机设备,801101
301042,计算机,计算机设备,801101
600100,计算机,计算机设备,801101
603019,计算机,计算机设备,801101
603106,计算机,计算机设备,801101
603496,计算机,计算机设备,801101
603508,计算机,计算机设备,801101
603516,计算机,计算机设备,801101
603660,计算机,计算机设备,801101
605118,计算机,计算机设备,801101
688060,计算机,计算机设备,801101
688188,计算机,计算机设备,801101
688208,计算机,计算机设备,801101
688288,计算机,计算机设备,801101
688619,计算机,计算机设备,801101
301117,计算机,计算机设备,801101
300275,计算机,计算机设备,801101
001229,计算机,计算机设备,801101
301318,计算机,计算机设备,801101
001339,计算机,计算机设备,801101
301330,计算机,计算机设备,801101
301339,计算机,计算机设备,801101
301391,计算机,计算机设备,801101
688489,计算机,计算机设备,801101
688475,计算机,计算机设备,801101
002180,计算机,计算机设备,801101
301503,计算机,计算机设备,801101
301589,计算机,计算机设备,801101
688292,计算机,计算机设备,801101
002869,计算机,计算机设备,801101
300847,计算机,计算机设备,801101
301182,计算机,计算机设备,801101
301608,计算机,计算机设备,801101
301600,计算机,计算机设备,801101
000066,计算机,计算机设备,801101
000158,计算机,IT服务Ⅱ,801103
000555,计算机,IT服务Ⅱ,801103
000938,计算机,IT服务Ⅱ,801103
002065,计算机,IT服务Ⅱ,801103
002195,计算机,IT服务Ⅱ,801103
002232,计算机,IT服务Ⅱ,801103
002331,计算机,IT服务Ⅱ,801103
002368,计算机,IT服务Ⅱ,801103
002373,计算机,IT服务Ⅱ,801103
002380,计算机,IT服务Ⅱ,801103
002401,计算机,IT服务Ⅱ,801103
002421,计算机,IT服务Ⅱ,801103
002474,计算机,IT服务Ⅱ,801103
002609,计算机,IT服务Ⅱ,801103
002642,计算机,IT服务Ⅱ,801103
002649,计算机,IT服务Ⅱ,801103
002657,计算机,IT服务Ⅱ,801103
002771,计算机,IT服务Ⅱ,801103
002777,计算机,IT服务Ⅱ,801103
003005,计算机,IT服务Ⅱ,801103
300017,计算机,IT服务Ⅱ,801103
300020,计算机,IT服务Ⅱ,801103
300044,计算机,IT服务Ⅱ,801103
300078,计算机,IT服务Ⅱ,801103
300079,计算机,IT服务Ⅱ,801103
300096,计算机,IT服务Ⅱ,801103
300150,计算机,IT服务Ⅱ,801103
300166,计算机,IT服务Ⅱ,801103
300167,计算机,IT服务Ⅱ,801103
300168,计算机,IT服务Ⅱ,801103
300170,计算机,IT服务Ⅱ,801103
300212,计算机,IT服务Ⅱ,801103
300231,计算机,IT服务Ⅱ,801103
300245,计算机,IT服务Ⅱ,801103
300250,计算机,IT服务Ⅱ,801103
300264,计算机,IT服务Ⅱ,801103
300271,计算机,IT服务Ⅱ,801103
300277,计算机,IT服务Ⅱ,801103
300287,计算机,IT服务Ⅱ,801103
300288,计算机,IT服务Ⅱ,801103
300290,计算机,IT服务Ⅱ,801103
300300,计算机,IT服务Ⅱ,801103
300339,计算机,IT服务Ⅱ,801103
300399,计算机,IT服务Ⅱ,801103
300419,计算机,IT服务Ⅱ,801103
300440,计算机,IT服务Ⅱ,801103
300448,计算机,IT服务Ⅱ,801103
300496,计算机,IT服务Ⅱ,801103
300523,计算机,IT服务Ⅱ,801103
300532,计算机,IT服务Ⅱ,801103
300541,计算机,IT服务Ⅱ,801103
300609,计算机,IT服务Ⅱ,801103
300634,计算机,IT服务Ⅱ,801103
300674,计算机,IT服务Ⅱ,801103
300678,计算机,IT服务Ⅱ,801103
300682,计算机,IT服务Ⅱ,801103
300687,计算机,IT服务Ⅱ,801103
300846,计算机,IT服务Ⅱ,801103
300872,计算机,IT服务Ⅱ,801103
300895,计算机,IT服务Ⅱ,801103
301085,计算机,IT服务Ⅱ,801103
301178,计算机,IT服务Ⅱ,801103
301185,计算机,IT服务Ⅱ,801103
600131,计算机,IT服务Ⅱ,801103
600271,计算机,IT服务Ⅱ,801103
600410,计算机,IT服务Ⅱ,801103
600446,计算机,IT服务Ⅱ,801103
600476,计算机,IT服务Ⅱ,801103
600536,计算机,IT服务Ⅱ,801103
600571,计算机,IT服务Ⅱ,801103
600718,计算机,IT服务Ⅱ,801103
600728,计算机,IT服务Ⅱ,801103
600756,计算机,IT服务Ⅱ,801103
600797,计算机,IT服务Ⅱ,801103
600845,计算机,IT服务Ⅱ,801103
600850,计算机,IT服务Ⅱ,801103
603138,计算机,IT服务Ⅱ,801103
603171,计算机,IT服务Ⅱ,801103
603636,计算机,IT服务Ⅱ,801103
603869,计算机,IT服务Ⅱ,801103
603887,计算机,IT服务Ⅱ,801103
603918,计算机,IT服务Ⅱ,801103
605398,计算机,IT服务Ⅱ,801103
688004,计算机,IT服务Ⅱ,801103
688039,计算机,IT服务Ⅱ,801103
688051,计算机,IT服务Ⅱ,801103
688066,计算机,IT服务Ⅱ,801103
688088,计算机,IT服务Ⅱ,801103
688158,计算机,IT服务Ⅱ,801103
688228,计算机,IT服务Ⅱ,801103
688229,计算机,IT服务Ⅱ,801103
688258,计算机,IT服务Ⅱ,801103
688316,计算机,IT服务Ⅱ,801103
688365,计算机,IT服务Ⅱ,801103
688500,计算机,IT服务Ⅱ,801103
688509,计算机,IT服务Ⅱ,801103
688568,计算机,IT服务Ⅱ,801103
688787,计算机,IT服务Ⅱ,801103
688227,计算机,IT服务Ⅱ,801103
301218,计算机,IT服务Ⅱ,801103
301236,计算机,IT服务Ⅱ,801103
688207,计算机,IT服务Ⅱ,801103
301248,计算机,IT服务Ⅱ,801103
688327,计算机,IT服务Ⅱ,801103
688251,计算机,IT服务Ⅱ,801103
301208,计算机,IT服务Ⅱ,801103
000409,计算机,IT服务Ⅱ,801103
603859,计算机,IT服务Ⅱ,801103
301316,计算机,IT服务Ⅱ,801103
301396,计算机,IT服务Ⅱ,801103
688343,计算机,IT服务Ⅱ,801103
002908,计算机,IT服务Ⅱ,801103
688562,计算机,IT服务Ⅱ,801103
301172,计算机,IT服务Ⅱ,801103
600589,计算机,IT服务Ⅱ,801103
000815,计算机,IT服务Ⅱ,801103
301556,计算机,IT服务Ⅱ,801103
301638,计算机,IT服务Ⅱ,801103
002229,计算机,IT服务Ⅱ,801103
300536,计算机,IT服务Ⅱ,801103
600666,计算机,IT服务Ⅱ,801103
000034,计算机,IT服务Ⅱ,801103
000948,计算机,软件开发,801104
002063,计算机,软件开发,801104
002153,计算机,软件开发,801104
002178,计算机,软件开发,801104
002212,计算机,软件开发,801104
002230,计算机,软件开发,801104
002253,计算机,软件开发,801104
002279,计算机,软件开发,801104
002298,计算机,软件开发,801104
002322,计算机,软件开发,801104
002362,计算机,软件开发,801104
002405,计算机,软件开发,801104
002410,计算机,软件开发,801104
002439,计算机,软件开发,801104
002920,计算机,软件开发,801104
002987,计算机,软件开发,801104
003007,计算机,软件开发,801104
003029,计算机,软件开发,801104
300033,计算机,软件开发,801104
300036,计算机,软件开发,801104
300047,计算机,软件开发,801104
300074,计算机,软件开发,801104
300075,计算机,软件开发,801104
300085,计算机,软件开发,801104
300188,计算机,软件开发,801104
300209,计算机,软件开发,801104
300226,计算机,软件开发,801104
300229,计算机,软件开发,801104
300235,计算机,软件开发,801104
300253,计算机,软件开发,801104
300311,计算机,软件开发,801104
300348,计算机,软件开发,801104
300352,计算机,软件开发,801104
300365,计算机,软件开发,801104
300366,计算机,软件开发,801104
300369,计算机,软件开发,801104
300377,计算机,软件开发,801104
300378,计算机,软件开发,801104
300380,计算机,软件开发,801104
300451,计算机,软件开发,801104
300454,计算机,软件开发,801104
300465,计算机,软件开发,801104
300468,计算机,软件开发,801104
300469,计算机,软件开发,801104
300520,计算机,软件开发,801104
300525,计算机,软件开发,801104
300542,计算机,软件开发,801104
300550,计算机,软件开发,801104
300556,计算机,软件开发,801104
300559,计算机,软件开发,801104
300561,计算机,软件开发,801104
300579,计算机,软件开发,801104
300598,计算机,软件开发,801104
300605,计算机,软件开发,801104
300608,计算机,软件开发,801104
300624,计算机,软件开发,801104
300663,计算机,软件开发,801104
300730,计算机,软件开发,801104
300768,计算机,软件开发,801104
300803,计算机,软件开发,801104
300830,计算机,软件开发,801104
300925,计算机,软件开发,801104
300935,计算机,软件开发,801104
300996,计算机,软件开发,801104
600455,计算机,软件开发,801104
600570,计算机,软件开发,801104
600588,计算机,软件开发,801104
600602,计算机,软件开发,801104
600654,计算机,软件开发,801104
601360,计算机,软件开发,801104
601519,计算机,软件开发,801104
603039,计算机,软件开发,801104
603189,计算机,软件开发,801104
603232,计算机,软件开发,801104
603383,计算机,软件开发,801104
603528,计算机,软件开发,801104
603927,计算机,软件开发,801104
603990,计算机,软件开发,801104
688023,计算机,软件开发,801104
688030,计算机,软件开发,801104
688038,计算机,软件开发,801104
688058,计算机,软件开发,801104
688083,计算机,软件开发,801104
688095,计算机,软件开发,801104
688109,计算机,软件开发,801104
688111,计算机,软件开发,801104
688118,计算机,软件开发,801104
688168,计算机,软件开发,801104
688201,计算机,软件开发,801104
688232,计算机,软件开发,801104
688296,计算机,软件开发,801104
688318,计算机,软件开发,801104
688369,计算机,软件开发,801104
688561,计算机,软件开发,801104
688579,计算机,软件开发,801104
688588,计算机,软件开发,801104
688590,计算机,软件开发,801104
688246,计算机,软件开发,801104
300766,计算机,软件开发,801104
301159,计算机,软件开发,801104
002261,计算机,软件开发,801104
688171,计算机,软件开发,801104
688225,计算机,软件开发,801104
688326,计算机,软件开发,801104
301162,计算机,软件开发,801104
301153,计算机,软件开发,801104
301269,计算机,软件开发,801104
301195,计算机,软件开发,801104
301095,计算机,软件开发,801104
301270,计算机,软件开发,801104
688031,计算机,软件开发,801104
688244,计算机,软件开发,801104
688291,计算机,软件开发,801104
688152,计算机,软件开发,801104
688206,计算机,软件开发,801104
688435,计算机,软件开发,801104
301378,计算机,软件开发,801104
688507,计算机,软件开发,801104
688479,计算机,软件开发,801104
301337,计算机,软件开发,801104
301315,计算机,软件开发,801104
688631,计算机,软件开发,801104
688078,计算机,软件开发,801104
688651,计算机,软件开发,801104
688657,计算机,软件开发,801104
688695,计算机,软件开发,801104
688692,计算机,软件开发,801104
600288,计算机,软件开发,801104
688615,计算机,软件开发,801104
000503,计算机,软件开发,801104
002425,传媒,游戏Ⅱ,801764
002517,传媒,游戏Ⅱ,801764
002555,传媒,游戏Ⅱ,801764
002558,传媒,游戏Ⅱ,801764
002602,传媒,游戏Ⅱ,801764
002605,传媒,游戏Ⅱ,801764
002624,传媒,游戏Ⅱ,801764
300002,传媒,游戏Ⅱ,801764
300031,传媒,游戏Ⅱ,801764
300043,传媒,游戏Ⅱ,801764
300052,传媒,游戏Ⅱ,801764
300113,传媒,游戏Ⅱ,801764
300299,传媒,游戏Ⅱ,801764
300315,传媒,游戏Ⅱ,801764
300418,传媒,游戏Ⅱ,801764
300459,传媒,游戏Ⅱ,801764
300467,传媒,游戏Ⅱ,801764
300494,传媒,游戏Ⅱ,801764
300533,传媒,游戏Ⅱ,801764
600633,传媒,游戏Ⅱ,801764
600715,传媒,游戏Ⅱ,801764
600892,传媒,游戏Ⅱ,801764
603258,传媒,游戏Ⅱ,801764
603444,传媒,游戏Ⅱ,801764
002919,传媒,游戏Ⅱ,801764
002174,传媒,游戏Ⅱ,801764
000676,传媒,广告营销,801765
002027,传媒,广告营销,801765
002291,传媒,广告营销,801765
002400,传媒,广告营销,801765
002712,传媒,广告营销,801765
002995,传媒,广告营销,801765
300058,传媒,广告营销,801765
300061,传媒,广告营销,801765
300063,传媒,广告营销,801765
300071,传媒,广告营销,801765
300242,传媒,广告营销,801765
300612,传媒,广告营销,801765
300781,传媒,广告营销,801765
300805,传媒,广告营销,801765
600358,传媒,广告营销,801765
600556,传媒,广告营销,801765
600986,传媒,广告营销,801765
603598,传媒,广告营销,801765
603729,传媒,广告营销,801765
603825,传媒,广告营销,801765
605168,传媒,广告营销,801765
301102,传媒,广告营销,801765
002878,传媒,广告营销,801765
301171,传媒,广告营销,801765
002354,传媒,广告营销,801765
002264,传媒,广告营销,801765
603602,传媒,广告营销,801765
000607,传媒,广告营销,801765
000892,传媒,影视院线,801766
002292,传媒,影视院线,801766
002343,传媒,影视院线,801766
002739,传媒,影视院线,801766
002905,传媒,影视院线,801766
300027,传媒,影视院线,801766
300133,传媒,影视院线,801766
300182,传媒,影视院线,801766
300251,传媒,影视院线,801766
300291,传媒,影视院线,801766
300426,传媒,影视院线,801766
300528,传媒,影视院线,801766
600977,传媒,影视院线,801766
601595,传媒,影视院线,801766
603103,传媒,影视院线,801766
603721,传媒,影视院线,801766
600088,传媒,影视院线,801766
001330,传媒,影视院线,801766
000802,传媒,影视院线,801766
002095,传媒,数字媒体,801767
300295,传媒,数字媒体,801767
300413,传媒,数字媒体,801767
300785,传媒,数字媒体,801767
300987,传媒,数字媒体,801767
600228,传媒,数字媒体,801767
603000,传媒,数字媒体,801767
603533,传媒,数字媒体,801767
603888,传媒,数字媒体,801767
603466,传媒,数字媒体,801767
301313,传媒,数字媒体,801767
301299,传媒,数字媒体,801767
600640,传媒,数字媒体,801767
000681,传媒,数字媒体,801767
000793,传媒,出版,801769
002181,传媒,出版,801769
300364,传媒,出版,801769
300654,传媒,出版,801769
300788,传媒,出版,801769
301025,传媒,出版,801769
301052,传媒,出版,801769
600229,传媒,出版,801769
600373,传媒,出版,801769
600551,传媒,出版,801769
600757,传媒,出版,801769
600825,传媒,出版,801769
601019,传媒,出版,801769
601098,传媒,出版,801769
601801,传媒,出版,801769
601811,传媒,出版,801769
601858,传媒,出版,801769
601900,传媒,出版,801769
601921,传媒,出版,801769
601928,传媒,出版,801769
601949,传媒,出版,801769
601999,传媒,出版,801769
603096,传媒,出版,801769
603999,传媒,出版,801769
605577,传媒,出版,801769
301231,传媒,出版,801769
300148,传媒,出版,801769
603230,传媒,出版,801769
000719,传媒,出版,801769
000665,传媒,电视广播Ⅱ,801995
000917,传媒,电视广播Ⅱ,801995
002238,传媒,电视广播Ⅱ,801995
300770,传媒,电视广播Ⅱ,801995
600037,传媒,电视广播Ⅱ,801995
600637,传媒,电视广播Ⅱ,801995
600831,传媒,电视广播Ⅱ,801995
600936,传媒,电视广播Ⅱ,801995
600959,传媒,电视广播Ⅱ,801995
600996,传媒,电视广播Ⅱ,801995
601929,传媒,电视广播Ⅱ,801995
301262,传媒,电视广播Ⅱ,801995
301551,传媒,电视广播Ⅱ,801995
000156,传媒,电视广播Ⅱ,801995
002115,通信,通信服务,801223
002123,通信,通信服务,801223
002467,通信,通信服务,801223
002544,通信,通信服务,801223
002929,通信,通信服务,801223
300025,通信,通信服务,801223
300081,通信,通信服务,801223
300211,通信,通信服务,801223
300292,通信,通信服务,801223
300310,通信,通信服务,801223
300513,通信,通信服务,801223
300560,通信,通信服务,801223
300571,通信,通信服务,801223
300578,通信,通信服务,801223
300597,通信,通信服务,801223
300921,通信,通信服务,801223
300959,通信,通信服务,801223
600050,通信,通信服务,801223
600289,通信,通信服务,801223
601728,通信,通信服务,801223
603220,通信,通信服务,801223
603322,通信,通信服务,801223
603559,通信,通信服务,801223
600941,通信,通信服务,801223
603206,通信,通信服务,801223
301139,通信,通信服务,801223
000839,通信,通信服务,801223
300603,通信,通信服务,801223
002148,通信,通信服务,801223
301380,通信,通信服务,801223
301382,通信,通信服务,801223
301428,通信,通信服务,801223
300383,通信,通信服务,801223
300442,通信,通信服务,801223
300738,通信,通信服务,801223
603881,通信,通信服务,801223
000889,通信,通信服务,801223
000070,通信,通信设备,801102
000586,通信,通信设备,801102
002017,通信,通信设备,801102
002104,通信,通信设备,801102
002194,通信,通信设备,801102
002281,通信,通信设备,801102
002296,通信,通信设备,801102
002313,通信,通信设备,801102
002396,通信,通信设备,801102
002491,通信,通信设备,801102
002583,通信,通信设备,801102
002792,通信,通信设备,801102
002897,通信,通信设备,801102
002902,通信,通信设备,801102
003031,通信,通信设备,801102
003040,通信,通信设备,801102
300134,通信,通信设备,801102
300183,通信,通信设备,801102
300205,通信,通信设备,801102
300213,通信,通信设备,801102
300308,通信,通信设备,801102
300353,通信,通信设备,801102
300394,通信,通信设备,801102
300414,通信,通信设备,801102
300502,通信,通信设备,801102
300504,通信,通信设备,801102
300548,通信,通信设备,801102
300555,通信,通信设备,801102
300563,通信,通信设备,801102
300565,通信,通信设备,801102
300570,通信,通信设备,801102
300590,通信,通信设备,801102
300615,通信,通信设备,801102
300620,通信,通信设备,801102
300627,通信,通信设备,801102
300628,通信,通信设备,801102
300638,通信,通信设备,801102
300689,通信,通信设备,801102
300698,通信,通信设备,801102
300710,通信,通信设备,801102
300711,通信,通信设备,801102
300913,通信,通信设备,801102
600105,通信,通信设备,801102
600345,通信,通信设备,801102
600487,通信,通信设备,801102
600498,通信,通信设备,801102
600522,通信,通信设备,801102
600734,通信,通信设备,801102
600775,通信,通信设备,801102
600776,通信,通信设备,801102
601869,通信,通信设备,801102
603042,通信,通信设备,801102
603083,通信,通信设备,801102
603118,通信,通信设备,801102
603236,通信,通信设备,801102
603421,通信,通信设备,801102
603803,通信,通信设备,801102
688027,通信,通信设备,801102
688080,通信,通信设备,801102
688100,通信,通信设备,801102
688159,通信,通信设备,801102
688182,通信,通信设备,801102
688313,通信,通信设备,801102
688418,通信,通信设备,801102
688618,通信,通信设备,801102
688668,通信,通信设备,801102
688283,通信,通信设备,801102
301191,通信,通信设备,801102
002796,通信,通信设备,801102
600198,通信,通信设备,801102
688205,通信,通信设备,801102
301205,通信,通信设备,801102
688387,通信,通信设备,801102
301165,通信,通信设备,801102
688143,通信,通信设备,801102
301419,通信,通信设备,801102
301314,通信,通信设备,801102
301202,通信,通信设备,801102
301577,通信,通信设备,801102
688592,通信,通信设备,801102
002881,通信,通信设备,801102
300098,通信,通信设备,801102
688635,通信,通信设备,801102
001267,通信,通信设备,801102
000063,通信,通信设备,801102
000571,煤炭,煤炭开采,801951
000937,煤炭,煤炭开采,801951
000983,煤炭,煤炭开采,801951
002128,煤炭,煤炭开采,801951
600121,煤炭,煤炭开采,801951
600123,煤炭,煤炭开采,801951
600188,煤炭,煤炭开采,801951
600348,煤炭,煤炭开采,801951
600395,煤炭,煤炭开采,801951
600403,煤炭,煤炭开采,801951
600508,煤炭,煤炭开采,801951
600546,煤炭,煤炭开采,801951
600758,煤炭,煤炭开采,801951
600971,煤炭,煤炭开采,801951
600985,煤炭,煤炭开采,801951
601001,煤炭,煤炭开采,801951
601088,煤炭,煤炭开采,801951
601101,煤炭,煤炭开采,801951
601225,煤炭,煤炭开采,801951
601666,煤炭,煤炭开采,801951
601699,煤炭,煤炭开采,801951
601898,煤炭,煤炭开采,801951
601918,煤炭,煤炭开采,801951
600925,煤炭,煤炭开采,801951
600997,煤炭,煤炭开采,801951
000552,煤炭,煤炭开采,801951
600408,煤炭,焦炭Ⅱ,801952
600725,煤炭,焦炭Ⅱ,801952
600740,煤炭,焦炭Ⅱ,801952
600792,煤炭,焦炭Ⅱ,801952
601011,煤炭,焦炭Ⅱ,801952
601015,煤炭,焦炭Ⅱ,801952
000723,煤炭,焦炭Ⅱ,801952
600759,石油石化,油气开采Ⅱ,801961
600777,石油石化,油气开采Ⅱ,801961
600938,石油石化,油气开采Ⅱ,801961
000968,石油石化,油气开采Ⅱ,801961
002554,石油石化,油服工程,801962
002629,石油石化,油服工程,801962
002828,石油石化,油服工程,801962
300164,石油石化,油服工程,801962
300191,石油石化,油服工程,801962
600339,石油石化,油服工程,801962
600583,石油石化,油服工程,801962
600871,石油石化,油服工程,801962
600968,石油石化,油服工程,801962
601808,石油石化,油服工程,801962
603619,石油石化,油服工程,801962
603727,石油石化,油服工程,801962
002207,石油石化,油服工程,801962
000096,石油石化,炼化及贸易,801963
000301,石油石化,炼化及贸易,801963
000554,石油石化,炼化及贸易,801963
000637,石油石化,炼化及贸易,801963
000698,石油石化,炼化及贸易,801963
000703,石油石化,炼化及贸易,801963
000819,石油石化,炼化及贸易,801963
000985,石油石化,炼化及贸易,801963
002221,石油石化,炼化及贸易,801963
002408,石油石化,炼化及贸易,801963
002476,石油石化,炼化及贸易,801963
002493,石油石化,炼化及贸易,801963
002986,石油石化,炼化及贸易,801963
300135,石油石化,炼化及贸易,801963
300839,石油石化,炼化及贸易,801963
600028,石油石化,炼化及贸易,801963
600256,石油石化,炼化及贸易,801963
600346,石油石化,炼化及贸易,801963
600688,石油石化,炼化及贸易,801963
600800,石油石化,炼化及贸易,801963
601233,石油石化,炼化及贸易,801963
601857,石油石化,炼化及贸易,801963
603353,石油石化,炼化及贸易,801963
603798,石油石化,炼化及贸易,801963
001316,石油石化,炼化及贸易,801963
600506,石油石化,炼化及贸易,801963
603223,石油石化,炼化及贸易,801963
002377,石油石化,炼化及贸易,801963
300055,石油石化,炼化及贸易,801963
000059,石油石化,炼化及贸易,801963
000068,环保,环境治理,801971
000544,环保,环境治理,801971
000598,环保,环境治理,801971
000605,环保,环境治理,801971
000685,环保,环境治理,801971
000826,环保,环境治理,801971
002034,环保,环境治理,801971
002266,环保,环境治理,801971
002672,环保,环境治理,801971
002887,环保,环境治理,801971
002973,环保,环境治理,801971
003027,环保,环境治理,801971
003039,环保,环境治理,801971
300056,环保,环境治理,801971
300070,环保,环境治理,801971
300152,环保,环境治理,801971
300172,环保,环境治理,801971
300190,环保,环境治理,801971
300266,环保,环境治理,801971
300334,环保,环境治理,801971
300385,环保,环境治理,801971
300388,环保,环境治理,801971
300422,环保,环境治理,801971
300437,环保,环境治理,801971
300614,环保,环境治理,801971
300664,环保,环境治理,801971
300692,环保,环境治理,801971
300774,环保,环境治理,801971
300779,环保,环境治理,801971
300815,环保,环境治理,801971
300854,环保,环境治理,801971
300864,环保,环境治理,801971
300867,环保,环境治理,801971
300899,环保,环境治理,801971
300929,环保,环境治理,801971
300958,环保,环境治理,801971
300961,环保,环境治理,801971
301049,环保,环境治理,801971
301068,环保,环境治理,801971
600008,环保,环境治理,801971
600168,环保,环境治理,801971
600187,环保,环境治理,801971
600217,环保,环境治理,801971
600283,环保,环境治理,801971
600323,环保,环境治理,801971
600461,环保,环境治理,801971
600769,环保,环境治理,801971
600874,环保,环境治理,801971
601158,环保,环境治理,801971
601199,环保,环境治理,801971
601200,环保,环境治理,801971
601330,环保,环境治理,801971
601368,环保,环境治理,801971
601827,环保,环境治理,801971
603177,环保,环境治理,801971
603200,环保,环境治理,801971
603568,环保,环境治理,801971
603588,环保,环境治理,801971
603759,环保,环境治理,801971
603797,环保,环境治理,801971
603817,环保,环境治理,801971
603903,环保,环境治理,801971
605069,环保,环境治理,801971
688057,环保,环境治理,801971
688069,环保,环境治理,801971
688096,环保,环境治理,801971
688101,环保,环境治理,801971
688335,环保,环境治理,801971
688466,环保,环境治理,801971
688565,环保,环境治理,801971
688679,环保,环境治理,801971
688701,环保,环境治理,801971
301127,环保,环境治理,801971
301109,环保,环境治理,801971
301148,环保,环境治理,801971
301259,环保,环境治理,801971
301175,环保,环境治理,801971
001230,环保,环境治理,801971
000711,环保,环境治理,801971
002210,环保,环境治理,801971
300187,环保,环境治理,801971
600796,环保,环境治理,801971
603315,环保,环境治理,801971
688178,环保,环境治理,801971
688370,环保,环境治理,801971
688480,环保,环境治理,801971
301265,环保,环境治理,801971
603291,环保,环境治理,801971
301203,环保,环境治理,801971
301305,环保,环境治理,801971
002573,环保,环境治理,801971
301519,环保,环境治理,801971
301372,环保,环境治理,801971
601033,环保,环境治理,801971
000885,环保,环境治理,801971
000546,环保,环境治理,801971
002778,环保,环境治理,801971
300140,环保,环境治理,801971
300425,环保,环境治理,801971
301500,环保,环境治理,801971
603686,环保,环境治理,801971
600133,环保,环境治理,801971
000803,环保,环境治理,801971
000035,环保,环境治理,801971
000967,环保,环保设备Ⅱ,801972
002645,环保,环保设备Ⅱ,801972
002658,环保,环保设备Ⅱ,801972
300137,环保,环保设备Ⅱ,801972
300210,环保,环保设备Ⅱ,801972
300631,环保,环保设备Ⅱ,801972
300786,环保,环保设备Ⅱ,801972
300800,环保,环保设备Ⅱ,801972
301081,环保,环保设备Ⅱ,801972
600526,环保,环保设备Ⅱ,801972
603324,环保,环保设备Ⅱ,801972
688309,环保,环保设备Ⅱ,801972
688501,环保,环保设备Ⅱ,801972
301288,环保,环保设备Ⅱ,801972
001336,环保,环保设备Ⅱ,801972
000890,环保,环保设备Ⅱ,801972
300203,环保,环保设备Ⅱ,801972
600388,环保,环保设备Ⅱ,801972
600817,环保,环保设备Ⅱ,801972
688376,环保,环保设备Ⅱ,801972
603282,环保,环保设备Ⅱ,801972
688671,环保,环保设备Ⅱ,801972
000820,环保,环保设备Ⅱ,801972
603126,环保,环保设备Ⅱ,801972
300105,环保,环保设备Ⅱ,801972
000551,环保,环保设备Ⅱ,801972
002511,美容护理,个护用品,801981
003006,美容护理,个护用品,801981
300658,美容护理,个护用品,801981
300888,美容护理,个护用品,801981
301009,美容护理,个护用品,801981
301108,美容护理,个护用品,801981
600249,美容护理,个护用品,801981
603059,美容护理,个护用品,801981
605009,美容护理,个护用品,801981
001328,美容护理,个护用品,801981
603193,美容护理,个护用品,801981
001206,美容护理,个护用品,801981
300132,美容护理,化妆品,801982
300740,美容护理,化妆品,801982
300849,美容护理,化妆品,801982
300856,美容护理,化妆品,801982
300955,美容护理,化妆品,801982
300957,美容护理,化妆品,801982
600315,美容护理,化妆品,801982
603605,美容护理,化妆品,801982
603630,美容护理,化妆品,801982
603983,美容护理,化妆品,801982
301371,美容护理,化妆品,801982
600223,美容护理,化妆品,801982
002094,美容护理,化妆品,801982
300896,美容护理,医疗美容,801983
688363,美容护理,医疗美容,801983
000615,美容护理,医疗美容,801983
