stock_code,stock_name,close,prev_close,amount_yuan,volume,return,amount_100m,snapshot_source,snapshot_date
300308,中际旭创,864.4100000000,870.2200000000,6900747448.8900003433,80709.0000000000,-0.0067000000,69.0074744889,东方财富沪深京A股延迟行情直连,2026-08-25
603986,兆易创新,384.9800000000,381.6600000000,4974803214.0000000000,131928.0000000000,0.0087000000,49.7480321400,东方财富沪深京A股延迟行情直连,2026-08-25
300502,新易盛,409.2700000000,412.0000000000,4939128783.5799999237,122809.0000000000,-0.0066000000,49.3912878358,东方财富沪深京A股延迟行情直连,2026-08-25
688825,长鑫科技,56.3000000000,56.6000000000,4269448045.0000000000,767794.0000000000,-0.0053000000,42.6944804500,东方财富沪深京A股延迟行情直连,2026-08-25
002384,东山精密,193.0700000000,193.6000000000,3917297712.8400001526,205719.0000000000,-0.0027000000,39.1729771284,东方财富沪深京A股延迟行情直连,2026-08-25
688256,寒武纪,1002.0000000000,969.0500000000,3792363797.0000000000,38624.0000000000,0.0340000000,37.9236379700,东方财富沪深京A股延迟行情直连,2026-08-25
603259,药明康德,158.4000000000,155.8400000000,3368664936.0000000000,214735.0000000000,0.0164000000,33.6866493600,东方财富沪深京A股延迟行情直连,2026-08-25
300394,天孚通信,249.0000000000,249.5000000000,3127864906.1900000572,127213.0000000000,-0.0020000000,31.2786490619,东方财富沪深京A股延迟行情直连,2026-08-25
601899,紫金矿业,33.7700000000,34.5400000000,2865920473.0000000000,838559.0000000000,-0.0223000000,28.6592047300,东方财富沪深京A股延迟行情直连,2026-08-25
002716,湖南白银,10.9400000000,11.4600000000,2833505883.1100001335,2500001.0000000000,-0.0454000000,28.3350588311,东方财富沪深京A股延迟行情直连,2026-08-25
600487,亨通光电,58.5500000000,60.4300000000,2743425987.0000000000,474311.0000000000,-0.0311000000,27.4342598700,东方财富沪深京A股延迟行情直连,2026-08-25
601212,白银有色,6.6300000000,6.7000000000,2733321073.0000000000,3977706.0000000000,-0.0104000000,27.3332107300,东方财富沪深京A股延迟行情直连,2026-08-25
600460,士兰微,34.1200000000,35.5600000000,2646539122.0000000000,785593.0000000000,-0.0405000000,26.4653912200,东方财富沪深京A股延迟行情直连,2026-08-25
600183,生益科技,128.2300000000,126.3000000000,2631709716.0000000000,208744.0000000000,0.0153000000,26.3170971600,东方财富沪深京A股延迟行情直连,2026-08-25
600584,长电科技,73.2500000000,73.8000000000,2553235362.0000000000,352920.0000000000,-0.0075000000,25.5323536200,东方财富沪深京A股延迟行情直连,2026-08-25
002837,英维克,59.1600000000,54.7500000000,2396684601.0700001717,421207.0000000000,0.0805000000,23.9668460107,东方财富沪深京A股延迟行情直连,2026-08-25
000725,京东方Ａ,5.6400000000,5.7500000000,2335605876.5599999428,4171445.0000000000,-0.0191000000,23.3560587656,东方财富沪深京A股延迟行情直连,2026-08-25
600176,中国巨石,38.4200000000,39.8700000000,2274607930.0000000000,595759.0000000000,-0.0364000000,22.7460793000,东方财富沪深京A股延迟行情直连,2026-08-25
002428,云南锗业,92.7000000000,95.3700000000,2086726075.8800001144,226344.0000000000,-0.0280000000,20.8672607588,东方财富沪深京A股延迟行情直连,2026-08-25
300604,长川科技,260.5400000000,271.1000000000,2036423373.1099998951,78646.0000000000,-0.0390000000,20.3642337311,东方财富沪深京A股延迟行情直连,2026-08-25
688169,石头科技,135.0000000000,112.5000000000,2013842283.0000000000,153694.0000000000,0.2000000000,20.1384228300,东方财富沪深京A股延迟行情直连,2026-08-25
688012,中微公司,351.1800000000,357.6500000000,2010859285.0000000000,57588.0000000000,-0.0181000000,20.1085928500,东方财富沪深京A股延迟行情直连,2026-08-25
002015,协鑫能科,16.3000000000,15.5700000000,2008387830.2200000286,1227279.0000000000,0.0469000000,20.0838783022,东方财富沪深京A股延迟行情直连,2026-08-25
600547,山东黄金,34.7500000000,36.5000000000,1954969864.0000000000,550692.0000000000,-0.0479000000,19.5496986400,东方财富沪深京A股延迟行情直连,2026-08-25
300666,江丰电子,229.5000000000,250.4000000000,1936746291.5000000000,84177.0000000000,-0.0835000000,19.3674629150,东方财富沪深京A股延迟行情直连,2026-08-25
002371,北方华创,693.4000000000,707.9000000000,1936090767.7799999714,28199.0000000000,-0.0205000000,19.3609076778,东方财富沪深京A股延迟行情直连,2026-08-25
601869,长飞光纤,365.0000000000,379.1900000000,1912890583.0000000000,53023.0000000000,-0.0374000000,19.1289058300,东方财富沪深京A股延迟行情直连,2026-08-25
000657,中钨高新,63.4500000000,66.7600000000,1889159460.8699998856,295080.0000000000,-0.0496000000,18.8915946087,东方财富沪深京A股延迟行情直连,2026-08-25
600367,红星发展,38.3500000000,38.1500000000,1863966006.0000000000,482478.0000000000,0.0052000000,18.6396600600,东方财富沪深京A股延迟行情直连,2026-08-25
600206,有研新材,51.4200000000,52.5200000000,1821553037.0000000000,348670.0000000000,-0.0209000000,18.2155303700,东方财富沪深京A股延迟行情直连,2026-08-25
300476,胜宏科技,245.0000000000,245.0000000000,1777407744.2699999809,73567.0000000000,0.0000000000,17.7740774427,东方财富沪深京A股延迟行情直连,2026-08-25
002475,立讯精密,52.7500000000,53.7200000000,1765004138.5199999809,336948.0000000000,-0.0181000000,17.6500413852,东方财富沪深京A股延迟行情直连,2026-08-25
300750,宁德时代,384.3400000000,387.8900000000,1750482868.9800000191,45270.0000000000,-0.0092000000,17.5048286898,东方财富沪深京A股延迟行情直连,2026-08-25
300139,晓程科技,54.6800000000,58.3300000000,1742752635.1099998951,309345.0000000000,-0.0626000000,17.4275263511,东方财富沪深京A股延迟行情直连,2026-08-25
000603,盛达资源,36.4700000000,39.8600000000,1738905967.9900000095,463843.0000000000,-0.0850000000,17.3890596799,东方财富沪深京A股延迟行情直连,2026-08-25
002437,誉衡药业,4.2400000000,3.9400000000,1732123693.0299999714,4138005.0000000000,0.0761000000,17.3212369303,东方财富沪深京A股延迟行情直连,2026-08-25
603186,华正新材,168.5600000000,165.2800000000,1724430542.0000000000,101710.0000000000,0.0198000000,17.2443054200,东方财富沪深京A股延迟行情直连,2026-08-25
000426,兴业银锡,39.4700000000,42.2900000000,1705022142.3599998951,423123.0000000000,-0.0667000000,17.0502214236,东方财富沪深京A股延迟行情直连,2026-08-25
600988,赤峰黄金,46.8000000000,48.7700000000,1643606191.0000000000,345259.0000000000,-0.0404000000,16.4360619100,东方财富沪深京A股延迟行情直连,2026-08-25
300285,国瓷材料,61.7900000000,64.1000000000,1632088883.2500000000,265513.0000000000,-0.0360000000,16.3208888325,东方财富沪深京A股延迟行情直连,2026-08-25
600330,天通股份,27.3700000000,26.0700000000,1620330246.0000000000,604337.0000000000,0.0499000000,16.2033024600,东方财富沪深京A股延迟行情直连,2026-08-25
688766,普冉股份,397.3600000000,411.0000000000,1611362147.0000000000,41165.0000000000,-0.0332000000,16.1136214700,东方财富沪深京A股延迟行情直连,2026-08-25
300209,行云科技,34.7600000000,33.9000000000,1582173866.7100000381,458910.0000000000,0.0254000000,15.8217386671,东方财富沪深京A股延迟行情直连,2026-08-25
002281,光迅科技,163.8600000000,166.3900000000,1543872026.2999999523,95044.0000000000,-0.0152000000,15.4387202630,东方财富沪深京A股延迟行情直连,2026-08-25
300433,蓝思科技,36.6400000000,37.9500000000,1492122091.9400000572,409694.0000000000,-0.0345000000,14.9212209194,东方财富沪深京A股延迟行情直连,2026-08-25
601138,工业富联,59.6400000000,60.4000000000,1487742524.0000000000,251242.0000000000,-0.0126000000,14.8774252400,东方财富沪深京A股延迟行情直连,2026-08-25
000636,风华高科,50.6300000000,51.9100000000,1466314089.8800001144,291890.0000000000,-0.0247000000,14.6631408988,东方财富沪深京A股延迟行情直连,2026-08-25
688072,拓荆科技,647.0100000000,684.1300000000,1461735850.0000000000,22460.0000000000,-0.0543000000,14.6173585000,东方财富沪深京A股延迟行情直连,2026-08-25
601318,中国平安,54.7900000000,54.9200000000,1453521876.0000000000,264440.0000000000,-0.0024000000,14.5352187600,东方财富沪深京A股延迟行情直连,2026-08-25
300408,三环集团,106.5600000000,108.9400000000,1432687538.9200000763,136154.0000000000,-0.0218000000,14.3268753892,东方财富沪深京A股延迟行情直连,2026-08-25
688498,源杰科技,1534.7200000000,1541.0000000000,1429530021.0000000000,9422.0000000000,-0.0041000000,14.2953002100,东方财富沪深京A股延迟行情直连,2026-08-25
600309,万华化学,74.0900000000,73.1900000000,1428424548.0000000000,191329.0000000000,0.0123000000,14.2842454800,东方财富沪深京A股延迟行情直连,2026-08-25
002491,通鼎互联,20.2500000000,20.8100000000,1418392999.1600000858,702967.0000000000,-0.0269000000,14.1839299916,东方财富沪深京A股延迟行情直连,2026-08-25
600667,太极实业,19.7200000000,20.3000000000,1393599309.0000000000,715829.0000000000,-0.0286000000,13.9359930900,东方财富沪深京A股延迟行情直连,2026-08-25
688008,澜起科技,189.9400000000,191.8300000000,1377050008.0000000000,72919.0000000000,-0.0099000000,13.7705000800,东方财富沪深京A股延迟行情直连,2026-08-25
603993,洛阳钼业,18.4300000000,18.9900000000,1370727010.0000000000,737084.0000000000,-0.0295000000,13.7072701000,东方财富沪深京A股延迟行情直连,2026-08-25
600522,中天科技,31.8100000000,32.5300000000,1360015381.0000000000,430271.0000000000,-0.0221000000,13.6001538100,东方财富沪深京A股延迟行情直连,2026-08-25
688143,长盈通,156.4900000000,150.2200000000,1340654716.0000000000,86889.0000000000,0.0417000000,13.4065471600,东方财富沪深京A股延迟行情直连,2026-08-25
002463,沪电股份,116.3000000000,115.5700000000,1334823913.9400000572,116390.0000000000,0.0063000000,13.3482391394,东方财富沪深京A股延迟行情直连,2026-08-25
002407,多氟多,33.3800000000,34.5700000000,1334724062.0099999905,401207.0000000000,-0.0344000000,13.3472406201,东方财富沪深京A股延迟行情直连,2026-08-25
688041,海光信息,230.5100000000,230.8100000000,1318417351.0000000000,57415.0000000000,-0.0013000000,13.1841735100,东方财富沪深京A股延迟行情直连,2026-08-25
002156,通富微电,60.7000000000,61.2400000000,1314537394.5199999809,218742.0000000000,-0.0088000000,13.1453739452,东方财富沪深京A股延迟行情直连,2026-08-25
001309,德明利,395.0000000000,400.3600000000,1278261943.1900000572,32735.0000000000,-0.0134000000,12.7826194319,东方财富沪深京A股延迟行情直连,2026-08-25
688981,中芯国际,119.4200000000,120.5800000000,1273574726.0000000000,107149.0000000000,-0.0096000000,12.7357472600,东方财富沪深京A股延迟行情直连,2026-08-25
688361,中科飞测,339.5200000000,349.5000000000,1251654762.0000000000,37337.0000000000,-0.0286000000,12.5165476200,东方财富沪深京A股延迟行情直连,2026-08-25
301308,江波龙,360.9600000000,364.9000000000,1230254354.5999999046,34406.0000000000,-0.0108000000,12.3025435460,东方财富沪深京A股延迟行情直连,2026-08-25
002409,雅克科技,134.8200000000,140.5900000000,1227150382.8199999332,92288.0000000000,-0.0410000000,12.2715038282,东方财富沪深京A股延迟行情直连,2026-08-25
300142,沃森生物,14.1800000000,14.9000000000,1219613289.0399999619,851563.0000000000,-0.0483000000,12.1961328904,东方财富沪深京A股延迟行情直连,2026-08-25
300189,神农种业,6.3600000000,5.8400000000,1217130302.9100000858,1932759.0000000000,0.0890000000,12.1713030291,东方财富沪深京A股延迟行情直连,2026-08-25
002821,凯莱英,164.5000000000,156.5700000000,1192076813.5399999619,74042.0000000000,0.0506000000,11.9207681354,东方财富沪深京A股延迟行情直连,2026-08-25
000938,紫光股份,34.7200000000,34.4900000000,1179914338.2500000000,342737.0000000000,0.0067000000,11.7991433825,东方财富沪深京A股延迟行情直连,2026-08-25
300390,天华新能,63.0300000000,67.2300000000,1170554392.5499999523,181709.0000000000,-0.0625000000,11.7055439255,东方财富沪深京A股延迟行情直连,2026-08-25
001337,四川黄金,55.1800000000,56.6000000000,1157699977.1600000858,203279.0000000000,-0.0251000000,11.5769997716,东方财富沪深京A股延迟行情直连,2026-08-25
002185,华天科技,16.4400000000,16.8800000000,1157374011.1600000858,710142.0000000000,-0.0261000000,11.5737401116,东方财富沪深京A股延迟行情直连,2026-08-25
002192,融捷股份,73.0600000000,76.8500000000,1139875284.5299999714,153606.0000000000,-0.0493000000,11.3987528453,东方财富沪深京A股延迟行情直连,2026-08-25
002176,江特电机,9.5300000000,9.1500000000,1139374159.5999999046,1171283.0000000000,0.0415000000,11.3937415960,东方财富沪深京A股延迟行情直连,2026-08-25
688525,佰维存储,223.0100000000,225.5900000000,1116361517.0000000000,50304.0000000000,-0.0114000000,11.1636151700,东方财富沪深京A股延迟行情直连,2026-08-25
300124,汇川技术,60.2600000000,58.3000000000,1112288128.2000000477,183360.0000000000,0.0336000000,11.1228812820,东方财富沪深京A股延迟行情直连,2026-08-25
002412,汉森制药,12.3300000000,11.2100000000,1109331090.0499999523,955796.0000000000,0.0999000000,11.0933109005,东方财富沪深京A股延迟行情直连,2026-08-25
300759,康龙化成,44.6700000000,44.8600000000,1101127238.5899999142,247452.0000000000,-0.0042000000,11.0112723859,东方财富沪深京A股延迟行情直连,2026-08-25
600869,远东股份,15.4300000000,16.1600000000,1095432323.0000000000,705595.0000000000,-0.0452000000,10.9543232300,东方财富沪深京A股延迟行情直连,2026-08-25
600489,中金黄金,26.4000000000,27.2600000000,1090162264.0000000000,406283.0000000000,-0.0315000000,10.9016226400,东方财富沪深京A股延迟行情直连,2026-08-25
300548,长芯博创,191.1500000000,198.9400000000,1078429692.9300000668,56566.0000000000,-0.0392000000,10.7842969293,东方财富沪深京A股延迟行情直连,2026-08-25
688432,有研硅,44.0100000000,48.2900000000,1076455808.0000000000,237267.0000000000,-0.0886000000,10.7645580800,东方财富沪深京A股延迟行情直连,2026-08-25
300570,太辰光,198.1400000000,202.9000000000,1067111451.2699999809,53735.0000000000,-0.0235000000,10.6711145127,东方财富沪深京A股延迟行情直连,2026-08-25
603629,利通电子,118.2500000000,121.7800000000,1064063803.0000000000,90499.0000000000,-0.0290000000,10.6406380300,东方财富沪深京A股延迟行情直连,2026-08-25
002975,博杰股份,106.6900000000,108.8800000000,1052522799.8300000429,99574.0000000000,-0.0201000000,10.5252279983,东方财富沪深京A股延迟行情直连,2026-08-25
000506,招金黄金,20.7500000000,22.3400000000,1051938034.9700000286,490071.0000000000,-0.0712000000,10.5193803497,东方财富沪深京A股延迟行情直连,2026-08-25
688146,中船特气,242.3700000000,250.0800000000,1020598129.0000000000,42169.0000000000,-0.0308000000,10.2059812900,东方财富沪深京A股延迟行情直连,2026-08-25
301511,德福科技,79.0000000000,81.8700000000,1008234389.2899999619,128365.0000000000,-0.0351000000,10.0823438929,东方财富沪深京A股延迟行情直连,2026-08-25
600519,贵州茅台,1307.0000000000,1304.6600000000,1000122006.0000000000,7639.0000000000,0.0018000000,10.0012200600,东方财富沪深京A股延迟行情直连,2026-08-25
600664,哈药股份,8.3400000000,8.2200000000,996614532.0000000000,1215195.0000000000,0.0146000000,9.9661453200,东方财富沪深京A股延迟行情直连,2026-08-25
600105,永鼎股份,37.2700000000,38.0500000000,993976038.0000000000,268541.0000000000,-0.0205000000,9.9397603800,东方财富沪深京A股延迟行情直连,2026-08-25
600722,金牛化工,14.3800000000,14.3800000000,987485661.0000000000,676423.0000000000,0.0000000000,9.8748566100,东方财富沪深京A股延迟行情直连,2026-08-25
002580,圣阳股份,20.2200000000,21.0500000000,982435396.8799999952,470222.0000000000,-0.0394000000,9.8243539688,东方财富沪深京A股延迟行情直连,2026-08-25
603083,剑桥科技,169.5000000000,174.9900000000,979317633.0000000000,57640.0000000000,-0.0314000000,9.7931763300,东方财富沪深京A股延迟行情直连,2026-08-25
300607,拓斯达,36.5600000000,33.3200000000,976801150.0199999809,281900.0000000000,0.0972000000,9.7680115002,东方财富沪深京A股延迟行情直连,2026-08-25
002466,天齐锂业,47.4700000000,49.1000000000,971337773.0299999714,201861.0000000000,-0.0332000000,9.7133777303,东方财富沪深京A股延迟行情直连,2026-08-25
601700,风范股份,7.7200000000,7.7100000000,964749611.0000000000,1240825.0000000000,0.0013000000,9.6474961100,东方财富沪深京A股延迟行情直连,2026-08-25
600276,恒瑞医药,46.5500000000,46.7600000000,963083116.0000000000,206599.0000000000,-0.0045000000,9.6308311600,东方财富沪深京A股延迟行情直连,2026-08-25
002080,中材科技,47.8800000000,49.4300000000,958793319.1200000048,201560.0000000000,-0.0314000000,9.5879331912,东方财富沪深京A股延迟行情直连,2026-08-25
301526,国际复材,29.6500000000,30.0900000000,941510906.0900000334,322127.0000000000,-0.0146000000,9.4151090609,东方财富沪深京A股延迟行情直连,2026-08-25
000988,华工科技,101.7600000000,103.3500000000,930376962.8400000334,92084.0000000000,-0.0154000000,9.3037696284,东方财富沪深京A股延迟行情直连,2026-08-25
300373,扬杰科技,93.5100000000,97.8000000000,924747754.2799999714,100377.0000000000,-0.0439000000,9.2474775428,东方财富沪深京A股延迟行情直连,2026-08-25
300857,协创数据,235.7500000000,240.8000000000,923785725.3700000048,39323.0000000000,-0.0210000000,9.2378572537,东方财富沪深京A股延迟行情直连,2026-08-25
688120,华海清科,258.9900000000,266.6600000000,922817315.0000000000,35496.0000000000,-0.0288000000,9.2281731500,东方财富沪深京A股延迟行情直连,2026-08-25
300223,君正股份,131.2900000000,133.6600000000,914801928.6699999571,70260.0000000000,-0.0177000000,9.1480192867,东方财富沪深京A股延迟行情直连,2026-08-25
000617,中油资本,7.4100000000,7.1500000000,908147766.0800000429,1229009.0000000000,0.0364000000,9.0814776608,东方财富沪深京A股延迟行情直连,2026-08-25
002460,赣锋锂业,53.8100000000,55.6300000000,901843804.6599999666,165410.0000000000,-0.0327000000,9.0184380466,东方财富沪深京A股延迟行情直连,2026-08-25
603823,百合花,66.0700000000,69.9800000000,901563385.0000000000,133054.0000000000,-0.0559000000,9.0156338500,东方财富沪深京A股延迟行情直连,2026-08-25
600127,金健米业,9.3100000000,8.4600000000,897971810.0000000000,996323.0000000000,0.1005000000,8.9797181000,东方财富沪深京A股延迟行情直连,2026-08-25
600110,诺德股份,10.5500000000,11.0700000000,894659081.0000000000,841567.0000000000,-0.0470000000,8.9465908100,东方财富沪深京A股延迟行情直连,2026-08-25
002709,天赐材料,35.9200000000,37.4800000000,887360026.3999999762,244774.0000000000,-0.0416000000,8.8736002640,东方财富沪深京A股延迟行情直连,2026-08-25
002436,兴森科技,32.4900000000,33.2400000000,886458286.5700000525,274481.0000000000,-0.0226000000,8.8645828657,东方财富沪深京A股延迟行情直连,2026-08-25
600613,神奇制药,9.7100000000,9.9000000000,885816016.0000000000,912675.0000000000,-0.0192000000,8.8581601600,东方财富沪深京A股延迟行情直连,2026-08-25
002241,歌尔股份,22.9000000000,23.4800000000,885049792.3400000334,385311.0000000000,-0.0247000000,8.8504979234,东方财富沪深京A股延迟行情直连,2026-08-25
688313,仕佳光子,150.1900000000,154.0500000000,880051706.0000000000,58526.0000000000,-0.0251000000,8.8005170600,东方财富沪深京A股延迟行情直连,2026-08-25
688037,芯源微,346.7700000000,366.9500000000,875267269.0000000000,25239.0000000000,-0.0550000000,8.7526726900,东方财富沪深京A股延迟行情直连,2026-08-25
600353,旭光电子,36.0200000000,37.0200000000,874402965.0000000000,244890.0000000000,-0.0270000000,8.7440296500,东方财富沪深京A股延迟行情直连,2026-08-25
600362,江西铜业,44.1900000000,45.9500000000,869562914.0000000000,194413.0000000000,-0.0383000000,8.6956291400,东方财富沪深京A股延迟行情直连,2026-08-25
688596,正帆科技,66.1900000000,71.1500000000,866927866.0000000000,129616.0000000000,-0.0697000000,8.6692786600,东方财富沪深京A股延迟行情直连,2026-08-25
002017,东信和平,16.2100000000,15.9800000000,859426629.3799999952,536901.0000000000,0.0144000000,8.5942662938,东方财富沪深京A股延迟行情直连,2026-08-25
000977,浪潮信息,72.7700000000,73.2200000000,858233194.2799999714,118862.0000000000,-0.0061000000,8.5823319428,东方财富沪深京A股延迟行情直连,2026-08-25
301205,联特科技,289.7600000000,303.9800000000,855883704.0000000000,29650.0000000000,-0.0468000000,8.5588370400,东方财富沪深京A股延迟行情直连,2026-08-25
688347,华虹宏力,222.8800000000,229.0300000000,854462414.0000000000,38380.0000000000,-0.0269000000,8.5446241400,东方财富沪深京A股延迟行情直连,2026-08-25
300274,阳光电源,109.0500000000,111.5000000000,852274340.2400000095,78001.0000000000,-0.0220000000,8.5227434024,东方财富沪深京A股延迟行情直连,2026-08-25
000021,深科技,36.0200000000,36.7900000000,846248424.9600000381,237028.0000000000,-0.0209000000,8.4624842496,东方财富沪深京A股延迟行情直连,2026-08-25
600721,百花医药,14.4700000000,14.1900000000,845492654.0000000000,590376.0000000000,0.0197000000,8.4549265400,东方财富沪深京A股延迟行情直连,2026-08-25
000831,中国稀土,57.3900000000,58.2200000000,844821534.2400000095,144104.0000000000,-0.0143000000,8.4482153424,东方财富沪深京A股延迟行情直连,2026-08-25
002008,大族激光,83.3600000000,86.1000000000,840628856.0599999428,100848.0000000000,-0.0318000000,8.4062885606,东方财富沪深京A股延迟行情直连,2026-08-25
600549,厦门钨业,51.8700000000,53.9300000000,839904671.0000000000,161532.0000000000,-0.0382000000,8.3990467100,东方财富沪深京A股延迟行情直连,2026-08-25
002081,金 螳 螂,5.5000000000,5.0000000000,832905263.9600000381,1627488.0000000000,0.1000000000,8.3290526396,东方财富沪深京A股延迟行情直连,2026-08-25
601288,农业银行,6.9000000000,6.8600000000,832652840.0000000000,1207285.0000000000,0.0058000000,8.3265284000,东方财富沪深京A股延迟行情直连,2026-08-25
000703,恒逸石化,18.5800000000,19.0200000000,832498267.4600000381,449392.0000000000,-0.0231000000,8.3249826746,东方财富沪深京A股延迟行情直连,2026-08-25
301217,铜冠铜箔,108.5500000000,111.1100000000,831323741.2999999523,77239.0000000000,-0.0230000000,8.3132374130,东方财富沪深京A股延迟行情直连,2026-08-25
002536,飞龙股份,49.1000000000,48.8000000000,829921333.6299999952,172472.0000000000,0.0061000000,8.2992133363,东方财富沪深京A股延迟行情直连,2026-08-25
002558,巨人网络,27.0600000000,26.6600000000,809910292.8099999428,299426.0000000000,0.0150000000,8.0991029281,东方财富沪深京A股延迟行情直连,2026-08-25
002851,麦格米特,119.0500000000,119.8400000000,799174119.2300000191,68078.0000000000,-0.0066000000,7.9917411923,东方财富沪深京A股延迟行情直连,2026-08-25
603268,松发股份,188.4600000000,180.9300000000,795213511.0000000000,42818.0000000000,0.0416000000,7.9521351100,东方财富沪深京A股延迟行情直连,2026-08-25
600641,先导基电,30.2700000000,32.1700000000,790505555.0000000000,260269.0000000000,-0.0591000000,7.9050555500,东方财富沪深京A股延迟行情直连,2026-08-25
300620,光库科技,287.0300000000,298.9800000000,775580952.8099999428,26998.0000000000,-0.0400000000,7.7558095281,东方财富沪深京A股延迟行情直连,2026-08-25
300475,香农芯创,149.4800000000,153.0000000000,775399978.5000000000,51873.0000000000,-0.0230000000,7.7539997850,东方财富沪深京A股延迟行情直连,2026-08-25
601958,金钼股份,22.5000000000,23.2900000000,768995588.0000000000,339951.0000000000,-0.0339000000,7.6899558800,东方财富沪深京A股延迟行情直连,2026-08-25
300684,中石科技,86.3600000000,84.2000000000,757544087.8600000143,89581.0000000000,0.0257000000,7.5754408786,东方财富沪深京A股延迟行情直连,2026-08-25
601069,西部黄金,31.3300000000,34.0800000000,754641296.0000000000,234594.0000000000,-0.0807000000,7.5464129600,东方财富沪深京A股延迟行情直连,2026-08-25
688630,芯碁微装,406.5000000000,426.1500000000,752431456.0000000000,18493.0000000000,-0.0461000000,7.5243145600,东方财富沪深京A股延迟行情直连,2026-08-25
688048,长光华芯,286.4400000000,294.0000000000,745155823.0000000000,26168.0000000000,-0.0257000000,7.4515582300,东方财富沪深京A股延迟行情直连,2026-08-25
300757,罗博特科,484.8000000000,496.4000000000,744311391.5700000525,15393.0000000000,-0.0234000000,7.4431139157,东方财富沪深京A股延迟行情直连,2026-08-25
603799,华友钴业,39.0100000000,40.2000000000,743778806.0000000000,188850.0000000000,-0.0296000000,7.4377880600,东方财富沪深京A股延迟行情直连,2026-08-25
600498,烽火通信,38.0000000000,39.1200000000,729630461.0000000000,193308.0000000000,-0.0286000000,7.2963046100,东方财富沪深京A股延迟行情直连,2026-08-25
688521,芯原股份,164.6600000000,168.6600000000,727921491.0000000000,44332.0000000000,-0.0237000000,7.2792149100,东方财富沪深京A股延迟行情直连,2026-08-25
688200,华峰测控,378.5800000000,405.9900000000,721629192.0000000000,18800.0000000000,-0.0675000000,7.2162919200,东方财富沪深京A股延迟行情直连,2026-08-25
688167,炬光科技,257.4500000000,272.3000000000,721168947.0000000000,27863.0000000000,-0.0545000000,7.2116894700,东方财富沪深京A股延迟行情直连,2026-08-25
002240,盛新锂能,30.8900000000,32.9300000000,719667363.0299999714,229000.0000000000,-0.0619000000,7.1966736303,东方财富沪深京A股延迟行情直连,2026-08-25
600900,长江电力,28.2300000000,28.1500000000,718382543.0000000000,254415.0000000000,0.0028000000,7.1838254300,东方财富沪深京A股延迟行情直连,2026-08-25
688356,键凯科技,124.5700000000,124.0000000000,717923289.0000000000,57992.0000000000,0.0046000000,7.1792328900,东方财富沪深京A股延迟行情直连,2026-08-25
300059,东方财富,18.8000000000,18.9200000000,712287684.9700000286,377812.0000000000,-0.0063000000,7.1228768497,东方财富沪深京A股延迟行情直连,2026-08-25
600036,招商银行,39.5700000000,39.5800000000,712233520.0000000000,179580.0000000000,-0.0003000000,7.1223352000,东方财富沪深京A股延迟行情直连,2026-08-25
000333,美的集团,86.6600000000,85.9900000000,710090614.6299999952,81776.0000000000,0.0078000000,7.1009061463,东方财富沪深京A股延迟行情直连,2026-08-25
300054,鼎龙股份,71.0200000000,73.6200000000,710065259.9500000477,100799.0000000000,-0.0353000000,7.1006525995,东方财富沪深京A股延迟行情直连,2026-08-25
300751,迈为股份,197.8800000000,201.7200000000,703213205.3500000238,35576.0000000000,-0.0190000000,7.0321320535,东方财富沪深京A股延迟行情直连,2026-08-25
002552,宝鼎科技,54.7800000000,57.8500000000,701987692.0000000000,127612.0000000000,-0.0531000000,7.0198769200,东方财富沪深京A股延迟行情直连,2026-08-25
688110,东芯股份,111.9500000000,116.1000000000,696808754.0000000000,62242.0000000000,-0.0357000000,6.9680875400,东方财富沪深京A股延迟行情直连,2026-08-25
600737,中粮糖业,14.9800000000,14.5400000000,696368513.0000000000,462623.0000000000,0.0303000000,6.9636851300,东方财富沪深京A股延迟行情直连,2026-08-25
300773,拉卡拉,16.0200000000,15.1500000000,691977568.2599999905,441633.0000000000,0.0574000000,6.9197756826,东方财富沪深京A股延迟行情直连,2026-08-25
300468,四方精创,23.6200000000,22.9900000000,686801245.1699999571,294772.0000000000,0.0274000000,6.8680124517,东方财富沪深京A股延迟行情直连,2026-08-25
601606,长城军工,31.3900000000,30.5300000000,678970079.0000000000,213047.0000000000,0.0282000000,6.7897007900,东方财富沪深京A股延迟行情直连,2026-08-25
601872,招商轮船,18.9500000000,19.0000000000,677534907.0000000000,353838.0000000000,-0.0026000000,6.7753490700,东方财富沪深京A股延迟行情直连,2026-08-25
600111,北方稀土,39.7900000000,40.4200000000,675249057.0000000000,168133.0000000000,-0.0156000000,6.7524905700,东方财富沪深京A股延迟行情直连,2026-08-25
605358,立昂微,42.2900000000,44.4700000000,672133624.0000000000,158650.0000000000,-0.0490000000,6.7213362400,东方财富沪深京A股延迟行情直连,2026-08-25
002906,华阳集团,28.2700000000,28.2300000000,668635538.0000000000,230255.0000000000,0.0014000000,6.6863553800,东方财富沪深京A股延迟行情直连,2026-08-25
688126,沪硅产业,23.6100000000,24.7300000000,668395858.0000000000,284710.0000000000,-0.0453000000,6.6839585800,东方财富沪深京A股延迟行情直连,2026-08-25
002172,澳洋健康,4.6100000000,4.4400000000,665946516.6699999571,1413156.0000000000,0.0383000000,6.6594651667,东方财富沪深京A股延迟行情直连,2026-08-25
002484,江海股份,58.1900000000,59.5000000000,665009231.8999999762,114950.0000000000,-0.0220000000,6.6500923190,东方财富沪深京A股延迟行情直连,2026-08-25
600186,莲花控股,11.3000000000,11.3300000000,659377766.0000000000,587566.0000000000,-0.0026000000,6.5937776600,东方财富沪深京A股延迟行情直连,2026-08-25
601398,工商银行,7.9100000000,7.8900000000,658952154.0000000000,832380.0000000000,0.0025000000,6.5895215400,东方财富沪深京A股延迟行情直连,2026-08-25
002396,星网锐捷,31.1900000000,32.0800000000,658087632.9099999666,213584.0000000000,-0.0277000000,6.5808763291,东方财富沪深京A股延迟行情直连,2026-08-25
000975,山金国际,27.9800000000,29.2600000000,657325750.0299999714,230019.0000000000,-0.0437000000,6.5732575003,东方财富沪深京A股延迟行情直连,2026-08-25
000723,美锦能源,3.9500000000,3.8900000000,656832615.6499999762,1641297.0000000000,0.0154000000,6.5683261565,东方财富沪深京A股延迟行情直连,2026-08-25
300014,亿纬锂能,54.0900000000,55.8200000000,655615678.2899999619,120162.0000000000,-0.0310000000,6.5561567829,东方财富沪深京A股延迟行情直连,2026-08-25
601208,东材科技,42.1800000000,43.7200000000,653229562.0000000000,155375.0000000000,-0.0352000000,6.5322956200,东方财富沪深京A股延迟行情直连,2026-08-25
600403,大有能源,7.2700000000,7.3000000000,653049712.0000000000,885044.0000000000,-0.0041000000,6.5304971200,东方财富沪深京A股延迟行情直连,2026-08-25
000620,盈新发展,3.3900000000,3.4700000000,650854298.0399999619,1932209.0000000000,-0.0231000000,6.5085429804,东方财富沪深京A股延迟行情直连,2026-08-25
603228,景旺电子,90.7200000000,91.6400000000,649946854.0000000000,71587.0000000000,-0.0100000000,6.4994685400,东方财富沪深京A股延迟行情直连,2026-08-25
002703,浙江世宝,15.5700000000,14.4300000000,649768743.0900000334,433558.0000000000,0.0790000000,6.4976874309,东方财富沪深京A股延迟行情直连,2026-08-25
003040,楚天龙,15.4800000000,14.0700000000,644355414.7500000000,430891.0000000000,0.1002000000,6.4435541475,东方财富沪深京A股延迟行情直连,2026-08-25
600313,农发种业,6.9900000000,6.6500000000,635123987.0000000000,905575.0000000000,0.0511000000,6.3512398700,东方财富沪深京A股延迟行情直连,2026-08-25
300760,迈瑞医疗,160.7900000000,158.6800000000,634646703.2100000381,39661.0000000000,0.0133000000,6.3464670321,东方财富沪深京A股延迟行情直连,2026-08-25
688017,绿的谐波,297.5000000000,295.1500000000,634537838.0000000000,21502.0000000000,0.0080000000,6.3453783800,东方财富沪深京A股延迟行情直连,2026-08-25
688702,盛科通信-U,347.0000000000,351.3900000000,633986292.0000000000,18396.0000000000,-0.0125000000,6.3398629200,东方财富沪深京A股延迟行情直连,2026-08-25
000962,东方钽业,52.8100000000,51.4000000000,629594011.2100000381,119810.0000000000,0.0274000000,6.2959401121,东方财富沪深京A股延迟行情直连,2026-08-25
603318,水发燃气,10.0200000000,9.3100000000,628284603.0000000000,636852.0000000000,0.0763000000,6.2828460300,东方财富沪深京A股延迟行情直连,2026-08-25
688333,铂力特,100.4800000000,104.9100000000,627481373.0000000000,62554.0000000000,-0.0422000000,6.2748137300,东方财富沪深京A股延迟行情直连,2026-08-25
601166,兴业银行,18.1000000000,18.2800000000,627091621.0000000000,344670.0000000000,-0.0098000000,6.2709162100,东方财富沪深京A股延迟行情直连,2026-08-25
301396,宏景科技,168.6600000000,172.8600000000,622154518.3999999762,37068.0000000000,-0.0243000000,6.2215451840,东方财富沪深京A股延迟行情直连,2026-08-25
300534,陇神戎发,17.0700000000,16.7000000000,621729887.5000000000,362180.0000000000,0.0222000000,6.2172988750,东方财富沪深京A股延迟行情直连,2026-08-25
600610,中毅达,8.9600000000,8.6600000000,620442180.0000000000,685197.0000000000,0.0346000000,6.2044218000,东方财富沪深京A股延迟行情直连,2026-08-25
301018,申菱环境,93.1000000000,89.7000000000,619322519.6200000048,68324.0000000000,0.0379000000,6.1932251962,东方财富沪深京A股延迟行情直连,2026-08-25
603005,晶方科技,29.6200000000,31.6500000000,616236180.0000000000,208751.0000000000,-0.0641000000,6.1623618000,东方财富沪深京A股延迟行情直连,2026-08-25
603118,共进股份,16.0200000000,16.0100000000,616029358.0000000000,391617.0000000000,0.0006000000,6.1602935800,东方财富沪深京A股延迟行情直连,2026-08-25
300313,天山生物,16.4200000000,15.3600000000,613747581.9900000095,374003.0000000000,0.0690000000,6.1374758199,东方财富沪深京A股延迟行情直连,2026-08-25
688396,华润微,58.3000000000,61.2200000000,613484599.0000000000,105593.0000000000,-0.0477000000,6.1348459900,东方财富沪深京A股延迟行情直连,2026-08-25
002506,协鑫集成,2.6300000000,2.7800000000,610486136.0800000429,2300557.0000000000,-0.0540000000,6.1048613608,东方财富沪深京A股延迟行情直连,2026-08-25
002916,深南电路,340.1400000000,343.6300000000,609724151.0000000000,18104.0000000000,-0.0102000000,6.0972415100,东方财富沪深京A股延迟行情直连,2026-08-25
002202,金风科技,18.4800000000,18.3000000000,609602679.3300000429,331795.0000000000,0.0098000000,6.0960267933,东方财富沪深京A股延迟行情直连,2026-08-25
601919,中远海控,17.2600000000,17.4200000000,609459430.0000000000,353525.0000000000,-0.0092000000,6.0945943000,东方财富沪深京A股延迟行情直连,2026-08-25
600598,北大荒,13.4200000000,12.7700000000,608237793.0000000000,457087.0000000000,0.0509000000,6.0823779300,东方财富沪深京A股延迟行情直连,2026-08-25
601168,西部矿业,35.7200000000,36.7000000000,605452377.0000000000,167655.0000000000,-0.0267000000,6.0545237700,东方财富沪深京A股延迟行情直连,2026-08-25
603958,哈森股份,23.6800000000,22.6100000000,604797238.0000000000,261599.0000000000,0.0473000000,6.0479723800,东方财富沪深京A股延迟行情直连,2026-08-25
000792,盐湖股份,27.8500000000,28.4800000000,604678488.7200000286,214626.0000000000,-0.0221000000,6.0467848872,东方财富沪深京A股延迟行情直连,2026-08-25
600961,株冶集团,26.3300000000,27.8200000000,600803091.0000000000,224748.0000000000,-0.0536000000,6.0080309100,东方财富沪深京A股延迟行情直连,2026-08-25
688627,精智达,444.0500000000,465.2900000000,595347482.0000000000,13399.0000000000,-0.0456000000,5.9534748200,东方财富沪深京A股延迟行情直连,2026-08-25
002165,红 宝 丽,8.0800000000,8.0700000000,594783423.2699999809,726746.0000000000,0.0012000000,5.9478342327,东方财富沪深京A股延迟行情直连,2026-08-25
600096,云天化,30.2600000000,29.9100000000,593943165.0000000000,195399.0000000000,0.0117000000,5.9394316500,东方财富沪深京A股延迟行情直连,2026-08-25
600378,昊华科技,42.7800000000,44.2000000000,593646829.0000000000,139050.0000000000,-0.0321000000,5.9364682900,东方财富沪深京A股延迟行情直连,2026-08-25
300136,信维通信,57.9900000000,58.9200000000,591021270.5599999428,102625.0000000000,-0.0158000000,5.9102127056,东方财富沪深京A股延迟行情直连,2026-08-25
300567,精测电子,204.6000000000,213.7000000000,587733603.2300000191,28911.0000000000,-0.0426000000,5.8773360323,东方财富沪深京A股延迟行情直连,2026-08-25
603127,昭衍新药,46.5600000000,46.3900000000,585473503.0000000000,126550.0000000000,0.0037000000,5.8547350300,东方财富沪深京A股延迟行情直连,2026-08-25
002655,共达电声,36.3300000000,35.3800000000,583897883.3500000238,163960.0000000000,0.0269000000,5.8389788335,东方财富沪深京A股延迟行情直连,2026-08-25
000630,铜陵有色,6.4400000000,6.6300000000,572409687.0000000000,878708.0000000000,-0.0287000000,5.7240968700,东方财富沪深京A股延迟行情直连,2026-08-25
300346,南大光电,53.9400000000,56.0200000000,570183940.4900000095,106119.0000000000,-0.0371000000,5.7018394049,东方财富沪深京A股延迟行情直连,2026-08-25
003031,中瓷电子,126.6300000000,134.6000000000,568251857.2400000095,44534.0000000000,-0.0592000000,5.6825185724,东方财富沪深京A股延迟行情直连,2026-08-25
002714,牧原股份,39.3900000000,38.8300000000,566691155.4900000095,144210.0000000000,0.0144000000,5.6669115549,东方财富沪深京A股延迟行情直连,2026-08-25
600030,中信证券,27.0700000000,27.2700000000,563328556.0000000000,207456.0000000000,-0.0073000000,5.6332855600,东方财富沪深京A股延迟行情直连,2026-08-25
301165,锐捷网络,114.0400000000,115.9000000000,562794664.4400000572,49768.0000000000,-0.0160000000,5.6279466444,东方财富沪深京A股延迟行情直连,2026-08-25
600028,中国石化,5.3800000000,5.3300000000,560719284.0000000000,1046182.0000000000,0.0094000000,5.6071928400,东方财富沪深京A股延迟行情直连,2026-08-25
600272,开开实业,19.0300000000,18.1500000000,560642377.0000000000,304972.0000000000,0.0485000000,5.6064237700,东方财富沪深京A股延迟行情直连,2026-08-25
688519,南亚新材,282.6600000000,278.2000000000,560464622.0000000000,20035.0000000000,0.0160000000,5.6046462200,东方财富沪深京A股延迟行情直连,2026-08-25
300489,光智科技,197.6700000000,202.1500000000,560461121.5000000000,28519.0000000000,-0.0222000000,5.6046112150,东方财富沪深京A股延迟行情直连,2026-08-25
688331,荣昌生物,121.1000000000,116.4200000000,555157087.0000000000,46624.0000000000,0.0402000000,5.5515708700,东方财富沪深京A股延迟行情直连,2026-08-25
300418,昆仑万维,39.9400000000,40.5400000000,554909383.5099999905,138568.0000000000,-0.0148000000,5.5490938351,东方财富沪深京A股延迟行情直连,2026-08-25
002432,九安医疗,64.4500000000,67.2700000000,553506602.1799999475,85820.0000000000,-0.0419000000,5.5350660218,东方财富沪深京A股延迟行情直连,2026-08-25
603773,沃格光电,91.5500000000,94.5800000000,552696379.0000000000,60838.0000000000,-0.0320000000,5.5269637900,东方财富沪深京A股延迟行情直连,2026-08-25
688549,中巨芯-U,24.1900000000,25.2300000000,552607649.0000000000,229045.0000000000,-0.0412000000,5.5260764900,东方财富沪深京A股延迟行情直连,2026-08-25
600397,江钨装备,17.6200000000,18.2300000000,552198827.0000000000,310162.0000000000,-0.0335000000,5.5219882700,东方财富沪深京A股延迟行情直连,2026-08-25
603283,赛腾股份,46.9000000000,47.6000000000,545242426.0000000000,117445.0000000000,-0.0147000000,5.4524242600,东方财富沪深京A股延迟行情直连,2026-08-25
000960,锡业股份,34.6100000000,36.0300000000,544303937.1000000238,155595.0000000000,-0.0394000000,5.4430393710,东方财富沪深京A股延迟行情直连,2026-08-25
300058,蓝色光标,13.0700000000,13.1500000000,541169686.4099999666,414209.0000000000,-0.0061000000,5.4116968641,东方财富沪深京A股延迟行情直连,2026-08-25
603156,养元饮品,42.9700000000,47.7300000000,536254350.0000000000,123867.0000000000,-0.0997000000,5.3625435000,东方财富沪深京A股延迟行情直连,2026-08-25
600418,江淮汽车,20.3500000000,20.1200000000,535574938.0000000000,263706.0000000000,0.0114000000,5.3557493800,东方财富沪深京A股延迟行情直连,2026-08-25
000338,潍柴动力,27.2400000000,26.9900000000,530148431.0000000000,197258.0000000000,0.0093000000,5.3014843100,东方财富沪深京A股延迟行情直连,2026-08-25
300017,网宿科技,15.0200000000,15.2000000000,529097885.7200000286,353455.0000000000,-0.0118000000,5.2909788572,东方财富沪深京A股延迟行情直连,2026-08-25
600941,中国移动,99.0100000000,97.5300000000,528398422.0000000000,53574.0000000000,0.0152000000,5.2839842200,东方财富沪深京A股延迟行情直连,2026-08-25
688409,富创精密,196.4700000000,207.2500000000,528323724.0000000000,26825.0000000000,-0.0520000000,5.2832372400,东方财富沪深京A股延迟行情直连,2026-08-25
002636,金安国纪,59.7800000000,60.4700000000,526443163.6000000238,89398.0000000000,-0.0114000000,5.2644316360,东方财富沪深京A股延迟行情直连,2026-08-25
002594,比亚迪,90.0100000000,90.6600000000,525959639.0699999928,58157.0000000000,-0.0072000000,5.2595963907,东方财富沪深京A股延迟行情直连,2026-08-25
002747,埃斯顿,31.3100000000,30.8200000000,523694679.5899999738,168142.0000000000,0.0159000000,5.2369467959,东方财富沪深京A股延迟行情直连,2026-08-25
600497,驰宏锌锗,9.8100000000,10.1900000000,521495042.0000000000,526234.0000000000,-0.0373000000,5.2149504200,东方财富沪深京A股延迟行情直连,2026-08-25
603580,艾艾精工,72.7900000000,72.8000000000,521018845.0000000000,70035.0000000000,-0.0001000000,5.2101884500,东方财富沪深京A股延迟行情直连,2026-08-25
002738,中矿资源,51.1000000000,53.6900000000,515887102.3000000119,98923.0000000000,-0.0482000000,5.1588710230,东方财富沪深京A股延迟行情直连,2026-08-25
300806,斯迪克,47.9300000000,50.2000000000,515654559.3399999738,107582.0000000000,-0.0452000000,5.1565455934,东方财富沪深京A股延迟行情直连,2026-08-25
001267,汇绿生态,37.5300000000,39.1400000000,515109540.8299999833,138754.0000000000,-0.0411000000,5.1510954083,东方财富沪深京A股延迟行情直连,2026-08-25
601118,海南橡胶,6.3900000000,6.2800000000,512736522.0000000000,787151.0000000000,0.0175000000,5.1273652200,东方财富沪深京A股延迟行情直连,2026-08-25
002173,创新医疗,18.6700000000,17.6700000000,508933021.1700000167,275491.0000000000,0.0566000000,5.0893302117,东方财富沪深京A股延迟行情直连,2026-08-25
001258,立新能源,12.4200000000,12.5700000000,506700453.3399999738,412029.0000000000,-0.0119000000,5.0670045334,东方财富沪深京A股延迟行情直连,2026-08-25
603538,美诺华,26.3800000000,26.4000000000,502979213.0000000000,191268.0000000000,-0.0008000000,5.0297921300,东方财富沪深京A股延迟行情直连,2026-08-25
603330,天洋新材,11.0200000000,10.9700000000,496716946.0000000000,462114.0000000000,0.0046000000,4.9671694600,东方财富沪深京A股延迟行情直连,2026-08-25
301171,易点天下,33.6400000000,34.9000000000,495557540.4100000262,146019.0000000000,-0.0361000000,4.9555754041,东方财富沪深京A股延迟行情直连,2026-08-25
603019,中科曙光,82.4400000000,82.1800000000,495346728.0000000000,60429.0000000000,0.0032000000,4.9534672800,东方财富沪深京A股延迟行情直连,2026-08-25
301080,百普赛斯,90.5200000000,92.6300000000,493338549.7300000191,54240.0000000000,-0.0228000000,4.9333854973,东方财富沪深京A股延迟行情直连,2026-08-25
003035,南网能源,5.8700000000,5.7300000000,491340055.7400000095,832830.0000000000,0.0244000000,4.9134005574,东方财富沪深京A股延迟行情直连,2026-08-25
300033,同花顺,214.7300000000,216.7200000000,491232751.3600000143,22875.0000000000,-0.0092000000,4.9123275136,东方财富沪深京A股延迟行情直连,2026-08-25
603200,上海洗霸,39.1100000000,39.1300000000,490895449.0000000000,120967.0000000000,-0.0005000000,4.9089544900,东方财富沪深京A股延迟行情直连,2026-08-25
600188,兖矿能源,22.1500000000,21.8300000000,489838007.0000000000,220135.0000000000,0.0147000000,4.8983800700,东方财富沪深京A股延迟行情直连,2026-08-25
688362,甬矽电子,60.2000000000,63.2400000000,488097135.0000000000,81113.0000000000,-0.0481000000,4.8809713500,东方财富沪深京A股延迟行情直连,2026-08-25
603501,豪威集团,81.4500000000,82.5000000000,488094849.0000000000,60367.0000000000,-0.0127000000,4.8809484900,东方财富沪深京A股延迟行情直连,2026-08-25
603626,科森科技,18.7400000000,19.4800000000,487812367.0000000000,260289.0000000000,-0.0380000000,4.8781236700,东方财富沪深京A股延迟行情直连,2026-08-25
000811,冰轮环境,40.8400000000,41.4000000000,487148287.9399999976,122553.0000000000,-0.0135000000,4.8714828794,东方财富沪深京A股延迟行情直连,2026-08-25
688019,安集科技,235.0500000000,242.3200000000,485115552.0000000000,20854.0000000000,-0.0300000000,4.8511555200,东方财富沪深京A股延迟行情直连,2026-08-25
300862,蓝盾光电,54.8000000000,55.1000000000,484817683.8999999762,88607.0000000000,-0.0054000000,4.8481768390,东方财富沪深京A股延迟行情直连,2026-08-25
601601,中国太保,30.9600000000,31.0300000000,484779418.0000000000,155827.0000000000,-0.0023000000,4.8477941800,东方财富沪深京A股延迟行情直连,2026-08-25
688141,杰华特,112.2100000000,115.0700000000,481401550.0000000000,43265.0000000000,-0.0249000000,4.8140155000,东方财富沪深京A股延迟行情直连,2026-08-25
300677,英科医疗,50.4500000000,48.1000000000,475210875.5699999928,94342.0000000000,0.0489000000,4.7521087557,东方财富沪深京A股延迟行情直连,2026-08-25
301358,湖南裕能,62.8200000000,66.0000000000,473124689.2200000286,74218.0000000000,-0.0482000000,4.7312468922,东方财富沪深京A股延迟行情直连,2026-08-25
300328,宜安科技,16.5700000000,16.5800000000,471470810.3899999857,293754.0000000000,-0.0006000000,4.7147081039,东方财富沪深京A股延迟行情直连,2026-08-25
002104,恒宝股份,11.4400000000,11.5100000000,471228623.6999999881,418634.0000000000,-0.0061000000,4.7122862370,东方财富沪深京A股延迟行情直连,2026-08-25
603061,金海通,338.0000000000,347.3000000000,468502192.0000000000,13876.0000000000,-0.0268000000,4.6850219200,东方财富沪深京A股延迟行情直连,2026-08-25
603256,宏和科技,130.4000000000,133.9000000000,467329781.0000000000,36116.0000000000,-0.0261000000,4.6732978100,东方财富沪深京A股延迟行情直连,2026-08-25
301377,鼎泰高科,395.1800000000,393.0100000000,466400297.3700000048,11901.0000000000,0.0055000000,4.6640029737,东方财富沪深京A股延迟行情直连,2026-08-25
300454,深信服,114.0900000000,116.7300000000,466396020.6899999976,40675.0000000000,-0.0226000000,4.6639602069,东方财富沪深京A股延迟行情直连,2026-08-25
688202,美迪西,100.0100000000,94.7000000000,466166784.0000000000,47613.0000000000,0.0561000000,4.6616678400,东方财富沪深京A股延迟行情直连,2026-08-25
600785,新华百货,11.2700000000,10.7100000000,463455597.0000000000,427940.0000000000,0.0523000000,4.6345559700,东方财富沪深京A股延迟行情直连,2026-08-25
301536,星宸科技,112.2700000000,114.3100000000,463081285.7500000000,41806.0000000000,-0.0178000000,4.6308128575,东方财富沪深京A股延迟行情直连,2026-08-25
688536,思瑞浦,304.5900000000,301.6900000000,462131529.0000000000,15307.0000000000,0.0096000000,4.6213152900,东方财富沪深京A股延迟行情直连,2026-08-25
300499,高澜股份,30.1900000000,28.9500000000,460639484.4200000167,156863.0000000000,0.0428000000,4.6063948442,东方财富沪深京A股延迟行情直连,2026-08-25
600601,方正科技,11.3300000000,11.5400000000,460612858.0000000000,410058.0000000000,-0.0182000000,4.6061285800,东方财富沪深京A股延迟行情直连,2026-08-25
301520,万邦医药,79.9600000000,77.1000000000,458030651.3199999928,58867.0000000000,0.0371000000,4.5803065132,东方财富沪深京A股延迟行情直连,2026-08-25
002353,杰瑞股份,141.6300000000,142.4800000000,457807731.6800000072,32652.0000000000,-0.0060000000,4.5780773168,东方财富沪深京A股延迟行情直连,2026-08-25
300319,麦捷科技,17.1500000000,17.6600000000,454583315.1899999976,266920.0000000000,-0.0289000000,4.5458331519,东方财富沪深京A股延迟行情直连,2026-08-25
000651,格力电器,41.5800000000,41.4500000000,453413227.0199999809,108999.0000000000,0.0031000000,4.5341322702,东方财富沪深京A股延迟行情直连,2026-08-25
600227,赤天化,3.9300000000,3.9500000000,452920520.0000000000,1152383.0000000000,-0.0051000000,4.5292052000,东方财富沪深京A股延迟行情直连,2026-08-25
605111,新洁能,57.4600000000,59.5000000000,452642817.0000000000,79447.0000000000,-0.0343000000,4.5264281700,东方财富沪深京A股延迟行情直连,2026-08-25
301611,珂玛科技,97.4800000000,102.9000000000,451281884.8700000048,46726.0000000000,-0.0527000000,4.5128188487,东方财富沪深京A股延迟行情直连,2026-08-25
300903,科翔股份,75.7800000000,77.8000000000,450401737.4499999881,59591.0000000000,-0.0260000000,4.5040173745,东方财富沪深京A股延迟行情直连,2026-08-25
300765,石药创新,43.9100000000,45.2400000000,449955342.0400000215,103005.0000000000,-0.0294000000,4.4995534204,东方财富沪深京A股延迟行情直连,2026-08-25
600711,盛屯矿业,11.4000000000,11.8700000000,436665194.0000000000,374556.0000000000,-0.0396000000,4.3666519400,东方财富沪深京A股延迟行情直连,2026-08-25
688503,聚和材料,84.5500000000,88.8000000000,434907120.0000000000,51220.0000000000,-0.0479000000,4.3490712000,东方财富沪深京A股延迟行情直连,2026-08-25
300672,国科微,153.0000000000,158.5500000000,434813126.7500000000,28589.0000000000,-0.0350000000,4.3481312675,东方财富沪深京A股延迟行情直连,2026-08-25
601020,华钰矿业,21.8800000000,23.2900000000,434785166.0000000000,194537.0000000000,-0.0605000000,4.3478516600,东方财富沪深京A股延迟行情直连,2026-08-25
600172,黄河旋风,12.6500000000,12.7200000000,432453409.0000000000,349333.0000000000,-0.0055000000,4.3245340900,东方财富沪深京A股延迟行情直连,2026-08-25
002414,高德红外,12.8700000000,13.4100000000,430845671.3500000238,333744.0000000000,-0.0403000000,4.3084567135,东方财富沪深京A股延迟行情直连,2026-08-25
688025,杰普特,401.0000000000,409.3000000000,429902414.0000000000,10800.0000000000,-0.0203000000,4.2990241400,东方财富沪深京A股延迟行情直连,2026-08-25
000505,京粮控股,7.1000000000,6.6600000000,429825307.5899999738,612441.0000000000,0.0661000000,4.2982530759,东方财富沪深京A股延迟行情直连,2026-08-25
603565,中谷物流,12.8600000000,13.5200000000,429024796.0000000000,327308.0000000000,-0.0488000000,4.2902479600,东方财富沪深京A股延迟行情直连,2026-08-25
000017,深中华A,8.6000000000,7.8200000000,428642394.3999999762,498511.0000000000,0.0997000000,4.2864239440,东方财富沪深京A股延迟行情直连,2026-08-25
600989,宝丰能源,23.5400000000,23.2200000000,427960157.0000000000,182925.0000000000,0.0138000000,4.2796015700,东方财富沪深京A股延迟行情直连,2026-08-25
688185,康希诺,71.0000000000,75.5000000000,425227007.0000000000,59987.0000000000,-0.0596000000,4.2522700700,东方财富沪深京A股延迟行情直连,2026-08-25
301717,超纯应材,380.0000000000,389.9900000000,424520237.9900000095,11357.0000000000,-0.0256000000,4.2452023799,东方财富沪深京A股延迟行情直连,2026-08-25
688300,联瑞新材,133.8600000000,139.1400000000,423591422.0000000000,31746.0000000000,-0.0379000000,4.2359142200,东方财富沪深京A股延迟行情直连,2026-08-25
603618,杭电股份,27.0800000000,27.8000000000,420560373.0000000000,156930.0000000000,-0.0259000000,4.2056037300,东方财富沪深京A股延迟行情直连,2026-08-25
688388,嘉元科技,28.0100000000,29.7800000000,419935927.0000000000,148841.0000000000,-0.0594000000,4.1993592700,东方财富沪深京A股延迟行情直连,2026-08-25
300164,通源石油,9.6900000000,9.4900000000,419893896.3799999952,440290.0000000000,0.0211000000,4.1989389638,东方财富沪深京A股延迟行情直连,2026-08-25
600703,三安光电,12.9200000000,12.8800000000,418206494.0000000000,328046.0000000000,0.0031000000,4.1820649400,东方财富沪深京A股延迟行情直连,2026-08-25
002167,东方锆业,16.1400000000,16.5100000000,416868025.0000000000,251538.0000000000,-0.0224000000,4.1686802500,东方财富沪深京A股延迟行情直连,2026-08-25
600392,盛和资源,22.2700000000,22.8400000000,416739995.0000000000,185225.0000000000,-0.0250000000,4.1673999500,东方财富沪深京A股延迟行情直连,2026-08-25
000858,五 粮 液,71.2600000000,71.4800000000,416702182.6999999881,58306.0000000000,-0.0031000000,4.1670218270,东方财富沪深京A股延迟行情直连,2026-08-25
002602,世纪华通,13.9700000000,13.7900000000,416359544.7599999905,298549.0000000000,0.0131000000,4.1635954476,东方财富沪深京A股延迟行情直连,2026-08-25
002812,恩捷股份,53.5300000000,55.9000000000,414142710.9300000072,76501.0000000000,-0.0424000000,4.1414271093,东方财富沪深京A股延迟行情直连,2026-08-25
000063,中兴通讯,33.3000000000,33.1300000000,413749274.1299999952,125008.0000000000,0.0051000000,4.1374927413,东方财富沪深京A股延迟行情直连,2026-08-25
600916,中国黄金,8.0000000000,8.1200000000,412319485.0000000000,500120.0000000000,-0.0148000000,4.1231948500,东方财富沪深京A股延迟行情直连,2026-08-25
002041,登海种业,11.2100000000,10.1900000000,411415640.6000000238,383713.0000000000,0.1001000000,4.1141564060,东方财富沪深京A股延迟行情直连,2026-08-25
301152,天力锂能,24.1300000000,23.3200000000,411370357.9599999785,166098.0000000000,0.0347000000,4.1137035796,东方财富沪深京A股延迟行情直连,2026-08-25
002487,大金重工,34.8800000000,35.2600000000,411107154.1999999881,120284.0000000000,-0.0108000000,4.1110715420,东方财富沪深京A股延迟行情直连,2026-08-25
002317,众生药业,24.1700000000,25.3400000000,410909090.4700000286,172009.0000000000,-0.0462000000,4.1090909047,东方财富沪深京A股延迟行情直连,2026-08-25
002273,水晶光电,24.4100000000,25.2400000000,410294420.2500000000,168317.0000000000,-0.0329000000,4.1029442025,东方财富沪深京A股延迟行情直连,2026-08-25
688082,盛美上海,293.6600000000,301.4000000000,409431641.0000000000,14127.0000000000,-0.0257000000,4.0943164100,东方财富沪深京A股延迟行情直连,2026-08-25
300919,中伟新材,40.2200000000,40.0000000000,408071336.8500000238,99049.0000000000,0.0055000000,4.0807133685,东方财富沪深京A股延迟行情直连,2026-08-25
600103,青山纸业,3.1500000000,2.8600000000,406591077.0000000000,1322050.0000000000,0.1014000000,4.0659107700,东方财富沪深京A股延迟行情直连,2026-08-25
000566,海南海药,4.9700000000,4.5200000000,405700097.2799999714,848300.0000000000,0.0996000000,4.0570009728,东方财富沪深京A股延迟行情直连,2026-08-25
600118,中国卫星,59.2000000000,59.4000000000,405477349.0000000000,69299.0000000000,-0.0034000000,4.0547734900,东方财富沪深京A股延迟行情直连,2026-08-25
603065,宿迁联盛,18.2900000000,18.8100000000,402183612.0000000000,216882.0000000000,-0.0276000000,4.0218361200,东方财富沪深京A股延迟行情直连,2026-08-25
601997,贵阳银行,5.4600000000,5.7900000000,402015203.0000000000,730459.0000000000,-0.0570000000,4.0201520300,东方财富沪深京A股延迟行情直连,2026-08-25
300843,胜蓝股份,134.2600000000,132.3100000000,401431102.8600000143,30334.0000000000,0.0147000000,4.0143110286,东方财富沪深京A股延迟行情直连,2026-08-25
002222,福晶科技,61.6300000000,62.6000000000,399082299.4599999785,65454.0000000000,-0.0155000000,3.9908229946,东方财富沪深京A股延迟行情直连,2026-08-25
600531,豫光金铅,13.3900000000,13.8900000000,398035607.0000000000,291926.0000000000,-0.0360000000,3.9803560700,东方财富沪深京A股延迟行情直连,2026-08-25
605376,博迁新材,143.4100000000,147.5400000000,397635523.0000000000,28039.0000000000,-0.0280000000,3.9763552300,东方财富沪深京A股延迟行情直连,2026-08-25
000737,北方铜业,14.5000000000,14.9100000000,397565798.2500000000,269021.0000000000,-0.0275000000,3.9756579825,东方财富沪深京A股延迟行情直连,2026-08-25
301319,唯特偶,97.9800000000,102.5100000000,394914366.9100000262,40379.0000000000,-0.0442000000,3.9491436691,东方财富沪深京A股延迟行情直连,2026-08-25
688800,瑞可达,63.1500000000,64.2000000000,393415570.0000000000,61643.0000000000,-0.0164000000,3.9341557000,东方财富沪深京A股延迟行情直连,2026-08-25
600426,华鲁恒升,20.3300000000,20.0700000000,393269104.0000000000,192236.0000000000,0.0130000000,3.9326910400,东方财富沪深京A股延迟行情直连,2026-08-25
002938,鹏鼎控股,86.1400000000,87.9500000000,392371978.9200000167,45671.0000000000,-0.0206000000,3.9237197892,东方财富沪深京A股延迟行情直连,2026-08-25
300657,弘信电子,33.9600000000,33.4200000000,391482385.3500000238,114168.0000000000,0.0162000000,3.9148238535,东方财富沪深京A股延迟行情直连,2026-08-25
000893,亚钾国际,47.8300000000,46.5300000000,390475763.0000000000,81353.0000000000,0.0279000000,3.9047576300,东方财富沪深京A股延迟行情直连,2026-08-25
600150,中国船舶,33.6400000000,33.8000000000,390370675.0000000000,115653.0000000000,-0.0047000000,3.9037067500,东方财富沪深京A股延迟行情直连,2026-08-25
600396,华电辽能,14.1500000000,14.1700000000,390141872.0000000000,278136.0000000000,-0.0014000000,3.9014187200,东方财富沪深京A股延迟行情直连,2026-08-25
603650,彤程新材,60.9800000000,63.9500000000,386518998.0000000000,63387.0000000000,-0.0464000000,3.8651899800,东方财富沪深京A股延迟行情直连,2026-08-25
603290,斯达半导,90.5800000000,92.9900000000,384384854.0000000000,42654.0000000000,-0.0259000000,3.8438485400,东方财富沪深京A股延迟行情直连,2026-08-25
002654,万润科技,13.6700000000,13.9300000000,383446824.0500000119,286000.0000000000,-0.0187000000,3.8344682405,东方财富沪深京A股延迟行情直连,2026-08-25
300725,药石科技,48.4300000000,48.2100000000,382569749.2200000286,80028.0000000000,0.0046000000,3.8256974922,东方财富沪深京A股延迟行情直连,2026-08-25
301183,东田微,232.6500000000,235.1900000000,382251419.8899999857,16593.0000000000,-0.0108000000,3.8225141989,东方财富沪深京A股延迟行情直连,2026-08-25
688629,华丰科技,132.4000000000,133.9500000000,381220623.0000000000,29163.0000000000,-0.0116000000,3.8122062300,东方财富沪深京A股延迟行情直连,2026-08-25
688826,频准激光,985.8700000000,979.0000000000,380053456.0000000000,3935.0000000000,0.0070000000,3.8005345600,东方财富沪深京A股延迟行情直连,2026-08-25
600160,巨化股份,38.0000000000,37.8200000000,379466238.0000000000,101075.0000000000,0.0048000000,3.7946623800,东方财富沪深京A股延迟行情直连,2026-08-25
688002,睿创微纳,155.3900000000,158.4000000000,378669980.0000000000,24369.0000000000,-0.0190000000,3.7866998000,东方财富沪深京A股延迟行情直连,2026-08-25
688147,微导纳米,111.2000000000,117.3000000000,378235036.0000000000,33849.0000000000,-0.0520000000,3.7823503600,东方财富沪深京A股延迟行情直连,2026-08-25
002132,恒星科技,4.8800000000,5.2000000000,376609555.6600000262,749362.0000000000,-0.0615000000,3.7660955566,东方财富沪深京A股延迟行情直连,2026-08-25
601600,中国铝业,9.3400000000,9.5000000000,376004050.0000000000,399989.0000000000,-0.0168000000,3.7600405000,东方财富沪深京A股延迟行情直连,2026-08-25
688403,汇成股份,22.0900000000,23.3000000000,375327005.0000000000,168450.0000000000,-0.0519000000,3.7532700500,东方财富沪深京A股延迟行情直连,2026-08-25
600354,敦煌种业,7.2900000000,6.6300000000,374235025.0000000000,529585.0000000000,0.0995000000,3.7423502500,东方财富沪深京A股延迟行情直连,2026-08-25
688508,芯朋微,86.3900000000,81.5000000000,373809867.0000000000,44650.0000000000,0.0600000000,3.7380986700,东方财富沪深京A股延迟行情直连,2026-08-25
601088,中国神华,47.4500000000,46.8900000000,371908270.0000000000,78816.0000000000,0.0119000000,3.7190827000,东方财富沪深京A股延迟行情直连,2026-08-25
600026,中远海能,18.9100000000,19.1400000000,370447615.0000000000,194888.0000000000,-0.0120000000,3.7044761500,东方财富沪深京A股延迟行情直连,2026-08-25
000779,甘咨询,10.0100000000,9.1000000000,370375174.9200000167,394433.0000000000,0.1000000000,3.7037517492,东方财富沪深京A股延迟行情直连,2026-08-25
601898,中煤能源,14.9300000000,14.8100000000,370288156.0000000000,247890.0000000000,0.0081000000,3.7028815600,东方财富沪深京A股延迟行情直连,2026-08-25
603738,泰晶科技,35.9400000000,35.9300000000,369940008.0000000000,105198.0000000000,0.0003000000,3.6994000800,东方财富沪深京A股延迟行情直连,2026-08-25
301489,思泉新材,115.0100000000,113.9900000000,369701426.3299999833,32615.0000000000,0.0089000000,3.6970142633,东方财富沪深京A股延迟行情直连,2026-08-25
603881,数据港,24.4500000000,25.2000000000,368087473.0000000000,150946.0000000000,-0.0298000000,3.6808747300,东方财富沪深京A股延迟行情直连,2026-08-25
301013,利和兴,37.9400000000,40.2600000000,367959122.1200000048,97495.0000000000,-0.0576000000,3.6795912212,东方财富沪深京A股延迟行情直连,2026-08-25
600887,伊利股份,25.8000000000,25.8400000000,367650039.0000000000,141934.0000000000,-0.0015000000,3.6765003900,东方财富沪深京A股延迟行情直连,2026-08-25
688234,天岳先进,104.1500000000,105.0500000000,367502217.0000000000,35613.0000000000,-0.0086000000,3.6750221700,东方财富沪深京A股延迟行情直连,2026-08-25
920045,蘅东光,461.5000000000,450.5000000000,366899418.6800000072,8158.0000000000,0.0244000000,3.6689941868,东方财富沪深京A股延迟行情直连,2026-08-25
000795,英洛华,9.1300000000,8.5600000000,366186402.0400000215,397195.0000000000,0.0666000000,3.6618640204,东方财富沪深京A股延迟行情直连,2026-08-25
002415,海康威视,33.9800000000,34.1500000000,364840818.8600000143,107073.0000000000,-0.0050000000,3.6484081886,东方财富沪深京A股延迟行情直连,2026-08-25
300323,华灿光电,11.1900000000,11.9000000000,363780378.1100000143,326763.0000000000,-0.0597000000,3.6378037811,东方财富沪深京A股延迟行情直连,2026-08-25
601336,新华保险,58.8800000000,59.4300000000,362247664.0000000000,61089.0000000000,-0.0093000000,3.6224766400,东方财富沪深京A股延迟行情直连,2026-08-25
688545,兴福电子,76.4800000000,81.4700000000,361744386.0000000000,47378.0000000000,-0.0612000000,3.6174438600,东方财富沪深京A股延迟行情直连,2026-08-25
603605,珀莱雅,59.8500000000,56.5600000000,361328058.0000000000,61300.0000000000,0.0582000000,3.6132805800,东方财富沪深京A股延迟行情直连,2026-08-25
301130,西点药业,37.0000000000,33.0900000000,361327806.8999999762,102748.0000000000,0.1182000000,3.6132780690,东方财富沪深京A股延迟行情直连,2026-08-25
300130,新国都,18.9500000000,18.3700000000,360997211.9599999785,188649.0000000000,0.0316000000,3.6099721196,东方财富沪深京A股延迟行情直连,2026-08-25
603399,永杉锂业,14.6300000000,15.2100000000,360755882.0000000000,244044.0000000000,-0.0381000000,3.6075588200,东方财富沪深京A股延迟行情直连,2026-08-25
301216,万凯新材,17.8600000000,19.1300000000,360285194.2799999714,197076.0000000000,-0.0664000000,3.6028519428,东方财富沪深京A股延迟行情直连,2026-08-25
000100,TCL科技,4.8800000000,4.9200000000,360112846.5799999833,740478.0000000000,-0.0081000000,3.6011284658,东方财富沪深京A股延迟行情直连,2026-08-25
301127,武汉天源,19.3800000000,18.5200000000,358950818.7200000286,187449.0000000000,0.0464000000,3.5895081872,东方财富沪深京A股延迟行情直连,2026-08-25
000931,中 关 村,5.3600000000,5.6000000000,355857463.6600000262,681750.0000000000,-0.0429000000,3.5585746366,东方财富沪深京A股延迟行情直连,2026-08-25
688195,腾景科技,164.5100000000,170.3000000000,354719453.0000000000,21571.0000000000,-0.0340000000,3.5471945300,东方财富沪深京A股延迟行情直连,2026-08-25
300679,电连技术,50.7200000000,50.2000000000,353959390.1800000072,70739.0000000000,0.0104000000,3.5395939018,东方财富沪深京A股延迟行情直连,2026-08-25
000998,隆平高科,8.9900000000,8.6700000000,351763056.8199999928,389880.0000000000,0.0369000000,3.5176305682,东方财富沪深京A股延迟行情直连,2026-08-25
688205,德科立,151.6700000000,156.0000000000,351409666.0000000000,23213.0000000000,-0.0278000000,3.5140966600,东方财富沪深京A股延迟行情直连,2026-08-25
002422,科伦药业,41.5700000000,41.4400000000,351379652.3700000048,85177.0000000000,0.0031000000,3.5137965237,东方财富沪深京A股延迟行情直连,2026-08-25
688502,茂莱光学,414.9000000000,436.6000000000,350142809.0000000000,8486.0000000000,-0.0497000000,3.5014280900,东方财富沪深京A股延迟行情直连,2026-08-25
002842,翔鹭钨业,37.0100000000,38.9200000000,346512190.8000000119,91982.0000000000,-0.0491000000,3.4651219080,东方财富沪深京A股延迟行情直连,2026-08-25
000925,众合科技,8.4200000000,8.9700000000,350038604.1600000262,409245.0000000000,-0.0613000000,3.5003860416,东方财富沪深京A股延迟行情直连,2026-08-25
688717,艾罗能源,47.8100000000,58.5500000000,349845317.0000000000,71767.0000000000,-0.1834000000,3.4984531700,东方财富沪深京A股延迟行情直连,2026-08-25
605117,德业股份,95.2700000000,94.3100000000,349034435.0000000000,37373.0000000000,0.0102000000,3.4903443500,东方财富沪深京A股延迟行情直连,2026-08-25
002050,三花智控,35.6700000000,35.7100000000,347054644.5299999714,97931.0000000000,-0.0011000000,3.4705464453,东方财富沪深京A股延迟行情直连,2026-08-25
688783,西安奕材-U,29.9900000000,31.6100000000,346662354.0000000000,115877.0000000000,-0.0512000000,3.4666235400,东方财富沪深京A股延迟行情直连,2026-08-25
688392,骄成超声,182.8500000000,193.1000000000,346076935.0000000000,18854.0000000000,-0.0531000000,3.4607693500,东方财富沪深京A股延迟行情直连,2026-08-25
605499,东鹏饮料,123.5400000000,120.9900000000,345897235.0000000000,28132.0000000000,0.0211000000,3.4589723500,东方财富沪深京A股延迟行情直连,2026-08-25
603893,瑞芯微,174.9900000000,174.6000000000,344697180.0000000000,19948.0000000000,0.0022000000,3.4469718000,东方财富沪深京A股延迟行情直连,2026-08-25
688808,联讯仪器,2248.5000000000,2265.9900000000,343827531.0000000000,1559.0000000000,-0.0077000000,3.4382753100,东方财富沪深京A股延迟行情直连,2026-08-25
601609,金田股份,13.2800000000,13.3800000000,343237990.0000000000,257415.0000000000,-0.0075000000,3.4323799000,东方财富沪深京A股延迟行情直连,2026-08-25
600938,中国海油,33.8600000000,33.7200000000,342824459.0000000000,101632.0000000000,0.0042000000,3.4282445900,东方财富沪深京A股延迟行情直连,2026-08-25
603345,安井食品,75.8000000000,78.5900000000,342227180.0000000000,44474.0000000000,-0.0355000000,3.4222718000,东方财富沪深京A股延迟行情直连,2026-08-25
300927,江天化学,30.2300000000,29.2000000000,342117626.5299999714,117802.0000000000,0.0353000000,3.4211762653,东方财富沪深京A股延迟行情直连,2026-08-25
300395,菲利华,82.5100000000,83.9900000000,341895976.5400000215,41599.0000000000,-0.0176000000,3.4189597654,东方财富沪深京A股延迟行情直连,2026-08-25
603486,科沃斯,55.2600000000,55.0500000000,341886739.0000000000,61986.0000000000,0.0038000000,3.4188673900,东方财富沪深京A股延迟行情直连,2026-08-25
688114,华大智造,69.2700000000,70.5600000000,341474936.0000000000,49211.0000000000,-0.0183000000,3.4147493600,东方财富沪深京A股延迟行情直连,2026-08-25
300870,欧陆通,200.0500000000,203.0000000000,341082847.1200000048,17327.0000000000,-0.0145000000,3.4108284712,东方财富沪深京A股延迟行情直连,2026-08-25
300236,上海新阳,84.6000000000,88.9000000000,340777561.0000000000,40108.0000000000,-0.0484000000,3.4077756100,东方财富沪深京A股延迟行情直连,2026-08-25
300192,科德教育,16.5700000000,17.3900000000,340312968.6000000238,201355.0000000000,-0.0472000000,3.4031296860,东方财富沪深京A股延迟行情直连,2026-08-25
300131,英唐智控,16.1400000000,16.9000000000,338577385.4700000286,209213.0000000000,-0.0450000000,3.3857738547,东方财富沪深京A股延迟行情直连,2026-08-25
601888,中国中免,52.2900000000,52.0600000000,336135205.0000000000,64213.0000000000,0.0044000000,3.3613520500,东方财富沪深京A股延迟行情直连,2026-08-25
301099,雅创电子,50.4500000000,48.0800000000,335526163.0799999833,67605.0000000000,0.0493000000,3.3552616308,东方财富沪深京A股延迟行情直连,2026-08-25
600121,郑州煤电,4.2500000000,4.0500000000,333586583.0000000000,792466.0000000000,0.0494000000,3.3358658300,东方财富沪深京A股延迟行情直连,2026-08-25
300602,飞荣达,42.6300000000,43.1200000000,332771700.5799999833,78496.0000000000,-0.0114000000,3.3277170058,东方财富沪深京A股延迟行情直连,2026-08-25
300821,东岳硅材,15.6000000000,16.2900000000,332018211.5299999714,211918.0000000000,-0.0424000000,3.3201821153,东方财富沪深京A股延迟行情直连,2026-08-25
300720,海川智能,70.2700000000,73.5200000000,330460786.4300000072,47356.0000000000,-0.0442000000,3.3046078643,东方财富沪深京A股延迟行情直连,2026-08-25
601211,国泰海通,17.4700000000,17.6400000000,326417685.0000000000,185997.0000000000,-0.0096000000,3.2641768500,东方财富沪深京A股延迟行情直连,2026-08-25
601988,中国银行,6.1600000000,6.1300000000,325929140.0000000000,530439.0000000000,0.0049000000,3.2592914000,东方财富沪深京A股延迟行情直连,2026-08-25
600010,包钢股份,2.2400000000,2.2600000000,325156307.0000000000,1440180.0000000000,-0.0088000000,3.2515630700,东方财富沪深京A股延迟行情直连,2026-08-25
600936,北投科技,5.0100000000,4.6300000000,325090375.0000000000,657762.0000000000,0.0821000000,3.2509037500,东方财富沪深京A股延迟行情直连,2026-08-25
688807,优迅股份,319.3600000000,335.0000000000,324641295.0000000000,10326.0000000000,-0.0467000000,3.2464129500,东方财富沪深京A股延迟行情直连,2026-08-25
000065,北方国际,10.0000000000,9.9800000000,324471171.0799999833,324575.0000000000,0.0020000000,3.2447117108,东方财富沪深京A股延迟行情直连,2026-08-25
603379,三美股份,60.3400000000,59.9000000000,324045025.0000000000,55223.0000000000,0.0073000000,3.2404502500,东方财富沪深京A股延迟行情直连,2026-08-25
002074,国轩高科,27.0600000000,27.1700000000,322818136.6800000072,118144.0000000000,-0.0040000000,3.2281813668,东方财富沪深京A股延迟行情直连,2026-08-25
002859,洁美科技,62.1800000000,64.5900000000,322462852.8700000048,51920.0000000000,-0.0373000000,3.2246285287,东方财富沪深京A股延迟行情直连,2026-08-25
600363,联创光电,17.3200000000,17.0400000000,322253146.0000000000,184774.0000000000,0.0164000000,3.2225314600,东方财富沪深京A股延迟行情直连,2026-08-25
600637,东方明珠,8.3200000000,8.0000000000,321455081.0000000000,387896.0000000000,0.0400000000,3.2145508100,东方财富沪深京A股延迟行情直连,2026-08-25
000408,藏格矿业,76.2200000000,77.4000000000,321028984.9599999785,41360.0000000000,-0.0152000000,3.2102898496,东方财富沪深京A股延迟行情直连,2026-08-25
600141,兴发集团,29.8000000000,30.2100000000,320904463.0000000000,106746.0000000000,-0.0136000000,3.2090446300,东方财富沪深京A股延迟行情直连,2026-08-25
002237,恒邦股份,14.9600000000,15.1900000000,319977168.0199999809,210209.0000000000,-0.0151000000,3.1997716802,东方财富沪深京A股延迟行情直连,2026-08-25
603395,红四方,28.5500000000,25.9500000000,319832868.0000000000,116048.0000000000,0.1002000000,3.1983286800,东方财富沪深京A股延迟行情直连,2026-08-25
688239,航宇科技,46.7400000000,46.3000000000,319099475.0000000000,68476.0000000000,0.0095000000,3.1909947500,东方财富沪深京A股延迟行情直连,2026-08-25
688676,金盘科技,73.9800000000,75.3500000000,318631289.0000000000,43529.0000000000,-0.0182000000,3.1863128900,东方财富沪深京A股延迟行情直连,2026-08-25
301047,义翘神州,107.6900000000,110.3300000000,316980183.1000000238,29206.0000000000,-0.0239000000,3.1698018310,东方财富沪深京A股延迟行情直连,2026-08-25
600707,彩虹股份,8.9800000000,9.2400000000,316407583.0000000000,355325.0000000000,-0.0281000000,3.1640758300,东方财富沪深京A股延迟行情直连,2026-08-25
000807,云铝股份,26.0400000000,26.2900000000,316148362.9800000191,120999.0000000000,-0.0095000000,3.1614836298,东方财富沪深京A股延迟行情直连,2026-08-25
688469,芯联集成-U,8.5400000000,8.6800000000,314852398.0000000000,370567.0000000000,-0.0161000000,3.1485239800,东方财富沪深京A股延迟行情直连,2026-08-25
002130,沃尔核材,16.7000000000,15.8700000000,314536101.8999999762,190493.0000000000,0.0523000000,3.1453610190,东方财富沪深京A股延迟行情直连,2026-08-25
000887,中鼎股份,20.7800000000,21.0700000000,314155439.0600000024,151824.0000000000,-0.0138000000,3.1415543906,东方财富沪深京A股延迟行情直连,2026-08-25
688123,聚辰股份,126.5700000000,132.4100000000,313153335.0000000000,24645.0000000000,-0.0441000000,3.1315333500,东方财富沪深京A股延迟行情直连,2026-08-25
603078,江化微,33.4100000000,34.8000000000,312640813.0000000000,93780.0000000000,-0.0399000000,3.1264081300,东方财富沪深京A股延迟行情直连,2026-08-25
002648,卫星化学,26.7700000000,26.5700000000,312486431.1200000048,116577.0000000000,0.0075000000,3.1248643112,东方财富沪深京A股延迟行情直连,2026-08-25
688235,百济神州,277.7000000000,276.6700000000,312155466.0000000000,11295.0000000000,0.0037000000,3.1215546600,东方财富沪深京A股延迟行情直连,2026-08-25
301218,华是科技,48.0000000000,45.1500000000,312126342.4200000167,65880.0000000000,0.0631000000,3.1212634242,东方财富沪深京A股延迟行情直连,2026-08-25
601857,中国石油,11.2400000000,11.1700000000,311869359.0000000000,277558.0000000000,0.0063000000,3.1186935900,东方财富沪深京A股延迟行情直连,2026-08-25
300615,欣天科技,16.5700000000,16.8000000000,311457114.6999999881,186763.0000000000,-0.0137000000,3.1145711470,东方财富沪深京A股延迟行情直连,2026-08-25
002131,利欧股份,4.4000000000,4.4000000000,310414363.1000000238,709855.0000000000,0.0000000000,3.1041436310,东方财富沪深京A股延迟行情直连,2026-08-25
603296,华勤技术,74.5500000000,75.2200000000,308718987.0000000000,41612.0000000000,-0.0089000000,3.0871898700,东方财富沪深京A股延迟行情直连,2026-08-25
002365,永安药业,15.2700000000,15.1100000000,308712968.4100000262,203308.0000000000,0.0106000000,3.0871296841,东方财富沪深京A股延迟行情直连,2026-08-25
000973,佛塑科技,14.1100000000,14.6700000000,306265008.7699999809,215474.0000000000,-0.0382000000,3.0626500877,东方财富沪深京A股延迟行情直连,2026-08-25
600895,张江高科,30.1100000000,30.3500000000,306231262.0000000000,100305.0000000000,-0.0079000000,3.0623126200,东方财富沪深京A股延迟行情直连,2026-08-25
300623,捷捷微电,28.9700000000,29.8200000000,305494728.7699999809,105600.0000000000,-0.0285000000,3.0549472877,东方财富沪深京A股延迟行情直连,2026-08-25
688668,鼎通科技,242.0000000000,248.0000000000,304450767.0000000000,12621.0000000000,-0.0242000000,3.0445076700,东方财富沪深京A股延迟行情直连,2026-08-25
002537,海联金汇,6.2200000000,5.8600000000,304355666.2400000095,493157.0000000000,0.0614000000,3.0435566624,东方财富沪深京A股延迟行情直连,2026-08-25
301357,北方长龙,88.6000000000,86.0000000000,304274501.3999999762,34089.0000000000,0.0302000000,3.0427450140,东方财富沪深京A股延迟行情直连,2026-08-25
600256,广汇能源,6.2500000000,6.1600000000,304168914.0000000000,487183.0000000000,0.0146000000,3.0416891400,东方财富沪深京A股延迟行情直连,2026-08-25
688652,京仪装备,141.8700000000,148.5800000000,302921139.0000000000,21387.0000000000,-0.0452000000,3.0292113900,东方财富沪深京A股延迟行情直连,2026-08-25
301005,超捷股份,67.6800000000,71.3200000000,302815208.8600000143,44857.0000000000,-0.0510000000,3.0281520886,东方财富沪深京A股延迟行情直连,2026-08-25
600259,中稀有色,81.8100000000,84.1100000000,301271949.0000000000,36030.0000000000,-0.0273000000,3.0127194900,东方财富沪深京A股延迟行情直连,2026-08-25
601991,大唐发电,5.8600000000,5.8900000000,300596006.0000000000,517231.0000000000,-0.0051000000,3.0059600600,东方财富沪深京A股延迟行情直连,2026-08-25
605589,圣泉集团,36.5600000000,37.5200000000,296484574.0000000000,81349.0000000000,-0.0256000000,2.9648457400,东方财富沪深京A股延迟行情直连,2026-08-25
001257,盛龙股份,25.1100000000,25.9700000000,296396969.0899999738,116724.0000000000,-0.0331000000,2.9639696909,东方财富沪深京A股延迟行情直连,2026-08-25
300972,万辰集团,193.8100000000,202.9000000000,296197256.0000000000,14577.0000000000,-0.0448000000,2.9619725600,东方财富沪深京A股延迟行情直连,2026-08-25
000661,长春高新,78.0100000000,76.1100000000,295500619.4399999976,37867.0000000000,0.0250000000,2.9550061944,东方财富沪深京A股延迟行情直连,2026-08-25
600844,金煤科技,3.8200000000,3.5800000000,294720719.0000000000,760780.0000000000,0.0670000000,2.9472071900,东方财富沪深京A股延迟行情直连,2026-08-25
688820,盛合晶微,119.7900000000,122.4400000000,294503644.0000000000,24614.0000000000,-0.0216000000,2.9450364400,东方财富沪深京A股延迟行情直连,2026-08-25
603663,三祥新材,40.4200000000,41.6100000000,292783929.0000000000,72301.0000000000,-0.0286000000,2.9278392900,东方财富沪深京A股延迟行情直连,2026-08-25
300970,华绿生物,18.2600000000,17.8200000000,291877290.6899999976,158409.0000000000,0.0247000000,2.9187729069,东方财富沪深京A股延迟行情直连,2026-08-25
301392,汇成真空,166.8200000000,174.2100000000,291295986.2200000286,17545.0000000000,-0.0424000000,2.9129598622,东方财富沪深京A股延迟行情直连,2026-08-25
688322,奥比中光-W,92.9400000000,92.5000000000,290461076.0000000000,31585.0000000000,0.0048000000,2.9046107600,东方财富沪深京A股延迟行情直连,2026-08-25
000768,中航西飞,20.7700000000,21.3600000000,289991605.5799999833,140673.0000000000,-0.0276000000,2.8999160558,东方财富沪深京A股延迟行情直连,2026-08-25
688137,近岸蛋白,81.2800000000,75.4900000000,288027138.0000000000,37084.0000000000,0.0767000000,2.8802713800,东方财富沪深京A股延迟行情直连,2026-08-25
002756,永兴材料,45.2400000000,47.7500000000,287619826.3500000238,62660.0000000000,-0.0526000000,2.8761982635,东方财富沪深京A股延迟行情直连,2026-08-25
603929,亚翔集成,160.4400000000,165.8200000000,287235901.0000000000,17976.0000000000,-0.0324000000,2.8723590100,东方财富沪深京A股延迟行情直连,2026-08-25
600893,航发动力,35.8400000000,36.6000000000,287188663.0000000000,80033.0000000000,-0.0208000000,2.8718866300,东方财富沪深京A股延迟行情直连,2026-08-25
000628,高新发展,46.8000000000,47.7600000000,285897087.3199999928,61392.0000000000,-0.0201000000,2.8589708732,东方财富沪深京A股延迟行情直连,2026-08-25
600226,亨通股份,5.7600000000,6.0600000000,285860704.0000000000,495939.0000000000,-0.0495000000,2.8586070400,东方财富沪深京A股延迟行情直连,2026-08-25
603757,大元泵业,65.4600000000,63.5000000000,285069826.0000000000,44881.0000000000,0.0309000000,2.8506982600,东方财富沪深京A股延迟行情直连,2026-08-25
688585,上纬新材,142.9900000000,149.4700000000,284729907.0000000000,19908.0000000000,-0.0434000000,2.8472990700,东方财富沪深京A股延迟行情直连,2026-08-25
002600,领益智造,11.9200000000,12.0800000000,284607055.7599999905,240261.0000000000,-0.0132000000,2.8460705576,东方财富沪深京A股延迟行情直连,2026-08-25
002138,顺络电子,46.7200000000,47.6600000000,284604292.8799999952,61332.0000000000,-0.0197000000,2.8460429288,东方财富沪深京A股延迟行情直连,2026-08-25
002297,博云新材,17.0200000000,17.4600000000,283179974.8999999762,167778.0000000000,-0.0252000000,2.8317997490,东方财富沪深京A股延迟行情直连,2026-08-25
600919,江苏银行,12.1200000000,12.1300000000,282022151.0000000000,232450.0000000000,-0.0008000000,2.8202215100,东方财富沪深京A股延迟行情直连,2026-08-25
688726,拉普拉斯,44.8400000000,47.0200000000,281860762.0000000000,63395.0000000000,-0.0464000000,2.8186076200,东方财富沪深京A股延迟行情直连,2026-08-25
600909,华安证券,8.0200000000,8.1900000000,281252559.0000000000,350315.0000000000,-0.0208000000,2.8125255900,东方财富沪深京A股延迟行情直连,2026-08-25
300450,先导智能,33.0400000000,33.8400000000,279957562.6600000262,84353.0000000000,-0.0236000000,2.7995756266,东方财富沪深京A股延迟行情直连,2026-08-25
000001,平安银行,11.5700000000,11.5600000000,276923756.6200000048,239185.0000000000,0.0009000000,2.7692375662,东方财富沪深京A股延迟行情直连,2026-08-25
300077,国民技术,19.2900000000,19.7200000000,276368722.1999999881,143671.0000000000,-0.0218000000,2.7636872220,东方财富沪深京A股延迟行情直连,2026-08-25
301666,大普微-UW,391.0000000000,408.6600000000,275508887.1999999881,7065.0000000000,-0.0432000000,2.7550888720,东方财富沪深京A股延迟行情直连,2026-08-25
603690,至纯科技,24.7500000000,25.5000000000,275449804.0000000000,111177.0000000000,-0.0294000000,2.7544980400,东方财富沪深京A股延迟行情直连,2026-08-25
300345,华民股份,9.7800000000,9.6000000000,275434367.0000000000,285984.0000000000,0.0188000000,2.7543436700,东方财富沪深京A股延迟行情直连,2026-08-25
601939,建设银行,10.6600000000,10.6600000000,275131812.0000000000,257553.0000000000,0.0000000000,2.7513181200,东方财富沪深京A股延迟行情直连,2026-08-25
688260,昀冢科技,96.8000000000,104.0000000000,274086687.0000000000,28232.0000000000,-0.0692000000,2.7408668700,东方财富沪深京A股延迟行情直连,2026-08-25
920087,秋乐种业,17.1000000000,15.4000000000,273688515.7699999809,161643.0000000000,0.1104000000,2.7368851577,东方财富沪深京A股延迟行情直连,2026-08-25
301591,肯特股份,39.6200000000,37.5400000000,273458915.1899999976,71654.0000000000,0.0554000000,2.7345891519,东方财富沪深京A股延迟行情直连,2026-08-25
002245,蔚蓝锂芯,17.4600000000,17.9500000000,272331127.6100000143,156107.0000000000,-0.0273000000,2.7233112761,东方财富沪深京A股延迟行情直连,2026-08-25
600577,精达股份,8.3700000000,8.5500000000,271415881.0000000000,319719.0000000000,-0.0211000000,2.7141588100,东方财富沪深京A股延迟行情直连,2026-08-25
002354,天娱数科,6.9000000000,6.9500000000,271348540.0299999714,396062.0000000000,-0.0072000000,2.7134854003,东方财富沪深京A股延迟行情直连,2026-08-25
688249,晶合集成,37.0000000000,38.4600000000,270387637.0000000000,73461.0000000000,-0.0380000000,2.7038763700,东方财富沪深京A股延迟行情直连,2026-08-25
002385,大北农,3.2900000000,3.2000000000,270167936.0000000000,820388.0000000000,0.0281000000,2.7016793600,东方财富沪深京A股延迟行情直连,2026-08-25
600089,特变电工,19.0200000000,19.0000000000,269671252.0000000000,142544.0000000000,0.0011000000,2.6967125200,东方财富沪深京A股延迟行情直连,2026-08-25
600693,东百集团,9.0100000000,8.5100000000,269007830.0000000000,304136.0000000000,0.0588000000,2.6900783000,东方财富沪深京A股延迟行情直连,2026-08-25
000728,国元证券,7.3400000000,7.0900000000,268898031.5400000215,367504.0000000000,0.0353000000,2.6889803154,东方财富沪深京A股延迟行情直连,2026-08-25
688328,深科达,88.1300000000,89.1000000000,268765551.0000000000,31241.0000000000,-0.0109000000,2.6876555100,东方财富沪深京A股延迟行情直连,2026-08-25
688183,生益电子,102.0500000000,102.3000000000,268214079.0000000000,26671.0000000000,-0.0024000000,2.6821407900,东方财富沪深京A股延迟行情直连,2026-08-25
300945,曼卡龙,13.0200000000,12.9600000000,267926482.7299999893,197660.0000000000,0.0046000000,2.6792648273,东方财富沪深京A股延迟行情直连,2026-08-25
002115,三维通信,10.4200000000,10.8200000000,267803791.7400000095,258884.0000000000,-0.0370000000,2.6780379174,东方财富沪深京A股延迟行情直连,2026-08-25
002455,百川股份,7.4800000000,7.2200000000,267467316.9099999964,355210.0000000000,0.0360000000,2.6746731691,东方财富沪深京A股延迟行情直连,2026-08-25
688111,金山办公,233.2800000000,233.3000000000,267123181.0000000000,11470.0000000000,-0.0001000000,2.6712318100,东方财富沪深京A股延迟行情直连,2026-08-25
000695,滨海能源,15.3500000000,13.9500000000,266997836.0000000000,178280.0000000000,0.1004000000,2.6699783600,东方财富沪深京A股延迟行情直连,2026-08-25
601101,昊华能源,13.4200000000,13.5100000000,266802751.0000000000,199421.0000000000,-0.0067000000,2.6680275100,东方财富沪深京A股延迟行情直连,2026-08-25
300438,鹏辉能源,60.4500000000,61.8200000000,265710656.8000000119,43720.0000000000,-0.0222000000,2.6571065680,东方财富沪深京A股延迟行情直连,2026-08-25
002900,哈三联,13.4800000000,14.1500000000,265427399.0000000000,202629.0000000000,-0.0473000000,2.6542739900,东方财富沪深京A股延迟行情直连,2026-08-25
600000,浦发银行,9.1100000000,9.2200000000,264874216.0000000000,288994.0000000000,-0.0119000000,2.6487421600,东方财富沪深京A股延迟行情直连,2026-08-25
300776,帝尔激光,111.1000000000,117.9100000000,264806256.3600000143,23704.0000000000,-0.0578000000,2.6480625636,东方财富沪深京A股延迟行情直连,2026-08-25
300498,温氏股份,13.9200000000,13.6600000000,264718645.3300000131,191137.0000000000,0.0190000000,2.6471864533,东方财富沪深京A股延迟行情直连,2026-08-25
603459,红板科技,83.8200000000,86.2400000000,263633613.0000000000,31741.0000000000,-0.0281000000,2.6363361300,东方财富沪深京A股延迟行情直连,2026-08-25
688655,迅捷兴,45.3900000000,41.7900000000,263249269.0000000000,60814.0000000000,0.0861000000,2.6324926900,东方财富沪深京A股延迟行情直连,2026-08-25
300244,迪安诊断,19.0900000000,19.8200000000,263046522.3799999952,137270.0000000000,-0.0368000000,2.6304652238,东方财富沪深京A股延迟行情直连,2026-08-25
688233,神工股份,106.2000000000,110.8500000000,262808451.0000000000,24951.0000000000,-0.0419000000,2.6280845100,东方财富沪深京A股延迟行情直连,2026-08-25
300199,翰宇药业,22.0200000000,22.1700000000,262196131.9000000060,119167.0000000000,-0.0068000000,2.6219613190,东方财富沪深京A股延迟行情直连,2026-08-25
300688,创业黑马,27.2800000000,28.4600000000,260883428.5000000000,97920.0000000000,-0.0415000000,2.6088342850,东方财富沪深京A股延迟行情直连,2026-08-25
300358,楚天科技,8.8700000000,8.6700000000,260821934.3899999857,292732.0000000000,0.0231000000,2.6082193439,东方财富沪深京A股延迟行情直连,2026-08-25
300398,飞凯材料,33.7500000000,35.1600000000,260443866.9699999988,77176.0000000000,-0.0401000000,2.6044386697,东方财富沪深京A股延迟行情直连,2026-08-25
002141,贤丰控股,6.0600000000,5.9800000000,260261896.1299999952,442267.0000000000,0.0134000000,2.6026189613,东方财富沪深京A股延迟行情直连,2026-08-25
688308,欧科亿,91.0100000000,94.1000000000,259083425.0000000000,28694.0000000000,-0.0328000000,2.5908342500,东方财富沪深京A股延迟行情直连,2026-08-25
600499,科达制造,14.4100000000,13.9600000000,258819350.0000000000,180523.0000000000,0.0322000000,2.5881935000,东方财富沪深京A股延迟行情直连,2026-08-25
002149,西部材料,35.6000000000,36.6700000000,258553228.6800000072,72486.0000000000,-0.0292000000,2.5855322868,东方财富沪深京A股延迟行情直连,2026-08-25
600888,新疆众和,10.3300000000,10.5300000000,258452793.0000000000,247640.0000000000,-0.0190000000,2.5845279300,东方财富沪深京A股延迟行情直连,2026-08-25
300363,博腾股份,20.8600000000,20.4600000000,258380099.8000000119,125571.0000000000,0.0196000000,2.5838009980,东方财富沪深京A股延迟行情直连,2026-08-25
301211,亨迪药业,12.7200000000,11.7500000000,257782935.1299999952,208234.0000000000,0.0826000000,2.5778293513,东方财富沪深京A股延迟行情直连,2026-08-25
300661,圣邦股份,110.8300000000,111.1300000000,257421484.4300000072,23413.0000000000,-0.0027000000,2.5742148443,东方财富沪深京A股延迟行情直连,2026-08-25
688372,伟测科技,120.2000000000,122.2200000000,255512447.0000000000,21640.0000000000,-0.0165000000,2.5551244700,东方财富沪深京A股延迟行情直连,2026-08-25
601975,招商南油,3.9600000000,4.0000000000,255428469.0000000000,641899.0000000000,-0.0100000000,2.5542846900,东方财富沪深京A股延迟行情直连,2026-08-25
002311,海大集团,45.5700000000,46.3000000000,254346091.4000000060,57220.0000000000,-0.0158000000,2.5434609140,东方财富沪深京A股延迟行情直连,2026-08-25
601658,邮储银行,5.0500000000,5.0400000000,254069343.0000000000,502754.0000000000,0.0020000000,2.5406934300,东方财富沪深京A股延迟行情直连,2026-08-25
601083,锦江航运,12.8200000000,13.1100000000,252234495.0000000000,194223.0000000000,-0.0221000000,2.5223449500,东方财富沪深京A股延迟行情直连,2026-08-25
002423,中粮资本,9.5700000000,9.3000000000,251717045.8199999928,263789.0000000000,0.0290000000,2.5171704582,东方财富沪深京A股延迟行情直连,2026-08-25
300083,创世纪,13.3300000000,13.3700000000,251211515.8499999940,189110.0000000000,-0.0030000000,2.5121151585,东方财富沪深京A股延迟行情直连,2026-08-25
300442,润泽科技,61.6500000000,62.4500000000,250946424.0099999905,40938.0000000000,-0.0128000000,2.5094642401,东方财富沪深京A股延迟行情直连,2026-08-25
002497,雅化集团,19.0300000000,19.5400000000,250709420.1399999857,129746.0000000000,-0.0261000000,2.5070942014,东方财富沪深京A股延迟行情直连,2026-08-25
002028,思源电气,172.3400000000,175.2000000000,250558518.6999999881,14650.0000000000,-0.0163000000,2.5055851870,东方财富沪深京A股延迟行情直连,2026-08-25
603002,宏昌电子,15.2700000000,15.6600000000,250283728.0000000000,164360.0000000000,-0.0249000000,2.5028372800,东方财富沪深京A股延迟行情直连,2026-08-25
600536,中国软件,32.6200000000,33.2000000000,249986266.0000000000,76437.0000000000,-0.0175000000,2.4998626600,东方财富沪深京A股延迟行情直连,2026-08-25
688052,纳芯微,229.4100000000,232.0000000000,247996661.0000000000,10771.0000000000,-0.0112000000,2.4799666100,东方财富沪深京A股延迟行情直连,2026-08-25
300347,泰格医药,49.7800000000,49.1600000000,247917871.4000000060,50398.0000000000,0.0126000000,2.4791787140,东方财富沪深京A股延迟行情直连,2026-08-25
601699,潞安环能,16.9600000000,16.8500000000,246629751.0000000000,145242.0000000000,0.0065000000,2.4662975100,东方财富沪深京A股延迟行情直连,2026-08-25
603123,翠微股份,9.9000000000,9.9300000000,246583172.0000000000,252924.0000000000,-0.0030000000,2.4658317200,东方财富沪深京A股延迟行情直连,2026-08-25
603678,火炬电子,44.8300000000,46.7300000000,246309655.0000000000,54807.0000000000,-0.0407000000,2.4630965500,东方财富沪深京A股延迟行情直连,2026-08-25
002579,中京电子,13.4700000000,13.8700000000,245582749.8499999940,183697.0000000000,-0.0288000000,2.4558274985,东方财富沪深京A股延迟行情直连,2026-08-25
002971,和远气体,41.7800000000,43.8400000000,245080168.7599999905,58189.0000000000,-0.0470000000,2.4508016876,东方财富沪深京A股延迟行情直连,2026-08-25
300016,北陆药业,9.4900000000,9.7400000000,244775183.5800000131,256365.0000000000,-0.0257000000,2.4477518358,东方财富沪深京A股延迟行情直连,2026-08-25
603936,博敏电子,16.9000000000,17.2100000000,242470036.0000000000,143968.0000000000,-0.0180000000,2.4247003600,东方财富沪深京A股延迟行情直连,2026-08-25
300458,全志科技,30.2900000000,30.5000000000,242406604.0800000131,80736.0000000000,-0.0069000000,2.4240660408,东方财富沪深京A股延迟行情直连,2026-08-25
002980,华盛昌,92.8300000000,93.9800000000,241918385.1999999881,26333.0000000000,-0.0122000000,2.4191838520,东方财富沪深京A股延迟行情直连,2026-08-25
002038,双鹭药业,6.2000000000,6.3700000000,241913817.6599999964,392720.0000000000,-0.0267000000,2.4191381766,东方财富沪深京A股延迟行情直连,2026-08-25
300037,新宙邦,59.5700000000,62.0000000000,241767331.5999999940,40203.0000000000,-0.0392000000,2.4176733160,东方财富沪深京A股延迟行情直连,2026-08-25
600108,亚盛集团,3.3700000000,3.2700000000,240756665.0000000000,715048.0000000000,0.0306000000,2.4075666500,东方财富沪深京A股延迟行情直连,2026-08-25
688559,海目星,54.1000000000,55.4500000000,240730824.0000000000,44298.0000000000,-0.0243000000,2.4073082400,东方财富沪深京A股延迟行情直连,2026-08-25
002230,科大讯飞,39.0500000000,38.9300000000,240424449.5300000012,61706.0000000000,0.0031000000,2.4042444953,东方财富沪深京A股延迟行情直连,2026-08-25
300545,联得装备,32.8300000000,34.2000000000,240247698.7599999905,74259.0000000000,-0.0401000000,2.4024769876,东方财富沪深京A股延迟行情直连,2026-08-25
603306,华懋科技,71.2800000000,72.9800000000,240226213.0000000000,33537.0000000000,-0.0233000000,2.4022621300,东方财富沪深京A股延迟行情直连,2026-08-25
600552,凯盛科技,16.9500000000,17.4900000000,239887519.0000000000,141819.0000000000,-0.0309000000,2.3988751900,东方财富沪深京A股延迟行情直连,2026-08-25
600673,东阳光,31.8300000000,32.5700000000,239825095.0000000000,75526.0000000000,-0.0227000000,2.3982509500,东方财富沪深京A股延迟行情直连,2026-08-25
688257,新锐股份,53.1000000000,54.6400000000,239808255.0000000000,45478.0000000000,-0.0282000000,2.3980825500,东方财富沪深京A股延迟行情直连,2026-08-25
000670,盈方微,6.6900000000,7.3100000000,239555936.4099999964,355933.0000000000,-0.0848000000,2.3955593641,东方财富沪深京A股延迟行情直连,2026-08-25
300690,双一科技,22.9700000000,20.3900000000,239300761.9099999964,102788.0000000000,0.1265000000,2.3930076191,东方财富沪深京A股延迟行情直连,2026-08-25
601328,交通银行,7.1800000000,7.2000000000,238778979.0000000000,331453.0000000000,-0.0028000000,2.3877897900,东方财富沪深京A股延迟行情直连,2026-08-25
301606,绿联科技,54.0500000000,48.9500000000,238678389.7199999988,44489.0000000000,0.1042000000,2.3867838972,东方财富沪深京A股延迟行情直连,2026-08-25
601225,陕西煤业,26.7000000000,26.5000000000,238080390.0000000000,89411.0000000000,0.0075000000,2.3808039000,东方财富沪深京A股延迟行情直连,2026-08-25
002378,章源钨业,24.8100000000,25.5500000000,238045674.1899999976,95171.0000000000,-0.0290000000,2.3804567419,东方财富沪深京A股延迟行情直连,2026-08-25
003018,金富科技,42.8600000000,41.8000000000,237680402.1399999857,56550.0000000000,0.0254000000,2.3768040214,东方财富沪深京A股延迟行情直连,2026-08-25
603659,璞泰来,23.5300000000,24.4200000000,237483248.0000000000,99526.0000000000,-0.0364000000,2.3748324800,东方财富沪深京A股延迟行情直连,2026-08-25
601126,四方股份,42.9500000000,44.1400000000,237365095.0000000000,55353.0000000000,-0.0270000000,2.3736509500,东方财富沪深京A股延迟行情直连,2026-08-25
689009,九号公司-WD,45.0100000000,43.4100000000,236874612.0000000000,53231.0000000000,0.0369000000,2.3687461200,东方财富沪深京A股延迟行情直连,2026-08-25
688433,华曙高科,102.9600000000,106.0000000000,236450126.0000000000,22918.0000000000,-0.0287000000,2.3645012600,东方财富沪深京A股延迟行情直连,2026-08-25
601137,博威合金,19.1500000000,19.3900000000,236359433.0000000000,121957.0000000000,-0.0124000000,2.3635943300,东方财富沪深京A股延迟行情直连,2026-08-25
688268,华特气体,137.7600000000,142.7500000000,236064325.0000000000,17180.0000000000,-0.0350000000,2.3606432500,东方财富沪深京A股延迟行情直连,2026-08-25
300814,中富电路,130.0400000000,133.0000000000,235532701.3899999857,18365.0000000000,-0.0223000000,2.3553270139,东方财富沪深京A股延迟行情直连,2026-08-25
002532,天山铝业,12.5200000000,12.7000000000,234439261.5500000119,186188.0000000000,-0.0142000000,2.3443926155,东方财富沪深京A股延迟行情直连,2026-08-25
301093,华兰股份,74.4600000000,78.4400000000,233896470.2800000012,31568.0000000000,-0.0507000000,2.3389647028,东方财富沪深京A股延迟行情直连,2026-08-25
603095,越剑智能,16.0200000000,14.9100000000,233615330.0000000000,146376.0000000000,0.0744000000,2.3361533000,东方财富沪深京A股延迟行情直连,2026-08-25
003010,若羽臣,29.9400000000,28.4400000000,230880809.0600000024,78988.0000000000,0.0527000000,2.3088080906,东方财富沪深京A股延迟行情直连,2026-08-25
603179,新泉股份,37.3800000000,38.0800000000,233596876.0000000000,62279.0000000000,-0.0184000000,2.3359687600,东方财富沪深京A股延迟行情直连,2026-08-25
688598,金博股份,36.0700000000,36.8700000000,232702505.0000000000,64836.0000000000,-0.0217000000,2.3270250500,东方财富沪深京A股延迟行情直连,2026-08-25
001277,速达股份,32.8000000000,31.8900000000,231493151.7299999893,72308.0000000000,0.0285000000,2.3149315173,东方财富沪深京A股延迟行情直连,2026-08-25
003032,传智教育,10.1800000000,9.9900000000,231063202.0999999940,231623.0000000000,0.0190000000,2.3106320210,东方财富沪深京A股延迟行情直连,2026-08-25
300191,潜能恒信,34.6400000000,33.9700000000,230662430.8700000048,67339.0000000000,0.0197000000,2.3066243087,东方财富沪深京A股延迟行情直连,2026-08-25
000933,神火股份,25.9200000000,26.0800000000,230601342.0000000000,88647.0000000000,-0.0061000000,2.3060134200,东方财富沪深京A股延迟行情直连,2026-08-25
600490,鹏欣资源,7.3000000000,7.4500000000,230207297.0000000000,308838.0000000000,-0.0201000000,2.3020729700,东方财富沪深京A股延迟行情直连,2026-08-25
000716,黑芝麻,5.0500000000,4.7200000000,229968583.2800000012,461360.0000000000,0.0699000000,2.2996858328,东方财富沪深京A股延迟行情直连,2026-08-25
688828,国仪公司-U,97.4900000000,97.0000000000,229657737.0000000000,24313.0000000000,0.0051000000,2.2965773700,东方财富沪深京A股延迟行情直连,2026-08-25
688090,瑞松科技,68.9700000000,67.2000000000,229461631.0000000000,33937.0000000000,0.0263000000,2.2946163100,东方财富沪深京A股延迟行情直连,2026-08-25
300706,阿石创,50.4300000000,53.2900000000,229450714.6800000072,45507.0000000000,-0.0537000000,2.2945071468,东方财富沪深京A股延迟行情直连,2026-08-25
688662,富信科技,85.6300000000,89.4500000000,229253158.0000000000,26629.0000000000,-0.0427000000,2.2925315800,东方财富沪深京A股延迟行情直连,2026-08-25
002213,大为股份,31.0500000000,31.5100000000,229079210.3000000119,75481.0000000000,-0.0146000000,2.2907921030,东方财富沪深京A股延迟行情直连,2026-08-25
605198,安德利,62.8900000000,64.7900000000,228989175.0000000000,35358.0000000000,-0.0293000000,2.2898917500,东方财富沪深京A股延迟行情直连,2026-08-25
300613,富瀚微,65.7900000000,68.4000000000,228559632.5200000107,34653.0000000000,-0.0382000000,2.2855963252,东方财富沪深京A股延迟行情直连,2026-08-25
600250,南京商旅,9.7100000000,9.4900000000,228363783.0000000000,232302.0000000000,0.0232000000,2.2836378300,东方财富沪深京A股延迟行情直连,2026-08-25
688099,晶晨股份,90.4000000000,89.5000000000,228287804.0000000000,25542.0000000000,0.0101000000,2.2828780400,东方财富沪深京A股延迟行情直连,2026-08-25
002125,湘潭电化,12.6900000000,13.3000000000,228240980.2899999917,177462.0000000000,-0.0459000000,2.2824098029,东方财富沪深京A股延迟行情直连,2026-08-25
300180,华峰超纤,4.7600000000,4.6400000000,227661854.3700000048,484503.0000000000,0.0259000000,2.2766185437,东方财富沪深京A股延迟行情直连,2026-08-25
600749,西藏旅游,14.9000000000,14.1200000000,227111010.0000000000,150525.0000000000,0.0552000000,2.2711101000,东方财富沪深京A股延迟行情直连,2026-08-25
688677,海泰新光,82.2600000000,84.2500000000,226954358.0000000000,27278.0000000000,-0.0236000000,2.2695435800,东方财富沪深京A股延迟行情直连,2026-08-25
300503,昊志机电,67.5000000000,67.0300000000,226838818.9199999869,34290.0000000000,0.0070000000,2.2683881892,东方财富沪深京A股延迟行情直连,2026-08-25
000776,广发证券,20.3300000000,20.6400000000,226728886.7100000083,110921.0000000000,-0.0150000000,2.2672888671,东方财富沪深京A股延迟行情直连,2026-08-25
000592,平潭发展,6.0300000000,5.9100000000,226623922.5000000000,380556.0000000000,0.0203000000,2.2662392250,东方财富沪深京A股延迟行情直连,2026-08-25
300740,水羊股份,20.9100000000,20.0600000000,226471224.6500000060,110122.0000000000,0.0424000000,2.2647122465,东方财富沪深京A股延迟行情直连,2026-08-25
000568,泸州老窖,84.7100000000,85.5100000000,226419567.4199999869,26678.0000000000,-0.0094000000,2.2641956742,东方财富沪深京A股延迟行情直连,2026-08-25
001280,中国铀业,68.5000000000,69.6000000000,226330889.1899999976,33228.0000000000,-0.0158000000,2.2633088919,东方财富沪深京A股延迟行情直连,2026-08-25
688136,科兴制药,22.0200000000,23.6000000000,225866485.0000000000,100104.0000000000,-0.0669000000,2.2586648500,东方财富沪深京A股延迟行情直连,2026-08-25
301200,大族数控,260.3900000000,267.0000000000,225748935.0000000000,8726.0000000000,-0.0248000000,2.2574893500,东方财富沪深京A股延迟行情直连,2026-08-25
300593,新雷能,29.6400000000,30.3800000000,225267793.8300000131,76883.0000000000,-0.0244000000,2.2526779383,东方财富沪深京A股延迟行情直连,2026-08-25
600508,上海能源,10.8700000000,9.8800000000,225138834.0000000000,208455.0000000000,0.1002000000,2.2513883400,东方财富沪深京A股延迟行情直连,2026-08-25
600246,万通发展,11.0500000000,11.3700000000,225130180.0000000000,204709.0000000000,-0.0281000000,2.2513018000,东方财富沪深京A股延迟行情直连,2026-08-25
300811,铂科新材,72.6100000000,74.2800000000,223956104.0800000131,30903.0000000000,-0.0225000000,2.2395610408,东方财富沪深京A股延迟行情直连,2026-08-25
300331,苏大维格,45.7300000000,48.4200000000,223805477.2500000000,48874.0000000000,-0.0556000000,2.2380547725,东方财富沪深京A股延迟行情直连,2026-08-25
301188,力诺药包,35.0700000000,37.4600000000,223380125.8400000036,63376.0000000000,-0.0638000000,2.2338012584,东方财富沪深京A股延迟行情直连,2026-08-25
301312,智立方,71.8500000000,70.8000000000,223176305.6299999952,31256.0000000000,0.0148000000,2.2317630563,东方财富沪深京A股延迟行情直连,2026-08-25
600863,华能蒙电,4.6400000000,4.7300000000,222599645.0000000000,482569.0000000000,-0.0190000000,2.2259964500,东方财富沪深京A股延迟行情直连,2026-08-25
600660,福耀玻璃,57.5000000000,56.4900000000,221398912.0000000000,38725.0000000000,0.0179000000,2.2139891200,东方财富沪深京A股延迟行情直连,2026-08-25
002277,友阿股份,6.6100000000,6.4400000000,220583177.6100000143,340434.0000000000,0.0264000000,2.2058317761,东方财富沪深京A股延迟行情直连,2026-08-25
688172,燕东微,50.3800000000,53.2500000000,220497911.0000000000,43490.0000000000,-0.0539000000,2.2049791100,东方财富沪深京A股延迟行情直连,2026-08-25
000582,北部湾港,10.8300000000,10.4200000000,219339536.4399999976,205640.0000000000,0.0393000000,2.1933953644,东方财富沪深京A股延迟行情直连,2026-08-25
600016,民生银行,3.5100000000,3.5100000000,219095154.0000000000,624506.0000000000,0.0000000000,2.1909515400,东方财富沪深京A股延迟行情直连,2026-08-25
600415,小商品城,12.2300000000,12.3000000000,218980333.0000000000,179382.0000000000,-0.0057000000,2.1898033300,东方财富沪深京A股延迟行情直连,2026-08-25
603333,福华尚纬,9.4400000000,9.5100000000,218386712.0000000000,228278.0000000000,-0.0074000000,2.1838671200,东方财富沪深京A股延迟行情直连,2026-08-25
688548,广钢气体,34.2800000000,35.1000000000,217806211.0000000000,63853.0000000000,-0.0234000000,2.1780621100,东方财富沪深京A股延迟行情直连,2026-08-25
603588,高能环境,13.7200000000,13.4800000000,217619615.0000000000,160425.0000000000,0.0178000000,2.1761961500,东方财富沪深京A股延迟行情直连,2026-08-25
000060,中金岭南,6.5100000000,6.6600000000,217492957.4399999976,330451.0000000000,-0.0225000000,2.1749295744,东方财富沪深京A股延迟行情直连,2026-08-25
000983,山西焦煤,7.4600000000,7.4400000000,217051260.5999999940,290756.0000000000,0.0027000000,2.1705126060,东方财富沪深京A股延迟行情直连,2026-08-25
301307,美利信,51.4200000000,52.8200000000,216584253.9000000060,41966.0000000000,-0.0265000000,2.1658425390,东方财富沪深京A股延迟行情直连,2026-08-25
300975,商络电子,24.1900000000,24.6700000000,216469687.7599999905,90241.0000000000,-0.0195000000,2.1646968776,东方财富沪深京A股延迟行情直连,2026-08-25
301297,富乐德,33.9600000000,35.9000000000,216378270.0900000036,63366.0000000000,-0.0540000000,2.1637827009,东方财富沪深京A股延迟行情直连,2026-08-25
002907,华森制药,15.7400000000,14.3100000000,215932063.0000000000,143887.0000000000,0.0999000000,2.1593206300,东方财富沪深京A股延迟行情直连,2026-08-25
600262,北方股份,15.6600000000,15.0600000000,215584211.0000000000,134986.0000000000,0.0398000000,2.1558421100,东方财富沪深京A股延迟行情直连,2026-08-25
301603,乔锋智能,119.7600000000,119.0000000000,215566645.0000000000,17809.0000000000,0.0064000000,2.1556664500,东方财富沪深京A股延迟行情直连,2026-08-25
688530,欧莱新材,59.7000000000,62.9200000000,215193118.0000000000,35902.0000000000,-0.0512000000,2.1519311800,东方财富沪深京A股延迟行情直连,2026-08-25
301021,英诺激光,71.9400000000,75.3400000000,214358795.8100000024,29773.0000000000,-0.0451000000,2.1435879581,东方财富沪深京A股延迟行情直连,2026-08-25
300558,贝达药业,48.4300000000,48.5300000000,214227144.1299999952,44183.0000000000,-0.0021000000,2.1422714413,东方财富沪深京A股延迟行情直连,2026-08-25
002203,海亮股份,19.2000000000,19.3200000000,213913348.0000000000,112538.0000000000,-0.0062000000,2.1391334800,东方财富沪深京A股延迟行情直连,2026-08-25
300263,隆华科技,9.8600000000,10.1900000000,213518629.2100000083,218092.0000000000,-0.0324000000,2.1351862921,东方财富沪深京A股延迟行情直连,2026-08-25
688449,联芸科技,66.2200000000,66.0400000000,213312810.0000000000,32555.0000000000,0.0027000000,2.1331281000,东方财富沪深京A股延迟行情直连,2026-08-25
300957,贝泰妮,32.4100000000,31.0500000000,213099386.5200000107,65456.0000000000,0.0438000000,2.1309938652,东方财富沪深京A股延迟行情直连,2026-08-25
300579,数字认证,23.9300000000,21.4900000000,212985137.8300000131,91223.0000000000,0.1135000000,2.1298513783,东方财富沪深京A股延迟行情直连,2026-08-25
300179,四方达,34.0200000000,34.6600000000,212542925.8400000036,63137.0000000000,-0.0185000000,2.1254292584,东方财富沪深京A股延迟行情直连,2026-08-25
688131,皓元医药,94.0100000000,91.6600000000,212334110.0000000000,22834.0000000000,0.0256000000,2.1233411000,东方财富沪深京A股延迟行情直连,2026-08-25
300542,新晨科技,13.6300000000,11.9500000000,212276229.7800000012,159708.0000000000,0.1406000000,2.1227622978,东方财富沪深京A股延迟行情直连,2026-08-25
301419,阿莱德,39.2400000000,41.1000000000,211221876.4300000072,54037.0000000000,-0.0453000000,2.1122187643,东方财富沪深京A股延迟行情直连,2026-08-25
002903,宇环数控,31.3700000000,32.6800000000,210654658.9799999893,67147.0000000000,-0.0401000000,2.1065465898,东方财富沪深京A股延迟行情直连,2026-08-25
300769,德方纳米,45.0800000000,46.8900000000,210492544.2599999905,46215.0000000000,-0.0386000000,2.1049254426,东方财富沪深京A股延迟行情直连,2026-08-25
601998,中信银行,8.6000000000,8.5600000000,209074631.0000000000,242999.0000000000,0.0047000000,2.0907463100,东方财富沪深京A股延迟行情直连,2026-08-25
300483,首华燃气,24.3300000000,23.2000000000,209070463.0000000000,87688.0000000000,0.0487000000,2.0907046300,东方财富沪深京A股延迟行情直连,2026-08-25
000878,云南铜业,16.0800000000,16.5400000000,208517175.1500000060,127973.0000000000,-0.0278000000,2.0851717515,东方财富沪深京A股延迟行情直连,2026-08-25
002645,华宏科技,18.5300000000,19.0300000000,208339875.4300000072,110804.0000000000,-0.0263000000,2.0833987543,东方财富沪深京A股延迟行情直连,2026-08-25
688516,奥特维,42.4700000000,42.5000000000,208123470.0000000000,49001.0000000000,-0.0007000000,2.0812347000,东方财富沪深京A股延迟行情直连,2026-08-25
000751,锌业股份,5.0900000000,5.2900000000,208083878.0099999905,403187.0000000000,-0.0378000000,2.0808387801,东方财富沪深京A股延迟行情直连,2026-08-25
600338,西藏珠峰,13.5600000000,13.9300000000,208048883.0000000000,151195.0000000000,-0.0266000000,2.0804888300,东方财富沪深京A股延迟行情直连,2026-08-25
688368,晶丰明源,113.9000000000,122.0000000000,207999564.0000000000,18129.0000000000,-0.0664000000,2.0799956400,东方财富沪深京A股延迟行情直连,2026-08-25
000815,美利云,16.0900000000,16.0500000000,207182587.1299999952,131359.0000000000,0.0025000000,2.0718258713,东方财富沪深京A股延迟行情直连,2026-08-25
002129,TCL中环,9.2400000000,9.3500000000,207162337.0000000000,225041.0000000000,-0.0118000000,2.0716233700,东方财富沪深京A股延迟行情直连,2026-08-25
300748,金力永磁,27.1800000000,27.7100000000,206885635.3000000119,75040.0000000000,-0.0191000000,2.0688563530,东方财富沪深京A股延迟行情直连,2026-08-25
600331,宏达股份,12.5700000000,13.0500000000,206346662.0000000000,161964.0000000000,-0.0368000000,2.0634666200,东方财富沪深京A股延迟行情直连,2026-08-25
603087,甘李药业,65.9300000000,65.4700000000,206143727.0000000000,31251.0000000000,0.0070000000,2.0614372700,东方财富沪深京A股延迟行情直连,2026-08-25
300073,当升科技,40.2900000000,41.6700000000,206047425.4000000060,50499.0000000000,-0.0331000000,2.0604742540,东方财富沪深京A股延迟行情直连,2026-08-25
001203,大中矿业,26.7200000000,27.8700000000,205939037.0000000000,75833.0000000000,-0.0413000000,2.0593903700,东方财富沪深京A股延迟行情直连,2026-08-25
000759,中百集团,6.0000000000,5.6600000000,205517300.0000000000,350911.0000000000,0.0601000000,2.0551730000,东方财富沪深京A股延迟行情直连,2026-08-25
001389,广合科技,148.1100000000,149.6000000000,205504316.4399999976,13975.0000000000,-0.0100000000,2.0550431644,东方财富沪深京A股延迟行情直连,2026-08-25
300480,光力科技,31.1900000000,32.6900000000,205075385.9600000083,65709.0000000000,-0.0459000000,2.0507538596,东方财富沪深京A股延迟行情直连,2026-08-25
000510,新金路,15.9300000000,16.6200000000,204182541.0000000000,127155.0000000000,-0.0415000000,2.0418254100,东方财富沪深京A股延迟行情直连,2026-08-25
000997,新 大 陆,18.8800000000,18.3200000000,203152757.9199999869,107995.0000000000,0.0306000000,2.0315275792,东方财富沪深京A股延迟行情直连,2026-08-25
603619,中曼石油,23.4400000000,23.5700000000,202421945.0000000000,86324.0000000000,-0.0055000000,2.0242194500,东方财富沪深京A股延迟行情直连,2026-08-25
300122,智飞生物,12.7000000000,12.8300000000,201268273.5999999940,157795.0000000000,-0.0101000000,2.0126827360,东方财富沪深京A股延迟行情直连,2026-08-25
301071,力量钻石,54.9200000000,56.6200000000,200821789.8000000119,36664.0000000000,-0.0300000000,2.0082178980,东方财富沪深京A股延迟行情直连,2026-08-25
300009,安科生物,8.5100000000,8.4900000000,200790446.1800000072,237057.0000000000,0.0024000000,2.0079044618,东方财富沪深京A股延迟行情直连,2026-08-25
002721,金一文化,2.7800000000,2.8500000000,200711015.0000000000,714714.0000000000,-0.0246000000,2.0071101500,东方财富沪深京A股延迟行情直连,2026-08-25
002027,分众传媒,4.9400000000,4.8800000000,200693428.0500000119,407017.0000000000,0.0123000000,2.0069342805,东方财富沪深京A股延迟行情直连,2026-08-25
300221,银禧科技,13.4800000000,14.2200000000,198485580.0000000000,146566.0000000000,-0.0520000000,1.9848558000,东方财富沪深京A股延迟行情直连,2026-08-25
300866,安克创新,120.9300000000,115.4300000000,198007414.1699999869,16554.0000000000,0.0476000000,1.9800741417,东方财富沪深京A股延迟行情直连,2026-08-25
300085,银之杰,29.1200000000,28.8600000000,196043820.2800000012,67862.0000000000,0.0090000000,1.9604382028,东方财富沪深京A股延迟行情直连,2026-08-25
301196,唯科科技,86.1400000000,88.9800000000,195925877.1200000048,22777.0000000000,-0.0319000000,1.9592587712,东方财富沪深京A股延迟行情直连,2026-08-25
300803,指南针,80.0200000000,80.2600000000,195906265.7100000083,24528.0000000000,-0.0030000000,1.9590626571,东方财富沪深京A股延迟行情直连,2026-08-25
300404,博济医药,13.9700000000,14.1500000000,195856918.0699999928,140470.0000000000,-0.0127000000,1.9585691807,东方财富沪深京A股延迟行情直连,2026-08-25
300835,龙磁科技,150.8000000000,156.5200000000,195666996.9000000060,12998.0000000000,-0.0365000000,1.9566699690,东方财富沪深京A股延迟行情直连,2026-08-25
300726,宏达电子,50.2200000000,52.3000000000,195541702.4300000072,39144.0000000000,-0.0398000000,1.9554170243,东方财富沪深京A股延迟行情直连,2026-08-25
688729,屹唐股份,22.5100000000,23.3000000000,194568422.0000000000,86649.0000000000,-0.0339000000,1.9456842200,东方财富沪深京A股延迟行情直连,2026-08-25
603667,五洲新春,50.4700000000,51.3500000000,194461418.0000000000,38587.0000000000,-0.0171000000,1.9446141800,东方财富沪深京A股延迟行情直连,2026-08-25
601009,南京银行,11.7000000000,11.7800000000,194193240.0000000000,165565.0000000000,-0.0068000000,1.9419324000,东方财富沪深京A股延迟行情直连,2026-08-25
300699,光威复材,22.9000000000,23.9900000000,194048677.6800000072,85082.0000000000,-0.0454000000,1.9404867768,东方财富沪深京A股延迟行情直连,2026-08-25
688603,天承科技,100.4000000000,104.3800000000,193085963.0000000000,19579.0000000000,-0.0381000000,1.9308596300,东方财富沪深京A股延迟行情直连,2026-08-25
300763,锦浪科技,60.6000000000,62.6500000000,193036062.5000000000,31734.0000000000,-0.0327000000,1.9303606250,东方财富沪深京A股延迟行情直连,2026-08-25
300505,川金诺,19.2900000000,18.7600000000,193021546.2800000012,99695.0000000000,0.0283000000,1.9302154628,东方财富沪深京A股延迟行情直连,2026-08-25
688266,泽璟制药-U,118.2000000000,117.8300000000,192939290.0000000000,16536.0000000000,0.0031000000,1.9293929000,东方财富沪深京A股延迟行情直连,2026-08-25
603105,芯能科技,7.6100000000,7.7400000000,192622078.0000000000,248237.0000000000,-0.0168000000,1.9262207800,东方财富沪深京A股延迟行情直连,2026-08-25
002490,山东墨龙,8.2700000000,8.1800000000,192191269.6299999952,232971.0000000000,0.0110000000,1.9219126963,东方财富沪深京A股延迟行情直连,2026-08-25
002119,康强电子,22.1200000000,23.0400000000,191608905.8899999857,86938.0000000000,-0.0399000000,1.9160890589,东方财富沪深京A股延迟行情直连,2026-08-25
300676,华大基因,40.6100000000,41.9000000000,191348594.9499999881,46785.0000000000,-0.0308000000,1.9134859495,东方财富沪深京A股延迟行情直连,2026-08-25
002897,意华股份,54.9100000000,56.6000000000,190913397.6200000048,35179.0000000000,-0.0299000000,1.9091339762,东方财富沪深京A股延迟行情直连,2026-08-25
600758,辽宁能源,3.6300000000,3.4100000000,190643817.0000000000,538620.0000000000,0.0645000000,1.9064381700,东方财富沪深京A股延迟行情直连,2026-08-25
600031,三一重工,18.6800000000,18.6100000000,190028726.0000000000,101655.0000000000,0.0038000000,1.9002872600,东方财富沪深京A股延迟行情直连,2026-08-25
300839,博汇股份,12.8400000000,14.1200000000,189523007.1800000072,145851.0000000000,-0.0907000000,1.8952300718,东方财富沪深京A股延迟行情直连,2026-08-25
601001,晋控煤业,17.8800000000,17.2800000000,189203411.0000000000,106640.0000000000,0.0347000000,1.8920341100,东方财富沪深京A股延迟行情直连,2026-08-25
603079,圣达生物,13.8900000000,12.6300000000,188786440.0000000000,141366.0000000000,0.0998000000,1.8878644000,东方财富沪深京A股延迟行情直连,2026-08-25
000739,普洛药业,20.1200000000,19.7100000000,188608516.3199999928,94575.0000000000,0.0208000000,1.8860851632,东方财富沪深京A股延迟行情直连,2026-08-25
002179,中航光电,32.6900000000,33.0100000000,188370437.4000000060,57750.0000000000,-0.0097000000,1.8837043740,东方财富沪深京A股延迟行情直连,2026-08-25
301029,怡合达,25.3400000000,24.6900000000,188204698.0800000131,73451.0000000000,0.0263000000,1.8820469808,东方财富沪深京A股延迟行情直连,2026-08-25
688777,中控技术,87.5300000000,88.3100000000,187859351.0000000000,21331.0000000000,-0.0088000000,1.8785935100,东方财富沪深京A股延迟行情直连,2026-08-25
601952,苏垦农发,9.1100000000,8.8100000000,187707397.0000000000,207127.0000000000,0.0341000000,1.8770739700,东方财富沪深京A股延迟行情直连,2026-08-25
002049,紫光国微,60.7800000000,60.9900000000,187663940.5900000036,31035.0000000000,-0.0034000000,1.8766394059,东方财富沪深京A股延迟行情直连,2026-08-25
600219,南山铝业,4.7700000000,4.8000000000,187531902.0000000000,391806.0000000000,-0.0063000000,1.8753190200,东方财富沪深京A股延迟行情直连,2026-08-25
301161,唯万密封,28.7700000000,27.4700000000,187395220.3000000119,63195.0000000000,0.0473000000,1.8739522030,东方财富沪深京A股延迟行情直连,2026-08-25
603938,三孚股份,39.9200000000,41.4100000000,186933985.0000000000,46945.0000000000,-0.0360000000,1.8693398500,东方财富沪深京A股延迟行情直连,2026-08-25
300943,春晖智控,30.8500000000,29.3300000000,186728039.5399999917,61612.0000000000,0.0518000000,1.8672803954,东方财富沪深京A股延迟行情直连,2026-08-25
688653,康希通信,13.8800000000,15.3200000000,186358917.0000000000,128576.0000000000,-0.0940000000,1.8635891700,东方财富沪深京A股延迟行情直连,2026-08-25
603606,东方电缆,34.6700000000,34.1500000000,185946647.0000000000,53681.0000000000,0.0152000000,1.8594664700,东方财富沪深京A股延迟行情直连,2026-08-25
688456,有研粉材,77.2200000000,80.7800000000,185808233.0000000000,24151.0000000000,-0.0441000000,1.8580823300,东方财富沪深京A股延迟行情直连,2026-08-25
002001,新 和 成,26.2800000000,26.3200000000,185670498.2800000012,70409.0000000000,-0.0015000000,1.8567049828,东方财富沪深京A股延迟行情直连,2026-08-25
002929,润建股份,53.6000000000,52.4800000000,185409515.4900000095,35235.0000000000,0.0213000000,1.8540951549,东方财富沪深京A股延迟行情直连,2026-08-25
603803,瑞斯康达,10.9900000000,11.1300000000,184806068.0000000000,167091.0000000000,-0.0126000000,1.8480606800,东方财富沪深京A股延迟行情直连,2026-08-25
920438,戈碧迦,100.5200000000,106.0000000000,184605912.2500000000,18180.0000000000,-0.0517000000,1.8460591225,东方财富沪深京A股延迟行情直连,2026-08-25
000712,锦龙股份,8.8100000000,9.0600000000,184452755.9499999881,207871.0000000000,-0.0276000000,1.8445275595,东方财富沪深京A股延迟行情直连,2026-08-25
688222,成都先导,34.4200000000,34.6800000000,184367726.0000000000,53914.0000000000,-0.0075000000,1.8436772600,东方财富沪深京A股延迟行情直连,2026-08-25
688584,上海合晶,28.3000000000,29.7900000000,184348279.0000000000,65362.0000000000,-0.0500000000,1.8434827900,东方财富沪深京A股延迟行情直连,2026-08-25
603308,应流股份,42.5000000000,42.6000000000,183831187.0000000000,43984.0000000000,-0.0023000000,1.8383118700,东方财富沪深京A股延迟行情直连,2026-08-25
000070,特发信息,14.7300000000,14.6100000000,183151006.6399999857,125620.0000000000,0.0082000000,1.8315100664,东方财富沪深京A股延迟行情直连,2026-08-25
603890,春秋电子,18.0900000000,18.5700000000,182837496.0000000000,102338.0000000000,-0.0258000000,1.8283749600,东方财富沪深京A股延迟行情直连,2026-08-25
600879,航天电子,13.9500000000,14.0500000000,182477263.0000000000,131566.0000000000,-0.0071000000,1.8247726300,东方财富沪深京A股延迟行情直连,2026-08-25
601012,隆基绿能,12.0400000000,12.1500000000,182378171.0000000000,151121.0000000000,-0.0091000000,1.8237817100,东方财富沪深京A股延迟行情直连,2026-08-25
688710,益诺思,93.4900000000,89.8900000000,182163821.0000000000,19767.0000000000,0.0400000000,1.8216382100,东方财富沪深京A股延迟行情直连,2026-08-25
603011,合锻智能,22.4000000000,22.6900000000,182153195.0000000000,82250.0000000000,-0.0128000000,1.8215319500,东方财富沪深京A股延迟行情直连,2026-08-25
002142,宁波银行,33.8000000000,33.9000000000,181832611.8199999928,53730.0000000000,-0.0029000000,1.8183261182,东方财富沪深京A股延迟行情直连,2026-08-25
300184,力源信息,11.6400000000,11.8400000000,181060710.3700000048,157012.0000000000,-0.0169000000,1.8106071037,东方财富沪深京A股延迟行情直连,2026-08-25
601579,会稽山,19.9300000000,20.2100000000,180739794.0000000000,90288.0000000000,-0.0139000000,1.8073979400,东方财富沪深京A股延迟行情直连,2026-08-25
601688,华泰证券,18.5100000000,18.6400000000,180677262.0000000000,97070.0000000000,-0.0070000000,1.8067726200,东方财富沪深京A股延迟行情直连,2026-08-25
300082,奥克股份,8.4500000000,7.8700000000,180445521.8300000131,210800.0000000000,0.0737000000,1.8044552183,东方财富沪深京A股延迟行情直连,2026-08-25
300207,欣旺达,17.6000000000,17.9000000000,180266406.0600000024,101987.0000000000,-0.0168000000,1.8026640606,东方财富沪深京A股延迟行情直连,2026-08-25
002177,御银股份,5.9800000000,5.8100000000,180041428.7199999988,304118.0000000000,0.0293000000,1.8004142872,东方财富沪深京A股延迟行情直连,2026-08-25
601179,中国西电,12.7400000000,12.7300000000,180006976.0000000000,142134.0000000000,0.0008000000,1.8000697600,东方财富沪深京A股延迟行情直连,2026-08-25
600698,湖南天雁,7.2800000000,6.6200000000,179515164.0000000000,250585.0000000000,0.0997000000,1.7951516400,东方财富沪深京A股延迟行情直连,2026-08-25
603338,浙江鼎力,57.0700000000,54.6600000000,179377717.0000000000,31648.0000000000,0.0441000000,1.7937771700,东方财富沪深京A股延迟行情直连,2026-08-25
301583,托伦斯,121.9000000000,124.7000000000,179368498.5200000107,14733.0000000000,-0.0225000000,1.7936849852,东方财富沪深京A股延迟行情直连,2026-08-25
603039,泛微网络,40.2900000000,41.7400000000,179198872.0000000000,43945.0000000000,-0.0347000000,1.7919887200,东方财富沪深京A股延迟行情直连,2026-08-25
300546,雄帝科技,18.8300000000,19.2900000000,179078677.0000000000,97235.0000000000,-0.0238000000,1.7907867700,东方财富沪深京A股延迟行情直连,2026-08-25
001230,劲旅环境,23.3200000000,23.4100000000,179056720.2400000095,75546.0000000000,-0.0038000000,1.7905672024,东方财富沪深京A股延迟行情直连,2026-08-25
601689,拓普集团,46.0600000000,46.3000000000,178940579.0000000000,39085.0000000000,-0.0052000000,1.7894057900,东方财富沪深京A股延迟行情直连,2026-08-25
688419,耐科装备,53.9800000000,56.7800000000,178925331.0000000000,32885.0000000000,-0.0493000000,1.7892533100,东方财富沪深京A股延迟行情直连,2026-08-25
300738,奥飞数据,20.8000000000,21.2300000000,178768984.4300000072,86257.0000000000,-0.0203000000,1.7876898443,东方财富沪深京A股延迟行情直连,2026-08-25
002947,恒铭达,54.9500000000,54.1900000000,178617222.2400000095,32791.0000000000,0.0140000000,1.7861722224,东方财富沪深京A股延迟行情直连,2026-08-25
002585,双星新材,9.4900000000,9.8200000000,178289789.4799999893,188747.0000000000,-0.0336000000,1.7828978948,东方财富沪深京A股延迟行情直连,2026-08-25
601169,北京银行,5.1500000000,5.1700000000,177998766.0000000000,344665.0000000000,-0.0039000000,1.7799876600,东方财富沪深京A股延迟行情直连,2026-08-25
002517,恺英网络,16.4800000000,16.5500000000,177790209.4900000095,107916.0000000000,-0.0042000000,1.7779020949,东方财富沪深京A股延迟行情直连,2026-08-25
000830,鲁西化工,11.9800000000,11.7900000000,177531112.4600000083,148390.0000000000,0.0161000000,1.7753111246,东方财富沪深京A股延迟行情直连,2026-08-25
688332,中科蓝讯,85.2700000000,88.8600000000,176559603.0000000000,20572.0000000000,-0.0404000000,1.7655960300,东方财富沪深京A股延迟行情直连,2026-08-25
300457,赢合科技,20.7900000000,21.2600000000,176418870.6500000060,83355.0000000000,-0.0221000000,1.7641887065,东方财富沪深京A股延迟行情直连,2026-08-25
300568,星源材质,13.8300000000,14.0800000000,176279316.1200000048,127120.0000000000,-0.0178000000,1.7627931612,东方财富沪深京A股延迟行情直连,2026-08-25
601985,中国核电,8.8000000000,8.7700000000,176207526.0000000000,200250.0000000000,0.0034000000,1.7620752600,东方财富沪深京A股延迟行情直连,2026-08-25
002410,广联达,8.3900000000,8.9000000000,176129618.0200000107,210509.0000000000,-0.0573000000,1.7612961802,东方财富沪深京A股延迟行情直连,2026-08-25
688353,华盛锂电,87.9900000000,91.9000000000,175705057.0000000000,19767.0000000000,-0.0425000000,1.7570505700,东方财富沪深京A股延迟行情直连,2026-08-25
688535,华海诚科,96.1200000000,99.5400000000,175683287.0000000000,18338.0000000000,-0.0344000000,1.7568328700,东方财富沪深京A股延迟行情直连,2026-08-25
601918,新集能源,10.7300000000,10.9200000000,175489542.0000000000,162762.0000000000,-0.0174000000,1.7548954200,东方财富沪深京A股延迟行情直连,2026-08-25
301389,隆扬电子,50.4500000000,51.1300000000,174930928.1500000060,35054.0000000000,-0.0133000000,1.7493092815,东方财富沪深京A股延迟行情直连,2026-08-25
300671,富满微,54.5200000000,56.1100000000,174556865.1599999964,32279.0000000000,-0.0283000000,1.7455686516,东方财富沪深京A股延迟行情直连,2026-08-25
600470,六国化工,5.9300000000,5.3900000000,174443302.0000000000,300120.0000000000,0.1002000000,1.7444330200,东方财富沪深京A股延迟行情直连,2026-08-25
301550,斯菱智驱,84.1300000000,86.8800000000,174078255.6999999881,20744.0000000000,-0.0317000000,1.7407825570,东方财富沪深京A股延迟行情直连,2026-08-25
002493,荣盛石化,13.4700000000,13.6500000000,173984586.4000000060,129198.0000000000,-0.0132000000,1.7398458640,东方财富沪深京A股延迟行情直连,2026-08-25
300782,卓胜微,73.8000000000,74.5500000000,173844548.3600000143,23768.0000000000,-0.0101000000,1.7384454836,东方财富沪深京A股延迟行情直连,2026-08-25
603920,世运电路,36.5300000000,37.1500000000,173112198.0000000000,47647.0000000000,-0.0167000000,1.7311219800,东方财富沪深京A股延迟行情直连,2026-08-25
301232,飞沃科技,92.9200000000,96.2000000000,172961327.9099999964,18785.0000000000,-0.0341000000,1.7296132791,东方财富沪深京A股延迟行情直连,2026-08-25
601100,恒立液压,105.0900000000,105.1100000000,172644758.0000000000,16579.0000000000,-0.0002000000,1.7264475800,东方财富沪深京A股延迟行情直连,2026-08-25
600459,贵研铂业,20.8500000000,21.3500000000,172559933.0000000000,81843.0000000000,-0.0234000000,1.7255993300,东方财富沪深京A股延迟行情直连,2026-08-25
603115,海星股份,74.4000000000,75.1300000000,172100148.0000000000,23695.0000000000,-0.0097000000,1.7210014800,东方财富沪深京A股延迟行情直连,2026-08-25
002361,神剑股份,10.0300000000,10.1000000000,172054139.9499999881,172724.0000000000,-0.0069000000,1.7205413995,东方财富沪深京A股延迟行情直连,2026-08-25
600690,海尔智家,21.1400000000,20.9400000000,171874150.0000000000,81312.0000000000,0.0096000000,1.7187415000,东方财富沪深京A股延迟行情直连,2026-08-25
600050,中国联通,4.3000000000,4.2500000000,171843839.0000000000,401305.0000000000,0.0118000000,1.7184383900,东方财富沪深京A股延迟行情直连,2026-08-25
002882,金龙羽,22.6400000000,23.7600000000,171615965.5699999928,74362.0000000000,-0.0471000000,1.7161596557,东方财富沪深京A股延迟行情直连,2026-08-25
688046,药康生物,33.2100000000,33.8800000000,171895783.0000000000,52070.0000000000,-0.0198000000,1.7189578300,东方财富沪深京A股延迟行情直连,2026-08-25
600126,杭钢股份,6.7000000000,6.8700000000,171744502.0000000000,256107.0000000000,-0.0247000000,1.7174450200,东方财富沪深京A股延迟行情直连,2026-08-25
300214,日科化学,11.7900000000,12.2700000000,171362142.0000000000,144379.0000000000,-0.0391000000,1.7136214200,东方财富沪深京A股延迟行情直连,2026-08-25
688275,万润新能,82.3700000000,87.2500000000,171208617.0000000000,20503.0000000000,-0.0559000000,1.7120861700,东方财富沪深京A股延迟行情直连,2026-08-25
002853,皮阿诺,22.8200000000,21.0200000000,171161777.5000000000,76395.0000000000,0.0856000000,1.7116177750,东方财富沪深京A股延迟行情直连,2026-08-25
002261,拓维信息,25.2000000000,25.0800000000,171103541.0000000000,68440.0000000000,0.0048000000,1.7110354100,东方财富沪深京A股延迟行情直连,2026-08-25
300628,亿联网络,41.9000000000,42.1800000000,170463253.7299999893,40543.0000000000,-0.0066000000,1.7046325373,东方财富沪深京A股延迟行情直连,2026-08-25
002742,冀衡医药,4.6800000000,4.2500000000,170192578.0000000000,374202.0000000000,0.1012000000,1.7019257800,东方财富沪深京A股延迟行情直连,2026-08-25
300339,润和软件,35.2700000000,35.0100000000,170051881.0300000012,48605.0000000000,0.0074000000,1.7005188103,东方财富沪深京A股延迟行情直连,2026-08-25
002768,国恩股份,59.2300000000,60.0500000000,169893449.6100000143,28893.0000000000,-0.0137000000,1.6989344961,东方财富沪深京A股延迟行情直连,2026-08-25
603026,石大胜华,61.3900000000,63.9000000000,169498640.0000000000,27235.0000000000,-0.0393000000,1.6949864000,东方财富沪深京A股延迟行情直连,2026-08-25
001270,铖昌科技,99.2800000000,98.5000000000,169323882.4399999976,17326.0000000000,0.0079000000,1.6932388244,东方财富沪深京A股延迟行情直连,2026-08-25
688591,泰凌微,28.9500000000,26.7000000000,169297291.0000000000,60021.0000000000,0.0843000000,1.6929729100,东方财富沪深京A股延迟行情直连,2026-08-25
688690,纳微科技,39.3900000000,40.5700000000,169170155.0000000000,42958.0000000000,-0.0291000000,1.6917015500,东方财富沪深京A股延迟行情直连,2026-08-25
300255,常山药业,23.5500000000,23.3800000000,169091689.8799999952,72468.0000000000,0.0073000000,1.6909168988,东方财富沪深京A股延迟行情直连,2026-08-25
000783,长江证券,8.5100000000,8.6300000000,169080892.9300000072,198194.0000000000,-0.0139000000,1.6908089293,东方财富沪深京A股延迟行情直连,2026-08-25
600594,益佰制药,3.8400000000,4.0900000000,169011497.0000000000,441991.0000000000,-0.0611000000,1.6901149700,东方财富沪深京A股延迟行情直连,2026-08-25
603124,江南新材,120.5800000000,126.2200000000,168971585.0000000000,13965.0000000000,-0.0447000000,1.6897158500,东方财富沪深京A股延迟行情直连,2026-08-25
688578,艾力斯,113.3800000000,112.1900000000,168688433.0000000000,14976.0000000000,0.0106000000,1.6868843300,东方财富沪深京A股延迟行情直连,2026-08-25
688661,和林微纳,93.0500000000,100.7100000000,168240346.0000000000,17872.0000000000,-0.0761000000,1.6824034600,东方财富沪深京A股延迟行情直连,2026-08-25
603688,石英股份,45.5900000000,47.3000000000,167790293.0000000000,36763.0000000000,-0.0362000000,1.6779029300,东方财富沪深京A股延迟行情直连,2026-08-25
002294,信立泰,31.8600000000,31.6200000000,167714894.4000000060,52709.0000000000,0.0076000000,1.6771489440,东方财富沪深京A股延迟行情直连,2026-08-25
001232,嘉立创,144.7100000000,143.0800000000,167516200.4399999976,11721.0000000000,0.0114000000,1.6751620044,东方财富沪深京A股延迟行情直连,2026-08-25
000523,红棉股份,3.3800000000,3.0700000000,166748054.7599999905,502327.0000000000,0.1010000000,1.6674805476,东方财富沪深京A股延迟行情直连,2026-08-25
300382,斯莱克,17.4200000000,17.9300000000,166735137.0699999928,96240.0000000000,-0.0284000000,1.6673513707,东方财富沪深京A股延迟行情直连,2026-08-25
600216,浙江医药,12.8700000000,12.5500000000,165878567.0000000000,130298.0000000000,0.0255000000,1.6587856700,东方财富沪深京A股延迟行情直连,2026-08-25
002886,沃特股份,20.9300000000,20.4800000000,165787453.6999999881,81028.0000000000,0.0220000000,1.6578745370,东方财富沪深京A股延迟行情直连,2026-08-25
688531,日联科技,128.8500000000,132.7900000000,165649737.0000000000,12883.0000000000,-0.0297000000,1.6564973700,东方财富沪深京A股延迟行情直连,2026-08-25
688809,强一股份,417.5400000000,438.5000000000,165640652.0000000000,3959.0000000000,-0.0478000000,1.6564065200,东方财富沪深京A股延迟行情直连,2026-08-25
002827,高争民爆,53.9500000000,54.8600000000,165580599.0000000000,30535.0000000000,-0.0166000000,1.6558059900,东方财富沪深京A股延迟行情直连,2026-08-25
600611,大众交通,4.5100000000,4.5600000000,165532838.0000000000,375662.0000000000,-0.0110000000,1.6553283800,东方财富沪深京A股延迟行情直连,2026-08-25
002957,科瑞技术,39.8800000000,40.8600000000,165454921.0900000036,41779.0000000000,-0.0240000000,1.6545492109,东方财富沪深京A股延迟行情直连,2026-08-25
300088,长信科技,6.8600000000,6.9900000000,165367374.5399999917,242913.0000000000,-0.0186000000,1.6536737454,东方财富沪深京A股延迟行情直连,2026-08-25
688515,裕太微-U,143.0100000000,148.8000000000,165315784.0000000000,11510.0000000000,-0.0389000000,1.6531578400,东方财富沪深京A股延迟行情直连,2026-08-25
603113,金能科技,5.4800000000,4.9800000000,165246097.0000000000,313231.0000000000,0.1004000000,1.6524609700,东方财富沪深京A股延迟行情直连,2026-08-25
000735,罗 牛 山,5.3800000000,5.3200000000,164878550.0500000119,306262.0000000000,0.0113000000,1.6487855005,东方财富沪深京A股延迟行情直连,2026-08-25
601818,光大银行,3.0600000000,3.0700000000,164719501.0000000000,535368.0000000000,-0.0033000000,1.6471950100,东方财富沪深京A股延迟行情直连,2026-08-25
301486,致尚科技,165.2800000000,168.0000000000,164690617.3600000143,9970.0000000000,-0.0162000000,1.6469061736,东方财富沪深京A股延迟行情直连,2026-08-25
600345,长江通信,46.2000000000,47.7000000000,164175139.0000000000,35461.0000000000,-0.0314000000,1.6417513900,东方财富沪深京A股延迟行情直连,2026-08-25
920083,金戈新材,44.9800000000,44.5000000000,164078769.3600000143,35402.0000000000,0.0108000000,1.6407876936,东方财富沪深京A股延迟行情直连,2026-08-25
301285,鸿日达,85.5400000000,90.9900000000,163969517.1399999857,19194.0000000000,-0.0599000000,1.6396951714,东方财富沪深京A股延迟行情直连,2026-08-25
600760,中航沈飞,44.6500000000,45.0600000000,163934268.0000000000,36631.0000000000,-0.0091000000,1.6393426800,东方财富沪深京A股延迟行情直连,2026-08-25
688158,优刻得-W,29.2800000000,30.0000000000,163853329.0000000000,56182.0000000000,-0.0240000000,1.6385332900,东方财富沪深京A股延迟行情直连,2026-08-25
601886,江河集团,13.6200000000,13.2300000000,163354034.0000000000,122592.0000000000,0.0295000000,1.6335403400,东方财富沪深京A股延迟行情直连,2026-08-25
603979,金诚信,74.6200000000,74.3400000000,163169234.0000000000,21984.0000000000,0.0038000000,1.6316923400,东方财富沪深京A股延迟行情直连,2026-08-25
600500,中化国际,5.2200000000,5.3700000000,162481901.0000000000,308797.0000000000,-0.0279000000,1.6248190100,东方财富沪深京A股延迟行情直连,2026-08-25
000066,中国长城,13.9200000000,13.8800000000,162462658.2100000083,117231.0000000000,0.0029000000,1.6246265821,东方财富沪深京A股延迟行情直连,2026-08-25
002249,大洋电机,6.6000000000,6.9400000000,162178858.4199999869,245582.0000000000,-0.0490000000,1.6217885842,东方财富沪深京A股延迟行情直连,2026-08-25
001896,豫能控股,11.9000000000,11.9100000000,162124812.7500000000,137207.0000000000,-0.0008000000,1.6212481275,东方财富沪深京A股延迟行情直连,2026-08-25
603801,志邦家居,6.4700000000,6.9500000000,162112016.0000000000,250919.0000000000,-0.0691000000,1.6211201600,东方财富沪深京A股延迟行情直连,2026-08-25
600267,海正药业,12.0000000000,12.0600000000,162083327.0000000000,135344.0000000000,-0.0050000000,1.6208332700,东方财富沪深京A股延迟行情直连,2026-08-25
688507,索辰科技,147.1600000000,149.1700000000,161978832.0000000000,11103.0000000000,-0.0135000000,1.6197883200,东方财富沪深京A股延迟行情直连,2026-08-25
002040,南 京 港,9.0500000000,8.7000000000,161947690.6999999881,177517.0000000000,0.0402000000,1.6194769070,东方财富沪深京A股延迟行情直连,2026-08-25
688180,君实生物-U,34.7200000000,34.8500000000,161409139.0000000000,46653.0000000000,-0.0037000000,1.6140913900,东方财富沪深京A股延迟行情直连,2026-08-25
002792,通宇通讯,30.1700000000,30.3000000000,161228272.8799999952,53940.0000000000,-0.0043000000,1.6122827288,东方财富沪深京A股延迟行情直连,2026-08-25
002292,奥飞娱乐,8.0300000000,7.7400000000,161099130.2400000095,203147.0000000000,0.0375000000,1.6109913024,东方财富沪深京A股延迟行情直连,2026-08-25
301234,五洲医疗,103.4000000000,110.0000000000,160967261.7599999905,15574.0000000000,-0.0600000000,1.6096726176,东方财富沪深京A股延迟行情直连,2026-08-25
601728,中国电信,6.4800000000,6.4700000000,160926699.0000000000,248838.0000000000,0.0015000000,1.6092669900,东方财富沪深京A股延迟行情直连,2026-08-25
003043,华亚智能,73.2400000000,72.6600000000,160910807.9000000060,22663.0000000000,0.0080000000,1.6091080790,东方财富沪深京A股延迟行情直连,2026-08-25
601816,京沪高铁,4.9000000000,4.9100000000,160875662.0000000000,326533.0000000000,-0.0020000000,1.6087566200,东方财富沪深京A股延迟行情直连,2026-08-25
002518,科士达,34.5600000000,34.4500000000,160642296.5200000107,47590.0000000000,0.0032000000,1.6064229652,东方财富沪深京A股延迟行情直连,2026-08-25
601011,宝泰隆,2.9000000000,3.0000000000,160170293.0000000000,551884.0000000000,-0.0333000000,1.6017029300,东方财富沪深京A股延迟行情直连,2026-08-25
603221,爱丽家居,26.9900000000,27.6500000000,159491789.0000000000,59234.0000000000,-0.0239000000,1.5949178900,东方财富沪深京A股延迟行情直连,2026-08-25
600196,复星医药,22.7200000000,22.7900000000,159476881.0000000000,70170.0000000000,-0.0031000000,1.5947688100,东方财富沪深京A股延迟行情直连,2026-08-25
002379,宏桥控股,18.1900000000,18.4600000000,159217824.4000000060,87238.0000000000,-0.0146000000,1.5921782440,东方财富沪深京A股延迟行情直连,2026-08-25
002896,中大力德,64.6500000000,64.3500000000,158941811.7700000107,24737.0000000000,0.0047000000,1.5894181177,东方财富沪深京A股延迟行情直连,2026-08-25
300709,精研科技,39.3000000000,40.1600000000,158883890.1500000060,40735.0000000000,-0.0214000000,1.5888389015,东方财富沪深京A股延迟行情直连,2026-08-25
301236,软通动力,37.2700000000,36.6500000000,158190703.5500000119,42839.0000000000,0.0169000000,1.5819070355,东方财富沪深京A股延迟行情直连,2026-08-25
300990,同飞股份,74.9400000000,73.2300000000,157651210.3000000119,21670.0000000000,0.0234000000,1.5765121030,东方财富沪深京A股延迟行情直连,2026-08-25
300456,赛微电子,30.2600000000,30.8500000000,157447584.4900000095,52252.0000000000,-0.0191000000,1.5744758449,东方财富沪深京A股延迟行情直连,2026-08-25
600157,永泰能源,1.5800000000,1.5700000000,157241370.0000000000,1002230.0000000000,0.0064000000,1.5724137000,东方财富沪深京A股延迟行情直连,2026-08-25
301086,鸿富瀚,114.0200000000,116.8800000000,156947261.8000000119,13973.0000000000,-0.0245000000,1.5694726180,东方财富沪深京A股延迟行情直连,2026-08-25
601933,永辉超市,3.0700000000,3.0000000000,156629215.0000000000,513922.0000000000,0.0233000000,1.5662921500,东方财富沪深京A股延迟行情直连,2026-08-25
300049,福瑞医科,38.6900000000,37.9500000000,156431061.9000000060,40412.0000000000,0.0195000000,1.5643106190,东方财富沪深京A股延迟行情直连,2026-08-25
000833,粤桂股份,21.2700000000,21.2700000000,156138240.8199999928,73496.0000000000,0.0000000000,1.5613824082,东方财富沪深京A股延迟行情直连,2026-08-25
600740,山西焦化,3.8900000000,3.7500000000,156075149.0000000000,403615.0000000000,0.0373000000,1.5607514900,东方财富沪深京A股延迟行情直连,2026-08-25
688127,蓝特光学,60.4900000000,61.8300000000,155972485.0000000000,25892.0000000000,-0.0217000000,1.5597248500,东方财富沪深京A股延迟行情直连,2026-08-25
688593,新相微,30.4300000000,31.5000000000,154129343.0000000000,50841.0000000000,-0.0340000000,1.5412934300,东方财富沪深京A股延迟行情直连,2026-08-25
301292,海科新源,63.6800000000,66.3600000000,154105378.0600000024,23938.0000000000,-0.0404000000,1.5410537806,东方财富沪深京A股延迟行情直连,2026-08-25
300316,晶盛机电,42.6500000000,42.9900000000,153161858.0000000000,36025.0000000000,-0.0079000000,1.5316185800,东方财富沪深京A股延迟行情直连,2026-08-25
002640,跨境通,3.3000000000,3.1500000000,152948138.0000000000,470936.0000000000,0.0476000000,1.5294813800,东方财富沪深京A股延迟行情直连,2026-08-25
000593,德龙汇能,22.4200000000,22.5600000000,152901692.6899999976,68647.0000000000,-0.0062000000,1.5290169269,东方财富沪深京A股延迟行情直连,2026-08-25
688390,固德威,62.4300000000,64.5000000000,152630420.0000000000,24348.0000000000,-0.0321000000,1.5263042000,东方财富沪深京A股延迟行情直连,2026-08-25
000560,我爱我家,2.2300000000,2.1700000000,152051798.0000000000,688593.0000000000,0.0276000000,1.5205179800,东方财富沪深京A股延迟行情直连,2026-08-25
300601,康泰生物,12.5300000000,12.6200000000,151565827.8499999940,120713.0000000000,-0.0071000000,1.5156582785,东方财富沪深京A股延迟行情直连,2026-08-25
300747,锐科激光,34.7200000000,35.4200000000,151276582.4900000095,43837.0000000000,-0.0198000000,1.5127658249,东方财富沪深京A股延迟行情直连,2026-08-25
001399,惠科股份,22.1500000000,22.5800000000,150921300.1500000060,68240.0000000000,-0.0190000000,1.5092130015,东方财富沪深京A股延迟行情直连,2026-08-25
688036,传音控股,57.9000000000,56.7100000000,150543999.0000000000,26242.0000000000,0.0210000000,1.5054399900,东方财富沪深京A股延迟行情直连,2026-08-25
000025,特  力Ａ,16.0100000000,15.6600000000,150456129.0900000036,92944.0000000000,0.0223000000,1.5045612909,东方财富沪深京A股延迟行情直连,2026-08-25
603876,鼎胜新材,22.6800000000,23.2200000000,150382240.0000000000,65012.0000000000,-0.0233000000,1.5038224000,东方财富沪深京A股延迟行情直连,2026-08-25
601015,陕西黑猫,3.6400000000,3.6800000000,150211906.0000000000,410350.0000000000,-0.0109000000,1.5021190600,东方财富沪深京A股延迟行情直连,2026-08-25
002251,步步高,3.6100000000,3.4900000000,149951657.8400000036,421068.0000000000,0.0344000000,1.4995165784,东方财富沪深京A股延迟行情直连,2026-08-25
688003,天准科技,80.0700000000,82.7400000000,149542175.0000000000,18826.0000000000,-0.0323000000,1.4954217500,东方财富沪深京A股延迟行情直连,2026-08-25
301282,金禄电子,32.6000000000,33.4800000000,149430021.2100000083,45797.0000000000,-0.0263000000,1.4943002121,东方财富沪深京A股延迟行情直连,2026-08-25
002429,兆驰股份,7.7600000000,7.9500000000,149215881.7599999905,192781.0000000000,-0.0239000000,1.4921588176,东方财富沪深京A股延迟行情直连,2026-08-25
300377,赢时胜,14.2600000000,13.9200000000,149214483.9199999869,106048.0000000000,0.0244000000,1.4921448392,东方财富沪深京A股延迟行情直连,2026-08-25
300642,透景生命,16.2000000000,13.5000000000,149055940.6200000048,94369.0000000000,0.2000000000,1.4905594062,东方财富沪深京A股延迟行情直连,2026-08-25
301230,泓博医药,33.2200000000,33.8400000000,148891181.0099999905,44702.0000000000,-0.0183000000,1.4889118101,东方财富沪深京A股延迟行情直连,2026-08-25
600821,金开新能,5.9200000000,6.0800000000,148871184.0000000000,252307.0000000000,-0.0263000000,1.4887118400,东方财富沪深京A股延迟行情直连,2026-08-25
600884,杉杉股份,11.9100000000,12.1000000000,148578461.0000000000,124359.0000000000,-0.0157000000,1.4857846100,东方财富沪深京A股延迟行情直连,2026-08-25
300204,舒泰神,20.9800000000,21.0000000000,148495377.5600000024,71101.0000000000,-0.0010000000,1.4849537756,东方财富沪深京A股延迟行情直连,2026-08-25
603032,德新科技,18.9100000000,20.2200000000,148405435.0000000000,77598.0000000000,-0.0648000000,1.4840543500,东方财富沪深京A股延迟行情直连,2026-08-25
300004,南风股份,9.3200000000,9.4900000000,147985432.0000000000,159229.0000000000,-0.0179000000,1.4798543200,东方财富沪深京A股延迟行情直连,2026-08-25
000155,川能动力,12.0400000000,12.1100000000,147668216.0000000000,121439.0000000000,-0.0058000000,1.4766821600,东方财富沪深京A股延迟行情直连,2026-08-25
000564,供销大集,1.4500000000,1.4200000000,146514447.0800000131,1012345.0000000000,0.0211000000,1.4651444708,东方财富沪深京A股延迟行情直连,2026-08-25
301123,奕东电子,74.1800000000,73.6800000000,146082587.2599999905,20173.0000000000,0.0068000000,1.4608258726,东方财富沪深京A股延迟行情直连,2026-08-25
300932,三友联众,10.5300000000,10.5300000000,145734193.4799999893,137641.0000000000,0.0000000000,1.4573419348,东方财富沪深京A股延迟行情直连,2026-08-25
002025,航天电器,58.9000000000,59.3700000000,145508376.9000000060,24909.0000000000,-0.0079000000,1.4550837690,东方财富沪深京A股延迟行情直连,2026-08-25
000061,农 产 品,5.9500000000,5.7200000000,145472601.4000000060,245397.0000000000,0.0402000000,1.4547260140,东方财富沪深京A股延迟行情直连,2026-08-25
600360,华微电子,10.1700000000,10.4600000000,145378600.0000000000,143268.0000000000,-0.0277000000,1.4537860000,东方财富沪深京A股延迟行情直连,2026-08-25
600428,中远海特,11.3500000000,11.3500000000,145370831.0000000000,128090.0000000000,0.0000000000,1.4537083100,东方财富沪深京A股延迟行情直连,2026-08-25
300109,新开源,15.5600000000,15.9500000000,144783860.0800000131,93935.0000000000,-0.0245000000,1.4478386008,东方财富沪深京A股延迟行情直连,2026-08-25
603269,海鸥股份,17.9800000000,18.2300000000,144600486.0000000000,80796.0000000000,-0.0137000000,1.4460048600,东方财富沪深京A股延迟行情直连,2026-08-25
688802,沐曦股份-U,661.8500000000,664.0000000000,144467590.0000000000,2214.0000000000,-0.0032000000,1.4446759000,东方财富沪深京A股延迟行情直连,2026-08-25
688615,合合信息,87.1300000000,89.7300000000,144423066.0000000000,16519.0000000000,-0.0290000000,1.4442306600,东方财富沪深京A股延迟行情直连,2026-08-25
601388,怡球资源,3.4100000000,3.3500000000,144336019.0000000000,417525.0000000000,0.0179000000,1.4433601900,东方财富沪深京A股延迟行情直连,2026-08-25
600371,万向德农,8.6700000000,7.8800000000,143823825.0000000000,170246.0000000000,0.1003000000,1.4382382500,东方财富沪深京A股延迟行情直连,2026-08-25
001248,华润新能,11.9500000000,12.0300000000,143637996.3799999952,120335.0000000000,-0.0067000000,1.4363799638,东方财富沪深京A股延迟行情直连,2026-08-25
603077,和邦生物,2.3900000000,2.4200000000,143626732.0000000000,598584.0000000000,-0.0124000000,1.4362673200,东方财富沪深京A股延迟行情直连,2026-08-25
000796,凯撒旅业,4.1800000000,3.8000000000,143570176.6800000072,349677.0000000000,0.1000000000,1.4357017668,东方财富沪深京A股延迟行情直连,2026-08-25
601319,中国人保,7.0300000000,7.0400000000,143540887.0000000000,203413.0000000000,-0.0014000000,1.4354088700,东方财富沪深京A股延迟行情直连,2026-08-25
002647,仁东控股,11.6400000000,11.7500000000,143310984.0000000000,124066.0000000000,-0.0094000000,1.4331098400,东方财富沪深京A股延迟行情直连,2026-08-25
301321,翰博高新,40.1200000000,41.0400000000,143291771.1999999881,35277.0000000000,-0.0224000000,1.4329177120,东方财富沪深京A股延迟行情直连,2026-08-25
002274,华昌化工,6.0700000000,6.1500000000,143273066.4699999988,237998.0000000000,-0.0130000000,1.4327306647,东方财富沪深京A股延迟行情直连,2026-08-25
688635,长进光子,308.0000000000,315.1500000000,143208114.0000000000,4682.0000000000,-0.0227000000,1.4320811400,东方财富沪深京A股延迟行情直连,2026-08-25
001330,博纳影业,4.8800000000,4.6800000000,143192902.0000000000,296425.0000000000,0.0427000000,1.4319290200,东方财富沪深京A股延迟行情直连,2026-08-25
300420,五洋自控,7.7800000000,7.7800000000,142706068.9799999893,187041.0000000000,0.0000000000,1.4270606898,东方财富沪深京A股延迟行情直连,2026-08-25
000762,西藏矿业,22.7200000000,23.3800000000,142647572.4799999893,61927.0000000000,-0.0282000000,1.4264757248,东方财富沪深京A股延迟行情直连,2026-08-25
601229,上海银行,9.8000000000,9.8700000000,142490017.0000000000,144648.0000000000,-0.0071000000,1.4249001700,东方财富沪深京A股延迟行情直连,2026-08-25
300724,捷佳伟创,55.2900000000,56.2900000000,142262329.0000000000,25758.0000000000,-0.0178000000,1.4226232900,东方财富沪深京A股延迟行情直连,2026-08-25
600486,扬农化工,55.3200000000,54.7500000000,142141555.0000000000,25569.0000000000,0.0104000000,1.4214155500,东方财富沪深京A股延迟行情直连,2026-08-25
688261,东微半导,68.8000000000,71.6400000000,142058013.0000000000,20850.0000000000,-0.0396000000,1.4205801300,东方财富沪深京A股延迟行情直连,2026-08-25
603162,海通发展,12.2200000000,12.2200000000,142009657.0000000000,115532.0000000000,0.0000000000,1.4200965700,东方财富沪深京A股延迟行情直连,2026-08-25
600714,金瑞矿业,15.0000000000,15.6900000000,141843132.0000000000,93452.0000000000,-0.0440000000,1.4184313200,东方财富沪深京A股延迟行情直连,2026-08-25
002195,岩山科技,6.2000000000,6.1600000000,141837690.1899999976,229699.0000000000,0.0065000000,1.4183769019,东方财富沪深京A股延迟行情直连,2026-08-25
301060,兰卫医学,11.4000000000,11.4300000000,141590822.7299999893,125910.0000000000,-0.0026000000,1.4159082273,东方财富沪深京A股延迟行情直连,2026-08-25
300166,东方国信,12.8400000000,13.0500000000,141565272.1899999976,111296.0000000000,-0.0161000000,1.4156527219,东方财富沪深京A股延迟行情直连,2026-08-25
600346,恒力石化,18.7100000000,18.7600000000,141213635.0000000000,75321.0000000000,-0.0027000000,1.4121363500,东方财富沪深京A股延迟行情直连,2026-08-25
000710,贝瑞基因,9.5700000000,9.7000000000,141089968.0000000000,147726.0000000000,-0.0134000000,1.4108996800,东方财富沪深京A股延迟行情直连,2026-08-25
002651,利君股份,8.3100000000,8.6100000000,141033874.0000000000,169828.0000000000,-0.0348000000,1.4103387400,东方财富沪深京A股延迟行情直连,2026-08-25
301150,中一科技,37.4700000000,38.6200000000,140959873.7599999905,37647.0000000000,-0.0298000000,1.4095987376,东方财富沪深京A股延迟行情直连,2026-08-25
301190,善水科技,21.0600000000,21.1500000000,140810350.9499999881,68357.0000000000,-0.0043000000,1.4081035095,东方财富沪深京A股延迟行情直连,2026-08-25
301362,民爆光电,110.0700000000,115.1200000000,140664904.1999999881,12782.0000000000,-0.0439000000,1.4066490420,东方财富沪深京A股延迟行情直连,2026-08-25
688700,东威科技,54.1500000000,55.6300000000,140645463.0000000000,26118.0000000000,-0.0266000000,1.4064546300,东方财富沪深京A股延迟行情直连,2026-08-25
688116,天奈科技,32.3600000000,31.6700000000,139954069.0000000000,42853.0000000000,0.0218000000,1.3995406900,东方财富沪深京A股延迟行情直连,2026-08-25
603882,金域医学,29.3000000000,29.7300000000,139915664.0000000000,47492.0000000000,-0.0145000000,1.3991566400,东方财富沪深京A股延迟行情直连,2026-08-25
600015,华夏银行,6.8500000000,6.8500000000,139605810.0000000000,203324.0000000000,0.0000000000,1.3960581000,东方财富沪深京A股延迟行情直连,2026-08-25
688192,迪哲医药-U,60.5500000000,59.1700000000,139550122.0000000000,23254.0000000000,0.0233000000,1.3955012200,东方财富沪深京A股延迟行情直连,2026-08-25
600162,香江控股,4.0900000000,4.0600000000,138977730.0000000000,341183.0000000000,0.0074000000,1.3897773000,东方财富沪深京A股延迟行情直连,2026-08-25
301629,矽电股份,248.3200000000,255.7900000000,138909400.7400000095,5574.0000000000,-0.0292000000,1.3890940074,东方财富沪深京A股延迟行情直连,2026-08-25
301141,中科磁业,42.7600000000,40.6300000000,138895439.4399999976,32327.0000000000,0.0524000000,1.3889543944,东方财富沪深京A股延迟行情直连,2026-08-25
600021,上海电力,13.7200000000,13.5300000000,138847758.0000000000,101518.0000000000,0.0140000000,1.3884775800,东方财富沪深京A股延迟行情直连,2026-08-25
688385,复旦微电,51.8300000000,52.5300000000,138783113.0000000000,26938.0000000000,-0.0133000000,1.3878311300,东方财富沪深京A股延迟行情直连,2026-08-25
688220,翱捷科技-U,88.6300000000,89.2600000000,138763130.0000000000,15814.0000000000,-0.0071000000,1.3876313000,东方财富沪深京A股延迟行情直连,2026-08-25
000690,宝新能源,4.9200000000,5.0000000000,138707438.7899999917,280848.0000000000,-0.0160000000,1.3870743879,东方财富沪深京A股延迟行情直连,2026-08-25
600875,东方电气,25.2900000000,25.4300000000,138427760.0000000000,55097.0000000000,-0.0055000000,1.3842776000,东方财富沪深京A股延迟行情直连,2026-08-25
601766,中国中车,6.0900000000,6.0800000000,138140891.0000000000,226820.0000000000,0.0016000000,1.3814089100,东方财富沪深京A股延迟行情直连,2026-08-25
300731,科创新源,41.7900000000,41.8600000000,138093836.1299999952,34029.0000000000,-0.0017000000,1.3809383613,东方财富沪深京A股延迟行情直连,2026-08-25
603900,莱绅通灵,6.5200000000,6.3400000000,137948681.0000000000,205997.0000000000,0.0284000000,1.3794868100,东方财富沪深京A股延迟行情直连,2026-08-25
688020,方邦股份,115.5500000000,118.5500000000,137892889.0000000000,11975.0000000000,-0.0253000000,1.3789288900,东方财富沪深京A股延迟行情直连,2026-08-25
600761,安徽合力,16.0000000000,16.6500000000,137808400.0000000000,85728.0000000000,-0.0390000000,1.3780840000,东方财富沪深京A股延迟行情直连,2026-08-25
002574,明牌珠宝,5.0300000000,4.7700000000,137720832.2800000012,266912.0000000000,0.0545000000,1.3772083228,东方财富沪深京A股延迟行情直连,2026-08-25
688315,诺禾致源,15.9900000000,16.9300000000,137336961.0000000000,85113.0000000000,-0.0555000000,1.3733696100,东方财富沪深京A股延迟行情直连,2026-08-25
600019,宝钢股份,5.8500000000,5.8600000000,137266460.0000000000,234160.0000000000,-0.0017000000,1.3726646000,东方财富沪深京A股延迟行情直连,2026-08-25
301219,腾远钴业,44.6500000000,46.2200000000,137151191.0399999917,30353.0000000000,-0.0340000000,1.3715119104,东方财富沪深京A股延迟行情直连,2026-08-25
603052,可川科技,55.1000000000,56.8200000000,136934308.0000000000,24999.0000000000,-0.0303000000,1.3693430800,东方财富沪深京A股延迟行情直连,2026-08-25
300115,长盈精密,25.0100000000,24.8900000000,136706409.3400000036,55245.0000000000,0.0048000000,1.3670640934,东方财富沪深京A股延迟行情直连,2026-08-25
000778,新兴铸管,3.6200000000,3.7200000000,136614409.5500000119,378943.0000000000,-0.0269000000,1.3661440955,东方财富沪深京A股延迟行情直连,2026-08-25
001317,三羊马,49.2600000000,47.9700000000,136273651.6399999857,28197.0000000000,0.0269000000,1.3627365164,东方财富沪深京A股延迟行情直连,2026-08-25
603456,九洲药业,15.7800000000,15.7100000000,135984171.0000000000,86446.0000000000,0.0045000000,1.3598417100,东方财富沪深京A股延迟行情直连,2026-08-25
002470,金正大,1.9600000000,1.9300000000,135967197.0000000000,690766.0000000000,0.0155000000,1.3596719700,东方财富沪深京A股延迟行情直连,2026-08-25
002265,建设工业,18.1400000000,18.0600000000,135966039.8799999952,73904.0000000000,0.0044000000,1.3596603988,东方财富沪深京A股延迟行情直连,2026-08-25
603360,百傲化学,13.7700000000,12.5200000000,135964522.0000000000,100774.0000000000,0.0998000000,1.3596452200,东方财富沪深京A股延迟行情直连,2026-08-25
603367,辰欣药业,14.3300000000,13.6100000000,135808735.0000000000,95222.0000000000,0.0529000000,1.3580873500,东方财富沪深京A股延迟行情直连,2026-08-25
688213,思特威-W,97.5500000000,96.7800000000,135716811.0000000000,13978.0000000000,0.0080000000,1.3571681100,东方财富沪深京A股延迟行情直连,2026-08-25
601231,环旭电子,25.4900000000,25.9000000000,135674171.0000000000,53532.0000000000,-0.0158000000,1.3567417100,东方财富沪深京A股延迟行情直连,2026-08-25
002920,德赛西威,85.4200000000,86.5900000000,135385817.2400000095,15891.0000000000,-0.0135000000,1.3538581724,东方财富沪深京A股延迟行情直连,2026-08-25
002589,瑞康医药,3.0900000000,3.0200000000,135365391.9199999869,444163.0000000000,0.0232000000,1.3536539192,东方财富沪深京A股延迟行情直连,2026-08-25
600602,云赛智联,18.6600000000,18.6800000000,135190256.0000000000,73463.0000000000,-0.0011000000,1.3519025600,东方财富沪深京A股延迟行情直连,2026-08-25
002329,皇氏集团,3.7700000000,3.6300000000,134901665.7800000012,361846.0000000000,0.0386000000,1.3490166578,东方财富沪深京A股延迟行情直连,2026-08-25
301073,君亭酒店,18.8800000000,17.6900000000,134843215.8100000024,72247.0000000000,0.0673000000,1.3484321581,东方财富沪深京A股延迟行情直连,2026-08-25
300112,万讯自控,9.5700000000,9.3700000000,134489187.0000000000,141935.0000000000,0.0213000000,1.3448918700,东方财富沪深京A股延迟行情直连,2026-08-25
688628,优利德,80.7600000000,83.7100000000,134488830.0000000000,16725.0000000000,-0.0352000000,1.3448883000,东方财富沪深京A股延迟行情直连,2026-08-25
688380,中微半导,40.3100000000,41.4900000000,134137743.0000000000,33421.0000000000,-0.0284000000,1.3413774300,东方财富沪深京A股延迟行情直连,2026-08-25
000823,超声电子,14.4000000000,14.6500000000,134032001.0000000000,94073.0000000000,-0.0171000000,1.3403200100,东方财富沪深京A股延迟行情直连,2026-08-25
600488,津药药业,5.3100000000,5.1700000000,134029154.0000000000,255731.0000000000,0.0271000000,1.3402915400,东方财富沪深京A股延迟行情直连,2026-08-25
601698,中国卫通,23.4800000000,23.7600000000,133550682.0000000000,57076.0000000000,-0.0118000000,1.3355068200,东方财富沪深京A股延迟行情直连,2026-08-25
300921,南凌科技,15.0400000000,14.5200000000,133497180.2000000030,88471.0000000000,0.0358000000,1.3349718020,东方财富沪深京A股延迟行情直连,2026-08-25
002326,永太科技,19.3100000000,19.8500000000,133165168.1500000060,68342.0000000000,-0.0272000000,1.3316516815,东方财富沪深京A股延迟行情直连,2026-08-25
603236,移远通信,56.6400000000,56.9900000000,133162065.0000000000,23623.0000000000,-0.0061000000,1.3316206500,东方财富沪深京A股延迟行情直连,2026-08-25
002820,桂发祥,9.7300000000,9.3300000000,133090776.0999999940,139885.0000000000,0.0429000000,1.3309077610,东方财富沪深京A股延迟行情直连,2026-08-25
300368,汇金股份,7.8500000000,7.5100000000,132928236.0000000000,171019.0000000000,0.0453000000,1.3292823600,东方财富沪深京A股延迟行情直连,2026-08-25
688102,斯瑞新材,31.8000000000,31.9200000000,132900856.0000000000,42181.0000000000,-0.0038000000,1.3290085600,东方财富沪深京A股延迟行情直连,2026-08-25
601006,大秦铁路,4.7300000000,4.7000000000,132874213.0000000000,281193.0000000000,0.0064000000,1.3287421300,东方财富沪深京A股延迟行情直连,2026-08-25
003036,泰坦股份,50.4400000000,51.1100000000,132814467.0000000000,26252.0000000000,-0.0131000000,1.3281446700,东方财富沪深京A股延迟行情直连,2026-08-25
600744,华银电力,6.4600000000,6.4000000000,132806958.0000000000,207190.0000000000,0.0094000000,1.3280695800,东方财富沪深京A股延迟行情直连,2026-08-25
000912,泸天化,3.9600000000,3.8100000000,132791647.4399999976,339659.0000000000,0.0394000000,1.3279164744,东方财富沪深京A股延迟行情直连,2026-08-25
600406,国电南瑞,23.2200000000,23.2700000000,132287313.0000000000,56906.0000000000,-0.0021000000,1.3228731300,东方财富沪深京A股延迟行情直连,2026-08-25
688352,颀中科技,17.4400000000,18.0400000000,132192603.0000000000,76441.0000000000,-0.0333000000,1.3219260300,东方财富沪深京A股延迟行情直连,2026-08-25
603067,振华股份,32.6500000000,32.6400000000,132113670.0000000000,40922.0000000000,0.0003000000,1.3211367000,东方财富沪深京A股延迟行情直连,2026-08-25
301293,三博脑科,51.3600000000,50.5500000000,132053293.8700000048,25773.0000000000,0.0160000000,1.3205329387,东方财富沪深京A股延迟行情直连,2026-08-25
688073,毕得医药,63.4200000000,66.1000000000,132049715.0000000000,20842.0000000000,-0.0405000000,1.3204971500,东方财富沪深京A股延迟行情直连,2026-08-25
301338,凯格精机,95.2700000000,97.5000000000,131899074.7600000054,13931.0000000000,-0.0229000000,1.3189907476,东方财富沪深京A股延迟行情直连,2026-08-25
300953,震裕科技,94.9500000000,97.6600000000,131746089.2000000030,13908.0000000000,-0.0277000000,1.3174608920,东方财富沪深京A股延迟行情直连,2026-08-25
600352,浙江龙盛,12.8100000000,12.9400000000,131336812.0000000000,101938.0000000000,-0.0100000000,1.3133681200,东方财富沪深京A股延迟行情直连,2026-08-25
002171,楚江新材,9.5200000000,9.7700000000,130970106.1800000072,137184.0000000000,-0.0256000000,1.3097010618,东方财富沪深京A股延迟行情直连,2026-08-25
688795,摩尔线程-U,528.0300000000,527.6600000000,130828984.0000000000,2493.0000000000,0.0007000000,1.3082898400,东方财富沪深京A股延迟行情直连,2026-08-25
000513,丽珠集团,25.9100000000,26.3400000000,130669158.0900000036,50373.0000000000,-0.0163000000,1.3066915809,东方财富沪深京A股延迟行情直连,2026-08-25
605162,新中港,8.8100000000,8.9200000000,130566868.0000000000,144271.0000000000,-0.0123000000,1.3056686800,东方财富沪深京A股延迟行情直连,2026-08-25
300432,富临精工,15.6700000000,16.0500000000,130509731.4899999946,82995.0000000000,-0.0237000000,1.3050973149,东方财富沪深京A股延迟行情直连,2026-08-25
300576,容大感光,28.9200000000,29.8900000000,130506769.7399999946,45279.0000000000,-0.0325000000,1.3050676974,东方财富沪深京A股延迟行情直连,2026-08-25
002215,诺 普 信,9.5600000000,9.4600000000,130353847.4800000042,135971.0000000000,0.0106000000,1.3035384748,东方财富沪深京A股延迟行情直连,2026-08-25
002272,川润股份,15.6100000000,15.4000000000,130257636.8299999982,84480.0000000000,0.0136000000,1.3025763683,东方财富沪深京A股延迟行情直连,2026-08-25
600996,贵广网络,6.7000000000,6.4000000000,129807566.0000000000,194190.0000000000,0.0469000000,1.2980756600,东方财富沪深京A股延迟行情直连,2026-08-25
300936,中英科技,76.7700000000,76.4200000000,129681673.2000000030,17026.0000000000,0.0046000000,1.2968167320,东方财富沪深京A股延迟行情直连,2026-08-25
600114,东睦股份,29.0700000000,29.4700000000,129587902.0000000000,44605.0000000000,-0.0136000000,1.2958790200,东方财富沪深京A股延迟行情直连,2026-08-25
600281,华阳新材,5.0500000000,4.5900000000,129501782.0000000000,262686.0000000000,0.1002000000,1.2950178200,东方财富沪深京A股延迟行情直连,2026-08-25
600683,京投发展,9.6900000000,9.8500000000,129500628.0000000000,132841.0000000000,-0.0162000000,1.2950062800,东方财富沪深京A股延迟行情直连,2026-08-25
688401,路维光电,66.0700000000,69.0200000000,129212476.0000000000,19707.0000000000,-0.0427000000,1.2921247600,东方财富沪深京A股延迟行情直连,2026-08-25
002969,嘉美包装,12.1700000000,12.4300000000,128817107.3900000006,106201.0000000000,-0.0209000000,1.2881710739,东方财富沪深京A股延迟行情直连,2026-08-25
688686,奥普特,125.0000000000,119.2300000000,128525419.0000000000,10492.0000000000,0.0484000000,1.2852541900,东方财富沪深京A股延迟行情直连,2026-08-25
301128,强瑞技术,106.5100000000,106.1000000000,128523653.2099999934,12318.0000000000,0.0039000000,1.2852365321,东方财富沪深京A股延迟行情直连,2026-08-25
688018,乐鑫科技,110.8400000000,108.3100000000,128327715.0000000000,11762.0000000000,0.0234000000,1.2832771500,东方财富沪深京A股延迟行情直连,2026-08-25
301487,盟固利,16.1000000000,16.7400000000,128250225.0499999970,78453.0000000000,-0.0382000000,1.2825022505,东方财富沪深京A股延迟行情直连,2026-08-25
601678,滨化股份,6.2600000000,6.3300000000,127903016.0000000000,204299.0000000000,-0.0111000000,1.2790301600,东方财富沪深京A股延迟行情直连,2026-08-25
603288,海天味业,35.7300000000,35.6700000000,127784516.0000000000,35750.0000000000,0.0017000000,1.2778451600,东方财富沪深京A股延迟行情直连,2026-08-25
600588,用友网络,10.0500000000,10.1300000000,127733190.0000000000,127508.0000000000,-0.0079000000,1.2773319000,东方财富沪深京A股延迟行情直连,2026-08-25
000802,北京文化,3.9100000000,3.8300000000,127682952.0400000066,330170.0000000000,0.0209000000,1.2768295204,东方财富沪深京A股延迟行情直连,2026-08-25
688506,百利天恒,262.4400000000,264.9800000000,127310407.0000000000,4858.0000000000,-0.0096000000,1.2731040700,东方财富沪深京A股延迟行情直连,2026-08-25
603226,菲林格尔,36.1400000000,40.1600000000,126941865.0000000000,34486.0000000000,-0.1001000000,1.2694186500,东方财富沪深京A股延迟行情直连,2026-08-25
002418,康盛股份,4.0500000000,3.6800000000,126805650.7600000054,331866.0000000000,0.1005000000,1.2680565076,东方财富沪深京A股延迟行情直连,2026-08-25
300511,雪榕生物,5.2900000000,5.4900000000,126770873.2500000000,240024.0000000000,-0.0364000000,1.2677087325,东方财富沪深京A股延迟行情直连,2026-08-25
002805,丰元股份,18.5800000000,19.5200000000,126027057.5699999928,66921.0000000000,-0.0482000000,1.2602705757,东方财富沪深京A股延迟行情直连,2026-08-25
000019,深粮控股,6.6500000000,6.4200000000,125928730.8100000024,188836.0000000000,0.0358000000,1.2592873081,东方财富沪深京A股延迟行情直连,2026-08-25
605090,九丰能源,35.1300000000,34.6200000000,125907278.0000000000,35950.0000000000,0.0147000000,1.2590727800,东方财富沪深京A股延迟行情直连,2026-08-25
688381,帝奥微,32.7200000000,32.6800000000,125806693.0000000000,39114.0000000000,0.0012000000,1.2580669300,东方财富沪深京A股延迟行情直连,2026-08-25
000425,徐工机械,7.9900000000,7.9400000000,125792702.0000000000,157378.0000000000,0.0063000000,1.2579270200,东方财富沪深京A股延迟行情直连,2026-08-25
002352,顺丰控股,33.0100000000,32.9400000000,125750239.2999999970,38051.0000000000,0.0021000000,1.2575023930,东方财富沪深京A股延迟行情直连,2026-08-25
603393,新天然气,24.8300000000,24.1800000000,125621682.0000000000,50888.0000000000,0.0269000000,1.2562168200,东方财富沪深京A股延迟行情直连,2026-08-25
002949,华阳国际,12.4400000000,11.3100000000,125573779.0000000000,102503.0000000000,0.0999000000,1.2557377900,东方财富沪深京A股延迟行情直连,2026-08-25
688097,博众精工,46.4400000000,48.3700000000,125416821.0000000000,26974.0000000000,-0.0399000000,1.2541682100,东方财富沪深京A股延迟行情直连,2026-08-25
300566,激智科技,27.7300000000,28.4900000000,125305586.5100000054,45044.0000000000,-0.0267000000,1.2530558651,东方财富沪深京A股延迟行情直连,2026-08-25
300561,汇金科技,15.5900000000,14.9500000000,125249812.8599999994,81423.0000000000,0.0428000000,1.2524981286,东方财富沪深京A股延迟行情直连,2026-08-25
300364,中文在线,22.1500000000,22.2700000000,124900265.6099999994,56481.0000000000,-0.0054000000,1.2490026561,东方财富沪深京A股延迟行情直连,2026-08-25
301662,宏工科技,70.5100000000,71.4800000000,124885378.7699999958,17460.0000000000,-0.0136000000,1.2488537877,东方财富沪深京A股延迟行情直连,2026-08-25
600795,国电电力,5.1500000000,5.1600000000,124855362.0000000000,242530.0000000000,-0.0019000000,1.2485536200,东方财富沪深京A股延迟行情直连,2026-08-25
300012,华测检测,15.0100000000,15.1600000000,124315547.3499999940,83071.0000000000,-0.0099000000,1.2431554735,东方财富沪深京A股延迟行情直连,2026-08-25
300005,探路者,10.1800000000,10.3900000000,124248161.4599999934,122935.0000000000,-0.0202000000,1.2424816146,东方财富沪深京A股延迟行情直连,2026-08-25
603989,艾华集团,26.7000000000,27.3300000000,124201205.0000000000,47092.0000000000,-0.0231000000,1.2420120500,东方财富沪深京A股延迟行情直连,2026-08-25
600926,杭州银行,16.7300000000,16.8200000000,124183881.0000000000,74098.0000000000,-0.0054000000,1.2418388100,东方财富沪深京A股延迟行情直连,2026-08-25
603766,隆鑫通用,15.0200000000,14.5700000000,124057087.0000000000,83282.0000000000,0.0309000000,1.2405708700,东方财富沪深京A股延迟行情直连,2026-08-25
301529,福赛科技,107.9900000000,110.1800000000,124006935.5999999940,11605.0000000000,-0.0199000000,1.2400693560,东方财富沪深京A股延迟行情直连,2026-08-25
688359,三孚新科,89.2700000000,94.5800000000,123858395.0000000000,13737.0000000000,-0.0561000000,1.2385839500,东方财富沪深京A股延迟行情直连,2026-08-25
300120,经纬辉开,9.0600000000,8.9100000000,123848751.2000000030,139040.0000000000,0.0168000000,1.2384875120,东方财富沪深京A股延迟行情直连,2026-08-25
000547,航天发展,13.4700000000,13.4600000000,123831563.4000000060,92739.0000000000,0.0007000000,1.2383156340,东方财富沪深京A股延迟行情直连,2026-08-25
688775,影石创新,118.9800000000,116.6300000000,123656811.0000000000,10473.0000000000,0.0201000000,1.2365681100,东方财富沪深京A股延迟行情直连,2026-08-25
002841,视源股份,46.5700000000,48.7300000000,123616346.1599999964,26323.0000000000,-0.0443000000,1.2361634616,东方财富沪深京A股延迟行情直连,2026-08-25
002408,齐翔腾达,5.4300000000,5.2800000000,123519011.1599999964,229700.0000000000,0.0284000000,1.2351901116,东方财富沪深京A股延迟行情直连,2026-08-25
688485,九州一轨,80.8500000000,81.3500000000,123239004.0000000000,15387.0000000000,-0.0061000000,1.2323900400,东方财富沪深京A股延迟行情直连,2026-08-25
600301,华锡有色,45.5400000000,47.3300000000,123081353.0000000000,26721.0000000000,-0.0378000000,1.2308135300,东方财富沪深京A股延迟行情直连,2026-08-25
688028,沃尔德,85.8400000000,87.8300000000,123077809.0000000000,14327.0000000000,-0.0227000000,1.2307780900,东方财富沪深京A股延迟行情直连,2026-08-25
002745,木林森,11.0300000000,11.2500000000,122925013.9800000042,111940.0000000000,-0.0196000000,1.2292501398,东方财富沪深京A股延迟行情直连,2026-08-25
002402,和而泰,18.2400000000,18.1900000000,122226578.0000000000,67678.0000000000,0.0027000000,1.2222657800,东方财富沪深京A股延迟行情直连,2026-08-25
300911,亿田智能,20.7500000000,21.9500000000,122213048.3900000006,58786.0000000000,-0.0547000000,1.2221304839,东方财富沪深京A股延迟行情直连,2026-08-25
601077,渝农商行,6.9700000000,7.0400000000,122119552.0000000000,175109.0000000000,-0.0099000000,1.2211955200,东方财富沪深京A股延迟行情直连,2026-08-25
301366,一博科技,54.2200000000,54.8700000000,122043659.9300000072,22705.0000000000,-0.0118000000,1.2204365993,东方财富沪深京A股延迟行情直连,2026-08-25
002922,伊戈尔,24.1300000000,24.7700000000,122043529.7999999970,50873.0000000000,-0.0258000000,1.2204352980,东方财富沪深京A股延迟行情直连,2026-08-25
605168,三人行,46.3000000000,47.5000000000,122037799.0000000000,25826.0000000000,-0.0253000000,1.2203779900,东方财富沪深京A股延迟行情直连,2026-08-25
300386,飞天诚信,12.0700000000,11.9700000000,121825370.0000000000,101645.0000000000,0.0084000000,1.2182537000,东方财富沪深京A股延迟行情直连,2026-08-25
002515,金字火腿,7.9600000000,7.9700000000,121818017.0000000000,156310.0000000000,-0.0013000000,1.2181801700,东方财富沪深京A股延迟行情直连,2026-08-25
600686,金龙汽车,10.9600000000,10.7200000000,121740733.0000000000,110015.0000000000,0.0224000000,1.2174073300,东方财富沪深京A股延迟行情直连,2026-08-25
688617,惠泰医疗,260.0200000000,258.5700000000,121283169.0000000000,4680.0000000000,0.0056000000,1.2128316900,东方财富沪深京A股延迟行情直连,2026-08-25
301026,浩通科技,20.6600000000,21.8000000000,121247676.7500000000,57688.0000000000,-0.0523000000,1.2124767675,东方财富沪深京A股延迟行情直连,2026-08-25
600726,华电能源,5.5600000000,5.5700000000,121174718.0000000000,219519.0000000000,-0.0018000000,1.2117471800,东方财富沪深京A股延迟行情直连,2026-08-25
301269,华大九天,90.0000000000,91.2500000000,121143951.8799999952,13499.0000000000,-0.0137000000,1.2114395188,东方财富沪深京A股延迟行情直连,2026-08-25
600604,市北高新,4.6300000000,4.9400000000,121062505.0000000000,260364.0000000000,-0.0628000000,1.2106250500,东方财富沪深京A股延迟行情直连,2026-08-25
603906,龙蟠科技,19.1800000000,19.7800000000,121023500.0000000000,62582.0000000000,-0.0303000000,1.2102350000,东方财富沪深京A股延迟行情直连,2026-08-25
300302,同有科技,28.1400000000,28.6800000000,120646511.5499999970,43161.0000000000,-0.0188000000,1.2064651155,东方财富沪深京A股延迟行情直连,2026-08-25
000032,深桑达Ａ,14.2800000000,14.2600000000,120304702.7199999988,85495.0000000000,0.0014000000,1.2030470272,东方财富沪深京A股延迟行情直连,2026-08-25
300473,德尔股份,23.8000000000,24.5000000000,119961066.0000000000,49654.0000000000,-0.0286000000,1.1996106600,东方财富沪深京A股延迟行情直连,2026-08-25
000552,甘肃能化,2.6600000000,2.6200000000,119816221.4800000042,451026.0000000000,0.0153000000,1.1981622148,东方财富沪深京A股延迟行情直连,2026-08-25
688336,三生国健,43.0000000000,43.4500000000,119654918.0000000000,27960.0000000000,-0.0104000000,1.1965491800,东方财富沪深京A股延迟行情直连,2026-08-25
688179,阿拉丁,19.8800000000,21.0600000000,119570459.0000000000,59474.0000000000,-0.0560000000,1.1957045900,东方财富沪深京A股延迟行情直连,2026-08-25
300693,盛弘股份,41.8400000000,42.3000000000,119351797.5999999940,28657.0000000000,-0.0109000000,1.1935179760,东方财富沪深京A股延迟行情直连,2026-08-25
300001,特锐德,35.9600000000,36.2600000000,119332393.9399999976,33383.0000000000,-0.0083000000,1.1933239394,东方财富沪深京A股延迟行情直连,2026-08-25
300655,晶瑞电材,12.3100000000,12.6600000000,119318264.9500000030,96896.0000000000,-0.0276000000,1.1931826495,东方财富沪深京A股延迟行情直连,2026-08-25
603516,淳中科技,94.9700000000,95.8800000000,119232471.0000000000,12639.0000000000,-0.0095000000,1.1923247100,东方财富沪深京A股延迟行情直连,2026-08-25
605196,华通线缆,32.8600000000,34.1500000000,119180547.0000000000,35856.0000000000,-0.0378000000,1.1918054700,东方财富沪深京A股延迟行情直连,2026-08-25
003816,中国广核,3.9300000000,3.8800000000,118928208.7600000054,303863.0000000000,0.0129000000,1.1892820876,东方财富沪深京A股延迟行情直连,2026-08-25
000981,山子高科,2.6600000000,2.6400000000,118756241.0000000000,450353.0000000000,0.0076000000,1.1875624100,东方财富沪深京A股延迟行情直连,2026-08-25
688323,瑞华泰,25.9200000000,26.9500000000,118366028.0000000000,45651.0000000000,-0.0382000000,1.1836602800,东方财富沪深京A股延迟行情直连,2026-08-25
605286,同力天启,26.0800000000,27.4100000000,118281623.0000000000,45044.0000000000,-0.0485000000,1.1828162300,东方财富沪深京A股延迟行情直连,2026-08-25
300999,金龙鱼,25.1900000000,24.7800000000,118175996.6599999964,46937.0000000000,0.0165000000,1.1817599666,东方财富沪深京A股延迟行情直连,2026-08-25
300137,先河环保,11.2700000000,11.3100000000,118066107.0000000000,105722.0000000000,-0.0035000000,1.1806610700,东方财富沪深京A股延迟行情直连,2026-08-25
600221,海航控股,1.3000000000,1.3000000000,117799829.0000000000,906258.0000000000,0.0000000000,1.1779982900,东方财富沪深京A股延迟行情直连,2026-08-25
600409,三友化工,7.0300000000,6.9200000000,117735437.0000000000,167935.0000000000,0.0159000000,1.1773543700,东方财富沪深京A股延迟行情直连,2026-08-25
002739,儒意电影,8.3000000000,8.2100000000,117346998.3799999952,141903.0000000000,0.0110000000,1.1734699838,东方财富沪深京A股延迟行情直连,2026-08-25
920206,彩客科技,49.7600000000,47.4100000000,117215472.8499999940,23853.0000000000,0.0496000000,1.1721547285,东方财富沪深京A股延迟行情直连,2026-08-25
688049,炬芯科技,38.8600000000,38.4700000000,116997469.0000000000,30287.0000000000,0.0101000000,1.1699746900,东方财富沪深京A股延迟行情直连,2026-08-25
300540,蜀道装备,27.5500000000,28.3600000000,116803740.5999999940,42633.0000000000,-0.0286000000,1.1680374060,东方财富沪深京A股延迟行情直连,2026-08-25
600521,华海药业,16.1100000000,16.2000000000,116734906.0000000000,72624.0000000000,-0.0056000000,1.1673490600,东方财富沪深京A股延迟行情直连,2026-08-25
688035,德邦科技,63.7000000000,65.1000000000,116362346.0000000000,18539.0000000000,-0.0215000000,1.1636234600,东方财富沪深京A股延迟行情直连,2026-08-25
603466,风语筑,11.0600000000,11.0200000000,116335267.0000000000,105697.0000000000,0.0036000000,1.1633526700,东方财富沪深京A股延迟行情直连,2026-08-25
600436,片仔癀,124.2500000000,123.7600000000,116252217.0000000000,9374.0000000000,0.0040000000,1.1625221700,东方财富沪深京A股延迟行情直连,2026-08-25
301179,泽宇智能,19.7500000000,21.2200000000,116031301.7999999970,57758.0000000000,-0.0693000000,1.1603130180,东方财富沪深京A股延迟行情直连,2026-08-25
600629,华建集团,16.0400000000,15.9800000000,115868472.0000000000,73086.0000000000,0.0038000000,1.1586847200,东方财富沪深京A股延迟行情直连,2026-08-25
001979,招商蛇口,7.1400000000,7.2400000000,115723626.0000000000,160903.0000000000,-0.0138000000,1.1572362600,东方财富沪深京A股延迟行情直连,2026-08-25
688378,奥来德,42.1700000000,43.6700000000,115625740.0000000000,27591.0000000000,-0.0343000000,1.1562574000,东方财富沪深京A股延迟行情直连,2026-08-25
603063,禾望电气,30.3500000000,30.7800000000,115469991.0000000000,38359.0000000000,-0.0140000000,1.1546999100,东方财富沪深京A股延迟行情直连,2026-08-25
000676,智度股份,6.5800000000,6.4400000000,115291714.5699999928,177601.0000000000,0.0217000000,1.1529171457,东方财富沪深京A股延迟行情直连,2026-08-25
688027,国盾量子,367.4400000000,369.1000000000,115277480.0000000000,3156.0000000000,-0.0045000000,1.1527748000,东方财富沪深京A股延迟行情直连,2026-08-25
688106,金宏气体,26.4600000000,27.0100000000,115271806.0000000000,43758.0000000000,-0.0204000000,1.1527180600,东方财富沪深京A股延迟行情直连,2026-08-25
300069,金利华电,25.4500000000,25.5500000000,115259175.0000000000,45958.0000000000,-0.0039000000,1.1525917500,东方财富沪深京A股延迟行情直连,2026-08-25
002290,禾盛新材,60.7300000000,62.4700000000,115102646.0000000000,19012.0000000000,-0.0279000000,1.1510264600,东方财富沪深京A股延迟行情直连,2026-08-25
300762,上海瀚讯,26.9500000000,27.0400000000,114985758.2999999970,43063.0000000000,-0.0033000000,1.1498575830,东方财富沪深京A股延迟行情直连,2026-08-25
600366,宁波韵升,11.5000000000,11.5600000000,114789043.0000000000,99550.0000000000,-0.0052000000,1.1478904300,东方财富沪深京A股延迟行情直连,2026-08-25
300619,金银河,25.3700000000,27.4200000000,114557313.5000000000,44195.0000000000,-0.0748000000,1.1455731350,东方财富沪深京A股延迟行情直连,2026-08-25
688343,云天励飞-U,54.8900000000,55.0500000000,114551826.0000000000,20843.0000000000,-0.0029000000,1.1455182600,东方财富沪深京A股延迟行情直连,2026-08-25
603129,春风动力,308.6000000000,308.5800000000,114526873.0000000000,3729.0000000000,0.0001000000,1.1452687300,东方财富沪深京A股延迟行情直连,2026-08-25
688059,华锐精密,83.5000000000,86.9700000000,114299330.0000000000,13675.0000000000,-0.0399000000,1.1429933000,东方财富沪深京A股延迟行情直连,2026-08-25
601061,中信金属,11.6200000000,11.6100000000,114093987.0000000000,96576.0000000000,0.0009000000,1.1409398700,东方财富沪深京A股延迟行情直连,2026-08-25
300254,仟源医药,9.1800000000,9.5400000000,114080580.0000000000,123590.0000000000,-0.0377000000,1.1408058000,东方财富沪深京A股延迟行情直连,2026-08-25
600198,大唐电信,7.8900000000,7.8500000000,113769288.0000000000,145220.0000000000,0.0051000000,1.1376928800,东方财富沪深京A股延迟行情直连,2026-08-25
600867,通化东宝,8.1100000000,7.9500000000,113741591.0000000000,139145.0000000000,0.0201000000,1.1374159100,东方财富沪深京A股延迟行情直连,2026-08-25
603950,长源东谷,61.8000000000,61.1000000000,113560721.0000000000,18881.0000000000,0.0115000000,1.1356072100,东方财富沪深京A股延迟行情直连,2026-08-25
002465,海格通信,9.8200000000,9.8200000000,113514941.2999999970,116454.0000000000,0.0000000000,1.1351494130,东方财富沪深京A股延迟行情直连,2026-08-25
000967,盈峰环境,8.0700000000,8.2100000000,113437565.7699999958,141114.0000000000,-0.0171000000,1.1343756577,东方财富沪深京A股延迟行情直连,2026-08-25
601066,中信建投,24.4900000000,24.7900000000,113406203.0000000000,46162.0000000000,-0.0121000000,1.1340620300,东方财富沪深京A股延迟行情直连,2026-08-25
001210,金房能源,26.3800000000,26.4200000000,113405774.7800000012,42949.0000000000,-0.0015000000,1.1340577478,东方财富沪深京A股延迟行情直连,2026-08-25
300562,乐心医疗,15.2200000000,14.9400000000,113402828.0000000000,73463.0000000000,0.0187000000,1.1340282800,东方财富沪深京A股延迟行情直连,2026-08-25
002706,良信股份,9.6800000000,9.6500000000,113356102.1500000060,119556.0000000000,0.0031000000,1.1335610215,东方财富沪深京A股延迟行情直连,2026-08-25
600546,山煤国际,13.6700000000,13.6600000000,113240975.0000000000,82724.0000000000,0.0007000000,1.1324097500,东方财富沪深京A股延迟行情直连,2026-08-25
600985,淮北矿业,18.0100000000,17.9900000000,113092891.0000000000,62657.0000000000,0.0011000000,1.1309289100,东方财富沪深京A股延迟行情直连,2026-08-25
300113,顺网科技,15.6500000000,16.1400000000,113092084.3299999982,72219.0000000000,-0.0304000000,1.1309208433,东方财富沪深京A股延迟行情直连,2026-08-25
688720,艾森股份,63.0500000000,65.3000000000,112923485.0000000000,18049.0000000000,-0.0345000000,1.1292348500,东方财富沪深京A股延迟行情直连,2026-08-25
688001,华兴源创,49.5500000000,51.2800000000,112384916.0000000000,22650.0000000000,-0.0337000000,1.1238491600,东方财富沪深京A股延迟行情直连,2026-08-25
300896,爱美客,92.2000000000,91.4000000000,112364770.0000000000,12142.0000000000,0.0088000000,1.1236477000,东方财富沪深京A股延迟行情直连,2026-08-25
300348,长亮科技,9.7700000000,9.4800000000,112204884.1800000072,116708.0000000000,0.0306000000,1.1220488418,东方财富沪深京A股延迟行情直连,2026-08-25
001965,招商公路,9.4600000000,9.2900000000,112149489.7199999988,118821.0000000000,0.0183000000,1.1214948972,东方财富沪深京A股延迟行情直连,2026-08-25
688286,敏芯股份,44.7400000000,47.1400000000,112080015.0000000000,25109.0000000000,-0.0509000000,1.1208001500,东方财富沪深京A股延迟行情直连,2026-08-25
301373,凌玮科技,91.1600000000,93.0200000000,111939154.0000000000,12355.0000000000,-0.0200000000,1.1193915400,东方财富沪深京A股延迟行情直连,2026-08-25
300491,通合科技,30.3600000000,30.7000000000,111748751.0000000000,37446.0000000000,-0.0111000000,1.1174875100,东方财富沪深京A股延迟行情直连,2026-08-25
601666,平煤股份,9.7100000000,9.8000000000,111728758.0000000000,114289.0000000000,-0.0092000000,1.1172875800,东方财富沪深京A股延迟行情直连,2026-08-25
001339,智微智能,72.8800000000,74.8000000000,111423289.9300000072,15289.0000000000,-0.0257000000,1.1142328993,东方财富沪深京A股延迟行情直连,2026-08-25
002850,科达利,181.8900000000,183.8100000000,111108396.9000000060,6157.0000000000,-0.0104000000,1.1110839690,东方财富沪深京A股延迟行情直连,2026-08-25
300598,诚迈科技,32.3900000000,32.7800000000,111069601.8900000006,34542.0000000000,-0.0119000000,1.1106960189,东方财富沪深京A股延迟行情直连,2026-08-25
603444,吉比特,381.8900000000,380.8200000000,110797667.0000000000,2909.0000000000,0.0028000000,1.1079766700,东方财富沪深京A股延迟行情直连,2026-08-25
001287,中电港,22.0200000000,22.2500000000,110698029.2999999970,50721.0000000000,-0.0103000000,1.1069802930,东方财富沪深京A股延迟行情直连,2026-08-25
688093,世华科技,20.7800000000,24.8800000000,110669160.0000000000,53811.0000000000,-0.1648000000,1.1066916000,东方财富沪深京A股延迟行情直连,2026-08-25
002724,海洋王,6.6100000000,6.3900000000,110612493.0000000000,168469.0000000000,0.0344000000,1.1061249300,东方财富沪深京A股延迟行情直连,2026-08-25
601390,中国中铁,4.3600000000,4.3600000000,110457646.0000000000,252915.0000000000,0.0000000000,1.1045764600,东方财富沪深京A股延迟行情直连,2026-08-25
002229,鸿博股份,10.5000000000,10.6700000000,110201258.0000000000,105746.0000000000,-0.0159000000,1.1020125800,东方财富沪深京A股延迟行情直连,2026-08-25
002987,京北方,11.4500000000,11.2300000000,110154537.5000000000,97337.0000000000,0.0196000000,1.1015453750,东方财富沪深京A股延迟行情直连,2026-08-25
001301,尚太科技,61.6200000000,63.8200000000,110049932.6500000060,17730.0000000000,-0.0345000000,1.1004993265,东方财富沪深京A股延迟行情直连,2026-08-25
002979,雷赛智能,53.7000000000,54.1500000000,109993705.0000000000,20671.0000000000,-0.0083000000,1.0999370500,东方财富沪深京A股延迟行情直连,2026-08-25
001400,江顺科技,81.3400000000,81.1500000000,109899809.0499999970,13480.0000000000,0.0023000000,1.0989980905,东方财富沪深京A股延迟行情直连,2026-08-25
300182,捷成股份,4.8200000000,4.7600000000,109837136.0999999940,228727.0000000000,0.0126000000,1.0983713610,东方财富沪深京A股延迟行情直连,2026-08-25
002885,京泉华,27.7400000000,28.2000000000,109748204.1599999964,40244.0000000000,-0.0163000000,1.0974820416,东方财富沪深京A股延迟行情直连,2026-08-25
300916,朗特智能,27.3500000000,26.4600000000,109545279.3400000036,41495.0000000000,0.0336000000,1.0954527934,东方财富沪深京A股延迟行情直连,2026-08-25
301235,华康洁净,40.8500000000,42.4200000000,109508334.9200000018,26920.0000000000,-0.0370000000,1.0950833492,东方财富沪深京A股延迟行情直连,2026-08-25
300317,珈伟新能,4.1200000000,4.2700000000,109390645.4300000072,266585.0000000000,-0.0351000000,1.0939064543,东方财富沪深京A股延迟行情直连,2026-08-25
600078,澄星股份,10.8300000000,10.8300000000,109301433.0000000000,100586.0000000000,0.0000000000,1.0930143300,东方财富沪深京A股延迟行情直连,2026-08-25
600563,法拉电子,124.3700000000,126.2700000000,109096788.0000000000,8782.0000000000,-0.0150000000,1.0909678800,东方财富沪深京A股延迟行情直连,2026-08-25
301095,广立微,70.9500000000,73.0200000000,109042362.0000000000,15421.0000000000,-0.0283000000,1.0904236200,东方财富沪深京A股延迟行情直连,2026-08-25
603887,城地香江,8.9800000000,9.2300000000,109035414.0000000000,122537.0000000000,-0.0271000000,1.0903541400,东方财富沪深京A股延迟行情直连,2026-08-25
301626,苏州天脉,247.1800000000,251.9800000000,109018025.7199999988,4450.0000000000,-0.0190000000,1.0901802572,东方财富沪深京A股延迟行情直连,2026-08-25
002674,兴业科技,26.5000000000,27.0300000000,108916253.0000000000,41444.0000000000,-0.0196000000,1.0891625300,东方财富沪深京A股延迟行情直连,2026-08-25
000963,华东医药,27.1500000000,27.1500000000,108547978.0000000000,39990.0000000000,0.0000000000,1.0854797800,东方财富沪深京A股延迟行情直连,2026-08-25
301500,飞南资源,22.3500000000,23.2500000000,108479924.2800000012,47679.0000000000,-0.0387000000,1.0847992428,东方财富沪深京A股延迟行情直连,2026-08-25
002913,奥士康,55.4400000000,57.5000000000,108308878.0000000000,19472.0000000000,-0.0358000000,1.0830887800,东方财富沪深京A股延迟行情直连,2026-08-25
603407,长裕集团,54.5800000000,57.0900000000,108138610.0000000000,19798.0000000000,-0.0440000000,1.0813861000,东方财富沪深京A股延迟行情直连,2026-08-25
601360,三六零,8.5700000000,8.5700000000,108001628.0000000000,126355.0000000000,0.0000000000,1.0800162800,东方财富沪深京A股延迟行情直连,2026-08-25
688610,埃科光电,163.0200000000,169.0000000000,107991099.0000000000,6566.0000000000,-0.0354000000,1.0799109900,东方财富沪深京A股延迟行情直连,2026-08-25
002340,格林美,6.4600000000,6.5300000000,107943044.5600000024,166194.0000000000,-0.0107000000,1.0794304456,东方财富沪深京A股延迟行情直连,2026-08-25
600829,人民同泰,9.5500000000,9.2200000000,107690275.0000000000,114813.0000000000,0.0358000000,1.0769027500,东方财富沪深京A股延迟行情直连,2026-08-25
300040,九洲集团,5.6600000000,5.9900000000,107618322.0000000000,191265.0000000000,-0.0551000000,1.0761832200,东方财富沪深京A股延迟行情直连,2026-08-25
002614,奥佳华,5.6300000000,5.4100000000,107613697.1299999952,191345.0000000000,0.0407000000,1.0761369713,东方财富沪深京A股延迟行情直连,2026-08-25
600408,安泰集团,2.9400000000,2.8600000000,107562905.0000000000,370051.0000000000,0.0280000000,1.0756290500,东方财富沪深京A股延迟行情直连,2026-08-25
002990,盛视科技,46.1000000000,47.7000000000,107524257.0000000000,23277.0000000000,-0.0335000000,1.0752425700,东方财富沪深京A股延迟行情直连,2026-08-25
002963,豪尔赛,19.1000000000,18.4700000000,107487872.0000000000,56491.0000000000,0.0341000000,1.0748787200,东方财富沪深京A股延迟行情直连,2026-08-25
301607,富特科技,41.1800000000,42.2600000000,107441838.7600000054,26181.0000000000,-0.0256000000,1.0744183876,东方财富沪深京A股延迟行情直连,2026-08-25
688105,诺唯赞,22.1700000000,22.5100000000,107371355.0000000000,48101.0000000000,-0.0151000000,1.0737135500,东方财富沪深京A股延迟行情直连,2026-08-25
300436,广生堂,89.7900000000,89.6600000000,107317040.0000000000,12051.0000000000,0.0014000000,1.0731704000,东方财富沪深京A股延迟行情直连,2026-08-25
002625,光启技术,27.6400000000,27.8200000000,106990557.0000000000,38925.0000000000,-0.0065000000,1.0699055700,东方财富沪深京A股延迟行情直连,2026-08-25
001696,宗申动力,14.8200000000,14.8400000000,106587029.1700000018,72775.0000000000,-0.0013000000,1.0658702917,东方财富沪深京A股延迟行情直连,2026-08-25
002046,国机精工,47.5600000000,47.8000000000,106342589.7900000066,22774.0000000000,-0.0050000000,1.0634258979,东方财富沪深京A股延迟行情直连,2026-08-25
600251,冠农股份,10.2900000000,10.1700000000,105994551.0000000000,101900.0000000000,0.0118000000,1.0599455100,东方财富沪深京A股延迟行情直连,2026-08-25
300530,领湃科技,18.7700000000,19.7900000000,105726165.0000000000,55052.0000000000,-0.0515000000,1.0572616500,东方财富沪深京A股延迟行情直连,2026-08-25
002815,崇达技术,13.1800000000,13.3600000000,105699168.0000000000,80285.0000000000,-0.0135000000,1.0569916800,东方财富沪深京A股延迟行情直连,2026-08-25
603068,博通集成,36.2500000000,36.3700000000,105403761.0000000000,29453.0000000000,-0.0033000000,1.0540376100,东方财富沪深京A股延迟行情直连,2026-08-25
301369,联动科技,125.4800000000,131.0900000000,105149540.8700000048,8378.0000000000,-0.0428000000,1.0514954087,东方财富沪深京A股延迟行情直连,2026-08-25
300687,赛意信息,25.4100000000,26.1000000000,104962278.8799999952,41302.0000000000,-0.0264000000,1.0496227888,东方财富沪深京A股延迟行情直连,2026-08-25
688472,阿特斯,10.0400000000,10.2500000000,104856380.0000000000,103978.0000000000,-0.0205000000,1.0485638000,东方财富沪深京A股延迟行情直连,2026-08-25
000301,东方盛虹,13.2900000000,13.3400000000,104604332.0000000000,79040.0000000000,-0.0037000000,1.0460433200,东方财富沪深京A股延迟行情直连,2026-08-25
600699,均胜电子,18.9000000000,19.0900000000,104485601.0000000000,55557.0000000000,-0.0100000000,1.0448560100,东方财富沪深京A股延迟行情直连,2026-08-25
688605,先锋精科,68.5700000000,71.5000000000,104391564.0000000000,15176.0000000000,-0.0410000000,1.0439156400,东方财富沪深京A股延迟行情直连,2026-08-25
300149,睿智医药,9.7900000000,9.7000000000,104389314.0000000000,108245.0000000000,0.0093000000,1.0438931400,东方财富沪深京A股延迟行情直连,2026-08-25
600918,中泰证券,5.6300000000,5.5900000000,104100136.0000000000,184347.0000000000,0.0072000000,1.0410013600,东方财富沪深京A股延迟行情直连,2026-08-25
300790,宇瞳光学,18.8000000000,19.2000000000,104059411.3299999982,55505.0000000000,-0.0208000000,1.0405941133,东方财富沪深京A股延迟行情直连,2026-08-25
603137,恒尚节能,21.7100000000,21.9700000000,103506127.0000000000,48256.0000000000,-0.0118000000,1.0350612700,东方财富沪深京A股延迟行情直连,2026-08-25
601969,海南矿业,9.4400000000,9.3700000000,103217272.0000000000,108320.0000000000,0.0075000000,1.0321727200,东方财富沪深京A股延迟行情直连,2026-08-25
002157,正邦科技,2.9300000000,2.9300000000,103191087.0000000000,350953.0000000000,0.0000000000,1.0319108700,东方财富沪深京A股延迟行情直连,2026-08-25
603327,福蓉科技,9.5300000000,9.5800000000,103153436.0000000000,108427.0000000000,-0.0052000000,1.0315343600,东方财富沪深京A股延迟行情直连,2026-08-25
002458,益生股份,8.7800000000,8.7700000000,103084593.2000000030,117125.0000000000,0.0011000000,1.0308459320,东方财富沪深京A股延迟行情直连,2026-08-25
300718,长盛轴承,55.8100000000,55.3200000000,102974498.0000000000,18498.0000000000,0.0089000000,1.0297449800,东方财富沪深京A股延迟行情直连,2026-08-25
002163,海南发展,8.1600000000,7.8500000000,102817677.8599999994,127414.0000000000,0.0395000000,1.0281767786,东方财富沪深京A股延迟行情直连,2026-08-25
688321,微芯生物,25.5500000000,25.8900000000,102550478.0000000000,40128.0000000000,-0.0131000000,1.0255047800,东方财富沪深京A股延迟行情直连,2026-08-25
300496,中科创达,55.8400000000,55.6800000000,102348265.2399999946,18476.0000000000,0.0029000000,1.0234826524,东方财富沪深京A股延迟行情直连,2026-08-25
002346,柘中股份,20.5100000000,21.3200000000,102003842.2999999970,49502.0000000000,-0.0380000000,1.0200384230,东方财富沪深京A股延迟行情直连,2026-08-25
605289,罗曼股份,104.1300000000,106.8000000000,101741320.0000000000,9801.0000000000,-0.0250000000,1.0174132000,东方财富沪深京A股延迟行情直连,2026-08-25
603225,新凤鸣,19.1700000000,19.7000000000,101616464.0000000000,53196.0000000000,-0.0269000000,1.0161646400,东方财富沪深京A股延迟行情直连,2026-08-25
002456,欧菲光,6.9800000000,6.9400000000,101549864.7000000030,145967.0000000000,0.0058000000,1.0154986470,东方财富沪深京A股延迟行情直连,2026-08-25
300868,杰美特,88.7400000000,91.1100000000,101423949.0000000000,11426.0000000000,-0.0260000000,1.0142394900,东方财富沪深京A股延迟行情直连,2026-08-25
000534,万泽股份,23.5000000000,24.3300000000,101417377.6299999952,43096.0000000000,-0.0341000000,1.0141737763,东方财富沪深京A股延迟行情直连,2026-08-25
300445,康斯特,19.6700000000,17.9000000000,101402372.4899999946,52345.0000000000,0.0989000000,1.0140237249,东方财富沪深京A股延迟行情直连,2026-08-25
002421,达实智能,3.0500000000,3.0100000000,101234773.8299999982,337635.0000000000,0.0133000000,1.0123477383,东方财富沪深京A股延迟行情直连,2026-08-25
001359,平安电工,85.0700000000,88.6800000000,101210788.4000000060,11864.0000000000,-0.0407000000,1.0121078840,东方财富沪深京A股延迟行情直连,2026-08-25
300401,花园生物,14.1800000000,14.1400000000,101073282.0000000000,72094.0000000000,0.0028000000,1.0107328200,东方财富沪深京A股延迟行情直连,2026-08-25
600971,恒源煤电,8.7100000000,8.6800000000,101060082.0000000000,115795.0000000000,0.0035000000,1.0106008200,东方财富沪深京A股延迟行情直连,2026-08-25
301516,中远通,23.1100000000,24.1300000000,101015796.7199999988,43581.0000000000,-0.0423000000,1.0101579672,东方财富沪深京A股延迟行情直连,2026-08-25
301251,威尔高,46.3500000000,47.9100000000,100969192.5999999940,21670.0000000000,-0.0326000000,1.0096919260,东方财富沪深京A股延迟行情直连,2026-08-25
300685,艾德生物,17.7600000000,18.4100000000,100945724.3599999994,56118.0000000000,-0.0353000000,1.0094572436,东方财富沪深京A股延迟行情直连,2026-08-25
300342,天银机电,31.0400000000,31.3900000000,100937220.3100000024,32676.0000000000,-0.0112000000,1.0093722031,东方财富沪深京A股延迟行情直连,2026-08-25
300102,乾照光电,17.3800000000,17.6200000000,100880201.8799999952,58399.0000000000,-0.0136000000,1.0088020188,东方财富沪深京A股延迟行情直连,2026-08-25
688166,博瑞医药,34.4300000000,34.5500000000,100709328.0000000000,29290.0000000000,-0.0035000000,1.0070932800,东方财富沪深京A股延迟行情直连,2026-08-25
002056,横店东磁,20.8900000000,21.3100000000,100603212.9800000042,48155.0000000000,-0.0197000000,1.0060321298,东方财富沪深京A股延迟行情直连,2026-08-25
300042,朗科科技,38.2800000000,38.9200000000,100568926.0600000024,26438.0000000000,-0.0164000000,1.0056892606,东方财富沪深京A股延迟行情直连,2026-08-25
688428,诺诚健华,27.3200000000,27.5400000000,100505697.0000000000,36645.0000000000,-0.0080000000,1.0050569700,东方财富沪深京A股延迟行情直连,2026-08-25
300015,爱尔眼科,8.3700000000,8.3400000000,100398611.3599999994,120021.0000000000,0.0036000000,1.0039861136,东方财富沪深京A股延迟行情直连,2026-08-25
600438,通威股份,11.9900000000,12.1200000000,100393260.0000000000,83615.0000000000,-0.0107000000,1.0039326000,东方财富沪深京A股延迟行情直连,2026-08-25
301393,昊帆生物,57.6800000000,61.3200000000,100307307.0000000000,17400.0000000000,-0.0594000000,1.0030730700,东方财富沪深京A股延迟行情直连,2026-08-25
300243,瑞丰高材,15.5700000000,15.9800000000,100304831.0000000000,64664.0000000000,-0.0257000000,1.0030483100,东方财富沪深京A股延迟行情直连,2026-08-25
601177,杭齿前进,13.7000000000,13.7900000000,100144436.0000000000,72897.0000000000,-0.0065000000,1.0014443600,东方财富沪深京A股延迟行情直连,2026-08-25
601117,中国化学,7.5100000000,7.5000000000,100143161.0000000000,133321.0000000000,0.0013000000,1.0014316100,东方财富沪深京A股延迟行情直连,2026-08-25
603758,秦安股份,11.2100000000,11.0200000000,100078779.0000000000,90154.0000000000,0.0172000000,1.0007877900,东方财富沪深京A股延迟行情直连,2026-08-25
002631,德尔未来,8.4400000000,8.7300000000,100063345.1400000006,117896.0000000000,-0.0332000000,1.0006334514,东方财富沪深京A股延迟行情直连,2026-08-25
002284,亚太股份,9.3200000000,9.4300000000,99986273.2900000066,108101.0000000000,-0.0117000000,0.9998627329,东方财富沪深京A股延迟行情直连,2026-08-25
002126,银轮股份,38.4300000000,38.4000000000,99922625.7399999946,26200.0000000000,0.0008000000,0.9992262574,东方财富沪深京A股延迟行情直连,2026-08-25
000415,渤海租赁,4.4500000000,4.5000000000,99619489.5600000024,220898.0000000000,-0.0111000000,0.9961948956,东方财富沪深京A股延迟行情直连,2026-08-25
300093,金刚光伏,24.1100000000,25.0200000000,99577117.9800000042,41535.0000000000,-0.0364000000,0.9957711798,东方财富沪深京A股延迟行情直连,2026-08-25
688005,容百科技,26.1100000000,26.8700000000,99506337.0000000000,37659.0000000000,-0.0283000000,0.9950633700,东方财富沪深京A股延迟行情直连,2026-08-25
301382,蜂助手,38.5000000000,39.7200000000,99477938.4399999976,25860.0000000000,-0.0307000000,0.9947793844,东方财富沪深京A股延迟行情直连,2026-08-25
000524,岭南控股,10.1100000000,9.8900000000,99475692.0000000000,98713.0000000000,0.0222000000,0.9947569200,东方财富沪深京A股延迟行情直连,2026-08-25
600389,江山股份,18.8100000000,18.2800000000,99427375.0000000000,53147.0000000000,0.0290000000,0.9942737500,东方财富沪深京A股延迟行情直连,2026-08-25
002539,云图控股,12.8900000000,12.8100000000,99408904.0000000000,76328.0000000000,0.0062000000,0.9940890400,东方财富沪深京A股延迟行情直连,2026-08-25
002687,乔治白,6.3300000000,6.6200000000,99273774.2099999934,159744.0000000000,-0.0438000000,0.9927377421,东方财富沪深京A股延迟行情直连,2026-08-25
002335,科华数据,29.8300000000,29.7200000000,99164427.8499999940,33641.0000000000,0.0037000000,0.9916442785,东方财富沪深京A股延迟行情直连,2026-08-25
301566,达利凯普,24.0600000000,24.5800000000,99069393.0000000000,41538.0000000000,-0.0212000000,0.9906939300,东方财富沪深京A股延迟行情直连,2026-08-25
300006,莱美药业,5.0300000000,5.0900000000,98996521.2099999934,198789.0000000000,-0.0118000000,0.9899652121,东方财富沪深京A股延迟行情直连,2026-08-25
600578,京能电力,5.5400000000,5.5700000000,98652759.0000000000,179401.0000000000,-0.0054000000,0.9865275900,东方财富沪深京A股延迟行情直连,2026-08-25
688271,联影医疗,106.1400000000,105.4000000000,98618560.0000000000,9288.0000000000,0.0070000000,0.9861856000,东方财富沪深京A股延迟行情直连,2026-08-25
688411,海博思创,196.0000000000,201.3100000000,98532250.0000000000,5000.0000000000,-0.0264000000,0.9853225000,东方财富沪深京A股延迟行情直连,2026-08-25
600596,新安股份,10.4200000000,10.3800000000,98377762.0000000000,94505.0000000000,0.0039000000,0.9837776200,东方财富沪深京A股延迟行情直连,2026-08-25
002472,双环传动,35.4900000000,35.2300000000,98338333.3700000048,27896.0000000000,0.0074000000,0.9833833337,东方财富沪深京A股延迟行情直连,2026-08-25
000538,云南白药,49.7600000000,49.5000000000,98307228.8400000036,19751.0000000000,0.0053000000,0.9830722884,东方财富沪深京A股延迟行情直连,2026-08-25
600773,西藏城投,10.4300000000,10.7900000000,98250050.0000000000,93039.0000000000,-0.0334000000,0.9825005000,东方财富沪深京A股延迟行情直连,2026-08-25
601677,明泰铝业,16.2800000000,16.3500000000,98092485.0000000000,60289.0000000000,-0.0043000000,0.9809248500,东方财富沪深京A股延迟行情直连,2026-08-25
601916,浙商银行,2.9400000000,2.9500000000,97973553.0000000000,332309.0000000000,-0.0034000000,0.9797355300,东方财富沪深京A股延迟行情直连,2026-08-25
603260,合盛硅业,33.0200000000,33.6300000000,97895359.0000000000,29556.0000000000,-0.0181000000,0.9789535900,东方财富沪深京A股延迟行情直连,2026-08-25
300519,新光药业,15.4000000000,14.0800000000,97832755.0000000000,65401.0000000000,0.0938000000,0.9783275500,东方财富沪深京A股延迟行情直连,2026-08-25
600066,宇通客车,30.2200000000,30.3600000000,97812608.0000000000,32202.0000000000,-0.0046000000,0.9781260800,东方财富沪深京A股延迟行情直连,2026-08-25
002624,完美世界,10.8600000000,10.8200000000,97686696.1899999976,90164.0000000000,0.0037000000,0.9768669619,东方财富沪深京A股延迟行情直连,2026-08-25
000683,博源化工,6.1300000000,6.1400000000,97619407.0000000000,158808.0000000000,-0.0016000000,0.9761940700,东方财富沪深京A股延迟行情直连,2026-08-25
002208,合肥城建,10.2200000000,10.4400000000,97570510.0000000000,96039.0000000000,-0.0211000000,0.9757051000,东方财富沪深京A股延迟行情直连,2026-08-25
688612,威迈斯,33.9000000000,32.9800000000,97497987.0000000000,29044.0000000000,0.0279000000,0.9749798700,东方财富沪深京A股延迟行情直连,2026-08-25
000713,国投丰乐,6.2900000000,6.0800000000,97402389.6899999976,154801.0000000000,0.0345000000,0.9740238969,东方财富沪深京A股延迟行情直连,2026-08-25
300127,银河磁体,25.0100000000,25.0500000000,97168023.0199999958,38113.0000000000,-0.0016000000,0.9716802302,东方财富沪深京A股延迟行情直连,2026-08-25
688206,概伦电子,40.0100000000,41.2900000000,97016981.0000000000,24201.0000000000,-0.0310000000,0.9701698100,东方财富沪深京A股延迟行情直连,2026-08-25
603601,再升科技,8.6800000000,8.7200000000,96927714.0000000000,112323.0000000000,-0.0046000000,0.9692771400,东方财富沪深京A股延迟行情直连,2026-08-25
300907,康平科技,48.8400000000,51.5200000000,96912568.0000000000,19736.0000000000,-0.0520000000,0.9691256800,东方财富沪深京A股延迟行情直连,2026-08-25
301059,金三江,12.4000000000,11.3000000000,96613875.3799999952,76734.0000000000,0.0973000000,0.9661387538,东方财富沪深京A股延迟行情直连,2026-08-25
600298,安琪酵母,41.1800000000,40.5700000000,96489813.0000000000,23404.0000000000,0.0150000000,0.9648981300,东方财富沪深京A股延迟行情直连,2026-08-25
002236,大华股份,16.0800000000,16.1000000000,96466405.7399999946,60170.0000000000,-0.0012000000,0.9646640574,东方财富沪深京A股延迟行情直连,2026-08-25
688416,恒烁股份,70.9200000000,72.8700000000,96223865.0000000000,13669.0000000000,-0.0268000000,0.9622386500,东方财富沪深京A股延迟行情直连,2026-08-25
688279,峰岹科技,175.1400000000,179.1200000000,96150000.0000000000,5471.0000000000,-0.0222000000,0.9615000000,东方财富沪深京A股延迟行情直连,2026-08-25
601901,方正证券,6.6700000000,6.6500000000,96141321.0000000000,143921.0000000000,0.0030000000,0.9614132100,东方财富沪深京A股延迟行情直连,2026-08-25
300497,富祥股份,16.6800000000,17.0200000000,95969720.1500000060,57661.0000000000,-0.0200000000,0.9596972015,东方财富沪深京A股延迟行情直连,2026-08-25
000558,天府文旅,3.5600000000,3.3800000000,95879387.0000000000,271866.0000000000,0.0533000000,0.9587938700,东方财富沪深京A股延迟行情直连,2026-08-25
002045,国光电器,8.8500000000,8.8000000000,95875503.2199999988,108757.0000000000,0.0057000000,0.9587550322,东方财富沪深京A股延迟行情直连,2026-08-25
002064,华峰化学,11.3700000000,11.3900000000,95834761.0000000000,84488.0000000000,-0.0018000000,0.9583476100,东方财富沪深京A股延迟行情直连,2026-08-25
300065,海兰信,14.7600000000,14.7300000000,95764221.1700000018,65560.0000000000,0.0020000000,0.9576422117,东方财富沪深京A股延迟行情直连,2026-08-25
603806,福斯特,15.1700000000,15.2100000000,95680185.0000000000,63380.0000000000,-0.0026000000,0.9568018500,东方财富沪深京A股延迟行情直连,2026-08-25
601868,中国能建,2.5100000000,2.5000000000,95669553.0000000000,382980.0000000000,0.0040000000,0.9566955300,东方财富沪深京A股延迟行情直连,2026-08-25
600733,北汽蓝谷,4.9200000000,4.9600000000,95625746.0000000000,193970.0000000000,-0.0081000000,0.9562574600,东方财富沪深京A股延迟行情直连,2026-08-25
600458,时代新材,11.4500000000,11.7200000000,95572007.0000000000,83379.0000000000,-0.0230000000,0.9557200700,东方财富沪深京A股延迟行情直连,2026-08-25
300035,中科电气,13.2700000000,13.6300000000,95541890.6500000060,71573.0000000000,-0.0264000000,0.9554189065,东方财富沪深京A股延迟行情直连,2026-08-25
002083,孚日股份,10.1300000000,10.3900000000,95390327.0000000000,94004.0000000000,-0.0250000000,0.9539032700,东方财富沪深京A股延迟行情直连,2026-08-25
688387,信科移动-U,12.1900000000,12.3000000000,95300092.0000000000,78699.0000000000,-0.0089000000,0.9530009200,东方财富沪深京A股延迟行情直连,2026-08-25
301580,爱迪特,49.3800000000,48.9600000000,95231421.4800000042,19459.0000000000,0.0086000000,0.9523142148,东方财富沪深京A股延迟行情直连,2026-08-25
688728,格科微,14.8300000000,15.2800000000,95131798.0000000000,64100.0000000000,-0.0295000000,0.9513179800,东方财富沪深京A股延迟行情直连,2026-08-25
002333,罗普斯金,5.6000000000,5.2700000000,94993800.5300000012,174271.0000000000,0.0626000000,0.9499380053,东方财富沪深京A股延迟行情直连,2026-08-25
601995,中金公司,33.5100000000,33.6200000000,94906690.0000000000,28218.0000000000,-0.0033000000,0.9490669000,东方财富沪深京A股延迟行情直连,2026-08-25
002860,星帅尔,15.3500000000,15.6600000000,94869315.3100000024,61956.0000000000,-0.0198000000,0.9486931531,东方财富沪深京A股延迟行情直连,2026-08-25
600529,山东药玻,19.1800000000,18.7200000000,94869103.0000000000,49763.0000000000,0.0246000000,0.9486910300,东方财富沪深京A股延迟行情直连,2026-08-25
000923,河钢资源,15.4300000000,15.7100000000,94833905.4899999946,60758.0000000000,-0.0178000000,0.9483390549,东方财富沪深京A股延迟行情直连,2026-08-25
600348,华阳股份,9.1000000000,9.0800000000,94656952.0000000000,103905.0000000000,0.0022000000,0.9465695200,东方财富沪深京A股延迟行情直连,2026-08-25
300283,温州宏丰,12.7700000000,12.9800000000,94599689.0000000000,74780.0000000000,-0.0162000000,0.9459968900,东方财富沪深京A股延迟行情直连,2026-08-25
603233,大参林,18.2200000000,17.3600000000,94567064.0000000000,52470.0000000000,0.0495000000,0.9456706400,东方财富沪深京A股延迟行情直连,2026-08-25
603912,佳力图,8.7500000000,8.2500000000,94152480.0000000000,110961.0000000000,0.0606000000,0.9415248000,东方财富沪深京A股延迟行情直连,2026-08-25
600619,海立股份,14.2100000000,14.2700000000,93918794.0000000000,65720.0000000000,-0.0042000000,0.9391879400,东方财富沪深京A股延迟行情直连,2026-08-25
301421,波长光电,74.2000000000,76.5500000000,93807336.5499999970,12670.0000000000,-0.0307000000,0.9380733655,东方财富沪深京A股延迟行情直连,2026-08-25
002092,中泰化学,4.4700000000,4.4300000000,93605466.0000000000,209320.0000000000,0.0090000000,0.9360546600,东方财富沪深京A股延迟行情直连,2026-08-25
603519,立霸股份,16.9000000000,16.8200000000,93546724.0000000000,56602.0000000000,0.0048000000,0.9354672400,东方财富沪深京A股延迟行情直连,2026-08-25
600410,华胜天成,12.9500000000,12.9800000000,93293604.0000000000,72684.0000000000,-0.0023000000,0.9329360400,东方财富沪深京A股延迟行情直连,2026-08-25
600506,统一股份,15.1700000000,15.5300000000,93253025.0000000000,61546.0000000000,-0.0232000000,0.9325302500,东方财富沪深京A股延迟行情直连,2026-08-25
300487,蓝晓科技,61.0800000000,63.2400000000,93222346.0000000000,15199.0000000000,-0.0342000000,0.9322234600,东方财富沪深京A股延迟行情直连,2026-08-25
920799,艾融软件,32.0800000000,29.8800000000,93141142.8199999928,29837.0000000000,0.0736000000,0.9314114282,东方财富沪深京A股延迟行情直连,2026-08-25
605599,菜百股份,16.8700000000,17.1000000000,93011253.0000000000,54257.0000000000,-0.0135000000,0.9301125300,东方财富沪深京A股延迟行情直连,2026-08-25
301656,联合动力,14.8900000000,16.4300000000,92992643.7199999988,62278.0000000000,-0.0937000000,0.9299264372,东方财富沪深京A股延迟行情直连,2026-08-25
300929,华骐环保,16.4800000000,16.2600000000,92962414.5999999940,54918.0000000000,0.0135000000,0.9296241460,东方财富沪深京A股延迟行情直连,2026-08-25
603402,陕西旅游,64.6000000000,62.1600000000,92926279.0000000000,14427.0000000000,0.0393000000,0.9292627900,东方财富沪深京A股延迟行情直连,2026-08-25
301238,瑞泰新材,15.7900000000,16.4400000000,92912187.0000000000,58130.0000000000,-0.0395000000,0.9291218700,东方财富沪深京A股延迟行情直连,2026-08-25
300353,东土科技,18.5600000000,18.6500000000,92826003.2000000030,50777.0000000000,-0.0048000000,0.9282600320,东方财富沪深京A股延迟行情直连,2026-08-25
000034,神州数码,23.0200000000,22.9900000000,92709932.6099999994,40674.0000000000,0.0013000000,0.9270993261,东方财富沪深京A股延迟行情直连,2026-08-25
002400,省广集团,6.4100000000,6.3400000000,92684777.8900000006,145398.0000000000,0.0110000000,0.9268477789,东方财富沪深京A股延迟行情直连,2026-08-25
600115,中国东航,3.4800000000,3.4800000000,92564392.0000000000,266225.0000000000,0.0000000000,0.9256439200,东方财富沪深京A股延迟行情直连,2026-08-25
603267,鸿远电子,46.1600000000,46.8000000000,92552255.0000000000,20198.0000000000,-0.0137000000,0.9255225500,东方财富沪深京A股延迟行情直连,2026-08-25
601108,财通证券,8.3500000000,8.3800000000,92500152.0000000000,110432.0000000000,-0.0036000000,0.9250015200,东方财富沪深京A股延迟行情直连,2026-08-25
920403,康农种业,21.2100000000,19.8900000000,92432201.9399999976,43386.0000000000,0.0664000000,0.9243220194,东方财富沪深京A股延迟行情直连,2026-08-25
600060,海信视像,25.9900000000,25.3000000000,92415100.0000000000,35704.0000000000,0.0273000000,0.9241510000,东方财富沪深京A股延迟行情直连,2026-08-25
002895,川恒股份,32.3700000000,33.0100000000,92197709.0000000000,28243.0000000000,-0.0194000000,0.9219770900,东方财富沪深京A股延迟行情直连,2026-08-25
301316,慧博云通,37.8900000000,37.5500000000,92047125.9800000042,24555.0000000000,0.0091000000,0.9204712598,东方财富沪深京A股延迟行情直连,2026-08-25
300785,值得买,33.1400000000,34.4700000000,91992492.0000000000,27832.0000000000,-0.0386000000,0.9199249200,东方财富沪深京A股延迟行情直连,2026-08-25
603099,长白山,38.8500000000,38.4900000000,91834250.0000000000,23621.0000000000,0.0094000000,0.9183425000,东方财富沪深京A股延迟行情直连,2026-08-25
000970,中科三环,12.1200000000,12.0900000000,91545054.4399999976,75420.0000000000,0.0025000000,0.9154505444,东方财富沪深京A股延迟行情直连,2026-08-25
688669,聚石化学,74.9100000000,75.7000000000,91522796.0000000000,12198.0000000000,-0.0104000000,0.9152279600,东方财富沪深京A股延迟行情直连,2026-08-25
688047,龙芯中科,102.2000000000,102.7300000000,91508619.0000000000,9012.0000000000,-0.0052000000,0.9150861900,东方财富沪深京A股延迟行情直连,2026-08-25
002033,丽江股份,9.1000000000,8.9500000000,91396503.5100000054,100521.0000000000,0.0168000000,0.9139650351,东方财富沪深京A股延迟行情直连,2026-08-25
301599,理奇智能,33.8200000000,35.3700000000,91217143.0000000000,26666.0000000000,-0.0438000000,0.9121714300,东方财富沪深京A股延迟行情直连,2026-08-25
002079,苏州固锝,9.1600000000,9.3800000000,91043801.0000000000,100095.0000000000,-0.0235000000,0.9104380100,东方财富沪深京A股延迟行情直连,2026-08-25
300383,光环新网,12.1300000000,12.1200000000,90851909.5300000012,75365.0000000000,0.0008000000,0.9085190953,东方财富沪深京A股延迟行情直连,2026-08-25
300522,世名科技,13.2700000000,13.6500000000,90814816.0000000000,68984.0000000000,-0.0278000000,0.9081481600,东方财富沪深京A股延迟行情直连,2026-08-25
301191,菲菱科思,85.9700000000,87.6100000000,90747063.9899999946,10663.0000000000,-0.0187000000,0.9074706399,东方财富沪深京A股延迟行情直连,2026-08-25
000423,东阿阿胶,48.3900000000,48.0000000000,90641473.8799999952,18723.0000000000,0.0081000000,0.9064147388,东方财富沪深京A股延迟行情直连,2026-08-25
688068,热景生物,96.7000000000,99.2900000000,90640694.0000000000,9373.0000000000,-0.0261000000,0.9064069400,东方财富沪深京A股延迟行情直连,2026-08-25
688400,凌云光,45.5600000000,45.9000000000,90515095.0000000000,20074.0000000000,-0.0074000000,0.9051509500,东方财富沪深京A股延迟行情直连,2026-08-25
688727,恒坤新材,47.0000000000,49.5900000000,90407994.0000000000,19195.0000000000,-0.0522000000,0.9040799400,东方财富沪深京A股延迟行情直连,2026-08-25
000596,古井贡酒,90.5000000000,90.6500000000,90255856.0000000000,9911.0000000000,-0.0017000000,0.9025585600,东方财富沪深京A股延迟行情直连,2026-08-25
300942,易瑞生物,6.7900000000,6.9800000000,90129874.0000000000,130793.0000000000,-0.0272000000,0.9012987400,东方财富沪深京A股延迟行情直连,2026-08-25
300552,万集科技,20.9600000000,20.0000000000,90095483.7999999970,44116.0000000000,0.0480000000,0.9009548380,东方财富沪深京A股延迟行情直连,2026-08-25
600571,信雅达,10.9900000000,10.3600000000,90060868.0000000000,84189.0000000000,0.0608000000,0.9006086800,东方财富沪深京A股延迟行情直连,2026-08-25
600104,上汽集团,10.2100000000,10.1900000000,89774096.0000000000,87665.0000000000,0.0020000000,0.8977409600,东方财富沪深京A股延迟行情直连,2026-08-25
300951,博硕科技,67.6400000000,68.4100000000,89415253.4000000060,13196.0000000000,-0.0113000000,0.8941525340,东方财富沪深京A股延迟行情直连,2026-08-25
300003,乐普医疗,11.8200000000,11.7100000000,89368021.0000000000,75510.0000000000,0.0094000000,0.8936802100,东方财富沪深京A股延迟行情直连,2026-08-25
600048,保利发展,5.0800000000,5.0600000000,89337007.0000000000,175829.0000000000,0.0040000000,0.8933700700,东方财富沪深京A股延迟行情直连,2026-08-25
001326,联域股份,65.1200000000,64.3500000000,89312883.0000000000,13991.0000000000,0.0120000000,0.8931288300,东方财富沪深京A股延迟行情直连,2026-08-25
600379,宝光股份,14.5700000000,14.6500000000,89260800.0000000000,61504.0000000000,-0.0055000000,0.8926080000,东方财富沪深京A股延迟行情直连,2026-08-25
300861,美畅股份,16.0900000000,16.6300000000,89006873.0799999982,55321.0000000000,-0.0325000000,0.8900687308,东方财富沪深京A股延迟行情直连,2026-08-25
300520,科大国创,22.2400000000,23.3500000000,88954635.9500000030,39923.0000000000,-0.0475000000,0.8895463595,东方财富沪深京A股延迟行情直连,2026-08-25
002440,闰土股份,12.2300000000,12.4000000000,88794619.2399999946,72463.0000000000,-0.0137000000,0.8879461924,东方财富沪深京A股延迟行情直连,2026-08-25
600203,福日电子,10.1300000000,9.8600000000,88697572.0000000000,88558.0000000000,0.0274000000,0.8869757200,东方财富沪深京A股延迟行情直连,2026-08-25
300573,兴齐眼药,39.5000000000,38.5200000000,88632249.1899999976,22737.0000000000,0.0254000000,0.8863224919,东方财富沪深京A股延迟行情直连,2026-08-25
001314,亿道信息,51.5000000000,52.5000000000,88429844.0000000000,17121.0000000000,-0.0190000000,0.8842984400,东方财富沪深京A股延迟行情直连,2026-08-25
601665,齐鲁银行,6.6000000000,6.5600000000,88354307.0000000000,134417.0000000000,0.0061000000,0.8835430700,东方财富沪深京A股延迟行情直连,2026-08-25
600395,盘江股份,5.5900000000,5.5000000000,88194831.0000000000,158875.0000000000,0.0164000000,0.8819483100,东方财富沪深京A股延迟行情直连,2026-08-25
000059,华锦股份,4.7700000000,4.6600000000,88188100.1299999952,186053.0000000000,0.0236000000,0.8818810013,东方财富沪深京A股延迟行情直连,2026-08-25
603725,天安新材,12.0600000000,11.5600000000,88114037.0000000000,73784.0000000000,0.0433000000,0.8811403700,东方财富沪深京A股延迟行情直连,2026-08-25
600312,平高电气,20.1000000000,20.1800000000,88088673.0000000000,43807.0000000000,-0.0040000000,0.8808867300,东方财富沪深京A股延迟行情直连,2026-08-25
688608,恒玄科技,104.6100000000,102.3800000000,88030337.0000000000,8568.0000000000,0.0218000000,0.8803033700,东方财富沪深京A股延迟行情直连,2026-08-25
603203,快克智能,41.6500000000,42.8500000000,88025574.0000000000,21114.0000000000,-0.0280000000,0.8802557400,东方财富沪深京A股延迟行情直连,2026-08-25
000020,深华发Ａ,12.0600000000,12.3000000000,87988165.5000000000,73467.0000000000,-0.0195000000,0.8798816550,东方财富沪深京A股延迟行情直连,2026-08-25
688203,海正生材,12.5700000000,11.4400000000,87914382.0000000000,70646.0000000000,0.0988000000,0.8791438200,东方财富沪深京A股延迟行情直连,2026-08-25
600838,上海九百,8.0200000000,7.2900000000,87903504.0000000000,111639.0000000000,0.1001000000,0.8790350400,东方财富沪深京A股延迟行情直连,2026-08-25
600316,洪都航空,28.5400000000,29.1100000000,87836348.0000000000,30510.0000000000,-0.0196000000,0.8783634800,东方财富沪深京A股延迟行情直连,2026-08-25
001227,兰州银行,2.1500000000,2.1200000000,87726964.7999999970,409479.0000000000,0.0142000000,0.8772696480,东方财富沪深京A股延迟行情直连,2026-08-25
688813,泰金新能,105.7500000000,110.1000000000,87663066.0000000000,8339.0000000000,-0.0395000000,0.8766306600,东方财富沪深京A股延迟行情直连,2026-08-25
002139,拓邦股份,9.7200000000,9.3900000000,87578247.2600000054,90684.0000000000,0.0351000000,0.8757824726,东方财富沪深京A股延迟行情直连,2026-08-25
688208,道通科技,25.2900000000,24.5700000000,87554649.0000000000,34919.0000000000,0.0293000000,0.8755464900,东方财富沪深京A股延迟行情直连,2026-08-25
000949,新乡化纤,7.0100000000,6.9500000000,87278630.7999999970,125769.0000000000,0.0086000000,0.8727863080,东方财富沪深京A股延迟行情直连,2026-08-25
002128,电投能源,27.2100000000,27.5800000000,87275722.7999999970,31796.0000000000,-0.0134000000,0.8727572280,东方财富沪深京A股延迟行情直连,2026-08-25
002965,祥鑫科技,29.8600000000,29.8800000000,87196713.1200000048,29589.0000000000,-0.0007000000,0.8719671312,东方财富沪深京A股延迟行情直连,2026-08-25
603918,金桥信息,10.7400000000,10.3400000000,87076189.0000000000,82364.0000000000,0.0387000000,0.8707618900,东方财富沪深京A股延迟行情直连,2026-08-25
000995,皇台酒业,11.1800000000,10.9000000000,87053828.7399999946,78812.0000000000,0.0257000000,0.8705382874,东方财富沪深京A股延迟行情直连,2026-08-25
603392,万泰生物,27.5300000000,28.0900000000,86866656.0000000000,31339.0000000000,-0.0199000000,0.8686665600,东方财富沪深京A股延迟行情直连,2026-08-25
600595,中孚实业,6.1200000000,6.1900000000,86841577.0000000000,141475.0000000000,-0.0113000000,0.8684157700,东方财富沪深京A股延迟行情直连,2026-08-25
002469,三维化学,6.4800000000,6.7800000000,86592705.7600000054,133212.0000000000,-0.0442000000,0.8659270576,东方财富沪深京A股延迟行情直连,2026-08-25
001283,豪鹏科技,42.5800000000,45.2500000000,86439003.3100000024,19986.0000000000,-0.0590000000,0.8643900331,东方财富沪深京A股延迟行情直连,2026-08-25
000533,顺钠股份,10.4800000000,10.5800000000,86398221.0699999928,83247.0000000000,-0.0095000000,0.8639822107,东方财富沪深京A股延迟行情直连,2026-08-25
300735,光弘科技,19.4000000000,19.5800000000,86262158.3199999928,44782.0000000000,-0.0092000000,0.8626215832,东方财富沪深京A股延迟行情直连,2026-08-25
688112,鼎阳科技,67.1500000000,68.2100000000,86210465.0000000000,13000.0000000000,-0.0155000000,0.8621046500,东方财富沪深京A股延迟行情直连,2026-08-25
688818,电科蓝天,44.1000000000,44.7200000000,86171505.0000000000,19756.0000000000,-0.0139000000,0.8617150500,东方财富沪深京A股延迟行情直连,2026-08-25
600449,宁夏建材,12.9800000000,13.2100000000,86076529.0000000000,66192.0000000000,-0.0174000000,0.8607652900,东方财富沪深京A股延迟行情直连,2026-08-25
603596,伯特利,25.4500000000,25.7500000000,86042492.0000000000,33896.0000000000,-0.0117000000,0.8604249200,东方财富沪深京A股延迟行情直连,2026-08-25
002209,达 意 隆,13.2700000000,12.9000000000,86036713.5000000000,66427.0000000000,0.0287000000,0.8603671350,东方财富沪深京A股延迟行情直连,2026-08-25
002824,和胜股份,23.6200000000,23.9800000000,85914380.0000000000,36317.0000000000,-0.0150000000,0.8591438000,东方财富沪深京A股延迟行情直连,2026-08-25
300996,普联软件,13.9000000000,14.0900000000,85804764.4000000060,61970.0000000000,-0.0135000000,0.8580476440,东方财富沪深京A股延迟行情直连,2026-08-25
600881,亚泰集团,1.8900000000,1.8700000000,85775875.0000000000,455625.0000000000,0.0107000000,0.8577587500,东方财富沪深京A股延迟行情直连,2026-08-25
300170,汉得信息,14.9400000000,15.0200000000,85711586.2999999970,57641.0000000000,-0.0053000000,0.8571158630,东方财富沪深京A股延迟行情直连,2026-08-25
920571,国航远洋,9.1500000000,9.2000000000,85673086.3799999952,93529.0000000000,-0.0054000000,0.8567308638,东方财富沪深京A股延迟行情直连,2026-08-25
601778,晶科科技,3.5700000000,3.5900000000,85655547.0000000000,241301.0000000000,-0.0056000000,0.8565554700,东方财富沪深京A股延迟行情直连,2026-08-25
300846,首都在线,18.1800000000,18.3300000000,85644645.7500000000,47509.0000000000,-0.0082000000,0.8564464575,东方财富沪深京A股延迟行情直连,2026-08-25
002052,同洲电子,8.7000000000,9.0800000000,85599837.0000000000,96990.0000000000,-0.0419000000,0.8559983700,东方财富沪深京A股延迟行情直连,2026-08-25
920038,森合高科,37.1100000000,39.3000000000,85474671.7000000030,22432.0000000000,-0.0557000000,0.8547467170,东方财富沪深京A股延迟行情直连,2026-08-25
600572,康恩贝,4.2700000000,4.2100000000,85391070.0000000000,200981.0000000000,0.0143000000,0.8539107000,东方财富沪深京A股延迟行情直连,2026-08-25
300674,宇信科技,15.6600000000,15.1600000000,85188419.1800000072,55373.0000000000,0.0330000000,0.8518841918,东方财富沪深京A股延迟行情直连,2026-08-25
603716,塞力医疗,15.2000000000,15.0700000000,85049508.0000000000,55934.0000000000,0.0086000000,0.8504950800,东方财富沪深京A股延迟行情直连,2026-08-25
000799,酒鬼酒,38.8800000000,38.3700000000,84974172.9599999934,21997.0000000000,0.0133000000,0.8497417296,东方财富沪深京A股延迟行情直连,2026-08-25
688031,星环科技-U,99.2200000000,102.1900000000,84958392.0000000000,8556.0000000000,-0.0291000000,0.8495839200,东方财富沪深京A股延迟行情直连,2026-08-25
301379,天山电子,21.0900000000,21.5000000000,84929582.7999999970,40588.0000000000,-0.0191000000,0.8492958280,东方财富沪深京A股延迟行情直连,2026-08-25
300901,中胤时尚,17.2900000000,19.1000000000,84904399.0000000000,50296.0000000000,-0.0948000000,0.8490439900,东方财富沪深京A股延迟行情直连,2026-08-25
002031,巨轮智能,5.0500000000,5.0300000000,84894960.2800000012,169712.0000000000,0.0040000000,0.8489496028,东方财富沪深京A股延迟行情直连,2026-08-25
000672,上峰材料,13.7100000000,14.0500000000,84878484.5100000054,61920.0000000000,-0.0242000000,0.8487848451,东方财富沪深京A股延迟行情直连,2026-08-25
300409,道氏技术,18.2100000000,18.4700000000,84865322.3100000024,46627.0000000000,-0.0141000000,0.8486532231,东方财富沪深京A股延迟行情直连,2026-08-25
688138,清溢光电,32.8800000000,34.2100000000,84834308.0000000000,26043.0000000000,-0.0389000000,0.8483430800,东方财富沪深京A股延迟行情直连,2026-08-25
300144,宋城演艺,5.8900000000,5.8000000000,84772854.9399999976,144303.0000000000,0.0155000000,0.8477285494,东方财富沪深京A股延迟行情直连,2026-08-25
002984,森麒麟,14.3400000000,14.1100000000,84662554.0499999970,59015.0000000000,0.0163000000,0.8466255405,东方财富沪深京A股延迟行情直连,2026-08-25
001331,胜通能源,42.3000000000,43.6700000000,84626268.5499999970,19913.0000000000,-0.0314000000,0.8462626855,东方财富沪深京A股延迟行情直连,2026-08-25
002881,美格智能,38.8300000000,39.9600000000,84598821.0199999958,21644.0000000000,-0.0283000000,0.8459882102,东方财富沪深京A股延迟行情直连,2026-08-25
300938,信测标准,26.6800000000,27.5500000000,84559842.1400000006,31798.0000000000,-0.0316000000,0.8455984214,东方财富沪深京A股延迟行情直连,2026-08-25
002865,钧达股份,39.1200000000,39.8000000000,84492201.1599999964,21728.0000000000,-0.0171000000,0.8449220116,东方财富沪深京A股延迟行情直连,2026-08-25
002405,四维图新,6.3900000000,6.2800000000,84357072.8199999928,133095.0000000000,0.0175000000,0.8435707282,东方财富沪深京A股延迟行情直连,2026-08-25
301070,开勒股份,61.7800000000,64.6700000000,84312547.7500000000,13703.0000000000,-0.0447000000,0.8431254775,东方财富沪深京A股延迟行情直连,2026-08-25
301449,天溯计量,43.8700000000,44.3500000000,84290472.4000000060,19182.0000000000,-0.0108000000,0.8429047240,东方财富沪深京A股延迟行情直连,2026-08-25
688478,晶升股份,46.3300000000,48.0500000000,84089878.0000000000,18234.0000000000,-0.0358000000,0.8408987800,东方财富沪深京A股延迟行情直连,2026-08-25
002555,三七互娱,18.4500000000,18.4000000000,84049925.9200000018,45601.0000000000,0.0027000000,0.8404992592,东方财富沪深京A股延迟行情直连,2026-08-25
600977,中国电影,12.0700000000,11.9400000000,83705253.0000000000,69381.0000000000,0.0109000000,0.8370525300,东方财富沪深京A股延迟行情直连,2026-08-25
600570,恒生电子,21.2100000000,21.1400000000,83669566.0000000000,39608.0000000000,0.0033000000,0.8366956600,东方财富沪深京A股延迟行情直连,2026-08-25
301707,展芯股份,77.6800000000,78.4200000000,83596726.6599999964,10780.0000000000,-0.0094000000,0.8359672666,东方财富沪深京A股延迟行情直连,2026-08-25
002936,郑州银行,1.7600000000,1.7700000000,83582323.2199999988,473436.0000000000,-0.0056000000,0.8358232322,东方财富沪深京A股延迟行情直连,2026-08-25
301008,宏昌科技,36.8600000000,38.0700000000,83431083.2000000030,22663.0000000000,-0.0318000000,0.8343108320,东方财富沪深京A股延迟行情直连,2026-08-25
300711,广哈通信,18.4100000000,19.1800000000,83426764.0000000000,45699.0000000000,-0.0401000000,0.8342676400,东方财富沪深京A股延迟行情直连,2026-08-25
002266,浙富控股,4.7700000000,4.8600000000,83393046.0000000000,173953.0000000000,-0.0185000000,0.8339304600,东方财富沪深京A股延迟行情直连,2026-08-25
688221,前沿生物-U,18.8200000000,19.1600000000,83203760.0000000000,44381.0000000000,-0.0177000000,0.8320376000,东方财富沪深京A股延迟行情直连,2026-08-25
300171,东富龙,13.8600000000,13.7700000000,83115474.7000000030,60468.0000000000,0.0065000000,0.8311547470,东方财富沪深京A股延迟行情直连,2026-08-25
688301,奕瑞科技,96.1000000000,97.1500000000,83040362.0000000000,8693.0000000000,-0.0108000000,0.8304036200,东方财富沪深京A股延迟行情直连,2026-08-25
920344,三元基因,24.4400000000,24.6000000000,82989946.4899999946,34629.0000000000,-0.0065000000,0.8298994649,东方财富沪深京A股延迟行情直连,2026-08-25
300201,海伦哲,14.1800000000,14.3000000000,82898716.0000000000,59333.0000000000,-0.0084000000,0.8289871600,东方财富沪深京A股延迟行情直连,2026-08-25
301106,骏成科技,20.9500000000,20.8600000000,82856366.7500000000,40950.0000000000,0.0043000000,0.8285636675,东方财富沪深京A股延迟行情直连,2026-08-25
603319,美湖股份,25.0100000000,25.4500000000,82757775.0000000000,33319.0000000000,-0.0173000000,0.8275777500,东方财富沪深京A股延迟行情直连,2026-08-25
301248,杰创智能,58.8200000000,59.4900000000,82741506.0000000000,14188.0000000000,-0.0113000000,0.8274150600,东方财富沪深京A股延迟行情直连,2026-08-25
603369,今世缘,27.8500000000,27.7800000000,82738437.0000000000,29728.0000000000,0.0025000000,0.8273843700,东方财富沪深京A股延迟行情直连,2026-08-25
301090,华润材料,6.8400000000,7.0200000000,82703800.5000000000,120374.0000000000,-0.0256000000,0.8270380050,东方财富沪深京A股延迟行情直连,2026-08-25
002559,亚威股份,9.0300000000,9.2200000000,82577592.0000000000,92599.0000000000,-0.0206000000,0.8257759200,东方财富沪深京A股延迟行情直连,2026-08-25
600593,大连圣亚,40.0200000000,39.1600000000,82440829.0000000000,20651.0000000000,0.0220000000,0.8244082900,东方财富沪深京A股延迟行情直连,2026-08-25
603988,中电电机,20.3700000000,20.7600000000,82387492.0000000000,39867.0000000000,-0.0188000000,0.8238749200,东方财富沪深京A股延迟行情直连,2026-08-25
002299,圣农发展,16.2800000000,15.9700000000,82265594.0000000000,50779.0000000000,0.0194000000,0.8226559400,东方财富沪深京A股延迟行情直连,2026-08-25
603529,爱玛科技,21.2300000000,21.8000000000,82248886.0000000000,38379.0000000000,-0.0261000000,0.8224888600,东方财富沪深京A股延迟行情直连,2026-08-25
301012,扬电科技,23.3400000000,24.8000000000,82185920.2900000066,35020.0000000000,-0.0589000000,0.8218592029,东方财富沪深京A股延迟行情直连,2026-08-25
002170,芭田股份,11.2600000000,11.1200000000,82179614.0000000000,72930.0000000000,0.0126000000,0.8217961400,东方财富沪深京A股延迟行情直连,2026-08-25
002583,海能达,8.3800000000,8.2200000000,82139746.0000000000,98436.0000000000,0.0195000000,0.8213974600,东方财富沪深京A股延迟行情直连,2026-08-25
000727,冠捷科技,2.2300000000,2.1700000000,82043665.4800000042,371705.0000000000,0.0276000000,0.8204366548,东方财富沪深京A股延迟行情直连,2026-08-25
688006,杭可科技,21.8700000000,22.4400000000,81996016.0000000000,37475.0000000000,-0.0254000000,0.8199601600,东方财富沪深京A股延迟行情直连,2026-08-25
300864,南大环境,24.9400000000,25.6900000000,81899568.7000000030,32517.0000000000,-0.0292000000,0.8189956870,东方财富沪深京A股延迟行情直连,2026-08-25
301398,星源卓镁,33.0000000000,31.2900000000,81889873.7000000030,24947.0000000000,0.0547000000,0.8188987370,东方财富沪深京A股延迟行情直连,2026-08-25
301201,诚达药业,34.2000000000,34.4300000000,81792183.4699999988,24000.0000000000,-0.0067000000,0.8179218347,东方财富沪深京A股延迟行情直连,2026-08-25
300909,汇创达,52.8000000000,53.4900000000,81744594.2000000030,15718.0000000000,-0.0129000000,0.8174459420,东方财富沪深京A股延迟行情直连,2026-08-25
600540,新赛股份,4.1100000000,4.0500000000,81627365.0000000000,197979.0000000000,0.0148000000,0.8162736500,东方财富沪深京A股延迟行情直连,2026-08-25
002649,博彦科技,9.7500000000,9.4200000000,81583084.4000000060,84592.0000000000,0.0350000000,0.8158308440,东方财富沪深京A股延迟行情直连,2026-08-25
000559,万向钱潮,11.0000000000,10.8400000000,81523220.0799999982,74568.0000000000,0.0148000000,0.8152322008,东方财富沪深京A股延迟行情直连,2026-08-25
300624,万兴科技,46.7200000000,47.1400000000,81490708.0000000000,17501.0000000000,-0.0089000000,0.8149070800,东方财富沪深京A股延迟行情直连,2026-08-25
300024,机器人,14.3500000000,14.2600000000,81385735.2999999970,57025.0000000000,0.0063000000,0.8138573530,东方财富沪深京A股延迟行情直连,2026-08-25
002635,安洁科技,15.1000000000,15.4000000000,81382029.0000000000,54265.0000000000,-0.0195000000,0.8138202900,东方财富沪深京A股延迟行情直连,2026-08-25
600475,华光环能,14.9700000000,14.5500000000,81352537.0000000000,55003.0000000000,0.0289000000,0.8135253700,东方财富沪深京A股延迟行情直连,2026-08-25
300061,旗天科技,5.8700000000,6.1100000000,81213059.1599999964,141054.0000000000,-0.0393000000,0.8121305916,东方财富沪深京A股延迟行情直连,2026-08-25
002637,赞宇科技,11.1900000000,11.3300000000,81136529.0000000000,71869.0000000000,-0.0124000000,0.8113652900,东方财富沪深京A股延迟行情直连,2026-08-25
601216,君正集团,4.4800000000,4.4200000000,81077790.0000000000,181675.0000000000,0.0136000000,0.8107779000,东方财富沪深京A股延迟行情直连,2026-08-25
300400,劲拓股份,27.1600000000,27.9700000000,80892812.2199999988,30062.0000000000,-0.0290000000,0.8089281222,东方财富沪深京A股延迟行情直连,2026-08-25
002036,联创电子,6.6200000000,6.5200000000,80838058.7999999970,124083.0000000000,0.0153000000,0.8083805880,东方财富沪深京A股延迟行情直连,2026-08-25
300618,寒锐钴业,34.1200000000,35.0800000000,80691709.6500000060,23452.0000000000,-0.0274000000,0.8069170965,东方财富沪深京A股延迟行情直连,2026-08-25
002683,广东宏大,29.5500000000,29.3200000000,80679985.5600000024,27610.0000000000,0.0078000000,0.8067998556,东方财富沪深京A股延迟行情直连,2026-08-25
301051,信濠光电,17.7800000000,18.1700000000,80578417.0000000000,45285.0000000000,-0.0215000000,0.8057841700,东方财富沪深京A股延迟行情直连,2026-08-25
000875,电投绿能,4.9400000000,5.0400000000,80518240.0000000000,162281.0000000000,-0.0198000000,0.8051824000,东方财富沪深京A股延迟行情直连,2026-08-25
603337,杰克科技,38.2300000000,36.9200000000,80337078.0000000000,21446.0000000000,0.0355000000,0.8033707800,东方财富沪深京A股延迟行情直连,2026-08-25
002182,宝武镁业,11.8000000000,11.5000000000,80326976.0000000000,68991.0000000000,0.0261000000,0.8032697600,东方财富沪深京A股延迟行情直连,2026-08-25
603119,浙江荣泰,49.3300000000,50.1300000000,80253100.0000000000,16306.0000000000,-0.0160000000,0.8025310000,东方财富沪深京A股延迟行情直连,2026-08-25
000612,焦作万方,10.9900000000,11.1100000000,80076360.4000000060,72394.0000000000,-0.0108000000,0.8007636040,东方财富沪深京A股延迟行情直连,2026-08-25
600335,国机汽车,5.1800000000,5.0400000000,80054724.0000000000,155527.0000000000,0.0278000000,0.8005472400,东方财富沪深京A股延迟行情直连,2026-08-25
002966,苏州银行,8.6700000000,8.7000000000,80034398.5600000024,91770.0000000000,-0.0034000000,0.8003439856,东方财富沪深京A股延迟行情直连,2026-08-25
600359,新农开发,6.7200000000,6.5500000000,79798399.0000000000,118108.0000000000,0.0260000000,0.7979839900,东方财富沪深京A股延迟行情直连,2026-08-25
301310,鑫宏业,47.8800000000,49.3100000000,79743480.7999999970,16743.0000000000,-0.0290000000,0.7974348080,东方财富沪深京A股延迟行情直连,2026-08-25
603991,领先股份,129.2700000000,132.2500000000,79610587.0000000000,6218.0000000000,-0.0225000000,0.7961058700,东方财富沪深京A股延迟行情直连,2026-08-25
688238,和元生物,6.8400000000,6.8000000000,79557304.0000000000,118429.0000000000,0.0059000000,0.7955730400,东方财富沪深京A股延迟行情直连,2026-08-25
601838,成都银行,18.7500000000,18.8800000000,79479282.0000000000,42281.0000000000,-0.0069000000,0.7947928200,东方财富沪深京A股延迟行情直连,2026-08-25
920186,中科仪,71.6000000000,74.1200000000,79448214.7800000012,11068.0000000000,-0.0340000000,0.7944821478,东方财富沪深京A股延迟行情直连,2026-08-25
002713,东易日盛,9.5700000000,9.0500000000,79427046.6899999976,86302.0000000000,0.0575000000,0.7942704669,东方财富沪深京A股延迟行情直连,2026-08-25
002627,三峡旅游,7.1800000000,6.5300000000,79340703.5000000000,110791.0000000000,0.0995000000,0.7934070350,东方财富沪深京A股延迟行情直连,2026-08-25
300606,金太阳,34.1900000000,35.7100000000,79322421.0000000000,23374.0000000000,-0.0426000000,0.7932242100,东方财富沪深京A股延迟行情直连,2026-08-25
601696,中银证券,11.5000000000,11.6100000000,79320581.0000000000,68775.0000000000,-0.0095000000,0.7932058100,东方财富沪深京A股延迟行情直连,2026-08-25
301039,中集车辆,8.0400000000,8.2600000000,79297390.9899999946,98581.0000000000,-0.0266000000,0.7929739099,东方财富沪深京A股延迟行情直连,2026-08-25
600958,东方证券,8.9200000000,8.9300000000,79292632.0000000000,88660.0000000000,-0.0011000000,0.7929263200,东方财富沪深京A股延迟行情直连,2026-08-25
300779,惠城环保,65.6200000000,66.5000000000,79136987.5000000000,12026.0000000000,-0.0132000000,0.7913698750,东方财富沪深京A股延迟行情直连,2026-08-25
600808,马钢股份,2.5900000000,2.5500000000,79021546.0000000000,306586.0000000000,0.0157000000,0.7902154600,东方财富沪深京A股延迟行情直连,2026-08-25
000601,韶能股份,6.1200000000,6.1600000000,79003683.5999999940,130402.0000000000,-0.0065000000,0.7900368360,东方财富沪深京A股延迟行情直连,2026-08-25
600029,南方航空,5.0400000000,5.0300000000,78983688.0000000000,156840.0000000000,0.0020000000,0.7898368800,东方财富沪深京A股延迟行情直连,2026-08-25
002948,青岛银行,5.9300000000,6.0000000000,78657943.0000000000,132078.0000000000,-0.0117000000,0.7865794300,东方财富沪深京A股延迟行情直连,2026-08-25
000767,晋控电力,3.4500000000,3.4200000000,78545906.0000000000,229248.0000000000,0.0088000000,0.7854590600,东方财富沪深京A股延迟行情直连,2026-08-25
601133,柏诚股份,24.3900000000,25.2000000000,78524710.0000000000,32336.0000000000,-0.0321000000,0.7852471000,东方财富沪深京A股延迟行情直连,2026-08-25
300841,康华生物,52.4700000000,53.2700000000,78436194.5000000000,14938.0000000000,-0.0150000000,0.7843619450,东方财富沪深京A股延迟行情直连,2026-08-25
002271,东方雨虹,10.8100000000,10.8200000000,78123505.3900000006,72206.0000000000,-0.0009000000,0.7812350539,东方财富沪深京A股延迟行情直连,2026-08-25
601799,星宇股份,82.4700000000,83.6800000000,78091730.0000000000,9480.0000000000,-0.0145000000,0.7809173000,东方财富沪深京A股延迟行情直连,2026-08-25
300827,上能电气,25.4100000000,26.0400000000,78089706.2000000030,30622.0000000000,-0.0242000000,0.7808970620,东方财富沪深京A股延迟行情直连,2026-08-25
688625,呈和科技,51.3400000000,52.9500000000,77849330.0000000000,15258.0000000000,-0.0304000000,0.7784933000,东方财富沪深京A股延迟行情直连,2026-08-25
301631,壹连科技,60.1800000000,60.1200000000,77830041.7099999934,13100.0000000000,0.0010000000,0.7783004171,东方财富沪深京A股延迟行情直连,2026-08-25
600299,安迪苏,8.4400000000,8.3700000000,77694569.0000000000,91906.0000000000,0.0084000000,0.7769456900,东方财富沪深京A股延迟行情直连,2026-08-25
002643,万润股份,12.7300000000,12.9800000000,77599519.2999999970,61271.0000000000,-0.0193000000,0.7759951930,东方财富沪深京A股延迟行情直连,2026-08-25
601128,常熟银行,6.2900000000,6.3100000000,77596149.0000000000,123097.0000000000,-0.0032000000,0.7759614900,东方财富沪深京A股延迟行情直连,2026-08-25
600166,福田汽车,2.8400000000,2.8500000000,77586311.0000000000,273138.0000000000,-0.0035000000,0.7758631100,东方财富沪深京A股延迟行情直连,2026-08-25
000969,安泰科技,16.4400000000,16.5200000000,77503105.0000000000,47288.0000000000,-0.0048000000,0.7750310500,东方财富沪深京A股延迟行情直连,2026-08-25
000733,振华科技,39.1300000000,39.1000000000,77465748.2900000066,19967.0000000000,0.0008000000,0.7746574829,东方财富沪深京A股延迟行情直连,2026-08-25
600674,川投能源,15.5000000000,15.5900000000,77352159.0000000000,49734.0000000000,-0.0058000000,0.7735215900,东方财富沪深京A股延迟行情直连,2026-08-25
000422,湖北宜化,12.3200000000,12.2800000000,77180471.7300000042,62705.0000000000,0.0033000000,0.7718047173,东方财富沪深京A股延迟行情直连,2026-08-25
600380,健康元,9.1800000000,9.3500000000,77171953.0000000000,83465.0000000000,-0.0182000000,0.7717195300,东方财富沪深京A股延迟行情直连,2026-08-25
300967,晓鸣股份,16.7700000000,16.3600000000,77163711.1800000072,46082.0000000000,0.0251000000,0.7716371118,东方财富沪深京A股延迟行情直连,2026-08-25
600589,大位科技,7.3500000000,7.4200000000,77041372.0000000000,105973.0000000000,-0.0094000000,0.7704137200,东方财富沪深京A股延迟行情直连,2026-08-25
603637,镇海股份,13.8500000000,12.7500000000,76926922.0000000000,58112.0000000000,0.0863000000,0.7692692200,东方财富沪深京A股延迟行情直连,2026-08-25
301081,严牌股份,13.7000000000,14.9400000000,76926245.4000000060,53934.0000000000,-0.0830000000,0.7692624540,东方财富沪深京A股延迟行情直连,2026-08-25
688122,西部超导,47.9700000000,47.9000000000,76883185.0000000000,16042.0000000000,0.0015000000,0.7688318500,东方财富沪深京A股延迟行情直连,2026-08-25
002235,安妮股份,8.2100000000,8.0800000000,76795335.0000000000,94575.0000000000,0.0161000000,0.7679533500,东方财富沪深京A股延迟行情直连,2026-08-25
300723,一品红,34.8800000000,34.6100000000,76778823.7999999970,22075.0000000000,0.0078000000,0.7677882380,东方财富沪深京A股延迟行情直连,2026-08-25
300753,爱朋医疗,21.8100000000,21.1500000000,76702488.0000000000,35407.0000000000,0.0312000000,0.7670248800,东方财富沪深京A股延迟行情直连,2026-08-25
000990,诚志股份,6.3700000000,6.3100000000,76573210.2800000012,120288.0000000000,0.0095000000,0.7657321028,东方财富沪深京A股延迟行情直连,2026-08-25
000519,中兵红箭,13.8700000000,13.9200000000,76544149.7000000030,55196.0000000000,-0.0036000000,0.7654414970,东方财富沪深京A股延迟行情直连,2026-08-25
600325,华发股份,2.3100000000,2.2500000000,76542031.0000000000,334907.0000000000,0.0267000000,0.7654203100,东方财富沪深京A股延迟行情直连,2026-08-25
000048,京基智农,21.5400000000,22.1000000000,76522852.1099999994,35392.0000000000,-0.0253000000,0.7652285211,东方财富沪深京A股延迟行情直连,2026-08-25
688699,明微电子,57.3000000000,59.1500000000,76516568.0000000000,13434.0000000000,-0.0313000000,0.7651656800,东方财富沪深京A股延迟行情直连,2026-08-25
000786,北新建材,17.0400000000,17.0900000000,76420635.2800000012,44845.0000000000,-0.0029000000,0.7642063528,东方财富沪深京A股延迟行情直连,2026-08-25
600513,联环药业,15.8900000000,15.6400000000,76348511.0000000000,48471.0000000000,0.0160000000,0.7634851100,东方财富沪深京A股延迟行情直连,2026-08-25
600967,内蒙一机,10.9900000000,10.9000000000,76259545.0000000000,69099.0000000000,0.0083000000,0.7625954500,东方财富沪深京A股延迟行情直连,2026-08-25
688150,莱特光电,37.0300000000,38.4400000000,76228503.0000000000,20618.0000000000,-0.0367000000,0.7622850300,东方财富沪深京A股延迟行情直连,2026-08-25
601825,沪农商行,8.9200000000,8.9100000000,76115486.0000000000,85358.0000000000,0.0011000000,0.7611548600,东方财富沪深京A股延迟行情直连,2026-08-25
600886,国投电力,13.9300000000,13.9400000000,76095395.0000000000,54464.0000000000,-0.0007000000,0.7609539500,东方财富沪深京A股延迟行情直连,2026-08-25
603358,华达科技,45.5100000000,46.1000000000,76062705.0000000000,16750.0000000000,-0.0128000000,0.7606270500,东方财富沪深京A股延迟行情直连,2026-08-25
300469,信息发展,54.4200000000,53.6500000000,76009926.8599999994,14229.0000000000,0.0144000000,0.7600992686,东方财富沪深京A股延迟行情直连,2026-08-25
600527,江南高纤,2.2300000000,2.1700000000,75562888.0000000000,342124.0000000000,0.0276000000,0.7556288800,东方财富沪深京A股延迟行情直连,2026-08-25
301349,信德新材,40.9000000000,43.0800000000,75474466.8799999952,18162.0000000000,-0.0506000000,0.7547446688,东方财富沪深京A股延迟行情直连,2026-08-25
600011,华能国际,6.6400000000,6.6400000000,75466990.0000000000,113614.0000000000,0.0000000000,0.7546699000,东方财富沪深京A股延迟行情直连,2026-08-25
600233,圆通速递,17.1300000000,17.3000000000,75429564.0000000000,43873.0000000000,-0.0098000000,0.7542956400,东方财富沪深京A股延迟行情直连,2026-08-25
600482,中国动力,31.6000000000,31.6600000000,75410518.0000000000,24044.0000000000,-0.0019000000,0.7541051800,东方财富沪深京A股延迟行情直连,2026-08-25
605303,园林股份,22.8500000000,20.7700000000,75344257.0000000000,33286.0000000000,0.1001000000,0.7534425700,东方财富沪深京A股延迟行情直连,2026-08-25
000153,丰原药业,6.0800000000,5.9200000000,75283833.5199999958,124964.0000000000,0.0270000000,0.7528383352,东方财富沪深京A股延迟行情直连,2026-08-25
002638,勤上股份,4.1900000000,4.1800000000,75177792.0000000000,179130.0000000000,0.0024000000,0.7517779200,东方财富沪深京A股延迟行情直连,2026-08-25
600905,三峡能源,3.7300000000,3.7000000000,75170412.0000000000,202276.0000000000,0.0081000000,0.7517041200,东方财富沪深京A股延迟行情直连,2026-08-25
688658,悦康药业,13.1500000000,13.2100000000,75111916.0000000000,57441.0000000000,-0.0045000000,0.7511191600,东方财富沪深京A股延迟行情直连,2026-08-25
002565,顺灏股份,8.3800000000,8.4400000000,75090718.5199999958,90460.0000000000,-0.0071000000,0.7509071852,东方财富沪深京A股延迟行情直连,2026-08-25
002617,露笑科技,6.0300000000,6.0600000000,75065504.0000000000,125343.0000000000,-0.0050000000,0.7506550400,东方财富沪深京A股延迟行情直连,2026-08-25
600871,石化油服,2.2400000000,2.2100000000,75061539.0000000000,339237.0000000000,0.0136000000,0.7506153900,东方财富沪深京A股延迟行情直连,2026-08-25
300985,致远新能,36.6100000000,38.1100000000,74977963.4200000018,20546.0000000000,-0.0394000000,0.7497796342,东方财富沪深京A股延迟行情直连,2026-08-25
605006,山东玻纤,13.3200000000,13.7500000000,74907471.0000000000,56367.0000000000,-0.0313000000,0.7490747100,东方财富沪深京A股延迟行情直连,2026-08-25
600170,上海建工,2.2600000000,2.2500000000,74700484.0000000000,331020.0000000000,0.0044000000,0.7470048400,东方财富沪深京A股延迟行情直连,2026-08-25
600754,锦江酒店,19.0900000000,19.0700000000,74393149.0000000000,38694.0000000000,0.0010000000,0.7439314900,东方财富沪深京A股延迟行情直连,2026-08-25
688153,唯捷创芯,24.1000000000,25.2100000000,74095036.0000000000,30959.0000000000,-0.0440000000,0.7409503600,东方财富沪深京A股延迟行情直连,2026-08-25
302132,中航成飞,56.1100000000,56.7000000000,74061021.0000000000,13151.0000000000,-0.0104000000,0.7406102100,东方财富沪深京A股延迟行情直连,2026-08-25
688065,凯赛生物,42.9200000000,44.0000000000,74050317.0000000000,17255.0000000000,-0.0245000000,0.7405031700,东方财富沪深京A股延迟行情直连,2026-08-25
000681,视觉中国,16.5800000000,16.4400000000,74006756.8700000048,44976.0000000000,0.0085000000,0.7400675687,东方财富沪深京A股延迟行情直连,2026-08-25
301598,博科测试,52.6300000000,55.4600000000,73980811.7999999970,14034.0000000000,-0.0510000000,0.7398081180,东方财富沪深京A股延迟行情直连,2026-08-25
688062,迈威生物-U,28.9500000000,29.2300000000,73914098.0000000000,25622.0000000000,-0.0096000000,0.7391409800,东方财富沪深京A股延迟行情直连,2026-08-25
600151,航天机电,9.9500000000,9.7800000000,73736750.0000000000,75029.0000000000,0.0174000000,0.7373675000,东方财富沪深京A股延迟行情直连,2026-08-25
002522,浙江众成,5.2500000000,5.2400000000,73700215.7800000012,142232.0000000000,0.0019000000,0.7370021578,东方财富沪深京A股延迟行情直连,2026-08-25
300233,金城医药,13.3700000000,13.0700000000,73674899.0000000000,55750.0000000000,0.0230000000,0.7367489900,东方财富沪深京A股延迟行情直连,2026-08-25
002252,上海莱士,4.8500000000,4.8100000000,73572188.0000000000,151655.0000000000,0.0083000000,0.7357218800,东方财富沪深京A股延迟行情直连,2026-08-25
603089,正裕工业,10.1000000000,10.5300000000,73561953.0000000000,72142.0000000000,-0.0408000000,0.7356195300,东方财富沪深京A股延迟行情直连,2026-08-25
002603,以岭药业,15.8000000000,15.8400000000,73464626.0000000000,46502.0000000000,-0.0025000000,0.7346462600,东方财富沪深京A股延迟行情直连,2026-08-25
300151,昌红科技,15.6700000000,16.0900000000,73401756.9500000030,47225.0000000000,-0.0261000000,0.7340175695,东方财富沪深京A股延迟行情直连,2026-08-25
600223,福瑞达,5.8200000000,5.5500000000,73391435.0000000000,127089.0000000000,0.0486000000,0.7339143500,东方财富沪深京A股延迟行情直连,2026-08-25
300097,智云股份,8.8700000000,8.7800000000,73370720.7199999988,83514.0000000000,0.0103000000,0.7337072072,东方财富沪深京A股延迟行情直连,2026-08-25
002734,利民股份,14.6900000000,14.5900000000,73294123.0000000000,49909.0000000000,0.0069000000,0.7329412300,东方财富沪深京A股延迟行情直连,2026-08-25
002943,宇晶股份,32.0100000000,32.6900000000,73235475.4000000060,23112.0000000000,-0.0208000000,0.7323547540,东方财富沪深京A股延迟行情直连,2026-08-25
001338,永顺泰,8.8300000000,8.6000000000,73114438.0000000000,82584.0000000000,0.0267000000,0.7311443800,东方财富沪深京A股延迟行情直连,2026-08-25
600390,五矿资本,4.9600000000,4.9000000000,73103360.0000000000,147824.0000000000,0.0122000000,0.7310336000,东方财富沪深京A股延迟行情直连,2026-08-25
688757,胜科纳米,30.0500000000,30.7100000000,73096549.0000000000,24692.0000000000,-0.0215000000,0.7309654900,东方财富沪深京A股延迟行情直连,2026-08-25
603382,海阳科技,18.9800000000,18.3100000000,72769759.0000000000,38663.0000000000,0.0366000000,0.7276975900,东方财富沪深京A股延迟行情直连,2026-08-25
000729,燕京啤酒,11.4700000000,11.4000000000,72657336.2199999988,63541.0000000000,0.0061000000,0.7265733622,东方财富沪深京A股延迟行情直连,2026-08-25
600171,上海贝岭,22.2000000000,22.1700000000,72513175.0000000000,33018.0000000000,0.0014000000,0.7251317500,东方财富沪深京A股延迟行情直连,2026-08-25
301189,奥尼电子,49.8100000000,49.5100000000,72510879.5999999940,15010.0000000000,0.0061000000,0.7251087960,东方财富沪深京A股延迟行情直连,2026-08-25
002838,道恩股份,23.4900000000,24.3900000000,72460952.8199999928,30853.0000000000,-0.0369000000,0.7246095282,东方财富沪深京A股延迟行情直连,2026-08-25
002248,华东数控,9.5100000000,9.5800000000,72454452.0499999970,77137.0000000000,-0.0073000000,0.7245445205,东方财富沪深京A股延迟行情直连,2026-08-25
002999,天禾股份,6.2500000000,5.9400000000,72451587.0000000000,116058.0000000000,0.0522000000,0.7245158700,东方财富沪深京A股延迟行情直连,2026-08-25
002958,青农商行,2.9400000000,2.9500000000,72427739.7000000030,245747.0000000000,-0.0034000000,0.7242773970,东方财富沪深京A股延迟行情直连,2026-08-25
000968,蓝焰控股,7.1600000000,7.0600000000,72393746.0699999928,101952.0000000000,0.0142000000,0.7239374607,东方财富沪深京A股延迟行情直连,2026-08-25
688276,百克生物,16.5600000000,16.2200000000,72386884.0000000000,43561.0000000000,0.0210000000,0.7238688400,东方财富沪深京A股延迟行情直连,2026-08-25
601099,太平洋,3.3700000000,3.3700000000,72376666.0000000000,214535.0000000000,0.0000000000,0.7237666600,东方财富沪深京A股延迟行情直连,2026-08-25
002953,日丰股份,10.3900000000,10.5000000000,72182977.5799999982,69779.0000000000,-0.0105000000,0.7218297758,东方财富沪深京A股延迟行情直连,2026-08-25
600986,浙文互联,6.9500000000,6.8900000000,72162587.0000000000,104586.0000000000,0.0087000000,0.7216258700,东方财富沪深京A股延迟行情直连,2026-08-25
002891,中宠股份,28.6600000000,28.7800000000,72160147.9200000018,25440.0000000000,-0.0042000000,0.7216014792,东方财富沪深京A股延迟行情直连,2026-08-25
688778,厦钨新能,45.3400000000,46.8900000000,72101622.0000000000,15688.0000000000,-0.0331000000,0.7210162200,东方财富沪深京A股延迟行情直连,2026-08-25
000785,居然智家,2.2700000000,2.2300000000,72056060.0000000000,316306.0000000000,0.0179000000,0.7205606000,东方财富沪深京A股延迟行情直连,2026-08-25
603699,纽威股份,51.9300000000,51.5300000000,72050761.0000000000,14027.0000000000,0.0078000000,0.7205076100,东方财富沪深京A股延迟行情直连,2026-08-25
603031,安孚科技,36.9900000000,37.9900000000,71937018.0000000000,19536.0000000000,-0.0263000000,0.7193701800,东方财富沪深京A股延迟行情直连,2026-08-25
300895,铜牛信息,53.3200000000,53.6300000000,71926350.9800000042,13669.0000000000,-0.0058000000,0.7192635098,东方财富沪深京A股延迟行情直连,2026-08-25
002606,大连电瓷,12.8800000000,13.2600000000,71865852.0000000000,55567.0000000000,-0.0287000000,0.7186585200,东方财富沪深京A股延迟行情直连,2026-08-25
300031,宝通科技,21.4400000000,21.5000000000,71801638.2399999946,33648.0000000000,-0.0028000000,0.7180163824,东方财富沪深京A股延迟行情直连,2026-08-25
301176,逸豪新材,44.1900000000,45.0500000000,71714746.0000000000,16404.0000000000,-0.0191000000,0.7171474600,东方财富沪深京A股延迟行情直连,2026-08-25
300226,上海钢联,16.5100000000,16.0700000000,71713257.2000000030,43847.0000000000,0.0274000000,0.7171325720,东方财富沪深京A股延迟行情直连,2026-08-25
600545,卓郎智能,4.0700000000,4.0800000000,71709769.0000000000,179024.0000000000,-0.0025000000,0.7170976900,东方财富沪深京A股延迟行情直连,2026-08-25
300333,兆日科技,10.7900000000,10.6700000000,71576067.0100000054,67892.0000000000,0.0112000000,0.7157606701,东方财富沪深京A股延迟行情直连,2026-08-25
300039,上海凯宝,5.4000000000,5.2900000000,71566510.2900000066,133639.0000000000,0.0208000000,0.7156651029,东方财富沪深京A股延迟行情直连,2026-08-25
002388,新亚制程,6.1500000000,6.2000000000,71517330.0000000000,117021.0000000000,-0.0081000000,0.7151733000,东方财富沪深京A股延迟行情直连,2026-08-25
603990,麦迪科技,22.5900000000,22.7500000000,71503457.0000000000,31690.0000000000,-0.0070000000,0.7150345700,东方财富沪深京A股延迟行情直连,2026-08-25
002545,东方铁塔,17.2300000000,17.4600000000,71391938.0000000000,40935.0000000000,-0.0132000000,0.7139193800,东方财富沪深京A股延迟行情直连,2026-08-25
301228,实朴检测,61.8700000000,59.7800000000,71329976.0000000000,11690.0000000000,0.0350000000,0.7132997600,东方财富沪深京A股延迟行情直连,2026-08-25
002383,合众思壮,7.0700000000,6.7400000000,71225330.0000000000,101347.0000000000,0.0490000000,0.7122533000,东方财富沪深京A股延迟行情直连,2026-08-25
600399,抚顺特钢,4.2600000000,4.1800000000,71205880.0000000000,167195.0000000000,0.0191000000,0.7120588000,东方财富沪深京A股延迟行情直连,2026-08-25
300842,帝科股份,60.9600000000,62.3100000000,70813637.0000000000,11710.0000000000,-0.0217000000,0.7081363700,东方财富沪深京A股延迟行情直连,2026-08-25
600783,鲁信创投,15.9900000000,16.1000000000,70804051.0000000000,44587.0000000000,-0.0068000000,0.7080405100,东方财富沪深京A股延迟行情直连,2026-08-25
600962,国投中鲁,25.2700000000,25.9400000000,70566283.0000000000,27857.0000000000,-0.0258000000,0.7056628300,东方财富沪深京A股延迟行情直连,2026-08-25
001286,陕西能源,9.4800000000,9.3800000000,70476419.2000000030,74528.0000000000,0.0107000000,0.7047641920,东方财富沪深京A股延迟行情直连,2026-08-25
300174,元力股份,18.4800000000,19.0200000000,70460620.3400000036,38272.0000000000,-0.0284000000,0.7046062034,东方财富沪深京A股延迟行情直连,2026-08-25
300300,海峡创新,7.3400000000,7.2100000000,70437542.5000000000,97328.0000000000,0.0180000000,0.7043754250,东方财富沪深京A股延迟行情直连,2026-08-25
002318,久立特材,19.2800000000,19.5500000000,70431541.0000000000,36305.0000000000,-0.0138000000,0.7043154100,东方财富沪深京A股延迟行情直连,2026-08-25
688307,中润光学,46.9500000000,48.1000000000,70304116.0000000000,15089.0000000000,-0.0239000000,0.7030411600,东方财富沪深京A股延迟行情直连,2026-08-25
002135,东南网架,6.5000000000,6.3800000000,70040775.2800000012,108237.0000000000,0.0188000000,0.7004077528,东方财富沪深京A股延迟行情直连,2026-08-25
002653,海思科,63.6200000000,64.1600000000,69972311.3499999940,11079.0000000000,-0.0084000000,0.6997231135,东方财富沪深京A股延迟行情直连,2026-08-25
300304,云意电气,11.0700000000,11.3200000000,69927731.9200000018,63856.0000000000,-0.0221000000,0.6992773192,东方财富沪深京A股延迟行情直连,2026-08-25
301045,天禄科技,61.7600000000,64.0500000000,69921873.0000000000,11420.0000000000,-0.0358000000,0.6992187300,东方财富沪深京A股延迟行情直连,2026-08-25
002940,昂利康,24.9600000000,25.2900000000,69919416.7399999946,28011.0000000000,-0.0130000000,0.6991941674,东方财富沪深京A股延迟行情直连,2026-08-25
688063,派能科技,42.9000000000,43.7800000000,69826011.0000000000,16247.0000000000,-0.0201000000,0.6982601100,东方财富沪深京A股延迟行情直连,2026-08-25
002451,摩恩电气,7.3700000000,7.3900000000,69814535.0000000000,95586.0000000000,-0.0027000000,0.6981453500,东方财富沪深京A股延迟行情直连,2026-08-25
000766,通化金马,15.7400000000,15.6800000000,69790250.0000000000,44437.0000000000,0.0038000000,0.6979025000,东方财富沪深京A股延迟行情直连,2026-08-25
300465,高伟达,12.0800000000,11.8100000000,69669881.2199999988,58775.0000000000,0.0229000000,0.6966988122,东方财富沪深京A股延迟行情直连,2026-08-25
603658,安图生物,33.8800000000,34.0800000000,69611535.0000000000,20778.0000000000,-0.0059000000,0.6961153500,东方财富沪深京A股延迟行情直连,2026-08-25
600152,维科技术,7.9600000000,8.1200000000,69558702.0000000000,87062.0000000000,-0.0197000000,0.6955870200,东方财富沪深京A股延迟行情直连,2026-08-25
920367,新赣江,26.6300000000,26.0900000000,69528882.5699999928,26296.0000000000,0.0207000000,0.6952888257,东方财富沪深京A股延迟行情直连,2026-08-25
000428,华天酒店,4.3200000000,3.9300000000,69493815.5199999958,164404.0000000000,0.0992000000,0.6949381552,东方财富沪深京A股延迟行情直连,2026-08-25
002557,洽洽食品,18.7700000000,18.6500000000,69440589.0000000000,36790.0000000000,0.0064000000,0.6944058900,东方财富沪深京A股延迟行情直连,2026-08-25
603897,长城科技,30.5100000000,30.2000000000,69295310.0000000000,23357.0000000000,0.0103000000,0.6929531000,东方财富沪深京A股延迟行情直连,2026-08-25
600903,贵州燃气,6.2100000000,6.0600000000,69206022.0000000000,112644.0000000000,0.0248000000,0.6920602200,东方财富沪深京A股延迟行情直连,2026-08-25
002345,潮宏基,9.5800000000,9.6300000000,69101197.0000000000,71206.0000000000,-0.0052000000,0.6910119700,东方财富沪深京A股延迟行情直连,2026-08-25
600177,雅戈尔,7.9000000000,8.0200000000,69023486.0000000000,86873.0000000000,-0.0150000000,0.6902348600,东方财富沪深京A股延迟行情直连,2026-08-25
600129,太极集团,14.3700000000,14.2100000000,68788192.0000000000,48159.0000000000,0.0113000000,0.6878819200,东方财富沪深京A股延迟行情直连,2026-08-25
000936,华西股份,5.5800000000,5.4500000000,68551178.7900000066,124477.0000000000,0.0239000000,0.6855117879,东方财富沪深京A股延迟行情直连,2026-08-25
300976,达瑞电子,55.9600000000,57.3400000000,68461345.2000000030,12301.0000000000,-0.0241000000,0.6846134520,东方财富沪深京A股延迟行情直连,2026-08-25
688228,开普云,81.1100000000,82.4400000000,68433509.0000000000,8395.0000000000,-0.0161000000,0.6843350900,东方财富沪深京A股延迟行情直连,2026-08-25
600885,宏发股份,33.7600000000,34.0600000000,68261999.0000000000,20187.0000000000,-0.0088000000,0.6826199900,东方财富沪深京A股延迟行情直连,2026-08-25
300697,电工合金,15.1800000000,15.7000000000,68227248.0000000000,44592.0000000000,-0.0331000000,0.6822724800,东方财富沪深京A股延迟行情直连,2026-08-25
002788,鹭燕医药,10.8200000000,10.5600000000,68149795.0000000000,63918.0000000000,0.0246000000,0.6814979500,东方财富沪深京A股延迟行情直连,2026-08-25
300128,锦富技术,4.7200000000,4.8200000000,68109031.9699999988,145249.0000000000,-0.0207000000,0.6810903197,东方财富沪深京A股延迟行情直连,2026-08-25
002221,东华能源,5.5500000000,5.4000000000,68048901.2800000012,124041.0000000000,0.0278000000,0.6804890128,东方财富沪深京A股延迟行情直连,2026-08-25
300026,红日药业,3.3600000000,3.3300000000,68029803.5600000024,203457.0000000000,0.0090000000,0.6802980356,东方财富沪深京A股延迟行情直连,2026-08-25
301261,恒工精密,55.2400000000,55.0200000000,67979872.0699999928,12303.0000000000,0.0040000000,0.6797987207,东方财富沪深京A股延迟行情直连,2026-08-25
300795,米奥会展,12.4500000000,12.6500000000,67955022.8499999940,54968.0000000000,-0.0158000000,0.6795502285,东方财富沪深京A股延迟行情直连,2026-08-25
688620,安凯微,14.8500000000,15.6000000000,67916386.0000000000,45335.0000000000,-0.0481000000,0.6791638600,东方财富沪深京A股延迟行情直连,2026-08-25
301682,宏明电子,107.5000000000,109.6800000000,67913458.7600000054,6333.0000000000,-0.0199000000,0.6791345876,东方财富沪深京A股延迟行情直连,2026-08-25
000948,南天信息,14.2900000000,13.6900000000,67868503.7999999970,48612.0000000000,0.0438000000,0.6786850380,东方财富沪深京A股延迟行情直连,2026-08-25
688711,宏微科技,24.3800000000,24.9800000000,67822387.0000000000,28092.0000000000,-0.0240000000,0.6782238700,东方财富沪深京A股延迟行情直连,2026-08-25
920238,长鹰硬科,67.3500000000,68.7900000000,67818052.5999999940,10100.0000000000,-0.0209000000,0.6781805260,东方财富沪深京A股延迟行情直连,2026-08-25
688293,奥浦迈,57.7200000000,58.1800000000,67783040.0000000000,11764.0000000000,-0.0079000000,0.6778304000,东方财富沪深京A股延迟行情直连,2026-08-25
000563,陕国投Ａ,3.0100000000,2.9700000000,67543005.0000000000,224650.0000000000,0.0135000000,0.6754300500,东方财富沪深京A股延迟行情直连,2026-08-25
002427,尤夫股份,4.5700000000,4.5900000000,67461887.0000000000,145732.0000000000,-0.0044000000,0.6746188700,东方财富沪深京A股延迟行情直连,2026-08-25
920725,惠丰钻石,67.0000000000,68.6000000000,67357250.9300000072,10176.0000000000,-0.0233000000,0.6735725093,东方财富沪深京A股延迟行情直连,2026-08-25
002707,众信旅游,5.3600000000,5.2800000000,67298061.8400000036,125735.0000000000,0.0152000000,0.6729806184,东方财富沪深京A股延迟行情直连,2026-08-25
603082,北自科技,41.4500000000,41.8700000000,67232535.0000000000,16414.0000000000,-0.0100000000,0.6723253500,东方财富沪深京A股延迟行情直连,2026-08-25
000555,神州信息,10.4500000000,10.2000000000,67050625.0000000000,64966.0000000000,0.0245000000,0.6705062500,东方财富沪深京A股延迟行情直连,2026-08-25
600515,海南机场,2.7800000000,2.7500000000,67043460.0000000000,241791.0000000000,0.0109000000,0.6704346000,东方财富沪深京A股延迟行情直连,2026-08-25
601615,明阳智能,10.6000000000,10.6000000000,66853081.0000000000,63449.0000000000,0.0000000000,0.6685308100,东方财富沪深京A股延迟行情直连,2026-08-25
600702,舍得酒业,35.2000000000,35.1300000000,66805940.0000000000,18981.0000000000,0.0020000000,0.6680594000,东方财富沪深京A股延迟行情直连,2026-08-25
001268,联合精密,24.6600000000,22.4200000000,66722994.2000000030,27372.0000000000,0.0999000000,0.6672299420,东方财富沪深京A股延迟行情直连,2026-08-25
603730,岱美股份,10.3200000000,10.5800000000,66565339.0000000000,64597.0000000000,-0.0246000000,0.6656533900,东方财富沪深京A股延迟行情直连,2026-08-25
688796,百奥赛图,124.5400000000,124.9200000000,66403828.0000000000,5377.0000000000,-0.0030000000,0.6640382800,东方财富沪深京A股延迟行情直连,2026-08-25
600816,建元信托,2.5000000000,2.4500000000,66390791.0000000000,267546.0000000000,0.0204000000,0.6639079100,东方财富沪深京A股延迟行情直连,2026-08-25
300766,每日互动,20.8000000000,20.9000000000,66370592.3200000003,32102.0000000000,-0.0048000000,0.6637059232,东方财富沪深京A股延迟行情直连,2026-08-25
002430,杭氧股份,23.1000000000,22.8600000000,66338720.2199999988,28977.0000000000,0.0105000000,0.6633872022,东方财富沪深京A股延迟行情直连,2026-08-25
601162,天风证券,3.6100000000,3.6100000000,66332774.0000000000,183784.0000000000,0.0000000000,0.6633277400,东方财富沪深京A股延迟行情直连,2026-08-25
301041,金百泽,26.0300000000,25.1700000000,66237668.0000000000,25677.0000000000,0.0342000000,0.6623766800,东方财富沪深京A股延迟行情直连,2026-08-25
603439,三力制药,12.3200000000,12.1200000000,66225142.0000000000,54002.0000000000,0.0165000000,0.6622514200,东方财富沪深京A股延迟行情直连,2026-08-25
002258,利尔化学,14.2300000000,14.1600000000,66186127.0000000000,46459.0000000000,0.0049000000,0.6618612700,东方财富沪深京A股延迟行情直连,2026-08-25
600435,北方导航,10.5500000000,10.3200000000,66158933.0000000000,63196.0000000000,0.0223000000,0.6615893300,东方财富沪深京A股延迟行情直连,2026-08-25
600585,海螺水泥,17.5700000000,17.5700000000,66118301.0000000000,37547.0000000000,0.0000000000,0.6611830100,东方财富沪深京A股延迟行情直连,2026-08-25
300900,广联航空,21.3700000000,21.5600000000,66059094.2999999970,31190.0000000000,-0.0088000000,0.6605909430,东方财富沪深京A股延迟行情直连,2026-08-25
603800,洪田股份,64.2300000000,65.4200000000,66039178.0000000000,10365.0000000000,-0.0182000000,0.6603917800,东方财富沪深京A股延迟行情直连,2026-08-25
603919,金徽酒,16.5300000000,16.1100000000,65997508.0000000000,39975.0000000000,0.0261000000,0.6599750800,东方财富沪深京A股延迟行情直连,2026-08-25
688069,德林海,36.0100000000,34.8700000000,65977191.0000000000,18891.0000000000,0.0327000000,0.6597719100,东方财富沪深京A股延迟行情直连,2026-08-25
300855,图南股份,33.5700000000,34.0000000000,65895367.2400000021,19566.0000000000,-0.0126000000,0.6589536724,东方财富沪深京A股延迟行情直连,2026-08-25
300399,天利科技,18.5200000000,18.2400000000,65853029.3999999985,36148.0000000000,0.0154000000,0.6585302940,东方财富沪深京A股延迟行情直连,2026-08-25
000876,新 希 望,6.9500000000,6.8600000000,65817342.2500000000,94994.0000000000,0.0131000000,0.6581734225,东方财富沪深京A股延迟行情直连,2026-08-25
603477,巨星农牧,14.4900000000,14.2300000000,65794899.0000000000,45624.0000000000,0.0183000000,0.6579489900,东方财富沪深京A股延迟行情直连,2026-08-25
002693,双成药业,8.8700000000,8.9000000000,65725372.0000000000,75225.0000000000,-0.0034000000,0.6572537200,东方财富沪深京A股延迟行情直连,2026-08-25
003021,兆威机电,66.9700000000,66.1600000000,65723227.0000000000,9886.0000000000,0.0122000000,0.6572322700,东方财富沪深京A股延迟行情直连,2026-08-25
688312,燕麦科技,47.1500000000,48.3600000000,65655237.0000000000,14006.0000000000,-0.0250000000,0.6565523700,东方财富沪深京A股延迟行情直连,2026-08-25
603567,珍宝岛,5.4400000000,5.3200000000,65559851.0000000000,122466.0000000000,0.0226000000,0.6555985100,东方财富沪深京A股延迟行情直连,2026-08-25
688693,锴威特,72.6600000000,75.6300000000,65547339.0000000000,9083.0000000000,-0.0393000000,0.6554733900,东方财富沪深京A股延迟行情直连,2026-08-25
002219,新里程,2.1600000000,2.1300000000,65519304.2700000033,305698.0000000000,0.0141000000,0.6551930427,东方财富沪深京A股延迟行情直连,2026-08-25
000999,华润三九,23.7900000000,23.6000000000,65424669.2000000030,27633.0000000000,0.0081000000,0.6542466920,东方财富沪深京A股延迟行情直连,2026-08-25
603728,鸣志电器,46.1400000000,45.9100000000,65332986.0000000000,14241.0000000000,0.0050000000,0.6533298600,东方财富沪深京A股延迟行情直连,2026-08-25
688758,赛分科技,25.9400000000,26.5500000000,65274192.0000000000,25002.0000000000,-0.0230000000,0.6527419200,东方财富沪深京A股延迟行情直连,2026-08-25
000572,海马汽车,3.8600000000,3.7500000000,65266346.7999999970,171657.0000000000,0.0293000000,0.6526634680,东方财富沪深京A股延迟行情直连,2026-08-25
688543,国科军工,38.4400000000,38.1900000000,65214878.0000000000,17200.0000000000,0.0065000000,0.6521487800,东方财富沪深京A股延迟行情直连,2026-08-25
000062,深圳华强,21.7300000000,21.8700000000,65152024.3100000024,30205.0000000000,-0.0064000000,0.6515202431,东方财富沪深京A股延迟行情直连,2026-08-25
920190,雷神科技,25.9800000000,24.9500000000,65087500.3500000015,25398.0000000000,0.0413000000,0.6508750035,东方财富沪深京A股延迟行情直连,2026-08-25
002787,华源控股,20.4700000000,20.8600000000,65043073.0000000000,31953.0000000000,-0.0187000000,0.6504307300,东方财富沪深京A股延迟行情直连,2026-08-25
603669,灵康药业,5.5200000000,5.3900000000,64994967.0000000000,117342.0000000000,0.0241000000,0.6499496700,东方财富沪深京A股延迟行情直连,2026-08-25
300486,东杰智能,22.0400000000,22.0000000000,64663254.7500000000,29604.0000000000,0.0018000000,0.6466325475,东方财富沪深京A股延迟行情直连,2026-08-25
688689,银河微电,38.2500000000,39.4000000000,64641143.0000000000,16954.0000000000,-0.0292000000,0.6464114300,东方财富沪深京A股延迟行情直连,2026-08-25
600769,祥龙电业,14.0600000000,14.1800000000,64572774.0000000000,46552.0000000000,-0.0085000000,0.6457277400,东方财富沪深京A股延迟行情直连,2026-08-25
688712,北芯生命,32.6600000000,32.1800000000,64467758.0000000000,19431.0000000000,0.0149000000,0.6446775800,东方财富沪深京A股延迟行情直连,2026-08-25
002607,中公教育,2.0100000000,2.0000000000,64356762.8200000003,321781.0000000000,0.0050000000,0.6435676282,东方财富沪深京A股延迟行情直连,2026-08-25
601116,三江购物,10.5900000000,10.3300000000,64326888.0000000000,61317.0000000000,0.0252000000,0.6432688800,东方财富沪深京A股延迟行情直连,2026-08-25
600792,云煤能源,3.8100000000,3.7400000000,64259769.0000000000,169792.0000000000,0.0187000000,0.6425976900,东方财富沪深京A股延迟行情直连,2026-08-25
300832,新产业,51.4100000000,51.4700000000,64239849.0000000000,12418.0000000000,-0.0012000000,0.6423984900,东方财富沪深京A股延迟行情直连,2026-08-25
300357,我武生物,23.1400000000,23.2600000000,64228389.7500000000,27817.0000000000,-0.0052000000,0.6422838975,东方财富沪深京A股延迟行情直连,2026-08-25
300997,欢乐家,16.3000000000,15.8800000000,64225919.0000000000,39785.0000000000,0.0264000000,0.6422591900,东方财富沪深京A股延迟行情直连,2026-08-25
002250,联化科技,14.6100000000,14.5400000000,64096837.2899999991,44268.0000000000,0.0048000000,0.6409683729,东方财富沪深京A股延迟行情直连,2026-08-25
002124,天邦食品,2.2400000000,2.2400000000,64076343.3999999985,286804.0000000000,0.0000000000,0.6407634340,东方财富沪深京A股延迟行情直连,2026-08-25
688091,上海谊众,36.8000000000,36.9600000000,63986316.0000000000,17487.0000000000,-0.0043000000,0.6398631600,东方财富沪深京A股延迟行情直连,2026-08-25
600984,建设机械,4.9400000000,4.4900000000,63917227.0000000000,129387.0000000000,0.1002000000,0.6391722700,东方财富沪深京A股延迟行情直连,2026-08-25
600008,首创环保,2.8600000000,2.8400000000,63831394.0000000000,223567.0000000000,0.0070000000,0.6383139400,东方财富沪深京A股延迟行情直连,2026-08-25
688678,福立旺,19.3700000000,19.5400000000,63777546.0000000000,33276.0000000000,-0.0087000000,0.6377754600,东方财富沪深京A股延迟行情直连,2026-08-25
600688,上海石化,2.8500000000,2.8400000000,63741519.0000000000,223857.0000000000,0.0035000000,0.6374151900,东方财富沪深京A股延迟行情直连,2026-08-25
688258,卓易信息,89.7900000000,92.7300000000,63717329.0000000000,7085.0000000000,-0.0317000000,0.6371732900,东方财富沪深京A股延迟行情直连,2026-08-25
601016,节能风电,3.3800000000,3.3700000000,63682688.0000000000,189655.0000000000,0.0030000000,0.6368268800,东方财富沪深京A股延迟行情直连,2026-08-25
301275,汉朔科技,42.0800000000,42.5900000000,63669245.0399999991,15133.0000000000,-0.0120000000,0.6366924504,东方财富沪深京A股延迟行情直连,2026-08-25
603009,北特科技,44.4300000000,45.3000000000,63425080.0000000000,14305.0000000000,-0.0192000000,0.6342508000,东方财富沪深京A股延迟行情直连,2026-08-25
000859,国风新材,8.6000000000,8.6700000000,63421674.0000000000,74384.0000000000,-0.0081000000,0.6342167400,东方财富沪深京A股延迟行情直连,2026-08-25
600763,通策医疗,34.8700000000,34.6100000000,63321606.0000000000,18197.0000000000,0.0075000000,0.6332160600,东方财富沪深京A股延迟行情直连,2026-08-25
605099,共创草坪,31.1200000000,34.0300000000,63286336.0000000000,20097.0000000000,-0.0855000000,0.6328633600,东方财富沪深京A股延迟行情直连,2026-08-25
603400,华之杰,43.9000000000,45.4900000000,63283106.0000000000,14665.0000000000,-0.0350000000,0.6328310600,东方财富沪深京A股延迟行情直连,2026-08-25
688170,德龙激光,50.5700000000,52.7200000000,63233019.0000000000,12423.0000000000,-0.0408000000,0.6323301900,东方财富沪深京A股延迟行情直连,2026-08-25
300683,海特生物,25.7200000000,25.7800000000,63152503.0000000000,24909.0000000000,-0.0023000000,0.6315250300,东方财富沪深京A股延迟行情直连,2026-08-25
601611,中国核建,10.6300000000,10.5600000000,63145344.0000000000,59504.0000000000,0.0066000000,0.6314534400,东方财富沪深京A股延迟行情直连,2026-08-25
002174,游族网络,11.9000000000,11.9700000000,63112199.0000000000,53259.0000000000,-0.0058000000,0.6311219900,东方财富沪深京A股延迟行情直连,2026-08-25
688278,特宝生物,59.6700000000,59.4700000000,63039208.0000000000,10604.0000000000,0.0034000000,0.6303920800,东方财富沪深京A股延迟行情直连,2026-08-25
600191,华资实业,11.3000000000,10.9300000000,63023395.0000000000,56797.0000000000,0.0339000000,0.6302339500,东方财富沪深京A股延迟行情直连,2026-08-25
300474,景嘉微,50.1500000000,49.8800000000,62911795.7899999991,12580.0000000000,0.0054000000,0.6291179579,东方财富沪深京A股延迟行情直连,2026-08-25
300133,华策影视,6.8500000000,6.8300000000,62774149.7599999979,92157.0000000000,0.0029000000,0.6277414976,东方财富沪深京A股延迟行情直连,2026-08-25
688079,美迪凯,15.0600000000,15.5700000000,62760925.0000000000,41860.0000000000,-0.0328000000,0.6276092500,东方财富沪深京A股延迟行情直连,2026-08-25
002611,东方精工,14.5700000000,14.4600000000,62749629.9600000009,43297.0000000000,0.0076000000,0.6274962996,东方财富沪深京A股延迟行情直连,2026-08-25
002774,快意电梯,16.2300000000,16.3500000000,62710148.0000000000,38910.0000000000,-0.0073000000,0.6271014800,东方财富沪深京A股延迟行情直连,2026-08-25
603969,银龙股份,7.2200000000,7.1000000000,62572996.0000000000,86252.0000000000,0.0169000000,0.6257299600,东方财富沪深京A股延迟行情直连,2026-08-25
300802,矩子科技,23.8600000000,23.5400000000,62560056.6000000015,26945.0000000000,0.0136000000,0.6256005660,东方财富沪深京A股延迟行情直连,2026-08-25
000782,恒申新材,7.7900000000,7.9900000000,62397011.0000000000,80429.0000000000,-0.0250000000,0.6239701100,东方财富沪深京A股延迟行情直连,2026-08-25
301257,普蕊斯,44.8500000000,45.2200000000,62126311.6700000018,13976.0000000000,-0.0082000000,0.6212631167,东方财富沪深京A股延迟行情直连,2026-08-25
600562,国睿科技,26.1000000000,26.1100000000,62068481.0000000000,23885.0000000000,-0.0004000000,0.6206848100,东方财富沪深京A股延迟行情直连,2026-08-25
601669,中国电建,4.6300000000,4.6200000000,62031949.0000000000,134354.0000000000,0.0022000000,0.6203194900,东方财富沪深京A股延迟行情直连,2026-08-25
600859,王府井,9.8800000000,9.6900000000,62014809.0000000000,63111.0000000000,0.0196000000,0.6201480900,东方财富沪深京A股延迟行情直连,2026-08-25
688327,云从科技-UW,9.7200000000,9.6500000000,61973811.0000000000,64912.0000000000,0.0073000000,0.6197381100,东方财富沪深京A股延迟行情直连,2026-08-25
002582,好想你,10.1000000000,10.0200000000,61953562.0000000000,61784.0000000000,0.0080000000,0.6195356200,东方财富沪深京A股延迟行情直连,2026-08-25
300721,怡达股份,21.8900000000,22.7400000000,61876783.0000000000,28232.0000000000,-0.0374000000,0.6187678300,东方财富沪深京A股延迟行情直连,2026-08-25
688209,英集芯,21.7800000000,22.3000000000,61854734.0000000000,28672.0000000000,-0.0233000000,0.6185473400,东方财富沪深京A股延迟行情直连,2026-08-25
601777,千里科技,8.0900000000,7.9900000000,61750146.0000000000,76802.0000000000,0.0125000000,0.6175014600,东方财富沪深京A股延迟行情直连,2026-08-25
001360,南矿集团,17.3400000000,18.1800000000,61684577.3400000036,35131.0000000000,-0.0462000000,0.6168457734,东方财富沪深京A股延迟行情直连,2026-08-25
300106,西部牧业,10.2100000000,9.8200000000,61637705.0000000000,61607.0000000000,0.0397000000,0.6163770500,东方财富沪深京A股延迟行情直连,2026-08-25
301628,强达电路,89.7700000000,88.5000000000,61624441.4200000018,7102.0000000000,0.0144000000,0.6162444142,东方财富沪深京A股延迟行情直连,2026-08-25
603608,天创时尚,17.3500000000,18.0000000000,61554465.0000000000,35319.0000000000,-0.0361000000,0.6155446500,东方财富沪深京A股延迟行情直连,2026-08-25
600009,上海机场,23.3300000000,23.1700000000,61536620.0000000000,26384.0000000000,0.0069000000,0.6153662000,东方财富沪深京A股延迟行情直连,2026-08-25
605020,永和股份,30.8100000000,31.3200000000,61491605.0000000000,19881.0000000000,-0.0163000000,0.6149160500,东方财富沪深京A股延迟行情直连,2026-08-25
300459,汤姆猫,3.4600000000,3.4400000000,61489720.9900000021,178522.0000000000,0.0058000000,0.6148972099,东方财富沪深京A股延迟行情直连,2026-08-25
300046,台基股份,23.9700000000,24.4100000000,61377276.4099999964,25843.0000000000,-0.0180000000,0.6137727641,东方财富沪深京A股延迟行情直连,2026-08-25
300311,任子行,5.2700000000,5.1900000000,61347020.0000000000,116361.0000000000,0.0154000000,0.6134702000,东方财富沪深京A股延迟行情直连,2026-08-25
600376,首开股份,3.3200000000,3.2900000000,61276348.0000000000,185764.0000000000,0.0091000000,0.6127634800,东方财富沪深京A股延迟行情直连,2026-08-25
300434,金石亚药,11.3600000000,11.2700000000,61268089.0000000000,54543.0000000000,0.0080000000,0.6126808900,东方财富沪深京A股延迟行情直连,2026-08-25
688708,佳驰科技,39.0000000000,41.2600000000,61210145.0000000000,15491.0000000000,-0.0548000000,0.6121014500,东方财富沪深京A股延迟行情直连,2026-08-25
688135,利扬芯片,24.3300000000,24.9900000000,61176299.0000000000,25229.0000000000,-0.0264000000,0.6117629900,东方财富沪深京A股延迟行情直连,2026-08-25
000525,红太阳,4.3500000000,4.3100000000,61062990.9500000030,141697.0000000000,0.0093000000,0.6106299095,东方财富沪深京A股延迟行情直连,2026-08-25
688518,联赢激光,19.6500000000,20.1200000000,61054628.0000000000,31126.0000000000,-0.0234000000,0.6105462800,东方财富沪深京A股延迟行情直连,2026-08-25
000526,学大教育,34.6000000000,34.5800000000,60762100.0000000000,17773.0000000000,0.0006000000,0.6076210000,东方财富沪深京A股延迟行情直连,2026-08-25
301658,首航新能,23.3100000000,23.8500000000,60557632.4500000030,25896.0000000000,-0.0226000000,0.6055763245,东方财富沪深京A股延迟行情直连,2026-08-25
002194,武汉凡谷,9.9700000000,9.9300000000,60545866.7999999970,61460.0000000000,0.0040000000,0.6054586680,东方财富沪深京A股延迟行情直连,2026-08-25
002048,宁波华翔,18.8300000000,18.9600000000,60486320.0000000000,32301.0000000000,-0.0069000000,0.6048632000,东方财富沪深京A股延迟行情直连,2026-08-25
300251,光线传媒,10.8600000000,10.7600000000,60459270.3599999994,55870.0000000000,0.0093000000,0.6045927036,东方财富沪深京A股延迟行情直连,2026-08-25
300443,金雷股份,18.4400000000,19.3600000000,60436691.6000000015,33171.0000000000,-0.0475000000,0.6043669160,东方财富沪深京A股延迟行情直连,2026-08-25
301568,思泰克,68.0000000000,69.9600000000,60405158.9699999988,8944.0000000000,-0.0280000000,0.6040515897,东方财富沪深京A股延迟行情直连,2026-08-25
600391,航发科技,31.0000000000,30.9000000000,60323765.0000000000,19642.0000000000,0.0032000000,0.6032376500,东方财富沪深京A股延迟行情直连,2026-08-25
688779,五矿新能,8.0400000000,8.1500000000,60313480.0000000000,74821.0000000000,-0.0135000000,0.6031348000,东方财富沪深京A股延迟行情直连,2026-08-25
000902,新洋丰,13.8000000000,13.7500000000,60228214.4399999976,43430.0000000000,0.0036000000,0.6022821444,东方财富沪深京A股延迟行情直连,2026-08-25
300852,四会富仕,44.1100000000,44.8200000000,60213728.0000000000,13708.0000000000,-0.0158000000,0.6021372800,东方财富沪深京A股延迟行情直连,2026-08-25
002044,美年健康,4.6100000000,4.6100000000,60187644.0000000000,130855.0000000000,0.0000000000,0.6018764400,东方财富沪深京A股延迟行情直连,2026-08-25
300863,卡倍亿,40.9500000000,41.7000000000,60157360.0700000003,14802.0000000000,-0.0180000000,0.6015736007,东方财富沪深京A股延迟行情直连,2026-08-25
002387,维信诺,7.1900000000,7.4200000000,60153541.2400000021,83440.0000000000,-0.0310000000,0.6015354124,东方财富沪深京A股延迟行情直连,2026-08-25
300145,南方泵业,4.2600000000,4.2400000000,60048459.6400000006,143013.0000000000,0.0047000000,0.6004845964,东方财富沪深京A股延迟行情直连,2026-08-25
600535,天士力,14.8300000000,14.8200000000,60002590.0000000000,40622.0000000000,0.0007000000,0.6000259000,东方财富沪深京A股延迟行情直连,2026-08-25
300253,卫宁健康,6.9400000000,6.9700000000,59993988.0799999982,86645.0000000000,-0.0043000000,0.5999398808,东方财富沪深京A股延迟行情直连,2026-08-25
601890,亚星锚链,8.5500000000,8.4400000000,59974706.0000000000,70397.0000000000,0.0130000000,0.5997470600,东方财富沪深京A股延迟行情直连,2026-08-25
603533,掌阅科技,20.2300000000,20.2300000000,59900105.0000000000,29777.0000000000,0.0000000000,0.5990010500,东方财富沪深京A股延迟行情直连,2026-08-25
603660,苏州科达,10.6900000000,10.9500000000,59871329.0000000000,56233.0000000000,-0.0237000000,0.5987132900,东方财富沪深京A股延迟行情直连,2026-08-25
000889,中嘉博创,3.9200000000,3.8900000000,59836082.6000000015,153384.0000000000,0.0077000000,0.5983608260,东方财富沪深京A股延迟行情直连,2026-08-25
300626,华瑞股份,30.3800000000,31.6100000000,59773817.9799999967,19709.0000000000,-0.0389000000,0.5977381798,东方财富沪深京A股延迟行情直连,2026-08-25
300758,七彩化学,11.1700000000,11.3300000000,59746149.3599999994,53667.0000000000,-0.0141000000,0.5974614936,东方财富沪深京A股延迟行情直连,2026-08-25
600343,航天动力,17.7400000000,17.8000000000,59716578.0000000000,34013.0000000000,-0.0034000000,0.5971657800,东方财富沪深京A股延迟行情直连,2026-08-25
601377,兴业证券,5.7900000000,5.8100000000,59711569.0000000000,102803.0000000000,-0.0034000000,0.5971156900,东方财富沪深京A股延迟行情直连,2026-08-25
688207,格灵深瞳,17.6000000000,17.7200000000,59515411.0000000000,34121.0000000000,-0.0068000000,0.5951541100,东方财富沪深京A股延迟行情直连,2026-08-25
603778,国晟科技,9.2100000000,9.2700000000,59467066.0000000000,64992.0000000000,-0.0065000000,0.5946706600,东方财富沪深京A股延迟行情直连,2026-08-25
300196,长海股份,16.2000000000,16.5200000000,59402945.0000000000,36914.0000000000,-0.0194000000,0.5940294500,东方财富沪深京A股延迟行情直连,2026-08-25
002880,卫光生物,22.5500000000,20.5000000000,59329108.5000000000,26540.0000000000,0.1000000000,0.5932910850,东方财富沪深京A股延迟行情直连,2026-08-25
605189,富春染织,14.5200000000,15.0300000000,59298694.0000000000,41059.0000000000,-0.0339000000,0.5929869400,东方财富沪深京A股延迟行情直连,2026-08-25
688691,灿芯股份,61.5200000000,63.0200000000,59281793.0000000000,9676.0000000000,-0.0238000000,0.5928179300,东方财富沪深京A股延迟行情直连,2026-08-25
301053,远信工业,39.1800000000,40.3000000000,59279591.0000000000,14831.0000000000,-0.0278000000,0.5927959100,东方财富沪深京A股延迟行情直连,2026-08-25
688310,迈得医疗,15.9200000000,15.0500000000,59228037.0000000000,36466.0000000000,0.0578000000,0.5922803700,东方财富沪深京A股延迟行情直连,2026-08-25
000629,钒钛股份,3.0100000000,3.0400000000,59170224.0000000000,195833.0000000000,-0.0099000000,0.5917022400,东方财富沪深京A股延迟行情直连,2026-08-25
002639,雪人集团,11.5200000000,11.4400000000,59124055.2999999970,51718.0000000000,0.0070000000,0.5912405530,东方财富沪深京A股延迟行情直连,2026-08-25
688296,和达科技,24.4800000000,24.1100000000,58974684.0000000000,24487.0000000000,0.0153000000,0.5897468400,东方财富沪深京A股延迟行情直连,2026-08-25
301177,迪阿股份,23.2600000000,24.5900000000,58910408.7999999970,24351.0000000000,-0.0541000000,0.5891040880,东方财富沪深京A股延迟行情直连,2026-08-25
688262,国芯科技,25.9100000000,26.3400000000,58899339.0000000000,22881.0000000000,-0.0163000000,0.5889933900,东方财富沪深京A股延迟行情直连,2026-08-25
601111,中国国航,5.8700000000,5.8800000000,58663503.0000000000,99827.0000000000,-0.0017000000,0.5866350300,东方财富沪深京A股延迟行情直连,2026-08-25
000798,中水渔业,8.9100000000,8.7000000000,58631654.8699999973,66281.0000000000,0.0241000000,0.5863165487,东方财富沪深京A股延迟行情直连,2026-08-25
688733,壹石通,29.0900000000,30.1800000000,58537967.0000000000,20074.0000000000,-0.0361000000,0.5853796700,东方财富沪深京A股延迟行情直连,2026-08-25
600732,爱旭股份,11.4400000000,11.4500000000,58500646.0000000000,51463.0000000000,-0.0009000000,0.5850064600,东方财富沪深京A股延迟行情直连,2026-08-25
000099,中信海直,13.4100000000,13.6900000000,58492991.0000000000,43716.0000000000,-0.0205000000,0.5849299100,东方财富沪深京A股延迟行情直连,2026-08-25
002309,中利集团,2.9400000000,2.9300000000,58428427.0000000000,200935.0000000000,0.0034000000,0.5842842700,东方财富沪深京A股延迟行情直连,2026-08-25
001229,魅视科技,42.7200000000,43.5000000000,57859648.0000000000,13582.0000000000,-0.0179000000,0.5785964800,东方财富沪深京A股延迟行情直连,2026-08-25
002766,索菱股份,4.1100000000,4.0700000000,57849020.0000000000,143579.0000000000,0.0098000000,0.5784902000,东方财富沪深京A股延迟行情直连,2026-08-25
605319,无锡振华,25.2500000000,24.4100000000,57837716.0000000000,23080.0000000000,0.0344000000,0.5783771600,东方财富沪深京A股延迟行情直连,2026-08-25
603220,中贝通信,18.1400000000,18.1300000000,57822652.0000000000,32094.0000000000,0.0006000000,0.5782265200,东方财富沪深京A股延迟行情直连,2026-08-25
688772,珠海冠宇,14.2000000000,14.4000000000,57821871.0000000000,40705.0000000000,-0.0139000000,0.5782187100,东方财富沪深京A股延迟行情直连,2026-08-25
688382,益方生物-U,18.7500000000,19.0600000000,57794562.0000000000,30687.0000000000,-0.0163000000,0.5779456200,东方财富沪深京A股延迟行情直连,2026-08-25
301031,中熔电气,88.6500000000,91.2900000000,57786472.0200000033,6505.0000000000,-0.0289000000,0.5778647202,东方财富沪深京A股延迟行情直连,2026-08-25
002289,宇顺电子,38.4700000000,39.1700000000,57761449.0000000000,15099.0000000000,-0.0179000000,0.5776144900,东方财富沪深京A股延迟行情直连,2026-08-25
600025,华能水电,9.7100000000,9.6800000000,57655986.0000000000,59354.0000000000,0.0031000000,0.5765598600,东方财富沪深京A股延迟行情直连,2026-08-25
600063,皖维高新,5.6400000000,5.6300000000,57596293.0000000000,102224.0000000000,0.0018000000,0.5759629300,东方财富沪深京A股延迟行情直连,2026-08-25
603102,百合股份,38.5100000000,37.7700000000,57576636.0000000000,15180.0000000000,0.0196000000,0.5757663600,东方财富沪深京A股延迟行情直连,2026-08-25
300154,瑞凌股份,11.9100000000,11.5900000000,57549381.0000000000,49396.0000000000,0.0276000000,0.5754938100,东方财富沪深京A股延迟行情直连,2026-08-25
000700,模塑科技,10.7200000000,10.7400000000,57508719.7800000012,54400.0000000000,-0.0019000000,0.5750871978,东方财富沪深京A股延迟行情直连,2026-08-25
000895,双汇发展,25.3600000000,25.3800000000,57507795.2800000012,22662.0000000000,-0.0008000000,0.5750779528,东方财富沪深京A股延迟行情直连,2026-08-25
603366,日出东方,7.2800000000,7.3200000000,57507707.0000000000,79621.0000000000,-0.0055000000,0.5750770700,东方财富沪深京A股延迟行情直连,2026-08-25
300252,金信诺,11.3200000000,11.4300000000,57478690.6000000015,51295.0000000000,-0.0096000000,0.5747869060,东方财富沪深京A股延迟行情直连,2026-08-25
605167,利柏特,14.3800000000,14.8700000000,57466965.0000000000,40039.0000000000,-0.0330000000,0.5746696500,东方财富沪深京A股延迟行情直连,2026-08-25
600288,大恒科技,10.9900000000,11.0700000000,57374538.0000000000,52442.0000000000,-0.0072000000,0.5737453800,东方财富沪深京A股延迟行情直连,2026-08-25
601567,三星电气,14.5900000000,14.3900000000,57359573.0000000000,39550.0000000000,0.0139000000,0.5735957300,东方财富沪深京A股延迟行情直连,2026-08-25
300303,聚飞光电,6.8200000000,6.8700000000,57357186.2100000009,84721.0000000000,-0.0073000000,0.5735718621,东方财富沪深京A股延迟行情直连,2026-08-25
688788,科思科技,29.2800000000,30.6700000000,57355192.0000000000,19645.0000000000,-0.0453000000,0.5735519200,东方财富沪深京A股延迟行情直连,2026-08-25
600332,白云山,20.1500000000,20.1100000000,57226311.0000000000,28428.0000000000,0.0020000000,0.5722631100,东方财富沪深京A股延迟行情直连,2026-08-25
688188,柏楚电子,99.3100000000,98.5500000000,57154721.0000000000,5766.0000000000,0.0077000000,0.5715472100,东方财富沪深京A股延迟行情直连,2026-08-25
300232,洲明科技,5.3700000000,5.2900000000,57143964.4099999964,106974.0000000000,0.0151000000,0.5714396441,东方财富沪深京A股延迟行情直连,2026-08-25
002668,TCL智家,9.8400000000,9.8000000000,57022851.7999999970,58318.0000000000,0.0041000000,0.5702285180,东方财富沪深京A股延迟行情直连,2026-08-25
300865,大宏立,29.4300000000,29.4600000000,56988621.6799999997,19250.0000000000,-0.0010000000,0.5698862168,东方财富沪深京A股延迟行情直连,2026-08-25
002657,中科金财,15.3600000000,14.9600000000,56963411.3999999985,37557.0000000000,0.0267000000,0.5696341140,东方财富沪深京A股延迟行情直连,2026-08-25
000950,重药控股,5.4900000000,5.4100000000,56852663.0000000000,104318.0000000000,0.0148000000,0.5685266300,东方财富沪深京A股延迟行情直连,2026-08-25
600056,中国医药,9.3100000000,9.1700000000,56829318.0000000000,61320.0000000000,0.0153000000,0.5682931800,东方财富沪深京A股延迟行情直连,2026-08-25
002382,蓝帆医疗,5.9000000000,5.9000000000,56733350.7400000021,97190.0000000000,0.0000000000,0.5673335074,东方财富沪深京A股延迟行情直连,2026-08-25
600027,华电国际,4.5700000000,4.5500000000,56571352.0000000000,124005.0000000000,0.0044000000,0.5657135200,东方财富沪深京A股延迟行情直连,2026-08-25
002796,世嘉科技,28.9500000000,29.4200000000,56513198.0000000000,19793.0000000000,-0.0160000000,0.5651319800,东方财富沪深京A股延迟行情直连,2026-08-25
603696,安记食品,13.1200000000,12.7700000000,56466877.0000000000,43722.0000000000,0.0274000000,0.5646687700,东方财富沪深京A股延迟行情直连,2026-08-25
600211,西藏药业,38.2200000000,38.1600000000,56409488.0000000000,14820.0000000000,0.0016000000,0.5640948800,东方财富沪深京A股延迟行情直连,2026-08-25
002772,众兴菌业,10.5300000000,10.2800000000,56361611.0000000000,53839.0000000000,0.0243000000,0.5636161100,东方财富沪深京A股延迟行情直连,2026-08-25
601555,东吴证券,7.8900000000,7.8900000000,56251893.0000000000,70995.0000000000,0.0000000000,0.5625189300,东方财富沪深京A股延迟行情直连,2026-08-25
000626,远大控股,8.2200000000,8.0600000000,56244161.5200000033,68665.0000000000,0.0199000000,0.5624416152,东方财富沪深京A股延迟行情直连,2026-08-25
600258,首旅酒店,12.2700000000,12.1700000000,56186846.0000000000,45683.0000000000,0.0082000000,0.5618684600,东方财富沪深京A股延迟行情直连,2026-08-25
300322,硕贝德,16.9800000000,17.0500000000,56088931.0200000033,33414.0000000000,-0.0041000000,0.5608893102,东方财富沪深京A股延迟行情直连,2026-08-25
002498,汉缆股份,6.2100000000,6.1900000000,56047603.4099999964,90948.0000000000,0.0032000000,0.5604760341,东方财富沪深京A股延迟行情直连,2026-08-25
600222,太龙药业,7.8000000000,7.5500000000,55984977.0000000000,73255.0000000000,0.0331000000,0.5598497700,东方财富沪深京A股延迟行情直连,2026-08-25
603657,春光科技,25.7500000000,25.1700000000,55982893.0000000000,22183.0000000000,0.0230000000,0.5598289300,东方财富沪深京A股延迟行情直连,2026-08-25
300429,强力新材,10.6400000000,10.7500000000,55914846.0000000000,52797.0000000000,-0.0102000000,0.5591484600,东方财富沪深京A股延迟行情直连,2026-08-25
301630,同宇新材,158.2900000000,161.9300000000,55908338.0000000000,3558.0000000000,-0.0225000000,0.5590833800,东方财富沪深京A股延迟行情直连,2026-08-25
300767,震安科技,17.5900000000,18.2900000000,55860988.0000000000,31709.0000000000,-0.0383000000,0.5586098800,东方财富沪深京A股延迟行情直连,2026-08-25
300563,神宇股份,23.1200000000,22.8700000000,55840583.0000000000,24727.0000000000,0.0109000000,0.5584058300,东方财富沪深京A股延迟行情直连,2026-08-25
601058,赛轮轮胎,13.9900000000,13.9100000000,55786299.0000000000,39742.0000000000,0.0058000000,0.5578629900,东方财富沪深京A股延迟行情直连,2026-08-25
603703,盛洋科技,9.7600000000,9.6200000000,55769625.0000000000,58020.0000000000,0.0146000000,0.5576962500,东方财富沪深京A股延迟行情直连,2026-08-25
600839,四川长虹,6.8200000000,6.8300000000,55755255.0000000000,81969.0000000000,-0.0015000000,0.5575525500,东方财富沪深京A股延迟行情直连,2026-08-25
603683,晶华新材,15.3000000000,15.5300000000,55545223.0000000000,36477.0000000000,-0.0148000000,0.5554522300,东方财富沪深京A股延迟行情直连,2026-08-25
601366,利群股份,3.6300000000,3.5100000000,55099128.0000000000,151357.0000000000,0.0342000000,0.5509912800,东方财富沪深京A股延迟行情直连,2026-08-25
688499,利元亨,34.4700000000,35.5500000000,55057555.0000000000,15894.0000000000,-0.0304000000,0.5505755500,东方财富沪深京A股延迟行情直连,2026-08-25
603122,合富中国,11.5500000000,11.3800000000,55052163.0000000000,48165.0000000000,0.0149000000,0.5505216300,东方财富沪深京A股延迟行情直连,2026-08-25
300820,英杰电气,51.1600000000,52.6500000000,55005277.0000000000,10790.0000000000,-0.0283000000,0.5500527700,东方财富沪深京A股延迟行情直连,2026-08-25
300378,鼎捷数智,29.9700000000,30.2200000000,54974922.9399999976,18425.0000000000,-0.0083000000,0.5497492294,东方财富沪深京A股延迟行情直连,2026-08-25
002682,龙洲股份,4.6500000000,4.5300000000,54919012.0000000000,119678.0000000000,0.0265000000,0.5491901200,东方财富沪深京A股延迟行情直连,2026-08-25
000002,万  科Ａ,3.0600000000,3.0500000000,54889308.3599999994,179731.0000000000,0.0033000000,0.5488930836,东方财富沪深京A股延迟行情直连,2026-08-25
605296,神农集团,31.6000000000,30.7800000000,54858332.0000000000,17413.0000000000,0.0266000000,0.5485833200,东方财富沪深京A股延迟行情直连,2026-08-25
600483,福能股份,10.8500000000,10.8300000000,54852087.0000000000,50567.0000000000,0.0018000000,0.5485208700,东方财富沪深京A股延迟行情直连,2026-08-25
600201,生物股份,12.4000000000,12.4300000000,54842047.0000000000,44374.0000000000,-0.0024000000,0.5484204700,东方财富沪深京A股延迟行情直连,2026-08-25
002152,广电运通,9.6200000000,9.5100000000,54767710.0000000000,57283.0000000000,0.0116000000,0.5476771000,东方财富沪深京A股延迟行情直连,2026-08-25
688786,悦安新材,25.8200000000,27.1300000000,54663084.0000000000,21108.0000000000,-0.0483000000,0.5466308400,东方财富沪深京A股延迟行情直连,2026-08-25
600635,大众公用,4.5500000000,4.4900000000,54631439.0000000000,120819.0000000000,0.0134000000,0.5463143900,东方财富沪深京A股延迟行情直连,2026-08-25
603867,新化股份,28.6500000000,29.3400000000,54619865.0000000000,19070.0000000000,-0.0235000000,0.5461986500,东方财富沪深京A股延迟行情直连,2026-08-25
601860,紫金银行,2.5500000000,2.5600000000,54555229.0000000000,212475.0000000000,-0.0039000000,0.5455522900,东方财富沪深京A股延迟行情直连,2026-08-25
688582,芯动联科,41.6500000000,41.5600000000,54478964.0000000000,13175.0000000000,0.0022000000,0.5447896400,东方财富沪深京A股延迟行情直连,2026-08-25
300229,拓尔思,13.0900000000,13.1400000000,54462136.3500000015,41817.0000000000,-0.0038000000,0.5446213635,东方财富沪深京A股延迟行情直连,2026-08-25
301306,西测测试,85.0800000000,86.0500000000,54443874.9600000009,6446.0000000000,-0.0113000000,0.5444387496,东方财富沪深京A股延迟行情直连,2026-08-25
605100,华丰股份,34.6900000000,33.7600000000,54304981.0000000000,15761.0000000000,0.0275000000,0.5430498100,东方财富沪深京A股延迟行情直连,2026-08-25
301225,恒勃股份,55.2900000000,56.2800000000,54224915.3200000003,9970.0000000000,-0.0176000000,0.5422491532,东方财富沪深京A股延迟行情直连,2026-08-25
688648,中邮科技,32.9400000000,31.4900000000,54217581.0000000000,16629.0000000000,0.0460000000,0.5421758100,东方财富沪深京A股延迟行情直连,2026-08-25
002338,奥普光电,42.1000000000,42.9000000000,54207832.9399999976,12886.0000000000,-0.0186000000,0.5420783294,东方财富沪深京A股延迟行情直连,2026-08-25
600860,京城股份,8.3000000000,8.5700000000,54169924.0000000000,64144.0000000000,-0.0315000000,0.5416992400,东方财富沪深京A股延迟行情直连,2026-08-25
000430,张家界,6.8900000000,6.7200000000,54161301.0000000000,78720.0000000000,0.0253000000,0.5416130100,东方财富沪深京A股延迟行情直连,2026-08-25
000930,中粮科技,4.8600000000,4.7800000000,54117462.4500000030,111140.0000000000,0.0167000000,0.5411746245,东方财富沪深京A股延迟行情直连,2026-08-25
002077,大港股份,11.9200000000,12.0800000000,54068481.6000000015,45718.0000000000,-0.0132000000,0.5406848160,东方财富沪深京A股延迟行情直连,2026-08-25
603336,宏辉果蔬,9.0100000000,9.0700000000,53937326.0000000000,59242.0000000000,-0.0066000000,0.5393732600,东方财富沪深京A股延迟行情直连,2026-08-25
300135,宝利国际,3.5200000000,3.5100000000,53926797.0000000000,153174.0000000000,0.0028000000,0.5392679700,东方财富沪深京A股延迟行情直连,2026-08-25
600583,海油工程,6.0900000000,6.1000000000,53898173.0000000000,88422.0000000000,-0.0016000000,0.5389817300,东方财富沪深京A股延迟行情直连,2026-08-25
600666,奥瑞德,3.3600000000,3.3800000000,53891964.0000000000,161260.0000000000,-0.0059000000,0.5389196400,东方财富沪深京A股延迟行情直连,2026-08-25
002810,山东赫达,21.0000000000,21.6600000000,53844956.0000000000,25437.0000000000,-0.0305000000,0.5384495600,东方财富沪深京A股延迟行情直连,2026-08-25
002169,智光电气,12.0500000000,12.2300000000,53797143.0000000000,44845.0000000000,-0.0147000000,0.5379714300,东方财富沪深京A股延迟行情直连,2026-08-25
603391,力聚热能,67.9900000000,67.5700000000,53703720.0000000000,7930.0000000000,0.0062000000,0.5370372000,东方财富沪深京A股延迟行情直连,2026-08-25
600704,物产中大,4.8900000000,4.8800000000,53650373.0000000000,109583.0000000000,0.0020000000,0.5365037300,东方财富沪深京A股延迟行情直连,2026-08-25
000520,凤凰航运,4.2100000000,4.2600000000,53647421.0000000000,127189.0000000000,-0.0117000000,0.5364742100,东方财富沪深京A股延迟行情直连,2026-08-25
002312,川发龙蟒,8.2400000000,8.2400000000,53621159.8999999985,65238.0000000000,0.0000000000,0.5362115990,东方财富沪深京A股延迟行情直连,2026-08-25
002686,亿利达,6.2300000000,6.2000000000,52529665.0000000000,85093.0000000000,0.0048000000,0.5252966500,东方财富沪深京A股延迟行情直连,2026-08-25
300925,法本信息,14.5800000000,14.2700000000,52524383.2000000030,36404.0000000000,0.0217000000,0.5252438320,东方财富沪深京A股延迟行情直连,2026-08-25
301115,联检科技,27.7500000000,28.0100000000,52495847.0000000000,19272.0000000000,-0.0093000000,0.5249584700,东方财富沪深京A股延迟行情直连,2026-08-25
688107,安路科技,29.8300000000,30.0000000000,52441368.0000000000,17740.0000000000,-0.0057000000,0.5244136800,东方财富沪深京A股延迟行情直连,2026-08-25
301333,诺思格,54.3000000000,55.0800000000,52441208.6700000018,9750.0000000000,-0.0142000000,0.5244120867,东方财富沪深京A股延迟行情直连,2026-08-25
600320,振华重工,4.1000000000,4.0400000000,52418022.0000000000,128229.0000000000,0.0149000000,0.5241802200,东方财富沪深京A股延迟行情直连,2026-08-25
600328,中盐化工,6.4300000000,6.3600000000,52417306.0000000000,81486.0000000000,0.0110000000,0.5241730600,东方财富沪深京A股延迟行情直连,2026-08-25
688103,国力电子,71.9100000000,74.1300000000,52404329.0000000000,7296.0000000000,-0.0299000000,0.5240432900,东方财富沪深京A股延迟行情直连,2026-08-25
002483,润邦股份,5.2300000000,5.4600000000,52385215.0000000000,101179.0000000000,-0.0421000000,0.5238521500,东方财富沪深京A股延迟行情直连,2026-08-25
002673,西部证券,6.5400000000,6.4700000000,52333355.2400000021,80135.0000000000,0.0108000000,0.5233335524,东方财富沪深京A股延迟行情直连,2026-08-25
603209,兴通股份,14.3300000000,14.6500000000,52327978.0000000000,36222.0000000000,-0.0218000000,0.5232797800,东方财富沪深京A股延迟行情直连,2026-08-25
000026,飞亚达,19.4000000000,19.7100000000,52320414.0000000000,27074.0000000000,-0.0157000000,0.5232041400,东方财富沪深京A股延迟行情直连,2026-08-25
002926,华西证券,8.2600000000,8.2300000000,52302853.0000000000,63062.0000000000,0.0036000000,0.5230285300,东方财富沪深京A股延迟行情直连,2026-08-25
600645,中源协和,19.4100000000,19.2300000000,52287867.0000000000,27190.0000000000,0.0094000000,0.5228786700,东方财富沪深京A股延迟行情直连,2026-08-25
605178,时空科技,64.1300000000,65.3500000000,52229814.0000000000,8171.0000000000,-0.0187000000,0.5222981400,东方财富沪深京A股延迟行情直连,2026-08-25
601717,中创智领,15.0500000000,15.1200000000,52224309.0000000000,34653.0000000000,-0.0046000000,0.5222430900,东方财富沪深京A股延迟行情直连,2026-08-25
603106,恒银科技,7.4900000000,7.6300000000,52215438.0000000000,70392.0000000000,-0.0183000000,0.5221543800,东方财富沪深京A股延迟行情直连,2026-08-25
000721,西安饮食,6.5600000000,6.4000000000,52206397.0000000000,79416.0000000000,0.0250000000,0.5220639700,东方财富沪深京A股延迟行情直连,2026-08-25
920059,双英集团,15.1300000000,14.9600000000,52185183.8100000024,34222.0000000000,0.0114000000,0.5218518381,东方财富沪深京A股延迟行情直连,2026-08-25
001332,锡装股份,27.3900000000,30.2600000000,52150496.9500000030,18998.0000000000,-0.0948000000,0.5215049695,东方财富沪深京A股延迟行情直连,2026-08-25
920088,科力股份,44.6200000000,44.2000000000,52130198.8599999994,11813.0000000000,0.0095000000,0.5213019886,东方财富沪深京A股延迟行情直连,2026-08-25
688318,财富趋势,73.4300000000,73.6000000000,52128639.0000000000,7094.0000000000,-0.0023000000,0.5212863900,东方财富沪深京A股延迟行情直连,2026-08-25
002670,国盛证券,10.7300000000,10.6900000000,52127159.8999999985,48372.0000000000,0.0037000000,0.5212715990,东方财富沪深京A股延迟行情直连,2026-08-25
300482,万孚生物,16.2400000000,16.0000000000,52126541.5200000033,32581.0000000000,0.0150000000,0.5212654152,东方财富沪深京A股延迟行情直连,2026-08-25
688223,晶科能源,4.3200000000,4.3300000000,52074051.0000000000,120920.0000000000,-0.0023000000,0.5207405100,东方财富沪深京A股延迟行情直连,2026-08-25
688173,希荻微,13.5800000000,13.7700000000,52041155.0000000000,38746.0000000000,-0.0138000000,0.5204115500,东方财富沪深京A股延迟行情直连,2026-08-25
002151,北斗星通,27.7300000000,27.7200000000,52030544.6000000015,18890.0000000000,0.0004000000,0.5203054460,东方财富沪深京A股延迟行情直连,2026-08-25
000860,顺鑫农业,10.4800000000,10.1800000000,51953984.6799999997,49839.0000000000,0.0295000000,0.5195398468,东方财富沪深京A股延迟行情直连,2026-08-25
600023,浙能电力,4.9000000000,4.8600000000,51876747.0000000000,106491.0000000000,0.0082000000,0.5187674700,东方财富沪深京A股延迟行情直连,2026-08-25
300700,岱勒新材,18.5000000000,18.5800000000,51786802.0000000000,28540.0000000000,-0.0043000000,0.5178680200,东方财富沪深京A股延迟行情直连,2026-08-25
300696,爱乐达,19.4600000000,20.1000000000,51749899.0000000000,26829.0000000000,-0.0318000000,0.5174989900,东方财富沪深京A股延迟行情直连,2026-08-25
301360,荣旗科技,54.3000000000,55.1000000000,51709845.6400000006,9618.0000000000,-0.0145000000,0.5170984564,东方财富沪深京A股延迟行情直连,2026-08-25
300034,钢研高纳,15.4900000000,15.5300000000,51705814.2000000030,33614.0000000000,-0.0026000000,0.5170581420,东方财富沪深京A股延迟行情直连,2026-08-25
301166,优宁维,29.5500000000,29.0000000000,51692071.0000000000,17596.0000000000,0.0190000000,0.5169207100,东方财富沪深京A股延迟行情直连,2026-08-25
002925,盈趣科技,21.8800000000,22.1700000000,51624912.1000000015,23676.0000000000,-0.0131000000,0.5162491210,东方财富沪深京A股延迟行情直连,2026-08-25
603599,广信股份,10.1000000000,10.0100000000,51582410.0000000000,50953.0000000000,0.0090000000,0.5158241000,东方财富沪深京A股延迟行情直连,2026-08-25
688599,天合光能,12.6300000000,12.6400000000,51550958.0000000000,41036.0000000000,-0.0008000000,0.5155095800,东方财富沪深京A股延迟行情直连,2026-08-25
300913,兆龙互连,34.7800000000,34.9000000000,51532610.6700000018,14909.0000000000,-0.0034000000,0.5153261067,东方财富沪深京A股延迟行情直连,2026-08-25
688568,中科星图,30.9800000000,31.0000000000,51528461.0000000000,16665.0000000000,-0.0006000000,0.5152846100,东方财富沪深京A股延迟行情直连,2026-08-25
002832,比音勒芬,24.2300000000,24.1700000000,51513708.9200000018,21149.0000000000,0.0025000000,0.5151370892,东方财富沪深京A股延迟行情直连,2026-08-25
603698,航天工程,21.0200000000,21.2000000000,51277428.0000000000,24483.0000000000,-0.0085000000,0.5127742800,东方财富沪深京A股延迟行情直连,2026-08-25
603687,大胜达,13.0200000000,13.1000000000,51191478.0000000000,39646.0000000000,-0.0061000000,0.5119147800,东方财富沪深京A股延迟行情直连,2026-08-25
688601,力芯微,47.7100000000,49.4000000000,51182358.0000000000,10684.0000000000,-0.0342000000,0.5118235800,东方财富沪深京A股延迟行情直连,2026-08-25
603662,柯力传感,47.6000000000,47.9700000000,51171693.0000000000,10793.0000000000,-0.0077000000,0.5117169300,东方财富沪深京A股延迟行情直连,2026-08-25
000158,常山北明,12.4600000000,12.3900000000,51147516.8800000027,41140.0000000000,0.0056000000,0.5114751688,东方财富沪深京A股延迟行情直连,2026-08-25
300872,天阳科技,15.0900000000,15.0000000000,51114946.9200000018,34073.0000000000,0.0060000000,0.5111494692,东方财富沪深京A股延迟行情直连,2026-08-25
601858,中国科传,21.6200000000,21.7400000000,50992364.0000000000,23693.0000000000,-0.0055000000,0.5099236400,东方财富沪深京A股延迟行情直连,2026-08-25
300774,倍杰特,10.9400000000,11.1300000000,50938285.0000000000,46638.0000000000,-0.0171000000,0.5093828500,东方财富沪深京A股延迟行情直连,2026-08-25
300867,圣元环保,18.0000000000,17.6800000000,50934158.8400000036,28515.0000000000,0.0181000000,0.5093415884,东方财富沪深京A股延迟行情直连,2026-08-25
603160,汇顶科技,47.3800000000,47.2900000000,50919583.0000000000,10833.0000000000,0.0019000000,0.5091958300,东方财富沪深京A股延迟行情直连,2026-08-25
300692,中赋科技,9.0200000000,8.9900000000,50918378.0000000000,57084.0000000000,0.0033000000,0.5091837800,东方财富沪深京A股延迟行情直连,2026-08-25
601881,中国银河,11.9800000000,12.0300000000,50915401.0000000000,42360.0000000000,-0.0042000000,0.5091540100,东方财富沪深京A股延迟行情直连,2026-08-25
002216,三全食品,11.9700000000,12.4000000000,50814595.9600000009,42507.0000000000,-0.0347000000,0.5081459596,东方财富沪深京A股延迟行情直连,2026-08-25
688383,新益昌,119.6000000000,122.7700000000,50812731.0000000000,4286.0000000000,-0.0258000000,0.5081273100,东方财富沪深京A股延迟行情直连,2026-08-25
600901,江苏金租,6.6300000000,6.6300000000,50809107.0000000000,76449.0000000000,0.0000000000,0.5080910700,东方财富沪深京A股延迟行情直连,2026-08-25
000989,九芝堂,8.7200000000,8.6600000000,50805117.0000000000,58659.0000000000,0.0069000000,0.5080511700,东方财富沪深京A股延迟行情直连,2026-08-25
000987,越秀资本,7.5000000000,7.4900000000,50742735.4600000009,67629.0000000000,0.0013000000,0.5074273546,东方财富沪深京A股延迟行情直连,2026-08-25
002254,泰和新材,12.2200000000,12.1300000000,50695786.4399999976,41784.0000000000,0.0074000000,0.5069578644,东方财富沪深京A股延迟行情直连,2026-08-25
002931,锋龙股份,46.2700000000,46.1700000000,50690174.0000000000,11052.0000000000,0.0022000000,0.5069017400,东方财富沪深京A股延迟行情直连,2026-08-25
920093,信胜科技,19.3700000000,19.3900000000,50668732.7800000012,26123.0000000000,-0.0010000000,0.5066873278,东方财富沪深京A股延迟行情直连,2026-08-25
300157,新锦动力,3.9600000000,3.8200000000,50655093.7800000012,129847.0000000000,0.0366000000,0.5065509378,东方财富沪深京A股延迟行情直连,2026-08-25
000685,中山公用,11.1300000000,11.1100000000,50635351.0000000000,45285.0000000000,0.0018000000,0.5063535100,东方财富沪深京A股延迟行情直连,2026-08-25
920125,鸿仕达,116.0000000000,120.0000000000,50598273.8999999985,4418.0000000000,-0.0333000000,0.5059827390,东方财富沪深京A股延迟行情直连,2026-08-25
300041,回天新材,10.4500000000,10.6000000000,50596965.1099999994,48763.0000000000,-0.0142000000,0.5059696511,东方财富沪深京A股延迟行情直连,2026-08-25
688117,圣诺生物,24.1500000000,24.2000000000,50511946.0000000000,21138.0000000000,-0.0021000000,0.5051194600,东方财富沪深京A股延迟行情直连,2026-08-25
600123,兰花科创,7.4000000000,7.3000000000,50461037.0000000000,68497.0000000000,0.0137000000,0.5046103700,东方财富沪深京A股延迟行情直连,2026-08-25
600801,华新建材,23.2100000000,23.5900000000,50418749.0000000000,21579.0000000000,-0.0161000000,0.5041874900,东方财富沪深京A股延迟行情直连,2026-08-25
600054,黄山旅游,11.3100000000,11.1000000000,50415726.0000000000,44656.0000000000,0.0189000000,0.5041572600,东方财富沪深京A股延迟行情直连,2026-08-25
002120,韵达股份,6.6000000000,6.6200000000,50410768.0000000000,76402.0000000000,-0.0030000000,0.5041076800,东方财富沪深京A股延迟行情直连,2026-08-25
600793,宜宾纸业,14.2600000000,13.9300000000,50376880.0000000000,35405.0000000000,0.0237000000,0.5037688000,东方财富沪深京A股延迟行情直连,2026-08-25
688621,阳光诺和,64.4800000000,65.0000000000,50295074.0000000000,7839.0000000000,-0.0080000000,0.5029507400,东方财富沪深京A股延迟行情直连,2026-08-25
603211,晋拓股份,21.4800000000,22.0100000000,50284184.0000000000,23494.0000000000,-0.0241000000,0.5028418400,东方财富沪深京A股延迟行情直连,2026-08-25
000921,海信家电,25.2200000000,24.7800000000,50267263.0000000000,20036.0000000000,0.0178000000,0.5026726300,东方财富沪深京A股延迟行情直连,2026-08-25
600433,冠豪高新,3.3500000000,3.2500000000,50260508.0000000000,151637.0000000000,0.0308000000,0.5026050800,东方财富沪深京A股延迟行情直连,2026-08-25
601727,上海电气,6.4800000000,6.4500000000,50254190.0000000000,77833.0000000000,0.0047000000,0.5025419000,东方财富沪深京A股延迟行情直连,2026-08-25
603171,税友股份,40.9500000000,41.4700000000,50247655.0000000000,12262.0000000000,-0.0125000000,0.5024765500,东方财富沪深京A股延迟行情直连,2026-08-25
603285,键邦股份,33.3200000000,34.3000000000,50162328.0000000000,14985.0000000000,-0.0286000000,0.5016232800,东方财富沪深京A股延迟行情直连,2026-08-25
300922,天秦装备,17.6800000000,17.1100000000,50115727.0000000000,28539.0000000000,0.0333000000,0.5011572700,东方财富沪深京A股延迟行情直连,2026-08-25
300440,运达科技,18.5700000000,18.8000000000,50065622.0000000000,27296.0000000000,-0.0122000000,0.5006562200,东方财富沪深京A股延迟行情直连,2026-08-25
601577,长沙银行,9.6100000000,9.6800000000,50060563.0000000000,51799.0000000000,-0.0072000000,0.5006056300,东方财富沪深京A股延迟行情直连,2026-08-25
301050,雷电微力,27.4800000000,27.9100000000,49957618.7599999979,18174.0000000000,-0.0154000000,0.4995761876,东方财富沪深京A股延迟行情直连,2026-08-25
002488,金固股份,7.8800000000,7.8400000000,49850356.0399999991,64045.0000000000,0.0051000000,0.4985035604,东方财富沪深京A股延迟行情直连,2026-08-25
002793,罗欣药业,4.6900000000,4.6600000000,49794654.3999999985,108212.0000000000,0.0064000000,0.4979465440,东方财富沪深京A股延迟行情直连,2026-08-25
301122,采纳股份,38.1500000000,39.0000000000,49739360.2000000030,13061.0000000000,-0.0218000000,0.4973936020,东方财富沪深京A股延迟行情直连,2026-08-25
688319,欧林生物,27.5700000000,27.8200000000,49671747.0000000000,18091.0000000000,-0.0090000000,0.4967174700,东方财富沪深京A股延迟行情直连,2026-08-25
300941,创识科技,15.4000000000,15.2900000000,49626449.5200000033,32676.0000000000,0.0072000000,0.4962644952,东方财富沪深京A股延迟行情直连,2026-08-25
002158,汉钟精机,25.4800000000,25.9600000000,49570359.2299999967,19570.0000000000,-0.0185000000,0.4957035923,东方财富沪深京A股延迟行情直连,2026-08-25
003013,地铁设计,18.3800000000,19.0000000000,49412615.0000000000,26782.0000000000,-0.0326000000,0.4941261500,东方财富沪深京A股延迟行情直连,2026-08-25
300986,志特新材,11.4100000000,11.5000000000,49366607.1499999985,43589.0000000000,-0.0078000000,0.4936660715,东方财富沪深京A股延迟行情直连,2026-08-25
300094,国联水产,2.8600000000,2.8200000000,49218753.0000000000,172930.0000000000,0.0142000000,0.4921875300,东方财富沪深京A股延迟行情直连,2026-08-25
300859,西域旅游,26.6400000000,26.2000000000,50249293.6799999997,18801.0000000000,0.0168000000,0.5024929368,东方财富沪深京A股延迟行情直连,2026-08-25
600446,金证股份,10.6900000000,10.6200000000,50247634.0000000000,47072.0000000000,0.0066000000,0.5024763400,东方财富沪深京A股延迟行情直连,2026-08-25
688553,汇宇制药-W,11.9300000000,12.0400000000,50140904.0000000000,42148.0000000000,-0.0091000000,0.5014090400,东方财富沪深京A股延迟行情直连,2026-08-25
301328,维峰电子,55.9000000000,57.3300000000,50109701.3999999985,9010.0000000000,-0.0249000000,0.5010970140,东方财富沪深京A股延迟行情直连,2026-08-25
002748,世龙实业,12.2600000000,11.8900000000,50082275.6799999997,41356.0000000000,0.0311000000,0.5008227568,东方财富沪深京A股延迟行情直连,2026-08-25
300638,广和通,18.4300000000,18.6500000000,50034899.4099999964,27222.0000000000,-0.0118000000,0.5003489941,东方财富沪深京A股延迟行情直连,2026-08-25
688375,国博电子,76.6200000000,77.4100000000,49995612.0000000000,6558.0000000000,-0.0102000000,0.4999561200,东方财富沪深京A股延迟行情直连,2026-08-25
300197,节能铁汉,2.0100000000,1.9900000000,49991027.0000000000,252245.0000000000,0.0101000000,0.4999102700,东方财富沪深京A股延迟行情直连,2026-08-25
605222,起帆电缆,19.8600000000,19.3100000000,49933263.0000000000,25508.0000000000,0.0285000000,0.4993326300,东方财富沪深京A股延迟行情直连,2026-08-25
300917,特发服务,26.4200000000,25.7700000000,49823591.4399999976,19020.0000000000,0.0252000000,0.4982359144,东方财富沪深京A股延迟行情直连,2026-08-25
003026,中晶科技,28.5300000000,29.2400000000,49810977.9500000030,17589.0000000000,-0.0243000000,0.4981097795,东方财富沪深京A股延迟行情直连,2026-08-25
002223,鱼跃医疗,25.9600000000,25.9900000000,49789040.0700000003,19190.0000000000,-0.0012000000,0.4978904007,东方财富沪深京A股延迟行情直连,2026-08-25
600481,双良节能,4.2300000000,4.1900000000,49777986.0000000000,118790.0000000000,0.0095000000,0.4977798600,东方财富沪深京A股延迟行情直连,2026-08-25
601218,吉鑫科技,4.4100000000,4.2500000000,49773894.0000000000,114100.0000000000,0.0376000000,0.4977389400,东方财富沪深京A股延迟行情直连,2026-08-25
301202,朗威股份,36.3500000000,37.3500000000,49711554.9799999967,13837.0000000000,-0.0268000000,0.4971155498,东方财富沪深京A股延迟行情直连,2026-08-25
300959,线上线下,88.4300000000,90.5800000000,49634715.0000000000,5636.0000000000,-0.0237000000,0.4963471500,东方财富沪深京A股延迟行情直连,2026-08-25
300850,新强联,24.7600000000,25.0600000000,49592308.0000000000,20068.0000000000,-0.0120000000,0.4959230800,东方财富沪深京A股延迟行情直连,2026-08-25
688155,先惠技术,58.2900000000,60.0000000000,49566304.0000000000,8476.0000000000,-0.0285000000,0.4956630400,东方财富沪深京A股延迟行情直连,2026-08-25
300890,翔丰华,26.5300000000,26.9900000000,49419040.3400000036,18566.0000000000,-0.0170000000,0.4941904034,东方财富沪深京A股延迟行情直连,2026-08-25
000007,全新好,12.8400000000,12.7400000000,49338051.8900000006,39038.0000000000,0.0078000000,0.4933805189,东方财富沪深京A股延迟行情直连,2026-08-25
603163,圣晖集成,77.8300000000,80.1000000000,49290377.0000000000,6396.0000000000,-0.0283000000,0.4929037700,东方财富沪深京A股延迟行情直连,2026-08-25
603199,九华旅游,34.2000000000,33.8700000000,49265549.0000000000,14351.0000000000,0.0097000000,0.4926554900,东方财富沪深京A股延迟行情直连,2026-08-25
601808,中海油服,12.4600000000,12.3900000000,49263800.0000000000,39619.0000000000,0.0056000000,0.4926380000,东方财富沪深京A股延迟行情直连,2026-08-25
603036,如通股份,15.5800000000,15.5000000000,49242289.0000000000,31807.0000000000,0.0052000000,0.4924228900,东方财富沪深京A股延迟行情直连,2026-08-25
600155,华创云信,5.8600000000,5.7800000000,49174323.0000000000,84150.0000000000,0.0138000000,0.4917432300,东方财富沪深京A股延迟行情直连,2026-08-25
688371,菲沃泰,26.0800000000,27.0000000000,49168371.0000000000,18987.0000000000,-0.0341000000,0.4916837100,东方财富沪深京A股延迟行情直连,2026-08-25
003022,联泓新科,19.8100000000,20.2500000000,49166454.0000000000,24706.0000000000,-0.0217000000,0.4916645400,东方财富沪深京A股延迟行情直连,2026-08-25
600750,华润江中,23.0100000000,22.5200000000,49100730.0000000000,21508.0000000000,0.0218000000,0.4910073000,东方财富沪深京A股延迟行情直连,2026-08-25
600452,涪陵电力,9.1000000000,9.0300000000,49098436.0000000000,54186.0000000000,0.0078000000,0.4909843600,东方财富沪深京A股延迟行情直连,2026-08-25
600872,中炬高新,18.4000000000,18.1800000000,49092236.0000000000,26806.0000000000,0.0121000000,0.4909223600,东方财富沪深京A股延迟行情直连,2026-08-25
301498,乖宝宠物,38.2600000000,37.7700000000,49067817.3800000027,12865.0000000000,0.0130000000,0.4906781738,东方财富沪深京A股延迟行情直连,2026-08-25
000758,中色股份,6.0700000000,6.1400000000,49016487.2199999988,80134.0000000000,-0.0114000000,0.4901648722,东方财富沪深京A股延迟行情直连,2026-08-25
688379,华光新材,53.2800000000,54.0800000000,48961052.0000000000,9366.0000000000,-0.0148000000,0.4896105200,东方财富沪深京A股延迟行情直连,2026-08-25
600315,上海家化,18.3800000000,18.2300000000,48926695.0000000000,26621.0000000000,0.0082000000,0.4892669500,东方财富沪深京A股延迟行情直连,2026-08-25
601333,广深铁路,2.9300000000,2.9200000000,48885499.0000000000,167052.0000000000,0.0034000000,0.4888549900,东方财富沪深京A股延迟行情直连,2026-08-25
002313,日海智能,8.5800000000,8.7500000000,48860016.7999999970,56691.0000000000,-0.0194000000,0.4886001680,东方财富沪深京A股延迟行情直连,2026-08-25
688077,大地熊,28.5600000000,28.5100000000,48817766.0000000000,16790.0000000000,0.0018000000,0.4881776600,东方财富沪深京A股延迟行情直连,2026-08-25
002902,铭普光磁,23.7400000000,24.0400000000,48756491.0000000000,20701.0000000000,-0.0125000000,0.4875649100,东方财富沪深京A股延迟行情直连,2026-08-25
301015,百洋医药,24.6000000000,24.8700000000,48666411.9900000021,19745.0000000000,-0.0109000000,0.4866641199,东方财富沪深京A股延迟行情直连,2026-08-25
002669,康达新材,11.3100000000,11.4500000000,48631021.0799999982,43454.0000000000,-0.0122000000,0.4863102108,东方财富沪深京A股延迟行情直连,2026-08-25
600520,三佳科技,23.4700000000,24.2100000000,48535853.0000000000,20740.0000000000,-0.0306000000,0.4853585300,东方财富沪深京A股延迟行情直连,2026-08-25
000625,长安汽车,7.0600000000,7.0500000000,48531718.0000000000,68818.0000000000,0.0014000000,0.4853171800,东方财富沪深京A股延迟行情直连,2026-08-25
600539,狮头股份,14.7300000000,14.8600000000,48509915.0000000000,33221.0000000000,-0.0087000000,0.4850991500,东方财富沪深京A股延迟行情直连,2026-08-25
301363,美好医疗,16.2100000000,16.1500000000,48435881.0000000000,29882.0000000000,0.0037000000,0.4843588100,东方财富沪深京A股延迟行情直连,2026-08-25
000539,粤电力Ａ,5.2800000000,5.3200000000,48431500.6599999964,91963.0000000000,-0.0075000000,0.4843150066,东方财富沪深京A股延迟行情直连,2026-08-25
300246,宝莱特,14.7100000000,14.8000000000,48405630.5399999991,32615.0000000000,-0.0061000000,0.4840563054,东方财富沪深京A股延迟行情直连,2026-08-25
002324,普利特,8.8800000000,8.9500000000,48350031.2800000012,54801.0000000000,-0.0078000000,0.4835003128,东方财富沪深京A股延迟行情直连,2026-08-25
002244,滨江集团,8.9900000000,9.0100000000,48298309.5000000000,53570.0000000000,-0.0022000000,0.4829830950,东方财富沪深京A股延迟行情直连,2026-08-25
600300,维维股份,3.1600000000,3.1800000000,48219563.0000000000,153517.0000000000,-0.0063000000,0.4821956300,东方财富沪深京A股延迟行情直连,2026-08-25
300007,汉威科技,30.4700000000,30.6700000000,48215778.9399999976,15929.0000000000,-0.0065000000,0.4821577894,东方财富沪深京A股延迟行情直连,2026-08-25
002755,奥赛康,11.8600000000,11.9700000000,48160407.0000000000,40538.0000000000,-0.0092000000,0.4816040700,东方财富沪深京A股延迟行情直连,2026-08-25
300571,平治信息,29.1200000000,29.5800000000,48113967.0000000000,16680.0000000000,-0.0156000000,0.4811396700,东方财富沪深京A股延迟行情直连,2026-08-25
300413,芒果超媒,13.9900000000,13.9800000000,48089426.1599999964,34474.0000000000,0.0007000000,0.4808942616,东方财富沪深京A股延迟行情直连,2026-08-25
603682,锦和商管,11.2500000000,11.2700000000,47965351.0000000000,42982.0000000000,-0.0018000000,0.4796535100,东方财富沪深京A股延迟行情直连,2026-08-25
600339,中油工程,3.4200000000,3.3900000000,47939406.0000000000,141022.0000000000,0.0088000000,0.4793940600,东方财富沪深京A股延迟行情直连,2026-08-25
688448,磁谷科技,62.2100000000,64.5800000000,47883674.0000000000,7688.0000000000,-0.0367000000,0.4788367400,东方财富沪深京A股延迟行情直连,2026-08-25
003000,劲仔食品,9.5200000000,9.9500000000,47841538.9399999976,50055.0000000000,-0.0432000000,0.4784153894,东方财富沪深京A股延迟行情直连,2026-08-25
000400,许继电气,21.9700000000,21.8700000000,47817616.0000000000,21785.0000000000,0.0046000000,0.4781761600,东方财富沪深京A股延迟行情直连,2026-08-25
000927,中国铁物,2.4600000000,2.4100000000,47813163.3999999985,195716.0000000000,0.0207000000,0.4781316340,东方财富沪深京A股延迟行情直连,2026-08-25
002298,中电鑫龙,7.8300000000,7.9400000000,47775360.0000000000,61515.0000000000,-0.0139000000,0.4777536000,东方财富沪深京A股延迟行情直连,2026-08-25
301207,华兰疫苗,17.0100000000,17.0800000000,47735905.5000000000,28302.0000000000,-0.0041000000,0.4773590550,东方财富沪深京A股延迟行情直连,2026-08-25
600691,潞化科技,2.6000000000,2.5500000000,47706453.0000000000,183917.0000000000,0.0196000000,0.4770645300,东方财富沪深京A股延迟行情直连,2026-08-25
300315,掌趣科技,3.8600000000,3.8200000000,47645280.0000000000,124032.0000000000,0.0105000000,0.4764528000,东方财富沪深京A股延迟行情直连,2026-08-25
300224,正海磁材,11.0400000000,11.0200000000,47633790.0000000000,42915.0000000000,0.0018000000,0.4763379000,东方财富沪深京A股延迟行情直连,2026-08-25
688087,英科再生,42.7100000000,40.9800000000,47624175.0000000000,11263.0000000000,0.0422000000,0.4762417500,东方财富沪深京A股延迟行情直连,2026-08-25
300332,天壕能源,5.0100000000,4.9600000000,47590134.0000000000,95658.0000000000,0.0101000000,0.4759013400,东方财富沪深京A股延迟行情直连,2026-08-25
002993,奥海科技,36.5900000000,37.2900000000,47547455.2800000012,13067.0000000000,-0.0188000000,0.4754745528,东方财富沪深京A股延迟行情直连,2026-08-25
600511,国药股份,26.5900000000,26.2600000000,47523364.0000000000,17925.0000000000,0.0126000000,0.4752336400,东方财富沪深京A股延迟行情直连,2026-08-25
002270,华明装备,19.5800000000,19.5200000000,47514597.3400000036,24342.0000000000,0.0031000000,0.4751459734,东方财富沪深京A股延迟行情直连,2026-08-25
000937,冀中能源,4.8800000000,4.8200000000,47504729.6000000015,97247.0000000000,0.0124000000,0.4750472960,东方财富沪深京A股延迟行情直连,2026-08-25
002549,凯美特气,13.3200000000,13.4400000000,47491811.1000000015,35863.0000000000,-0.0089000000,0.4749181110,东方财富沪深京A股延迟行情直连,2026-08-25
301665,泰禾股份,24.6100000000,24.2300000000,47446609.2599999979,19234.0000000000,0.0157000000,0.4744660926,东方财富沪深京A股延迟行情直连,2026-08-25
688029,南微医学,74.8500000000,73.8500000000,47439042.0000000000,6340.0000000000,0.0135000000,0.4743904200,东方财富沪深京A股延迟行情直连,2026-08-25
300632,光莆股份,17.8200000000,18.1300000000,47324396.0000000000,26767.0000000000,-0.0171000000,0.4732439600,东方财富沪深京A股延迟行情直连,2026-08-25
300227,光韵达,11.5500000000,11.7200000000,47315941.0000000000,41243.0000000000,-0.0145000000,0.4731594100,东方财富沪深京A股延迟行情直连,2026-08-25
300736,百邦科技,29.2600000000,29.7500000000,47283329.0000000000,16245.0000000000,-0.0165000000,0.4728332900,东方财富沪深京A股延迟行情直连,2026-08-25
688108,赛诺医疗,17.2800000000,17.6300000000,47265936.0000000000,27470.0000000000,-0.0199000000,0.4726593600,东方财富沪深京A股延迟行情直连,2026-08-25
603128,华贸物流,5.5300000000,5.4000000000,47253344.0000000000,85636.0000000000,0.0241000000,0.4725334400,东方财富沪深京A股延迟行情直连,2026-08-25
688785,恒运昌,259.3000000000,273.5000000000,47231512.0000000000,1810.0000000000,-0.0519000000,0.4723151200,东方财富沪深京A股延迟行情直连,2026-08-25
002534,西子洁能,14.6800000000,15.1000000000,47215766.4299999997,32226.0000000000,-0.0278000000,0.4721576643,东方财富沪深京A股延迟行情直连,2026-08-25
600161,天坛生物,12.1000000000,11.9400000000,47197313.0000000000,39048.0000000000,0.0134000000,0.4719731300,东方财富沪深京A股延迟行情直连,2026-08-25
300575,中旗股份,5.9800000000,5.8600000000,47173774.1000000015,78906.0000000000,0.0205000000,0.4717377410,东方财富沪深京A股延迟行情直连,2026-08-25
600189,泉阳泉,7.5200000000,7.3300000000,47118197.0000000000,62621.0000000000,0.0259000000,0.4711819700,东方财富沪深京A股延迟行情直连,2026-08-25
688484,南芯科技,34.0600000000,34.8500000000,47108675.0000000000,13849.0000000000,-0.0227000000,0.4710867500,东方财富沪深京A股延迟行情直连,2026-08-25
688639,华恒生物,16.2600000000,16.0800000000,47037440.0000000000,28735.0000000000,0.0112000000,0.4703744000,东方财富沪深京A股延迟行情直连,2026-08-25
002457,青龙管业,10.8100000000,10.7000000000,47027379.0000000000,43874.0000000000,0.0103000000,0.4702737900,东方财富沪深京A股延迟行情直连,2026-08-25
301448,开创电气,42.2300000000,41.2500000000,46822735.4399999976,11024.0000000000,0.0238000000,0.4682273544,东方财富沪深京A股延迟行情直连,2026-08-25
000888,峨眉山Ａ,9.9400000000,9.7800000000,46765331.4799999967,47117.0000000000,0.0164000000,0.4676533148,东方财富沪深京A股延迟行情直连,2026-08-25
600518,康美药业,1.3500000000,1.3400000000,46717280.0000000000,346708.0000000000,0.0075000000,0.4671728000,东方财富沪深京A股延迟行情直连,2026-08-25
301246,宏源药业,20.4600000000,20.8400000000,45738242.2400000021,22443.0000000000,-0.0182000000,0.4573824224,东方财富沪深京A股延迟行情直连,2026-08-25
000551,创元科技,12.1700000000,12.2600000000,45732043.0000000000,37822.0000000000,-0.0073000000,0.4573204300,东方财富沪深京A股延迟行情直连,2026-08-25
300798,锦鸡股份,7.2000000000,7.1500000000,45719440.8800000027,63986.0000000000,0.0070000000,0.4571944088,东方财富沪深京A股延迟行情直连,2026-08-25
601800,中国交建,5.9000000000,5.8700000000,45688383.0000000000,77287.0000000000,0.0051000000,0.4568838300,东方财富沪深京A股延迟行情直连,2026-08-25
600827,百联股份,7.6900000000,7.5400000000,45663387.0000000000,59689.0000000000,0.0199000000,0.4566338700,东方财富沪深京A股延迟行情直连,2026-08-25
000595,新能股份,5.5100000000,5.6400000000,45660809.0000000000,82926.0000000000,-0.0230000000,0.4566080900,东方财富沪深京A股延迟行情直连,2026-08-25
300698,万马科技,25.5800000000,24.9700000000,45575536.0000000000,18342.0000000000,0.0244000000,0.4557553600,东方财富沪深京A股延迟行情直连,2026-08-25
603093,南华期货,11.3500000000,11.3100000000,45554673.0000000000,40097.0000000000,0.0035000000,0.4555467300,东方财富沪深京A股延迟行情直连,2026-08-25
600350,山东高速,10.8000000000,10.7300000000,45527725.0000000000,42185.0000000000,0.0065000000,0.4552772500,东方财富沪深京A股延迟行情直连,2026-08-25
000420,吉林化纤,3.6700000000,3.6400000000,45469588.0000000000,124338.0000000000,0.0082000000,0.4546958800,东方财富沪深京A股延迟行情直连,2026-08-25
600113,浙江东日,29.3300000000,29.6900000000,45437331.0000000000,15401.0000000000,-0.0121000000,0.4543733100,东方财富沪深京A股延迟行情直连,2026-08-25
600566,济川药业,24.8900000000,24.4000000000,45426654.0000000000,18362.0000000000,0.0201000000,0.4542665400,东方财富沪深京A股延迟行情直连,2026-08-25
688685,迈信林,39.1100000000,40.4800000000,45364014.0000000000,11634.0000000000,-0.0338000000,0.4536401400,东方财富沪深京A股延迟行情直连,2026-08-25
002973,侨银股份,11.1600000000,11.5900000000,45311032.0000000000,40094.0000000000,-0.0371000000,0.4531103200,东方财富沪深京A股延迟行情直连,2026-08-25
603679,华体科技,22.2200000000,22.5200000000,45237359.0000000000,20575.0000000000,-0.0133000000,0.4523735900,东方财富沪深京A股延迟行情直连,2026-08-25
600789,鲁抗医药,7.2700000000,7.1900000000,45159273.0000000000,62728.0000000000,0.0111000000,0.4515927300,东方财富沪深京A股延迟行情直连,2026-08-25
300351,永贵电器,13.9100000000,13.6000000000,45137914.0000000000,32928.0000000000,0.0228000000,0.4513791400,东方财富沪深京A股延迟行情直连,2026-08-25
301065,本立科技,20.0800000000,19.2100000000,45104247.1199999973,22800.0000000000,0.0453000000,0.4510424712,东方财富沪深京A股延迟行情直连,2026-08-25
300739,明阳电路,21.8300000000,22.0900000000,45067464.7599999979,20834.0000000000,-0.0118000000,0.4506746476,东方财富沪深京A股延迟行情直连,2026-08-25
603816,顾家家居,25.0800000000,24.7800000000,45063548.0000000000,17978.0000000000,0.0121000000,0.4506354800,东方财富沪深京A股延迟行情直连,2026-08-25
600725,云维股份,3.2800000000,3.1700000000,45032662.0000000000,138922.0000000000,0.0347000000,0.4503266200,东方财富沪深京A股延迟行情直连,2026-08-25
688486,龙迅股份,42.1000000000,43.0800000000,44867787.0000000000,10698.0000000000,-0.0227000000,0.4486778700,东方财富沪深京A股延迟行情直连,2026-08-25
600310,广西能源,4.1600000000,4.1100000000,44832803.0000000000,109027.0000000000,0.0122000000,0.4483280300,东方财富沪深京A股延迟行情直连,2026-08-25
000980,众泰汽车,1.6600000000,1.6200000000,44820757.0000000000,274530.0000000000,0.0247000000,0.4482075700,东方财富沪深京A股延迟行情直连,2026-08-25
600377,宁沪高速,12.3300000000,12.1900000000,44758600.0000000000,36473.0000000000,0.0115000000,0.4475860000,东方财富沪深京A股延迟行情直连,2026-08-25
600158,中体产业,6.9700000000,6.8200000000,44716170.0000000000,64945.0000000000,0.0220000000,0.4471617000,东方财富沪深京A股延迟行情直连,2026-08-25
002785,万里石,33.6700000000,34.3600000000,44678952.4399999976,13265.0000000000,-0.0201000000,0.4467895244,东方财富沪深京A股延迟行情直连,2026-08-25
688181,八亿时空,37.1600000000,38.0700000000,44675090.0000000000,12121.0000000000,-0.0239000000,0.4467509000,东方财富沪深京A股延迟行情直连,2026-08-25
600018,上港集团,5.2300000000,5.2400000000,44613240.0000000000,85211.0000000000,-0.0019000000,0.4461324000,东方财富沪深京A股延迟行情直连,2026-08-25
301003,江苏博云,56.8600000000,57.5000000000,44589302.5000000000,7892.0000000000,-0.0111000000,0.4458930250,东方财富沪深京A股延迟行情直连,2026-08-25
002212,天融信,6.1200000000,6.0400000000,44563210.1300000027,73176.0000000000,0.0132000000,0.4456321013,东方财富沪深京A股延迟行情直连,2026-08-25
688520,神州细胞,36.6200000000,36.3900000000,44562416.0000000000,12283.0000000000,0.0063000000,0.4456241600,东方财富沪深京A股延迟行情直连,2026-08-25
600179,安通控股,4.3800000000,4.3600000000,44529399.0000000000,101160.0000000000,0.0046000000,0.4452939900,东方财富沪深京A股延迟行情直连,2026-08-25
300444,双杰电气,9.6900000000,9.7500000000,44526266.0000000000,46407.0000000000,-0.0062000000,0.4452626600,东方财富沪深京A股延迟行情直连,2026-08-25
603198,迎驾贡酒,39.3700000000,39.7900000000,44499976.0000000000,11235.0000000000,-0.0106000000,0.4449997600,东方财富沪深京A股延迟行情直连,2026-08-25
300369,绿盟科技,6.7200000000,6.6600000000,44479938.8100000024,66610.0000000000,0.0090000000,0.4447993881,东方财富沪深京A股延迟行情直连,2026-08-25
002259,升达林业,3.9400000000,3.8100000000,44470291.0000000000,113603.0000000000,0.0341000000,0.4447029100,东方财富沪深京A股延迟行情直连,2026-08-25
000708,中信特钢,13.8000000000,13.9400000000,44466727.0000000000,32208.0000000000,-0.0100000000,0.4446672700,东方财富沪深京A股延迟行情直连,2026-08-25
600575,淮河能源,3.3400000000,3.3000000000,44425155.0000000000,133616.0000000000,0.0121000000,0.4442515500,东方财富沪深京A股延迟行情直连,2026-08-25
002342,巨力索具,7.4300000000,7.4400000000,44406857.0000000000,60370.0000000000,-0.0013000000,0.4440685700,东方财富沪深京A股延迟行情直连,2026-08-25
002937,兴瑞科技,28.3400000000,29.0500000000,44400043.5600000024,15724.0000000000,-0.0244000000,0.4440004356,东方财富沪深京A股延迟行情直连,2026-08-25
603967,中创物流,11.7600000000,11.2900000000,44385842.0000000000,38015.0000000000,0.0416000000,0.4438584200,东方财富沪深京A股延迟行情直连,2026-08-25
603341,龙旗科技,36.2900000000,36.1800000000,44379643.0000000000,12323.0000000000,0.0030000000,0.4437964300,东方财富沪深京A股延迟行情直连,2026-08-25
000528,柳    工,8.0800000000,8.0500000000,44338554.0499999970,54848.0000000000,0.0037000000,0.4433855405,东方财富沪深京A股延迟行情直连,2026-08-25
600228,返利科技,8.2000000000,8.2000000000,44291009.0000000000,54175.0000000000,0.0000000000,0.4429100900,东方财富沪深京A股延迟行情直连,2026-08-25
603977,国泰集团,11.4000000000,11.7600000000,44287803.0000000000,39336.0000000000,-0.0306000000,0.4428780300,东方财富沪深京A股延迟行情直连,2026-08-25
300682,朗新科技,9.2900000000,9.1900000000,44260846.0000000000,48155.0000000000,0.0109000000,0.4426084600,东方财富沪深京A股延迟行情直连,2026-08-25
920117,龙鑫智能,28.6900000000,30.1300000000,44237352.8699999973,15422.0000000000,-0.0478000000,0.4423735287,东方财富沪深京A股延迟行情直连,2026-08-25
688798,艾为电子,53.1000000000,52.5800000000,44222639.0000000000,8493.0000000000,0.0099000000,0.4422263900,东方财富沪深京A股延迟行情直连,2026-08-25
002743,富煌钢构,4.6100000000,4.4700000000,44185144.0000000000,97994.0000000000,0.0313000000,0.4418514400,东方财富沪深京A股延迟行情直连,2026-08-25
301132,满坤科技,34.9400000000,35.4100000000,44178689.0000000000,12771.0000000000,-0.0133000000,0.4417868900,东方财富沪深京A股延迟行情直连,2026-08-25
603017,中衡设计,9.7500000000,9.3900000000,44147162.0000000000,45671.0000000000,0.0383000000,0.4414716200,东方财富沪深京A股延迟行情直连,2026-08-25
002210,飞马国际,2.2500000000,2.2000000000,44102714.6099999994,198655.0000000000,0.0227000000,0.4410271461,东方财富沪深京A股延迟行情直连,2026-08-25
603518,锦泓集团,7.9400000000,8.0800000000,44095893.0000000000,56184.0000000000,-0.0173000000,0.4409589300,东方财富沪深京A股延迟行情直连,2026-08-25
300617,安靠智电,39.0800000000,40.0000000000,44095478.8800000027,11353.0000000000,-0.0230000000,0.4409547888,东方财富沪深京A股延迟行情直连,2026-08-25
300340,科恒股份,8.8100000000,9.0400000000,44070861.3999999985,49703.0000000000,-0.0254000000,0.4407086140,东方财富沪深京A股延迟行情直连,2026-08-25
301055,张小泉,29.7000000000,29.8200000000,44064002.0000000000,15043.0000000000,-0.0040000000,0.4406400200,东方财富沪深京A股延迟行情直连,2026-08-25
603458,勘设股份,9.2900000000,9.2200000000,44001522.0000000000,48660.0000000000,0.0076000000,0.4400152200,东方财富沪深京A股延迟行情直连,2026-08-25
300002,神州泰岳,7.9200000000,7.8600000000,43989971.0000000000,55692.0000000000,0.0076000000,0.4398997100,东方财富沪深京A股延迟行情直连,2026-08-25
600273,嘉化能源,6.6400000000,6.5400000000,43969073.0000000000,66700.0000000000,0.0153000000,0.4396907300,东方财富沪深京A股延迟行情直连,2026-08-25
688512,慧智微-U,13.5500000000,13.7500000000,43931542.0000000000,32760.0000000000,-0.0145000000,0.4393154200,东方财富沪深京A股延迟行情直连,2026-08-25
601018,宁波港,3.4500000000,3.4300000000,43923947.0000000000,127397.0000000000,0.0058000000,0.4392394700,东方财富沪深京A股延迟行情直连,2026-08-25
300270,中威电子,11.4100000000,11.4400000000,43922609.0000000000,38720.0000000000,-0.0026000000,0.4392260900,东方财富沪深京A股延迟行情直连,2026-08-25
688115,思林杰,63.1900000000,65.7200000000,43909664.0000000000,6908.0000000000,-0.0385000000,0.4390966400,东方财富沪深京A股延迟行情直连,2026-08-25
300939,秋田微,60.7300000000,61.7200000000,43905500.2000000030,7301.0000000000,-0.0160000000,0.4390550020,东方财富沪深京A股延迟行情直连,2026-08-25
601155,新城控股,10.9600000000,10.8500000000,43890761.0000000000,40134.0000000000,0.0101000000,0.4389076100,东方财富沪深京A股延迟行情直连,2026-08-25
300553,集智股份,40.0400000000,41.0700000000,43881576.5399999991,11012.0000000000,-0.0251000000,0.4388157654,东方财富沪深京A股延迟行情直连,2026-08-25
600998,九州通,4.9000000000,4.9200000000,43854963.0000000000,89643.0000000000,-0.0041000000,0.4385496300,东方财富沪深京A股延迟行情直连,2026-08-25
600372,中航机载,10.8100000000,10.8200000000,43802778.0000000000,40664.0000000000,-0.0009000000,0.4380277800,东方财富沪深京A股延迟行情直连,2026-08-25
601618,中国中冶,2.5800000000,2.5600000000,43677684.0000000000,169343.0000000000,0.0078000000,0.4367768400,东方财富沪深京A股延迟行情直连,2026-08-25
002413,雷科防务,7.5600000000,7.5400000000,43637392.7299999967,58278.0000000000,0.0027000000,0.4363739273,东方财富沪深京A股延迟行情直连,2026-08-25
000738,航发控制,17.7100000000,17.8200000000,43634293.8400000036,24718.0000000000,-0.0062000000,0.4363429384,东方财富沪深京A股延迟行情直连,2026-08-25
300488,恒锋工具,31.7200000000,31.4900000000,43612803.0000000000,13821.0000000000,0.0073000000,0.4361280300,东方财富沪深京A股延迟行情直连,2026-08-25
000039,中集集团,9.1500000000,9.2500000000,43538248.0000000000,47373.0000000000,-0.0108000000,0.4353824800,东方财富沪深京A股延迟行情直连,2026-08-25
301092,争光股份,43.3200000000,44.7000000000,43487841.0000000000,10047.0000000000,-0.0309000000,0.4348784100,东方财富沪深京A股延迟行情直连,2026-08-25
002426,胜利精密,2.6000000000,2.6000000000,43418864.0000000000,168729.0000000000,0.0000000000,0.4341886400,东方财富沪深京A股延迟行情直连,2026-08-25
600600,青岛啤酒,51.0400000000,50.7200000000,43412990.0000000000,8511.0000000000,0.0063000000,0.4341299000,东方财富沪深京A股延迟行情直连,2026-08-25
002443,金洲管道,9.2100000000,9.4000000000,43358064.0000000000,47171.0000000000,-0.0202000000,0.4335806400,东方财富沪深京A股延迟行情直连,2026-08-25
002584,西陇科学,8.0300000000,8.0900000000,43272782.0000000000,54449.0000000000,-0.0074000000,0.4327278200,东方财富沪深京A股延迟行情直连,2026-08-25
301326,捷邦科技,104.7100000000,106.8700000000,43219221.8800000027,4151.0000000000,-0.0202000000,0.4321922188,东方财富沪深京A股延迟行情直连,2026-08-25
003020,立方制药,17.9200000000,17.4900000000,43131260.2000000030,24574.0000000000,0.0246000000,0.4313126020,东方财富沪深京A股延迟行情直连,2026-08-25
601106,中国一重,3.0400000000,3.0000000000,42961946.0000000000,141620.0000000000,0.0133000000,0.4296194600,东方财富沪深京A股延迟行情直连,2026-08-25
301160,翔楼新材,44.5100000000,45.2500000000,42943948.2500000000,9649.0000000000,-0.0164000000,0.4294394825,东方财富沪深京A股延迟行情直连,2026-08-25
300531,优博讯,16.3500000000,16.3600000000,42797544.0000000000,26498.0000000000,-0.0006000000,0.4279754400,东方财富沪深京A股延迟行情直连,2026-08-25
300816,艾可蓝,50.6900000000,51.5500000000,42730561.0000000000,8423.0000000000,-0.0167000000,0.4273056100,东方财富沪深京A股延迟行情直连,2026-08-25
300745,欣锐科技,27.8400000000,28.7300000000,42610537.0000000000,15339.0000000000,-0.0310000000,0.4261053700,东方财富沪深京A股延迟行情直连,2026-08-25
603686,福龙马,12.8100000000,12.4400000000,44014435.0000000000,34894.0000000000,0.0297000000,0.4401443500,东方财富沪深京A股延迟行情直连,2026-08-25
920808,曙光数创,62.3500000000,62.2900000000,43904640.8900000006,7118.0000000000,0.0010000000,0.4390464089,东方财富沪深京A股延迟行情直连,2026-08-25
002797,第一创业,6.3200000000,6.3300000000,43903209.7199999988,69406.0000000000,-0.0016000000,0.4390320972,东方财富沪深京A股延迟行情直连,2026-08-25
002078,太阳纸业,13.8600000000,13.7500000000,43894102.3299999982,31717.0000000000,0.0080000000,0.4389410233,东方财富沪深京A股延迟行情直连,2026-08-25
301007,德迈仕,28.6900000000,29.3400000000,43882392.3999999985,15209.0000000000,-0.0222000000,0.4388239240,东方财富沪深京A股延迟行情直连,2026-08-25
002873,新天药业,8.7100000000,8.3900000000,43857858.0000000000,51016.0000000000,0.0381000000,0.4385785800,东方财富沪深京A股延迟行情直连,2026-08-25
002736,国信证券,9.8600000000,9.8300000000,43852053.6799999997,44436.0000000000,0.0031000000,0.4385205368,东方财富沪深京A股延迟行情直连,2026-08-25
301556,托普云农,57.1800000000,56.2300000000,43833848.9200000018,7636.0000000000,0.0169000000,0.4383384892,东方财富沪深京A股延迟行情直连,2026-08-25
920179,凯德石英,48.9000000000,51.3700000000,43832593.2500000000,8919.0000000000,-0.0481000000,0.4383259325,东方财富沪深京A股延迟行情直连,2026-08-25
000008,神州高铁,2.4900000000,2.4500000000,43782137.0000000000,176805.0000000000,0.0163000000,0.4378213700,东方财富沪深京A股延迟行情直连,2026-08-25
600280,中央商场,3.0200000000,2.9200000000,43742656.0000000000,146044.0000000000,0.0342000000,0.4374265600,东方财富沪深京A股延迟行情直连,2026-08-25
000905,厦门港务,8.7900000000,8.5400000000,43699180.0799999982,50453.0000000000,0.0293000000,0.4369918008,东方财富沪深京A股延迟行情直连,2026-08-25
301035,润丰股份,55.0900000000,56.0500000000,43610548.9399999976,7831.0000000000,-0.0171000000,0.4361054894,东方财富沪深京A股延迟行情直连,2026-08-25
688455,科捷智能,16.1400000000,16.7600000000,43557235.0000000000,26710.0000000000,-0.0370000000,0.4355723500,东方财富沪深京A股延迟行情直连,2026-08-25
601788,光大证券,14.2300000000,14.2500000000,43547386.0000000000,30556.0000000000,-0.0014000000,0.4354738600,东方财富沪深京A股延迟行情直连,2026-08-25
688663,新风光,52.4400000000,53.5900000000,43538259.0000000000,8383.0000000000,-0.0215000000,0.4353825900,东方财富沪深京A股延迟行情直连,2026-08-25
688550,瑞联新材,37.0100000000,37.8700000000,43523839.0000000000,11799.0000000000,-0.0227000000,0.4352383900,东方财富沪深京A股延迟行情直连,2026-08-25
600095,湘财股份,7.8400000000,7.8300000000,43511727.0000000000,55537.0000000000,0.0013000000,0.4351172700,东方财富沪深京A股延迟行情直连,2026-08-25
600038,中直股份,26.9500000000,26.9500000000,43504324.0000000000,16114.0000000000,0.0000000000,0.4350432400,东方财富沪深京A股延迟行情直连,2026-08-25
300314,戴维医疗,12.1900000000,12.4500000000,43421067.0000000000,35477.0000000000,-0.0209000000,0.4342106700,东方财富沪深京A股延迟行情直连,2026-08-25
301209,联合化学,58.3400000000,58.8000000000,43415080.1300000027,7486.0000000000,-0.0078000000,0.4341508013,东方财富沪深京A股延迟行情直连,2026-08-25
688305,科德数控,61.1900000000,62.0800000000,43392314.0000000000,7107.0000000000,-0.0143000000,0.4339231400,东方财富沪深京A股延迟行情直连,2026-08-25
301182,凯旺科技,65.8500000000,66.7200000000,43376134.0000000000,6681.0000000000,-0.0130000000,0.4337613400,东方财富沪深京A股延迟行情直连,2026-08-25
688218,江苏北人,39.6200000000,40.4200000000,43359802.0000000000,11063.0000000000,-0.0198000000,0.4335980200,东方财富沪深京A股延迟行情直连,2026-08-25
300964,本川智能,54.3800000000,55.4400000000,43326667.0000000000,8019.0000000000,-0.0191000000,0.4332666700,东方财富沪深京A股延迟行情直连,2026-08-25
002591,恒大高新,6.2600000000,6.2200000000,43315691.0000000000,69927.0000000000,0.0064000000,0.4331569100,东方财富沪深京A股延迟行情直连,2026-08-25
600075,新疆天业,4.7100000000,4.6200000000,43224956.0000000000,92315.0000000000,0.0195000000,0.4322495600,东方财富沪深京A股延迟行情直连,2026-08-25
300584,海辰药业,31.6100000000,32.7900000000,43219264.0000000000,13615.0000000000,-0.0360000000,0.4321926400,东方财富沪深京A股延迟行情直连,2026-08-25
603406,天富龙,29.4900000000,28.6300000000,43208051.0000000000,14839.0000000000,0.0300000000,0.4320805100,东方财富沪深京A股延迟行情直连,2026-08-25
300393,中来股份,6.2100000000,6.1100000000,43198366.0000000000,69941.0000000000,0.0164000000,0.4319836600,东方财富沪深京A股延迟行情直连,2026-08-25
601616,广电电气,3.9200000000,3.8900000000,43185901.0000000000,110900.0000000000,0.0077000000,0.4318590100,东方财富沪深京A股延迟行情直连,2026-08-25
600685,中船防务,25.6600000000,25.6000000000,43120425.0000000000,16814.0000000000,0.0023000000,0.4312042500,东方财富沪深京A股延迟行情直连,2026-08-25
002073,软控股份,5.9600000000,5.9900000000,43067514.0000000000,72317.0000000000,-0.0050000000,0.4306751400,东方财富沪深京A股延迟行情直连,2026-08-25
000009,中国宝安,7.2100000000,7.2300000000,43067299.0000000000,59642.0000000000,-0.0028000000,0.4306729900,东方财富沪深京A股延迟行情直连,2026-08-25
600710,苏美达,10.5400000000,10.4300000000,42969907.0000000000,40663.0000000000,0.0105000000,0.4296990700,东方财富沪深京A股延迟行情直连,2026-08-25
000403,派林生物,10.4800000000,10.2600000000,42928615.6300000027,41026.0000000000,0.0214000000,0.4292861563,东方财富沪深京A股延迟行情直连,2026-08-25
300267,尔康制药,3.2300000000,3.1700000000,42926792.0000000000,134592.0000000000,0.0189000000,0.4292679200,东方财富沪深京A股延迟行情直连,2026-08-25
603666,亿嘉和,25.9600000000,26.4600000000,42922699.0000000000,16655.0000000000,-0.0189000000,0.4292269900,东方财富沪深京A股延迟行情直连,2026-08-25
002262,恩华药业,21.9000000000,21.8500000000,42893125.0000000000,19604.0000000000,0.0023000000,0.4289312500,东方财富沪深京A股延迟行情直连,2026-08-25
600741,华域汽车,15.4000000000,15.4800000000,42812401.0000000000,27698.0000000000,-0.0052000000,0.4281240100,东方财富沪深京A股延迟行情直连,2026-08-25
002067,景兴纸业,4.0000000000,3.9400000000,42771783.4799999967,107465.0000000000,0.0152000000,0.4277178348,东方财富沪深京A股延迟行情直连,2026-08-25
600085,同仁堂,24.0400000000,23.7800000000,42690798.0000000000,17820.0000000000,0.0109000000,0.4269079800,东方财富沪深京A股延迟行情直连,2026-08-25
600109,国金证券,8.5000000000,8.5300000000,42683406.0000000000,49894.0000000000,-0.0035000000,0.4268340600,东方财富沪深京A股延迟行情直连,2026-08-25
300203,聚光科技,13.2500000000,12.9400000000,42672581.8400000036,32259.0000000000,0.0240000000,0.4267258184,东方财富沪深京A股延迟行情直连,2026-08-25
300294,博雅生物,14.6800000000,14.4300000000,42667337.0000000000,29082.0000000000,0.0173000000,0.4266733700,东方财富沪深京A股延迟行情直连,2026-08-25
603155,新亚强,13.2300000000,13.8200000000,42665237.0000000000,32103.0000000000,-0.0427000000,0.4266523700,东方财富沪深京A股延迟行情直连,2026-08-25
300656,民德电子,25.4200000000,25.5700000000,42596939.0000000000,17120.0000000000,-0.0059000000,0.4259693900,东方财富沪深京A股延迟行情直连,2026-08-25
688125,安达智能,116.2100000000,118.7400000000,42500723.0000000000,3681.0000000000,-0.0213000000,0.4250072300,东方财富沪深京A股延迟行情直连,2026-08-25
301025,读客文化,9.2400000000,9.0400000000,42495350.3599999994,46120.0000000000,0.0221000000,0.4249535036,东方财富沪深京A股延迟行情直连,2026-08-25
300981,中红医疗,14.5800000000,14.4400000000,42465690.9900000021,29295.0000000000,0.0097000000,0.4246569099,东方财富沪深京A股延迟行情直连,2026-08-25
002029,七 匹 狼,8.5900000000,8.4900000000,42461593.0000000000,49745.0000000000,0.0118000000,0.4246159300,东方财富沪深京A股延迟行情直连,2026-08-25
001367,海森药业,20.4300000000,20.4400000000,42447688.0700000003,20889.0000000000,-0.0005000000,0.4244768807,东方财富沪深京A股延迟行情直连,2026-08-25
300070,碧水源,3.4600000000,3.4300000000,42412500.6499999985,122798.0000000000,0.0087000000,0.4241250065,东方财富沪深京A股延迟行情直连,2026-08-25
600850,电科数字,14.3800000000,14.1500000000,42386302.0000000000,29711.0000000000,0.0163000000,0.4238630200,东方财富沪深京A股延迟行情直连,2026-08-25
600351,亚宝药业,6.8900000000,6.7800000000,42383665.0000000000,61978.0000000000,0.0162000000,0.4238366500,东方财富沪深京A股延迟行情直连,2026-08-25
002696,百洋股份,6.2700000000,6.0900000000,42381500.0000000000,68438.0000000000,0.0296000000,0.4238150000,东方财富沪深京A股延迟行情直连,2026-08-25
603931,格林达,34.1100000000,34.9500000000,42377018.0000000000,12476.0000000000,-0.0240000000,0.4237701800,东方财富沪深京A股延迟行情直连,2026-08-25
300181,佐力药业,13.9700000000,13.9800000000,42354581.0000000000,30396.0000000000,-0.0007000000,0.4235458100,东方财富沪深京A股延迟行情直连,2026-08-25
301265,华新科技,19.5100000000,19.7300000000,42348100.0000000000,21793.0000000000,-0.0112000000,0.4234810000,东方财富沪深京A股延迟行情直连,2026-08-25
301387,光大同创,54.4800000000,56.3500000000,42270070.1000000015,7792.0000000000,-0.0332000000,0.4227007010,东方财富沪深京A股延迟行情直连,2026-08-25
301175,中科环保,5.5300000000,5.4400000000,42265368.0000000000,76586.0000000000,0.0165000000,0.4226536800,东方财富沪深京A股延迟行情直连,2026-08-25
601607,上海医药,16.3200000000,16.1900000000,42253670.0000000000,25951.0000000000,0.0080000000,0.4225367000,东方财富沪深京A股延迟行情直连,2026-08-25
603737,三棵树,24.7900000000,25.0700000000,42177745.0000000000,16962.0000000000,-0.0112000000,0.4217774500,东方财富沪深京A股延迟行情直连,2026-08-25
600361,创新新材,3.7100000000,3.7100000000,42167146.0000000000,113274.0000000000,0.0000000000,0.4216714600,东方财富沪深京A股延迟行情直连,2026-08-25
688139,海尔生物,29.7900000000,29.0000000000,42125529.0000000000,14345.0000000000,0.0272000000,0.4212552900,东方财富沪深京A股延迟行情直连,2026-08-25
003042,中农联合,14.0500000000,13.7800000000,42108428.0000000000,29979.0000000000,0.0196000000,0.4210842800,东方财富沪深京A股延迟行情直连,2026-08-25
002955,鸿合科技,34.2700000000,34.6100000000,42097516.0000000000,12353.0000000000,-0.0098000000,0.4209751600,东方财富沪深京A股延迟行情直连,2026-08-25
603112,华翔股份,15.6200000000,15.9600000000,42006862.0000000000,26881.0000000000,-0.0213000000,0.4200686200,东方财富沪深京A股延迟行情直连,2026-08-25
002735,王子新材,11.3200000000,11.3400000000,42003006.0000000000,37394.0000000000,-0.0018000000,0.4200300600,东方财富沪深京A股延迟行情直连,2026-08-25
000848,承德露露,8.5800000000,8.4300000000,41950332.0900000036,49157.0000000000,0.0178000000,0.4195033209,东方财富沪深京A股延迟行情直连,2026-08-25
300188,国投智能,10.4700000000,10.4000000000,41942620.7000000030,40312.0000000000,0.0067000000,0.4194262070,东方财富沪深京A股延迟行情直连,2026-08-25
002601,龙佰集团,15.4700000000,15.3700000000,41882672.0000000000,27098.0000000000,0.0065000000,0.4188267200,东方财富沪深京A股延迟行情直连,2026-08-25
301129,瑞纳智能,23.4500000000,23.8300000000,41858117.9799999967,17923.0000000000,-0.0159000000,0.4185811798,东方财富沪深京A股延迟行情直连,2026-08-25
300634,彩讯股份,19.0200000000,18.9300000000,41824496.0000000000,22177.0000000000,0.0048000000,0.4182449600,东方财富沪深京A股延迟行情直连,2026-08-25
920505,九菱科技,29.1000000000,28.0600000000,41813208.5700000003,14038.0000000000,0.0371000000,0.4181320857,东方财富沪深京A股延迟行情直连,2026-08-25
002840,华统股份,8.1300000000,8.1700000000,41766421.0000000000,51514.0000000000,-0.0049000000,0.4176642100,东方财富沪深京A股延迟行情直连,2026-08-25
002150,正泰电源,21.2000000000,21.9000000000,41763477.3900000006,19599.0000000000,-0.0320000000,0.4176347739,东方财富沪深京A股延迟行情直连,2026-08-25
002444,巨星科技,28.5600000000,28.5900000000,41693523.6000000015,14565.0000000000,-0.0010000000,0.4169352360,东方财富沪深京A股延迟行情直连,2026-08-25
600550,保变电气,10.9600000000,10.9100000000,41684192.0000000000,38318.0000000000,0.0046000000,0.4168419200,东方财富沪深京A股延迟行情直连,2026-08-25
000421,南京公用,5.6100000000,5.5200000000,41674120.0000000000,74394.0000000000,0.0163000000,0.4167412000,东方财富沪深京A股延迟行情直连,2026-08-25
002065,东华软件,6.8200000000,6.8000000000,41648261.0000000000,61271.0000000000,0.0029000000,0.4164826100,东方财富沪深京A股延迟行情直连,2026-08-25
600776,东方通信,12.6200000000,12.5200000000,41577301.0000000000,33255.0000000000,0.0080000000,0.4157730100,东方财富沪深京A股延迟行情直连,2026-08-25
603389,亚振家居,43.2800000000,42.7400000000,41570543.0000000000,9789.0000000000,0.0126000000,0.4157054300,东方财富沪深京A股延迟行情直连,2026-08-25
603300,海南华铁,4.7700000000,4.7100000000,41526076.0000000000,87617.0000000000,0.0127000000,0.4152607600,东方财富沪深京A股延迟行情直连,2026-08-25
002389,航天彩虹,17.5600000000,17.4900000000,41502009.1400000006,23663.0000000000,0.0040000000,0.4150200914,东方财富沪深京A股延迟行情直连,2026-08-25
300291,百纳千成,4.9000000000,4.8000000000,41459962.0000000000,85800.0000000000,0.0208000000,0.4145996200,东方财富沪深京A股延迟行情直连,2026-08-25
300021,大禹节水,3.9600000000,3.8500000000,41459288.0000000000,105176.0000000000,0.0286000000,0.4145928800,东方财富沪深京A股延迟行情直连,2026-08-25
688418,震有科技,31.1900000000,32.1200000000,41438499.0000000000,13293.0000000000,-0.0290000000,0.4143849900,东方财富沪深京A股延迟行情直连,2026-08-25
300749,顶固集创,24.6000000000,24.3000000000,41358527.0000000000,17101.0000000000,0.0123000000,0.4135852700,东方财富沪深京A股延迟行情直连,2026-08-25
300296,利亚德,5.0400000000,5.0200000000,41341844.5099999979,82538.0000000000,0.0040000000,0.4134184451,东方财富沪深京A股延迟行情直连,2026-08-25
002459,晶澳科技,7.1600000000,7.1500000000,41305471.6000000015,57863.0000000000,0.0014000000,0.4130547160,东方财富沪深京A股延迟行情直连,2026-08-25
301002,崧盛股份,26.8600000000,27.5800000000,41298158.0000000000,15460.0000000000,-0.0261000000,0.4129815800,东方财富沪深京A股延迟行情直连,2026-08-25
688227,品高股份,67.1000000000,68.8000000000,41281232.0000000000,6167.0000000000,-0.0247000000,0.4128123200,东方财富沪深京A股延迟行情直连,2026-08-25
000050,深天马Ａ,6.4000000000,6.4100000000,41180891.2500000000,64566.0000000000,-0.0016000000,0.4118089125,东方财富沪深京A股延迟行情直连,2026-08-25
000919,金陵药业,6.6100000000,6.5100000000,41163504.7000000030,62761.0000000000,0.0154000000,0.4116350470,东方财富沪深京A股延迟行情直连,2026-08-25
301058,中粮科工,8.5700000000,8.3300000000,41153474.0000000000,48164.0000000000,0.0288000000,0.4115347400,东方财富沪深京A股延迟行情直连,2026-08-25
605365,立达信,14.1000000000,14.3500000000,41149763.0000000000,29068.0000000000,-0.0174000000,0.4114976300,东方财富沪深京A股延迟行情直连,2026-08-25
600873,梅花生物,7.8600000000,7.8700000000,41120822.0000000000,52221.0000000000,-0.0013000000,0.4112082200,东方财富沪深京A股延迟行情直连,2026-08-25
002449,国星光电,6.4900000000,6.5100000000,41093141.8900000006,63695.0000000000,-0.0031000000,0.4109314189,东方财富沪深京A股延迟行情直连,2026-08-25
002145,钛能化学,4.3200000000,4.3000000000,41074491.3699999973,95236.0000000000,0.0047000000,0.4107449137,东方财富沪深京A股延迟行情直连,2026-08-25
002304,洋河股份,39.1700000000,39.0500000000,41004852.0000000000,10464.0000000000,0.0031000000,0.4100485200,东方财富沪深京A股延迟行情直连,2026-08-25
002181,粤 传 媒,8.1700000000,8.0800000000,40993298.0000000000,50592.0000000000,0.0111000000,0.4099329800,东方财富沪深京A股延迟行情直连,2026-08-25
603188,亚邦股份,4.7100000000,4.6600000000,40952393.0000000000,87753.0000000000,0.0107000000,0.4095239300,东方财富沪深京A股延迟行情直连,2026-08-25
000659,珠海中富,2.7300000000,2.5900000000,40935144.0000000000,153752.0000000000,0.0541000000,0.4093514400,东方财富沪深京A股延迟行情直连,2026-08-25
300651,金陵体育,16.7600000000,16.8600000000,40933246.0000000000,25065.0000000000,-0.0059000000,0.4093324600,东方财富沪深京A股延迟行情直连,2026-08-25
603297,永新光学,102.9800000000,104.9000000000,40891969.0000000000,4004.0000000000,-0.0183000000,0.4089196900,东方财富沪深京A股延迟行情直连,2026-08-25
002097,山河智能,7.2500000000,7.1200000000,40877763.0000000000,56729.0000000000,0.0183000000,0.4087776300,东方财富沪深京A股延迟行情直连,2026-08-25
300397,天和防务,11.2500000000,11.3200000000,40829895.0000000000,36541.0000000000,-0.0062000000,0.4082989500,东方财富沪深京A股延迟行情直连,2026-08-25
600061,国投资本,6.2800000000,6.2600000000,40768159.0000000000,64797.0000000000,0.0032000000,0.4076815900,东方财富沪深京A股延迟行情直连,2026-08-25
000818,航锦科技,11.8200000000,11.7000000000,40752640.7500000000,34837.0000000000,0.0103000000,0.4075264075,东方财富沪深京A股延迟行情直连,2026-08-25
002136,安 纳 达,12.5200000000,12.3300000000,40716035.0000000000,32616.0000000000,0.0154000000,0.4071603500,东方财富沪深京A股延迟行情直连,2026-08-25
002578,闽发铝业,3.8500000000,3.8900000000,40714094.0000000000,106015.0000000000,-0.0103000000,0.4071409400,东方财富沪深京A股延迟行情直连,2026-08-25
300265,通光线缆,13.3800000000,13.4100000000,40713650.0200000033,30830.0000000000,-0.0022000000,0.4071365002,东方财富沪深京A股延迟行情直连,2026-08-25
002531,天顺风能,6.0500000000,6.0400000000,40695692.0000000000,67587.0000000000,0.0017000000,0.4069569200,东方财富沪深京A股延迟行情直连,2026-08-25
002543,万和电气,7.1300000000,7.3800000000,40688675.2999999970,57007.0000000000,-0.0339000000,0.4068867530,东方财富沪深京A股延迟行情直连,2026-08-25
002588,史丹利,7.7400000000,7.6700000000,40637465.0000000000,52460.0000000000,0.0091000000,0.4063746500,东方财富沪深京A股延迟行情直连,2026-08-25
002446,盛路通信,8.3200000000,8.3400000000,40630360.0000000000,49410.0000000000,-0.0024000000,0.4063036000,东方财富沪深京A股延迟行情直连,2026-08-25
002843,泰嘉股份,15.3500000000,15.2700000000,40545381.0000000000,26781.0000000000,0.0052000000,0.4054538100,东方财富沪深京A股延迟行情直连,2026-08-25
000829,天音控股,8.3800000000,8.2600000000,40506161.0000000000,48667.0000000000,0.0145000000,0.4050616100,东方财富沪深京A股延迟行情直连,2026-08-25
300063,天龙集团,8.5300000000,8.5900000000,40504827.0000000000,47575.0000000000,-0.0070000000,0.4050482700,东方财富沪深京A股延迟行情直连,2026-08-25
002893,京能热力,10.0100000000,9.8300000000,40493046.0000000000,40738.0000000000,0.0183000000,0.4049304600,东方财富沪深京A股延迟行情直连,2026-08-25
002112,三变科技,15.0800000000,15.2200000000,40461026.2100000009,26985.0000000000,-0.0092000000,0.4046102621,东方财富沪深京A股延迟行情直连,2026-08-25
688210,统联精密,30.6000000000,31.1100000000,40430342.0000000000,13330.0000000000,-0.0164000000,0.4043034200,东方财富沪深京A股延迟行情直连,2026-08-25
603939,益丰药房,23.7600000000,23.6500000000,40429340.0000000000,16953.0000000000,0.0047000000,0.4042934000,东方财富沪深京A股延迟行情直连,2026-08-25
601929,吉视传媒,2.2900000000,2.2600000000,40429258.0000000000,178324.0000000000,0.0133000000,0.4042925800,东方财富沪深京A股延迟行情直连,2026-08-25
301345,涛涛车业,241.9600000000,242.7900000000,40338523.8800000027,1669.0000000000,-0.0034000000,0.4033852388,东方财富沪深京A股延迟行情直连,2026-08-25
300292,吴通控股,4.1600000000,4.1300000000,40303929.0000000000,97605.0000000000,0.0073000000,0.4030392900,东方财富沪深京A股延迟行情直连,2026-08-25
688295,中复神鹰,37.5900000000,38.3200000000,40258778.0000000000,10731.0000000000,-0.0191000000,0.4025877800,东方财富沪深京A股延迟行情直连,2026-08-25
002988,豪美新材,23.4100000000,23.7800000000,40253287.0000000000,17238.0000000000,-0.0156000000,0.4025328700,东方财富沪深京A股延迟行情直连,2026-08-25
000777,中核科技,17.1700000000,16.8600000000,40193692.5600000024,23532.0000000000,0.0184000000,0.4019369256,东方财富沪深京A股延迟行情直连,2026-08-25
300100,双林股份,20.3500000000,20.1900000000,40191946.2299999967,19861.0000000000,0.0079000000,0.4019194623,东方财富沪深京A股延迟行情直连,2026-08-25
300786,国林科技,15.2200000000,15.6300000000,40170715.0000000000,26597.0000000000,-0.0262000000,0.4017071500,东方财富沪深京A股延迟行情直连,2026-08-25
601000,唐山港,4.5500000000,4.5400000000,40151834.0000000000,88035.0000000000,0.0022000000,0.4015183400,东方财富沪深京A股延迟行情直连,2026-08-25
603927,中科软,13.3900000000,13.1400000000,40144131.0000000000,30289.0000000000,0.0190000000,0.4014413100,东方财富沪深京A股延迟行情直连,2026-08-25
300668,杰恩股份,31.9800000000,32.5200000000,40120320.3999999985,12588.0000000000,-0.0166000000,0.4012032040,东方财富沪深京A股延迟行情直连,2026-08-25
300258,精锻科技,9.3800000000,9.6600000000,40104041.0000000000,43368.0000000000,-0.0290000000,0.4010404100,东方财富沪深京A股延迟行情直连,2026-08-25
002180,奔图科技,16.9600000000,16.7500000000,40093386.0000000000,23905.0000000000,0.0125000000,0.4009338600,东方财富沪深京A股延迟行情直连,2026-08-25
603928,兴业股份,12.0100000000,12.4600000000,40085347.0000000000,33388.0000000000,-0.0361000000,0.4008534700,东方财富沪深京A股延迟行情直连,2026-08-25
002831,裕同科技,24.8700000000,25.2500000000,40035993.3699999973,16140.0000000000,-0.0150000000,0.4003599337,东方财富沪深京A股延迟行情直连,2026-08-25
301335,天元宠物,24.8400000000,24.4800000000,40018879.4900000021,16022.0000000000,0.0147000000,0.4001887949,东方财富沪深京A股延迟行情直连,2026-08-25
688152,麒麟信安,30.9100000000,31.8200000000,39983695.0000000000,12928.0000000000,-0.0286000000,0.3998369500,东方财富沪深京A股延迟行情直连,2026-08-25
300587,天铁科技,5.0100000000,5.0400000000,39980818.0000000000,80622.0000000000,-0.0060000000,0.3998081800,东方财富沪深京A股延迟行情直连,2026-08-25
300743,天地数码,14.0500000000,14.6100000000,39973191.7999999970,28854.0000000000,-0.0383000000,0.3997319180,东方财富沪深京A股延迟行情直连,2026-08-25
301696,三瑞智能,95.3000000000,95.6800000000,39949492.0000000000,4213.0000000000,-0.0040000000,0.3994949200,东方财富沪深京A股延迟行情直连,2026-08-25
002051,中工国际,8.4200000000,8.4400000000,39943148.7000000030,47713.0000000000,-0.0024000000,0.3994314870,东方财富沪深京A股延迟行情直连,2026-08-25
603496,恒为科技,23.8700000000,23.9200000000,39838021.0000000000,16817.0000000000,-0.0021000000,0.3983802100,东方财富沪深京A股延迟行情直连,2026-08-25
301563,云汉芯城,118.5000000000,120.3500000000,39823337.4200000018,3383.0000000000,-0.0154000000,0.3982333742,东方财富沪深京A股延迟行情直连,2026-08-25
301085,亚康股份,57.3800000000,57.3100000000,39822572.7899999991,7010.0000000000,0.0012000000,0.3982257279,东方财富沪深京A股延迟行情直连,2026-08-25
002100,天康生物,7.2300000000,7.1700000000,39815028.7299999967,55083.0000000000,0.0084000000,0.3981502873,东方财富沪深京A股延迟行情直连,2026-08-25
000554,泰山石油,6.5100000000,6.4100000000,39811789.4200000018,61669.0000000000,0.0156000000,0.3981178942,东方财富沪深京A股延迟行情直连,2026-08-25
603317,天味食品,13.5800000000,13.4300000000,39777771.0000000000,29604.0000000000,0.0112000000,0.3977777100,东方财富沪深京A股延迟行情直连,2026-08-25
300650,太龙股份,11.3000000000,11.6300000000,39771200.0000000000,35894.0000000000,-0.0284000000,0.3977120000,东方财富沪深京A股延迟行情直连,2026-08-25
300008,天海防务,6.0700000000,6.0400000000,39724402.0000000000,65720.0000000000,0.0050000000,0.3972440200,东方财富沪深京A股延迟行情直连,2026-08-25
000006,深振业Ａ,7.0600000000,6.8800000000,39712383.4399999976,56854.0000000000,0.0262000000,0.3971238344,东方财富沪深京A股延迟行情直连,2026-08-25
600824,益民集团,3.6600000000,3.5800000000,39681381.0000000000,108551.0000000000,0.0223000000,0.3968138100,东方财富沪深京A股延迟行情直连,2026-08-25
002268,电科网安,13.7300000000,13.5900000000,39638434.2700000033,29102.0000000000,0.0103000000,0.3963843427,东方财富沪深京A股延迟行情直连,2026-08-25
600746,江苏索普,6.7400000000,6.6700000000,39598050.0000000000,58946.0000000000,0.0105000000,0.3959805000,东方财富沪深京A股延迟行情直连,2026-08-25
688692,达梦数据,232.1900000000,233.6700000000,39566861.0000000000,1710.0000000000,-0.0063000000,0.3956686100,东方财富沪深京A股延迟行情直连,2026-08-25
000049,德赛电池,23.2900000000,23.4400000000,39565860.7500000000,17013.0000000000,-0.0064000000,0.3956586075,东方财富沪深京A股延迟行情直连,2026-08-25
600266,城建发展,4.0600000000,4.0200000000,39537335.0000000000,97669.0000000000,0.0100000000,0.3953733500,东方财富沪深京A股延迟行情直连,2026-08-25
603328,依顿电子,10.5300000000,10.6400000000,39521910.0000000000,37822.0000000000,-0.0103000000,0.3952191000,东方财富沪深京A股延迟行情直连,2026-08-25
600478,科力远,4.8600000000,4.9100000000,39516925.0000000000,80789.0000000000,-0.0102000000,0.3951692500,东方财富沪深京A股延迟行情直连,2026-08-25
600369,西南证券,4.0400000000,4.0100000000,39503947.0000000000,97930.0000000000,0.0075000000,0.3950394700,东方财富沪深京A股延迟行情直连,2026-08-25
600845,宝信软件,17.2200000000,17.1500000000,39472231.0000000000,22970.0000000000,0.0041000000,0.3947223100,东方财富沪深京A股延迟行情直连,2026-08-25
603530,神马电力,46.1300000000,46.7200000000,39462378.0000000000,8577.0000000000,-0.0126000000,0.3946237800,东方财富沪深京A股延迟行情直连,2026-08-25
603556,海兴电力,24.8700000000,24.9200000000,39459950.0000000000,15895.0000000000,-0.0020000000,0.3945995000,东方财富沪深京A股延迟行情直连,2026-08-25
300452,山河药辅,12.7900000000,12.5800000000,39432494.0000000000,31055.0000000000,0.0167000000,0.3943249400,东方财富沪深京A股延迟行情直连,2026-08-25
002030,达安基因,5.4400000000,5.3900000000,39411109.2599999979,72877.0000000000,0.0093000000,0.3941110926,东方财富沪深京A股延迟行情直连,2026-08-25
002541,鸿路钢构,19.7000000000,19.5200000000,39410252.0000000000,20063.0000000000,0.0092000000,0.3941025200,东方财富沪深京A股延迟行情直连,2026-08-25
300547,川环科技,25.3600000000,25.0400000000,39386290.0000000000,15782.0000000000,0.0128000000,0.3938629000,东方财富沪深京A股延迟行情直连,2026-08-25
300427,红相股份,6.5100000000,6.5500000000,39381803.0000000000,61251.0000000000,-0.0061000000,0.3938180300,东方财富沪深京A股延迟行情直连,2026-08-25
300885,海昌新材,19.7500000000,20.0000000000,39364948.3400000036,20087.0000000000,-0.0125000000,0.3936494834,东方财富沪深京A股延迟行情直连,2026-08-25
002852,道道全,7.9800000000,7.8200000000,39350054.7100000009,49269.0000000000,0.0205000000,0.3935005471,东方财富沪深京A股延迟行情直连,2026-08-25
600237,铜峰电子,8.0500000000,8.0900000000,39328329.0000000000,49397.0000000000,-0.0049000000,0.3932832900,东方财富沪深京A股延迟行情直连,2026-08-25
600727,鲁北化工,7.5400000000,7.4400000000,39302132.0000000000,52282.0000000000,0.0134000000,0.3930213200,东方财富沪深京A股延迟行情直连,2026-08-25
300518,新迅达,22.7200000000,22.8500000000,39289907.0000000000,17602.0000000000,-0.0057000000,0.3928990700,东方财富沪深京A股延迟行情直连,2026-08-25
000882,华联股份,1.4600000000,1.4200000000,39289775.0000000000,273177.0000000000,0.0282000000,0.3928977500,东方财富沪深京A股延迟行情直连,2026-08-25
000709,河钢股份,2.1100000000,2.1000000000,39281817.8999999985,186952.0000000000,0.0048000000,0.3928181790,东方财富沪深京A股延迟行情直连,2026-08-25
603630,拉芳家化,13.6900000000,14.0400000000,39216775.0000000000,28191.0000000000,-0.0249000000,0.3921677500,东方财富沪深京A股延迟行情直连,2026-08-25
002553,南方精工,15.2200000000,14.9500000000,39213343.0000000000,26128.0000000000,0.0181000000,0.3921334300,东方财富沪深京A股延迟行情直连,2026-08-25
688212,澳华内镜,27.9200000000,27.1500000000,39084982.0000000000,14030.0000000000,0.0284000000,0.3908498200,东方财富沪深京A股延迟行情直连,2026-08-25
601186,中国铁建,6.0500000000,6.0300000000,39059275.0000000000,64562.0000000000,0.0033000000,0.3905927500,东方财富沪深京A股延迟行情直连,2026-08-25
603880,南卫股份,8.8500000000,8.6800000000,38962449.0000000000,44559.0000000000,0.0196000000,0.3896244900,东方财富沪深京A股延迟行情直连,2026-08-25
600230,沧州大化,14.5400000000,14.4400000000,38894399.0000000000,26832.0000000000,0.0069000000,0.3889439900,东方财富沪深京A股延迟行情直连,2026-08-25
002746,仙坛股份,6.3400000000,6.2700000000,38891709.0000000000,61345.0000000000,0.0112000000,0.3889170900,东方财富沪深京A股延迟行情直连,2026-08-25
920138,杰理科技,38.0400000000,37.7500000000,38887044.8299999982,10242.0000000000,0.0077000000,0.3888704483,东方财富沪深京A股延迟行情直连,2026-08-25
300235,方直科技,10.9000000000,10.6100000000,38882875.6700000018,35804.0000000000,0.0273000000,0.3888287567,东方财富沪深京A股延迟行情直连,2026-08-25
600012,皖通高速,16.5200000000,16.2500000000,38833821.0000000000,23667.0000000000,0.0166000000,0.3883382100,东方财富沪深京A股延迟行情直连,2026-08-25
300775,三角防务,20.4400000000,20.4500000000,38828256.0000000000,19134.0000000000,-0.0005000000,0.3882825600,东方财富沪深京A股延迟行情直连,2026-08-25
688586,江航装备,11.0300000000,11.0600000000,38825427.0000000000,35250.0000000000,-0.0027000000,0.3882542700,东方财富沪深京A股延迟行情直连,2026-08-25
300416,苏试试验,14.3700000000,14.3400000000,38793316.0000000000,27219.0000000000,0.0021000000,0.3879331600,东方财富沪深京A股延迟行情直连,2026-08-25
301565,中仑新材,19.7100000000,19.9300000000,38738650.5700000003,19474.0000000000,-0.0110000000,0.3873865057,东方财富沪深京A股延迟行情直连,2026-08-25
000518,四环生物,3.6700000000,3.7000000000,38704527.3999999985,105726.0000000000,-0.0081000000,0.3870452740,东方财富沪深京A股延迟行情直连,2026-08-25
601399,国机重装,3.1200000000,3.0900000000,38682564.0000000000,124604.0000000000,0.0097000000,0.3868256400,东方财富沪深京A股延迟行情直连,2026-08-25
301667,纳百川,61.6500000000,62.4400000000,38680093.3400000036,6305.0000000000,-0.0127000000,0.3868009334,东方财富沪深京A股延迟行情直连,2026-08-25
301042,安联锐视,32.3700000000,32.2800000000,38680062.7500000000,12207.0000000000,0.0028000000,0.3868006275,东方财富沪深京A股延迟行情直连,2026-08-25
600037,歌华有线,6.9900000000,6.9000000000,38672450.0000000000,55612.0000000000,0.0130000000,0.3867245000,东方财富沪深京A股延迟行情直连,2026-08-25
002007,华兰生物,12.9200000000,12.8400000000,38667152.3400000036,29992.0000000000,0.0062000000,0.3866715234,东方财富沪深京A股延迟行情直连,2026-08-25
002370,亚太药业,5.4900000000,5.4500000000,38664621.0000000000,70831.0000000000,0.0073000000,0.3866462100,东方财富沪深京A股延迟行情直连,2026-08-25
300045,华力创通,12.3800000000,12.4000000000,38661844.0700000003,31445.0000000000,-0.0016000000,0.3866184407,东方财富沪深京A股延迟行情直连,2026-08-25
300153,科泰电源,20.7400000000,20.7900000000,38623893.0000000000,18798.0000000000,-0.0024000000,0.3862389300,东方财富沪深京A股延迟行情直连,2026-08-25
300071,福石控股,3.8900000000,3.8500000000,38621892.0000000000,100163.0000000000,0.0104000000,0.3862189200,东方财富沪深京A股延迟行情直连,2026-08-25
600120,浙江东方,4.7900000000,4.7400000000,38564487.0000000000,80741.0000000000,0.0105000000,0.3856448700,东方财富沪深京A股延迟行情直连,2026-08-25
603883,老百姓,13.1300000000,13.0100000000,38532036.0000000000,29395.0000000000,0.0092000000,0.3853203600,东方财富沪深京A股延迟行情直连,2026-08-25
002548,金新农,4.0900000000,4.0100000000,38517583.0000000000,94688.0000000000,0.0200000000,0.3851758300,东方财富沪深京A股延迟行情直连,2026-08-25
003004,声迅股份,66.9900000000,68.8400000000,38466331.8800000027,5808.0000000000,-0.0269000000,0.3846633188,东方财富沪深京A股延迟行情直连,2026-08-25
002828,贝肯能源,12.2300000000,12.2600000000,38409794.0000000000,31438.0000000000,-0.0024000000,0.3840979400,东方财富沪深京A股延迟行情直连,2026-08-25
002479,富春环保,5.7900000000,5.8000000000,38323337.0000000000,66079.0000000000,-0.0017000000,0.3832333700,东方财富沪深京A股延迟行情直连,2026-08-25
300887,谱尼测试,7.1400000000,7.0900000000,38314212.7199999988,53923.0000000000,0.0071000000,0.3831421272,东方财富沪深京A股延迟行情直连,2026-08-25
605088,冠盛股份,19.9400000000,20.6000000000,38244648.0000000000,19265.0000000000,-0.0320000000,0.3824464800,东方财富沪深京A股延迟行情直连,2026-08-25
000756,新华制药,13.3500000000,13.1700000000,38233048.2000000030,28872.0000000000,0.0137000000,0.3823304820,东方财富沪深京A股延迟行情直连,2026-08-25
600502,安徽建工,4.5100000000,4.4600000000,38183466.0000000000,84808.0000000000,0.0112000000,0.3818346600,东方财富沪深京A股延迟行情直连,2026-08-25
301680,固德电材,94.8000000000,98.1500000000,38168404.9399999976,3988.0000000000,-0.0341000000,0.3816840494,东方财富沪深京A股延迟行情直连,2026-08-25
688083,中望软件,51.8800000000,51.8900000000,38122487.0000000000,7420.0000000000,-0.0002000000,0.3812248700,东方财富沪深京A股延迟行情直连,2026-08-25
002508,老板电器,16.6700000000,16.5700000000,38116408.0000000000,22939.0000000000,0.0060000000,0.3811640800,东方财富沪深京A股延迟行情直连,2026-08-25
600208,衢州发展,2.9000000000,2.8800000000,38115695.0000000000,132182.0000000000,0.0069000000,0.3811569500,东方财富沪深京A股延迟行情直连,2026-08-25
601963,重庆银行,11.2300000000,11.2100000000,38088523.0000000000,33904.0000000000,0.0018000000,0.3808852300,东方财富沪深京A股延迟行情直连,2026-08-25
002520,日发精机,5.8100000000,5.7900000000,38058302.7000000030,66099.0000000000,0.0035000000,0.3805830270,东方财富沪深京A股延迟行情直连,2026-08-25
002023,海特高新,9.8100000000,9.7900000000,38037945.5399999991,39189.0000000000,0.0020000000,0.3803794554,东方财富沪深京A股延迟行情直连,2026-08-25
300761,立华股份,18.4300000000,18.4100000000,38034944.8500000015,20608.0000000000,0.0011000000,0.3803494485,东方财富沪深京A股延迟行情直连,2026-08-25
002134,天津普林,20.3100000000,20.7400000000,38002062.0000000000,18798.0000000000,-0.0207000000,0.3800206200,东方财富沪深京A股延迟行情直连,2026-08-25
603612,索通发展,16.6300000000,16.6100000000,37959989.0000000000,22783.0000000000,0.0012000000,0.3795998900,东方财富沪深京A股延迟行情直连,2026-08-25
688799,华纳药厂,43.0100000000,43.3300000000,37958453.0000000000,8890.0000000000,-0.0074000000,0.3795845300,东方财富沪深京A股延迟行情直连,2026-08-25
300050,世纪鼎利,6.6100000000,6.5700000000,37947205.0000000000,57390.0000000000,0.0061000000,0.3794720500,东方财富沪深京A股延迟行情直连,2026-08-25
688556,高测股份,7.8900000000,7.9800000000,37887715.0000000000,48331.0000000000,-0.0113000000,0.3788771500,东方财富沪深京A股延迟行情直连,2026-08-25
600739,辽宁成大,10.6700000000,10.6400000000,37885993.0000000000,35526.0000000000,0.0028000000,0.3788599300,东方财富沪深京A股延迟行情直连,2026-08-25
300686,智动力,14.1100000000,14.2300000000,37872897.0000000000,27063.0000000000,-0.0084000000,0.3787289700,东方财富沪深京A股延迟行情直连,2026-08-25
601865,福莱特,10.1700000000,10.2800000000,37804297.0000000000,37114.0000000000,-0.0107000000,0.3780429700,东方财富沪深京A股延迟行情直连,2026-08-25
600963,岳阳林纸,3.3700000000,3.3200000000,37792774.0000000000,112288.0000000000,0.0151000000,0.3779277400,东方财富沪深京A股延迟行情直连,2026-08-25
000951,中国重汽,19.7000000000,19.7200000000,37769808.0000000000,19109.0000000000,-0.0010000000,0.3776980800,东方财富沪深京A股延迟行情直连,2026-08-25
002059,云南旅游,4.5700000000,4.4500000000,37763165.0000000000,82901.0000000000,0.0270000000,0.3776316500,东方财富沪深京A股延迟行情直连,2026-08-25
300219,鸿利智汇,6.8900000000,6.7800000000,37754250.0000000000,55046.0000000000,0.0162000000,0.3775425000,东方财富沪深京A股延迟行情直连,2026-08-25
000089,深圳机场,6.5900000000,6.5100000000,37720858.0000000000,57424.0000000000,0.0123000000,0.3772085800,东方财富沪深京A股延迟行情直连,2026-08-25
601519,大智慧,7.8300000000,7.8100000000,37704808.0000000000,48303.0000000000,0.0026000000,0.3770480800,东方财富沪深京A股延迟行情直连,2026-08-25
603307,扬州金泉,25.3600000000,26.5000000000,37673804.0000000000,14371.0000000000,-0.0430000000,0.3767380400,东方财富沪深京A股延迟行情直连,2026-08-25
301468,博盈特焊,33.2000000000,33.6900000000,37658694.0000000000,11436.0000000000,-0.0145000000,0.3765869400,东方财富沪深京A股延迟行情直连,2026-08-25
600906,财达证券,6.3600000000,6.4200000000,37653227.0000000000,58947.0000000000,-0.0093000000,0.3765322700,东方财富沪深京A股延迟行情直连,2026-08-25
600282,南钢股份,4.7300000000,4.7800000000,37603567.0000000000,78975.0000000000,-0.0105000000,0.3760356700,东方财富沪深京A股延迟行情直连,2026-08-25
002568,百润股份,17.8700000000,17.9000000000,37551995.2899999991,20948.0000000000,-0.0017000000,0.3755199529,东方财富沪深京A股延迟行情直连,2026-08-25
000650,仁和药业,5.4100000000,5.3400000000,37539405.0000000000,69637.0000000000,0.0131000000,0.3753940500,东方财富沪深京A股延迟行情直连,2026-08-25
000429,粤高速Ａ,13.3800000000,13.3700000000,37532782.6099999994,28035.0000000000,0.0007000000,0.3753278261,东方财富沪深京A股延迟行情直连,2026-08-25
600212,绿能慧充,5.9000000000,5.9000000000,37520268.0000000000,64559.0000000000,0.0000000000,0.3752026800,东方财富沪深京A股延迟行情直连,2026-08-25
301078,孩子王,7.0100000000,6.9200000000,37512292.4200000018,53788.0000000000,0.0130000000,0.3751229242,东方财富沪深京A股延迟行情直连,2026-08-25
300528,幸福蓝海,12.8300000000,12.6200000000,37454838.0000000000,29270.0000000000,0.0166000000,0.3745483800,东方财富沪深京A股延迟行情直连,2026-08-25
301280,珠城科技,43.5700000000,44.2200000000,37454223.7199999988,8622.0000000000,-0.0147000000,0.3745422372,东方财富沪深京A股延迟行情直连,2026-08-25
603859,能科科技,37.1300000000,37.2000000000,37436657.0000000000,10193.0000000000,-0.0019000000,0.3743665700,东方财富沪深京A股延迟行情直连,2026-08-25
600864,哈投股份,5.4300000000,5.4400000000,37421122.0000000000,68774.0000000000,-0.0018000000,0.3742112200,东方财富沪深京A股延迟行情直连,2026-08-25
300435,中泰股份,16.4000000000,16.3800000000,37418182.0000000000,22961.0000000000,0.0012000000,0.3741818200,东方财富沪深京A股延迟行情直连,2026-08-25
300710,万隆光电,30.2200000000,30.6600000000,37383721.0000000000,12450.0000000000,-0.0144000000,0.3738372100,东方财富沪深京A股延迟行情直连,2026-08-25
000837,秦川机床,9.8800000000,9.7800000000,37354357.0000000000,38129.0000000000,0.0102000000,0.3735435700,东方财富沪深京A股延迟行情直连,2026-08-25
688660,电气风电,7.3400000000,7.3600000000,37337211.0000000000,51466.0000000000,-0.0027000000,0.3733721100,东方财富沪深京A股延迟行情直连,2026-08-25
002448,中原内配,12.3100000000,12.3700000000,37261587.0000000000,30558.0000000000,-0.0049000000,0.3726158700,东方财富沪深京A股延迟行情直连,2026-08-25
002085,万丰奥威,10.2100000000,10.1700000000,37249599.9799999967,36708.0000000000,0.0039000000,0.3724959998,东方财富沪深京A股延迟行情直连,2026-08-25
002708,光洋股份,11.4500000000,11.5000000000,37247621.0000000000,32737.0000000000,-0.0043000000,0.3724762100,东方财富沪深京A股延迟行情直连,2026-08-25
002561,徐家汇,6.8600000000,6.6400000000,37236081.2800000012,54323.0000000000,0.0331000000,0.3723608128,东方财富沪深京A股延迟行情直连,2026-08-25
603323,苏农银行,4.2300000000,4.2500000000,37216141.0000000000,87746.0000000000,-0.0047000000,0.3721614100,东方财富沪深京A股延迟行情直连,2026-08-25
002239,奥特佳,2.5200000000,2.4700000000,37151267.8400000036,148747.0000000000,0.0202000000,0.3715126784,东方财富沪深京A股延迟行情直连,2026-08-25
002246,北化股份,19.3000000000,19.4500000000,37135987.7400000021,19171.0000000000,-0.0077000000,0.3713598774,东方财富沪深京A股延迟行情直连,2026-08-25
002439,启明星辰,13.2200000000,13.2100000000,37112281.0000000000,28258.0000000000,0.0008000000,0.3711228100,东方财富沪深京A股延迟行情直连,2026-08-25
301687,新广益,48.8000000000,47.9200000000,37109958.3200000003,7796.0000000000,0.0184000000,0.3710995832,东方财富沪深京A股延迟行情直连,2026-08-25
300905,宝丽迪,34.6300000000,35.1200000000,37093884.0000000000,10744.0000000000,-0.0140000000,0.3709388400,东方财富沪深京A股延迟行情直连,2026-08-25
600133,东湖高新,8.1700000000,8.2400000000,37029743.0000000000,45360.0000000000,-0.0085000000,0.3702974300,东方财富沪深京A股延迟行情直连,2026-08-25
688551,科威尔,37.3500000000,38.0500000000,37022113.0000000000,10052.0000000000,-0.0184000000,0.3702211300,东方财富沪深京A股延迟行情直连,2026-08-25
603355,莱克电气,28.8400000000,27.9500000000,36975096.0000000000,12892.0000000000,0.0318000000,0.3697509600,东方财富沪深京A股延迟行情直连,2026-08-25
300772,运达股份,10.9000000000,10.9400000000,36823384.7999999970,33960.0000000000,-0.0037000000,0.3682338480,东方财富沪深京A股延迟行情直连,2026-08-25
002146,荣盛发展,1.1500000000,1.1300000000,36809962.2800000012,321722.0000000000,0.0177000000,0.3680996228,东方财富沪深京A股延迟行情直连,2026-08-25
002328,新朋股份,7.2400000000,7.1600000000,36809297.1099999994,51757.0000000000,0.0112000000,0.3680929711,东方财富沪深京A股延迟行情直连,2026-08-25
002807,江阴银行,4.0300000000,4.0500000000,36807695.7999999970,90796.0000000000,-0.0049000000,0.3680769580,东方财富沪深京A股延迟行情直连,2026-08-25
002144,宏达高科,11.1400000000,10.7500000000,36802271.0000000000,33427.0000000000,0.0363000000,0.3680227100,东方财富沪深京A股延迟行情直连,2026-08-25
003007,直真科技,38.7100000000,39.3400000000,36742981.6799999997,9534.0000000000,-0.0160000000,0.3674298168,东方财富沪深京A股延迟行情直连,2026-08-25
600064,南京高科,7.6300000000,7.5900000000,36734194.0000000000,48102.0000000000,0.0053000000,0.3673419400,东方财富沪深京A股延迟行情直连,2026-08-25
300825,阿尔特,10.1700000000,10.2000000000,36722033.0000000000,36678.0000000000,-0.0029000000,0.3672203300,东方财富沪深京A股延迟行情直连,2026-08-25
300098,高新兴,4.4100000000,4.3800000000,36708014.0000000000,83807.0000000000,0.0068000000,0.3670801400,东方财富沪深京A股延迟行情直连,2026-08-25
603320,迪贝电气,17.1000000000,17.0900000000,36699704.0000000000,21662.0000000000,0.0006000000,0.3669970400,东方财富沪深京A股延迟行情直连,2026-08-25
000623,吉林敖东,17.9500000000,17.9800000000,36684434.6899999976,20407.0000000000,-0.0017000000,0.3668443469,东方财富沪深京A股延迟行情直连,2026-08-25
301510,固高科技,25.5500000000,25.6500000000,36678295.0000000000,14454.0000000000,-0.0039000000,0.3667829500,东方财富沪深京A股延迟行情直连,2026-08-25
002086,东方海洋,2.0300000000,2.0100000000,36665255.6000000015,180734.0000000000,0.0100000000,0.3666525560,东方财富沪深京A股延迟行情直连,2026-08-25
920779,武汉蓝电,24.4200000000,25.4700000000,36591824.1599999964,14870.0000000000,-0.0412000000,0.3659182416,东方财富沪深京A股延迟行情直连,2026-08-25
301381,赛维时代,23.2300000000,23.5400000000,36573817.3599999994,15739.0000000000,-0.0132000000,0.3657381736,东方财富沪深京A股延迟行情直连,2026-08-25
300327,中颖电子,21.9400000000,22.1400000000,36549750.8500000015,16779.0000000000,-0.0090000000,0.3654975085,东方财富沪深京A股延迟行情直连,2026-08-25
605488,福莱新材,29.8500000000,29.5900000000,36498088.0000000000,12367.0000000000,0.0088000000,0.3649808800,东方财富沪深京A股延迟行情直连,2026-08-25
301571,国科天成,63.8300000000,64.9100000000,36471584.7800000012,5726.0000000000,-0.0166000000,0.3647158478,东方财富沪深京A股延迟行情直连,2026-08-25
600255,鑫科材料,3.2500000000,3.2500000000,36426260.0000000000,112603.0000000000,0.0000000000,0.3642626000,东方财富沪深京A股延迟行情直连,2026-08-25
601966,玲珑轮胎,11.1000000000,10.9900000000,36419450.0000000000,32863.0000000000,0.0100000000,0.3641945000,东方财富沪深京A股延迟行情直连,2026-08-25
002970,锐明技术,48.6000000000,49.7600000000,36311635.0000000000,7478.0000000000,-0.0233000000,0.3631163500,东方财富沪深京A股延迟行情直连,2026-08-25
603175,超颖电子,87.7700000000,89.9300000000,36307356.0000000000,4123.0000000000,-0.0240000000,0.3630735600,东方财富沪深京A股延迟行情直连,2026-08-25
300888,稳健医疗,29.2400000000,28.4900000000,36210487.9600000009,12417.0000000000,0.0263000000,0.3621048796,东方财富沪深京A股延迟行情直连,2026-08-25
000686,东北证券,7.8200000000,7.8000000000,36169325.5399999991,46307.0000000000,0.0026000000,0.3616932554,东方财富沪深京A股延迟行情直连,2026-08-25
300508,维宏股份,41.3300000000,41.8500000000,36156484.0000000000,8874.0000000000,-0.0124000000,0.3615648400,东方财富沪深京A股延迟行情直连,2026-08-25
688248,南网科技,40.0400000000,40.6300000000,36140318.0000000000,9030.0000000000,-0.0145000000,0.3614031800,东方财富沪深京A股延迟行情直连,2026-08-25
000166,申万宏源,4.4500000000,4.4400000000,36111308.0000000000,81169.0000000000,0.0023000000,0.3611130800,东方财富沪深京A股延迟行情直连,2026-08-25
600400,红豆股份,2.9500000000,2.9900000000,36005208.0000000000,123301.0000000000,-0.0134000000,0.3600520800,东方财富沪深京A股延迟行情直连,2026-08-25
688191,智洋创新,20.7400000000,21.3000000000,35987956.0000000000,17437.0000000000,-0.0263000000,0.3598795600,东方财富沪深京A股延迟行情直连,2026-08-25
000543,皖能电力,7.4400000000,7.4300000000,35939619.4600000009,48239.0000000000,0.0013000000,0.3593961946,东方财富沪深京A股延迟行情直连,2026-08-25
600058,五矿发展,10.0300000000,10.2300000000,35902122.0000000000,35646.0000000000,-0.0196000000,0.3590212200,东方财富沪深京A股延迟行情直连,2026-08-25
605060,联德股份,41.6100000000,42.1900000000,35899198.0000000000,8676.0000000000,-0.0137000000,0.3589919800,东方财富沪深京A股延迟行情直连,2026-08-25
002563,森马服饰,5.8700000000,5.8300000000,35862735.0300000012,60961.0000000000,0.0069000000,0.3586273503,东方财富沪深京A股延迟行情直连,2026-08-25
002303,美盈森,4.6500000000,4.7200000000,35860745.9699999988,77409.0000000000,-0.0148000000,0.3586074597,东方财富沪深京A股延迟行情直连,2026-08-25
688719,爱科赛博,48.2200000000,49.1800000000,35836524.0000000000,7488.0000000000,-0.0195000000,0.3583652400,东方财富沪深京A股延迟行情直连,2026-08-25
000042,中洲控股,8.3700000000,8.1300000000,35821814.0000000000,43261.0000000000,0.0295000000,0.3582181400,东方财富沪深京A股延迟行情直连,2026-08-25
300257,开山股份,17.2500000000,17.1500000000,35785464.0000000000,20995.0000000000,0.0058000000,0.3578546400,东方财富沪深京A股延迟行情直连,2026-08-25
600649,城投控股,3.8600000000,3.8100000000,35757854.0000000000,92950.0000000000,0.0131000000,0.3575785400,东方财富沪深京A股延迟行情直连,2026-08-25
605333,沪光股份,16.8000000000,17.1600000000,35684751.0000000000,21250.0000000000,-0.0210000000,0.3568475100,东方财富沪深京A股延迟行情直连,2026-08-25
605366,宏柏新材,7.5700000000,7.7400000000,35655274.0000000000,47172.0000000000,-0.0220000000,0.3565527400,东方财富沪深京A股延迟行情直连,2026-08-25
603998,方盛制药,9.8900000000,9.7000000000,35653501.0000000000,36393.0000000000,0.0196000000,0.3565350100,东方财富沪深京A股延迟行情直连,2026-08-25
601228,广州港,3.0900000000,3.0500000000,35652028.0000000000,115554.0000000000,0.0131000000,0.3565202800,东方财富沪深京A股延迟行情直连,2026-08-25
600132,重庆啤酒,39.7900000000,39.5700000000,35558013.0000000000,8957.0000000000,0.0056000000,0.3555801300,东方财富沪深京A股延迟行情直连,2026-08-25
002094,青岛金王,4.7200000000,4.6700000000,35549614.0000000000,75362.0000000000,0.0107000000,0.3554961400,东方财富沪深京A股延迟行情直连,2026-08-25
600398,海澜之家,6.0300000000,5.9800000000,35476033.0000000000,59016.0000000000,0.0084000000,0.3547603300,东方财富沪深京A股延迟行情直连,2026-08-25
300176,鸿特科技,4.6700000000,4.5700000000,35459520.0000000000,76639.0000000000,0.0219000000,0.3545952000,东方财富沪深京A股延迟行情直连,2026-08-25
001365,天海电子,34.0000000000,34.1200000000,35449388.4900000021,10533.0000000000,-0.0035000000,0.3544938849,东方财富沪深京A股延迟行情直连,2026-08-25
603339,四方科技,14.1200000000,13.8100000000,35430388.0000000000,25444.0000000000,0.0224000000,0.3543038800,东方财富沪深京A股延迟行情直连,2026-08-25
920161,龙辰科技,27.0300000000,27.5100000000,35359130.2899999991,13052.0000000000,-0.0174000000,0.3535913029,东方财富沪深京A股延迟行情直连,2026-08-25
002293,罗莱生活,11.5900000000,11.8300000000,35351856.8999999985,30394.0000000000,-0.0203000000,0.3535185690,东方财富沪深京A股延迟行情直连,2026-08-25
600654,中安科,2.9000000000,2.8700000000,35321062.0000000000,122527.0000000000,0.0105000000,0.3532106200,东方财富沪深京A股延迟行情直连,2026-08-25
002961,瑞达期货,18.7700000000,18.5100000000,35278662.0000000000,18865.0000000000,0.0140000000,0.3527866200,东方财富沪深京A股延迟行情直连,2026-08-25
920946,森萱医药,10.0100000000,9.7000000000,35243719.6000000015,35741.0000000000,0.0320000000,0.3524371960,东方财富沪深京A股延迟行情直连,2026-08-25
600582,天地科技,4.8400000000,4.7800000000,35227342.0000000000,72985.0000000000,0.0126000000,0.3522734200,东方财富沪深京A股延迟行情直连,2026-08-25
600057,厦门象屿,6.2000000000,6.1800000000,35214368.0000000000,56908.0000000000,0.0032000000,0.3521436800,东方财富沪深京A股延迟行情直连,2026-08-25
300627,华测导航,27.0600000000,26.9800000000,35182768.0000000000,13010.0000000000,0.0030000000,0.3518276800,东方财富沪深京A股延迟行情直连,2026-08-25
300560,中富通,17.3500000000,17.6500000000,35179930.0000000000,20465.0000000000,-0.0170000000,0.3517993000,东方财富沪深京A股延迟行情直连,2026-08-25
002057,中钢天源,8.6800000000,8.7300000000,35137686.1599999964,40501.0000000000,-0.0057000000,0.3513768616,东方财富沪深京A股延迟行情直连,2026-08-25
688253,英诺特,54.4400000000,55.2500000000,35133188.0000000000,6440.0000000000,-0.0147000000,0.3513318800,东方财富沪深京A股延迟行情直连,2026-08-25
000813,德展健康,3.2000000000,3.1700000000,35095699.7999999970,110140.0000000000,0.0095000000,0.3509569980,东方财富沪深京A股延迟行情直连,2026-08-25
688160,步科股份,93.7000000000,94.3300000000,35088575.0000000000,3779.0000000000,-0.0067000000,0.3508857500,东方财富沪深京A股延迟行情直连,2026-08-25
300633,开立医疗,19.0000000000,19.1100000000,35087490.0000000000,18524.0000000000,-0.0058000000,0.3508749000,东方财富沪深京A股延迟行情直连,2026-08-25
600468,百利电气,5.9700000000,5.8700000000,35059796.0000000000,59250.0000000000,0.0170000000,0.3505979600,东方财富沪深京A股延迟行情直连,2026-08-25
300777,中简科技,22.2700000000,22.4000000000,35054443.0000000000,15852.0000000000,-0.0058000000,0.3505444300,东方财富沪深京A股延迟行情直连,2026-08-25
300057,万顺新材,6.5100000000,6.5300000000,35045569.7999999970,53956.0000000000,-0.0031000000,0.3504556980,东方财富沪深京A股延迟行情直连,2026-08-25
002196,方正电机,10.3100000000,10.2600000000,35005744.0000000000,34337.0000000000,0.0049000000,0.3500574400,东方财富沪深京A股延迟行情直连,2026-08-25
002839,张家港行,4.3800000000,4.4000000000,34984482.3999999985,79520.0000000000,-0.0045000000,0.3498448240,东方财富沪深京A股延迟行情直连,2026-08-25
002951,金时科技,16.1800000000,16.1200000000,34972576.0000000000,21734.0000000000,0.0037000000,0.3497257600,东方财富沪深京A股延迟行情直连,2026-08-25
688523,航天环宇,39.8100000000,40.6000000000,34956445.0000000000,8785.0000000000,-0.0195000000,0.3495644500,东方财富沪深京A股延迟行情直连,2026-08-25
002183,怡 亚 通,4.3900000000,4.3700000000,34953029.0000000000,79905.0000000000,0.0046000000,0.3495302900,东方财富沪深京A股延迟行情直连,2026-08-25
300689,澄天伟业,51.5600000000,53.0000000000,34923507.0000000000,6799.0000000000,-0.0272000000,0.3492350700,东方财富沪深京A股延迟行情直连,2026-08-25
688186,广大特材,13.4700000000,13.5400000000,34893624.0000000000,26572.0000000000,-0.0052000000,0.3489362400,东方财富沪深京A股延迟行情直连,2026-08-25
002870,香山股份,46.7900000000,47.2000000000,34892524.0000000000,7481.0000000000,-0.0087000000,0.3489252400,东方财富沪深京A股延迟行情直连,2026-08-25
002276,万马股份,10.1500000000,9.9900000000,34876336.6000000015,34681.0000000000,0.0160000000,0.3487633660,东方财富沪深京A股延迟行情直连,2026-08-25
601528,瑞丰银行,5.0000000000,4.9700000000,34845158.0000000000,69790.0000000000,0.0060000000,0.3484515800,东方财富沪深京A股延迟行情直连,2026-08-25
002190,成飞集成,22.6000000000,22.6800000000,34774144.3599999994,15372.0000000000,-0.0035000000,0.3477414436,东方财富沪深京A股延迟行情直连,2026-08-25
000417,合百集团,5.5700000000,5.5000000000,34743588.2700000033,63079.0000000000,0.0127000000,0.3474358827,东方财富沪深京A股延迟行情直连,2026-08-25
603305,旭升集团,11.0800000000,11.0800000000,34731768.0000000000,31480.0000000000,0.0000000000,0.3473176800,东方财富沪深京A股延迟行情直连,2026-08-25
300387,富邦科技,7.4200000000,7.2300000000,34725217.0000000000,47029.0000000000,0.0263000000,0.3472521700,东方财富沪深京A股延迟行情直连,2026-08-25
600285,羚锐制药,19.7000000000,19.5800000000,34641171.0000000000,17618.0000000000,0.0061000000,0.3464117100,东方财富沪深京A股延迟行情直连,2026-08-25
000883,湖北能源,4.5600000000,4.4900000000,34634204.0900000036,76416.0000000000,0.0156000000,0.3463420409,东方财富沪深京A股延迟行情直连,2026-08-25
601828,美凯龙,2.1300000000,2.1000000000,34613330.0000000000,163365.0000000000,0.0143000000,0.3461333000,东方财富沪深京A股延迟行情直连,2026-08-25
002238,天威视讯,6.4700000000,6.3800000000,34588981.7000000030,53753.0000000000,0.0141000000,0.3458898170,东方财富沪深京A股延迟行情直连,2026-08-25
600812,华北制药,4.7100000000,4.6100000000,34575772.0000000000,74168.0000000000,0.0217000000,0.3457577200,东方财富沪深京A股延迟行情直连,2026-08-25
605080,浙江自然,22.0700000000,22.7000000000,34543861.0000000000,15556.0000000000,-0.0278000000,0.3454386100,东方财富沪深京A股延迟行情直连,2026-08-25
002901,大博医疗,45.4600000000,45.5100000000,34469039.0399999991,7595.0000000000,-0.0011000000,0.3446903904,东方财富沪深京A股延迟行情直连,2026-08-25
920699,海达尔,76.3400000000,81.6000000000,34432873.9500000030,4454.0000000000,-0.0645000000,0.3443287395,东方财富沪深京A股延迟行情直连,2026-08-25
600252,中恒集团,2.2100000000,2.1800000000,34419611.0000000000,156793.0000000000,0.0138000000,0.3441961100,东方财富沪深京A股延迟行情直连,2026-08-25
600039,四川路桥,8.6300000000,8.5500000000,34416328.0000000000,39919.0000000000,0.0094000000,0.3441632800,东方财富沪深京A股延迟行情直连,2026-08-25
300596,利安隆,42.7700000000,42.6200000000,34400217.0000000000,8107.0000000000,0.0035000000,0.3440021700,东方财富沪深京A股延迟行情直连,2026-08-25
600305,恒顺醋业,6.8100000000,6.7000000000,34395838.0000000000,50620.0000000000,0.0164000000,0.3439583800,东方财富沪深京A股延迟行情直连,2026-08-25
301313,凡拓数创,32.5800000000,32.7600000000,34374139.3500000015,10685.0000000000,-0.0055000000,0.3437413935,东方财富沪深京A股延迟行情直连,2026-08-25
002285,世联行,2.1300000000,2.0900000000,34344040.8800000027,162612.0000000000,0.0191000000,0.3434404088,东方财富沪深京A股延迟行情直连,2026-08-25
300819,聚杰微纤,44.6000000000,45.5700000000,34260117.0000000000,7748.0000000000,-0.0213000000,0.3426011700,东方财富沪深京A股延迟行情直连,2026-08-25
600323,瀚蓝环境,29.6700000000,29.6000000000,34240058.0000000000,11476.0000000000,0.0024000000,0.3424005800,东方财富沪深京A股延迟行情直连,2026-08-25
301589,诺瓦星云,139.3700000000,139.1500000000,34215499.5200000033,2460.0000000000,0.0016000000,0.3421549952,东方财富沪深京A股延迟行情直连,2026-08-25
300541,先进数通,9.9400000000,9.7200000000,34202281.7000000030,34712.0000000000,0.0226000000,0.3420228170,东方财富沪深京A股延迟行情直连,2026-08-25
000901,航天科技,13.4000000000,13.3100000000,34162651.0300000012,25722.0000000000,0.0068000000,0.3416265103,东方财富沪深京A股延迟行情直连,2026-08-25
600623,华谊集团,8.1200000000,8.0800000000,34126696.0000000000,41909.0000000000,0.0050000000,0.3412669600,东方财富沪深京A股延迟行情直连,2026-08-25
002779,中坚科技,72.9000000000,73.3800000000,34126443.3999999985,4713.0000000000,-0.0065000000,0.3412644340,东方财富沪深京A股延迟行情直连,2026-08-25
601878,浙商证券,9.1500000000,9.1500000000,34123846.0000000000,37219.0000000000,0.0000000000,0.3412384600,东方财富沪深京A股延迟行情直连,2026-08-25
002106,莱宝高科,10.0300000000,10.1600000000,34123732.8800000027,34232.0000000000,-0.0128000000,0.3412373288,东方财富沪深京A股延迟行情直连,2026-08-25
002803,吉宏股份,18.3600000000,18.4700000000,34054957.0000000000,18684.0000000000,-0.0060000000,0.3405495700,东方财富沪深京A股延迟行情直连,2026-08-25
300086,康芝药业,6.5600000000,6.4200000000,34037769.0000000000,52417.0000000000,0.0218000000,0.3403776900,东方财富沪深京A股延迟行情直连,2026-08-25
601880,辽港股份,1.4600000000,1.4500000000,33981432.0000000000,232818.0000000000,0.0069000000,0.3398143200,东方财富沪深京A股延迟行情直连,2026-08-25
603301,振德医疗,82.1600000000,82.2900000000,33978016.0000000000,4153.0000000000,-0.0016000000,0.3397801600,东方财富沪深京A股延迟行情直连,2026-08-25
600968,海油发展,4.0200000000,4.0200000000,33941350.0000000000,84255.0000000000,0.0000000000,0.3394135000,东方财富沪深京A股延迟行情直连,2026-08-25
300453,三鑫医疗,9.7100000000,9.7200000000,33926782.0000000000,34950.0000000000,-0.0010000000,0.3392678200,东方财富沪深京A股延迟行情直连,2026-08-25
688011,新光光电,75.4800000000,77.8000000000,33905201.0000000000,4499.0000000000,-0.0298000000,0.3390520100,东方财富沪深京A股延迟行情直连,2026-08-25
920193,吉和昌,31.1100000000,32.0300000000,33872331.0600000024,10853.0000000000,-0.0287000000,0.3387233106,东方财富沪深京A股延迟行情直连,2026-08-25
920078,族兴新材,20.8000000000,21.4900000000,33849530.8200000003,16452.0000000000,-0.0321000000,0.3384953082,东方财富沪深京A股延迟行情直连,2026-08-25
300047,天源迪科,9.0900000000,8.9200000000,33828261.0000000000,37635.0000000000,0.0191000000,0.3382826100,东方财富沪深京A股延迟行情直连,2026-08-25
002226,江南化工,4.9500000000,5.0500000000,33819167.0000000000,68345.0000000000,-0.0198000000,0.3381916700,东方财富沪深京A股延迟行情直连,2026-08-25
601702,华峰铝业,15.9600000000,16.1300000000,33798018.0000000000,21153.0000000000,-0.0105000000,0.3379801800,东方财富沪深京A股延迟行情直连,2026-08-25
002923,润都股份,11.0300000000,10.8800000000,33796307.0000000000,31104.0000000000,0.0138000000,0.3379630700,东方财富沪深京A股延迟行情直连,2026-08-25
920510,丰光精密,21.9200000000,21.6500000000,33787675.1000000015,15526.0000000000,0.0125000000,0.3378767510,东方财富沪深京A股延迟行情直连,2026-08-25
688182,灿勤科技,27.2300000000,27.7900000000,33718543.0000000000,12452.0000000000,-0.0202000000,0.3371854300,东方财富沪深京A股延迟行情直连,2026-08-25
300660,江苏雷利,23.7600000000,23.5000000000,33701660.8999999985,14272.0000000000,0.0111000000,0.3370166090,东方财富沪深京A股延迟行情直连,2026-08-25
688045,必易微,56.0900000000,58.0000000000,33646702.0000000000,6023.0000000000,-0.0329000000,0.3364670200,东方财富沪深京A股延迟行情直连,2026-08-25
600178,东安动力,9.4300000000,9.2300000000,33626495.0000000000,35612.0000000000,0.0217000000,0.3362649500,东方财富沪深京A股延迟行情直连,2026-08-25
603712,七一二,10.8400000000,10.7800000000,33624393.0000000000,31280.0000000000,0.0056000000,0.3362439300,东方财富沪深京A股延迟行情直连,2026-08-25
300410,正业科技,7.7300000000,7.7800000000,33606857.0000000000,43878.0000000000,-0.0064000000,0.3360685700,东方财富沪深京A股延迟行情直连,2026-08-25
600185,珠免集团,4.5900000000,4.5000000000,33600500.0000000000,73663.0000000000,0.0200000000,0.3360050000,东方财富沪深京A股延迟行情直连,2026-08-25
000880,潍柴重机,23.1200000000,23.0400000000,33598435.2800000012,14702.0000000000,0.0035000000,0.3359843528,东方财富沪深京A股延迟行情直连,2026-08-25
002471,中超控股,5.2300000000,5.2200000000,33580445.4500000030,64827.0000000000,0.0019000000,0.3358044545,东方财富沪深京A股延迟行情直连,2026-08-25
603125,常青科技,22.5600000000,23.0100000000,33592544.0000000000,14960.0000000000,-0.0196000000,0.3359254400,东方财富沪深京A股延迟行情直连,2026-08-25
002544,普天科技,15.9400000000,15.9200000000,33559108.6199999973,21174.0000000000,0.0013000000,0.3355910862,东方财富沪深京A股延迟行情直连,2026-08-25
002121,科陆电子,4.9900000000,4.9800000000,33553402.5000000000,67422.0000000000,0.0020000000,0.3355340250,东方财富沪深京A股延迟行情直连,2026-08-25
301133,金钟股份,29.1000000000,27.8000000000,33534769.0799999982,11866.0000000000,0.0468000000,0.3353476908,东方财富沪深京A股延迟行情直连,2026-08-25
000608,阳光股份,7.2400000000,7.2400000000,33497766.0000000000,46745.0000000000,0.0000000000,0.3349776600,东方财富沪深京A股延迟行情直连,2026-08-25
603299,苏盐井神,8.7700000000,8.9800000000,33400824.0000000000,37983.0000000000,-0.0234000000,0.3340082400,东方财富沪深京A股延迟行情直连,2026-08-25
688443,智翔金泰-U,24.3900000000,24.6000000000,33395051.0000000000,13708.0000000000,-0.0085000000,0.3339505100,东方财富沪深京A股延迟行情直连,2026-08-25
002301,齐心集团,7.6500000000,7.6000000000,33392622.4899999984,44146.0000000000,0.0066000000,0.3339262249,东方财富沪深京A股延迟行情直连,2026-08-25
002530,金财互联,7.1800000000,7.0200000000,33389076.0000000000,46831.0000000000,0.0228000000,0.3338907600,东方财富沪深京A股延迟行情直连,2026-08-25
300053,航宇微,11.4700000000,11.4800000000,33358796.9100000001,29349.0000000000,-0.0009000000,0.3335879691,东方财富沪深京A股延迟行情直连,2026-08-25
002355,兴民智通,4.7600000000,4.7000000000,33347257.2800000012,71488.0000000000,0.0128000000,0.3334725728,东方财富沪深京A股延迟行情直连,2026-08-25
000045,深纺织Ａ,10.7000000000,10.5500000000,33295038.0899999999,31358.0000000000,0.0142000000,0.3329503809,东方财富沪深京A股延迟行情直连,2026-08-25
000545,金浦钛业,2.5500000000,2.5200000000,33282375.0000000000,131641.0000000000,0.0119000000,0.3328237500,东方财富沪深京A股延迟行情直连,2026-08-25
002468,申通快递,14.0500000000,14.1000000000,33274488.5399999991,23648.0000000000,-0.0035000000,0.3327448854,东方财富沪深京A股延迟行情直连,2026-08-25
300537,广信材料,19.0300000000,19.4800000000,33262492.0000000000,17598.0000000000,-0.0231000000,0.3326249200,东方财富沪深京A股延迟行情直连,2026-08-25
688373,盟科药业-U,5.4100000000,5.2400000000,33244632.0000000000,62810.0000000000,0.0324000000,0.3324463200,东方财富沪深京A股延迟行情直连,2026-08-25
301588,美新科技,27.1300000000,26.8200000000,33141316.0000000000,12358.0000000000,0.0116000000,0.3314131600,东方财富沪深京A股延迟行情直连,2026-08-25
600153,建发股份,8.7700000000,8.7900000000,33115003.0000000000,37616.0000000000,-0.0023000000,0.3311500300,东方财富沪深京A股延迟行情直连,2026-08-25
600882,妙可蓝多,20.1200000000,19.8300000000,33085844.0000000000,16562.0000000000,0.0146000000,0.3308584400,东方财富沪深京A股延迟行情直连,2026-08-25
600756,浪潮软件,14.0700000000,13.8700000000,33084244.0000000000,23705.0000000000,0.0144000000,0.3308424400,东方财富沪深京A股延迟行情直连,2026-08-25
300680,隆盛科技,20.0700000000,19.8400000000,33082799.8799999990,16647.0000000000,0.0116000000,0.3308279988,东方财富沪深京A股延迟行情直连,2026-08-25
300878,维康药业,32.8800000000,31.6300000000,33057752.0000000000,10283.0000000000,0.0395000000,0.3305775200,东方财富沪深京A股延迟行情直连,2026-08-25
300897,山科智能,16.8000000000,16.9300000000,33042759.0799999982,20123.0000000000,-0.0077000000,0.3304275908,东方财富沪深京A股延迟行情直连,2026-08-25
688297,中无人机,38.3100000000,38.2900000000,33005810.0000000000,8620.0000000000,0.0005000000,0.3300581000,东方财富沪深京A股延迟行情直连,2026-08-25
300268,佳沃食品,12.7000000000,12.4200000000,32980597.0000000000,26097.0000000000,0.0225000000,0.3298059700,东方财富沪深京A股延迟行情直连,2026-08-25
688679,通源环境,37.6800000000,38.6700000000,32977925.0000000000,8699.0000000000,-0.0256000000,0.3297792500,东方财富沪深京A股延迟行情直连,2026-08-25
000088,盐 田 港,4.5100000000,4.4900000000,32954701.0000000000,73088.0000000000,0.0045000000,0.3295470100,东方财富沪深京A股延迟行情直连,2026-08-25
603505,金石资源,15.1500000000,15.3400000000,32949594.0000000000,21687.0000000000,-0.0124000000,0.3294959400,东方财富沪深京A股延迟行情直连,2026-08-25
000722,湖南发展,12.8700000000,12.8100000000,32948706.0000000000,25836.0000000000,0.0047000000,0.3294870600,东方财富沪深京A股延迟行情直连,2026-08-25
002728,特一药业,8.7000000000,8.6000000000,32936803.0000000000,38165.0000000000,0.0116000000,0.3293680300,东方财富沪深京A股延迟行情直连,2026-08-25
600862,中航高科,17.3700000000,17.5100000000,32928655.0000000000,18903.0000000000,-0.0080000000,0.3292865500,东方财富沪深京A股延迟行情直连,2026-08-25
300424,航新科技,14.3100000000,14.1400000000,32877760.9600000009,23330.0000000000,0.0120000000,0.3287776096,东方财富沪深京A股延迟行情直连,2026-08-25
600590,泰豪科技,8.1500000000,8.1100000000,32865029.0000000000,40777.0000000000,0.0049000000,0.3286502900,东方财富沪深京A股延迟行情直连,2026-08-25
605133,嵘泰股份,27.9500000000,28.0800000000,32835790.0000000000,11862.0000000000,-0.0046000000,0.3283579000,东方财富沪深京A股延迟行情直连,2026-08-25
002626,金达威,16.5600000000,16.3200000000,32809463.0000000000,19855.0000000000,0.0147000000,0.3280946300,东方财富沪深京A股延迟行情直连,2026-08-25
603886,元祖股份,11.7100000000,11.8000000000,32791318.0000000000,27990.0000000000,-0.0076000000,0.3279131800,东方财富沪深京A股延迟行情直连,2026-08-25
300111,向日葵,2.9400000000,2.9100000000,32737249.0000000000,112562.0000000000,0.0103000000,0.3273724900,东方财富沪深京A股延迟行情直连,2026-08-25
002864,盘龙药业,22.0200000000,21.3000000000,32710208.6000000015,15054.0000000000,0.0338000000,0.3271020860,东方财富沪深京A股延迟行情直连,2026-08-25
301213,观想科技,39.7000000000,42.5200000000,32702024.6700000018,8349.0000000000,-0.0663000000,0.3270202467,东方财富沪深京A股延迟行情直连,2026-08-25
688148,芳源股份,6.1700000000,6.2900000000,32663000.0000000000,52989.0000000000,-0.0191000000,0.3266300000,东方财富沪深京A股延迟行情直连,2026-08-25
688084,晶品特装,40.3300000000,42.9400000000,32654613.0000000000,8131.0000000000,-0.0608000000,0.3265461300,东方财富沪深京A股延迟行情直连,2026-08-25
600857,宁波中百,19.1800000000,19.3000000000,32640120.0000000000,17258.0000000000,-0.0062000000,0.3264012000,东方财富沪深京A股延迟行情直连,2026-08-25
002879,长缆科技,16.0200000000,15.7900000000,32638030.0000000000,20794.0000000000,0.0146000000,0.3263803000,东方财富沪深京A股延迟行情直连,2026-08-25
688538,和辉光电-U,2.2900000000,2.2900000000,32632314.0000000000,142107.0000000000,0.0000000000,0.3263231400,东方财富沪深京A股延迟行情直连,2026-08-25
600184,光电股份,17.0400000000,17.2800000000,32630568.0000000000,19188.0000000000,-0.0139000000,0.3263056800,东方财富沪深京A股延迟行情直连,2026-08-25
603000,人民网,15.8800000000,15.7300000000,32620804.0000000000,20619.0000000000,0.0095000000,0.3262080400,东方财富沪深京A股延迟行情直连,2026-08-25
000801,四川九洲,11.2300000000,11.1100000000,32619822.3299999982,29158.0000000000,0.0108000000,0.3261982233,东方财富沪深京A股延迟行情直连,2026-08-25
002399,海普瑞,10.1500000000,10.0000000000,32582810.2199999988,32260.0000000000,0.0150000000,0.3258281022,东方财富沪深京A股延迟行情直连,2026-08-25
600706,曲江文旅,7.9600000000,7.8200000000,32558820.0000000000,40967.0000000000,0.0179000000,0.3255882000,东方财富沪深京A股延迟行情直连,2026-08-25
603985,恒润股份,16.0500000000,16.2600000000,32543645.0000000000,20450.0000000000,-0.0129000000,0.3254364500,东方财富沪深京A股延迟行情直连,2026-08-25
301517,陕西华达,36.5200000000,37.6600000000,32535833.0000000000,8953.0000000000,-0.0303000000,0.3253583300,东方财富沪深京A股延迟行情直连,2026-08-25
301509,金凯生科,29.3500000000,29.4700000000,32509108.2199999988,11192.0000000000,-0.0041000000,0.3250910822,东方财富沪深京A股延迟行情直连,2026-08-25
603598,引力传媒,16.5100000000,16.5600000000,32417811.0000000000,19752.0000000000,-0.0030000000,0.3241781100,东方财富沪深京A股延迟行情直连,2026-08-25
000852,石化机械,5.2800000000,5.1600000000,32380642.7199999988,62117.0000000000,0.0233000000,0.3238064272,东方财富沪深京A股延迟行情直连,2026-08-25
600131,国网信通,15.0000000000,14.9200000000,32370331.0000000000,21601.0000000000,0.0054000000,0.3237033100,东方财富沪深京A股延迟行情直连,2026-08-25
301678,新恒汇,43.4700000000,44.2800000000,32305555.0000000000,7453.0000000000,-0.0183000000,0.3230555500,东方财富沪深京A股延迟行情直连,2026-08-25
300991,创益通,26.2600000000,25.8700000000,32304668.2500000000,12530.0000000000,0.0151000000,0.3230466825,东方财富沪深京A股延迟行情直连,2026-08-25
300783,三只松鼠,16.9700000000,16.7800000000,32252394.0000000000,19099.0000000000,0.0113000000,0.3225239400,东方财富沪深京A股延迟行情直连,2026-08-25
002478,常宝股份,6.1600000000,6.2900000000,32200774.0000000000,51969.0000000000,-0.0207000000,0.3220077400,东方财富沪深京A股延迟行情直连,2026-08-25
002615,哈尔斯,6.5800000000,6.3700000000,32171281.0000000000,49344.0000000000,0.0330000000,0.3217128100,东方财富沪深京A股延迟行情直连,2026-08-25
301327,华宝新能,43.7200000000,44.7400000000,32160286.3999999985,7332.0000000000,-0.0228000000,0.3216028640,东方财富沪深京A股延迟行情直连,2026-08-25
920371,欧福蛋业,7.3600000000,6.8200000000,32134807.5700000003,43692.0000000000,0.0792000000,0.3213480757,东方财富沪深京A股延迟行情直连,2026-08-25
002642,荣联科技,7.1900000000,7.0000000000,32115824.0000000000,45217.0000000000,0.0271000000,0.3211582400,东方财富沪深京A股延迟行情直连,2026-08-25
300984,金沃股份,30.8700000000,30.9700000000,32110858.9200000018,10551.0000000000,-0.0032000000,0.3211085892,东方财富沪深京A股延迟行情直连,2026-08-25
600728,佳都科技,4.5900000000,4.5100000000,32094717.0000000000,70422.0000000000,0.0177000000,0.3209471700,东方财富沪深京A股延迟行情直连,2026-08-25
300586,美联新材,8.7700000000,8.9700000000,32060937.5100000016,36659.0000000000,-0.0223000000,0.3206093751,东方财富沪深京A股延迟行情直连,2026-08-25
300681,英搏尔,21.1200000000,21.2600000000,32058481.0000000000,15349.0000000000,-0.0066000000,0.3205848100,东方财富沪深京A股延迟行情直连,2026-08-25
300165,天瑞仪器,5.1800000000,5.1300000000,32039184.0000000000,62548.0000000000,0.0097000000,0.3203918400,东方财富沪深京A股延迟行情直连,2026-08-25
920786,骑士乳业,7.3000000000,7.0000000000,32034886.2300000004,44258.0000000000,0.0429000000,0.3203488623,东方财富沪深京A股延迟行情直连,2026-08-25
002941,新疆交建,10.6400000000,10.5400000000,32026004.4400000013,30227.0000000000,0.0095000000,0.3202600444,东方财富沪深京A股延迟行情直连,2026-08-25
920185,贝特瑞,20.8700000000,20.9200000000,32013231.5500000007,15348.0000000000,-0.0024000000,0.3201323155,东方财富沪深京A股延迟行情直连,2026-08-25
688787,海天瑞声,98.6900000000,101.2500000000,32001874.0000000000,3245.0000000000,-0.0253000000,0.3200187400,东方财富沪深京A股延迟行情直连,2026-08-25
000597,东北制药,4.9000000000,4.8800000000,31995728.9499999993,65842.0000000000,0.0041000000,0.3199572895,东方财富沪深京A股延迟行情直连,2026-08-25
002380,科远智慧,27.4600000000,27.4400000000,31967179.6600000001,11801.0000000000,0.0007000000,0.3196717966,东方财富沪深京A股延迟行情直连,2026-08-25
000908,石药景峰,6.4200000000,6.4200000000,31939852.0000000000,49939.0000000000,0.0000000000,0.3193985200,东方财富沪深京A股延迟行情直连,2026-08-25
002829,星网宇达,18.9900000000,19.1100000000,31870310.0000000000,16972.0000000000,-0.0063000000,0.3187031000,东方财富沪深京A股延迟行情直连,2026-08-25
002320,海峡股份,6.4600000000,6.3800000000,31868242.8500000015,49459.0000000000,0.0125000000,0.3186824285,东方财富沪深京A股延迟行情直连,2026-08-25
600644,乐山电力,8.7500000000,8.7600000000,31855485.0000000000,36739.0000000000,-0.0011000000,0.3185548500,东方财富沪深京A股延迟行情直连,2026-08-25
002373,千方科技,7.5000000000,7.4100000000,31830108.3700000010,42694.0000000000,0.0121000000,0.3183010837,东方财富沪深京A股延迟行情直连,2026-08-25
920012,创达新材,51.5600000000,54.9700000000,31814029.2800000012,6103.0000000000,-0.0620000000,0.3181402928,东方财富沪深京A股延迟行情直连,2026-08-25
000720,新能泰山,3.6800000000,3.6400000000,31782624.0000000000,87855.0000000000,0.0110000000,0.3178262400,东方财富沪深京A股延迟行情直连,2026-08-25
688168,安博通,34.5900000000,34.7700000000,31762840.0000000000,9344.0000000000,-0.0052000000,0.3176284000,东方财富沪深京A股延迟行情直连,2026-08-25
000682,东方电子,11.5000000000,11.4800000000,31678493.4899999984,27625.0000000000,0.0017000000,0.3167849349,东方财富沪深京A股延迟行情直连,2026-08-25
920304,迪尔化工,10.3000000000,9.8900000000,31673759.5799999982,31365.0000000000,0.0415000000,0.3167375958,东方财富沪深京A股延迟行情直连,2026-08-25
000928,中钢国际,5.0900000000,5.0500000000,31619706.0300000012,62118.0000000000,0.0079000000,0.3161970603,东方财富沪深京A股延迟行情直连,2026-08-25
600318,新力金融,6.5600000000,6.4600000000,31604384.0000000000,48513.0000000000,0.0155000000,0.3160438400,东方财富沪深京A股延迟行情直连,2026-08-25
002315,焦点科技,25.4400000000,25.1400000000,31594814.9800000004,12498.0000000000,0.0119000000,0.3159481498,东方财富沪深京A股延迟行情直连,2026-08-25
600480,凌云股份,8.3200000000,8.2300000000,31576429.0000000000,38137.0000000000,0.0109000000,0.3157642900,东方财富沪深京A股延迟行情直连,2026-08-25
601595,上海电影,16.1500000000,15.7500000000,31550759.0000000000,19706.0000000000,0.0254000000,0.3155075900,东方财富沪深京A股延迟行情直连,2026-08-25
600556,天下秀,4.5200000000,4.4800000000,31537652.0000000000,70135.0000000000,0.0089000000,0.3153765200,东方财富沪深京A股延迟行情直连,2026-08-25
603507,振江股份,22.6800000000,23.1400000000,31528773.0000000000,13892.0000000000,-0.0199000000,0.3152877300,东方财富沪深京A股延迟行情直连,2026-08-25
603997,继峰股份,11.3600000000,11.3900000000,31521925.0000000000,27810.0000000000,-0.0026000000,0.3152192500,东方财富沪深京A股延迟行情直连,2026-08-25
605258,协和电子,28.1100000000,27.7700000000,31519554.0000000000,11296.0000000000,0.0122000000,0.3151955400,东方财富沪深京A股延迟行情直连,2026-08-25
603380,易德龙,33.8000000000,33.9900000000,31510978.0000000000,9386.0000000000,-0.0056000000,0.3151097800,东方财富沪深京A股延迟行情直连,2026-08-25
920178,锐翔智能,88.2900000000,93.3800000000,31509248.2600000016,3524.0000000000,-0.0545000000,0.3150924826,东方财富沪深京A股延迟行情直连,2026-08-25
603376,大明电子,25.1500000000,26.3700000000,31483671.0000000000,12514.0000000000,-0.0463000000,0.3148367100,东方财富沪深京A股延迟行情直连,2026-08-25
301239,普瑞眼科,35.0100000000,35.2900000000,31472143.4400000013,8913.0000000000,-0.0079000000,0.3147214344,东方财富沪深京A股延迟行情直连,2026-08-25
002090,金智科技,9.5800000000,9.5000000000,31429878.0000000000,33076.0000000000,0.0084000000,0.3142987800,东方财富沪深京A股延迟行情直连,2026-08-25
002685,华东重机,5.4200000000,5.3800000000,31396967.0000000000,58133.0000000000,0.0074000000,0.3139696700,东方财富沪深京A股延迟行情直连,2026-08-25
605377,华旺科技,9.1600000000,8.9300000000,31368231.0000000000,34377.0000000000,0.0258000000,0.3136823100,东方财富沪深京A股延迟行情直连,2026-08-25
300337,银邦股份,9.7000000000,9.7600000000,31359483.1000000015,32479.0000000000,-0.0061000000,0.3135948310,东方财富沪深京A股延迟行情直连,2026-08-25
600116,三峡水利,6.3300000000,6.3100000000,31358744.0000000000,49660.0000000000,0.0032000000,0.3135874400,东方财富沪深京A股延迟行情直连,2026-08-25
300509,新美星,8.6700000000,8.7800000000,31348855.2399999984,36269.0000000000,-0.0125000000,0.3134885524,东方财富沪深京A股延迟行情直连,2026-08-25
600966,博汇纸业,4.9100000000,4.7500000000,31345192.0000000000,64208.0000000000,0.0337000000,0.3134519200,东方财富沪深京A股延迟行情直连,2026-08-25
600997,开滦股份,5.7000000000,5.6600000000,31341175.0000000000,54961.0000000000,0.0071000000,0.3134117500,东方财富沪深京A股延迟行情直连,2026-08-25
600612,老凤祥,35.5800000000,35.6400000000,31324564.0000000000,8750.0000000000,-0.0017000000,0.3132456400,东方财富沪深京A股延迟行情直连,2026-08-25
000530,冰山冷热,5.0900000000,4.9900000000,31311659.0000000000,62514.0000000000,0.0200000000,0.3131165900,东方财富沪深京A股延迟行情直连,2026-08-25
600199,金种子酒,7.0000000000,6.9200000000,31310482.0000000000,45062.0000000000,0.0116000000,0.3131048200,东方财富沪深京A股延迟行情直连,2026-08-25
002043,兔 宝 宝,13.0900000000,13.3200000000,31293856.7600000016,23864.0000000000,-0.0173000000,0.3129385676,东方财富沪深京A股延迟行情直连,2026-08-25
688488,艾迪药业,15.7800000000,15.9300000000,31288447.0000000000,19969.0000000000,-0.0094000000,0.3128844700,东方财富沪深京A股延迟行情直连,2026-08-25
003019,宸展光电,24.4000000000,24.7700000000,31247027.0000000000,12761.0000000000,-0.0149000000,0.3124702700,东方财富沪深京A股延迟行情直连,2026-08-25
301111,粤万年青,21.1200000000,21.0700000000,31245447.0000000000,14935.0000000000,0.0024000000,0.3124544700,东方财富沪深京A股延迟行情直连,2026-08-25
603030,全筑股份,2.0900000000,2.0300000000,31220237.0000000000,151571.0000000000,0.0296000000,0.3122023700,东方财富沪深京A股延迟行情直连,2026-08-25
002279,久其软件,6.2600000000,6.1900000000,31209559.5000000000,50237.0000000000,0.0113000000,0.3120955950,东方财富沪深京A股延迟行情直连,2026-08-25
603185,弘元绿能,16.2400000000,16.5300000000,31185891.0000000000,19221.0000000000,-0.0175000000,0.3118589100,东方财富沪深京A股延迟行情直连,2026-08-25
605208,永茂泰,13.7600000000,13.7900000000,31183641.0000000000,22656.0000000000,-0.0022000000,0.3118364100,东方财富沪深京A股延迟行情直连,2026-08-25
002519,银河电子,5.2800000000,5.2200000000,31164667.0000000000,59605.0000000000,0.0115000000,0.3116466700,东方财富沪深京A股延迟行情直连,2026-08-25
003006,百亚股份,13.4700000000,13.3500000000,31138541.6900000013,23335.0000000000,0.0090000000,0.3113854169,东方财富沪深京A股延迟行情直连,2026-08-25
603390,通达电气,9.7500000000,9.9400000000,31125046.0000000000,32296.0000000000,-0.0191000000,0.3112504600,东方财富沪深京A股延迟行情直连,2026-08-25
300937,药易购,24.9300000000,25.1600000000,31098380.0000000000,12476.0000000000,-0.0091000000,0.3109838000,东方财富沪深京A股延迟行情直连,2026-08-25
301098,金埔园林,8.8400000000,8.9700000000,31092876.0000000000,35379.0000000000,-0.0145000000,0.3109287600,东方财富沪深京A股延迟行情直连,2026-08-25
688636,智明达,19.3500000000,19.4900000000,31031504.0000000000,16160.0000000000,-0.0072000000,0.3103150400,东方财富沪深京A股延迟行情直连,2026-08-25
002366,融发核电,5.6400000000,5.5900000000,31029769.0000000000,55237.0000000000,0.0089000000,0.3102976900,东方财富沪深京A股延迟行情直连,2026-08-25
300962,中金辐照,13.4600000000,13.3700000000,30974682.0000000000,23273.0000000000,0.0067000000,0.3097468200,东方财富沪深京A股延迟行情直连,2026-08-25
600835,上海机电,17.7500000000,17.4400000000,30964506.0000000000,17557.0000000000,0.0178000000,0.3096450600,东方财富沪深京A股延迟行情直连,2026-08-25
002004,华邦健康,4.5100000000,4.4700000000,30939556.5000000000,68918.0000000000,0.0089000000,0.3093955650,东方财富沪深京A股延迟行情直连,2026-08-25
600388,紫金龙净,17.3700000000,17.3500000000,30938905.0000000000,17803.0000000000,0.0012000000,0.3093890500,东方财富沪深京A股延迟行情直连,2026-08-25
002091,江苏国泰,7.7400000000,7.7000000000,30929795.0000000000,39855.0000000000,0.0052000000,0.3092979500,东方财富沪深京A股延迟行情直连,2026-08-25
300801,泰和科技,22.0700000000,22.4600000000,30918095.0000000000,14060.0000000000,-0.0174000000,0.3091809500,东方财富沪深京A股延迟行情直连,2026-08-25
000892,欢瑞世纪,3.6900000000,3.6500000000,30913987.0000000000,84582.0000000000,0.0110000000,0.3091398700,东方财富沪深京A股延迟行情直连,2026-08-25
920176,维琪科技,55.5800000000,53.4900000000,30884841.8999999985,5581.0000000000,0.0391000000,0.3088484190,东方财富沪深京A股延迟行情直连,2026-08-25
300310,宜通世纪,4.4100000000,4.3200000000,30877797.0000000000,70524.0000000000,0.0208000000,0.3087779700,东方财富沪深京A股延迟行情直连,2026-08-25
002939,长城证券,7.9500000000,7.9500000000,30842934.1999999993,38724.0000000000,0.0000000000,0.3084293420,东方财富沪深京A股延迟行情直连,2026-08-25
002019,亿帆医药,9.9300000000,9.8400000000,30829026.1400000006,31179.0000000000,0.0091000000,0.3082902614,东方财富沪深京A股延迟行情直连,2026-08-25
002762,金发拉比,9.6300000000,9.7100000000,30775064.0000000000,31905.0000000000,-0.0082000000,0.3077506400,东方财富沪深京A股延迟行情直连,2026-08-25
300162,雷曼光电,7.4100000000,7.4400000000,30759660.0000000000,42147.0000000000,-0.0040000000,0.3075966000,东方财富沪深京A股延迟行情直连,2026-08-25
600663,陆家嘴,9.3000000000,9.3500000000,30758254.0000000000,32855.0000000000,-0.0053000000,0.3075825400,东方财富沪深京A股延迟行情直连,2026-08-25
000828,东莞控股,9.9200000000,9.9300000000,30758040.7199999988,30928.0000000000,-0.0010000000,0.3075804072,东方财富沪深京A股延迟行情直连,2026-08-25
600509,天富能源,7.3200000000,7.4000000000,30751007.0000000000,41897.0000000000,-0.0108000000,0.3075100700,东方财富沪深京A股延迟行情直连,2026-08-25
300877,金春股份,28.5700000000,27.4600000000,30744484.9699999988,10976.0000000000,0.0404000000,0.3074448497,东方财富沪深京A股延迟行情直连,2026-08-25
688329,艾隆科技,21.3300000000,20.2100000000,30706861.0000000000,14439.0000000000,0.0554000000,0.3070686100,东方财富沪深京A股延迟行情直连,2026-08-25
002560,通达股份,5.9800000000,5.9400000000,30688168.0000000000,51840.0000000000,0.0067000000,0.3068816800,东方财富沪深京A股延迟行情直连,2026-08-25
301329,信音电子,18.6900000000,18.9400000000,30669000.5399999991,16675.0000000000,-0.0132000000,0.3066900054,东方财富沪深京A股延迟行情直连,2026-08-25
600383,金地集团,2.1900000000,2.1800000000,30663889.0000000000,140132.0000000000,0.0046000000,0.3066388900,东方财富沪深京A股延迟行情直连,2026-08-25
002075,沙钢股份,3.6200000000,3.5900000000,30661113.1999999993,84642.0000000000,0.0084000000,0.3066111320,东方财富沪深京A股延迟行情直连,2026-08-25
000959,首钢股份,3.5400000000,3.5300000000,30651472.4800000004,86669.0000000000,0.0028000000,0.3065147248,东方财富沪深京A股延迟行情直连,2026-08-25
300222,科大智能,10.0700000000,10.0500000000,30606308.0000000000,30767.0000000000,0.0020000000,0.3060630800,东方财富沪深京A股延迟行情直连,2026-08-25
001313,粤海饲料,7.6600000000,7.6300000000,30513320.0000000000,39925.0000000000,0.0039000000,0.3051332000,东方财富沪深京A股延迟行情直连,2026-08-25
300055,万邦达,5.8500000000,5.7800000000,30508743.0000000000,52542.0000000000,0.0121000000,0.3050874300,东方财富沪深京A股延迟行情直连,2026-08-25
603613,国联股份,18.0700000000,17.9100000000,30506672.0000000000,16996.0000000000,0.0089000000,0.3050667200,东方财富沪深京A股延迟行情直连,2026-08-25
300592,华凯易佰,14.4100000000,14.7000000000,30483989.0000000000,21245.0000000000,-0.0197000000,0.3048398900,东方财富沪深京A股延迟行情直连,2026-08-25
002047,宝鹰股份,3.2200000000,3.2100000000,30461761.2100000009,95612.0000000000,0.0031000000,0.3046176121,东方财富沪深京A股延迟行情直连,2026-08-25
002562,兄弟科技,4.8100000000,4.7800000000,30450448.7399999984,63536.0000000000,0.0063000000,0.3045044874,东方财富沪深京A股延迟行情直连,2026-08-25
603103,横店影视,14.6100000000,14.2200000000,30447230.0000000000,21027.0000000000,0.0274000000,0.3044723000,东方财富沪深京A股延迟行情直连,2026-08-25
000899,赣能股份,9.3900000000,9.4500000000,30431400.5000000000,32640.0000000000,-0.0063000000,0.3043140050,东方财富沪深京A股延迟行情直连,2026-08-25
300067,安诺其,5.1400000000,5.1100000000,30411295.7800000012,59677.0000000000,0.0059000000,0.3041129578,东方财富沪深京A股延迟行情直连,2026-08-25
300241,瑞丰光电,5.6100000000,5.5900000000,30406233.0000000000,54914.0000000000,0.0036000000,0.3040623300,东方财富沪深京A股延迟行情直连,2026-08-25
002197,证通电子,6.5700000000,6.4300000000,30388320.0000000000,47328.0000000000,0.0218000000,0.3038832000,东方财富沪深京A股延迟行情直连,2026-08-25
600059,古越龙山,8.0800000000,8.0400000000,30371697.0000000000,37521.0000000000,0.0050000000,0.3037169700,东方财富沪深京A股延迟行情直连,2026-08-25
603435,嘉德利,48.0300000000,48.5700000000,30358135.0000000000,6413.0000000000,-0.0111000000,0.3035813500,东方财富沪深京A股延迟行情直连,2026-08-25
002282,博深股份,6.0900000000,5.8700000000,30346810.0000000000,50288.0000000000,0.0375000000,0.3034681000,东方财富沪深京A股延迟行情直连,2026-08-25
301317,鑫磊股份,43.0800000000,42.8400000000,30339458.0000000000,7176.0000000000,0.0056000000,0.3033945800,东方财富沪深京A股延迟行情直连,2026-08-25
300589,江龙船艇,12.5100000000,12.4700000000,30333119.0000000000,24398.0000000000,0.0032000000,0.3033311900,东方财富沪深京A股延迟行情直连,2026-08-25
000917,电广传媒,6.9100000000,6.8800000000,30323375.0000000000,44023.0000000000,0.0044000000,0.3032337500,东方财富沪深京A股延迟行情直连,2026-08-25
603316,诚邦股份,13.5200000000,13.7200000000,30298339.0000000000,22626.0000000000,-0.0146000000,0.3029833900,东方财富沪深京A股延迟行情直连,2026-08-25
301371,敷尔佳,21.2200000000,21.0900000000,30291680.7199999988,14335.0000000000,0.0062000000,0.3029168072,东方财富沪深京A股延迟行情直连,2026-08-25
002507,涪陵榨菜,11.2900000000,11.1900000000,30265743.6000000015,26858.0000000000,0.0089000000,0.3026574360,东方财富沪深京A股延迟行情直连,2026-08-25
000537,绿发电力,7.5400000000,7.5200000000,30243103.1999999993,40258.0000000000,0.0027000000,0.3024310320,东方财富沪深京A股延迟行情直连,2026-08-25
300980,祥源新材,22.2800000000,22.4500000000,30225097.0000000000,13687.0000000000,-0.0076000000,0.3022509700,东方财富沪深京A股延迟行情直连,2026-08-25
600618,氯碱化工,10.1900000000,10.1400000000,30218860.0000000000,29621.0000000000,0.0049000000,0.3021886000,东方财富沪深京A股延迟行情直连,2026-08-25
688697,纽威数控,14.3200000000,14.6900000000,30213988.0000000000,21116.0000000000,-0.0252000000,0.3021398800,东方财富沪深京A股延迟行情直连,2026-08-25
300590,移为通信,10.7700000000,10.7200000000,30189849.0000000000,28427.0000000000,0.0047000000,0.3018984900,东方财富沪深京A股延迟行情直连,2026-08-25
000680,山推股份,10.3100000000,10.2500000000,30185932.0000000000,29365.0000000000,0.0059000000,0.3018593200,东方财富沪深京A股延迟行情直连,2026-08-25
920522,纳科诺尔,18.4000000000,18.6400000000,30175379.1200000010,16276.0000000000,-0.0129000000,0.3017537912,东方财富沪深京A股延迟行情直连,2026-08-25
605008,长鸿高科,12.9400000000,13.2100000000,30150335.0000000000,23279.0000000000,-0.0204000000,0.3015033500,东方财富沪深京A股延迟行情直连,2026-08-25
301557,常友科技,86.2900000000,86.8200000000,30147709.5599999987,3525.0000000000,-0.0061000000,0.3014770956,东方财富沪深京A股延迟行情直连,2026-08-25
301418,协昌科技,36.2500000000,37.1400000000,30122346.0000000000,8409.0000000000,-0.0240000000,0.3012234600,东方财富沪深京A股延迟行情直连,2026-08-25
603590,康辰药业,30.1300000000,30.1200000000,30110105.0000000000,10033.0000000000,0.0003000000,0.3011010500,东方财富沪深京A股延迟行情直连,2026-08-25
002698,博实股份,12.2500000000,12.3700000000,30054144.9699999988,24605.0000000000,-0.0097000000,0.3005414497,东方财富沪深京A股延迟行情直连,2026-08-25
301505,苏州规划,15.7100000000,16.0600000000,30043783.0000000000,19315.0000000000,-0.0218000000,0.3004378300,东方财富沪深京A股延迟行情直连,2026-08-25
002283,天润工业,8.5700000000,8.5800000000,30017452.5599999987,35371.0000000000,-0.0012000000,0.3001745256,东方财富沪深京A股延迟行情直连,2026-08-25
603158,腾龙股份,10.0800000000,10.0100000000,30010347.0000000000,30201.0000000000,0.0070000000,0.3001034700,东方财富沪深京A股延迟行情直连,2026-08-25
688226,威腾电气,28.5200000000,28.9300000000,29996355.0000000000,10596.0000000000,-0.0142000000,0.2999635500,东方财富沪深京A股延迟行情直连,2026-08-25
002009,天奇股份,16.3700000000,16.3100000000,29968902.0000000000,18466.0000000000,0.0037000000,0.2996890200,东方财富沪深京A股延迟行情直连,2026-08-25
688376,美埃科技,64.6800000000,66.4900000000,29962415.0000000000,4656.0000000000,-0.0272000000,0.2996241500,东方财富沪深京A股延迟行情直连,2026-08-25
301212,联盛化学,23.6900000000,23.7900000000,29938943.0000000000,12634.0000000000,-0.0042000000,0.2993894300,东方财富沪深京A股延迟行情直连,2026-08-25
300485,赛升药业,9.0700000000,9.0500000000,29937734.0000000000,33089.0000000000,0.0022000000,0.2993773400,东方财富沪深京A股延迟行情直连,2026-08-25
301638,南网数字,22.0900000000,22.1000000000,29885958.0000000000,13633.0000000000,-0.0005000000,0.2988595800,东方财富沪深京A股延迟行情直连,2026-08-25
603197,保隆科技,30.2200000000,30.4100000000,29874064.0000000000,9958.0000000000,-0.0062000000,0.2987406400,东方财富沪深京A股延迟行情直连,2026-08-25
600995,南网储能,12.3100000000,12.2400000000,29769458.0000000000,24245.0000000000,0.0057000000,0.2976945800,东方财富沪深京A股延迟行情直连,2026-08-25
002771,真视通,12.1800000000,12.1600000000,29759785.0000000000,24676.0000000000,0.0016000000,0.2975978500,东方财富沪深京A股延迟行情直连,2026-08-25
300644,南京聚隆,19.8600000000,21.0000000000,29713584.1000000015,15256.0000000000,-0.0543000000,0.2971358410,东方财富沪深京A股延迟行情直连,2026-08-25
600640,国脉文化,10.4300000000,10.4400000000,29706687.0000000000,28759.0000000000,-0.0010000000,0.2970668700,东方财富沪深京A股延迟行情直连,2026-08-25
600675,中华企业,2.2400000000,2.2000000000,29643738.0000000000,132966.0000000000,0.0182000000,0.2964373800,东方财富沪深京A股延迟行情直连,2026-08-25
601156,东航物流,18.5000000000,18.6700000000,29603355.0000000000,15988.0000000000,-0.0091000000,0.2960335500,东方财富沪深京A股延迟行情直连,2026-08-25
301669,高特电子,27.2400000000,27.5700000000,29602956.3500000015,10961.0000000000,-0.0120000000,0.2960295635,东方财富沪深京A股延迟行情直连,2026-08-25
002322,理工能科,11.8200000000,11.8200000000,29571878.0000000000,25107.0000000000,0.0000000000,0.2957187800,东方财富沪深京A股延迟行情直连,2026-08-25
002705,新宝股份,11.2500000000,11.0300000000,29538932.0000000000,26366.0000000000,0.0199000000,0.2953893200,东方财富沪深京A股延迟行情直连,2026-08-25
688265,南模生物,39.8200000000,40.0300000000,29538610.0000000000,7460.0000000000,-0.0052000000,0.2953861000,东方财富沪深京A股延迟行情直连,2026-08-25
002161,远 望 谷,5.8300000000,5.7900000000,29523528.0000000000,51704.0000000000,0.0069000000,0.2952352800,东方财富沪深京A股延迟行情直连,2026-08-25
002523,天桥起重,3.4400000000,3.3900000000,29519875.4600000009,86458.0000000000,0.0147000000,0.2951987546,东方财富沪深京A股延迟行情直连,2026-08-25
300490,华自科技,11.4600000000,11.5500000000,29489830.0000000000,25928.0000000000,-0.0078000000,0.2948983000,东方财富沪深京A股延迟行情直连,2026-08-25
300481,濮阳惠成,13.9600000000,13.9900000000,29484692.0500000007,21416.0000000000,-0.0021000000,0.2948469205,东方财富沪深京A股延迟行情直连,2026-08-25
002782,可立克,14.9300000000,14.9900000000,29475560.0000000000,20028.0000000000,-0.0040000000,0.2947556000,东方财富沪深京A股延迟行情直连,2026-08-25
002500,山西证券,5.2800000000,5.2500000000,29472636.6000000015,55708.0000000000,0.0057000000,0.2947263660,东方财富沪深京A股延迟行情直连,2026-08-25
002243,力合科创,7.3900000000,7.2500000000,29469427.7399999984,40238.0000000000,0.0193000000,0.2946942774,东方财富沪深京A股延迟行情直连,2026-08-25
300969,恒帅股份,72.7900000000,74.0500000000,29466406.1999999993,4048.0000000000,-0.0170000000,0.2946640620,东方财富沪深京A股延迟行情直连,2026-08-25
603344,星德胜,22.8300000000,22.1600000000,29454053.0000000000,12895.0000000000,0.0302000000,0.2945405300,东方财富沪深京A股延迟行情直连,2026-08-25
600326,西藏天路,7.0400000000,7.0900000000,29448648.0000000000,41863.0000000000,-0.0071000000,0.2944864800,东方财富沪深京A股延迟行情直连,2026-08-25
920159,农大科技,29.6000000000,28.4700000000,29434627.6499999985,9990.0000000000,0.0397000000,0.2943462765,东方财富沪深京A股延迟行情直连,2026-08-25
002319,乐通股份,11.0200000000,10.9000000000,29411010.0000000000,26832.0000000000,0.0110000000,0.2941101000,东方财富沪深京A股延迟行情直连,2026-08-25
603871,嘉友国际,12.7100000000,12.6800000000,29386397.0000000000,23063.0000000000,0.0024000000,0.2938639700,东方财富沪深京A股延迟行情直连,2026-08-25
688176,亚虹医药-U,11.5400000000,11.4900000000,29342941.0000000000,25639.0000000000,0.0044000000,0.2934294100,东方财富沪深京A股延迟行情直连,2026-08-25
002332,仙琚制药,8.5200000000,8.4400000000,29325261.3999999985,34542.0000000000,0.0095000000,0.2932526140,东方财富沪深京A股延迟行情直连,2026-08-25
000159,国际实业,5.9200000000,5.8800000000,29288724.8200000003,49327.0000000000,0.0068000000,0.2928872482,东方财富沪深京A股延迟行情直连,2026-08-25
300259,新天科技,4.0700000000,4.1000000000,29128888.0000000000,72523.0000000000,-0.0073000000,0.2912888800,东方财富沪深京A股延迟行情直连,2026-08-25
603012,创力集团,8.6700000000,8.6100000000,29125784.0000000000,33751.0000000000,0.0070000000,0.2912578400,东方财富沪深京A股延迟行情直连,2026-08-25
688289,圣湘生物,14.8200000000,14.9000000000,29118038.0000000000,19646.0000000000,-0.0054000000,0.2911803800,东方财富沪深京A股延迟行情直连,2026-08-25
002730,电光科技,20.8400000000,20.8700000000,29109256.0000000000,14110.0000000000,-0.0014000000,0.2910925600,东方财富沪深京A股延迟行情直连,2026-08-25
301323,新莱福,67.7000000000,69.0000000000,29103806.4699999988,4317.0000000000,-0.0188000000,0.2910380647,东方财富沪深京A股延迟行情直连,2026-08-25
002777,久远银海,12.7400000000,12.4400000000,29101815.0000000000,23141.0000000000,0.0241000000,0.2910181500,东方财富沪深京A股延迟行情直连,2026-08-25
603193,润本股份,20.9000000000,20.6800000000,29054097.0000000000,13876.0000000000,0.0106000000,0.2905409700,东方财富沪深京A股延迟行情直连,2026-08-25
002474,榕基软件,6.1100000000,6.0100000000,29042260.5599999987,48001.0000000000,0.0166000000,0.2904226056,东方财富沪深京A股延迟行情直连,2026-08-25
600033,福建高速,3.5100000000,3.5400000000,29021042.0000000000,82508.0000000000,-0.0085000000,0.2902104200,东方财富沪深京A股延迟行情直连,2026-08-25
601187,厦门银行,7.4000000000,7.4100000000,29006901.0000000000,39106.0000000000,-0.0013000000,0.2900690100,东方财富沪深京A股延迟行情直连,2026-08-25
000850,华茂股份,4.3400000000,4.2200000000,28991984.0000000000,67217.0000000000,0.0284000000,0.2899198400,东方财富沪深京A股延迟行情直连,2026-08-25
688050,爱博医疗,39.8200000000,39.2200000000,28944916.0000000000,7307.0000000000,0.0153000000,0.2894491600,东方财富沪深京A股延迟行情直连,2026-08-25
300185,通裕重工,2.7100000000,2.6900000000,28921626.8999999985,107445.0000000000,0.0074000000,0.2892162690,东方财富沪深京A股延迟行情直连,2026-08-25
001221,悍高集团,37.7700000000,38.1100000000,28916854.0000000000,7704.0000000000,-0.0089000000,0.2891685400,东方财富沪深京A股延迟行情直连,2026-08-25
688009,中国通号,4.9600000000,4.9700000000,28906859.0000000000,58345.0000000000,-0.0020000000,0.2890685900,东方财富沪深京A股延迟行情直连,2026-08-25
000591,太阳能,4.2600000000,4.2500000000,28750332.2500000000,67601.0000000000,0.0024000000,0.2875033225,东方财富沪深京A股延迟行情直连,2026-08-25
600798,宁波海运,3.3000000000,3.2600000000,28741478.0000000000,87780.0000000000,0.0123000000,0.2874147800,东方财富沪深京A股延迟行情直连,2026-08-25
000822,山东海化,4.3800000000,4.3000000000,28733997.0000000000,66144.0000000000,0.0186000000,0.2873399700,东方财富沪深京A股延迟行情直连,2026-08-25
002702,海欣食品,4.8100000000,4.7700000000,28728181.0000000000,60240.0000000000,0.0084000000,0.2872818100,东方财富沪深京A股延迟行情直连,2026-08-25
601619,嘉泽新能,4.0500000000,4.0100000000,28727895.0000000000,71226.0000000000,0.0100000000,0.2872789500,东方财富沪深京A股延迟行情直连,2026-08-25
688277,天智航-U,15.6500000000,15.1200000000,28696164.0000000000,18778.0000000000,0.0351000000,0.2869616400,东方财富沪深京A股延迟行情直连,2026-08-25
600597,光明乳业,6.7700000000,6.6400000000,28689003.0000000000,42529.0000000000,0.0196000000,0.2868900300,东方财富沪深京A股延迟行情直连,2026-08-25
603779,威龙股份,7.8500000000,7.9000000000,28676100.0000000000,36761.0000000000,-0.0063000000,0.2867610000,东方财富沪深京A股延迟行情直连,2026-08-25
000567,海德股份,5.9000000000,5.8700000000,28616835.5399999991,48675.0000000000,0.0051000000,0.2861683554,东方财富沪深京A股延迟行情直连,2026-08-25
600327,大东方,4.0500000000,4.0100000000,28606356.0000000000,71172.0000000000,0.0100000000,0.2860635600,东方财富沪深京A股延迟行情直连,2026-08-25
000966,长源电力,4.0000000000,3.9800000000,28586090.0000000000,71673.0000000000,0.0050000000,0.2858609000,东方财富沪深京A股延迟行情直连,2026-08-25
300585,奥联电子,15.1500000000,15.6900000000,28580354.0000000000,18963.0000000000,-0.0344000000,0.2858035400,东方财富沪深京A股延迟行情直连,2026-08-25
688365,光云科技,13.7800000000,13.9600000000,28550352.0000000000,20870.0000000000,-0.0129000000,0.2855035200,东方财富沪深京A股延迟行情直连,2026-08-25
300853,申昊科技,26.0400000000,26.7000000000,28542634.0000000000,10976.0000000000,-0.0247000000,0.2854263400,东方财富沪深京A股延迟行情直连,2026-08-25
300580,贝斯特,19.8300000000,19.9000000000,28536638.3099999987,14484.0000000000,-0.0035000000,0.2853663831,东方财富沪深京A股延迟行情直连,2026-08-25
603025,大豪科技,13.5700000000,13.5000000000,28530605.0000000000,21088.0000000000,0.0052000000,0.2853060500,东方财富沪深京A股延迟行情直连,2026-08-25
600633,浙数文化,10.0000000000,9.9600000000,28527383.0000000000,28591.0000000000,0.0040000000,0.2852738300,东方财富沪深京A股延迟行情直连,2026-08-25
688709,成都华微,24.5100000000,24.9600000000,28483144.0000000000,11633.0000000000,-0.0180000000,0.2848314400,东方财富沪深京A股延迟行情直连,2026-08-25
600319,亚星化学,6.3400000000,6.2600000000,28467897.0000000000,45110.0000000000,0.0128000000,0.2846789700,东方财富沪深京A股延迟行情直连,2026-08-25
600630,龙头股份,6.7200000000,6.6000000000,28462065.0000000000,42559.0000000000,0.0182000000,0.2846206500,东方财富沪深京A股延迟行情直连,2026-08-25
002351,漫步者,10.0300000000,9.9100000000,28450490.9299999997,28511.0000000000,0.0121000000,0.2845049093,东方财富沪深京A股延迟行情直连,2026-08-25
002153,石基信息,7.6100000000,7.5800000000,28392087.3200000003,37508.0000000000,0.0040000000,0.2839208732,东方财富沪深京A股延迟行情直连,2026-08-25
001872,招商港口,23.3500000000,23.1700000000,28364156.0000000000,12164.0000000000,0.0078000000,0.2836415600,东方财富沪深京A股延迟行情直连,2026-08-25
002556,辉隆股份,5.1900000000,5.1100000000,28315906.1600000001,54654.0000000000,0.0157000000,0.2831590616,东方财富沪深京A股延迟行情直连,2026-08-25
300883,龙利得,6.5400000000,6.5600000000,28304693.0000000000,43406.0000000000,-0.0030000000,0.2830469300,东方财富沪深京A股延迟行情直连,2026-08-25
002256,兆新股份,3.3600000000,3.3300000000,28295145.0000000000,84951.0000000000,0.0090000000,0.2829514500,东方财富沪深京A股延迟行情直连,2026-08-25
002123,梦网科技,7.7800000000,7.7000000000,28292711.0000000000,36688.0000000000,0.0104000000,0.2829271100,东方财富沪深京A股延迟行情直连,2026-08-25
002020,京新药业,12.7100000000,12.6900000000,28287293.5599999987,22271.0000000000,0.0016000000,0.2828729356,东方财富沪深京A股延迟行情直连,2026-08-25
605555,德昌股份,12.1300000000,12.1600000000,28270225.0000000000,23393.0000000000,-0.0025000000,0.2827022500,东方财富沪深京A股延迟行情直连,2026-08-25
301046,能辉科技,22.4300000000,22.9200000000,28260495.0000000000,12642.0000000000,-0.0214000000,0.2826049500,东方财富沪深京A股延迟行情直连,2026-08-25
301479,弘景光电,47.3400000000,48.5300000000,28255077.0199999996,5985.0000000000,-0.0245000000,0.2825507702,东方财富沪深京A股延迟行情直连,2026-08-25
000509,华塑控股,3.4300000000,3.4000000000,28169451.0000000000,82681.0000000000,0.0088000000,0.2816945100,东方财富沪深京A股延迟行情直连,2026-08-25
000035,中国天楹,4.6100000000,4.6200000000,28169001.0000000000,60948.0000000000,-0.0022000000,0.2816900100,东方财富沪深京A股延迟行情直连,2026-08-25
600908,无锡银行,5.4800000000,5.5300000000,28163811.0000000000,51097.0000000000,-0.0090000000,0.2816381100,东方财富沪深京A股延迟行情直连,2026-08-25
603010,万盛股份,11.1600000000,11.4500000000,28153464.0000000000,25285.0000000000,-0.0253000000,0.2815346400,东方财富沪深京A股延迟行情直连,2026-08-25
002127,南极电商,2.8600000000,2.8000000000,28135599.0000000000,99246.0000000000,0.0214000000,0.2813559900,东方财富沪深京A股延迟行情直连,2026-08-25
300715,凯伦股份,13.9700000000,14.0600000000,28133368.0000000000,20338.0000000000,-0.0064000000,0.2813336800,东方财富沪深京A股延迟行情直连,2026-08-25
301137,哈焊华通,29.3600000000,29.3900000000,28110963.0000000000,9679.0000000000,-0.0010000000,0.2811096300,东方财富沪深京A股延迟行情直连,2026-08-25
600516,方大炭素,5.0400000000,5.0400000000,28105393.0000000000,55726.0000000000,0.0000000000,0.2810539300,东方财富沪深京A股延迟行情直连,2026-08-25
603638,艾迪精密,18.6900000000,18.6200000000,28104641.0000000000,15135.0000000000,0.0038000000,0.2810464100,东方财富沪深京A股延迟行情直连,2026-08-25
000655,金岭矿业,7.1100000000,7.0600000000,28097999.0000000000,39491.0000000000,0.0071000000,0.2809799900,东方财富沪深京A股延迟行情直连,2026-08-25
600517,国网英大,4.9300000000,4.8500000000,28085921.0000000000,57292.0000000000,0.0165000000,0.2808592100,东方财富沪深京A股延迟行情直连,2026-08-25
301259,艾布鲁,22.0400000000,22.3400000000,28075200.1499999985,12769.0000000000,-0.0134000000,0.2807520015,东方财富沪深京A股延迟行情直连,2026-08-25
688646,逸飞激光,67.5800000000,70.2000000000,28055035.0000000000,4154.0000000000,-0.0373000000,0.2805503500,东方财富沪深京A股延迟行情直连,2026-08-25
300510,金冠股份,3.4500000000,3.3800000000,28048526.1999999993,81650.0000000000,0.0207000000,0.2804852620,东方财富沪深京A股延迟行情直连,2026-08-25
603826,坤彩科技,15.8400000000,16.0800000000,28014374.0000000000,17632.0000000000,-0.0149000000,0.2801437400,东方财富沪深京A股延迟行情直连,2026-08-25
000598,兴蓉环境,7.1400000000,7.1500000000,27956893.0000000000,39018.0000000000,-0.0014000000,0.2795689300,东方财富沪深京A股延迟行情直连,2026-08-25
600736,苏州高新,6.6900000000,6.6400000000,27951607.0000000000,42095.0000000000,0.0075000000,0.2795160700,东方财富沪深京A股延迟行情直连,2026-08-25
600820,隧道股份,5.4200000000,5.3800000000,27892579.0000000000,51345.0000000000,0.0074000000,0.2789257900,东方财富沪深京A股延迟行情直连,2026-08-25
300341,麦克奥迪,13.1700000000,12.9200000000,27883655.2500000000,21244.0000000000,0.0193000000,0.2788365525,东方财富沪深京A股延迟行情直连,2026-08-25
601022,宁波远洋,8.2800000000,8.4500000000,27882712.0000000000,33454.0000000000,-0.0201000000,0.2788271200,东方财富沪深京A股延迟行情直连,2026-08-25
603903,中持股份,14.1400000000,14.3900000000,27839572.0000000000,19712.0000000000,-0.0174000000,0.2783957200,东方财富沪深京A股延迟行情直连,2026-08-25
301096,百诚医药,47.4600000000,48.2000000000,27813649.0000000000,5849.0000000000,-0.0154000000,0.2781364900,东方财富沪深京A股延迟行情直连,2026-08-25
002392,北京利尔,7.7000000000,7.6700000000,27813395.0000000000,36372.0000000000,0.0039000000,0.2781339500,东方财富沪深京A股延迟行情直连,2026-08-25
603916,苏博特,11.4800000000,11.4600000000,27797458.0000000000,24459.0000000000,0.0017000000,0.2779745800,东方财富沪深京A股延迟行情直连,2026-08-25
920493,并行科技,110.5500000000,110.5700000000,27787083.5300000012,2525.0000000000,-0.0002000000,0.2778708353,东方财富沪深京A股延迟行情直连,2026-08-25
601121,宝地矿业,7.2900000000,7.4200000000,27745706.0000000000,37673.0000000000,-0.0175000000,0.2774570600,东方财富沪深京A股延迟行情直连,2026-08-25
920092,汉鑫科技,28.1200000000,27.2600000000,27732086.7800000012,10105.0000000000,0.0315000000,0.2773208678,东方财富沪深京A股延迟行情直连,2026-08-25
603217,元利科技,25.9400000000,25.8100000000,27712343.0000000000,10775.0000000000,0.0050000000,0.2771234300,东方财富沪深京A股延迟行情直连,2026-08-25
688309,恒誉科技,71.8000000000,73.0000000000,27693974.0000000000,3881.0000000000,-0.0164000000,0.2769397400,东方财富沪深京A股延迟行情直连,2026-08-25
002867,周大生,12.2800000000,12.2800000000,27679751.3099999987,22394.0000000000,0.0000000000,0.2767975131,东方财富沪深京A股延迟行情直连,2026-08-25
605177,东亚药业,20.3200000000,20.6400000000,27665363.0000000000,13673.0000000000,-0.0155000000,0.2766536300,东方财富沪深京A股延迟行情直连,2026-08-25
003009,中天火箭,45.5300000000,45.3800000000,27643544.0000000000,6140.0000000000,0.0033000000,0.2764354400,东方财富沪深京A股延迟行情直连,2026-08-25
600130,波导股份,4.2600000000,4.3400000000,27631712.0000000000,65172.0000000000,-0.0184000000,0.2763171200,东方财富沪深京A股延迟行情直连,2026-08-25
603255,鼎际得,29.3300000000,28.4000000000,27631352.0000000000,9620.0000000000,0.0327000000,0.2763135200,东方财富沪深京A股延迟行情直连,2026-08-25
301172,君逸数码,16.4200000000,16.6000000000,27601470.6400000006,16965.0000000000,-0.0108000000,0.2760147064,东方财富沪深京A股延迟行情直连,2026-08-25
301156,美农生物,11.8300000000,11.4300000000,27597411.0000000000,23698.0000000000,0.0350000000,0.2759741100,东方财富沪深京A股延迟行情直连,2026-08-25
600072,中船科技,8.7100000000,8.6300000000,27578722.0000000000,31749.0000000000,0.0093000000,0.2757872200,东方财富沪深京A股延迟行情直连,2026-08-25
002697,红旗连锁,4.5600000000,4.4700000000,27562794.0000000000,60975.0000000000,0.0201000000,0.2756279400,东方财富沪深京A股延迟行情直连,2026-08-25
603408,建霖家居,11.0300000000,10.7700000000,27549787.0000000000,24991.0000000000,0.0241000000,0.2754978700,东方财富沪深京A股延迟行情直连,2026-08-25
000750,国海证券,3.7100000000,3.7000000000,27513029.6299999990,74190.0000000000,0.0027000000,0.2751302963,东方财富沪深京A股延迟行情直连,2026-08-25
600803,新奥股份,17.7200000000,17.5800000000,27505597.0000000000,15484.0000000000,0.0080000000,0.2750559700,东方财富沪深京A股延迟行情直连,2026-08-25
003023,彩虹集团,27.0000000000,27.0700000000,27459259.0000000000,10214.0000000000,-0.0026000000,0.2745925900,东方财富沪深京A股延迟行情直连,2026-08-25
002349,精华制药,6.9000000000,6.8100000000,27436989.0000000000,40001.0000000000,0.0132000000,0.2743698900,东方财富沪深京A股延迟行情直连,2026-08-25
002214,大立科技,14.8300000000,14.9800000000,27401606.0000000000,18481.0000000000,-0.0100000000,0.2740160600,东方财富沪深京A股延迟行情直连,2026-08-25
002718,友邦吊顶,83.5000000000,85.6500000000,27392997.0000000000,3280.0000000000,-0.0251000000,0.2739299700,东方财富沪深京A股延迟行情直连,2026-08-25
605169,洪通燃气,11.2400000000,10.7900000000,27385172.0000000000,24640.0000000000,0.0417000000,0.2738517200,东方财富沪深京A股延迟行情直连,2026-08-25
002757,南兴股份,15.7000000000,15.7100000000,27371801.0000000000,17573.0000000000,-0.0006000000,0.2737180100,东方财富沪深京A股延迟行情直连,2026-08-25
002404,嘉欣丝绸,5.7400000000,5.6800000000,27337640.0000000000,48115.0000000000,0.0106000000,0.2733764000,东方财富沪深京A股延迟行情直连,2026-08-25
002758,浙农股份,8.0800000000,7.9200000000,27290621.0000000000,33953.0000000000,0.0202000000,0.2729062100,东方财富沪深京A股延迟行情直连,2026-08-25
300107,建新股份,6.4200000000,6.3000000000,27282949.0000000000,42544.0000000000,0.0190000000,0.2728294900,东方财富沪深京A股延迟行情直连,2026-08-25
002357,富临运业,10.8600000000,10.8900000000,27241714.0000000000,25368.0000000000,-0.0028000000,0.2724171400,东方财富沪深京A股延迟行情直连,2026-08-25
002263,大东南,2.9900000000,2.9600000000,27235926.0000000000,91851.0000000000,0.0101000000,0.2723592600,东方财富沪深京A股延迟行情直连,2026-08-25
600062,华润双鹤,15.8100000000,15.8300000000,27192371.0000000000,17169.0000000000,-0.0013000000,0.2719237100,东方财富沪深京A股延迟行情直连,2026-08-25
002269,美邦服饰,1.4400000000,1.4000000000,27181088.0000000000,190098.0000000000,0.0286000000,0.2718108800,东方财富沪深京A股延迟行情直连,2026-08-25
301551,无线传媒,19.6800000000,19.5500000000,27144008.0000000000,13883.0000000000,0.0066000000,0.2714400800,东方财富沪深京A股延迟行情直连,2026-08-25
300891,惠云钛业,7.4800000000,7.3400000000,27143907.0000000000,36502.0000000000,0.0191000000,0.2714390700,东方财富沪深京A股延迟行情直连,2026-08-25
300813,泰林生物,20.3500000000,20.3700000000,27120701.0000000000,13378.0000000000,-0.0010000000,0.2712070100,东方财富沪深京A股延迟行情直连,2026-08-25
002550,千红制药,6.5300000000,6.5000000000,27112327.3999999985,41642.0000000000,0.0046000000,0.2711232740,东方财富沪深京A股延迟行情直连,2026-08-25
301020,密封科技,20.9600000000,20.2000000000,27089077.0000000000,12967.0000000000,0.0376000000,0.2708907700,东方财富沪深京A股延迟行情直连,2026-08-25
603324,盛剑科技,26.5500000000,27.1700000000,27070212.0000000000,10260.0000000000,-0.0228000000,0.2707021200,东方财富沪深京A股延迟行情直连,2026-08-25
301237,和顺科技,54.5700000000,55.3100000000,27062019.8799999990,4987.0000000000,-0.0134000000,0.2706201988,东方财富沪深京A股延迟行情直连,2026-08-25
603298,杭叉集团,25.5900000000,25.8000000000,27055319.0000000000,10577.0000000000,-0.0081000000,0.2705531900,东方财富沪深京A股延迟行情直连,2026-08-25
601789,宁波建工,4.2200000000,4.1900000000,27017924.0000000000,64460.0000000000,0.0072000000,0.2701792400,东方财富沪深京A股延迟行情直连,2026-08-25
600329,达仁堂,36.1700000000,35.7200000000,27008722.0000000000,7500.0000000000,0.0126000000,0.2700872200,东方财富沪深京A股延迟行情直连,2026-08-25
001316,润贝航科,26.1700000000,26.8000000000,27007297.8999999985,10304.0000000000,-0.0235000000,0.2700729790,东方财富沪深京A股延迟行情直连,2026-08-25
300119,瑞普生物,17.4900000000,17.3400000000,26980300.6000000015,15465.0000000000,0.0087000000,0.2698030060,东方财富沪深京A股延迟行情直连,2026-08-25
600138,中青旅,7.0800000000,6.9500000000,26960667.0000000000,38201.0000000000,0.0187000000,0.2696066700,东方财富沪深京A股延迟行情直连,2026-08-25
301397,溯联股份,25.3300000000,25.1500000000,26939856.6200000010,10700.0000000000,0.0072000000,0.2693985662,东方财富沪深京A股延迟行情直连,2026-08-25
001208,华菱线缆,13.1800000000,13.1300000000,26912223.0000000000,20608.0000000000,0.0038000000,0.2691222300,东方财富沪深京A股延迟行情直连,2026-08-25
300845,捷安高科,12.4900000000,12.2300000000,26898450.6000000015,21802.0000000000,0.0213000000,0.2689845060,东方财富沪深京A股延迟行情直连,2026-08-25
301488,豪恩汽电,97.3000000000,96.8000000000,26890158.0100000016,2798.0000000000,0.0052000000,0.2689015801,东方财富沪深京A股延迟行情直连,2026-08-25
600032,浙江新能,6.8000000000,6.7600000000,26865070.0000000000,39618.0000000000,0.0059000000,0.2686507000,东方财富沪深京A股延迟行情直连,2026-08-25
600929,雪天盐业,5.2200000000,5.2000000000,26819952.0000000000,51186.0000000000,0.0038000000,0.2681995200,东方财富沪深京A股延迟行情直连,2026-08-25
601608,中信重工,4.6700000000,4.6400000000,26808820.0000000000,57675.0000000000,0.0065000000,0.2680882000,东方财富沪深京A股延迟行情直连,2026-08-25
688475,萤石网络,28.9900000000,29.0800000000,26793681.0000000000,9249.0000000000,-0.0031000000,0.2679368100,东方财富沪深京A股延迟行情直连,2026-08-25
001366,播恩集团,12.3100000000,12.1200000000,26782570.0000000000,22033.0000000000,0.0157000000,0.2678257000,东方财富沪深京A股延迟行情直连,2026-08-25
920982,锦波生物,119.1000000000,118.1800000000,26776378.4899999984,2250.0000000000,0.0078000000,0.2677637849,东方财富沪深京A股延迟行情直连,2026-08-25
300871,回盛生物,22.6100000000,22.6700000000,26759820.0799999982,11905.0000000000,-0.0026000000,0.2675982008,东方财富沪深京A股延迟行情直连,2026-08-25
300933,中辰股份,6.6000000000,6.6000000000,26759485.0000000000,40860.0000000000,0.0000000000,0.2675948500,东方财富沪深京A股延迟行情直连,2026-08-25
603166,福达股份,11.0000000000,11.0000000000,26757132.0000000000,24626.0000000000,0.0000000000,0.2675713200,东方财富沪深京A股延迟行情直连,2026-08-25
920976,视声智能,18.1300000000,16.2300000000,26755865.8599999994,14693.0000000000,0.1171000000,0.2675586586,东方财富沪深京A股延迟行情直连,2026-08-25
002467,二六三,4.4600000000,4.4400000000,26753018.7899999991,60560.0000000000,0.0045000000,0.2675301879,东方财富沪深京A股延迟行情直连,2026-08-25
300455,航天智装,16.9900000000,17.0100000000,26729459.6499999985,15823.0000000000,-0.0012000000,0.2672945965,东方财富沪深京A股延迟行情直连,2026-08-25
603995,甬金股份,24.3500000000,24.7600000000,26709388.0000000000,10965.0000000000,-0.0166000000,0.2670938800,东方财富沪深京A股延迟行情直连,2026-08-25
600866,星湖科技,4.2700000000,4.2300000000,26697528.0000000000,62696.0000000000,0.0095000000,0.2669752800,东方财富沪深京A股延迟行情直连,2026-08-25
300535,达威股份,17.6300000000,16.9900000000,26668062.0000000000,15452.0000000000,0.0377000000,0.2666806200,东方财富沪深京A股延迟行情直连,2026-08-25
301613,新铝时代,35.5100000000,36.4900000000,26569461.5000000000,7544.0000000000,-0.0269000000,0.2656946150,东方财富沪深京A股延迟行情直连,2026-08-25
002063,远光软件,5.3300000000,5.2700000000,26568199.3999999985,50144.0000000000,0.0114000000,0.2656819940,东方财富沪深京A股延迟行情直连,2026-08-25
688345,博力威,50.8400000000,53.1900000000,26547047.0000000000,5181.0000000000,-0.0442000000,0.2654704700,东方财富沪深京A股延迟行情直连,2026-08-25
688281,华秦科技,43.9800000000,44.5000000000,26544496.0000000000,6017.0000000000,-0.0117000000,0.2654449600,东方财富沪深京A股延迟行情直连,2026-08-25
600606,绿地控股,1.2600000000,1.2500000000,26544452.0000000000,210872.0000000000,0.0080000000,0.2654445200,东方财富沪深京A股延迟行情直连,2026-08-25
601021,春秋航空,43.4000000000,43.4700000000,26509394.0000000000,6107.0000000000,-0.0016000000,0.2650939400,东方财富沪深京A股延迟行情直连,2026-08-25
920471,美邦科技,12.4300000000,12.0100000000,26499907.1400000006,21512.0000000000,0.0350000000,0.2649990714,东方财富沪深京A股延迟行情直连,2026-08-25
605287,德才股份,38.6400000000,38.6700000000,26496869.0000000000,6868.0000000000,-0.0008000000,0.2649686900,东方财富沪深京A股延迟行情直连,2026-08-25
600456,宝钛股份,27.1500000000,27.2300000000,26495889.0000000000,9778.0000000000,-0.0029000000,0.2649588900,东方财富沪深京A股延迟行情直连,2026-08-25
300276,三丰智能,6.1800000000,6.1100000000,26484076.2300000004,43134.0000000000,0.0115000000,0.2648407623,东方财富沪深京A股延迟行情直连,2026-08-25
688231,隆达股份,28.3900000000,28.8600000000,26421883.0000000000,9295.0000000000,-0.0163000000,0.2642188300,东方财富沪深京A股延迟行情直连,2026-08-25
002575,群兴玩具,4.9200000000,4.8600000000,26419941.7300000004,54242.0000000000,0.0123000000,0.2641994173,东方财富沪深京A股延迟行情直连,2026-08-25
688252,天德钰,19.2500000000,19.3600000000,26419715.0000000000,13798.0000000000,-0.0057000000,0.2641971500,东方财富沪深京A股延迟行情直连,2026-08-25
600770,综艺股份,4.9900000000,4.9900000000,26413289.0000000000,53446.0000000000,0.0000000000,0.2641328900,东方财富沪深京A股延迟行情直连,2026-08-25
300649,杭州园林,24.3800000000,24.6100000000,26389388.0000000000,11008.0000000000,-0.0093000000,0.2638938800,东方财富沪深京A股延迟行情直连,2026-08-25
002369,卓翼科技,5.8600000000,5.8500000000,26353535.9899999984,45458.0000000000,0.0017000000,0.2635353599,东方财富沪深京A股延迟行情直连,2026-08-25
002608,江苏国信,7.0300000000,7.0200000000,26323681.0000000000,37365.0000000000,0.0014000000,0.2632368100,东方财富沪深京A股延迟行情直连,2026-08-25
300307,慈星股份,7.3400000000,7.4000000000,26321222.6999999993,36051.0000000000,-0.0081000000,0.2632122270,东方财富沪深京A股延迟行情直连,2026-08-25
601633,长城汽车,15.2300000000,15.2100000000,26259582.0000000000,17221.0000000000,0.0013000000,0.2625958200,东方财富沪深京A股延迟行情直连,2026-08-25
002976,瑞玛精密,23.1600000000,23.1700000000,26225316.8999999985,11403.0000000000,-0.0004000000,0.2622531690,东方财富沪深京A股延迟行情直连,2026-08-25
300727,润禾材料,27.1100000000,26.7900000000,26170842.0000000000,9781.0000000000,0.0119000000,0.2617084200,东方财富沪深京A股延迟行情直连,2026-08-25
688128,中国电研,21.1200000000,21.5700000000,26148655.0000000000,12433.0000000000,-0.0209000000,0.2614865500,东方财富沪深京A股延迟行情直连,2026-08-25
002554,惠博普,2.9500000000,2.9000000000,26147330.8999999985,89259.0000000000,0.0172000000,0.2614733090,东方财富沪深京A股延迟行情直连,2026-08-25
001356,富岭股份,9.2700000000,9.4500000000,26092357.5899999999,28124.0000000000,-0.0190000000,0.2609235759,东方财富沪深京A股延迟行情直连,2026-08-25
605033,美邦股份,19.1600000000,19.2500000000,26065760.0000000000,13585.0000000000,-0.0047000000,0.2606576000,东方财富沪深京A股延迟行情直连,2026-08-25
002060,广东建工,3.1700000000,3.1200000000,26058824.0000000000,82709.0000000000,0.0160000000,0.2605882400,东方财富沪深京A股延迟行情直连,2026-08-25
002915,中欣氟材,16.7100000000,16.6000000000,26050440.0000000000,15720.0000000000,0.0066000000,0.2605044000,东方财富沪深京A股延迟行情直连,2026-08-25
300979,华利集团,33.6700000000,33.1400000000,26029205.0000000000,7800.0000000000,0.0160000000,0.2602920500,东方财富沪深京A股延迟行情直连,2026-08-25
000027,深圳能源,6.1600000000,6.1400000000,26018655.0000000000,42251.0000000000,0.0033000000,0.2601865500,东方财富沪深京A股延迟行情直连,2026-08-25
688363,华熙生物,35.7300000000,35.3300000000,25981066.0000000000,7274.0000000000,0.0113000000,0.2598106600,东方财富沪深京A股延迟行情直连,2026-08-25
600993,马应龙,23.0000000000,22.7300000000,25969690.0000000000,11352.0000000000,0.0119000000,0.2596969000,东方财富沪深京A股延迟行情直连,2026-08-25
600643,爱建集团,4.0400000000,3.9500000000,25915414.0000000000,64671.0000000000,0.0228000000,0.2591541400,东方财富沪深京A股延迟行情直连,2026-08-25
301508,中机认检,24.4000000000,23.7100000000,25909277.8399999999,10674.0000000000,0.0291000000,0.2590927784,东方财富沪深京A股延迟行情直连,2026-08-25
688026,洁特生物,15.5100000000,15.5400000000,25884296.0000000000,16782.0000000000,-0.0019000000,0.2588429600,东方财富沪深京A股延迟行情直连,2026-08-25
603313,梦百合,6.1200000000,6.0500000000,25855127.0000000000,42428.0000000000,0.0116000000,0.2585512700,东方财富沪深京A股延迟行情直连,2026-08-25
300428,立中集团,18.2500000000,18.3600000000,25832021.5500000007,14099.0000000000,-0.0060000000,0.2583202155,东方财富沪深京A股延迟行情直连,2026-08-25
000570,苏常柴Ａ,5.1000000000,5.0300000000,25821598.0100000016,51056.0000000000,0.0139000000,0.2582159801,东方财富沪深京A股延迟行情直连,2026-08-25
000935,四川双马,22.3900000000,22.1000000000,25808828.8299999982,11637.0000000000,0.0131000000,0.2580882883,东方财富沪深京A股延迟行情直连,2026-08-25
603955,大千生态,19.5000000000,19.1400000000,25800996.0000000000,13223.0000000000,0.0188000000,0.2580099600,东方财富沪深京A股延迟行情直连,2026-08-25
002247,聚力文化,2.4100000000,2.3700000000,25779723.0000000000,108245.0000000000,0.0169000000,0.2577972300,东方财富沪深京A股延迟行情直连,2026-08-25
603223,恒通股份,10.1700000000,10.3300000000,25582552.0000000000,25255.0000000000,-0.0155000000,0.2558255200,东方财富沪深京A股延迟行情直连,2026-08-25
301548,崇德科技,59.9900000000,60.7000000000,25580370.6700000018,4303.0000000000,-0.0117000000,0.2558037067,东方财富沪深京A股延迟行情直连,2026-08-25
002622,皓宸医疗,2.5500000000,2.4700000000,25578896.0000000000,101955.0000000000,0.0324000000,0.2557889600,东方财富沪深京A股延迟行情直连,2026-08-25
002866,传艺科技,14.6100000000,14.7600000000,25571117.0000000000,17529.0000000000,-0.0102000000,0.2557111700,东方财富沪深京A股延迟行情直连,2026-08-25
000810,创维数字,9.3600000000,9.3300000000,25563547.0000000000,27549.0000000000,0.0032000000,0.2556354700,东方财富沪深京A股延迟行情直连,2026-08-25
601238,广汽集团,5.1100000000,5.1200000000,25550235.0000000000,50076.0000000000,-0.0020000000,0.2555023500,东方财富沪深京A股延迟行情直连,2026-08-25
600833,第一医药,10.5900000000,10.4600000000,25549412.0000000000,24309.0000000000,0.0124000000,0.2554941200,东方财富沪深京A股延迟行情直连,2026-08-25
300163,先锋新材,6.6300000000,6.6300000000,25543493.0000000000,38690.0000000000,0.0000000000,0.2554349300,东方财富沪深京A股延迟行情直连,2026-08-25
000800,一汽解放,6.1800000000,6.1300000000,25521436.0000000000,41200.0000000000,0.0082000000,0.2552143600,东方财富沪深京A股延迟行情直连,2026-08-25
301302,华如科技,20.3500000000,20.6400000000,25505542.4100000001,12631.0000000000,-0.0141000000,0.2550554241,东方财富沪深京A股延迟行情直连,2026-08-25
002819,东方中科,20.7400000000,21.1500000000,25478006.0000000000,12367.0000000000,-0.0194000000,0.2547800600,东方财富沪深京A股延迟行情直连,2026-08-25
301602,超研股份,16.1400000000,16.0800000000,25476042.0000000000,15793.0000000000,0.0037000000,0.2547604200,东方财富沪深京A股延迟行情直连,2026-08-25
301266,宇邦新材,22.6700000000,22.8300000000,25457996.1000000015,11384.0000000000,-0.0070000000,0.2545799610,东方财富沪深京A股延迟行情直连,2026-08-25
000915,华特达因,24.1100000000,23.8000000000,25433776.1799999997,10663.0000000000,0.0130000000,0.2543377618,东方财富沪深京A股延迟行情直连,2026-08-25
301380,挖金客,29.9400000000,29.4800000000,25391119.3000000007,8557.0000000000,0.0156000000,0.2539111930,东方财富沪深京A股延迟行情直连,2026-08-25
002526,山东矿机,2.6800000000,2.6300000000,25377437.0000000000,95348.0000000000,0.0190000000,0.2537743700,东方财富沪深京A股延迟行情直连,2026-08-25
601928,凤凰传媒,8.8300000000,8.8100000000,25337526.0000000000,28699.0000000000,0.0023000000,0.2533752600,东方财富沪深京A股延迟行情直连,2026-08-25
300158,振东制药,5.1700000000,5.1000000000,25333248.0000000000,49377.0000000000,0.0137000000,0.2533324800,东方财富沪深京A股延迟行情直连,2026-08-25
600925,苏能股份,4.4800000000,4.4500000000,25310102.0000000000,56438.0000000000,0.0067000000,0.2531010200,东方财富沪深京A股延迟行情直连,2026-08-25
002845,同兴达,12.9200000000,12.9100000000,25301443.0000000000,19813.0000000000,0.0008000000,0.2530144300,东方财富沪深京A股延迟行情直连,2026-08-25
300248,新开普,8.5300000000,8.4300000000,25273532.0000000000,30145.0000000000,0.0119000000,0.2527353200,东方财富沪深京A股延迟行情直连,2026-08-25
300318,博晖创新,5.0000000000,4.8700000000,25261764.0000000000,51236.0000000000,0.0267000000,0.2526176400,东方财富沪深京A股延迟行情直连,2026-08-25
000031,大悦城,2.1600000000,2.1200000000,25237556.0000000000,117431.0000000000,0.0189000000,0.2523755600,东方财富沪深京A股延迟行情直连,2026-08-25
603713,密尔克卫,62.6900000000,63.6000000000,25224797.0000000000,4009.0000000000,-0.0143000000,0.2522479700,东方财富沪深京A股延迟行情直连,2026-08-25
000571,新大洲A,5.9600000000,5.9700000000,25205608.8000000007,42615.0000000000,-0.0017000000,0.2520560880,东方财富沪深京A股延迟行情直连,2026-08-25
000402,金 融 街,2.4500000000,2.4300000000,25203160.0000000000,103016.0000000000,0.0082000000,0.2520316000,东方财富沪深京A股延迟行情直连,2026-08-25
600765,中航重机,13.1000000000,13.1700000000,25192870.0000000000,19201.0000000000,-0.0053000000,0.2519287000,东方财富沪深京A股延迟行情直连,2026-08-25
002911,佛燃能源,11.0900000000,11.0500000000,25190728.6600000001,22792.0000000000,0.0036000000,0.2519072866,东方财富沪深京A股延迟行情直连,2026-08-25
002989,中天精装,23.7400000000,23.9300000000,25180780.0000000000,10701.0000000000,-0.0079000000,0.2518078000,东方财富沪深京A股延迟行情直连,2026-08-25
603191,望变电气,14.3400000000,14.4200000000,25176881.0000000000,17632.0000000000,-0.0055000000,0.2517688100,东方财富沪深京A股延迟行情直连,2026-08-25
300286,安科瑞,19.2700000000,19.6100000000,25167997.0000000000,13158.0000000000,-0.0173000000,0.2516799700,东方财富沪深京A股延迟行情直连,2026-08-25
300529,健帆生物,15.7200000000,15.5600000000,25160354.0000000000,16100.0000000000,0.0103000000,0.2516035400,东方财富沪深京A股延迟行情直连,2026-08-25
600933,爱柯迪,13.7700000000,13.8400000000,25154208.0000000000,18191.0000000000,-0.0051000000,0.2515420800,东方财富沪深京A股延迟行情直连,2026-08-25
301587,中瑞股份,21.4800000000,21.2100000000,25146290.0000000000,11778.0000000000,0.0127000000,0.2514629000,东方财富沪深京A股延迟行情直连,2026-08-25
600800,渤海化学,3.3200000000,3.2800000000,25133270.0000000000,76075.0000000000,0.0122000000,0.2513327000,东方财富沪深京A股延迟行情直连,2026-08-25
300892,品渥食品,22.8600000000,21.9300000000,25108908.2600000016,11149.0000000000,0.0424000000,0.2510890826,东方财富沪深京A股延迟行情直连,2026-08-25
301227,森鹰窗业,30.9400000000,30.4000000000,25094565.3999999985,8221.0000000000,0.0178000000,0.2509456540,东方财富沪深京A股延迟行情直连,2026-08-25
600429,三元股份,4.5700000000,4.4900000000,25089232.0000000000,54851.0000000000,0.0178000000,0.2508923200,东方财富沪深京A股延迟行情直连,2026-08-25
603726,朗迪集团,22.8900000000,23.1900000000,25073193.0000000000,10980.0000000000,-0.0129000000,0.2507319300,东方财富沪深京A股延迟行情直连,2026-08-25
002918,蒙娜丽莎,9.9000000000,9.8100000000,25053012.0000000000,25556.0000000000,0.0092000000,0.2505301200,东方财富沪深京A股延迟行情直连,2026-08-25
002137,实益达,7.4600000000,7.4500000000,25032275.0000000000,33979.0000000000,0.0013000000,0.2503227500,东方财富沪深京A股延迟行情直连,2026-08-25
300641,正丹股份,13.9500000000,13.7400000000,25024213.0000000000,18054.0000000000,0.0153000000,0.2502421300,东方财富沪深京A股延迟行情直连,2026-08-25
002809,红墙股份,8.5300000000,8.4300000000,25020078.6000000015,29454.0000000000,0.0119000000,0.2502007860,东方财富沪深京A股延迟行情直连,2026-08-25
688609,九联科技,8.7200000000,8.7400000000,25006203.0000000000,29059.0000000000,-0.0023000000,0.2500620300,东方财富沪深京A股延迟行情直连,2026-08-25
601882,海天精工,19.6300000000,19.7500000000,24998195.0000000000,12783.0000000000,-0.0061000000,0.2499819500,东方财富沪深京A股延迟行情直连,2026-08-25
000825,太钢不锈,3.4700000000,3.4600000000,24987119.0000000000,72095.0000000000,0.0029000000,0.2498711900,东方财富沪深京A股延迟行情直连,2026-08-25
301089,拓新药业,23.5400000000,23.1400000000,24986388.0000000000,10767.0000000000,0.0173000000,0.2498638800,东方财富沪深京A股延迟行情直连,2026-08-25
002927,泰永长征,15.6400000000,15.6500000000,24983555.8000000007,16170.0000000000,-0.0006000000,0.2498355580,东方财富沪深京A股延迟行情直连,2026-08-25
601005,重庆钢铁,1.1900000000,1.1900000000,24940471.0000000000,209795.0000000000,0.0000000000,0.2494047100,东方财富沪深京A股延迟行情直连,2026-08-25
603387,基蛋生物,9.2700000000,9.1800000000,24937006.0000000000,27059.0000000000,0.0098000000,0.2493700600,东方财富沪深京A股延迟行情直连,2026-08-25
688583,思看科技,82.4400000000,82.0000000000,24925972.0000000000,3082.0000000000,0.0054000000,0.2492597200,东方财富沪深京A股延迟行情直连,2026-08-25
688010,福光股份,25.4700000000,26.0200000000,24925423.0000000000,9864.0000000000,-0.0211000000,0.2492542300,东方财富沪深京A股延迟行情直连,2026-08-25
300875,捷强装备,31.3800000000,31.2300000000,24919557.0000000000,7916.0000000000,0.0048000000,0.2491955700,东方财富沪深京A股延迟行情直连,2026-08-25
920866,绿亨科技,6.3600000000,6.1500000000,24899221.3399999999,38783.0000000000,0.0341000000,0.2489922134,东方财富沪深京A股延迟行情直连,2026-08-25
601456,国联民生,8.7400000000,8.7400000000,24886457.0000000000,28421.0000000000,0.0000000000,0.2488645700,东方财富沪深京A股延迟行情直连,2026-08-25
600106,重庆路桥,4.2200000000,4.3300000000,24886402.0000000000,59010.0000000000,-0.0254000000,0.2488640200,东方财富沪深京A股延迟行情直连,2026-08-25
001225,和泰机电,46.7400000000,46.0200000000,24883288.0000000000,5334.0000000000,0.0156000000,0.2488328800,东方财富沪深京A股延迟行情直连,2026-08-25
301033,迈普医学,55.3000000000,55.3000000000,24865329.0000000000,4473.0000000000,0.0000000000,0.2486532900,东方财富沪深京A股延迟行情直连,2026-08-25
002376,新北洋,6.7600000000,6.7500000000,24855636.0000000000,37002.0000000000,0.0015000000,0.2485563600,东方财富沪深京A股延迟行情直连,2026-08-25
600868,梅雁吉祥,2.7600000000,2.7500000000,24849896.0000000000,90719.0000000000,0.0036000000,0.2484989600,东方财富沪深京A股延迟行情直连,2026-08-25
300277,汽轮科技,11.6500000000,11.6600000000,24819724.0000000000,21405.0000000000,-0.0009000000,0.2481972400,东方财富沪深京A股延迟行情直连,2026-08-25
603978,深圳新星,18.5000000000,18.8600000000,24788390.0000000000,13378.0000000000,-0.0191000000,0.2478839000,东方财富沪深京A股延迟行情直连,2026-08-25
601375,中原证券,4.0200000000,3.9900000000,24757002.0000000000,61777.0000000000,0.0075000000,0.2475700200,东方财富沪深京A股延迟行情直连,2026-08-25
000856,冀东装备,8.4300000000,8.3100000000,24722358.0000000000,29589.0000000000,0.0144000000,0.2472235800,东方财富沪深京A股延迟行情直连,2026-08-25
601801,皖新传媒,5.4300000000,5.3900000000,24712897.0000000000,45573.0000000000,0.0074000000,0.2471289700,东方财富沪深京A股延迟行情直连,2026-08-25
002110,三钢闽光,2.9700000000,2.9500000000,24710002.0000000000,83131.0000000000,0.0068000000,0.2471000200,东方财富沪深京A股延迟行情直连,2026-08-25
300354,东华测试,26.0400000000,26.1600000000,24703500.0000000000,9651.0000000000,-0.0046000000,0.2470350000,东方财富沪深京A股延迟行情直连,2026-08-25
688505,复旦张江,8.3800000000,8.3800000000,24656178.0000000000,29673.0000000000,0.0000000000,0.2465617800,东方财富沪深京A股延迟行情直连,2026-08-25
600617,国新能源,3.3500000000,3.3000000000,24655163.0000000000,74527.0000000000,0.0152000000,0.2465516300,东方财富沪深京A股延迟行情直连,2026-08-25
300264,佳创视讯,6.4400000000,6.2700000000,24652029.0000000000,38767.0000000000,0.0271000000,0.2465202900,东方财富沪深京A股延迟行情直连,2026-08-25
605188,国光连锁,12.0100000000,12.1800000000,24620235.0000000000,20510.0000000000,-0.0140000000,0.2462023500,东方财富沪深京A股延迟行情直连,2026-08-25
300143,盈康生命,7.5100000000,7.4100000000,24610710.3000000007,32897.0000000000,0.0135000000,0.2461071030,东方财富沪深京A股延迟行情直连,2026-08-25
600271,航天信息,6.7600000000,6.6600000000,24608681.0000000000,36632.0000000000,0.0150000000,0.2460868100,东方财富沪深京A股延迟行情直连,2026-08-25
002595,豪迈科技,47.8000000000,48.0600000000,24590428.1000000015,5172.0000000000,-0.0054000000,0.2459042810,东方财富沪深京A股延迟行情直连,2026-08-25
000029,深深房Ａ,22.3700000000,22.6200000000,24577147.0000000000,10924.0000000000,-0.0111000000,0.2457714700,东方财富沪深京A股延迟行情直连,2026-08-25
688165,埃夫特-U,16.0400000000,15.9700000000,24572434.0000000000,15503.0000000000,0.0044000000,0.2457243400,东方财富沪深京A股延迟行情直连,2026-08-25
002108,沧州明珠,4.3600000000,4.3500000000,24564303.2399999984,56313.0000000000,0.0023000000,0.2456430324,东方财富沪深京A股延迟行情直连,2026-08-25
688216,气派科技,29.0200000000,29.8900000000,24486639.0000000000,8473.0000000000,-0.0291000000,0.2448663900,东方财富沪深京A股延迟行情直连,2026-08-25
300478,杭州高新,28.8100000000,28.5400000000,24481933.0000000000,8655.0000000000,0.0095000000,0.2448193300,东方财富沪深京A股延迟行情直连,2026-08-25
688325,赛微微电,106.2600000000,106.0000000000,24464854.0000000000,2344.0000000000,0.0025000000,0.2446485400,东方财富沪深京A股延迟行情直连,2026-08-25
603261,立航科技,48.5000000000,49.9000000000,24455286.0000000000,5037.0000000000,-0.0281000000,0.2445528600,东方财富沪深京A股延迟行情直连,2026-08-25
688479,友车科技,31.9200000000,32.4500000000,24350213.0000000000,7668.0000000000,-0.0163000000,0.2435021300,东方财富沪深京A股延迟行情直连,2026-08-25
002039,黔源电力,19.3800000000,19.4800000000,24332607.8000000007,12525.0000000000,-0.0051000000,0.2433260780,东方财富沪深京A股延迟行情直连,2026-08-25
301153,中科江南,17.1600000000,16.8800000000,24329902.0799999982,14260.0000000000,0.0166000000,0.2432990208,东方财富沪深京A股延迟行情直连,2026-08-25
301270,汉仪股份,32.2100000000,31.6800000000,24322488.0000000000,7586.0000000000,0.0167000000,0.2432248800,东方财富沪深京A股延迟行情直连,2026-08-25
603589,口子窖,19.0900000000,18.9400000000,24321263.0000000000,12738.0000000000,0.0079000000,0.2432126300,东方财富沪深京A股延迟行情直连,2026-08-25
002201,九鼎新材,7.9400000000,7.9800000000,24312617.0000000000,30869.0000000000,-0.0050000000,0.2431261700,东方财富沪深京A股延迟行情直连,2026-08-25
603016,新宏泰,28.5100000000,28.8500000000,24278296.0000000000,8575.0000000000,-0.0118000000,0.2427829600,东方财富沪深京A股延迟行情直连,2026-08-25
301231,荣信文化,26.4800000000,26.2600000000,24262810.5799999982,9334.0000000000,0.0084000000,0.2426281058,东方财富沪深京A股延迟行情直连,2026-08-25
000586,汇源通信,12.6500000000,12.7400000000,24249189.0000000000,19373.0000000000,-0.0071000000,0.2424918900,东方财富沪深京A股延迟行情直连,2026-08-25
688589,力合微,19.4000000000,19.5300000000,24220488.0000000000,12518.0000000000,-0.0067000000,0.2422048800,东方财富沪深京A股延迟行情直连,2026-08-25
002218,拓日新能,3.8600000000,3.8400000000,24209432.0000000000,63427.0000000000,0.0052000000,0.2420943200,东方财富沪深京A股延迟行情直连,2026-08-25
002962,五方光电,12.3900000000,12.4400000000,24204559.5100000016,19758.0000000000,-0.0040000000,0.2420455951,东方财富沪深京A股延迟行情直连,2026-08-25
301027,华蓝集团,20.4500000000,20.2800000000,24193262.0000000000,11881.0000000000,0.0084000000,0.2419326200,东方财富沪深京A股延迟行情直连,2026-08-25
002928,华夏航空,6.1800000000,6.2000000000,24173678.0000000000,39122.0000000000,-0.0032000000,0.2417367800,东方财富沪深京A股延迟行情直连,2026-08-25
002224,三 力 士,3.6900000000,3.6200000000,24151458.7500000000,66109.0000000000,0.0193000000,0.2415145875,东方财富沪深京A股延迟行情直连,2026-08-25
002524,光正眼科,3.9800000000,3.9300000000,24141803.0000000000,61256.0000000000,0.0127000000,0.2414180300,东方财富沪深京A股延迟行情直连,2026-08-25
002264,新 华 都,6.5200000000,6.4500000000,24154296.0000000000,37212.0000000000,0.0109000000,0.2415429600,东方财富沪深京A股延迟行情直连,2026-08-25
002367,康力电梯,5.2700000000,5.3500000000,24153586.0000000000,46358.0000000000,-0.0150000000,0.2415358600,东方财富沪深京A股延迟行情直连,2026-08-25
000517,荣安地产,2.3000000000,2.3200000000,24149950.0000000000,104713.0000000000,-0.0086000000,0.2414995000,东方财富沪深京A股延迟行情直连,2026-08-25
600416,湘电股份,8.3000000000,8.2600000000,24144405.0000000000,29269.0000000000,0.0048000000,0.2414440500,东方财富沪深京A股延迟行情直连,2026-08-25
605058,澳弘电子,26.4900000000,26.5000000000,24135205.0000000000,9181.0000000000,-0.0004000000,0.2413520500,东方财富沪深京A股延迟行情直连,2026-08-25
301273,瑞晨环保,39.1100000000,40.0800000000,24117460.9699999988,6180.0000000000,-0.0242000000,0.2411746097,东方财富沪深京A股延迟行情直连,2026-08-25
002945,华林证券,13.7400000000,13.8900000000,24099936.2399999984,17488.0000000000,-0.0108000000,0.2409993624,东方财富沪深京A股延迟行情直连,2026-08-25
300161,华中数控,25.9000000000,26.1500000000,24097656.0000000000,9380.0000000000,-0.0096000000,0.2409765600,东方财富沪深京A股延迟行情直连,2026-08-25
688326,经纬恒润-W,62.9700000000,62.7000000000,24074452.0000000000,3860.0000000000,0.0043000000,0.2407445200,东方财富沪深京A股延迟行情直连,2026-08-25
001298,好上好,17.3000000000,17.3400000000,24071333.8500000015,14002.0000000000,-0.0023000000,0.2407133385,东方财富沪深京A股延迟行情直连,2026-08-25
600717,天津港,4.3100000000,4.3000000000,24071069.0000000000,55837.0000000000,0.0023000000,0.2407106900,东方财富沪深京A股延迟行情直连,2026-08-25
600004,白云机场,7.5400000000,7.4500000000,24071046.0000000000,31978.0000000000,0.0121000000,0.2407104600,东方财富沪深京A股延迟行情直连,2026-08-25
002494,华斯股份,4.8100000000,4.7900000000,24069415.4400000013,50652.0000000000,0.0042000000,0.2406941544,东方财富沪深京A股延迟行情直连,2026-08-25
688162,巨一科技,23.8200000000,22.8800000000,24058977.0000000000,10157.0000000000,0.0411000000,0.2405897700,东方财富沪深京A股延迟行情直连,2026-08-25
300515,三德科技,15.7700000000,15.7200000000,24029364.0000000000,15447.0000000000,0.0032000000,0.2402936400,东方财富沪深京A股延迟行情直连,2026-08-25
301215,中汽股份,5.3700000000,5.3500000000,24025212.9800000004,44876.0000000000,0.0037000000,0.2402521298,东方财富沪深京A股延迟行情直连,2026-08-25
688016,心脉医疗,90.6500000000,90.3800000000,24023379.0000000000,2654.0000000000,0.0030000000,0.2402337900,东方财富沪深京A股延迟行情直连,2026-08-25
603108,润达医疗,9.6200000000,9.5500000000,24016724.0000000000,25218.0000000000,0.0073000000,0.2401672400,东方财富沪深京A股延迟行情直连,2026-08-25
605123,派克新材,75.0900000000,75.3300000000,24000763.0000000000,3210.0000000000,-0.0032000000,0.2400076300,东方财富沪深京A股延迟行情直连,2026-08-25
688765,禾元生物-U,35.3000000000,35.4900000000,23992292.0000000000,6803.0000000000,-0.0054000000,0.2399229200,东方财富沪深京A股延迟行情直连,2026-08-25
301101,明月镜片,28.8600000000,28.1700000000,23983087.0000000000,8369.0000000000,0.0245000000,0.2398308700,东方财富沪深京A股延迟行情直连,2026-08-25
688806,泰诺麦博-U,23.7700000000,23.9200000000,23975615.0000000000,10093.0000000000,-0.0063000000,0.2397561500,东方财富沪深京A股延迟行情直连,2026-08-25
002612,朗姿股份,14.5400000000,14.6700000000,23969331.0000000000,16490.0000000000,-0.0089000000,0.2396933100,东方财富沪深京A股延迟行情直连,2026-08-25
603926,铁流股份,15.7600000000,15.7400000000,23968806.0000000000,15181.0000000000,0.0013000000,0.2396880600,东方财富沪深京A股延迟行情直连,2026-08-25
920169,七丰精工,19.6200000000,19.9000000000,23961246.0000000000,12042.0000000000,-0.0141000000,0.2396124600,东方财富沪深京A股延迟行情直连,2026-08-25
000816,智慧农业,2.8100000000,2.7800000000,23949058.0000000000,85395.0000000000,0.0108000000,0.2394905800,东方财富沪深京A股延迟行情直连,2026-08-25
300595,欧普康视,10.7900000000,10.7100000000,23927351.5199999996,22219.0000000000,0.0075000000,0.2392735152,东方财富沪深京A股延迟行情直连,2026-08-25
300812,易天股份,18.7300000000,18.9000000000,23925590.1999999993,12913.0000000000,-0.0090000000,0.2392559020,东方财富沪深京A股延迟行情直连,2026-08-25
603262,技源集团,18.2100000000,18.4000000000,23918061.0000000000,13096.0000000000,-0.0103000000,0.2391806100,东方财富沪深京A股延迟行情直连,2026-08-25
600970,中材国际,7.8400000000,7.8200000000,23892417.0000000000,30500.0000000000,0.0026000000,0.2389241700,东方财富沪深京A股延迟行情直连,2026-08-25
002054,德美化工,7.1800000000,7.1600000000,23892351.5000000000,33311.0000000000,0.0028000000,0.2389235150,东方财富沪深京A股延迟行情直连,2026-08-25
300298,三诺生物,16.0700000000,15.9100000000,23891337.9600000009,14916.0000000000,0.0101000000,0.2389133796,东方财富沪深京A股延迟行情直连,2026-08-25
600100,同方股份,6.6300000000,6.6000000000,23881521.0000000000,36082.0000000000,0.0045000000,0.2388152100,东方财富沪深京A股延迟行情直连,2026-08-25
002347,泰尔股份,5.9800000000,5.8500000000,23820481.0000000000,40283.0000000000,0.0222000000,0.2382048100,东方财富沪深京A股延迟行情直连,2026-08-25
603284,林平发展,43.1600000000,42.3900000000,23818838.0000000000,5593.0000000000,0.0182000000,0.2381883800,东方财富沪深京A股延迟行情直连,2026-08-25
600257,大湖股份,5.5900000000,5.5100000000,23783933.0000000000,42758.0000000000,0.0145000000,0.2378393300,东方财富沪深京A股延迟行情直连,2026-08-25
301295,美硕科技,37.6200000000,37.3600000000,23780328.0000000000,6450.0000000000,0.0070000000,0.2378032800,东方财富沪深京A股延迟行情直连,2026-08-25
300828,锐新科技,16.6900000000,16.4900000000,23762297.0000000000,14444.0000000000,0.0121000000,0.2376229700,东方财富沪深京A股延迟行情直连,2026-08-25
002386,天原股份,5.9100000000,5.9000000000,23761603.0000000000,40223.0000000000,0.0017000000,0.2376160300,东方财富沪深京A股延迟行情直连,2026-08-25
600467,好当家,2.3500000000,2.3200000000,23757388.0000000000,101566.0000000000,0.0129000000,0.2375738800,东方财富沪深京A股延迟行情直连,2026-08-25
600892,大晟文化,3.8100000000,3.7800000000,23722866.0000000000,62820.0000000000,0.0079000000,0.2372286600,东方财富沪深京A股延迟行情直连,2026-08-25
301091,深城交,18.4300000000,18.4400000000,23653799.6000000015,12964.0000000000,-0.0005000000,0.2365379960,东方财富沪深京A股延迟行情直连,2026-08-25
002795,永和智控,6.9900000000,7.0800000000,23651504.0000000000,34009.0000000000,-0.0127000000,0.2365150400,东方财富沪深京A股延迟行情直连,2026-08-25
601007,金陵饭店,6.8400000000,6.7000000000,23651443.0000000000,34758.0000000000,0.0209000000,0.2365144300,东方财富沪深京A股延迟行情直连,2026-08-25
000503,国新健康,6.7800000000,6.7000000000,23644676.2699999996,35104.0000000000,0.0119000000,0.2364467627,东方财富沪深京A股延迟行情直连,2026-08-25
600975,新五丰,4.9400000000,4.8500000000,23643270.0000000000,48064.0000000000,0.0186000000,0.2364327000,东方财富沪深京A股延迟行情直连,2026-08-25
001212,中旗新材,32.4300000000,32.8000000000,23624867.0000000000,7318.0000000000,-0.0113000000,0.2362486700,东方财富沪深京A股延迟行情直连,2026-08-25
002003,伟星股份,10.7000000000,10.7500000000,23605576.0000000000,22037.0000000000,-0.0047000000,0.2360557600,东方财富沪深京A股延迟行情直连,2026-08-25
002681,奋达科技,4.3700000000,4.3400000000,23600131.0000000000,54503.0000000000,0.0069000000,0.2360013100,东方财富沪深京A股延迟行情直连,2026-08-25
920002,万达轴承,52.9500000000,52.0000000000,23593179.8399999999,4492.0000000000,0.0183000000,0.2359317984,东方财富沪深京A股延迟行情直连,2026-08-25
300146,汤臣倍健,9.6900000000,9.5900000000,23592228.8000000007,24396.0000000000,0.0104000000,0.2359222880,东方财富沪深京A股延迟行情直连,2026-08-25
301062,上海艾录,7.1700000000,7.1400000000,23580792.6900000013,33171.0000000000,0.0042000000,0.2358079269,东方财富沪深京A股延迟行情直连,2026-08-25
688199,久日新材,22.4700000000,22.8800000000,23553584.0000000000,10517.0000000000,-0.0179000000,0.2355358400,东方财富沪深京A股延迟行情直连,2026-08-25
301365,矩阵股份,38.5000000000,38.6300000000,23541384.0000000000,6124.0000000000,-0.0034000000,0.2354138400,东方财富沪深京A股延迟行情直连,2026-08-25
301617,博苑新材,46.7500000000,48.1100000000,23529830.0000000000,4999.0000000000,-0.0283000000,0.2352983000,东方财富沪深京A股延迟行情直连,2026-08-25
688291,金橙子,41.2500000000,42.2300000000,23505245.0000000000,5716.0000000000,-0.0232000000,0.2350524500,东方财富沪深京A股延迟行情直连,2026-08-25
600295,鄂尔多斯,13.0500000000,13.0400000000,23501180.0000000000,17953.0000000000,0.0008000000,0.2350118000,东方财富沪深京A股延迟行情直连,2026-08-25
000037,深南电A,9.3000000000,9.2900000000,23458574.0000000000,25393.0000000000,0.0011000000,0.2345857400,东方财富沪深京A股延迟行情直连,2026-08-25
300639,凯普生物,6.0400000000,5.9700000000,23452123.0000000000,39213.0000000000,0.0117000000,0.2345212300,东方财富沪深京A股延迟行情直连,2026-08-25
601139,深圳燃气,6.3300000000,6.2900000000,23440205.0000000000,37025.0000000000,0.0064000000,0.2344020500,东方财富沪深京A股延迟行情直连,2026-08-25
000753,漳州发展,4.6900000000,4.6300000000,23430161.0000000000,50406.0000000000,0.0130000000,0.2343016100,东方财富沪深京A股延迟行情直连,2026-08-25
002291,遥望科技,5.1100000000,5.0800000000,23423456.0000000000,45899.0000000000,0.0059000000,0.2342345600,东方财富沪深京A股延迟行情直连,2026-08-25
600420,国药现代,8.5100000000,8.4500000000,23417408.0000000000,27545.0000000000,0.0071000000,0.2341740800,东方财富沪深京A股延迟行情直连,2026-08-25
300581,晨曦航空,9.8000000000,9.8000000000,23407900.0000000000,23929.0000000000,0.0000000000,0.2340790000,东方财富沪深京A股延迟行情直连,2026-08-25
300079,数码视讯,4.4700000000,4.4100000000,23381413.0000000000,52884.0000000000,0.0136000000,0.2338141300,东方财富沪深京A股延迟行情直连,2026-08-25
688095,福昕软件,56.4900000000,57.0900000000,23380386.0000000000,4154.0000000000,-0.0105000000,0.2338038600,东方财富沪深京A股延迟行情直连,2026-08-25
000096,广聚能源,8.0900000000,7.9300000000,23360656.0000000000,29130.0000000000,0.0202000000,0.2336065600,东方财富沪深京A股延迟行情直连,2026-08-25
000600,建投能源,7.9300000000,7.9200000000,23357949.2199999988,29531.0000000000,0.0013000000,0.2335794922,东方财富沪深京A股延迟行情直连,2026-08-25
688316,青云科技-U,45.9400000000,46.1500000000,23327612.0000000000,5128.0000000000,-0.0046000000,0.2332761200,东方财富沪深京A股延迟行情直连,2026-08-25
002675,东诚药业,12.8500000000,12.7700000000,23325467.0000000000,18194.0000000000,0.0063000000,0.2332546700,东方财富沪深京A股延迟行情直连,2026-08-25
002101,广东鸿图,8.7500000000,8.5200000000,23321992.0000000000,26824.0000000000,0.0270000000,0.2332199200,东方财富沪深京A股延迟行情直连,2026-08-25
300797,钢研纳克,13.7500000000,13.9400000000,23310617.4600000009,17020.0000000000,-0.0136000000,0.2331061746,东方财富沪深京A股延迟行情直连,2026-08-25
920189,康美特,20.3300000000,20.8700000000,23295250.5100000016,11450.0000000000,-0.0259000000,0.2329525051,东方财富沪深京A股延迟行情直连,2026-08-25
300780,德恩精工,19.3000000000,19.4300000000,23282929.0000000000,12273.0000000000,-0.0067000000,0.2328292900,东方财富沪深京A股延迟行情直连,2026-08-25
300609,汇纳科技,25.1500000000,24.9800000000,23261040.0000000000,9364.0000000000,0.0068000000,0.2326104000,东方财富沪深京A股延迟行情直连,2026-08-25
002011,盾安环境,9.8800000000,9.7900000000,23259428.6000000015,23613.0000000000,0.0092000000,0.2325942860,东方财富沪深京A股延迟行情直连,2026-08-25
300036,超图软件,11.0500000000,10.9000000000,23258048.6799999997,21221.0000000000,0.0138000000,0.2325804868,东方财富沪深京A股延迟行情直连,2026-08-25
000407,胜利股份,4.1100000000,4.0600000000,23145143.1700000018,56487.0000000000,0.0123000000,0.2314514317,东方财富沪深京A股延迟行情直连,2026-08-25
300051,琏升科技,8.2100000000,8.1900000000,23098398.0000000000,28388.0000000000,0.0024000000,0.2309839800,东方财富沪深京A股延迟行情直连,2026-08-25
301577,美信科技,54.6400000000,55.1600000000,23093198.0000000000,4273.0000000000,-0.0094000000,0.2309319800,东方财富沪深京A股延迟行情直连,2026-08-25
300665,飞鹿股份,9.1800000000,9.0300000000,23087947.0000000000,25490.0000000000,0.0166000000,0.2308794700,东方财富沪深京A股延迟行情直连,2026-08-25
300517,海波重科,10.0200000000,10.1800000000,23078472.0000000000,23167.0000000000,-0.0157000000,0.2307847200,东方财富沪深京A股延迟行情直连,2026-08-25
688698,伟创电气,43.9900000000,44.3200000000,23078003.0000000000,5272.0000000000,-0.0074000000,0.2307800300,东方财富沪深京A股延迟行情直连,2026-08-25
603665,康隆达,20.2000000000,20.5300000000,23041567.0000000000,11418.0000000000,-0.0161000000,0.2304156700,东方财富沪深京A股延迟行情直连,2026-08-25
600642,申能股份,8.4900000000,8.4900000000,23033367.0000000000,27089.0000000000,0.0000000000,0.2303336700,东方财富沪深京A股延迟行情直连,2026-08-25
300737,科顺股份,4.7800000000,4.7500000000,23018176.0000000000,48803.0000000000,0.0063000000,0.2301817600,东方财富沪深京A股延迟行情直连,2026-08-25
603086,先达股份,5.6500000000,5.5700000000,23016616.0000000000,41082.0000000000,0.0144000000,0.2301661600,东方财富沪深京A股延迟行情直连,2026-08-25
605018,长华集团,12.0500000000,12.0900000000,23002882.0000000000,19188.0000000000,-0.0033000000,0.2300288200,东方财富沪深京A股延迟行情直连,2026-08-25
600681,百川能源,3.4600000000,3.4000000000,22991541.0000000000,66935.0000000000,0.0176000000,0.2299154100,东方财富沪深京A股延迟行情直连,2026-08-25
603363,傲农生物,2.8700000000,2.8400000000,22982012.0000000000,80232.0000000000,0.0106000000,0.2298201200,东方财富沪深京A股延迟行情直连,2026-08-25
002140,东华科技,9.1300000000,8.9400000000,22981023.0000000000,25222.0000000000,0.0213000000,0.2298102300,东方财富沪深京A股延迟行情直连,2026-08-25
920252,天宏锂电,15.9100000000,16.2100000000,22940642.1999999993,14343.0000000000,-0.0185000000,0.2294064220,东方财富沪深京A股延迟行情直连,2026-08-25
300504,天邑股份,14.8200000000,14.7000000000,22935095.0000000000,15742.0000000000,0.0082000000,0.2293509500,东方财富沪深京A股延迟行情直连,2026-08-25
600794,保税科技,3.2000000000,3.1500000000,22933503.0000000000,72060.0000000000,0.0159000000,0.2293350300,东方财富沪深京A股延迟行情直连,2026-08-25
600771,广誉远,13.2700000000,13.2400000000,22896067.0000000000,17252.0000000000,0.0023000000,0.2289606700,东方财富沪深京A股延迟行情直连,2026-08-25
600655,豫园股份,4.6100000000,4.5900000000,22892204.0000000000,49498.0000000000,0.0044000000,0.2289220400,东方财富沪深京A股延迟行情直连,2026-08-25
605305,中际联合,36.7500000000,36.2500000000,22874520.0000000000,6290.0000000000,0.0138000000,0.2287452000,东方财富沪深京A股延迟行情直连,2026-08-25
002307,北新路桥,2.9200000000,2.8800000000,22852073.6600000001,78670.0000000000,0.0139000000,0.2285207366,东方财富沪深京A股延迟行情直连,2026-08-25
300234,开尔新材,9.5700000000,9.5300000000,22836638.0000000000,24248.0000000000,0.0042000000,0.2283663800,东方财富沪深京A股延迟行情直连,2026-08-25
688759,必贝特-U,25.0300000000,25.1500000000,22831958.0000000000,9238.0000000000,-0.0048000000,0.2283195800,东方财富沪深京A股延迟行情直连,2026-08-25
920726,朱老六,16.4900000000,16.1600000000,22824496.0300000012,13843.0000000000,0.0204000000,0.2282449603,东方财富沪深京A股延迟行情直连,2026-08-25
688805,健信超导,38.0500000000,39.8000000000,22798765.0000000000,5975.0000000000,-0.0440000000,0.2279876500,东方财富沪深京A股延迟行情直连,2026-08-25
300105,龙源技术,7.5400000000,7.5800000000,22781831.9299999997,30514.0000000000,-0.0053000000,0.2278183193,东方财富沪深京A股延迟行情直连,2026-08-25
002416,爱施德,9.3900000000,9.3300000000,22774535.0000000000,24329.0000000000,0.0064000000,0.2277453500,东方财富沪深京A股延迟行情直连,2026-08-25
603578,三星新材,13.1500000000,13.2700000000,22766494.0000000000,17394.0000000000,-0.0090000000,0.2276649400,东方财富沪深京A股延迟行情直连,2026-08-25
600609,金杯汽车,3.2700000000,3.2100000000,22760964.0000000000,70189.0000000000,0.0187000000,0.2276096400,东方财富沪深京A股延迟行情直连,2026-08-25
300787,海能实业,10.1700000000,9.9100000000,22748855.8399999999,22543.0000000000,0.0262000000,0.2274885584,东方财富沪深京A股延迟行情直连,2026-08-25
002946,新乳业,15.9300000000,15.8100000000,22742356.0000000000,14347.0000000000,0.0076000000,0.2274235600,东方财富沪深京A股延迟行情直连,2026-08-25
603956,威派格,6.0200000000,6.0300000000,22737690.0000000000,38064.0000000000,-0.0017000000,0.2273769000,东方财富沪深京A股延迟行情直连,2026-08-25
688707,振华新材,10.4100000000,10.5400000000,22651665.0000000000,21691.0000000000,-0.0123000000,0.2265166500,东方财富沪深京A股延迟行情直连,2026-08-25
603681,永冠新材,17.9600000000,18.0400000000,22649214.0000000000,12688.0000000000,-0.0044000000,0.2264921400,东方财富沪深京A股延迟行情直连,2026-08-25
300078,思创智联,3.1100000000,3.0700000000,22626153.7100000009,73555.0000000000,0.0130000000,0.2262615371,东方财富沪深京A股延迟行情直连,2026-08-25
688513,苑东生物,42.5400000000,42.9100000000,22617366.0000000000,5316.0000000000,-0.0086000000,0.2261736600,东方财富沪深京A股延迟行情直连,2026-08-25
301677,欣兴工具,53.4200000000,54.0800000000,22613619.8399999999,4252.0000000000,-0.0122000000,0.2261361984,东方财富沪深京A股延迟行情直连,2026-08-25
300125,聆达股份,8.7900000000,8.6400000000,22612231.0000000000,25822.0000000000,0.0174000000,0.2261223100,东方财富沪深京A股延迟行情直连,2026-08-25
002068,黑猫股份,7.7100000000,7.7500000000,22603386.0000000000,29464.0000000000,-0.0052000000,0.2260338600,东方财富沪深京A股延迟行情直连,2026-08-25
688480,赛恩斯,74.6900000000,77.6800000000,22589079.0000000000,3012.0000000000,-0.0385000000,0.2258907900,东方财富沪深京A股延迟行情直连,2026-08-25
000532,华金资本,11.2200000000,11.1200000000,22577824.0000000000,20199.0000000000,0.0090000000,0.2257782400,东方财富沪深京A股延迟行情直连,2026-08-25
002593,日上集团,4.4300000000,4.3900000000,22572491.0000000000,51211.0000000000,0.0091000000,0.2257249100,东方财富沪深京A股延迟行情直连,2026-08-25
300321,同大股份,32.1800000000,32.9400000000,22569442.0000000000,7028.0000000000,-0.0231000000,0.2256944200,东方财富沪深京A股延迟行情直连,2026-08-25
688196,卓越新能,34.7500000000,34.1600000000,22567281.0000000000,6544.0000000000,0.0173000000,0.2256728100,东方财富沪深京A股延迟行情直连,2026-08-25
301017,漱玉平民,13.0400000000,12.7600000000,22547238.0000000000,17529.0000000000,0.0219000000,0.2254723800,东方财富沪深京A股延迟行情直连,2026-08-25
603277,银都股份,12.4000000000,12.5600000000,22505346.0000000000,18340.0000000000,-0.0127000000,0.2250534600,东方财富沪深京A股延迟行情直连,2026-08-25
600738,丽尚国潮,4.1200000000,4.0100000000,22488218.0000000000,55074.0000000000,0.0274000000,0.2248821800,东方财富沪深京A股延迟行情直连,2026-08-25
688767,博拓生物,35.1100000000,35.1600000000,22485541.0000000000,6504.0000000000,-0.0014000000,0.2248554100,东方财富沪深京A股延迟行情直连,2026-08-25
605318,法狮龙,73.0500000000,75.1400000000,22484242.0000000000,3078.0000000000,-0.0278000000,0.2248424200,东方财富沪深京A股延迟行情直连,2026-08-25
601598,中国外运,6.5900000000,6.6100000000,22460546.0000000000,33988.0000000000,-0.0030000000,0.2246054600,东方财富沪深京A股延迟行情直连,2026-08-25
000791,甘肃能源,7.2300000000,7.2700000000,22421333.0000000000,31013.0000000000,-0.0055000000,0.2242133300,东方财富沪深京A股延迟行情直连,2026-08-25
000957,中通客车,10.3700000000,10.3400000000,22393587.0000000000,21629.0000000000,0.0029000000,0.2239358700,东方财富沪深京A股延迟行情直连,2026-08-25
002368,太极股份,13.4400000000,13.4200000000,22387141.5000000000,16763.0000000000,0.0015000000,0.2238714150,东方财富沪深京A股延迟行情直连,2026-08-25
000589,贵州轮胎,4.2800000000,4.2500000000,22384823.6000000015,52547.0000000000,0.0071000000,0.2238482360,东方财富沪深京A股延迟行情直连,2026-08-25
002117,东港股份,8.0700000000,8.1300000000,22380658.0000000000,27877.0000000000,-0.0074000000,0.2238065800,东方财富沪深京A股延迟行情直连,2026-08-25
000692,惠天热电,4.2000000000,4.1900000000,22378614.1799999997,53723.0000000000,0.0024000000,0.2237861418,东方财富沪深京A股延迟行情直连,2026-08-25
002712,思美传媒,4.7500000000,4.6900000000,22367034.3999999985,47670.0000000000,0.0128000000,0.2236703440,东方财富沪深京A股延迟行情直连,2026-08-25
002242,九阳股份,8.3100000000,8.2100000000,22364923.0000000000,27204.0000000000,0.0122000000,0.2236492300,东方财富沪深京A股延迟行情直连,2026-08-25
301286,侨源股份,42.9100000000,43.2600000000,22355338.0000000000,5270.0000000000,-0.0081000000,0.2235533800,东方财富沪深京A股延迟行情直连,2026-08-25
600657,信达地产,2.6100000000,2.5500000000,22337537.0000000000,86038.0000000000,0.0235000000,0.2233753700,东方财富沪深京A股延迟行情直连,2026-08-25
688311,盟升电子,22.0100000000,22.1600000000,22334596.0000000000,10192.0000000000,-0.0068000000,0.2233459600,东方财富沪深京A股延迟行情直连,2026-08-25
301305,朗坤科技,23.9600000000,24.0200000000,22296844.0000000000,9381.0000000000,-0.0025000000,0.2229684400,东方财富沪深京A股延迟行情直连,2026-08-25
603976,正川股份,27.5100000000,27.7600000000,22291482.0000000000,8065.0000000000,-0.0090000000,0.2229148200,东方财富沪深京A股延迟行情直连,2026-08-25
600684,珠江股份,3.5300000000,3.4600000000,22276632.0000000000,63417.0000000000,0.0202000000,0.2227663200,东方财富沪深京A股延迟行情直连,2026-08-25
688303,大全能源,17.5600000000,17.6300000000,22258871.0000000000,12623.0000000000,-0.0040000000,0.2225887100,东方财富沪深京A股延迟行情直连,2026-08-25
688259,创耀科技,29.0500000000,30.0300000000,22243576.0000000000,7709.0000000000,-0.0326000000,0.2224357600,东方财富沪深京A股延迟行情直连,2026-08-25
002334,英威腾,6.5500000000,6.5000000000,22223514.0599999987,34375.0000000000,0.0077000000,0.2222351406,东方财富沪深京A股延迟行情直连,2026-08-25
603733,仙鹤股份,20.9400000000,21.1400000000,22198519.0000000000,10547.0000000000,-0.0095000000,0.2219851900,东方财富沪深京A股延迟行情直连,2026-08-25
002114,罗平锌电,7.4000000000,7.4400000000,22185007.0000000000,29907.0000000000,-0.0054000000,0.2218500700,东方财富沪深京A股延迟行情直连,2026-08-25
301109,军信股份,13.0500000000,13.1300000000,22169919.6700000018,17050.0000000000,-0.0061000000,0.2216991967,东方财富沪深京A股延迟行情直连,2026-08-25
000736,中交发展,4.3500000000,4.2500000000,22139024.4800000004,51302.0000000000,0.0235000000,0.2213902448,东方财富沪深京A股延迟行情直连,2026-08-25
002012,凯恩股份,6.6600000000,6.6000000000,22129975.0000000000,33379.0000000000,0.0091000000,0.2212997500,东方财富沪深京A股延迟行情直连,2026-08-25
002695,煌上煌,11.0800000000,11.2000000000,22116469.0000000000,19933.0000000000,-0.0107000000,0.2211646900,东方财富沪深京A股延迟行情直连,2026-08-25
300808,久量股份,19.7400000000,19.7200000000,22112369.0000000000,11263.0000000000,0.0010000000,0.2211236900,东方财富沪深京A股延迟行情直连,2026-08-25
300110,华仁药业,2.8300000000,2.8000000000,22088639.0000000000,78658.0000000000,0.0107000000,0.2208863900,东方财富沪深京A股延迟行情直连,2026-08-25
603708,家家悦,9.2300000000,9.0500000000,22051560.0000000000,24083.0000000000,0.0199000000,0.2205156000,东方财富沪深京A股延迟行情直连,2026-08-25
603027,千禾味业,7.2800000000,7.2200000000,22020192.0000000000,30250.0000000000,0.0083000000,0.2202019200,东方财富沪深京A股延迟行情直连,2026-08-25
300516,久之洋,30.5300000000,30.5800000000,21976641.8000000007,7223.0000000000,-0.0016000000,0.2197664180,东方财富沪深京A股延迟行情直连,2026-08-25
688435,英方软件,28.8500000000,29.8500000000,21974124.0000000000,7668.0000000000,-0.0335000000,0.2197412400,东方财富沪深京A股延迟行情直连,2026-08-25
300421,力星股份,16.4100000000,16.2100000000,21971549.0000000000,13555.0000000000,0.0123000000,0.2197154900,东方财富沪深京A股延迟行情直连,2026-08-25
603120,肯特催化,45.5700000000,47.2000000000,21963669.0000000000,4822.0000000000,-0.0345000000,0.2196366900,东方财富沪深京A股延迟行情直连,2026-08-25
688369,致远互联,19.5600000000,19.1700000000,21941815.0000000000,11457.0000000000,0.0203000000,0.2194181500,东方财富沪深京A股延迟行情直连,2026-08-25
002454,松芝股份,5.1200000000,5.0500000000,21939020.1999999993,43044.0000000000,0.0139000000,0.2193902020,东方财富沪深京A股延迟行情直连,2026-08-25
603042,华脉科技,13.6800000000,13.7000000000,21930972.0000000000,16111.0000000000,-0.0015000000,0.2193097200,东方财富沪深京A股延迟行情直连,2026-08-25
600422,昆药集团,8.4400000000,8.3100000000,21907515.0000000000,26097.0000000000,0.0156000000,0.2190751500,东方财富沪深京A股延迟行情直连,2026-08-25
603085,天成自控,9.7800000000,9.7800000000,21899228.0000000000,22642.0000000000,0.0000000000,0.2189922800,东方财富沪深京A股延迟行情直连,2026-08-25
603381,永臻股份,15.2100000000,15.4500000000,21892551.0000000000,14369.0000000000,-0.0155000000,0.2189255100,东方财富沪深京A股延迟行情直连,2026-08-25
688410,山外山,10.9500000000,10.8700000000,21851895.0000000000,20145.0000000000,0.0074000000,0.2185189500,东方财富沪深京A股延迟行情直连,2026-08-25
000719,中原传媒,11.8600000000,11.7000000000,21838019.6799999997,18435.0000000000,0.0137000000,0.2183801968,东方财富沪深京A股延迟行情直连,2026-08-25
300062,中能电气,6.1800000000,6.2000000000,21796162.0000000000,35579.0000000000,-0.0032000000,0.2179616200,东方财富沪深京A股延迟行情直连,2026-08-25
605288,凯迪股份,55.3000000000,56.7700000000,21784988.0000000000,3946.0000000000,-0.0259000000,0.2178498800,东方财富沪深京A股延迟行情直连,2026-08-25
002806,华锋股份,14.2300000000,14.0900000000,21782462.5399999991,15486.0000000000,0.0099000000,0.2178246254,东方财富沪深京A股延迟行情直连,2026-08-25
300648,星云股份,40.1800000000,40.3000000000,21748518.0000000000,5459.0000000000,-0.0030000000,0.2174851800,东方财富沪深京A股延迟行情直连,2026-08-25
300912,凯龙高科,19.6600000000,19.0600000000,21725773.0000000000,11270.0000000000,0.0315000000,0.2172577300,东方财富沪深京A股延迟行情直连,2026-08-25
603177,德创环保,10.4800000000,10.3900000000,21721848.0000000000,20863.0000000000,0.0087000000,0.2172184800,东方财富沪深京A股延迟行情直连,2026-08-25
002061,浙江交科,3.5300000000,3.4700000000,21692690.8799999990,61800.0000000000,0.0173000000,0.2169269088,东方财富沪深京A股延迟行情直连,2026-08-25
002390,信邦制药,3.0500000000,3.0000000000,21689528.1000000015,71693.0000000000,0.0167000000,0.2168952810,东方财富沪深京A股延迟行情直连,2026-08-25
603833,欧派家居,31.8800000000,31.8100000000,21684804.0000000000,6821.0000000000,0.0022000000,0.2168480400,东方财富沪深京A股延迟行情直连,2026-08-25
920061,西磁科技,18.1200000000,17.8100000000,21671848.9800000004,11815.0000000000,0.0174000000,0.2167184898,东方财富沪深京A股延迟行情直连,2026-08-25
603980,吉华集团,6.6500000000,6.7200000000,21661651.0000000000,32650.0000000000,-0.0104000000,0.2166165100,东方财富沪深京A股延迟行情直连,2026-08-25
600628,新世界,6.2300000000,6.1000000000,21654112.0000000000,34951.0000000000,0.0213000000,0.2165411200,东方财富沪深京A股延迟行情直连,2026-08-25
300138,晨光生物,10.8400000000,10.9600000000,21644284.0000000000,20003.0000000000,-0.0109000000,0.2164428400,东方财富沪深京A股延迟行情直连,2026-08-25
301531,春光集团,48.0600000000,48.3500000000,21566812.0000000000,4504.0000000000,-0.0060000000,0.2156681200,东方财富沪深京A股延迟行情直连,2026-08-25
688561,奇安信-U,24.8000000000,24.6300000000,21526131.0000000000,8725.0000000000,0.0069000000,0.2152613100,东方财富沪深京A股延迟行情直连,2026-08-25
002752,昇兴股份,5.9000000000,5.8200000000,21511394.0000000000,36588.0000000000,0.0137000000,0.2151139400,东方财富沪深京A股延迟行情直连,2026-08-25
002679,福建金森,9.5000000000,9.2500000000,21483272.3999999985,22831.0000000000,0.0270000000,0.2148327240,东方财富沪深京A股延迟行情直连,2026-08-25
603092,德力佳,41.5000000000,41.2400000000,21467277.0000000000,5197.0000000000,0.0063000000,0.2146727700,东方财富沪深京A股延迟行情直连,2026-08-25
300256,星星科技,2.7000000000,2.7100000000,21436775.0000000000,80267.0000000000,-0.0037000000,0.2143677500,东方财富沪深京A股延迟行情直连,2026-08-25
920111,聚星科技,28.8900000000,29.0900000000,21414934.5300000012,7429.0000000000,-0.0069000000,0.2141493453,东方财富沪深京A股延迟行情直连,2026-08-25
603303,得邦照明,22.6300000000,23.4700000000,21412712.0000000000,9347.0000000000,-0.0358000000,0.2141271200,东方财富沪深京A股延迟行情直连,2026-08-25
002397,梦洁股份,3.5400000000,3.4800000000,21412553.0000000000,61089.0000000000,0.0172000000,0.2141255300,东方财富沪深京A股延迟行情直连,2026-08-25
605001,威奥股份,5.9200000000,5.7300000000,21342375.0000000000,36593.0000000000,0.0332000000,0.2134237500,东方财富沪深京A股延迟行情直连,2026-08-25
600073,光明肉业,5.3300000000,5.2900000000,21310742.0000000000,40011.0000000000,0.0076000000,0.2131074200,东方财富沪深京A股延迟行情直连,2026-08-25
688057,金达莱,17.8600000000,17.5600000000,21308673.0000000000,12131.0000000000,0.0171000000,0.2130867300,东方财富沪深京A股延迟行情直连,2026-08-25
300961,深水海纳,12.0600000000,11.6600000000,21304053.0000000000,18325.0000000000,0.0343000000,0.2130405300,东方财富沪深京A股延迟行情直连,2026-08-25
000862,银星能源,5.1800000000,5.1500000000,21303642.0000000000,41284.0000000000,0.0058000000,0.2130364200,东方财富沪深京A股延迟行情直连,2026-08-25
301148,嘉戎技术,51.4000000000,50.2000000000,21276699.0000000000,4189.0000000000,0.0239000000,0.2127669900,东方财富沪深京A股延迟行情直连,2026-08-25
603071,物产环能,12.6800000000,12.6200000000,21272994.0000000000,16791.0000000000,0.0048000000,0.2127299400,东方财富沪深京A股延迟行情直连,2026-08-25
603207,小方制药,23.0200000000,22.7800000000,21271709.0000000000,9333.0000000000,0.0105000000,0.2127170900,东方财富沪深京A股延迟行情直连,2026-08-25
600156,华升股份,8.0200000000,7.9000000000,21267796.0000000000,26906.0000000000,0.0152000000,0.2126779600,东方财富沪深京A股延迟行情直连,2026-08-25
300269,联建光电,4.7300000000,4.7700000000,21262741.1999999993,45704.0000000000,-0.0084000000,0.2126274120,东方财富沪深京A股延迟行情直连,2026-08-25
002570,贝因美,4.4700000000,4.4000000000,21253393.0000000000,47700.0000000000,0.0159000000,0.2125339300,东方财富沪深京A股延迟行情直连,2026-08-25
605056,咸亨国际,13.9400000000,13.7400000000,21249039.0000000000,15377.0000000000,0.0146000000,0.2124903900,东方财富沪深京A股延迟行情直连,2026-08-25
002148,北纬科技,6.1700000000,6.0800000000,21236938.7800000012,34871.0000000000,0.0148000000,0.2123693878,东方财富沪深京A股延迟行情直连,2026-08-25
301552,科力装备,25.2500000000,25.8500000000,21227634.3999999985,8477.0000000000,-0.0232000000,0.2122763440,东方财富沪深京A股延迟行情直连,2026-08-25
002663,普邦股份,1.6800000000,1.6300000000,21226786.0000000000,127284.0000000000,0.0307000000,0.2122678600,东方财富沪深京A股延迟行情直连,2026-08-25
301383,天键股份,22.7600000000,22.0800000000,21216328.3399999999,9430.0000000000,0.0308000000,0.2121632834,东方财富沪深京A股延迟行情直连,2026-08-25
301378,通达海,24.6100000000,24.2300000000,21204682.0199999996,8722.0000000000,0.0157000000,0.2120468202,东方财富沪深京A股延迟行情直连,2026-08-25
002482,广田集团,1.2700000000,1.2500000000,21203824.0199999996,167417.0000000000,0.0160000000,0.2120382402,东方财富沪深京A股延迟行情直连,2026-08-25
688687,凯因科技,18.0900000000,18.0500000000,21147318.0000000000,11710.0000000000,0.0022000000,0.2114731800,东方财富沪深京A股延迟行情直连,2026-08-25
300840,酷特智能,17.9800000000,18.1300000000,21131759.0000000000,11866.0000000000,-0.0083000000,0.2113175900,东方财富沪深京A股延迟行情直连,2026-08-25
301252,同星科技,33.0000000000,32.9600000000,21114934.0000000000,6476.0000000000,0.0012000000,0.2111493400,东方财富沪深京A股延迟行情直连,2026-08-25
000717,中南股份,2.2500000000,2.2100000000,21113050.6400000006,94383.0000000000,0.0181000000,0.2111305064,东方财富沪深京A股延迟行情直连,2026-08-25
920116,星图测控,43.5800000000,42.9200000000,21098387.9299999997,4875.0000000000,0.0154000000,0.2109838793,东方财富沪深京A股延迟行情直连,2026-08-25
000156,华数传媒,6.8100000000,6.6700000000,21090222.6799999997,31199.0000000000,0.0210000000,0.2109022268,东方财富沪深京A股延迟行情直连,2026-08-25
300155,安居宝,4.4200000000,4.3100000000,21086698.0000000000,48554.0000000000,0.0255000000,0.2108669800,东方财富沪深京A股延迟行情直连,2026-08-25
000965,天保基建,3.1800000000,3.1200000000,21085194.6000000015,66784.0000000000,0.0192000000,0.2108519460,东方财富沪深京A股延迟行情直连,2026-08-25
688595,芯海科技,26.9300000000,27.1500000000,21081371.0000000000,7927.0000000000,-0.0081000000,0.2108137100,东方财富沪深京A股延迟行情直连,2026-08-25
002567,唐人神,3.6600000000,3.6100000000,21080891.0000000000,57841.0000000000,0.0139000000,0.2108089100,东方财富沪深京A股延迟行情直连,2026-08-25
002659,凯文教育,4.4500000000,4.4100000000,21014039.0000000000,47493.0000000000,0.0091000000,0.2101403900,东方财富沪深京A股延迟行情直连,2026-08-25
600098,广州发展,6.3100000000,6.3100000000,20974823.0000000000,33225.0000000000,0.0000000000,0.2097482300,东方财富沪深京A股延迟行情直连,2026-08-25
600979,广安爱众,3.8900000000,3.8800000000,20967022.0000000000,54177.0000000000,0.0026000000,0.2096702200,东方财富沪深京A股延迟行情直连,2026-08-25
301061,匠心家居,34.7600000000,34.5600000000,20943278.6200000010,6075.0000000000,0.0058000000,0.2094327862,东方财富沪深京A股延迟行情直连,2026-08-25
300426,华智数媒,6.1700000000,6.1000000000,20940744.0000000000,34134.0000000000,0.0115000000,0.2094074400,东方财富沪深京A股延迟行情直连,2026-08-25
002597,金禾实业,19.9600000000,19.7600000000,20936707.0000000000,10543.0000000000,0.0101000000,0.2093670700,东方财富沪深京A股延迟行情直连,2026-08-25
300239,东宝生物,5.0900000000,4.9800000000,20906298.0000000000,41512.0000000000,0.0221000000,0.2090629800,东方财富沪深京A股延迟行情直连,2026-08-25
002339,积成电子,7.1900000000,7.0800000000,20894092.0000000000,29314.0000000000,0.0155000000,0.2089409200,东方财富沪深京A股延迟行情直连,2026-08-25
002434,万里扬,5.7900000000,5.6600000000,20885087.0000000000,36643.0000000000,0.0230000000,0.2088508700,东方财富沪深京A股延迟行情直连,2026-08-25
002330,得利斯,4.0900000000,4.0100000000,20866429.0000000000,51464.0000000000,0.0200000000,0.2086642900,东方财富沪深京A股延迟行情直连,2026-08-25
603353,和顺石油,29.9100000000,30.1800000000,20845106.0000000000,7023.0000000000,-0.0089000000,0.2084510600,东方财富沪深京A股延迟行情直连,2026-08-25
001324,长青科技,17.9900000000,17.6000000000,20829087.0000000000,11807.0000000000,0.0222000000,0.2082908700,东方财富沪深京A股延迟行情直连,2026-08-25
920809,安达科技,7.6000000000,7.7000000000,20804879.9600000009,27248.0000000000,-0.0130000000,0.2080487996,东方财富沪深京A股延迟行情直连,2026-08-25
002632,道明光学,8.2700000000,8.2900000000,20801627.0000000000,25251.0000000000,-0.0024000000,0.2080162700,东方财富沪深京A股延迟行情直连,2026-08-25
000565,渝三峡Ａ,5.9700000000,5.9300000000,20799596.8000000007,34992.0000000000,0.0067000000,0.2079959680,东方财富沪深京A股延迟行情直连,2026-08-25
600461,洪城环境,8.9500000000,8.9100000000,20789530.0000000000,23252.0000000000,0.0045000000,0.2078953000,东方财富沪深京A股延迟行情直连,2026-08-25
301633,港迪技术,57.5800000000,55.8000000000,20784435.0000000000,3708.0000000000,0.0319000000,0.2078443500,东方财富沪深京A股延迟行情直连,2026-08-25
001260,坤泰股份,17.8500000000,17.9600000000,20782650.0000000000,11824.0000000000,-0.0061000000,0.2078265000,东方财富沪深京A股延迟行情直连,2026-08-25
601038,一拖股份,12.9100000000,12.9300000000,20744559.0000000000,16076.0000000000,-0.0015000000,0.2074455900,东方财富沪深京A股延迟行情直连,2026-08-25
603072,天和磁材,31.2600000000,31.2600000000,20734092.0000000000,6597.0000000000,0.0000000000,0.2073409200,东方财富沪深京A股延迟行情直连,2026-08-25
603279,景津装备,12.5800000000,12.5000000000,20720250.0000000000,16494.0000000000,0.0064000000,0.2072025000,东方财富沪深京A股延迟行情直连,2026-08-25
002761,浙江建投,7.1500000000,7.0400000000,20710441.0000000000,29198.0000000000,0.0156000000,0.2071044100,东方财富沪深京A股延迟行情直连,2026-08-25
002187,广百股份,5.4000000000,5.2800000000,20701997.0000000000,38633.0000000000,0.0227000000,0.2070199700,东方财富沪深京A股延迟行情直连,2026-08-25
603790,雅运股份,24.0500000000,24.3700000000,20688531.0000000000,8610.0000000000,-0.0131000000,0.2068853100,东方财富沪深京A股延迟行情直连,2026-08-25
688177,百奥泰,19.8800000000,19.9700000000,20683374.0000000000,10402.0000000000,-0.0045000000,0.2068337400,东方财富沪深京A股延迟行情直连,2026-08-25
600055,万东医疗,11.0600000000,10.8100000000,20653748.0000000000,18927.0000000000,0.0231000000,0.2065374800,东方财富沪深京A股延迟行情直连,2026-08-25
002773,康弘药业,20.4400000000,20.4800000000,20649570.0000000000,10114.0000000000,-0.0020000000,0.2064957000,东方财富沪深京A股延迟行情直连,2026-08-25
301281,科源制药,42.8300000000,43.9700000000,20632336.0000000000,4801.0000000000,-0.0259000000,0.2063233600,东方财富沪深京A股延迟行情直连,2026-08-25
601568,北元化工,3.8000000000,3.7600000000,20630877.0000000000,54501.0000000000,0.0106000000,0.2063087700,东方财富沪深京A股延迟行情直连,2026-08-25
600373,中文传媒,7.0700000000,6.9700000000,20625377.0000000000,29277.0000000000,0.0143000000,0.2062537700,东方财富沪深京A股延迟行情直连,2026-08-25
300930,屹通新材,25.2500000000,24.9700000000,20616080.1799999997,8145.0000000000,0.0112000000,0.2061608018,东方财富沪深京A股延迟行情直连,2026-08-25
600528,中铁工业,7.0200000000,6.9600000000,20611052.0000000000,29408.0000000000,0.0086000000,0.2061105200,东方财富沪深京A股延迟行情直连,2026-08-25
603136,天目湖,9.1900000000,8.9800000000,20607389.0000000000,22478.0000000000,0.0234000000,0.2060738900,东方财富沪深京A股延迟行情直连,2026-08-25
001300,三柏硕,11.6000000000,11.4800000000,20596459.0000000000,17883.0000000000,0.0105000000,0.2059645900,东方财富沪深京A股延迟行情直连,2026-08-25
300554,三超新材,20.2700000000,20.3400000000,20585600.0000000000,10287.0000000000,-0.0034000000,0.2058560000,东方财富沪深京A股延迟行情直连,2026-08-25
600775,南京熊猫,9.2800000000,9.2100000000,20578319.0000000000,22262.0000000000,0.0076000000,0.2057831900,东方财富沪深京A股延迟行情直连,2026-08-25
300647,超频三,5.7000000000,5.6500000000,20570587.0000000000,36749.0000000000,0.0088000000,0.2057058700,东方财富沪深京A股延迟行情直连,2026-08-25
301592,六九一二,101.6000000000,102.7700000000,20554134.8399999999,2027.0000000000,-0.0114000000,0.2055413484,东方财富沪深京A股延迟行情直连,2026-08-25
600784,鲁银投资,7.6700000000,7.6800000000,20541396.0000000000,26949.0000000000,-0.0013000000,0.2054139600,东方财富沪深京A股延迟行情直连,2026-08-25
600751,海航科技,3.1200000000,3.1400000000,20533558.0000000000,65395.0000000000,-0.0064000000,0.2053355800,东方财富沪深京A股延迟行情直连,2026-08-25
920790,联迪信息,21.4900000000,20.7200000000,20458171.5300000012,9614.0000000000,0.0372000000,0.2045817153,东方财富沪深京A股延迟行情直连,2026-08-25
301072,中捷精工,40.6000000000,41.8200000000,20454351.0000000000,4991.0000000000,-0.0292000000,0.2045435100,东方财富沪深京A股延迟行情直连,2026-08-25
603739,蔚蓝生物,12.3100000000,12.0500000000,20421545.0000000000,16707.0000000000,0.0216000000,0.2042154500,东方财富沪深京A股延迟行情直连,2026-08-25
300287,飞利信,3.5200000000,3.4400000000,20413469.0000000000,58827.0000000000,0.0233000000,0.2041346900,东方财富沪深京A股延迟行情直连,2026-08-25
601908,京运通,2.9700000000,2.9500000000,20408056.0000000000,69094.0000000000,0.0068000000,0.2040805600,东方财富沪深京A股延迟行情直连,2026-08-25
000797,中国武夷,2.4100000000,2.3700000000,20394967.0000000000,85217.0000000000,0.0169000000,0.2039496700,东方财富沪深京A股延迟行情直连,2026-08-25
002021,中捷资源,2.6400000000,2.6100000000,20387283.0000000000,77642.0000000000,0.0115000000,0.2038728300,东方财富沪深京A股延迟行情直连,2026-08-25
001256,炜冈科技,22.4600000000,22.4000000000,20373231.0000000000,9129.0000000000,0.0027000000,0.2037323100,东方财富沪深京A股延迟行情直连,2026-08-25
300129,泰胜风能,7.0800000000,7.0400000000,20365132.0000000000,29048.0000000000,0.0057000000,0.2036513200,东方财富沪深京A股延迟行情直连,2026-08-25
300971,博亚精工,17.6500000000,17.4700000000,20361056.6999999993,11714.0000000000,0.0103000000,0.2036105670,东方财富沪深京A股延迟行情直连,2026-08-25
301528,多浦乐,54.3800000000,55.1900000000,20358861.3299999982,3752.0000000000,-0.0147000000,0.2035886133,东方财富沪深京A股延迟行情直连,2026-08-25
000978,桂林旅游,6.1900000000,6.1000000000,20357793.0000000000,32930.0000000000,0.0148000000,0.2035779300,东方财富沪深京A股延迟行情直连,2026-08-25
603719,良品铺子,9.3900000000,9.3300000000,20319693.0000000000,21774.0000000000,0.0064000000,0.2031969300,东方财富沪深京A股延迟行情直连,2026-08-25
300299,富春股份,5.2800000000,5.2200000000,20309258.2699999996,38760.0000000000,0.0115000000,0.2030925827,东方财富沪深京A股延迟行情直连,2026-08-25
002701,奥瑞金,4.7400000000,4.7200000000,20302575.0000000000,42864.0000000000,0.0042000000,0.2030257500,东方财富沪深京A股延迟行情直连,2026-08-25
300461,田中精机,30.4500000000,30.5800000000,20299461.0000000000,6726.0000000000,-0.0043000000,0.2029946100,东方财富沪深京A股延迟行情直连,2026-08-25
920826,盖世食品,8.8700000000,8.6000000000,20297707.2800000012,22892.0000000000,0.0314000000,0.2029770728,东方财富沪深京A股延迟行情直连,2026-08-25
603069,海汽集团,12.9700000000,12.8100000000,20288434.0000000000,15673.0000000000,0.0125000000,0.2028843400,东方财富沪深京A股延迟行情直连,2026-08-25
600982,宁波能源,4.8100000000,4.7600000000,20280082.0000000000,42410.0000000000,0.0105000000,0.2028008200,东方财富沪深京A股延迟行情直连,2026-08-25
002452,长高电气,11.1500000000,11.1600000000,20263369.1799999997,18227.0000000000,-0.0009000000,0.2026336918,东方财富沪深京A股延迟行情直连,2026-08-25
600375,汉马科技,3.7600000000,3.7100000000,20261240.0000000000,54385.0000000000,0.0135000000,0.2026124000,东方财富沪深京A股延迟行情直连,2026-08-25
000790,华神科技,4.0700000000,4.0200000000,20227329.5000000000,50026.0000000000,0.0124000000,0.2022732950,东方财富沪深京A股延迟行情直连,2026-08-25
600507,方大特钢,4.2300000000,4.2000000000,20213685.0000000000,47858.0000000000,0.0071000000,0.2021368500,东方财富沪深京A股延迟行情直连,2026-08-25
002876,三利谱,28.9100000000,29.2800000000,20198454.0000000000,7032.0000000000,-0.0126000000,0.2019845400,东方财富沪深京A股延迟行情直连,2026-08-25
002995,天地在线,16.6500000000,16.5000000000,20197410.0000000000,12240.0000000000,0.0091000000,0.2019741000,东方财富沪深京A股延迟行情直连,2026-08-25
002234,民和股份,7.9300000000,7.8100000000,20158060.4899999984,25454.0000000000,0.0154000000,0.2015806049,东方财富沪深京A股延迟行情直连,2026-08-25
000839,国安股份,2.7400000000,2.7200000000,20141203.0000000000,74115.0000000000,0.0074000000,0.2014120300,东方财富沪深京A股延迟行情直连,2026-08-25
920165,珈凯生物,37.3000000000,36.1900000000,20134919.3799999990,5382.0000000000,0.0307000000,0.2013491938,东方财富沪深京A股延迟行情直连,2026-08-25
603050,科林电气,17.7600000000,17.5800000000,20134727.0000000000,11333.0000000000,0.0102000000,0.2013472700,东方财富沪深京A股延迟行情直连,2026-08-25
601326,秦港股份,3.4100000000,3.3900000000,20115027.0000000000,59112.0000000000,0.0059000000,0.2011502700,东方财富沪深京A股延迟行情直连,2026-08-25
300752,隆利科技,10.7100000000,10.7400000000,20113626.3999999985,19053.0000000000,-0.0028000000,0.2011362640,东方财富沪深京A股延迟行情直连,2026-08-25
600682,南京新百,5.6700000000,5.5900000000,20103930.0000000000,35682.0000000000,0.0143000000,0.2010393000,东方财富沪深京A股延迟行情直连,2026-08-25
001333,光华股份,20.2200000000,20.8100000000,20095438.0000000000,9881.0000000000,-0.0284000000,0.2009543800,东方财富沪深京A股延迟行情直连,2026-08-25
688247,宣泰医药,9.5000000000,9.4400000000,20084300.0000000000,21322.0000000000,0.0064000000,0.2008430000,东方财富沪深京A股延迟行情直连,2026-08-25
300072,海新能科,3.7400000000,3.7200000000,20078567.0000000000,53784.0000000000,0.0054000000,0.2007856700,东方财富沪深京A股延迟行情直连,2026-08-25
600603,广汇物流,4.4900000000,4.4100000000,20056793.0000000000,45128.0000000000,0.0181000000,0.2005679300,东方财富沪深京A股延迟行情直连,2026-08-25
603169,兰石重装,6.3000000000,6.2600000000,20027208.0000000000,31964.0000000000,0.0064000000,0.2002720800,东方财富沪深京A股延迟行情直连,2026-08-25
688811,有研复材,20.7200000000,21.0900000000,20024678.0000000000,9720.0000000000,-0.0175000000,0.2002467800,东方财富沪深京A股延迟行情直连,2026-08-25
000501,武商集团,7.1600000000,7.0400000000,19994921.0000000000,28090.0000000000,0.0170000000,0.1999492100,东方财富沪深京A股延迟行情直连,2026-08-25
688338,赛科希德,31.0900000000,30.6600000000,19987759.0000000000,6455.0000000000,0.0140000000,0.1998775900,东方财富沪深京A股延迟行情直连,2026-08-25
600512,腾达建设,2.0300000000,2.0100000000,19966691.0000000000,98894.0000000000,0.0100000000,0.1996669100,东方财富沪深京A股延迟行情直连,2026-08-25
300389,艾比森,12.3700000000,12.1200000000,19945611.0000000000,16314.0000000000,0.0206000000,0.1994561100,东方财富沪深京A股延迟行情直连,2026-08-25
301210,金杨精密,23.6600000000,23.7800000000,19943753.8999999985,8497.0000000000,-0.0050000000,0.1994375390,东方财富沪深京A股延迟行情直连,2026-08-25
300622,博士眼镜,14.5500000000,14.3500000000,19933225.6299999990,13844.0000000000,0.0139000000,0.1993322563,东方财富沪深京A股延迟行情直连,2026-08-25
003017,大洋生物,22.8100000000,22.4800000000,19915587.0000000000,8761.0000000000,0.0147000000,0.1991558700,东方财富沪深京A股延迟行情直连,2026-08-25
300603,立昂技术,7.5100000000,7.5000000000,19910652.0000000000,26764.0000000000,0.0013000000,0.1991065200,东方财富沪深京A股延迟行情直连,2026-08-25
605180,华生科技,12.8800000000,12.5500000000,19905555.0000000000,15708.0000000000,0.0263000000,0.1990555500,东方财富沪深京A股延迟行情直连,2026-08-25
603786,科博达,39.2800000000,39.4400000000,19901052.0000000000,5084.0000000000,-0.0041000000,0.1990105200,东方财富沪深京A股延迟行情直连,2026-08-25
920429,康比特,10.9800000000,10.3700000000,19891230.1799999997,18210.0000000000,0.0588000000,0.1989123018,东方财富沪深京A股延迟行情直连,2026-08-25
600425,青松建化,3.6500000000,3.6200000000,19869110.0000000000,54677.0000000000,0.0083000000,0.1986911000,东方财富沪深京A股延迟行情直连,2026-08-25
603568,伟明环保,14.6300000000,14.6500000000,19856728.0000000000,13527.0000000000,-0.0014000000,0.1985672800,东方财富沪深京A股延迟行情直连,2026-08-25
002857,三晖电气,19.2400000000,19.2900000000,19846252.0000000000,10301.0000000000,-0.0026000000,0.1984625200,东方财富沪深京A股延迟行情直连,2026-08-25
600851,海欣股份,8.4200000000,8.4400000000,19845151.0000000000,23734.0000000000,-0.0024000000,0.1984515100,东方财富沪深京A股延迟行情直连,2026-08-25
688255,凯尔达,25.1700000000,25.0200000000,19840258.0000000000,7984.0000000000,0.0060000000,0.1984025800,东方财富沪深京A股延迟行情直连,2026-08-25
688159,有方科技,31.4100000000,31.7000000000,19812001.0000000000,6370.0000000000,-0.0091000000,0.1981200100,东方财富沪深京A股延迟行情直连,2026-08-25
300493,润欣科技,11.8400000000,11.8200000000,19806838.0100000016,16900.0000000000,0.0017000000,0.1980683801,东方财富沪深京A股延迟行情直连,2026-08-25
600692,亚通股份,6.3700000000,6.2500000000,19805544.0000000000,31220.0000000000,0.0192000000,0.1980554400,东方财富沪深京A股延迟行情直连,2026-08-25
600279,重庆港,4.4200000000,4.3100000000,19805160.0000000000,45231.0000000000,0.0255000000,0.1980516000,东方财富沪深京A股延迟行情直连,2026-08-25
001207,联科科技,16.4400000000,16.8000000000,19781080.6000000015,12003.0000000000,-0.0214000000,0.1978108060,东方财富沪深京A股延迟行情直连,2026-08-25
300018,中元股份,11.1900000000,11.2400000000,19773627.0000000000,17838.0000000000,-0.0044000000,0.1977362700,东方财富沪深京A股延迟行情直连,2026-08-25
300856,科思股份,10.9700000000,10.7800000000,19771189.0000000000,18126.0000000000,0.0176000000,0.1977118900,东方财富沪深京A股延迟行情直连,2026-08-25
688386,泛亚微透,49.5600000000,49.7900000000,19753201.0000000000,4024.0000000000,-0.0046000000,0.1975320100,东方财富沪深京A股延迟行情直连,2026-08-25
688618,三旺通信,29.3900000000,30.1200000000,19749588.0000000000,6760.0000000000,-0.0242000000,0.1974958800,东方财富沪深京A股延迟行情直连,2026-08-25
301683,慧谷新材,98.2000000000,100.0000000000,19731922.0599999987,2021.0000000000,-0.0180000000,0.1973192206,东方财富沪深京A股延迟行情直连,2026-08-25
600292,电投水电,12.1100000000,12.1500000000,19716810.0000000000,16290.0000000000,-0.0033000000,0.1971681000,东方财富沪深京A股延迟行情直连,2026-08-25
001218,丽臣实业,23.6500000000,23.4100000000,19699418.0000000000,8372.0000000000,0.0103000000,0.1969941800,东方财富沪深京A股延迟行情直连,2026-08-25
002035,华帝股份,4.7800000000,4.7100000000,19698352.0000000000,41448.0000000000,0.0149000000,0.1969835200,东方财富沪深京A股延迟行情直连,2026-08-25
603090,宏盛股份,37.0000000000,37.2800000000,19671618.0000000000,5392.0000000000,-0.0075000000,0.1967161800,东方财富沪深京A股延迟行情直连,2026-08-25
300565,科信技术,9.7200000000,9.5500000000,19660734.0000000000,20568.0000000000,0.0178000000,0.1966073400,东方财富沪深京A股延迟行情直连,2026-08-25
600830,香溢融通,8.3300000000,8.1800000000,19651451.0000000000,23725.0000000000,0.0183000000,0.1965145100,东方财富沪深京A股延迟行情直连,2026-08-25
600268,国电南自,10.4600000000,10.4900000000,19643341.0000000000,18835.0000000000,-0.0029000000,0.1964334100,东方财富沪深京A股延迟行情直连,2026-08-25
002513,蓝丰生化,5.3100000000,5.2600000000,19624034.0000000000,37326.0000000000,0.0095000000,0.1962403400,东方财富沪深京A股延迟行情直连,2026-08-25
600231,凌钢股份,1.7300000000,1.6900000000,19618454.0000000000,114274.0000000000,0.0237000000,0.1961845400,东方财富沪深京A股延迟行情直连,2026-08-25
300756,金马游乐,28.6500000000,29.1500000000,19614464.3999999985,6829.0000000000,-0.0172000000,0.1961446440,东方财富沪深京A股延迟行情直连,2026-08-25
300376,易事特,4.4800000000,4.4400000000,19583932.8000000007,43995.0000000000,0.0090000000,0.1958393280,东方财富沪深京A股延迟行情直连,2026-08-25
605566,福莱蒽特,25.3100000000,25.1000000000,19548615.0000000000,7766.0000000000,0.0084000000,0.1954861500,东方财富沪深京A股延迟行情直连,2026-08-25
920368,连城数控,22.9600000000,23.0500000000,19528464.6200000010,8536.0000000000,-0.0039000000,0.1952846462,东方财富沪深京A股延迟行情直连,2026-08-25
002255,海陆重工,7.6100000000,7.6200000000,19526042.0399999991,25776.0000000000,-0.0013000000,0.1952604204,东方财富沪深京A股延迟行情直连,2026-08-25
002596,海南瑞泽,3.2500000000,3.1900000000,19516328.0000000000,60787.0000000000,0.0188000000,0.1951632800,东方财富沪深京A股延迟行情直连,2026-08-25
300043,星辉娱乐,4.3600000000,4.3400000000,19512339.0000000000,44920.0000000000,0.0046000000,0.1951233900,东方财富沪深京A股延迟行情直连,2026-08-25
603386,骏亚科技,13.5700000000,13.5500000000,19504381.0000000000,14555.0000000000,0.0015000000,0.1950438100,东方财富沪深京A股延迟行情直连,2026-08-25
300415,伊之密,19.3800000000,19.5100000000,19482989.0000000000,10037.0000000000,-0.0067000000,0.1948298900,东方财富沪深京A股延迟行情直连,2026-08-25
002910,庄园牧场,9.6200000000,9.4400000000,19480153.0000000000,20515.0000000000,0.0191000000,0.1948015300,东方财富沪深京A股延迟行情直连,2026-08-25
603610,麒盛科技,15.0300000000,14.9600000000,19469469.0000000000,13088.0000000000,0.0047000000,0.1946946900,东方财富沪深京A股延迟行情直连,2026-08-25
002863,今飞凯达,4.6900000000,4.6300000000,19465523.0000000000,41780.0000000000,0.0130000000,0.1946552300,东方财富沪深京A股延迟行情直连,2026-08-25
605588,冠石科技,45.8200000000,47.2100000000,19457216.0000000000,4263.0000000000,-0.0294000000,0.1945721600,东方财富沪深京A股延迟行情直连,2026-08-25
300403,汉宇集团,9.1000000000,9.0400000000,19442207.0000000000,21607.0000000000,0.0066000000,0.1944220700,东方财富沪深京A股延迟行情直连,2026-08-25
002998,优彩资源,7.8600000000,7.8500000000,19419371.0000000000,24711.0000000000,0.0013000000,0.1941937100,东方财富沪深京A股延迟行情直连,2026-08-25
301538,骏鼎达,37.2100000000,37.3500000000,19414378.6000000015,5287.0000000000,-0.0037000000,0.1941437860,东方财富沪深京A股延迟行情直连,2026-08-25
600928,西安银行,3.5700000000,3.5800000000,19395219.0000000000,54131.0000000000,-0.0028000000,0.1939521900,东方财富沪深京A股延迟行情直连,2026-08-25
002786,银宝山新,7.9600000000,7.9200000000,19379230.0000000000,24545.0000000000,0.0051000000,0.1937923000,东方财富沪深京A股延迟行情直连,2026-08-25
301000,肇民科技,24.0500000000,23.7300000000,19378379.2699999996,8118.0000000000,0.0135000000,0.1937837927,东方财富沪深京A股延迟行情直连,2026-08-25
300506,名家汇,5.0800000000,5.1800000000,19374655.5000000000,38115.0000000000,-0.0193000000,0.1937465550,东方财富沪深京A股延迟行情直连,2026-08-25
002546,新联电子,7.8200000000,7.8200000000,19370761.0000000000,24889.0000000000,0.0000000000,0.1937076100,东方财富沪深京A股延迟行情直连,2026-08-25
300448,浩云科技,5.5400000000,5.4800000000,19342899.6999999993,35295.0000000000,0.0109000000,0.1934289970,东方财富沪深京A股延迟行情直连,2026-08-25
002099,海翔药业,5.1100000000,5.0500000000,19332097.0799999982,37995.0000000000,0.0119000000,0.1933209708,东方财富沪深京A股延迟行情直连,2026-08-25
603809,豪能股份,8.8800000000,8.7900000000,19301671.0000000000,21869.0000000000,0.0102000000,0.1930167100,东方财富沪深京A股延迟行情直连,2026-08-25
600496,精工钢构,3.4000000000,3.3700000000,19294724.0000000000,57117.0000000000,0.0089000000,0.1929472400,东方财富沪深京A股延迟行情直连,2026-08-25
000573,粤宏远Ａ,3.6300000000,3.6200000000,19279028.0000000000,53276.0000000000,0.0028000000,0.1927902800,东方财富沪深京A股延迟行情直连,2026-08-25
000897,津滨发展,1.7900000000,1.7600000000,19268507.6000000015,108211.0000000000,0.0170000000,0.1926850760,东方财富沪深京A股延迟行情直连,2026-08-25
300998,宁波方正,25.7900000000,25.6500000000,19251692.0000000000,7533.0000000000,0.0055000000,0.1925169200,东方财富沪深京A股延迟行情直连,2026-08-25
300893,松原安全,14.0800000000,13.9300000000,19240532.6000000015,13901.0000000000,0.0108000000,0.1924053260,东方财富沪深京A股延迟行情直连,2026-08-25
601222,林洋能源,5.4800000000,5.4800000000,19229299.0000000000,35040.0000000000,0.0000000000,0.1922929900,东方财富沪深京A股延迟行情直连,2026-08-25
300789,唐源电气,17.4200000000,17.0400000000,19218335.0000000000,11203.0000000000,0.0223000000,0.1921833500,东方财富沪深京A股延迟行情直连,2026-08-25
300792,壹网壹创,22.7200000000,22.6900000000,19210453.3999999985,8512.0000000000,0.0013000000,0.1921045340,东方财富沪深京A股延迟行情直连,2026-08-25
601311,骆驼股份,7.3600000000,7.3500000000,19209929.0000000000,26134.0000000000,0.0014000000,0.1920992900,东方财富沪深京A股延迟行情直连,2026-08-25
603885,吉祥航空,10.4600000000,10.4200000000,19206921.0000000000,18401.0000000000,0.0038000000,0.1920692100,东方财富沪深京A股延迟行情直连,2026-08-25
301158,德石股份,14.7700000000,14.5700000000,19199209.0000000000,13138.0000000000,0.0137000000,0.1919920900,东方财富沪深京A股延迟行情直连,2026-08-25
603229,奥翔药业,7.9600000000,7.9400000000,19177672.0000000000,24267.0000000000,0.0025000000,0.1917767200,东方财富沪深京A股延迟行情直连,2026-08-25
300492,华图山鼎,22.9500000000,23.1900000000,19175600.1400000006,8379.0000000000,-0.0103000000,0.1917560014,东方财富沪深京A股延迟行情直连,2026-08-25
601226,华电科工,6.2100000000,6.1300000000,19155929.0000000000,31162.0000000000,0.0131000000,0.1915592900,东方财富沪深京A股延迟行情直连,2026-08-25
300206,理邦仪器,11.9200000000,11.9300000000,19141850.0000000000,15988.0000000000,-0.0008000000,0.1914185000,东方财富沪深京A股延迟行情直连,2026-08-25
002228,合兴包装,3.1300000000,3.0800000000,19135137.0000000000,61493.0000000000,0.0162000000,0.1913513700,东方财富沪深京A股延迟行情直连,2026-08-25
002921,联诚精密,21.5600000000,21.6800000000,19122154.0000000000,8901.0000000000,-0.0055000000,0.1912215400,东方财富沪深京A股延迟行情直连,2026-08-25
688197,首药控股-U,35.5700000000,36.2000000000,19114695.0000000000,5333.0000000000,-0.0174000000,0.1911469500,东方财富沪深京A股延迟行情直连,2026-08-25
600576,祥源文旅,5.5200000000,5.4500000000,19106985.0000000000,34638.0000000000,0.0128000000,0.1910698500,东方财富沪深京A股延迟行情直连,2026-08-25
300159,新研股份,2.8900000000,2.8600000000,19104864.0000000000,66820.0000000000,0.0105000000,0.1910486400,东方财富沪深京A股延迟行情直连,2026-08-25
688450,光格科技,32.7700000000,32.6800000000,19075606.0000000000,5863.0000000000,0.0028000000,0.1907560600,东方财富沪深京A股延迟行情直连,2026-08-25
300678,中科信息,21.6400000000,21.3700000000,19072623.5700000003,8888.0000000000,0.0126000000,0.1907262357,东方财富沪深京A股延迟行情直连,2026-08-25
000715,中兴商业,5.2400000000,5.1500000000,19071506.3999999985,36587.0000000000,0.0175000000,0.1907150640,东方财富沪深京A股延迟行情直连,2026-08-25
603278,大业股份,8.9700000000,8.9300000000,19068030.0000000000,21492.0000000000,0.0045000000,0.1906803000,东方财富沪深京A股延迟行情直连,2026-08-25
000590,古汉医药,9.2000000000,9.0500000000,18999083.0000000000,20953.0000000000,0.0166000000,0.1899908300,东方财富沪深京A股延迟行情直连,2026-08-25
002967,广电计量,17.0700000000,17.1500000000,18971379.0000000000,11104.0000000000,-0.0047000000,0.1897137900,东方财富沪深京A股延迟行情直连,2026-08-25
600382,广东明珠,6.3600000000,6.4400000000,19058671.0000000000,29879.0000000000,-0.0124000000,0.1905867100,东方财富沪深京A股延迟行情直连,2026-08-25
605136,丽人丽妆,8.0700000000,7.9100000000,19024278.0000000000,23790.0000000000,0.0202000000,0.1902427800,东方财富沪深京A股延迟行情直连,2026-08-25
688567,孚能科技,9.4700000000,9.5200000000,19007742.0000000000,20032.0000000000,-0.0053000000,0.1900774200,东方财富沪深京A股延迟行情直连,2026-08-25
920748,路桥信息,25.4300000000,25.7700000000,18986458.9100000001,7584.0000000000,-0.0132000000,0.1898645891,东方财富沪深京A股延迟行情直连,2026-08-25
002486,嘉麟杰,2.6000000000,2.5500000000,18960746.0000000000,73658.0000000000,0.0196000000,0.1896074600,东方财富沪深京A股延迟行情直连,2026-08-25
601236,红塔证券,6.8100000000,6.7800000000,18958926.0000000000,27878.0000000000,0.0044000000,0.1895892600,东方财富沪深京A股延迟行情直连,2026-08-25
600236,桂冠电力,9.8300000000,9.8900000000,18901426.0000000000,19270.0000000000,-0.0061000000,0.1890142600,东方财富沪深京A股延迟行情直连,2026-08-25
001368,通达创智,23.0100000000,23.2500000000,18877265.0000000000,8250.0000000000,-0.0103000000,0.1887726500,东方财富沪深京A股延迟行情直连,2026-08-25
300407,凯发电气,11.8000000000,11.8200000000,18868442.0000000000,16031.0000000000,-0.0017000000,0.1886844200,东方财富沪深京A股延迟行情直连,2026-08-25
002985,北摩高科,25.1300000000,25.1300000000,18858233.8000000007,7540.0000000000,0.0000000000,0.1885823380,东方财富沪深京A股延迟行情直连,2026-08-25
600557,康缘药业,11.9500000000,11.9100000000,18857198.0000000000,15803.0000000000,0.0034000000,0.1885719800,东方财富沪深京A股延迟行情直连,2026-08-25
600503,华丽家族,2.1500000000,2.1200000000,18847252.0000000000,88119.0000000000,0.0142000000,0.1884725200,东方财富沪深京A股延迟行情直连,2026-08-25
301622,英思特,39.1200000000,39.6200000000,18804321.0000000000,4800.0000000000,-0.0126000000,0.1880432100,东方财富沪深京A股延迟行情直连,2026-08-25
300667,必创科技,14.2200000000,14.2800000000,18796452.0000000000,13358.0000000000,-0.0042000000,0.1879645200,东方财富沪深京A股延迟行情直连,2026-08-25
601059,信达证券,16.4200000000,16.5300000000,18786404.0000000000,11406.0000000000,-0.0067000000,0.1878640400,东方财富沪深京A股延迟行情直连,2026-08-25
600719,大连热电,6.8700000000,6.9000000000,18782030.0000000000,27548.0000000000,-0.0043000000,0.1878203000,东方财富沪深京A股延迟行情直连,2026-08-25
002154,报 喜 鸟,4.0100000000,4.0100000000,18777454.0000000000,46849.0000000000,0.0000000000,0.1877745400,东方财富沪深京A股延迟行情直连,2026-08-25
600510,黑牡丹,6.8000000000,6.8200000000,18773198.0000000000,27933.0000000000,-0.0029000000,0.1877319800,东方财富沪深京A股延迟行情直连,2026-08-25
000955,欣龙控股,4.1600000000,4.0900000000,18751142.0000000000,45688.0000000000,0.0171000000,0.1875114200,东方财富沪深京A股延迟行情直连,2026-08-25
688133,泰坦科技,21.9600000000,22.3000000000,18744062.0000000000,8552.0000000000,-0.0152000000,0.1874406200,东方财富沪深京A股延迟行情直连,2026-08-25
002481,双塔食品,4.2100000000,4.1300000000,18741963.9499999993,44713.0000000000,0.0194000000,0.1874196395,东方财富沪深京A股延迟行情直连,2026-08-25
600712,南宁百货,5.3300000000,5.2100000000,18677533.0000000000,35471.0000000000,0.0230000000,0.1867753300,东方财富沪深京A股延迟行情直连,2026-08-25
688656,浩欧博,92.0400000000,94.8800000000,18665719.0000000000,2024.0000000000,-0.0299000000,0.1866571900,东方财富沪深京A股延迟行情直连,2026-08-25
002199,东晶电子,12.0000000000,12.0000000000,18663582.0000000000,15602.0000000000,0.0000000000,0.1866358200,东方财富沪深京A股延迟行情直连,2026-08-25
603373,安邦护卫,38.5900000000,38.9300000000,18627819.0000000000,4846.0000000000,-0.0087000000,0.1862781900,东方财富沪深京A股延迟行情直连,2026-08-25
600006,东风股份,5.3400000000,5.3000000000,18615803.0000000000,34892.0000000000,0.0075000000,0.1861580300,东方财富沪深京A股延迟行情直连,2026-08-25
603271,永杰新材,42.5300000000,42.7700000000,18614912.0000000000,4384.0000000000,-0.0056000000,0.1861491200,东方财富沪深京A股延迟行情直连,2026-08-25
300470,中密控股,27.7800000000,28.3000000000,18606020.0000000000,6714.0000000000,-0.0184000000,0.1860602000,东方财富沪深京A股延迟行情直连,2026-08-25
603335,迪生力,6.5500000000,6.6200000000,18572058.0000000000,28439.0000000000,-0.0106000000,0.1857205800,东方财富沪深京A股延迟行情直连,2026-08-25
688230,芯导科技,52.4800000000,53.1600000000,18570515.0000000000,3565.0000000000,-0.0128000000,0.1857051500,东方财富沪深京A股延迟行情直连,2026-08-25
920239,长虹能源,21.6300000000,22.0500000000,18568023.2399999984,8487.0000000000,-0.0190000000,0.1856802324,东方财富沪深京A股延迟行情直连,2026-08-25
002093,国脉科技,6.7400000000,6.6300000000,18556334.0000000000,27821.0000000000,0.0166000000,0.1855633400,东方财富沪深京A股延迟行情直连,2026-08-25
301155,海力风电,40.7900000000,41.0000000000,18553929.4899999984,4562.0000000000,-0.0051000000,0.1855392949,东方财富沪深京A股延迟行情直连,2026-08-25
002997,瑞鹄模具,28.0700000000,28.3200000000,18535759.5000000000,6604.0000000000,-0.0088000000,0.1853575950,东方财富沪深京A股延迟行情直连,2026-08-25
000014,沙河股份,10.1700000000,9.9500000000,18512795.0000000000,18454.0000000000,0.0221000000,0.1851279500,东方财富沪深京A股延迟行情直连,2026-08-25
301290,东星医疗,28.6100000000,28.4100000000,18481808.1200000010,6508.0000000000,0.0070000000,0.1848180812,东方财富沪深京A股延迟行情直连,2026-08-25
002972,科安达,12.3700000000,12.6200000000,18476195.0000000000,15016.0000000000,-0.0198000000,0.1847619500,东方财富沪深京A股延迟行情直连,2026-08-25
300048,合康新能,5.0400000000,4.9400000000,18466774.3999999985,37044.0000000000,0.0202000000,0.1846677440,东方财富沪深京A股延迟行情直连,2026-08-25
002062,宏润建设,7.8800000000,7.7900000000,18461005.0000000000,23750.0000000000,0.0116000000,0.1846100500,东方财富沪深京A股延迟行情直连,2026-08-25
300968,格林精密,10.0000000000,9.8800000000,18452035.2500000000,18791.0000000000,0.0121000000,0.1845203525,东方财富沪深京A股延迟行情直连,2026-08-25
002737,葵花药业,12.9600000000,12.8600000000,18450279.5500000007,14298.0000000000,0.0078000000,0.1845027955,东方财富沪深京A股延迟行情直连,2026-08-25
301120,新特电气,14.4400000000,14.5200000000,18449622.0000000000,12936.0000000000,-0.0055000000,0.1844962200,东方财富沪深京A股延迟行情直连,2026-08-25
600927,永安期货,12.9100000000,12.8500000000,18445091.0000000000,14277.0000000000,0.0047000000,0.1844509100,东方财富沪深京A股延迟行情直连,2026-08-25
605016,百龙创园,19.4900000000,19.6400000000,18427749.0000000000,9460.0000000000,-0.0076000000,0.1842774900,东方财富沪深京A股延迟行情直连,2026-08-25
002884,凌霄泵业,15.8900000000,16.0400000000,18424727.2899999991,11700.0000000000,-0.0094000000,0.1842472729,东方财富沪深京A股延迟行情直连,2026-08-25
301118,恒光股份,22.2000000000,22.1800000000,18402155.0000000000,8398.0000000000,0.0009000000,0.1840215500,东方财富沪深京A股延迟行情直连,2026-08-25
000863,三湘印象,4.1600000000,4.1300000000,18389077.5799999982,44449.0000000000,0.0073000000,0.1838907758,东方财富沪深京A股延迟行情直连,2026-08-25
600210,紫江企业,6.0700000000,6.0400000000,18370789.0000000000,30256.0000000000,0.0050000000,0.1837078900,东方财富沪深京A股延迟行情直连,2026-08-25
002377,国创高新,2.7200000000,2.6900000000,18368267.0000000000,68309.0000000000,0.0112000000,0.1836826700,东方财富沪深京A股延迟行情直连,2026-08-25
002188,中天服务,5.4600000000,5.4000000000,18354669.3900000006,34016.0000000000,0.0111000000,0.1835466939,东方财富沪深京A股延迟行情直连,2026-08-25
300343,联创股份,5.6200000000,5.6300000000,18315916.0000000000,32659.0000000000,-0.0018000000,0.1831591600,东方财富沪深京A股延迟行情直连,2026-08-25
000516,国际医学,4.1200000000,4.0900000000,18313711.5599999987,44510.0000000000,0.0073000000,0.1831371156,东方财富沪深京A股延迟行情直连,2026-08-25
001378,德冠新材,20.2700000000,20.0500000000,18297297.1000000015,9179.0000000000,0.0110000000,0.1829729710,东方财富沪深京A股延迟行情直连,2026-08-25
600261,阳光照明,3.1300000000,3.0800000000,18282148.0000000000,58969.0000000000,0.0162000000,0.1828214800,东方财富沪深京A股延迟行情直连,2026-08-25
600865,百大集团,8.7000000000,8.5100000000,18277494.0000000000,21232.0000000000,0.0223000000,0.1827749400,东方财富沪深京A股延迟行情直连,2026-08-25
300231,银信科技,8.1100000000,8.0000000000,18268518.0000000000,22747.0000000000,0.0138000000,0.1826851800,东方财富沪深京A股延迟行情直连,2026-08-25
300599,雄塑科技,11.4600000000,11.6200000000,18232398.0000000000,15890.0000000000,-0.0138000000,0.1823239800,东方财富沪深京A股延迟行情直连,2026-08-25
002032,苏 泊 尔,40.6600000000,40.4400000000,18217090.0000000000,4471.0000000000,0.0054000000,0.1821709000,东方财富沪深京A股延迟行情直连,2026-08-25
300608,思特奇,9.6500000000,9.6300000000,18212837.1499999985,19101.0000000000,0.0021000000,0.1821283715,东方财富沪深京A股延迟行情直连,2026-08-25
000757,浩物股份,4.3600000000,4.2800000000,18209081.0000000000,41980.0000000000,0.0187000000,0.1820908100,东方财富沪深京A股延迟行情直连,2026-08-25
002780,三夫户外,13.2200000000,12.9900000000,18203663.0000000000,13887.0000000000,0.0177000000,0.1820366300,东方财富沪深京A股延迟行情直连,2026-08-25
301601,惠通科技,16.3200000000,16.0300000000,18180644.0000000000,11255.0000000000,0.0181000000,0.1818064400,东方财富沪深京A股延迟行情直连,2026-08-25
603383,顶点软件,28.0600000000,28.0200000000,18171050.0000000000,6522.0000000000,0.0014000000,0.1817105000,东方财富沪深京A股延迟行情直连,2026-08-25
601949,中国出版,5.1900000000,5.1000000000,18167198.0000000000,35201.0000000000,0.0176000000,0.1816719800,东方财富沪深京A股延迟行情直连,2026-08-25
605138,盛泰集团,5.6600000000,5.7700000000,18159960.0000000000,32242.0000000000,-0.0191000000,0.1815996000,东方财富沪深京A股延迟行情直连,2026-08-25
301277,新天地,10.4100000000,10.2300000000,18149541.0000000000,17591.0000000000,0.0176000000,0.1814954100,东方财富沪深京A股延迟行情直连,2026-08-25
002321,华英农业,2.0600000000,2.0200000000,18133713.8799999990,88431.0000000000,0.0198000000,0.1813371388,东方财富沪深京A股延迟行情直连,2026-08-25
600308,华泰股份,3.2400000000,3.1700000000,18112286.0000000000,56362.0000000000,0.0221000000,0.1811228600,东方财富沪深京A股延迟行情直连,2026-08-25
603212,赛伍技术,11.5300000000,11.5800000000,18106216.0000000000,15803.0000000000,-0.0043000000,0.1810621600,东方财富沪深京A股延迟行情直连,2026-08-25
002278,神开股份,8.1000000000,8.0600000000,18088244.2600000016,22468.0000000000,0.0050000000,0.1808824426,东方财富沪深京A股延迟行情直连,2026-08-25
600101,明星电力,7.8900000000,7.8500000000,18088158.0000000000,22974.0000000000,0.0051000000,0.1808815800,东方财富沪深京A股延迟行情直连,2026-08-25
000691,亚太实业,10.1900000000,10.1800000000,18049538.0000000000,17622.0000000000,0.0010000000,0.1804953800,东方财富沪深京A股延迟行情直连,2026-08-25
003033,征和工业,63.2300000000,64.5800000000,18043086.0000000000,2870.0000000000,-0.0209000000,0.1804308600,东方财富沪深京A股延迟行情直连,2026-08-25
002160,常铝股份,4.0000000000,3.9800000000,18037795.1000000015,45349.0000000000,0.0050000000,0.1803779510,东方财富沪深京A股延迟行情直连,2026-08-25
688306,均普智能,8.6000000000,8.4800000000,18007957.0000000000,21119.0000000000,0.0142000000,0.1800795700,东方财富沪深京A股延迟行情直连,2026-08-25
300052,中青宝,10.4000000000,10.4200000000,18000267.0000000000,17385.0000000000,-0.0019000000,0.1800026700,东方财富沪深京A股延迟行情直连,2026-08-25
605580,恒盛能源,17.1500000000,17.3500000000,17998376.0000000000,10544.0000000000,-0.0115000000,0.1799837600,东方财富沪深京A股延迟行情直连,2026-08-25
600293,三峡新材,2.8100000000,2.7900000000,17994262.0000000000,64597.0000000000,0.0072000000,0.1799426200,东方财富沪深京A股延迟行情直连,2026-08-25
002566,益盛药业,6.8900000000,6.7400000000,17993153.0000000000,26426.0000000000,0.0223000000,0.1799315300,东方财富沪深京A股延迟行情直连,2026-08-25
300479,神思电子,14.7600000000,14.6200000000,17986522.8399999999,12281.0000000000,0.0096000000,0.1798652284,东方财富沪深京A股延迟行情直连,2026-08-25
301359,东南电子,17.3200000000,16.8500000000,17983940.0000000000,10535.0000000000,0.0279000000,0.1798394000,东方财富沪深京A股延迟行情直连,2026-08-25
002350,北京科锐,14.2100000000,14.2300000000,17963710.0000000000,12750.0000000000,-0.0014000000,0.1796371000,东方财富沪深京A股延迟行情直连,2026-08-25
000607,华媒控股,3.7100000000,3.6400000000,17960673.0000000000,49017.0000000000,0.0192000000,0.1796067300,东方财富沪深京A股延迟行情直连,2026-08-25
301267,华厦眼科,16.0000000000,15.8200000000,17939171.0399999991,11253.0000000000,0.0114000000,0.1793917104,东方财富沪深京A股延迟行情直连,2026-08-25
600234,科新发展,20.5000000000,21.0900000000,17939118.0000000000,8749.0000000000,-0.0280000000,0.1793911800,东方财富沪深京A股延迟行情直连,2026-08-25
300556,丝路视觉,16.1200000000,15.8800000000,17929637.0000000000,11274.0000000000,0.0151000000,0.1792963700,东方财富沪深京A股延迟行情直连,2026-08-25
920026,卓兆点胶,20.5200000000,20.9300000000,17907827.5399999991,8788.0000000000,-0.0196000000,0.1790782754,东方财富沪深京A股延迟行情直连,2026-08-25
301052,果麦文化,22.5900000000,22.2700000000,17872438.9699999988,7997.0000000000,0.0144000000,0.1787243897,东方财富沪深京A股延迟行情直连,2026-08-25
600718,东软集团,8.0900000000,7.9900000000,17871749.0000000000,22193.0000000000,0.0125000000,0.1787174900,东方财富沪深京A股延迟行情直连,2026-08-25
002358,森源电气,5.3600000000,5.3200000000,17869563.0000000000,33547.0000000000,0.0075000000,0.1786956300,东方财富沪深京A股延迟行情直连,2026-08-25
300958,建工修复,12.4300000000,12.5100000000,17861765.0000000000,14434.0000000000,-0.0064000000,0.1786176500,东方财富沪深京A股延迟行情直连,2026-08-25
300103,达刚控股,7.6600000000,7.4600000000,17809941.0000000000,23809.0000000000,0.0268000000,0.1780994100,东方财富沪深京A股延迟行情直连,2026-08-25
603101,汇嘉时代,7.3200000000,7.1900000000,17849831.0000000000,24605.0000000000,0.0181000000,0.1784983100,东方财富沪深京A股延迟行情直连,2026-08-25
300134,大富科技,8.1800000000,8.1100000000,17821195.0799999982,21999.0000000000,0.0086000000,0.1782119508,东方财富沪深京A股延迟行情直连,2026-08-25
301023,奕帆传动,27.6100000000,27.7500000000,17819191.8000000007,6537.0000000000,-0.0050000000,0.1781919180,东方财富沪深京A股延迟行情直连,2026-08-25
000581,威孚高科,17.3100000000,17.3000000000,17802277.0000000000,10310.0000000000,0.0006000000,0.1780227700,东方财富沪深京A股延迟行情直连,2026-08-25
300822,贝仕达克,10.6600000000,10.6800000000,17796479.0000000000,16837.0000000000,-0.0019000000,0.1779647900,东方财富沪深京A股延迟行情直连,2026-08-25
688626,翔宇医疗,41.7100000000,41.6900000000,17786509.0000000000,4252.0000000000,0.0005000000,0.1778650900,东方财富沪深京A股延迟行情直连,2026-08-25
002034,旺能环境,13.6300000000,13.4800000000,17783244.4800000004,13114.0000000000,0.0111000000,0.1778324448,东方财富沪深京A股延迟行情直连,2026-08-25
603286,日盈电子,40.2600000000,40.9200000000,17766359.0000000000,4442.0000000000,-0.0161000000,0.1776635900,东方财富沪深京A股延迟行情直连,2026-08-25
688781,视涯科技-UW,36.8000000000,36.5900000000,17757704.0000000000,4867.0000000000,0.0057000000,0.1775770400,东方财富沪深京A股延迟行情直连,2026-08-25
300030,阳普医疗,6.8300000000,6.7400000000,17741059.0000000000,26162.0000000000,0.0134000000,0.1774105900,东方财富沪深京A股延迟行情直连,2026-08-25
002296,辉煌科技,8.8300000000,8.7500000000,17736479.0100000016,20174.0000000000,0.0091000000,0.1773647901,东方财富沪深京A股延迟行情直连,2026-08-25
600248,陕建股份,2.9300000000,2.8700000000,17735587.0000000000,61051.0000000000,0.0209000000,0.1773558700,东方财富沪深京A股延迟行情直连,2026-08-25
688032,禾迈股份,73.5700000000,73.8900000000,17719480.0000000000,2415.0000000000,-0.0043000000,0.1771948000,东方财富沪深京A股延迟行情直连,2026-08-25
300551,古鳌科技,9.9600000000,9.8000000000,17716885.0000000000,18035.0000000000,0.0163000000,0.1771688500,东方财富沪深京A股延迟行情直连,2026-08-25
603232,格尔软件,14.8000000000,14.6200000000,17710175.0000000000,12153.0000000000,0.0123000000,0.1771017500,东方财富沪深京A股延迟行情直连,2026-08-25
002006,精工科技,12.9500000000,12.8600000000,17706029.0000000000,13779.0000000000,0.0070000000,0.1770602900,东方财富沪深京A股延迟行情直连,2026-08-25
002715,登云股份,14.2400000000,14.1800000000,17704087.0000000000,12539.0000000000,0.0042000000,0.1770408700,东方财富沪深京A股延迟行情直连,2026-08-25
300210,森远股份,8.2600000000,8.1600000000,17701888.0000000000,21620.0000000000,0.0123000000,0.1770188800,东方财富沪深京A股延迟行情直连,2026-08-25
301159,三维天地,31.4700000000,31.0000000000,17685114.3200000003,5700.0000000000,0.0152000000,0.1768511432,东方财富沪深京A股延迟行情直连,2026-08-25
300194,福安药业,3.9200000000,3.9100000000,17677964.0000000000,45432.0000000000,0.0026000000,0.1767796400,东方财富沪深京A股延迟行情直连,2026-08-25
920284,灵鸽科技,16.1600000000,16.6500000000,17677567.3599999994,10837.0000000000,-0.0294000000,0.1767756736,东方财富沪深京A股延迟行情直连,2026-08-25
920964,润农节水,4.8400000000,4.6100000000,17648909.6099999994,36538.0000000000,0.0499000000,0.1764890961,东方财富沪深京A股延迟行情直连,2026-08-25
603506,南都物业,10.7300000000,10.5800000000,17647481.0000000000,16618.0000000000,0.0142000000,0.1764748100,东方财富沪深京A股延迟行情直连,2026-08-25
300190,维尔利,3.5600000000,3.5800000000,17629407.0000000000,49524.0000000000,-0.0056000000,0.1762940700,东方财富沪深京A股延迟行情直连,2026-08-25
300437,清水源,11.0900000000,10.9200000000,17625906.0000000000,15961.0000000000,0.0156000000,0.1762590600,东方财富沪深京A股延迟行情直连,2026-08-25
300101,振芯科技,13.9800000000,13.8700000000,17617211.3999999985,12708.0000000000,0.0079000000,0.1761721140,东方财富沪深京A股延迟行情直连,2026-08-25
001206,依依股份,16.5200000000,16.2400000000,17601262.0000000000,10760.0000000000,0.0172000000,0.1760126200,东方财富沪深京A股延迟行情直连,2026-08-25
600094,大名城,3.9000000000,3.8100000000,17586438.0000000000,45570.0000000000,0.0236000000,0.1758643800,东方财富沪深京A股延迟行情直连,2026-08-25
002445,中南文化,3.7100000000,3.3700000000,17584732.1999999993,47398.0000000000,0.1009000000,0.1758473220,东方财富沪深京A股延迟行情直连,2026-08-25
920627,力王股份,14.3300000000,14.3800000000,17565941.1400000006,12282.0000000000,-0.0035000000,0.1756594114,东方财富沪深京A股延迟行情直连,2026-08-25
603721,中广天择,17.5300000000,17.2800000000,17558970.0000000000,9993.0000000000,0.0145000000,0.1755897000,东方财富沪深京A股延迟行情直连,2026-08-25
603088,宁波精达,9.6500000000,9.5400000000,17558338.0000000000,18497.0000000000,0.0115000000,0.1755833800,东方财富沪深京A股延迟行情直连,2026-08-25
002425,凯撒文化,3.0300000000,3.0000000000,17552353.0000000000,58581.0000000000,0.0100000000,0.1755235300,东方财富沪深京A股延迟行情直连,2026-08-25
688039,当虹科技,32.4000000000,32.8200000000,17513978.0000000000,5436.0000000000,-0.0128000000,0.1751397800,东方财富沪深京A股延迟行情直连,2026-08-25
300132,诺斯贝尔,6.2700000000,6.2200000000,17511844.5000000000,27987.0000000000,0.0080000000,0.1751184450,东方财富沪深京A股延迟行情直连,2026-08-25
688510,航亚科技,23.4600000000,23.5200000000,17508433.0000000000,7501.0000000000,-0.0026000000,0.1750843300,东方财富沪深京A股延迟行情直连,2026-08-25
300538,同益股份,14.9300000000,15.0700000000,17461939.0000000000,11764.0000000000,-0.0093000000,0.1746193900,东方财富沪深京A股延迟行情直连,2026-08-25
688426,康为世纪,20.8200000000,21.2200000000,17454109.0000000000,8357.0000000000,-0.0189000000,0.1745410900,东方财富沪深京A股延迟行情直连,2026-08-25
603150,万朗磁塑,52.3500000000,52.8800000000,17453669.0000000000,3350.0000000000,-0.0100000000,0.1745366900,东方财富沪深京A股延迟行情直连,2026-08-25
603489,八方股份,27.8000000000,28.0100000000,17450477.0000000000,6252.0000000000,-0.0075000000,0.1745047700,东方财富沪深京A股延迟行情直连,2026-08-25
300836,佰奥智能,48.4000000000,49.1700000000,17446347.0000000000,3621.0000000000,-0.0157000000,0.1744634700,东方财富沪深京A股延迟行情直连,2026-08-25
603322,超讯科技,24.9000000000,25.0100000000,17417467.0000000000,7034.0000000000,-0.0044000000,0.1741746700,东方财富沪深京A股延迟行情直连,2026-08-25
001325,元创股份,39.4700000000,39.5400000000,17416043.6700000018,4447.0000000000,-0.0018000000,0.1741604367,东方财富沪深京A股延迟行情直连,2026-08-25
001328,登康口腔,28.5100000000,27.9600000000,17364390.2399999984,6098.0000000000,0.0197000000,0.1736439024,东方财富沪深京A股延迟行情直连,2026-08-25
603992,松霖科技,21.1100000000,21.1300000000,17359885.0000000000,8257.0000000000,-0.0009000000,0.1735988500,东方财富沪深京A股延迟行情直连,2026-08-25
688580,伟思医疗,46.0100000000,45.6800000000,17357738.0000000000,3799.0000000000,0.0072000000,0.1735773800,东方财富沪深京A股延迟行情直连,2026-08-25
600586,金晶科技,4.1900000000,4.1700000000,17350642.0000000000,41616.0000000000,0.0048000000,0.1735064200,东方财富沪深京A股延迟行情直连,2026-08-25
002605,姚记科技,17.3900000000,17.2600000000,17348559.0000000000,9986.0000000000,0.0075000000,0.1734855900,东方财富沪深京A股延迟行情直连,2026-08-25
002204,大连重工,5.1200000000,5.1000000000,17339060.3399999999,33884.0000000000,0.0039000000,0.1733906034,东方财富沪深京A股延迟行情直连,2026-08-25
920199,倍益康,25.6700000000,24.7700000000,17322042.8399999999,6778.0000000000,0.0363000000,0.1732204284,东方财富沪深京A股延迟行情直连,2026-08-25
603131,上海沪工,14.0900000000,14.1600000000,17319991.0000000000,12401.0000000000,-0.0049000000,0.1731999100,东方财富沪深京A股延迟行情直连,2026-08-25
300463,迈克生物,9.2100000000,9.1400000000,17318412.0000000000,18890.0000000000,0.0077000000,0.1731841200,东方财富沪深京A股延迟行情直连,2026-08-25
002233,塔牌集团,7.1800000000,7.1400000000,17306799.1200000010,24194.0000000000,0.0056000000,0.1730679912,东方财富沪深京A股延迟行情直连,2026-08-25
000898,鞍钢股份,2.0200000000,2.0000000000,17300197.8999999985,86142.0000000000,0.0100000000,0.1730019790,东方财富沪深京A股延迟行情直连,2026-08-25
600626,申达股份,3.6100000000,3.5200000000,17297731.0000000000,48414.0000000000,0.0256000000,0.1729773100,东方财富沪深京A股延迟行情直连,2026-08-25
603933,睿能科技,18.6800000000,18.7800000000,17289284.0000000000,9342.0000000000,-0.0053000000,0.1728928400,东方财富沪深京A股延迟行情直连,2026-08-25
601588,北辰实业,1.7000000000,1.6800000000,17288259.0000000000,101955.0000000000,0.0119000000,0.1728825900,东方财富沪深京A股延迟行情直连,2026-08-25
301522,上大股份,22.7200000000,22.5000000000,17278383.0000000000,7674.0000000000,0.0098000000,0.1727838300,东方财富沪深京A股延迟行情直连,2026-08-25
605598,上海港湾,25.9900000000,25.8900000000,17271042.0000000000,6688.0000000000,0.0039000000,0.1727104200,东方财富沪深京A股延迟行情直连,2026-08-25
601098,中南传媒,10.2700000000,10.2100000000,17266848.0000000000,16798.0000000000,0.0059000000,0.1726684800,东方财富沪深京A股延迟行情直连,2026-08-25
002495,佳隆股份,2.4000000000,2.3700000000,17260677.0000000000,72766.0000000000,0.0127000000,0.1726067700,东方财富沪深京A股延迟行情直连,2026-08-25
300464,星徽股份,7.0600000000,7.0600000000,17246962.0000000000,24794.0000000000,0.0000000000,0.1724696200,东方财富沪深京A股延迟行情直连,2026-08-25
603888,新华网,15.9100000000,15.7900000000,17235378.0000000000,10871.0000000000,0.0076000000,0.1723537800,东方财富沪深京A股延迟行情直连,2026-08-25
002652,扬子新材,4.0200000000,3.9300000000,17234902.0000000000,43482.0000000000,0.0229000000,0.1723490200,东方财富沪深京A股延迟行情直连,2026-08-25
300335,迪森股份,5.3300000000,5.2800000000,17231076.0000000000,32620.0000000000,0.0095000000,0.1723107600,东方财富沪深京A股延迟行情直连,2026-08-25
603214,爱婴室,13.6500000000,13.7400000000,17223651.0000000000,12723.0000000000,-0.0066000000,0.1722365100,东方财富沪深京A股延迟行情直连,2026-08-25
688156,路德科技,19.2800000000,19.2400000000,17222868.0000000000,8941.0000000000,0.0021000000,0.1722286800,东方财富沪深京A股延迟行情直连,2026-08-25
603051,鹿山新材,20.5100000000,21.0500000000,17210388.0000000000,8377.0000000000,-0.0257000000,0.1721038800,东方财富沪深京A股延迟行情直连,2026-08-25
301376,致欧科技,20.9100000000,20.6200000000,17201421.0000000000,8275.0000000000,0.0141000000,0.1720142100,东方财富沪深京A股延迟行情直连,2026-08-25
300910,瑞丰新材,25.2100000000,25.2600000000,17196257.3999999985,6813.0000000000,-0.0020000000,0.1719625740,东方财富沪深京A股延迟行情直连,2026-08-25
601086,国芳集团,7.5400000000,7.4400000000,17189986.0000000000,23019.0000000000,0.0134000000,0.1718998600,东方财富沪深京A股延迟行情直连,2026-08-25
603280,南方路机,25.8900000000,26.3500000000,17189931.0000000000,6651.0000000000,-0.0175000000,0.1718993100,东方财富沪深京A股延迟行情直连,2026-08-25
300880,迦南智能,19.8300000000,19.7700000000,17162993.7800000012,8772.0000000000,0.0030000000,0.1716299378,东方财富沪深京A股延迟行情直连,2026-08-25
301149,隆华新材,7.8000000000,7.6900000000,17159128.3000000007,22154.0000000000,0.0143000000,0.1715912830,东方财富沪深京A股延迟行情直连,2026-08-25
600638,新黄浦,4.9700000000,4.8600000000,17124526.0000000000,34828.0000000000,0.0226000000,0.1712452600,东方财富沪深京A股延迟行情直连,2026-08-25
002727,一心堂,11.5600000000,11.4300000000,17120544.0000000000,14848.0000000000,0.0114000000,0.1712054400,东方财富沪深京A股延迟行情直连,2026-08-25
605108,同庆楼,12.6500000000,12.3300000000,17114392.0000000000,13612.0000000000,0.0260000000,0.1711439200,东方财富沪深京A股延迟行情直连,2026-08-25
600778,友好集团,5.5500000000,5.5000000000,17108779.0000000000,31057.0000000000,0.0091000000,0.1710877900,东方财富沪深京A股延迟行情直连,2026-08-25
002813,路畅科技,20.8600000000,20.2800000000,17105551.0000000000,8345.0000000000,0.0286000000,0.1710555100,东方财富沪深京A股延迟行情直连,2026-08-25
300631,久吾高科,21.5900000000,21.4200000000,17097370.0000000000,7949.0000000000,0.0079000000,0.1709737000,东方财富沪深京A股延迟行情直连,2026-08-25
605268,王力安防,9.5000000000,9.3500000000,17093070.0000000000,18267.0000000000,0.0160000000,0.1709307000,东方财富沪深京A股延迟行情直连,2026-08-25
601921,浙版传媒,7.4200000000,7.3700000000,17086614.0000000000,23056.0000000000,0.0068000000,0.1708661400,东方财富沪深京A股延迟行情直连,2026-08-25
301459,丰茂股份,32.3300000000,32.1300000000,17078841.2399999984,5295.0000000000,0.0062000000,0.1707884124,东方财富沪深京A股延迟行情直连,2026-08-25
300781,因赛集团,25.9900000000,26.0300000000,17077068.7899999991,6606.0000000000,-0.0015000000,0.1707706879,东方财富沪深京A股延迟行情直连,2026-08-25
300359,全通教育,4.0700000000,4.0200000000,17055202.0000000000,42258.0000000000,0.0124000000,0.1705520200,东方财富沪深京A股延迟行情直连,2026-08-25
000922,佳电股份,11.7900000000,11.8000000000,17049872.6000000015,14517.0000000000,-0.0008000000,0.1704987260,东方财富沪深京A股延迟行情直连,2026-08-25
688055,龙腾光电,3.6600000000,3.7100000000,17039198.0000000000,47025.0000000000,-0.0135000000,0.1703919800,东方财富沪深京A股延迟行情直连,2026-08-25
600125,铁龙物流,5.4300000000,5.4100000000,17035565.0000000000,31455.0000000000,0.0037000000,0.1703556500,东方财富沪深京A股延迟行情直连,2026-08-25
301513,尚水智能,48.4300000000,48.9100000000,17025627.0000000000,3522.0000000000,-0.0098000000,0.1702562700,东方财富沪深京A股延迟行情直连,2026-08-25
300809,华辰装备,23.2300000000,23.2200000000,16984274.0000000000,7385.0000000000,0.0004000000,0.1698427400,东方财富沪深京A股延迟行情直连,2026-08-25
300670,大烨智能,6.5000000000,6.4700000000,16802391.0000000000,26124.0000000000,0.0046000000,0.1680239100,东方财富沪深京A股延迟行情直连,2026-08-25
300412,迦南科技,4.5600000000,4.5600000000,16793732.0000000000,37130.0000000000,0.0000000000,0.1679373200,东方财富沪深京A股延迟行情直连,2026-08-25
603311,金海高科,28.0700000000,28.3300000000,16792087.0000000000,6056.0000000000,-0.0092000000,0.1679208700,东方财富沪深京A股延迟行情直连,2026-08-25
002700,万憬能源,6.3500000000,6.2500000000,16785045.0000000000,26553.0000000000,0.0160000000,0.1678504500,东方财富沪深京A股延迟行情直连,2026-08-25
300788,中信出版,23.1500000000,23.2900000000,16779888.0000000000,7262.0000000000,-0.0060000000,0.1677988800,东方财富沪深京A股延迟行情直连,2026-08-25
300973,立高食品,24.3300000000,23.9600000000,16771012.0000000000,6955.0000000000,0.0154000000,0.1677101200,东方财富沪深京A股延迟行情直连,2026-08-25
300582,英飞特,11.1200000000,11.0600000000,16770356.0000000000,15247.0000000000,0.0054000000,0.1677035600,东方财富沪深京A股延迟行情直连,2026-08-25
300467,迅游科技,32.8600000000,32.7100000000,16760041.0000000000,5141.0000000000,0.0046000000,0.1676004100,东方财富沪深京A股延迟行情直连,2026-08-25
300032,金龙机电,3.8200000000,3.7600000000,16741225.0000000000,44238.0000000000,0.0160000000,0.1674122500,东方财富沪深京A股延迟行情直连,2026-08-25
002861,瀛通通讯,15.3000000000,15.4200000000,16738056.4000000004,11062.0000000000,-0.0078000000,0.1673805640,东方财富沪深京A股延迟行情直连,2026-08-25
688408,中信博,24.6800000000,24.9000000000,16733032.0000000000,6780.0000000000,-0.0088000000,0.1673303200,东方财富沪深京A股延迟行情直连,2026-08-25
301079,邵阳液压,27.4300000000,27.3600000000,16722840.0000000000,6152.0000000000,0.0026000000,0.1672284000,东方财富沪深京A股延迟行情直连,2026-08-25
600780,通宝能源,5.8300000000,5.7900000000,16717537.0000000000,28786.0000000000,0.0069000000,0.1671753700,东方财富沪深京A股延迟行情直连,2026-08-25
000972,中基健康,3.6200000000,3.5500000000,16700128.0000000000,46235.0000000000,0.0197000000,0.1670012800,东方财富沪深京A股延迟行情直连,2026-08-25
600855,航天长峰,11.8100000000,11.7900000000,16690982.0000000000,14238.0000000000,0.0017000000,0.1669098200,东方财富沪深京A股延迟行情直连,2026-08-25
001358,兴欣新材,25.4000000000,25.2000000000,16689608.0000000000,6607.0000000000,0.0079000000,0.1668960800,东方财富沪深京A股延迟行情直连,2026-08-25
300278,华昌达,3.7400000000,3.7000000000,16685573.0000000000,45142.0000000000,0.0108000000,0.1668557300,东方财富沪深京A股延迟行情直连,2026-08-25
603559,中通国脉,8.9500000000,9.0400000000,16681532.0000000000,18764.0000000000,-0.0100000000,0.1668153200,东方财富沪深京A股延迟行情直连,2026-08-25
688425,铁建重工,4.0400000000,4.0200000000,16678629.0000000000,41317.0000000000,0.0050000000,0.1667862900,东方财富沪深京A股延迟行情直连,2026-08-25
300406,九强生物,11.5200000000,11.5100000000,16668678.0000000000,14551.0000000000,0.0009000000,0.1666867800,东方财富沪深京A股延迟行情直连,2026-08-25
600333,长春燃气,6.2900000000,6.2600000000,16662138.0000000000,26455.0000000000,0.0048000000,0.1666213800,东方财富沪深京A股延迟行情直连,2026-08-25
600587,新华医疗,12.3700000000,12.2300000000,16630733.0000000000,13497.0000000000,0.0114000000,0.1663073300,东方财富沪深京A股延迟行情直连,2026-08-25
002760,凤形股份,17.5200000000,17.3300000000,16629888.0000000000,9629.0000000000,0.0110000000,0.1662988800,东方财富沪深京A股延迟行情直连,2026-08-25
003001,中岩大地,15.2000000000,15.2300000000,16626215.0000000000,11012.0000000000,-0.0020000000,0.1662621500,东方财富沪深京A股延迟行情直连,2026-08-25
688100,威胜信息,25.3800000000,25.2200000000,16624435.0000000000,6592.0000000000,0.0063000000,0.1662443500,东方财富沪深京A股延迟行情直连,2026-08-25
603861,白云电器,11.8500000000,11.9500000000,16609695.0000000000,14094.0000000000,-0.0084000000,0.1660969500,东方财富沪深京A股延迟行情直连,2026-08-25
688320,禾川科技,33.7500000000,33.4500000000,16603770.0000000000,4984.0000000000,0.0090000000,0.1660377000,东方财富沪深京A股延迟行情直连,2026-08-25
300815,玉禾田,15.8900000000,15.9600000000,16602248.5800000001,10492.0000000000,-0.0044000000,0.1660224858,东方财富沪深京A股延迟行情直连,2026-08-25
688215,瑞晟智能,44.2000000000,44.6500000000,16590222.0000000000,3753.0000000000,-0.0101000000,0.1659022200,东方财富沪深京A股延迟行情直连,2026-08-25
600805,悦达投资,4.6300000000,4.6100000000,16578080.0000000000,35949.0000000000,0.0043000000,0.1657808000,东方财富沪深京A股延迟行情直连,2026-08-25
688360,德马科技,15.1800000000,15.4200000000,16562727.0000000000,10945.0000000000,-0.0156000000,0.1656272700,东方财富沪深京A股延迟行情直连,2026-08-25
000546,金圆股份,4.7700000000,4.7800000000,16513853.0000000000,34599.0000000000,-0.0021000000,0.1651385300,东方财富沪深京A股延迟行情直连,2026-08-25
300902,国安达,15.3000000000,15.0200000000,16509979.0000000000,11005.0000000000,0.0186000000,0.1650997900,东方财富沪深京A股延迟行情直连,2026-08-25
601089,福元医药,16.0600000000,16.0100000000,16465093.0000000000,10297.0000000000,0.0031000000,0.1646509300,东方财富沪深京A股延迟行情直连,2026-08-25
600748,上实发展,3.8400000000,3.7600000000,16449132.0000000000,43337.0000000000,0.0213000000,0.1644913200,东方财富沪深京A股延迟行情直连,2026-08-25
603368,柳药集团,15.8400000000,15.7400000000,16446341.0000000000,10419.0000000000,0.0064000000,0.1644634100,东方财富沪深京A股延迟行情直连,2026-08-25
600831,广电网络,3.3300000000,3.2900000000,16419938.0000000000,49792.0000000000,0.0122000000,0.1641993800,东方财富沪深京A股延迟行情直连,2026-08-25
920599,同力股份,17.5500000000,17.4900000000,16416031.9100000001,9435.0000000000,0.0034000000,0.1641603191,东方财富沪深京A股延迟行情直连,2026-08-25
002496,辉丰股份,2.0600000000,2.0100000000,16408104.0000000000,80711.0000000000,0.0249000000,0.1640810400,东方财富沪深京A股延迟行情直连,2026-08-25
920491,奥迪威,21.6000000000,21.1000000000,16402030.8399999999,7639.0000000000,0.0237000000,0.1640203084,东方财富沪深京A股延迟行情直连,2026-08-25
920971,天马新材,24.7300000000,25.4000000000,16391195.1699999999,6638.0000000000,-0.0264000000,0.1639119517,东方财富沪深京A股延迟行情直连,2026-08-25
603007,顺景科技,4.5700000000,4.5200000000,16378191.0000000000,36286.0000000000,0.0111000000,0.1637819100,东方财富沪深京A股延迟行情直连,2026-08-25
603707,健友股份,7.8500000000,7.7800000000,16374125.0000000000,20926.0000000000,0.0090000000,0.1637412500,东方财富沪深京A股延迟行情直连,2026-08-25
600448,华纺股份,2.9300000000,2.9200000000,16337743.0000000000,56104.0000000000,0.0034000000,0.1633774300,东方财富沪深京A股延迟行情直连,2026-08-25
920273,一致魔芋,17.5300000000,17.1300000000,16333576.0899999999,9244.0000000000,0.0234000000,0.1633357609,东方财富沪深京A股延迟行情直连,2026-08-25
600477,杭萧钢构,2.4100000000,2.3800000000,16322098.0000000000,68246.0000000000,0.0126000000,0.1632209800,东方财富沪深京A股延迟行情直连,2026-08-25
002186,全 聚 德,9.3600000000,9.1800000000,16308700.0000000000,17538.0000000000,0.0196000000,0.1630870000,东方财富沪深京A股延迟行情直连,2026-08-25
600697,欧亚集团,10.9300000000,10.7800000000,16304743.0000000000,15074.0000000000,0.0139000000,0.1630474300,东方财富沪深京A股延迟行情直连,2026-08-25
600444,国机通用,14.3300000000,14.0500000000,16302514.0000000000,11486.0000000000,0.0199000000,0.1630251400,东方财富沪深京A股延迟行情直连,2026-08-25
300293,蓝英装备,15.5800000000,15.7000000000,16302208.3800000008,10546.0000000000,-0.0076000000,0.1630220838,东方财富沪深京A股延迟行情直连,2026-08-25
601188,龙江交通,2.8800000000,2.8400000000,16292961.0000000000,57010.0000000000,0.0141000000,0.1629296100,东方财富沪深京A股延迟行情直连,2026-08-25
002628,成都路桥,4.7700000000,4.7900000000,16282524.7599999998,34214.0000000000,-0.0042000000,0.1628252476,东方财富沪深京A股延迟行情直连,2026-08-25
600959,江苏有线,3.0200000000,3.0100000000,16279165.0000000000,54067.0000000000,0.0033000000,0.1627916500,东方财富沪深京A股延迟行情直连,2026-08-25
300557,理工光科,25.2400000000,25.2200000000,16235354.2500000000,6495.0000000000,0.0008000000,0.1623535425,东方财富沪深京A股延迟行情直连,2026-08-25
300948,冠中生态,20.1600000000,20.5100000000,16232859.5000000000,8118.0000000000,-0.0171000000,0.1623285950,东方财富沪深京A股延迟行情直连,2026-08-25
301258,富士莱,25.8200000000,26.0600000000,16230266.0000000000,6350.0000000000,-0.0092000000,0.1623026600,东方财富沪深京A股延迟行情直连,2026-08-25
603983,丸美生物,26.2400000000,26.2800000000,16201996.0000000000,6139.0000000000,-0.0015000000,0.1620199600,东方财富沪深京A股延迟行情直连,2026-08-25
002551,尚荣医疗,3.3500000000,3.2800000000,16174238.0000000000,48807.0000000000,0.0213000000,0.1617423800,东方财富沪深京A股延迟行情直连,2026-08-25
002343,慈文传媒,5.0500000000,4.9200000000,16144081.0000000000,32357.0000000000,0.0264000000,0.1614408100,东方财富沪深京A股延迟行情直连,2026-08-25
300381,溢多利,6.2700000000,6.2100000000,16141255.0000000000,25938.0000000000,0.0097000000,0.1614125500,东方财富沪深京A股延迟行情直连,2026-08-25
600981,苏豪汇鸿,2.4500000000,2.4100000000,16122966.0000000000,65984.0000000000,0.0166000000,0.1612296600,东方财富沪深京A股延迟行情直连,2026-08-25
300349,金卡智能,10.0600000000,9.9500000000,16109213.0000000000,16175.0000000000,0.0111000000,0.1610921300,东方财富沪深京A股延迟行情直连,2026-08-25
600973,宝胜股份,6.1100000000,6.0600000000,16099335.0000000000,26526.0000000000,0.0083000000,0.1609933500,东方财富沪深京A股延迟行情直连,2026-08-25
002164,宁波东力,10.9500000000,10.9200000000,16087843.0000000000,14865.0000000000,0.0027000000,0.1608784300,东方财富沪深京A股延迟行情直连,2026-08-25
688237,超卓航科,55.1300000000,55.1100000000,16085037.0000000000,2930.0000000000,0.0004000000,0.1608503700,东方财富沪深京A股延迟行情直连,2026-08-25
000536,华映科技,3.1700000000,3.1600000000,16080969.0000000000,50929.0000000000,0.0032000000,0.1608096900,东方财富沪深京A股延迟行情直连,2026-08-25
300411,金盾股份,7.7500000000,7.6200000000,16077424.0000000000,20995.0000000000,0.0171000000,0.1607742400,东方财富沪深京A股延迟行情直连,2026-08-25
002875,安奈儿,12.8600000000,12.8600000000,16076990.0000000000,12676.0000000000,0.0000000000,0.1607699000,东方财富沪深京A股延迟行情直连,2026-08-25
603181,皇马科技,12.6100000000,12.5300000000,16068448.0000000000,12762.0000000000,0.0064000000,0.1606844800,东方财富沪深京A股延迟行情直连,2026-08-25
300889,爱克股份,20.7500000000,20.7800000000,16063342.0000000000,7861.0000000000,-0.0014000000,0.1606334200,东方财富沪深京A股延迟行情直连,2026-08-25
600731,湖南海利,5.8200000000,5.8800000000,16056814.0000000000,27976.0000000000,-0.0102000000,0.1605681400,东方财富沪深京A股延迟行情直连,2026-08-25
000550,江铃汽车,15.6900000000,15.6200000000,16047025.3599999994,10215.0000000000,0.0045000000,0.1604702536,东方财富沪深京A股延迟行情直连,2026-08-25
688571,杭华股份,8.2700000000,8.3200000000,16044541.0000000000,19381.0000000000,-0.0060000000,0.1604454100,东方财富沪深京A股延迟行情直连,2026-08-25
002577,雷柏科技,18.4900000000,18.5200000000,16040565.0000000000,8783.0000000000,-0.0016000000,0.1604056500,东方财富沪深京A股延迟行情直连,2026-08-25
601990,南京证券,6.5800000000,6.5700000000,16034895.0000000000,24314.0000000000,0.0015000000,0.1603489500,东方财富沪深京A股延迟行情直连,2026-08-25
300643,万通智控,17.7300000000,17.9300000000,16022843.0000000000,9134.0000000000,-0.0112000000,0.1602284300,东方财富沪深京A股延迟行情直连,2026-08-25
002189,中光学,18.2900000000,18.0500000000,16021873.0000000000,8742.0000000000,0.0133000000,0.1602187300,东方财富沪深京A股延迟行情直连,2026-08-25
601003,柳钢股份,3.6300000000,3.6100000000,16015730.0000000000,44056.0000000000,0.0055000000,0.1601573000,东方财富沪深京A股延迟行情直连,2026-08-25
301596,瑞迪智驱,46.0300000000,46.5000000000,16002074.9800000004,3497.0000000000,-0.0101000000,0.1600207498,东方财富沪深京A股延迟行情直连,2026-08-25
300275,梅安森,8.9400000000,8.9600000000,15989748.0999999996,17940.0000000000,-0.0022000000,0.1598974810,东方财富沪深京A股延迟行情直连,2026-08-25
002372,伟星新材,8.4400000000,8.4000000000,15914454.0000000000,18872.0000000000,0.0048000000,0.1591445400,东方财富沪深京A股延迟行情直连,2026-08-25
600858,银座股份,4.8800000000,4.8200000000,15904797.0000000000,32862.0000000000,0.0124000000,0.1590479700,东方财富沪深京A股延迟行情直连,2026-08-25
002878,元隆雅图,12.3100000000,12.0900000000,15888723.0000000000,13051.0000000000,0.0182000000,0.1588872300,东方财富沪深京A股延迟行情直连,2026-08-25
300066,三川智慧,4.8800000000,4.9000000000,15879639.0000000000,32546.0000000000,-0.0041000000,0.1587963900,东方财富沪深京A股延迟行情直连,2026-08-25
688351,微电生理,20.0900000000,19.9300000000,15871951.0000000000,7934.0000000000,0.0080000000,0.1587195100,东方财富沪深京A股延迟行情直连,2026-08-25
301276,嘉曼服饰,19.9100000000,20.1000000000,15870696.2200000007,8081.0000000000,-0.0095000000,0.1587069622,东方财富沪深京A股延迟行情直连,2026-08-25
000419,通程控股,4.9600000000,4.8600000000,15863267.8699999992,32274.0000000000,0.0206000000,0.1586326787,东方财富沪深京A股延迟行情直连,2026-08-25
002564,天沃科技,4.3500000000,4.2800000000,15852710.0000000000,36639.0000000000,0.0164000000,0.1585271000,东方财富沪深京A股延迟行情直连,2026-08-25
605066,天正电气,7.2000000000,7.2300000000,15926688.0000000000,22252.0000000000,-0.0041000000,0.1592668800,东方财富沪深京A股延迟行情直连,2026-08-25
300858,科拓生物,14.6800000000,14.5500000000,15917529.0000000000,10872.0000000000,0.0089000000,0.1591752900,东方财富沪深京A股延迟行情直连,2026-08-25
001289,龙源电力,15.7400000000,15.7200000000,15913546.1199999992,10113.0000000000,0.0013000000,0.1591354612,东方财富沪深京A股延迟行情直连,2026-08-25
002394,联发股份,9.6700000000,9.6000000000,15906583.0000000000,16717.0000000000,0.0073000000,0.1590658300,东方财富沪深京A股延迟行情直连,2026-08-25
000069,华侨城Ａ,1.7500000000,1.7400000000,15889744.7400000002,90742.0000000000,0.0057000000,0.1588974474,东方财富沪深京A股延迟行情直连,2026-08-25
688395,正弦电气,22.4700000000,21.9100000000,15864768.0000000000,7146.0000000000,0.0256000000,0.1586476800,东方财富沪深京A股延迟行情直连,2026-08-25
600764,中国海防,17.5200000000,17.4300000000,15842562.0000000000,9065.0000000000,0.0052000000,0.1584256200,东方财富沪深京A股延迟行情直连,2026-08-25
600757,长江传媒,7.7700000000,7.6900000000,15835902.0000000000,20391.0000000000,0.0104000000,0.1583590200,东方财富沪深京A股延迟行情直连,2026-08-25
000812,陕西金叶,3.6000000000,3.5400000000,15822409.0000000000,44236.0000000000,0.0169000000,0.1582240900,东方财富沪深京A股延迟行情直连,2026-08-25
688190,云路股份,71.6800000000,71.7400000000,15811466.0000000000,2205.0000000000,-0.0008000000,0.1581146600,东方财富沪深京A股延迟行情直连,2026-08-25
002960,青鸟智控,8.4200000000,8.3800000000,15808500.8100000005,18798.0000000000,0.0048000000,0.1580850081,东方财富沪深京A股延迟行情直连,2026-08-25
301221,光庭信息,27.1500000000,27.2300000000,15807076.0000000000,5894.0000000000,-0.0029000000,0.1580707600,东方财富沪深京A股延迟行情直连,2026-08-25
600791,京能置业,7.2600000000,7.3200000000,15805105.0000000000,21891.0000000000,-0.0082000000,0.1580510500,东方财富沪深京A股延迟行情直连,2026-08-25
002511,中顺洁柔,7.0700000000,7.0400000000,15779755.0000000000,22352.0000000000,0.0043000000,0.1577975500,东方财富沪深京A股延迟行情直连,2026-08-25
301331,恩威医药,22.0600000000,21.8400000000,15764530.0000000000,7187.0000000000,0.0101000000,0.1576453000,东方财富沪深京A股延迟行情直连,2026-08-25
300960,通业科技,16.9300000000,16.5400000000,15740373.0000000000,9400.0000000000,0.0236000000,0.1574037300,东方财富沪深京A股延迟行情直连,2026-08-25
600828,茂业商业,3.9700000000,3.8800000000,15728220.0000000000,39983.0000000000,0.0232000000,0.1572822000,东方财富沪深京A股延迟行情直连,2026-08-25
000731,四川美丰,6.2000000000,6.2100000000,15726122.0000000000,25340.0000000000,-0.0016000000,0.1572612200,东方财富沪深京A股延迟行情直连,2026-08-25
002930,宏川智慧,8.6600000000,8.5400000000,15719074.6500000004,18294.0000000000,0.0141000000,0.1571907465,东方财富沪深京A股延迟行情直连,2026-08-25
601298,青岛港,9.0000000000,9.0000000000,15714037.0000000000,17451.0000000000,0.0000000000,0.1571403700,东方财富沪深京A股延迟行情直连,2026-08-25
603815,交建股份,5.4400000000,5.4300000000,15689089.0000000000,29018.0000000000,0.0018000000,0.1568908900,东方财富沪深京A股延迟行情直连,2026-08-25
603416,信捷电气,43.6000000000,43.6900000000,15675338.0000000000,3616.0000000000,-0.0021000000,0.1567533800,东方财富沪深京A股延迟行情直连,2026-08-25
002613,北玻股份,3.4200000000,3.3900000000,15667022.0000000000,46157.0000000000,0.0088000000,0.1566702200,东方财富沪深京A股延迟行情直连,2026-08-25
600163,中闽能源,4.9500000000,4.9100000000,15663169.0000000000,31748.0000000000,0.0081000000,0.1566316900,东方财富沪深京A股延迟行情直连,2026-08-25
600523,贵航股份,11.8700000000,11.7800000000,15659479.0000000000,13214.0000000000,0.0076000000,0.1565947900,东方财富沪深京A股延迟行情直连,2026-08-25
003015,日久光电,12.0400000000,12.0500000000,15657100.0000000000,13083.0000000000,-0.0008000000,0.1565710000,东方财富沪深京A股延迟行情直连,2026-08-25
001259,利仁科技,45.1300000000,45.3500000000,15623041.0000000000,3491.0000000000,-0.0049000000,0.1562304100,东方财富沪深京A股延迟行情直连,2026-08-25
300588,熙菱信息,20.9400000000,21.1200000000,15618032.0000000000,7477.0000000000,-0.0085000000,0.1561803200,东方财富沪深京A股延迟行情直连,2026-08-25
605068,明新旭腾,16.9900000000,16.9200000000,15615857.0000000000,9231.0000000000,0.0041000000,0.1561585700,东方财富沪深京A股延迟行情直连,2026-08-25
002753,永东股份,6.9000000000,6.8200000000,15586378.0000000000,22719.0000000000,0.0117000000,0.1558637800,东方财富沪深京A股延迟行情直连,2026-08-25
600980,北矿科技,19.7900000000,19.9300000000,15583444.0000000000,7831.0000000000,-0.0070000000,0.1558344400,东方财富沪深京A股延迟行情直连,2026-08-25
688290,景业智能,65.5700000000,66.2800000000,15577024.0000000000,2407.0000000000,-0.0107000000,0.1557702400,东方财富沪深京A股延迟行情直连,2026-08-25
603856,东宏股份,11.3400000000,11.4100000000,15572540.0000000000,13763.0000000000,-0.0061000000,0.1557254000,东方财富沪深京A股延迟行情直连,2026-08-25
001266,宏英智能,33.6100000000,33.8000000000,15564356.0000000000,4683.0000000000,-0.0056000000,0.1556435600,东方财富沪深京A股延迟行情直连,2026-08-25
300854,中兰环保,17.6300000000,17.6200000000,15557922.5999999996,8959.0000000000,0.0006000000,0.1555792260,东方财富沪深京A股延迟行情直连,2026-08-25
002991,甘源食品,39.0800000000,39.1500000000,15553429.0000000000,3997.0000000000,-0.0018000000,0.1555342900,东方财富沪深京A股延迟行情直连,2026-08-25
002107,沃华医药,6.2100000000,6.1000000000,15549698.8000000007,25249.0000000000,0.0180000000,0.1554969880,东方财富沪深京A股延迟行情直连,2026-08-25
300471,厚普股份,9.6900000000,9.8000000000,15549091.0000000000,16155.0000000000,-0.0112000000,0.1554909100,东方财富沪深京A股延迟行情直连,2026-08-25
603270,金帝股份,27.5900000000,27.7700000000,15544477.0000000000,5659.0000000000,-0.0065000000,0.1554447700,东方财富沪深京A股延迟行情直连,2026-08-25
300175,朗源股份,5.8500000000,5.7900000000,15500978.0000000000,26645.0000000000,0.0104000000,0.1550097800,东方财富沪深京A股延迟行情直连,2026-08-25
001391,国货航,4.1200000000,4.0900000000,15498244.1099999994,37711.0000000000,0.0073000000,0.1549824411,东方财富沪深京A股延迟行情直连,2026-08-25
688151,华强科技,15.8000000000,15.6300000000,15494672.0000000000,9788.0000000000,0.0109000000,0.1549467200,东方财富沪深京A股延迟行情直连,2026-08-25
600841,动力新科,5.5800000000,5.5000000000,15488803.0000000000,27928.0000000000,0.0145000000,0.1548880300,东方财富沪深京A股延迟行情直连,2026-08-25
301069,凯盛新材,16.0300000000,16.0600000000,15483073.0000000000,9747.0000000000,-0.0019000000,0.1548307300,东方财富沪深京A股延迟行情直连,2026-08-25
000900,现代投资,3.6700000000,3.6400000000,15482412.7200000007,42317.0000000000,0.0082000000,0.1548241272,东方财富沪深京A股延迟行情直连,2026-08-25
603468,津富士达,23.6700000000,23.6800000000,15446112.0000000000,6567.0000000000,-0.0004000000,0.1544611200,东方财富沪深京A股延迟行情直连,2026-08-25
002527,新时达,11.1400000000,11.0200000000,15443595.0000000000,13980.0000000000,0.0109000000,0.1544359500,东方财富沪深京A股延迟行情直连,2026-08-25
603396,金辰股份,25.4700000000,25.5300000000,15439860.0000000000,6090.0000000000,-0.0024000000,0.1543986000,东方财富沪深京A股延迟行情直连,2026-08-25
000701,厦门信达,5.0100000000,4.9700000000,15435999.0000000000,31002.0000000000,0.0080000000,0.1543599900,东方财富沪深京A股延迟行情直连,2026-08-25
300768,迪普科技,14.3300000000,14.2600000000,15429738.0999999996,10836.0000000000,0.0049000000,0.1542973810,东方财富沪深京A股延迟行情直连,2026-08-25
603165,荣晟环保,13.5400000000,13.4900000000,15416166.0000000000,11436.0000000000,0.0037000000,0.1541616600,东方财富沪深京A股延迟行情直连,2026-08-25
300536,农尚环境,8.8400000000,8.8000000000,15398983.0000000000,17551.0000000000,0.0045000000,0.1539898300,东方财富沪深京A股延迟行情直连,2026-08-25
600159,大龙地产,2.5600000000,2.4900000000,15397578.0000000000,60976.0000000000,0.0281000000,0.1539757800,东方财富沪深京A股延迟行情直连,2026-08-25
002391,长青股份,5.1800000000,5.1000000000,15373105.0000000000,29886.0000000000,0.0157000000,0.1537310500,东方财富沪深京A股延迟行情直连,2026-08-25
001223,欧克科技,39.6000000000,40.2000000000,15370386.0000000000,3893.0000000000,-0.0149000000,0.1537038600,东方财富沪深京A股延迟行情直连,2026-08-25
300935,盈建科,29.1200000000,29.3600000000,15366370.5199999996,5303.0000000000,-0.0082000000,0.1536637052,东方财富沪深京A股延迟行情直连,2026-08-25
000820,神雾节能,3.4900000000,3.4500000000,15364368.0000000000,44290.0000000000,0.0116000000,0.1536436800,东方财富沪深京A股延迟行情直连,2026-08-25
002287,奇正藏药,20.0000000000,19.7300000000,15350775.0000000000,7716.0000000000,0.0137000000,0.1535077500,东方财富沪深京A股延迟行情直连,2026-08-25
002453,华软科技,4.3600000000,4.3500000000,15344219.0000000000,35494.0000000000,0.0023000000,0.1534421900,东方财富沪深京A股延迟行情直连,2026-08-25
603049,中策橡胶,49.0500000000,49.1000000000,15342248.0000000000,3115.0000000000,-0.0010000000,0.1534224800,东方财富沪深京A股延迟行情直连,2026-08-25
300228,富瑞特装,7.2000000000,7.1600000000,15318043.0000000000,21408.0000000000,0.0056000000,0.1531804300,东方财富沪深京A股延迟行情直连,2026-08-25
300213,佳讯飞鸿,6.2400000000,6.1700000000,15310860.0000000000,24740.0000000000,0.0113000000,0.1531086000,东方财富沪深京A股延迟行情直连,2026-08-25
600197,伊力特,10.0900000000,9.9400000000,15270371.0000000000,15204.0000000000,0.0151000000,0.1527037100,东方财富沪深京A股延迟行情直连,2026-08-25
000498,山东路桥,5.0100000000,4.9800000000,15265198.0000000000,30553.0000000000,0.0060000000,0.1526519800,东方财富沪深京A股延迟行情直连,2026-08-25
301178,天亿马,34.5500000000,34.4800000000,15257749.8000000007,4456.0000000000,0.0020000000,0.1525774980,东方财富沪深京A股延迟行情直连,2026-08-25
601136,首创证券,13.7000000000,13.7000000000,15249536.0000000000,11116.0000000000,0.0000000000,0.1524953600,东方财富沪深京A股延迟行情直连,2026-08-25
301439,泓淋电力,14.7600000000,14.7500000000,15228161.7200000007,10436.0000000000,0.0007000000,0.1522816172,东方财富沪深京A股延迟行情直连,2026-08-25
300791,仙乐健康,17.0000000000,16.9800000000,15225608.0000000000,9010.0000000000,0.0012000000,0.1522560800,东方财富沪深京A股延迟行情直连,2026-08-25
002438,江苏神通,13.4500000000,13.4900000000,15200498.0000000000,11382.0000000000,-0.0030000000,0.1520049800,东方财富沪深京A股延迟行情直连,2026-08-25
001311,多利科技,17.6200000000,17.7200000000,15178595.1999999993,8619.0000000000,-0.0056000000,0.1517859520,东方财富沪深京A股延迟行情直连,2026-08-25
603655,朗博科技,31.5000000000,31.1100000000,15173204.0000000000,4887.0000000000,0.0125000000,0.1517320400,东方财富沪深京A股延迟行情直连,2026-08-25
603966,法兰泰克,7.9500000000,7.7100000000,15172968.0000000000,19350.0000000000,0.0311000000,0.1517296800,东方财富沪深京A股延迟行情直连,2026-08-25
002103,广博股份,6.5700000000,6.4200000000,15166190.0000000000,23318.0000000000,0.0234000000,0.1516619000,东方财富沪深京A股延迟行情直连,2026-08-25
001211,双枪科技,24.1500000000,24.3000000000,15129885.8300000001,6287.0000000000,-0.0062000000,0.1512988583,东方财富沪深京A股延迟行情直连,2026-08-25
002300,太阳电缆,6.6000000000,6.6200000000,15123351.5999999996,22998.0000000000,-0.0030000000,0.1512335160,东方财富沪深京A股延迟行情直连,2026-08-25
300578,会畅科技,15.2200000000,15.1500000000,15114231.0000000000,10058.0000000000,0.0046000000,0.1511423100,东方财富沪深京A股延迟行情直连,2026-08-25
301087,可孚医疗,47.7100000000,47.4200000000,15090929.0399999991,3182.0000000000,0.0061000000,0.1509092904,东方财富沪深京A股延迟行情直连,2026-08-25
301048,金鹰重工,9.0700000000,9.0200000000,15087462.0000000000,16690.0000000000,0.0055000000,0.1508746200,东方财富沪深京A股延迟行情直连,2026-08-25
603818,曲美家居,3.7500000000,3.7300000000,15079341.0000000000,40652.0000000000,0.0054000000,0.1507934100,东方财富沪深京A股延迟行情直连,2026-08-25
002950,奥美医疗,9.2400000000,9.1400000000,15069497.0000000000,16424.0000000000,0.0109000000,0.1506949700,东方财富沪深京A股延迟行情直连,2026-08-25
601096,宏盛华源,4.1700000000,4.1500000000,15063003.0000000000,36312.0000000000,0.0048000000,0.1506300300,东方财富沪深京A股延迟行情直连,2026-08-25
605577,龙版传媒,9.7800000000,9.7000000000,15061243.0000000000,15495.0000000000,0.0082000000,0.1506124300,东方财富沪深京A股延迟行情直连,2026-08-25
000718,苏宁环球,1.8900000000,1.8500000000,15051622.0000000000,80346.0000000000,0.0216000000,0.1505162200,东方财富沪深京A股延迟行情直连,2026-08-25
002889,东方嘉盛,12.7700000000,12.5500000000,15007728.0000000000,11877.0000000000,0.0175000000,0.1500772800,东方财富沪深京A股延迟行情直连,2026-08-25
603579,荣泰健康,17.8300000000,17.5500000000,14999135.0000000000,8467.0000000000,0.0160000000,0.1499913500,东方财富沪深京A股延迟行情直连,2026-08-25
603558,XD健盛集,11.8300000000,11.9100000000,14990869.0000000000,12664.0000000000,-0.0067000000,0.1499086900,东方财富沪深京A股延迟行情直连,2026-08-25
002678,珠江钢琴,4.8000000000,4.8000000000,14982972.0000000000,31218.0000000000,0.0000000000,0.1498297200,东方财富沪深京A股延迟行情直连,2026-08-25
600662,外服控股,4.2100000000,4.1600000000,14970602.0000000000,35746.0000000000,0.0120000000,0.1497060200,东方财富沪深京A股延迟行情直连,2026-08-25
600284,浦东建设,5.0400000000,5.0100000000,14953139.0000000000,29689.0000000000,0.0060000000,0.1495313900,东方财富沪深京A股延迟行情直连,2026-08-25
301356,天振股份,19.5600000000,19.8700000000,14921103.5999999996,7640.0000000000,-0.0156000000,0.1492110360,东方财富沪深京A股延迟行情直连,2026-08-25
301609,山大电力,32.8700000000,33.0000000000,14917545.0800000001,4585.0000000000,-0.0039000000,0.1491754508,东方财富沪深京A股延迟行情直连,2026-08-25
600755,厦门国贸,5.7300000000,5.6800000000,14915123.0000000000,26123.0000000000,0.0088000000,0.1491512300,东方财富沪深京A股延迟行情直连,2026-08-25
603727,博迈科,18.1000000000,17.8500000000,14892657.0000000000,8335.0000000000,0.0140000000,0.1489265700,东方财富沪深京A股延迟行情直连,2026-08-25
300533,冰川网络,14.1600000000,14.0600000000,14785731.1999999993,10489.0000000000,0.0071000000,0.1478573120,东方财富沪深京A股延迟行情直连,2026-08-25
301299,卓创资讯,43.7300000000,42.6800000000,14777906.0500000007,3421.0000000000,0.0246000000,0.1477790605,东方财富沪深京A股延迟行情直连,2026-08-25
000707,双环科技,4.6600000000,4.5700000000,14772356.0000000000,31919.0000000000,0.0197000000,0.1477235600,东方财富沪深京A股延迟行情直连,2026-08-25
300904,威力传动,39.0600000000,38.7000000000,14769352.0000000000,3839.0000000000,0.0093000000,0.1476935200,东方财富沪深京A股延迟行情直连,2026-08-25
688096,京源环保,8.4400000000,8.3100000000,14743918.0000000000,17783.0000000000,0.0156000000,0.1474391800,东方财富沪深京A股延迟行情直连,2026-08-25
301325,曼恩斯特,29.9800000000,30.3700000000,14740172.0000000000,4920.0000000000,-0.0128000000,0.1474017200,东方财富沪深京A股延迟行情直连,2026-08-25
300629,新劲刚,16.6300000000,16.6000000000,14739573.0000000000,8935.0000000000,0.0018000000,0.1473957300,东方财富沪深京A股延迟行情直连,2026-08-25
605388,均瑶健康,6.0000000000,5.8900000000,14734363.0000000000,24819.0000000000,0.0187000000,0.1473436300,东方财富沪深京A股延迟行情直连,2026-08-25
603878,武进不锈,5.0600000000,5.0000000000,14721882.0000000000,29288.0000000000,0.0120000000,0.1472188200,东方财富沪深京A股延迟行情直连,2026-08-25
002587,奥拓电子,5.3700000000,5.3300000000,14719185.2799999993,27687.0000000000,0.0075000000,0.1471918528,东方财富沪深京A股延迟行情直连,2026-08-25
601500,通用股份,4.0000000000,3.9800000000,14700785.0000000000,36729.0000000000,0.0050000000,0.1470078500,东方财富沪深京A股延迟行情直连,2026-08-25
601068,中铝国际,4.4900000000,4.4600000000,14699227.0000000000,32794.0000000000,0.0067000000,0.1469922700,东方财富沪深京A股延迟行情直连,2026-08-25
301067,显盈科技,28.0000000000,28.3200000000,14694098.0000000000,5287.0000000000,-0.0113000000,0.1469409800,东方财富沪深京A股延迟行情直连,2026-08-25
688633,星球石墨,23.6800000000,23.4800000000,14692461.0000000000,6238.0000000000,0.0085000000,0.1469246100,东方财富沪深京A股延迟行情直连,2026-08-25
300702,天宇股份,21.4000000000,21.4800000000,14687219.0000000000,6882.0000000000,-0.0037000000,0.1468721900,东方财富沪深京A股延迟行情直连,2026-08-25
603879,永悦科技,5.5400000000,5.5100000000,14684218.0000000000,26709.0000000000,0.0054000000,0.1468421800,东方财富沪深京A股延迟行情直连,2026-08-25
300238,冠昊生物,11.5300000000,11.4400000000,14684166.1600000001,12824.0000000000,0.0079000000,0.1468416616,东方财富沪深京A股延迟行情直连,2026-08-25
603168,莎普爱思,5.7000000000,5.5400000000,14650907.0000000000,26096.0000000000,0.0289000000,0.1465090700,东方财富沪深京A股延迟行情直连,2026-08-25
000958,电投产融,5.2700000000,5.2500000000,14603584.0000000000,27705.0000000000,0.0038000000,0.1460358400,东方财富沪深京A股延迟行情直连,2026-08-25
001376,百通能源,10.3500000000,10.3200000000,14594481.0000000000,14167.0000000000,0.0029000000,0.1459448100,东方财富沪深京A股延迟行情直连,2026-08-25
000576,甘化科工,7.1300000000,7.1100000000,14582419.1199999992,20581.0000000000,0.0028000000,0.1458241912,东方财富沪深京A股延迟行情直连,2026-08-25
688522,纳睿雷达,17.9000000000,17.8000000000,14551150.0000000000,8191.0000000000,0.0056000000,0.1455115000,东方财富沪深京A股延迟行情直连,2026-08-25
300025,华星创业,5.1900000000,5.1000000000,14540846.0000000000,28358.0000000000,0.0176000000,0.1454084600,东方财富沪深京A股延迟行情直连,2026-08-25
605338,巴比食品,18.5600000000,18.8000000000,14525287.0000000000,7812.0000000000,-0.0128000000,0.1452528700,东方财富沪深京A股延迟行情直连,2026-08-25
605118,力鼎光电,28.2200000000,28.5900000000,14521461.0000000000,5174.0000000000,-0.0129000000,0.1452146100,东方财富沪深京A股延迟行情直连,2026-08-25
000668,荣丰控股,21.9100000000,22.0300000000,14511196.0000000000,6663.0000000000,-0.0054000000,0.1451119600,东方财富沪深京A股延迟行情直连,2026-08-25
601369,陕鼓动力,8.7500000000,8.7400000000,14506664.0000000000,16625.0000000000,0.0011000000,0.1450666400,东方财富沪深京A股延迟行情直连,2026-08-25
300370,安控科技,2.2000000000,2.1600000000,14501906.4000000004,66381.0000000000,0.0185000000,0.1450190640,东方财富沪深京A股延迟行情直连,2026-08-25
600167,联美控股,5.6800000000,5.6200000000,14495885.0000000000,25599.0000000000,0.0107000000,0.1449588500,东方财富沪深京A股延迟行情直连,2026-08-25
600149,廊坊发展,4.9500000000,4.8700000000,14490155.0000000000,29598.0000000000,0.0164000000,0.1449015500,东方财富沪深京A股延迟行情直连,2026-08-25
300013,新宁物流,4.0500000000,3.9800000000,14480263.0000000000,36082.0000000000,0.0176000000,0.1448026300,东方财富沪深京A股延迟行情直连,2026-08-25
001393,维通利,41.1200000000,41.1600000000,14478591.1199999992,3551.0000000000,-0.0010000000,0.1447859112,东方财富沪深京A股延迟行情直连,2026-08-25
605011,杭州热电,16.5900000000,16.4900000000,14478418.0000000000,8773.0000000000,0.0061000000,0.1447841800,东方财富沪深京A股延迟行情直连,2026-08-25
603615,茶花股份,16.4000000000,16.4200000000,14471399.0000000000,8880.0000000000,-0.0012000000,0.1447139900,东方财富沪深京A股延迟行情直连,2026-08-25
002393,力生制药,13.9900000000,13.8200000000,14466684.4000000004,10380.0000000000,0.0123000000,0.1446668440,东方财富沪深京A股延迟行情直连,2026-08-25
601107,四川成渝,5.6200000000,5.5700000000,14465881.0000000000,25850.0000000000,0.0090000000,0.1446588100,东方财富沪深京A股延迟行情直连,2026-08-25
300733,西菱动力,13.3600000000,13.4700000000,14459518.4000000004,10887.0000000000,-0.0082000000,0.1445951840,东方财富沪深京A股延迟行情直连,2026-08-25
603356,华菱精工,16.7500000000,16.6000000000,14453376.0000000000,8750.0000000000,0.0090000000,0.1445337600,东方财富沪深京A股延迟行情直连,2026-08-25
000665,湖北广电,3.8400000000,3.8100000000,14425787.0000000000,37762.0000000000,0.0079000000,0.1442578700,东方财富沪深京A股延迟行情直连,2026-08-25
600501,航天晨光,13.8200000000,13.7400000000,14415309.0000000000,10527.0000000000,0.0058000000,0.1441530900,东方财富沪深京A股延迟行情直连,2026-08-25
920107,恒兴股份,20.8700000000,20.7000000000,14401827.8599999994,6844.0000000000,0.0082000000,0.1440182786,东方财富沪深京A股延迟行情直连,2026-08-25
301040,中环海陆,27.1100000000,27.2800000000,14383967.0000000000,5320.0000000000,-0.0062000000,0.1438396700,东方财富沪深京A股延迟行情直连,2026-08-25
000705,浙江震元,7.0800000000,6.9300000000,14376545.0000000000,20531.0000000000,0.0216000000,0.1437654500,东方财富沪深京A股延迟行情直连,2026-08-25
688130,晶华微,23.2500000000,23.4600000000,14375962.0000000000,6215.0000000000,-0.0090000000,0.1437596200,东方财富沪深京A股延迟行情直连,2026-08-25
301262,海看股份,18.1900000000,18.0400000000,14371931.4499999993,7949.0000000000,0.0083000000,0.1437193145,东方财富沪深京A股延迟行情直连,2026-08-25
301198,喜悦智行,12.4800000000,12.3600000000,14358725.0000000000,11632.0000000000,0.0097000000,0.1435872500,东方财富沪深京A股延迟行情直连,2026-08-25
002286,保龄宝,7.9000000000,7.7700000000,14355300.4100000001,18275.0000000000,0.0167000000,0.1435530041,东方财富沪深京A股延迟行情直连,2026-08-25
000890,法尔胜,7.0900000000,7.0400000000,14329118.0000000000,20420.0000000000,0.0071000000,0.1432911800,东方财富沪深京A股延迟行情直连,2026-08-25
920576,天力复合,38.6800000000,38.8000000000,14323977.5000000000,3697.0000000000,-0.0031000000,0.1432397750,东方财富沪深京A股延迟行情直连,2026-08-25
301279,金道科技,21.3200000000,20.9200000000,14317713.6600000001,6818.0000000000,0.0191000000,0.1431771366,东方财富沪深京A股延迟行情直连,2026-08-25
688377,迪威尔,18.7700000000,18.8600000000,14304714.0000000000,7666.0000000000,-0.0048000000,0.1430471400,东方财富沪深京A股延迟行情直连,2026-08-25
002010,传化智联,4.6600000000,4.6400000000,14303016.0000000000,30726.0000000000,0.0043000000,0.1430301600,东方财富沪深京A股延迟行情直连,2026-08-25
002232,启明信息,14.2800000000,13.9800000000,14302807.0000000000,10197.0000000000,0.0215000000,0.1430280700,东方财富沪深京A股延迟行情直连,2026-08-25
688101,三达膜,14.4800000000,14.5100000000,14293694.0000000000,9916.0000000000,-0.0021000000,0.1429369400,东方财富沪深京A股延迟行情直连,2026-08-25
600020,中原高速,3.8000000000,3.7900000000,14289932.0000000000,37581.0000000000,0.0026000000,0.1428993200,东方财富沪深京A股延迟行情直连,2026-08-25
603798,康普顿,12.8600000000,12.5700000000,14284210.0000000000,11263.0000000000,0.0231000000,0.1428421000,东方财富沪深京A股延迟行情直连,2026-08-25
301456,盘古智能,23.1400000000,22.8200000000,14283935.0000000000,6213.0000000000,0.0140000000,0.1428393500,东方财富沪深京A股延迟行情直连,2026-08-25
300966,共同药业,24.4200000000,24.3100000000,14261929.5199999996,5898.0000000000,0.0045000000,0.1426192952,东方财富沪深京A股延迟行情直连,2026-08-25
920021,流金科技,6.5500000000,6.4500000000,14248058.3399999999,21799.0000000000,0.0155000000,0.1424805834,东方财富沪深京A股延迟行情直连,2026-08-25
301028,鼎熔岩,12.8000000000,12.7400000000,14233283.4000000004,11278.0000000000,0.0047000000,0.1423328340,东方财富沪深京A股延迟行情直连,2026-08-25
300355,蒙草生态,2.9300000000,2.8900000000,14228586.4000000004,48941.0000000000,0.0138000000,0.1422858640,东方财富沪深京A股延迟行情直连,2026-08-25
002375,亚厦股份,3.6400000000,3.5800000000,14223942.0000000000,39520.0000000000,0.0168000000,0.1422394200,东方财富沪深京A股延迟行情直连,2026-08-25
301126,达嘉维康,10.1600000000,10.0000000000,14209037.0000000000,14160.0000000000,0.0160000000,0.1420903700,东方财富沪深京A股延迟行情直连,2026-08-25
002356,鹏飞绿能,2.7400000000,2.7100000000,14208536.0000000000,51994.0000000000,0.0111000000,0.1420853600,东方财富沪深京A股延迟行情直连,2026-08-25
300931,通用电梯,14.9300000000,14.9300000000,14208309.7599999998,9621.0000000000,0.0000000000,0.1420830976,东方财富沪深京A股延迟行情直连,2026-08-25
002395,双象股份,12.1100000000,12.2000000000,14207761.0000000000,11935.0000000000,-0.0074000000,0.1420776100,东方财富沪深京A股延迟行情直连,2026-08-25
601026,道生天合,15.4400000000,15.4800000000,14204973.0000000000,9269.0000000000,-0.0026000000,0.1420497300,东方财富沪深京A股延迟行情直连,2026-08-25
605500,森林包装,7.0900000000,6.9200000000,14198009.0000000000,20204.0000000000,0.0246000000,0.1419800900,东方财富沪深京A股延迟行情直连,2026-08-25
600207,安彩高科,4.3400000000,4.3100000000,14172698.0000000000,32857.0000000000,0.0070000000,0.1417269800,东方财富沪深京A股延迟行情直连,2026-08-25
603777,来伊份,13.2600000000,13.2200000000,14157810.0000000000,10835.0000000000,0.0030000000,0.1415781000,东方财富沪深京A股延迟行情直连,2026-08-25
000953,中哲精化,6.2400000000,6.1600000000,14156164.0000000000,22748.0000000000,0.0130000000,0.1415616400,东方财富沪深京A股延迟行情直连,2026-08-25
301567,贝隆精密,36.0400000000,35.2300000000,14142841.5600000005,4001.0000000000,0.0230000000,0.1414284156,东方财富沪深京A股延迟行情直连,2026-08-25
300281,金明精机,6.3200000000,6.3900000000,14139038.0000000000,22487.0000000000,-0.0110000000,0.1413903800,东方财富沪深京A股延迟行情直连,2026-08-25
603216,梦天家居,20.4100000000,20.5500000000,14134621.0000000000,6953.0000000000,-0.0068000000,0.1413462100,东方财富沪深京A股延迟行情直连,2026-08-25
600880,博瑞传播,3.8200000000,3.7800000000,14131323.0000000000,37203.0000000000,0.0106000000,0.1413132300,东方财富沪深京A股延迟行情直连,2026-08-25
600051,宁波联合,6.2600000000,6.2700000000,14123900.0000000000,22670.0000000000,-0.0016000000,0.1412390000,东方财富沪深京A股延迟行情直连,2026-08-25
300654,世纪天鸿,9.8100000000,9.7700000000,14107407.0000000000,14492.0000000000,0.0041000000,0.1410740700,东方财富沪深京A股延迟行情直连,2026-08-25
601900,南方传媒,11.8200000000,11.7700000000,14088981.0000000000,11920.0000000000,0.0042000000,0.1408898100,东方财富沪深京A股延迟行情直连,2026-08-25
301032,新柴股份,10.1000000000,9.9200000000,14068535.0000000000,14133.0000000000,0.0181000000,0.1406853500,东方财富沪深京A股延迟行情直连,2026-08-25
001217,华尔泰,10.0700000000,9.9600000000,14056821.0000000000,14046.0000000000,0.0110000000,0.1405682100,东方财富沪深京A股延迟行情直连,2026-08-25
000761,本钢板材,2.3700000000,2.3200000000,14056626.0000000000,59634.0000000000,0.0216000000,0.1405662600,东方财富沪深京A股延迟行情直连,2026-08-25
603866,桃李面包,4.2600000000,4.1700000000,14050944.0000000000,33249.0000000000,0.0216000000,0.1405094400,东方财富沪深京A股延迟行情直连,2026-08-25
600303,曙光股份,2.8600000000,2.8300000000,14050850.0000000000,49422.0000000000,0.0106000000,0.1405085000,东方财富沪深京A股延迟行情直连,2026-08-25
603717,天域生物,6.3900000000,6.3100000000,14050736.0000000000,22169.0000000000,0.0127000000,0.1405073600,东方财富沪深京A股延迟行情直连,2026-08-25
000028,国药一致,19.7200000000,19.5900000000,14049707.4000000004,7139.0000000000,0.0066000000,0.1404970740,东方财富沪深京A股延迟行情直连,2026-08-25
688280,精进电动-W,5.3700000000,5.3600000000,14044563.0000000000,26406.0000000000,0.0019000000,0.1404456300,东方财富沪深京A股延迟行情直连,2026-08-25
002314,南山控股,2.1500000000,2.1000000000,14023117.0000000000,65921.0000000000,0.0238000000,0.1402311700,东方财富沪深京A股延迟行情直连,2026-08-25
603159,上海亚虹,21.6900000000,21.9900000000,14011511.0000000000,6484.0000000000,-0.0136000000,0.1401151100,东方财富沪深京A股延迟行情直连,2026-08-25
603151,邦基科技,15.5100000000,15.7500000000,14002692.0000000000,8939.0000000000,-0.0152000000,0.1400269200,东方财富沪深京A股延迟行情直连,2026-08-25
603520,司太立,8.7600000000,8.6900000000,13959026.0000000000,16074.0000000000,0.0081000000,0.1395902600,东方财富沪深京A股延迟行情直连,2026-08-25
920953,国子软件,22.1800000000,21.5300000000,13934112.0299999993,6342.0000000000,0.0302000000,0.1393411203,东方财富沪深京A股延迟行情直连,2026-08-25
300217,东方电热,4.2700000000,4.2300000000,13925246.0000000000,32826.0000000000,0.0095000000,0.1392524600,东方财富沪深京A股延迟行情直连,2026-08-25
300500,启迪设计,9.4700000000,9.4400000000,13983441.0000000000,14931.0000000000,0.0032000000,0.1398344100,东方财富沪深京A股延迟行情直连,2026-08-25
000553,安道麦A,5.5100000000,5.4600000000,13981540.0000000000,25409.0000000000,0.0092000000,0.1398154000,东方财富沪深京A股延迟行情直连,2026-08-25
002833,弘亚数控,17.9200000000,17.6900000000,13958129.9000000004,7869.0000000000,0.0130000000,0.1395812990,东方财富沪深京A股延迟行情直连,2026-08-25
300225,金力泰,7.0900000000,7.1300000000,13953081.0000000000,19817.0000000000,-0.0056000000,0.1395308100,东方财富沪深京A股延迟行情直连,2026-08-25
002892,科力尔,9.0500000000,8.9100000000,13946945.1799999997,15556.0000000000,0.0157000000,0.1394694518,东方财富沪深京A股延迟行情直连,2026-08-25
603711,香飘飘,11.4900000000,11.4300000000,13945167.0000000000,12213.0000000000,0.0052000000,0.1394516700,东方财富沪深京A股延迟行情直连,2026-08-25
600713,南京医药,5.2000000000,5.1600000000,13944822.0000000000,26876.0000000000,0.0078000000,0.1394482200,东方财富沪深京A股延迟行情直连,2026-08-25
688349,三一重能,13.8600000000,13.8400000000,13941426.0000000000,10056.0000000000,0.0014000000,0.1394142600,东方财富沪深京A股延迟行情直连,2026-08-25
001386,马可波罗,15.3100000000,15.1800000000,13934760.7599999998,9096.0000000000,0.0086000000,0.1393476076,东方财富沪深京A股延迟行情直连,2026-08-25
002609,捷顺科技,7.6900000000,7.5600000000,13930922.0000000000,18333.0000000000,0.0172000000,0.1393092200,东方财富沪深京A股延迟行情直连,2026-08-25
600526,菲达环保,4.7100000000,4.7200000000,13916990.0000000000,29590.0000000000,-0.0021000000,0.1391699000,东方财富沪深京A股延迟行情直连,2026-08-25
600269,赣粤高速,3.7900000000,3.7800000000,13910170.0000000000,36618.0000000000,0.0026000000,0.1391017000,东方财富沪深京A股延迟行情直连,2026-08-25
601113,华鼎股份,3.4300000000,3.3700000000,13899261.0000000000,40786.0000000000,0.0178000000,0.1389926100,东方财富沪深京A股延迟行情直连,2026-08-25
300056,中创环保,8.4700000000,8.4500000000,13893466.6699999999,16405.0000000000,0.0024000000,0.1389346667,东方财富沪深京A股延迟行情直连,2026-08-25
002159,三特索道,13.4300000000,13.2300000000,13892097.0000000000,10370.0000000000,0.0151000000,0.1389209700,东方财富沪深京A股延迟行情直连,2026-08-25
603829,洛凯股份,15.1600000000,14.9900000000,13891416.0000000000,9254.0000000000,0.0113000000,0.1389141600,东方财富沪深京A股延迟行情直连,2026-08-25
688739,成大生物,20.7000000000,20.5600000000,13878993.0000000000,6713.0000000000,0.0068000000,0.1387899300,东方财富沪深京A股延迟行情直连,2026-08-25
920015,锦华新材,39.2500000000,39.4900000000,13868848.7699999996,3535.0000000000,-0.0061000000,0.1386884877,东方财富沪深京A股延迟行情直连,2026-08-25
300272,开能健康,5.8000000000,5.7300000000,13860164.0000000000,24025.0000000000,0.0122000000,0.1386016400,东方财富沪深京A股延迟行情直连,2026-08-25
000012,南  玻Ａ,3.7100000000,3.7000000000,13859126.0000000000,37344.0000000000,0.0027000000,0.1385912600,东方财富沪深京A股延迟行情直连,2026-08-25
300140,节能环境,5.4000000000,5.4000000000,13851043.0000000000,25680.0000000000,0.0000000000,0.1385104300,东方财富沪深京A股延迟行情直连,2026-08-25
301157,华塑科技,59.3900000000,59.8100000000,13847353.0000000000,2348.0000000000,-0.0070000000,0.1384735300,东方财富沪深京A股延迟行情直连,2026-08-25
300514,友讯达,10.0000000000,9.9000000000,13843938.0000000000,13895.0000000000,0.0101000000,0.1384393800,东方财富沪深京A股延迟行情直连,2026-08-25
301186,超达装备,33.1100000000,33.5600000000,13843870.9199999999,4207.0000000000,-0.0134000000,0.1384387092,东方财富沪深京A股延迟行情直连,2026-08-25
000561,烽火电子,7.5800000000,7.5100000000,13843238.0000000000,18389.0000000000,0.0093000000,0.1384323800,东方财富沪深京A股延迟行情直连,2026-08-25
688607,康众医疗,40.3400000000,41.2600000000,13830500.0000000000,3442.0000000000,-0.0223000000,0.1383050000,东方财富沪深京A股延迟行情直连,2026-08-25
300266,兴源环境,1.8500000000,1.8400000000,13828950.1300000008,75527.0000000000,0.0054000000,0.1382895013,东方财富沪深京A股延迟行情直连,2026-08-25
688071,华依科技,31.8300000000,32.1500000000,13826719.0000000000,4364.0000000000,-0.0100000000,0.1382671900,东方财富沪深京A股延迟行情直连,2026-08-25
600573,惠泉啤酒,9.8800000000,9.7600000000,13825992.0000000000,14072.0000000000,0.0123000000,0.1382599200,东方财富沪深京A股延迟行情直连,2026-08-25
002166,莱茵生物,6.6700000000,6.6000000000,13821878.0000000000,20819.0000000000,0.0106000000,0.1382187800,东方财富沪深京A股延迟行情直连,2026-08-25
603583,捷昌驱动,23.1400000000,22.8300000000,13821137.0000000000,6015.0000000000,0.0136000000,0.1382113700,东方财富沪深京A股延迟行情直连,2026-08-25
001319,铭科精技,19.5700000000,19.5000000000,13815069.0000000000,7124.0000000000,0.0036000000,0.1381506900,东方财富沪深京A股延迟行情直连,2026-08-25
603528,多伦科技,6.3000000000,6.1600000000,13800240.0000000000,22189.0000000000,0.0227000000,0.1380024000,东方财富沪深京A股延迟行情直连,2026-08-25
002935,天奥电子,15.4800000000,15.4200000000,13794925.4000000004,8993.0000000000,0.0039000000,0.1379492540,东方财富沪深京A股延迟行情直连,2026-08-25
001382,新亚电缆,16.6500000000,16.7300000000,13785448.5999999996,8353.0000000000,-0.0048000000,0.1378544860,东方财富沪深京A股延迟行情直连,2026-08-25
001288,运机集团,25.9000000000,26.0100000000,13777967.0800000001,5311.0000000000,-0.0042000000,0.1377796708,东方财富沪深京A股延迟行情直连,2026-08-25
603899,晨光股份,22.6400000000,22.4600000000,13767031.0000000000,6089.0000000000,0.0080000000,0.1376703100,东方财富沪深京A股延迟行情直连,2026-08-25
603607,京华激光,21.2200000000,21.4300000000,13765996.0000000000,6512.0000000000,-0.0098000000,0.1376599600,东方财富沪深京A股延迟行情直连,2026-08-25
301110,青木科技,33.9200000000,33.6500000000,13757360.4000000004,4110.0000000000,0.0080000000,0.1375736040,东方财富沪深京A股延迟行情直连,2026-08-25
002956,西麦食品,16.6800000000,16.7000000000,13703851.1999999993,8249.0000000000,-0.0012000000,0.1370385120,东方财富沪深京A股延迟行情直连,2026-08-25
688399,硕世生物,27.9300000000,27.8500000000,13697915.0000000000,4946.0000000000,0.0029000000,0.1369791500,东方财富沪深京A股延迟行情直连,2026-08-25
001388,信通电子,20.9800000000,20.9500000000,13692437.0000000000,6571.0000000000,0.0014000000,0.1369243700,东方财富沪深京A股延迟行情直连,2026-08-25
003030,祖名股份,21.7500000000,21.8000000000,13692434.0000000000,6312.0000000000,-0.0023000000,0.1369243400,东方财富沪深京A股延迟行情直连,2026-08-25
301590,优优绿能,71.6700000000,71.6000000000,13688285.5999999996,1926.0000000000,0.0010000000,0.1368828560,东方财富沪深京A股延迟行情直连,2026-08-25
300080,易成新能,3.7600000000,3.7500000000,13679370.4399999995,36525.0000000000,0.0027000000,0.1367937044,东方财富沪深京A股延迟行情直连,2026-08-25
603329,上海雅仕,10.5100000000,10.4400000000,13666979.0000000000,13036.0000000000,0.0067000000,0.1366697900,东方财富沪深京A股延迟行情直连,2026-08-25
002419,天虹股份,4.6800000000,4.6100000000,13659492.0000000000,29343.0000000000,0.0152000000,0.1365949200,东方财富沪深京A股延迟行情直连,2026-08-25
601200,上海环境,7.0000000000,6.9300000000,13656193.0000000000,19569.0000000000,0.0101000000,0.1365619300,东方财富沪深京A股延迟行情直连,2026-08-25
002769,普路通,6.9300000000,6.9000000000,13651326.0000000000,19781.0000000000,0.0043000000,0.1365132600,东方财富沪深京A股延迟行情直连,2026-08-25
603375,盛景微,36.8000000000,37.3100000000,13639328.0000000000,3725.0000000000,-0.0137000000,0.1363932800,东方财富沪深京A股延迟行情直连,2026-08-25
601199,江南水务,6.3300000000,6.3900000000,13623611.0000000000,21603.0000000000,-0.0094000000,0.1362361100,东方财富沪深京A股延迟行情直连,2026-08-25
002331,皖通科技,6.9100000000,6.8000000000,13615106.0000000000,19857.0000000000,0.0162000000,0.1361510600,东方财富沪深京A股延迟行情直连,2026-08-25
002162,悦心健康,3.9900000000,3.9200000000,13614693.5000000000,34416.0000000000,0.0179000000,0.1361469350,东方财富沪深京A股延迟行情直连,2026-08-25
300521,爱司凯,23.1800000000,23.3800000000,13613752.0000000000,5898.0000000000,-0.0086000000,0.1361375200,东方财富沪深京A股延迟行情直连,2026-08-25
300334,津膜科技,8.3000000000,8.2900000000,13609610.0000000000,16498.0000000000,0.0012000000,0.1360961000,东方财富沪深京A股延迟行情直连,2026-08-25
688317,之江生物,17.0600000000,17.1700000000,13584110.0000000000,8000.0000000000,-0.0064000000,0.1358411000,东方财富沪深京A股延迟行情直连,2026-08-25
301024,霍普股份,31.8100000000,31.8800000000,13544745.0000000000,4325.0000000000,-0.0022000000,0.1354474500,东方财富沪深京A股延迟行情直连,2026-08-25
000920,沃顿科技,11.2400000000,11.3200000000,13539625.0000000000,12103.0000000000,-0.0071000000,0.1353962500,东方财富沪深京A股延迟行情直连,2026-08-25
002982,湘佳股份,12.5100000000,12.3700000000,13529417.0000000000,10872.0000000000,0.0113000000,0.1352941700,东方财富沪深京A股延迟行情直连,2026-08-25
688683,莱尔科技,29.2500000000,30.0300000000,13523988.0000000000,4616.0000000000,-0.0260000000,0.1352398800,东方财富沪深京A股延迟行情直连,2026-08-25
600790,轻纺城,3.3400000000,3.3400000000,13517169.0000000000,40532.0000000000,0.0000000000,0.1351716900,东方财富沪深京A股延迟行情直连,2026-08-25
002978,安宁股份,25.9400000000,26.0200000000,13515533.0000000000,5201.0000000000,-0.0031000000,0.1351553300,东方财富沪深京A股延迟行情直连,2026-08-25
002676,顺威股份,5.0900000000,5.0500000000,13500467.5000000000,26677.0000000000,0.0079000000,0.1350046750,东方财富沪深京A股延迟行情直连,2026-08-25
605007,五洲特纸,14.8300000000,14.8200000000,13492798.0000000000,9100.0000000000,0.0007000000,0.1349279800,东方财富沪深京A股延迟行情直连,2026-08-25
300989,蕾奥规划,13.9500000000,14.2000000000,13481759.5500000007,9670.0000000000,-0.0176000000,0.1348175955,东方财富沪深京A股延迟行情直连,2026-08-25
603195,公牛集团,40.0300000000,39.8400000000,13468500.0000000000,3369.0000000000,0.0048000000,0.1346850000,东方财富沪深京A股延迟行情直连,2026-08-25
300092,科新机电,11.8500000000,11.8500000000,13460602.0700000003,11450.0000000000,0.0000000000,0.1346060207,东方财富沪深京A股延迟行情直连,2026-08-25
601019,山东出版,7.0300000000,6.9600000000,13457121.0000000000,19185.0000000000,0.0101000000,0.1345712100,东方财富沪深京A股延迟行情直连,2026-08-25
600192,长城电工,6.9800000000,6.9400000000,13441636.0000000000,19463.0000000000,0.0058000000,0.1344163600,东方财富沪深京A股延迟行情直连,2026-08-25
603281,江瀚新材,18.7200000000,18.8800000000,13435009.0000000000,7187.0000000000,-0.0085000000,0.1343500900,东方财富沪深京A股延迟行情直连,2026-08-25
601599,浙文影业,3.0500000000,3.0000000000,13420597.0000000000,44315.0000000000,0.0167000000,0.1342059700,东方财富沪深京A股延迟行情直连,2026-08-25
688299,长阳科技,12.7400000000,12.7300000000,13411517.0000000000,10599.0000000000,0.0008000000,0.1341151700,东方财富沪深京A股延迟行情直连,2026-08-25
300380,安硕信息,28.6400000000,27.9900000000,13409760.0000000000,4755.0000000000,0.0232000000,0.1340976000,东方财富沪深京A股延迟行情直连,2026-08-25
688023,安恒信息,37.4000000000,37.3500000000,13373091.0000000000,3589.0000000000,0.0013000000,0.1337309100,东方财富沪深京A股延迟行情直连,2026-08-25
600729,重百集团,19.2900000000,19.1000000000,13363696.0000000000,6945.0000000000,0.0099000000,0.1336369600,东方财富沪深京A股延迟行情直连,2026-08-25
603915,国茂股份,13.0500000000,12.9400000000,13362773.0000000000,10330.0000000000,0.0085000000,0.1336277300,东方财富沪深京A股延迟行情直连,2026-08-25
300605,恒锋信息,10.1000000000,10.0200000000,13316337.0000000000,13310.0000000000,0.0080000000,0.1331633700,东方财富沪深京A股延迟行情直连,2026-08-25
300848,美瑞新材,12.5900000000,12.3700000000,13294401.0000000000,10635.0000000000,0.0178000000,0.1329440100,东方财富沪深京A股延迟行情直连,2026-08-25
002111,威海广泰,9.4300000000,9.4400000000,13248532.0000000000,14089.0000000000,-0.0011000000,0.1324853200,东方财富沪深京A股延迟行情直连,2026-08-25
688219,会通股份,10.3500000000,10.2500000000,13235045.0000000000,12850.0000000000,0.0098000000,0.1323504500,东方财富沪深京A股延迟行情直连,2026-08-25
300501,海顺新材,9.8300000000,9.6500000000,13226594.8800000008,13605.0000000000,0.0187000000,0.1322659488,东方财富沪深京A股延迟行情直连,2026-08-25
920593,鼎智科技,23.8000000000,23.4400000000,13224539.3200000003,5575.0000000000,0.0154000000,0.1322453932,东方财富沪深京A股延迟行情直连,2026-08-25
688793,倍轻松,19.9800000000,20.1500000000,13203684.0000000000,6549.0000000000,-0.0084000000,0.1320368400,东方财富沪深京A股延迟行情直连,2026-08-25
600810,神马股份,6.3300000000,6.2900000000,13199533.0000000000,20905.0000000000,0.0064000000,0.1319953300,东方财富沪深京A股延迟行情直连,2026-08-25
688178,万德斯,27.6400000000,27.9700000000,12756361.0000000000,4642.0000000000,-0.0118000000,0.1275636100,东方财富沪深京A股延迟行情直连,2026-08-25
688393,安必平,19.9100000000,19.5800000000,12734700.0000000000,6437.0000000000,0.0169000000,0.1273470000,东方财富沪深京A股延迟行情直连,2026-08-25
002053,云南能投,9.2300000000,9.1600000000,12733800.0000000000,13842.0000000000,0.0076000000,0.1273380000,东方财富沪深京A股延迟行情直连,2026-08-25
300881,盛德鑫泰,30.8500000000,30.9500000000,12728252.7100000009,4141.0000000000,-0.0032000000,0.1272825271,东方财富沪深京A股延迟行情直连,2026-08-25
300200,高盟新材,8.3500000000,8.4400000000,12720520.0000000000,15288.0000000000,-0.0107000000,0.1272052000,东方财富沪深京A股延迟行情直连,2026-08-25
600505,西昌电力,10.5200000000,10.4500000000,12713165.0000000000,12151.0000000000,0.0067000000,0.1271316500,东方财富沪深京A股延迟行情直连,2026-08-25
002476,新叶股份,5.0900000000,5.0500000000,12708083.0000000000,25128.0000000000,0.0079000000,0.1270808300,东方财富沪深京A股延迟行情直连,2026-08-25
002406,远东传动,6.6200000000,6.5900000000,12702537.2300000004,19302.0000000000,0.0046000000,0.1270253723,东方财富沪深京A股延迟行情直连,2026-08-25
300019,硅宝科技,14.0100000000,14.0500000000,12695617.9000000004,9111.0000000000,-0.0028000000,0.1269561790,东方财富沪深京A股延迟行情直连,2026-08-25
002996,顺博合金,6.3000000000,6.3000000000,12689567.0000000000,20180.0000000000,0.0000000000,0.1268956700,东方财富沪深京A股延迟行情直连,2026-08-25
603527,众源新材,10.0100000000,9.9600000000,12683350.0000000000,12736.0000000000,0.0050000000,0.1268335000,东方财富沪深京A股延迟行情直连,2026-08-25
000011,深物业A,8.0500000000,7.9700000000,12680747.0000000000,15828.0000000000,0.0100000000,0.1268074700,东方财富沪深京A股延迟行情直连,2026-08-25
300250,初灵信息,14.7500000000,14.7700000000,12676134.0000000000,8653.0000000000,-0.0014000000,0.1267613400,东方财富沪深京A股延迟行情直连,2026-08-25
603183,建研院,4.6800000000,4.6600000000,12674465.0000000000,27484.0000000000,0.0043000000,0.1267446500,东方财富沪深京A股延迟行情直连,2026-08-25
001318,阳光乳业,11.1200000000,10.9300000000,12642436.0800000001,11428.0000000000,0.0174000000,0.1264243608,东方财富沪深京A股延迟行情直连,2026-08-25
300172,中电环保,4.6100000000,4.5700000000,12636802.4000000004,27554.0000000000,0.0088000000,0.1263680240,东方财富沪深京A股延迟行情直连,2026-08-25
300612,宣亚国际,11.6000000000,11.5600000000,12635686.5199999996,10993.0000000000,0.0035000000,0.1263568652,东方财富沪深京A股延迟行情直连,2026-08-25
002076,星光股份,2.0700000000,2.0600000000,12634491.0000000000,61397.0000000000,0.0049000000,0.1263449100,东方财富沪深京A股延迟行情直连,2026-08-25
600322,津投城开,2.6300000000,2.5900000000,12616097.0000000000,48405.0000000000,0.0154000000,0.1261609700,东方财富沪深京A股延迟行情直连,2026-08-25
600067,冠城新材,2.8100000000,2.7600000000,12610173.0000000000,45323.0000000000,0.0181000000,0.1261017300,东方财富沪深京A股延迟行情直连,2026-08-25
688500,慧辰股份,35.6000000000,35.7200000000,12608451.0000000000,3553.0000000000,-0.0034000000,0.1260845100,东方财富沪深京A股延迟行情直连,2026-08-25
003039,顺控发展,11.9200000000,11.8600000000,12588622.0000000000,10542.0000000000,0.0051000000,0.1258862200,东方财富沪深京A股延迟行情直连,2026-08-25
300306,远方信息,10.2900000000,10.0600000000,12570237.0000000000,12295.0000000000,0.0229000000,0.1257023700,东方财富沪深京A股延迟行情直连,2026-08-25
601965,中国汽研,14.0000000000,13.9000000000,12560666.0000000000,9003.0000000000,0.0072000000,0.1256066600,东方财富沪深京A股延迟行情直连,2026-08-25
688619,罗普特,14.3200000000,14.4100000000,12552481.0000000000,8850.0000000000,-0.0062000000,0.1255248100,东方财富沪深京A股延迟行情直连,2026-08-25
920079,乔路铭,13.8400000000,14.0100000000,12551840.7799999993,9068.0000000000,-0.0121000000,0.1255184078,东方财富沪深京A股延迟行情直连,2026-08-25
002178,延华智能,4.5300000000,4.4800000000,12544426.0000000000,27929.0000000000,0.0112000000,0.1254442600,东方财富沪深京A股延迟行情直连,2026-08-25
000926,福星股份,2.2000000000,2.1700000000,12537305.0000000000,57183.0000000000,0.0138000000,0.1253730500,东方财富沪深京A股延迟行情直连,2026-08-25
603636,南威软件,6.8400000000,6.7800000000,12526610.0000000000,18511.0000000000,0.0088000000,0.1252661000,东方财富沪深京A股延迟行情直连,2026-08-25
002817,黄山胶囊,6.6200000000,6.5400000000,12522915.0600000005,19053.0000000000,0.0122000000,0.1252291506,东方财富沪深京A股延迟行情直连,2026-08-25
001369,双欣材料,12.3600000000,12.3000000000,12514306.9100000001,10151.0000000000,0.0049000000,0.1251430691,东方财富沪深京A股延迟行情直连,2026-08-25
688061,灿瑞科技,35.2800000000,35.9600000000,12511825.0000000000,3574.0000000000,-0.0189000000,0.1251182500,东方财富沪深京A股延迟行情直连,2026-08-25
002022,科华生物,5.6000000000,5.5300000000,12494184.0000000000,22559.0000000000,0.0127000000,0.1249418400,东方财富沪深京A股延迟行情直连,2026-08-25
600569,安阳钢铁,1.7800000000,1.7600000000,12481631.0000000000,70335.0000000000,0.0114000000,0.1248163100,东方财富沪深京A股延迟行情直连,2026-08-25
002275,桂林三金,12.5800000000,12.5700000000,12478812.7599999998,9972.0000000000,0.0008000000,0.1247881276,东方财富沪深京A股延迟行情直连,2026-08-25
002362,汉王科技,15.7500000000,15.6600000000,12451401.0000000000,7989.0000000000,0.0057000000,0.1245140100,东方财富沪深京A股延迟行情直连,2026-08-25
000993,闽东电力,9.7800000000,9.7500000000,12449850.1400000006,12813.0000000000,0.0031000000,0.1244985014,东方财富沪深京A股延迟行情直连,2026-08-25
600777,新潮能源,4.0500000000,4.0300000000,12444804.0000000000,30789.0000000000,0.0050000000,0.1244480400,东方财富沪深京A股延迟行情直连,2026-08-25
603227,雪峰科技,7.6700000000,7.6500000000,12440933.0000000000,16229.0000000000,0.0026000000,0.1244093300,东方财富沪深京A股延迟行情直连,2026-08-25
001222,源飞宠物,14.3600000000,14.2300000000,12423371.0000000000,8690.0000000000,0.0091000000,0.1242337100,东方财富沪深京A股延迟行情直连,2026-08-25
603334,丰倍生物,31.4100000000,31.2200000000,12407808.0000000000,3954.0000000000,0.0061000000,0.1240780800,东方财富沪深京A股延迟行情直连,2026-08-25
301136,招标股份,11.3200000000,11.1700000000,12405382.0000000000,11069.0000000000,0.0134000000,0.1240538200,东方财富沪深京A股延迟行情直连,2026-08-25
002069,獐子岛,3.5200000000,3.4900000000,12387646.4800000004,35203.0000000000,0.0086000000,0.1238764648,东方财富沪深京A股延迟行情直连,2026-08-25
603023,威帝股份,4.0500000000,3.9800000000,12379581.0000000000,30955.0000000000,0.0176000000,0.1237958100,东方财富沪深京A股延迟行情直连,2026-08-25
003041,真爱美家,38.3800000000,38.4600000000,12371150.0000000000,3241.0000000000,-0.0021000000,0.1237115000,东方财富沪深京A股延迟行情直连,2026-08-25
300830,金现代,7.9700000000,7.9600000000,12371100.0000000000,15632.0000000000,0.0013000000,0.1237110000,东方财富沪深京A股延迟行情直连,2026-08-25
301113,雅艺科技,16.8800000000,16.4500000000,12325473.2599999998,7392.0000000000,0.0261000000,0.1232547326,东方财富沪深京A股延迟行情直连,2026-08-25
000885,城发环境,12.0700000000,12.1000000000,12323733.1199999992,10191.0000000000,-0.0025000000,0.1232373312,东方财富沪深京A股延迟行情直连,2026-08-25
300805,电声股份,7.8100000000,7.7000000000,12312348.0000000000,15920.0000000000,0.0143000000,0.1231234800,东方财富沪深京A股延迟行情直连,2026-08-25
000036,华联控股,4.0200000000,4.0000000000,12288903.0000000000,30711.0000000000,0.0050000000,0.1228890300,东方财富沪深京A股延迟行情直连,2026-08-25
605009,豪悦护理,24.4700000000,24.4100000000,12287684.0000000000,5003.0000000000,0.0025000000,0.1228768400,东方财富沪深京A股延迟行情直连,2026-08-25
603035,常熟汽饰,11.1100000000,11.0300000000,12284385.0000000000,11066.0000000000,0.0073000000,0.1228438500,东方财富沪深京A股延迟行情直连,2026-08-25
600969,郴电国际,8.6400000000,8.5600000000,12281655.0000000000,14268.0000000000,0.0093000000,0.1228165500,东方财富沪深京A股延迟行情直连,2026-08-25
000985,大庆华科,15.9000000000,15.7100000000,12277267.0000000000,7781.0000000000,0.0121000000,0.1227726700,东方财富沪深京A股延迟行情直连,2026-08-25
300261,雅本化学,4.9400000000,4.8700000000,12239053.0000000000,24964.0000000000,0.0144000000,0.1223905300,东方财富沪深京A股延迟行情直连,2026-08-25
002846,英联股份,10.4800000000,10.4900000000,12231105.9000000004,11680.0000000000,-0.0010000000,0.1223110590,东方财富沪深京A股延迟行情直连,2026-08-25
301555,惠柏新材,30.5500000000,30.4600000000,12222697.0000000000,4032.0000000000,0.0030000000,0.1222269700,东方财富沪深京A股延迟行情直连,2026-08-25
300703,创源股份,13.4300000000,13.2000000000,12208899.0000000000,9192.0000000000,0.0174000000,0.1220889900,东方财富沪深京A股延迟行情直连,2026-08-25
002658,雪迪龙,7.2300000000,7.2000000000,12203447.0000000000,17044.0000000000,0.0042000000,0.1220344700,东方财富沪深京A股延迟行情直连,2026-08-25
002516,旷达科技,5.2400000000,5.2300000000,12178982.4399999995,23242.0000000000,0.0019000000,0.1217898244,东方财富沪深京A股延迟行情直连,2026-08-25
300240,飞力达,6.1100000000,6.0500000000,12156166.0000000000,20045.0000000000,0.0099000000,0.1215616600,东方财富沪深京A股延迟行情直连,2026-08-25
603817,海峡环保,5.7100000000,5.6600000000,12140815.0000000000,21381.0000000000,0.0088000000,0.1214081500,东方财富沪深京A股延迟行情直连,2026-08-25
300569,天能重工,4.6100000000,4.5600000000,12117064.4399999995,26463.0000000000,0.0110000000,0.1211706444,东方财富沪深京A股延迟行情直连,2026-08-25
688517,金冠电气,16.0700000000,15.7200000000,12106536.0000000000,7594.0000000000,0.0223000000,0.1210653600,东方财富沪深京A股延迟行情直连,2026-08-25
002677,浙江美大,6.8800000000,6.6800000000,12043532.0000000000,17836.0000000000,0.0299000000,0.1204353200,东方财富沪深京A股延迟行情直连,2026-08-25
301197,工大科雅,24.8900000000,24.9800000000,11996825.0000000000,4849.0000000000,-0.0036000000,0.1199682500,东方财富沪深京A股延迟行情直连,2026-08-25
603218,日月股份,9.6400000000,9.5800000000,11946132.0000000000,12454.0000000000,0.0063000000,0.1194613200,东方财富沪深京A股延迟行情直连,2026-08-25
688552,航天南湖,25.5000000000,25.8700000000,11943087.0000000000,4670.0000000000,-0.0143000000,0.1194308700,东方财富沪深京A股延迟行情直连,2026-08-25
688171,纬德信息,26.7600000000,26.3600000000,11909999.0000000000,4525.0000000000,0.0152000000,0.1190999900,东方财富沪深京A股延迟行情直连,2026-08-25
002629,仁智股份,4.8100000000,4.7300000000,12367086.0000000000,25960.0000000000,0.0169000000,0.1236708600,东方财富沪深京A股延迟行情直连,2026-08-25
300447,全信股份,13.3400000000,13.2200000000,12339435.0000000000,9307.0000000000,0.0091000000,0.1233943500,东方财富沪深京A股延迟行情直连,2026-08-25
300439,美康生物,9.3600000000,9.2300000000,12335771.0000000000,13279.0000000000,0.0141000000,0.1233577100,东方财富沪深京A股延迟行情直连,2026-08-25
002398,垒知集团,4.1400000000,4.1000000000,12301266.0000000000,29879.0000000000,0.0098000000,0.1230126600,东方财富沪深京A股延迟行情直连,2026-08-25
002823,凯中精密,12.8200000000,12.7200000000,12298504.4399999995,9688.0000000000,0.0079000000,0.1229850444,东方财富沪深京A股延迟行情直连,2026-08-25
600419,天润乳业,8.7200000000,8.6400000000,12287616.0000000000,14106.0000000000,0.0093000000,0.1228761600,东方财富沪深京A股延迟行情直连,2026-08-25
000906,浙商中拓,5.3400000000,5.2800000000,12274148.0399999991,23066.0000000000,0.0114000000,0.1227414804,东方财富沪深京A股延迟行情直连,2026-08-25
300422,博世科,4.1200000000,4.0700000000,12241620.0000000000,30013.0000000000,0.0123000000,0.1224162000,东方财富沪深京A股延迟行情直连,2026-08-25
603937,丽岛新材,11.7000000000,11.7100000000,12210516.0000000000,10475.0000000000,-0.0009000000,0.1221051600,东方财富沪深京A股延迟行情直连,2026-08-25
600661,昂立教育,8.4500000000,8.4900000000,12190505.0000000000,14459.0000000000,-0.0047000000,0.1219050500,东方财富沪深京A股延迟行情直连,2026-08-25
688021,奥福科技,21.0500000000,20.4000000000,12174401.0000000000,5909.0000000000,0.0319000000,0.1217440100,东方财富沪深京A股延迟行情直连,2026-08-25
000868,安凯客车,3.5200000000,3.4700000000,12161217.9000000004,34807.0000000000,0.0144000000,0.1216121790,东方财富沪深京A股延迟行情直连,2026-08-25
301618,长联科技,32.0000000000,32.0500000000,12155338.0000000000,3828.0000000000,-0.0016000000,0.1215533800,东方财富沪深京A股延迟行情直连,2026-08-25
600621,华鑫股份,12.7300000000,12.7000000000,12149890.0000000000,9544.0000000000,0.0024000000,0.1214989000,东方财富沪深京A股延迟行情直连,2026-08-25
301193,家联科技,17.9000000000,17.7200000000,12145469.0000000000,6846.0000000000,0.0102000000,0.1214546900,东方财富沪深京A股延迟行情直连,2026-08-25
000881,中广核技,6.3900000000,6.3500000000,12141792.0000000000,19088.0000000000,0.0063000000,0.1214179200,东方财富沪深京A股延迟行情直连,2026-08-25
603602,纵横通信,11.5400000000,11.4400000000,12099328.0000000000,10578.0000000000,0.0087000000,0.1209932800,东方财富沪深京A股延迟行情直连,2026-08-25
300121,阳谷华泰,9.5700000000,9.5700000000,12093864.0000000000,12730.0000000000,0.0000000000,0.1209386400,东方财富沪深京A股延迟行情直连,2026-08-25
001228,永泰运,29.2100000000,29.1400000000,12083732.0000000000,4140.0000000000,0.0024000000,0.1208373200,东方财富沪深京A股延迟行情直连,2026-08-25
603767,中马传动,14.2900000000,14.1100000000,12080890.0000000000,8564.0000000000,0.0128000000,0.1208089000,东方财富沪深京A股延迟行情直连,2026-08-25
300920,润阳科技,32.6100000000,33.0800000000,12066681.0000000000,3699.0000000000,-0.0142000000,0.1206668100,东方财富沪深京A股延迟行情直连,2026-08-25
002664,信质集团,14.9700000000,14.9200000000,12064383.8800000008,8120.0000000000,0.0034000000,0.1206438388,东方财富沪深京A股延迟行情直连,2026-08-25
603566,普莱柯,10.1200000000,10.2200000000,12056367.0000000000,11925.0000000000,-0.0098000000,0.1205636700,东方财富沪深京A股延迟行情直连,2026-08-25
300645,正元智慧,13.0800000000,12.8300000000,12051239.0000000000,9333.0000000000,0.0195000000,0.1205123900,东方财富沪深京A股延迟行情直连,2026-08-25
605128,上海沿浦,23.0200000000,23.2600000000,12038487.0000000000,5239.0000000000,-0.0103000000,0.1203848700,东方财富沪深京A股延迟行情直连,2026-08-25
000090,天健集团,3.4600000000,3.4200000000,12031466.0000000000,34959.0000000000,0.0117000000,0.1203146600,东方财富沪深京A股延迟行情直连,2026-08-25
600493,凤竹纺织,6.0900000000,6.0300000000,12015925.0000000000,19903.0000000000,0.0100000000,0.1201592500,东方财富沪深京A股延迟行情直连,2026-08-25
300451,创业慧康,3.4300000000,3.4000000000,12004176.0000000000,35255.0000000000,0.0088000000,0.1200417600,东方财富沪深京A股延迟行情直连,2026-08-25
002802,洪汇新材,11.9800000000,11.9500000000,12001405.5600000005,10081.0000000000,0.0025000000,0.1200140556,东方财富沪深京A股延迟行情直连,2026-08-25
605277,新亚电子,14.6600000000,14.5100000000,11994147.0000000000,8274.0000000000,0.0103000000,0.1199414700,东方财富沪深京A股延迟行情直连,2026-08-25
601518,吉林高速,2.7800000000,2.7600000000,11993622.0000000000,43340.0000000000,0.0072000000,0.1199362200,东方财富沪深京A股延迟行情直连,2026-08-25
920694,中裕科技,16.4300000000,16.0300000000,11992119.8599999994,7318.0000000000,0.0250000000,0.1199211986,东方财富沪深京A股延迟行情直连,2026-08-25
001215,千味央厨,31.0600000000,30.9000000000,11986682.0000000000,3898.0000000000,0.0052000000,0.1198668200,东方财富沪深京A股延迟行情直连,2026-08-25
002442,龙星科技,4.9500000000,4.8800000000,11985172.0000000000,24346.0000000000,0.0143000000,0.1198517200,东方财富沪深京A股延迟行情直连,2026-08-25
300583,赛托生物,12.9100000000,12.7200000000,11978474.0000000000,9362.0000000000,0.0149000000,0.1197847400,东方财富沪深京A股延迟行情直连,2026-08-25
603901,永创智能,9.3000000000,9.2500000000,11973056.0000000000,12955.0000000000,0.0054000000,0.1197305600,东方财富沪深京A股延迟行情直连,2026-08-25
300279,和晶科技,5.6000000000,5.5100000000,11968236.0000000000,21639.0000000000,0.0163000000,0.1196823600,东方财富沪深京A股延迟行情直连,2026-08-25
603202,天有为,51.8200000000,51.6200000000,11964414.0000000000,2314.0000000000,0.0039000000,0.1196441400,东方财富沪深京A股延迟行情直连,2026-08-25
603693,江苏新能,11.2500000000,11.1900000000,11953441.0000000000,10675.0000000000,0.0054000000,0.1195344100,东方财富沪深京A股延迟行情直连,2026-08-25
001237,惠康科技,51.7500000000,51.4300000000,11938208.1799999997,2322.0000000000,0.0062000000,0.1193820818,东方财富沪深京A股延迟行情直连,2026-08-25
000819,岳阳兴长,11.8900000000,11.9200000000,11937960.0000000000,10068.0000000000,-0.0025000000,0.1193796000,东方财富沪深京A股延迟行情直连,2026-08-25
002919,名臣健康,17.0700000000,16.9200000000,11919887.0000000000,7056.0000000000,0.0089000000,0.1191988700,东方财富沪深京A股延迟行情直连,2026-08-25
603187,海容冷链,10.9800000000,10.9600000000,11889059.0000000000,10858.0000000000,0.0018000000,0.1188905900,东方财富沪深京A股延迟行情直连,2026-08-25
603043,广州酒家,13.6100000000,13.4600000000,11869879.0000000000,8729.0000000000,0.0111000000,0.1186987900,东方财富沪深京A股延迟行情直连,2026-08-25
301082,久盛电气,9.3400000000,9.3500000000,11857383.6899999995,12798.0000000000,-0.0011000000,0.1185738369,东方财富沪深京A股延迟行情直连,2026-08-25
920634,新威凌,16.4500000000,16.7600000000,11845475.5399999991,7153.0000000000,-0.0185000000,0.1184547554,东方财富沪深京A股延迟行情直连,2026-08-25
688302,海创药业-U,34.3300000000,34.6600000000,11835828.0000000000,3465.0000000000,-0.0095000000,0.1183582800,东方财富沪深京A股延迟行情直连,2026-08-25
605055,迎丰股份,9.7200000000,9.7400000000,11824083.0000000000,12148.0000000000,-0.0021000000,0.1182408300,东方财富沪深京A股延迟行情直连,2026-08-25
300849,锦盛新材,20.0700000000,20.0500000000,11814710.0000000000,5936.0000000000,0.0010000000,0.1181471000,东方财富沪深京A股延迟行情直连,2026-08-25
603611,诺力股份,17.0500000000,16.9400000000,11813617.0000000000,7013.0000000000,0.0065000000,0.1181361700,东方财富沪深京A股延迟行情直连,2026-08-25
300449,汉邦高科,6.9900000000,6.8800000000,11808699.0000000000,17109.0000000000,0.0160000000,0.1180869900,东方财富沪深京A股延迟行情直连,2026-08-25
002688,金河生物,5.1900000000,5.1800000000,11808130.0000000000,22827.0000000000,0.0019000000,0.1180813000,东方财富沪深京A股延迟行情直连,2026-08-25
300894,火星人,10.7900000000,10.8600000000,11807651.0000000000,10978.0000000000,-0.0064000000,0.1180765100,东方财富沪深京A股延迟行情直连,2026-08-25
920640,富士达,24.8700000000,24.5500000000,11800278.0999999996,4751.0000000000,0.0130000000,0.1180027810,东方财富沪深京A股延迟行情直连,2026-08-25
600658,电子城,3.9800000000,3.9000000000,11795514.0000000000,29881.0000000000,0.0205000000,0.1179551400,东方财富沪深京A股延迟行情直连,2026-08-25
600826,兰生股份,7.9100000000,7.8800000000,11785732.0000000000,14903.0000000000,0.0038000000,0.1178573200,东方财富沪深京A股延迟行情直连,2026-08-25
920394,民士达,42.5200000000,42.3000000000,11775904.6699999999,2759.0000000000,0.0052000000,0.1177590467,东方财富沪深京A股延迟行情直连,2026-08-25
603551,奥普科技,9.2300000000,9.2300000000,11774741.0000000000,12903.0000000000,0.0000000000,0.1177474100,东方财富沪深京A股延迟行情直连,2026-08-25
920807,奔朗新材,9.3600000000,9.2200000000,11773428.2899999991,12526.0000000000,0.0152000000,0.1177342829,东方财富沪深京A股延迟行情直连,2026-08-25
600715,文投控股,1.5700000000,1.5500000000,11763842.0000000000,75600.0000000000,0.0129000000,0.1176384200,东方财富沪深京A股延迟行情直连,2026-08-25
301332,德尔玛,7.9500000000,7.7500000000,11741838.0000000000,14923.0000000000,0.0258000000,0.1174183800,东方财富沪深京A股延迟行情直连,2026-08-25
300673,佩蒂股份,12.4200000000,12.6800000000,11721826.0000000000,9391.0000000000,-0.0205000000,0.1172182600,东方财富沪深京A股延迟行情直连,2026-08-25
300611,美力科技,23.2900000000,22.9100000000,11719544.0000000000,5084.0000000000,0.0166000000,0.1171954400,东方财富沪深京A股延迟行情直连,2026-08-25
600814,杭州解百,6.7500000000,6.6500000000,11716063.0000000000,17414.0000000000,0.0150000000,0.1171606300,东方财富沪深京A股延迟行情直连,2026-08-25
300616,尚品宅配,10.6600000000,10.4000000000,11675848.0000000000,11140.0000000000,0.0250000000,0.1167584800,东方财富沪深京A股延迟行情直连,2026-08-25
000404,长虹华意,7.1000000000,7.0500000000,11666799.0999999996,16497.0000000000,0.0071000000,0.1166679910,东方财富沪深京A股延迟行情直连,2026-08-25
300572,安车检测,18.7900000000,18.7300000000,11655977.5999999996,6296.0000000000,0.0032000000,0.1165597760,东方财富沪深京A股延迟行情直连,2026-08-25
301391,卡莱特,45.7900000000,46.0000000000,11654001.0000000000,2559.0000000000,-0.0046000000,0.1165400100,东方财富沪深京A股延迟行情直连,2026-08-25
600035,楚天高速,3.3900000000,3.3700000000,11647101.0000000000,34496.0000000000,0.0059000000,0.1164710100,东方财富沪深京A股延迟行情直连,2026-08-25
301600,慧翰股份,85.1900000000,83.6700000000,11630367.0299999993,1388.0000000000,0.0182000000,0.1163036703,东方财富沪深京A股延迟行情直连,2026-08-25
603987,康德莱,7.4900000000,7.4600000000,11617861.0000000000,15558.0000000000,0.0040000000,0.1161786100,东方财富沪深京A股延迟行情直连,2026-08-25
002692,远程股份,4.2400000000,4.1800000000,11610865.0000000000,27616.0000000000,0.0144000000,0.1161086500,东方财富沪深京A股延迟行情直连,2026-08-25
920156,海昌智能,37.1000000000,37.7800000000,11599964.1999999993,3126.0000000000,-0.0180000000,0.1159996420,东方财富沪深京A股延迟行情直连,2026-08-25
600847,万里股份,12.7300000000,12.5700000000,11598838.0000000000,9175.0000000000,0.0127000000,0.1159883800,东方财富沪深京A股延迟行情直连,2026-08-25
603697,有友食品,9.3200000000,9.1800000000,11592678.0000000000,12505.0000000000,0.0153000000,0.1159267800,东方财富沪深京A股延迟行情直连,2026-08-25
688716,中研股份,26.9400000000,27.1400000000,11577273.0000000000,4336.0000000000,-0.0074000000,0.1157727300,东方财富沪深京A股延迟行情直连,2026-08-25
688109,品茗科技,70.2700000000,71.4900000000,11572943.0000000000,1648.0000000000,-0.0171000000,0.1157294300,东方财富沪深京A股延迟行情直连,2026-08-25
600076,康欣新材,3.1300000000,3.1100000000,11561899.0000000000,37045.0000000000,0.0064000000,0.1156189900,东方财富沪深京A股延迟行情直连,2026-08-25
300946,恒而达,38.4500000000,38.0900000000,11555422.5000000000,3041.0000000000,0.0095000000,0.1155542250,东方财富沪深京A股延迟行情直连,2026-08-25
605389,长龄液压,69.0000000000,69.4700000000,11546483.0000000000,1682.0000000000,-0.0068000000,0.1154648300,东方财富沪深京A股延迟行情直连,2026-08-25
603508,思维列控,21.4800000000,21.4000000000,11543308.0000000000,5383.0000000000,0.0037000000,0.1154330800,东方财富沪深京A股延迟行情直连,2026-08-25
000411,英特集团,9.7500000000,9.5800000000,11541305.0000000000,11930.0000000000,0.0177000000,0.1154130500,东方财富沪深京A股延迟行情直连,2026-08-25
603033,三维股份,7.3700000000,7.3900000000,11536725.0000000000,15663.0000000000,-0.0027000000,0.1153672500,东方财富沪深京A股延迟行情直连,2026-08-25
600848,上海临港,8.4700000000,8.4400000000,11531390.0000000000,13595.0000000000,0.0036000000,0.1153139000,东方财富沪深京A股延迟行情直连,2026-08-25
300635,中达安,12.2600000000,12.2200000000,11530771.0000000000,9470.0000000000,0.0033000000,0.1153077100,东方财富沪深京A股延迟行情直连,2026-08-25
301083,百胜智能,13.8100000000,13.6600000000,11517921.0000000000,8406.0000000000,0.0110000000,0.1151792100,东方财富沪深京A股延迟行情直连,2026-08-25
600825,新华传媒,4.9600000000,4.8800000000,11516022.0000000000,23355.0000000000,0.0164000000,0.1151602200,东方财富沪深京A股延迟行情直连,2026-08-25
002573,清新环境,3.1900000000,3.1700000000,11504208.0000000000,36221.0000000000,0.0063000000,0.1150420800,东方财富沪深京A股延迟行情直连,2026-08-25
301512,智信精密,31.3300000000,30.8700000000,11501335.5999999996,3723.0000000000,0.0149000000,0.1150133560,东方财富沪深京A股延迟行情直连,2026-08-25
688776,国光电气,45.6200000000,45.9500000000,11495737.0000000000,2538.0000000000,-0.0072000000,0.1149573700,东方财富沪深京A股延迟行情直连,2026-08-25
001202,炬申股份,13.5300000000,13.4800000000,11490888.0000000000,8567.0000000000,0.0037000000,0.1149088800,东方财富沪深京A股延迟行情直连,2026-08-25
301368,丰立智能,38.9200000000,38.5900000000,11484588.0000000000,2985.0000000000,0.0086000000,0.1148458800,东方财富沪深京A股延迟行情直连,2026-08-25
301668,昊创瑞通,33.6000000000,33.9800000000,11481101.0700000003,3436.0000000000,-0.0112000000,0.1148110107,东方财富沪深京A股延迟行情直连,2026-08-25
603231,索宝蛋白,16.0600000000,16.0600000000,11477342.0000000000,7162.0000000000,0.0000000000,0.1147734200,东方财富沪深京A股延迟行情直连,2026-08-25
603889,新澳股份,5.6500000000,5.6100000000,11476504.0000000000,20416.0000000000,0.0071000000,0.1147650400,东方财富沪深京A股延迟行情直连,2026-08-25
002072,凯瑞德,7.2400000000,7.3000000000,11474125.0000000000,15788.0000000000,-0.0082000000,0.1147412500,东方财富沪深京A股延迟行情直连,2026-08-25
600469,风神股份,5.2700000000,5.2200000000,11459537.0000000000,21840.0000000000,0.0096000000,0.1145953700,东方财富沪深京A股延迟行情直连,2026-08-25
301131,聚赛龙,33.3600000000,33.3000000000,11446395.0000000000,3452.0000000000,0.0018000000,0.1144639500,东方财富沪深京A股延迟行情直连,2026-08-25
002184,海得控制,9.8900000000,9.7500000000,11440325.7500000000,11688.0000000000,0.0144000000,0.1144032575,东方财富沪深京A股延迟行情直连,2026-08-25
688613,奥精医疗,15.3000000000,15.0700000000,11427009.0000000000,7533.0000000000,0.0153000000,0.1142700900,东方财富沪深京A股延迟行情直连,2026-08-25
001395,亚联机械,28.5300000000,28.4500000000,11414617.7799999993,4024.0000000000,0.0028000000,0.1141461778,东方财富沪深京A股延迟行情直连,2026-08-25
920047,诺思兰德,16.8400000000,16.8800000000,11407538.0700000003,6760.0000000000,-0.0024000000,0.1140753807,东方财富沪深京A股延迟行情直连,2026-08-25
002616,长青集团,4.7900000000,4.7400000000,11388992.5000000000,23897.0000000000,0.0105000000,0.1138899250,东方财富沪深京A股延迟行情直连,2026-08-25
001233,海安集团,43.5200000000,43.1500000000,11383896.0000000000,2636.0000000000,0.0086000000,0.1138389600,东方财富沪深京A股延迟行情直连,2026-08-25
300662,科锐国际,19.5100000000,19.4500000000,11380972.5999999996,5843.0000000000,0.0031000000,0.1138097260,东方财富沪深京A股延迟行情直连,2026-08-25
000058,深 赛 格,6.8100000000,6.7200000000,11378155.6199999992,16787.0000000000,0.0134000000,0.1137815562,东方财富沪深京A股延迟行情直连,2026-08-25
300908,仲景食品,24.8000000000,24.9900000000,11376484.0000000000,4597.0000000000,-0.0076000000,0.1137648400,东方财富沪深京A股延迟行情直连,2026-08-25
601798,蓝科高新,7.7600000000,7.6700000000,11370590.0000000000,14813.0000000000,0.0117000000,0.1137059000,东方财富沪深京A股延迟行情直连,2026-08-25
301502,华阳智能,50.2000000000,50.4000000000,11353749.0000000000,2283.0000000000,-0.0040000000,0.1135374900,东方财富沪深京A股延迟行情直连,2026-08-25
301518,长华化学,25.1100000000,24.8100000000,11349947.1600000001,4567.0000000000,0.0121000000,0.1134994716,东方财富沪深京A股延迟行情直连,2026-08-25
301057,汇隆新材,21.7700000000,21.4200000000,11321923.0000000000,5264.0000000000,0.0163000000,0.1132192300,东方财富沪深京A股延迟行情直连,2026-08-25
603029,天鹅股份,16.1500000000,15.8900000000,11317283.0000000000,7055.0000000000,0.0164000000,0.1131728300,东方财富沪深京A股延迟行情直连,2026-08-25
603633,徕木股份,6.4200000000,6.3000000000,11316809.0000000000,17866.0000000000,0.0190000000,0.1131680900,东方财富沪深京A股延迟行情直连,2026-08-25
603999,读者传媒,5.6200000000,5.5200000000,11307150.0000000000,20293.0000000000,0.0181000000,0.1130715000,东方财富沪深京A股延迟行情直连,2026-08-25
002116,中国海诚,7.2200000000,7.0800000000,11303525.2799999993,15778.0000000000,0.0198000000,0.1130352528,东方财富沪深京A股延迟行情直连,2026-08-25
688566,吉贝尔,25.3800000000,25.4100000000,11301216.0000000000,4486.0000000000,-0.0012000000,0.1130121600,东方财富沪深京A股延迟行情直连,2026-08-25
001373,翔腾新材,28.2300000000,28.1000000000,11282249.0000000000,4045.0000000000,0.0046000000,0.1128224900,东方财富沪深京A股延迟行情直连,2026-08-25
002344,海宁皮城,3.8700000000,3.8100000000,11281093.0000000000,29276.0000000000,0.0157000000,0.1128109300,东方财富沪深京A股延迟行情直连,2026-08-25
688163,赛伦生物,33.6600000000,34.6500000000,11264647.0000000000,3333.0000000000,-0.0286000000,0.1126464700,东方财富沪深京A股延迟行情直连,2026-08-25
601002,晋亿实业,5.2500000000,5.2300000000,11254018.0000000000,21500.0000000000,0.0038000000,0.1125401800,东方财富沪深京A股延迟行情直连,2026-08-25
688081,兴图新科,28.3600000000,28.3000000000,11232598.0000000000,3997.0000000000,0.0021000000,0.1123259800,东方财富沪深京A股延迟行情直连,2026-08-25
600846,同济科技,11.4000000000,11.4200000000,11221765.0000000000,9913.0000000000,-0.0018000000,0.1122176500,东方财富沪深京A股延迟行情直连,2026-08-25
300414,中光防雷,10.5200000000,10.4800000000,11219144.0000000000,10722.0000000000,0.0038000000,0.1121914400,东方财富沪深京A股延迟行情直连,2026-08-25
600241,时代万恒,7.3600000000,7.2800000000,11210553.0000000000,15312.0000000000,0.0110000000,0.1121055300,东方财富沪深京A股延迟行情直连,2026-08-25
603315,福鞍股份,11.4400000000,11.4600000000,11207742.0000000000,9846.0000000000,-0.0017000000,0.1120774200,东方财富沪深京A股延迟行情直连,2026-08-25
603048,浙江黎明,21.2100000000,21.1000000000,11205163.0000000000,5316.0000000000,0.0052000000,0.1120516300,东方财富沪深京A股延迟行情直连,2026-08-25
000557,西部创业,3.6600000000,3.6100000000,11201434.0000000000,30757.0000000000,0.0139000000,0.1120143400,东方财富沪深京A股延迟行情直连,2026-08-25
688273,麦澜德,28.9900000000,29.0600000000,11189234.0000000000,3868.0000000000,-0.0024000000,0.1118923400,东方财富沪深京A股延迟行情直连,2026-08-25
000599,青岛双星,4.6500000000,4.6100000000,11188879.0000000000,24179.0000000000,0.0087000000,0.1118887900,东方财富沪深京A股延迟行情直连,2026-08-25
600653,申华控股,1.7000000000,1.6600000000,11187820.0000000000,66445.0000000000,0.0241000000,0.1118782000,东方财富沪深京A股延迟行情直连,2026-08-25
300022,吉峰科技,8.1300000000,8.1200000000,11186573.0000000000,13734.0000000000,0.0012000000,0.1118657300,东方财富沪深京A股延迟行情直连,2026-08-25
603066,音飞储存,9.0300000000,8.9500000000,11184783.0000000000,12476.0000000000,0.0089000000,0.1118478300,东方财富沪深京A股延迟行情直连,2026-08-25
600853,龙建股份,3.3200000000,3.2700000000,11182183.0000000000,33881.0000000000,0.0153000000,0.1118218300,东方财富沪深京A股延迟行情直连,2026-08-25
600235,民丰特纸,5.7600000000,5.7400000000,11174071.0000000000,19518.0000000000,0.0035000000,0.1117407100,东方财富沪深京A股延迟行情直连,2026-08-25
000913,钱江摩托,11.5100000000,11.4000000000,11169638.1999999993,9746.0000000000,0.0096000000,0.1116963820,东方财富沪深京A股延迟行情直连,2026-08-25
001308,康冠科技,17.8200000000,17.7200000000,11160932.0000000000,6334.0000000000,0.0056000000,0.1116093200,东方财富沪深京A股延迟行情直连,2026-08-25
001255,博菲电气,25.8300000000,25.8000000000,11160928.9199999999,4370.0000000000,0.0012000000,0.1116092892,东方财富沪深京A股延迟行情直连,2026-08-25
603100,川仪股份,17.4300000000,17.3000000000,11152040.0000000000,6422.0000000000,0.0075000000,0.1115204000,东方财富沪深京A股延迟行情直连,2026-08-25
300694,蠡湖股份,10.5200000000,10.4100000000,11144940.0000000000,10686.0000000000,0.0106000000,0.1114494000,东方财富沪深京A股延迟行情直连,2026-08-25
603819,神力股份,13.6200000000,13.6100000000,11131777.0000000000,8228.0000000000,0.0007000000,0.1113177700,东方财富沪深京A股延迟行情直连,2026-08-25
603121,华培动力,12.2800000000,12.2400000000,11127204.0000000000,9150.0000000000,0.0033000000,0.1112720400,东方财富沪深京A股延迟行情直连,2026-08-25
603075,热威股份,19.2400000000,19.0400000000,11123236.0000000000,5819.0000000000,0.0105000000,0.1112323600,东方财富沪深京A股延迟行情直连,2026-08-25
600088,中视传媒,11.4900000000,11.3300000000,11108290.0000000000,9730.0000000000,0.0141000000,0.1110829000,东方财富沪深京A股延迟行情直连,2026-08-25
920046,亿能电力,19.9200000000,20.1000000000,11104080.4199999999,5613.0000000000,-0.0090000000,0.1110408042,东方财富沪深京A股延迟行情直连,2026-08-25
002133,广宇集团,2.7600000000,2.6900000000,11101925.0000000000,40650.0000000000,0.0260000000,0.1110192500,东方财富沪深京A股延迟行情直连,2026-08-25
000507,珠海港,5.0100000000,4.9700000000,11097767.0800000001,22261.0000000000,0.0080000000,0.1109776708,东方财富沪深京A股延迟行情直连,2026-08-25
300099,尤洛卡,5.9300000000,5.9000000000,11091876.0199999996,18840.0000000000,0.0051000000,0.1109187602,东方财富沪深京A股延迟行情直连,2026-08-25
603138,海量数据,12.6300000000,12.5600000000,11081419.0000000000,8871.0000000000,0.0056000000,0.1108141900,东方财富沪深京A股延迟行情直连,2026-08-25
300011,鼎汉技术,6.0100000000,5.9500000000,11078383.4800000004,18719.0000000000,0.0101000000,0.1107838348,东方财富沪深京A股延迟行情直连,2026-08-25
002775,文科股份,3.5500000000,3.4900000000,11074257.3200000003,31471.0000000000,0.0172000000,0.1107425732,东方财富沪深京A股延迟行情直连,2026-08-25
301320,豪江智能,13.4600000000,13.2900000000,11070440.0000000000,8320.0000000000,0.0128000000,0.1107044000,东方财富沪深京A股延迟行情直连,2026-08-25
000068,华控赛格,3.1200000000,3.0800000000,11065227.0000000000,35600.0000000000,0.0130000000,0.1106522700,东方财富沪深京A股延迟行情直连,2026-08-25
300732,设研院,6.0300000000,5.9400000000,11063151.4000000004,18545.0000000000,0.0152000000,0.1106315140,东方财富沪深京A股延迟行情直连,2026-08-25
603499,翔港科技,11.7100000000,11.7200000000,11062509.0000000000,9524.0000000000,-0.0009000000,0.1106250900,东方财富沪深京A股延迟行情直连,2026-08-25
301076,新瀚新材,19.8700000000,19.8600000000,11053221.7699999996,5619.0000000000,0.0005000000,0.1105322177,东方财富沪深京A股延迟行情直连,2026-08-25
603107,上海汽配,11.7200000000,11.9300000000,11039142.0000000000,9487.0000000000,-0.0176000000,0.1103914200,东方财富沪深京A股延迟行情直连,2026-08-25
688251,井松智能,20.7900000000,20.6800000000,11022608.0000000000,5334.0000000000,0.0053000000,0.1102260800,东方财富沪深京A股延迟行情直连,2026-08-25
601566,九牧王,8.3900000000,8.3200000000,11019780.0000000000,13231.0000000000,0.0084000000,0.1101978000,东方财富沪深京A股延迟行情直连,2026-08-25
605166,聚合顺,8.2400000000,8.1700000000,11017666.0000000000,13470.0000000000,0.0086000000,0.1101766600,东方财富沪深京A股延迟行情直连,2026-08-25
600779,水井坊,26.9700000000,26.8300000000,11009835.0000000000,4097.0000000000,0.0052000000,0.1100983500,东方财富沪深京A股延迟行情直连,2026-08-25
301535,浙江华远,14.1700000000,14.4900000000,11003311.3599999994,7791.0000000000,-0.0221000000,0.1100331136,东方财富沪深京A股延迟行情直连,2026-08-25
001914,招商积余,8.7700000000,8.6700000000,10994120.0000000000,12590.0000000000,0.0115000000,0.1099412000,东方财富沪深京A股延迟行情直连,2026-08-25
688030,山石网科,16.4900000000,16.1600000000,10992856.0000000000,6787.0000000000,0.0204000000,0.1099285600,东方财富沪深京A股延迟行情直连,2026-08-25
601992,金隅集团,1.3800000000,1.3700000000,10991198.0000000000,79713.0000000000,0.0073000000,0.1099119800,东方财富沪深京A股延迟行情直连,2026-08-25
601996,丰林集团,2.5300000000,2.5000000000,10986586.0000000000,43782.0000000000,0.0120000000,0.1098658600,东方财富沪深京A股延迟行情直连,2026-08-25
600538,国发股份,5.2000000000,5.1300000000,10986103.0000000000,21392.0000000000,0.0136000000,0.1098610300,东方财富沪深京A股延迟行情直连,2026-08-25
002267,陕天然气,7.0700000000,7.0300000000,10983030.0000000000,15549.0000000000,0.0057000000,0.1098303000,东方财富沪深京A股延迟行情直连,2026-08-25
300610,晨化股份,10.3700000000,10.3000000000,10980986.0000000000,10637.0000000000,0.0068000000,0.1098098600,东方财富沪深京A股延迟行情直连,2026-08-25
300320,海达股份,8.4000000000,8.4300000000,10969701.0099999998,13144.0000000000,-0.0036000000,0.1096970101,东方财富沪深京A股延迟行情直连,2026-08-25
688696,极米科技,68.8100000000,67.2900000000,10953820.0000000000,1607.0000000000,0.0226000000,0.1095382000,东方财富沪深京A股延迟行情直连,2026-08-25
688539,高华科技,24.3700000000,24.7800000000,10949916.0000000000,4516.0000000000,-0.0165000000,0.1094991600,东方财富沪深京A股延迟行情直连,2026-08-25
002014,永新股份,11.0400000000,10.9600000000,10931769.7899999991,9924.0000000000,0.0073000000,0.1093176979,东方财富沪深京A股延迟行情直连,2026-08-25
688348,昱能科技,31.4800000000,31.6800000000,10914844.0000000000,3476.0000000000,-0.0063000000,0.1091484400,东方财富沪深京A股延迟行情直连,2026-08-25
688577,浙海德曼,42.0100000000,41.8700000000,10889012.0000000000,2603.0000000000,0.0033000000,0.1088901200,东方财富沪深京A股延迟行情直连,2026-08-25
688269,凯立新材,31.1100000000,31.2700000000,10880241.0000000000,3515.0000000000,-0.0051000000,0.1088024100,东方财富沪深京A股延迟行情直连,2026-08-25
688367,工大高科,29.3800000000,28.9400000000,10877538.0000000000,3745.0000000000,0.0152000000,0.1087753800,东方财富沪深京A股延迟行情直连,2026-08-25
301632,广东建科,13.3900000000,13.3300000000,10868186.8800000008,8118.0000000000,0.0045000000,0.1086818688,东方财富沪深京A股延迟行情直连,2026-08-25
002492,恒基达鑫,5.5100000000,5.3900000000,10866237.0000000000,19967.0000000000,0.0223000000,0.1086623700,东方财富沪深京A股延迟行情直连,2026-08-25
003012,东鹏控股,4.7500000000,4.6700000000,10858806.0000000000,23039.0000000000,0.0171000000,0.1085880600,东方财富沪深京A股延迟行情直连,2026-08-25
603896,寿仙谷,15.0800000000,14.7800000000,10855227.0000000000,7227.0000000000,0.0203000000,0.1085522700,东方财富沪深京A股延迟行情直连,2026-08-25
000514,渝 开 发,4.0000000000,3.9400000000,10853979.0000000000,27378.0000000000,0.0152000000,0.1085397900,东方财富沪深京A股延迟行情直连,2026-08-25
300940,南极光,13.4700000000,13.4500000000,10852446.0000000000,8136.0000000000,0.0015000000,0.1085244600,东方财富沪深京A股延迟行情直连,2026-08-25
002877,智能自控,7.4200000000,7.3100000000,10849807.0000000000,14774.0000000000,0.0150000000,0.1084980700,东方财富沪深京A股延迟行情直连,2026-08-25
600356,恒丰纸业,8.9100000000,8.8100000000,10845067.0000000000,12229.0000000000,0.0114000000,0.1084506700,东方财富沪深京A股延迟行情直连,2026-08-25
300242,佳云科技,3.9500000000,3.9400000000,10843384.0000000000,27545.0000000000,0.0025000000,0.1084338400,东方财富沪深京A股延迟行情直连,2026-08-25
300329,海伦钢琴,12.1600000000,11.9600000000,10821200.0000000000,8959.0000000000,0.0167000000,0.1082120000,东方财富沪深京A股延迟行情直连,2026-08-25
600956,新天绿能,7.0600000000,7.0500000000,10809599.0000000000,15296.0000000000,0.0014000000,0.1080959900,东方财富沪深京A股延迟行情直连,2026-08-25
603709,中源家居,11.9800000000,11.8100000000,10803409.0000000000,9098.0000000000,0.0144000000,0.1080340900,东方财富沪深京A股延迟行情直连,2026-08-25
601112,振石股份,14.9600000000,15.0100000000,10790030.0000000000,7214.0000000000,-0.0033000000,0.1079003000,东方财富沪深京A股延迟行情直连,2026-08-25
688789,宏华数科,45.9800000000,45.3600000000,10777434.0000000000,2359.0000000000,0.0137000000,0.1077743400,东方财富沪深京A股延迟行情直连,2026-08-25
301287,康力源,40.5300000000,41.1400000000,10767359.0000000000,2650.0000000000,-0.0148000000,0.1076735900,东方财富沪深京A股延迟行情直连,2026-08-25
002206,海 利 得,5.2300000000,5.2100000000,10762242.0000000000,20563.0000000000,0.0038000000,0.1076224200,东方财富沪深京A股延迟行情直连,2026-08-25
002725,跃岭股份,11.1200000000,11.0500000000,10760833.0000000000,9758.0000000000,0.0063000000,0.1076083300,东方财富沪深京A股延迟行情直连,2026-08-25
300507,苏奥传感,6.3700000000,6.3000000000,10755731.2799999993,17080.0000000000,0.0111000000,0.1075573128,东方财富沪深京A股延迟行情直连,2026-08-25
301390,经纬股份,31.0800000000,31.0400000000,10750257.0000000000,3480.0000000000,0.0013000000,0.1075025700,东方财富沪深京A股延迟行情直连,2026-08-25
605086,龙高股份,24.8000000000,25.0800000000,10735017.0000000000,4331.0000000000,-0.0112000000,0.1073501700,东方财富沪深京A股延迟行情直连,2026-08-25
000702,正虹科技,5.5200000000,5.4500000000,10722753.0000000000,19509.0000000000,0.0128000000,0.1072275300,东方财富沪深京A股延迟行情直连,2026-08-25
603811,诚意药业,7.3200000000,7.2400000000,10717629.0000000000,14757.0000000000,0.0110000000,0.1071762900,东方财富沪深京A股延迟行情直连,2026-08-25
300384,三联虹普,12.2000000000,12.1500000000,10705353.0000000000,8845.0000000000,0.0041000000,0.1070535300,东方财富沪深京A股延迟行情直连,2026-08-25
300823,建科智能,15.1500000000,14.9600000000,10700203.0000000000,7129.0000000000,0.0127000000,0.1070020300,东方财富沪深京A股延迟行情直连,2026-08-25
300746,汉嘉数智,12.9100000000,12.8800000000,10699589.0000000000,8408.0000000000,0.0023000000,0.1069958900,东方财富沪深京A股延迟行情直连,2026-08-25
301151,冠龙节能,16.3400000000,16.3300000000,10681299.3399999999,6594.0000000000,0.0006000000,0.1068129934,东方财富沪深京A股延迟行情直连,2026-08-25
300691,联合光电,14.2700000000,14.1900000000,10641092.1999999993,7500.0000000000,0.0056000000,0.1064109220,东方财富沪深京A股延迟行情直连,2026-08-25
000697,炼石航空,8.2900000000,8.3400000000,10610757.0000000000,12924.0000000000,-0.0060000000,0.1061075700,东方财富沪深京A股延迟行情直连,2026-08-25
603685,晨丰科技,24.0600000000,24.4600000000,10601976.0000000000,4416.0000000000,-0.0164000000,0.1060197600,东方财富沪深京A股延迟行情直连,2026-08-25
300952,恒辉安防,16.1300000000,15.9700000000,10598255.1999999993,6647.0000000000,0.0100000000,0.1059825520,东方财富沪深京A股延迟行情直连,2026-08-25
002599,盛通股份,5.8300000000,5.7500000000,10582034.0000000000,18304.0000000000,0.0139000000,0.1058203400,东方财富沪深京A股延迟行情直连,2026-08-25
603365,水星家纺,17.6700000000,17.3600000000,10553221.0000000000,6011.0000000000,0.0179000000,0.1055322100,东方财富沪深京A股延迟行情直连,2026-08-25
603194,中力股份,33.8200000000,33.5100000000,10550915.0000000000,3132.0000000000,0.0093000000,0.1055091500,东方财富沪深京A股延迟行情直连,2026-08-25
300365,恒华科技,4.6800000000,4.6400000000,10537023.0000000000,22780.0000000000,0.0086000000,0.1053702300,东方财富沪深京A股延迟行情直连,2026-08-25
002798,帝欧水华,5.6400000000,5.5500000000,10532104.1999999993,18770.0000000000,0.0162000000,0.1053210420,东方财富沪深京A股延迟行情直连,2026-08-25
603585,苏利股份,10.1100000000,9.9800000000,10524867.0000000000,10482.0000000000,0.0130000000,0.1052486700,东方财富沪深京A股延迟行情直连,2026-08-25
002403,爱仕达,9.4100000000,9.2800000000,10521106.0000000000,11279.0000000000,0.0140000000,0.1052110600,东方财富沪深京A股延迟行情直连,2026-08-25
002986,宇新股份,13.4400000000,13.2500000000,10518774.5999999996,7867.0000000000,0.0143000000,0.1051877460,东方财富沪深京A股延迟行情直连,2026-08-25
002952,亚世光电,19.6300000000,19.5300000000,10517995.0000000000,5420.0000000000,0.0051000000,0.1051799500,东方财富沪深京A股延迟行情直连,2026-08-25
605378,野马电池,14.2000000000,14.0900000000,10514405.0000000000,7433.0000000000,0.0078000000,0.1051440500,东方财富沪深京A股延迟行情直连,2026-08-25
002722,物产金轮,12.8900000000,12.8000000000,10492426.3800000008,8194.0000000000,0.0070000000,0.1049242638,东方财富沪深京A股延迟行情直连,2026-08-25
600679,上海凤凰,9.6300000000,9.4800000000,10469956.0000000000,10903.0000000000,0.0158000000,0.1046995600,东方财富沪深京A股延迟行情直连,2026-08-25
603096,新经典,14.9100000000,14.8600000000,10458239.0000000000,7059.0000000000,0.0034000000,0.1045823900,东方财富沪深京A股延迟行情直连,2026-08-25
002489,浙江永强,2.7800000000,2.7600000000,10446750.0000000000,37701.0000000000,0.0072000000,0.1044675000,东方财富沪深京A股延迟行情直连,2026-08-25
688600,皖仪科技,26.5400000000,26.8300000000,10441826.0000000000,3970.0000000000,-0.0108000000,0.1044182600,东方财富沪深京A股延迟行情直连,2026-08-25
688819,天能股份,21.7200000000,21.8200000000,10435381.0000000000,4791.0000000000,-0.0046000000,0.1043538100,东方财富沪深京A股延迟行情直连,2026-08-25
920476,海能技术,25.7500000000,25.4500000000,10386866.8300000001,4056.0000000000,0.0118000000,0.1038686683,东方财富沪深京A股延迟行情直连,2026-08-25
600694,大商股份,14.5300000000,14.4300000000,10376661.0000000000,7160.0000000000,0.0069000000,0.1037666100,东方财富沪深京A股延迟行情直连,2026-08-25
301289,国缆检测,43.7400000000,43.3500000000,10357179.4800000004,2382.0000000000,0.0090000000,0.1035717948,东方财富沪深京A股延迟行情直连,2026-08-25
002690,美亚光电,15.3200000000,15.2200000000,10355534.0000000000,6774.0000000000,0.0066000000,0.1035553400,东方财富沪深京A股延迟行情直连,2026-08-25
301066,万事利,12.0100000000,11.8500000000,10353004.0000000000,8707.0000000000,0.0135000000,0.1035300400,东方财富沪深京A股延迟行情直连,2026-08-25
688157,松井股份,19.0700000000,19.2800000000,10334496.0000000000,5449.0000000000,-0.0109000000,0.1033449600,东方财富沪深京A股延迟行情直连,2026-08-25
688272,富吉瑞,27.9100000000,27.8800000000,10321610.0000000000,3741.0000000000,0.0011000000,0.1032161000,东方财富沪深京A股延迟行情直连,2026-08-25
603135,中重科技,8.9600000000,8.9300000000,10319969.0000000000,11620.0000000000,0.0034000000,0.1031996900,东方财富沪深京A股延迟行情直连,2026-08-25
603700,宁水集团,11.5000000000,11.3400000000,10311889.0000000000,9017.0000000000,0.0141000000,0.1031188900,东方财富沪深京A股延迟行情直连,2026-08-25
002253,川大智胜,9.5900000000,9.4000000000,10311389.0000000000,10878.0000000000,0.0202000000,0.1031138900,东方财富沪深京A股延迟行情直连,2026-08-25
688590,新致软件,12.3400000000,12.3100000000,10308384.0000000000,8407.0000000000,0.0024000000,0.1030838400,东方财富沪深京A股延迟行情直连,2026-08-25
002535,林州重机,2.5300000000,2.4800000000,10307865.0000000000,41173.0000000000,0.0202000000,0.1030786500,东方财富沪深京A股延迟行情直连,2026-08-25
920701,豪声电子,12.3300000000,13.0800000000,10306755.2500000000,8170.0000000000,-0.0573000000,0.1030675525,东方财富沪深京A股延迟行情直连,2026-08-25
301428,世纪恒通,27.6200000000,27.5600000000,10285312.0000000000,3769.0000000000,0.0022000000,0.1028531200,东方财富沪深京A股延迟行情直连,2026-08-25
600648,外高桥,9.1500000000,9.0200000000,10270687.0000000000,11247.0000000000,0.0144000000,0.1027068700,东方财富沪深京A股延迟行情直连,2026-08-25
600990,四创电子,17.7300000000,17.5900000000,10268537.0000000000,5852.0000000000,0.0080000000,0.1026853700,东方财富沪深京A股延迟行情直连,2026-08-25
300824,北鼎股份,7.6300000000,7.5200000000,10258327.0000000000,13539.0000000000,0.0146000000,0.1025832700,东方财富沪深京A股延迟行情直连,2026-08-25
002590,万安科技,9.4200000000,9.3300000000,10254987.0000000000,11012.0000000000,0.0096000000,0.1025498700,东方财富沪深京A股延迟行情直连,2026-08-25
003038,鑫铂股份,10.8400000000,10.7500000000,10244940.5999999996,9493.0000000000,0.0084000000,0.1024494060,东方财富沪深京A股延迟行情直连,2026-08-25
688667,菱电电控,84.8100000000,85.5000000000,10227251.0000000000,1218.0000000000,-0.0081000000,0.1022725100,东方财富沪深京A股延迟行情直连,2026-08-25
920735,德源药业,24.1300000000,23.9400000000,10222838.5099999998,4237.0000000000,0.0079000000,0.1022283851,东方财富沪深京A股延迟行情直连,2026-08-25
003002,壶化股份,16.5300000000,16.4600000000,10222417.0000000000,6262.0000000000,0.0043000000,0.1022241700,东方财富沪深京A股延迟行情直连,2026-08-25
920068,天工股份,15.7400000000,15.5200000000,10217557.0700000003,6522.0000000000,0.0142000000,0.1021755707,东方财富沪深京A股延迟行情直连,2026-08-25
600819,耀皮玻璃,5.4700000000,5.4200000000,10215281.0000000000,18734.0000000000,0.0092000000,0.1021528100,东方财富沪深京A股延迟行情直连,2026-08-25
002337,赛象科技,4.7000000000,4.6000000000,10210696.0000000000,21939.0000000000,0.0217000000,0.1021069600,东方财富沪深京A股延迟行情直连,2026-08-25
300402,宝色股份,14.6600000000,14.5500000000,10205734.0000000000,6992.0000000000,0.0076000000,0.1020573400,东方财富沪深京A股延迟行情直连,2026-08-25
002316,亚联发展,4.4700000000,4.4300000000,10186473.0000000000,23022.0000000000,0.0090000000,0.1018647300,东方财富沪深京A股延迟行情直连,2026-08-25
920819,颖泰生物,3.0600000000,2.9700000000,10175932.6199999992,33370.0000000000,0.0303000000,0.1017593262,东方财富沪深京A股延迟行情直连,2026-08-25
300882,万胜智能,14.0200000000,14.1300000000,10163963.0000000000,7336.0000000000,-0.0078000000,0.1016396300,东方财富沪深京A股延迟行情直连,2026-08-25
300177,中海达,6.1800000000,6.1300000000,10163114.0000000000,16622.0000000000,0.0082000000,0.1016311400,东方财富沪深京A股延迟行情直连,2026-08-25
300405,科隆股份,5.7200000000,5.6500000000,10161828.0000000000,17931.0000000000,0.0124000000,0.1016182800,东方财富沪深京A股延迟行情直连,2026-08-25
301037,保立佳,13.4300000000,13.1500000000,10159863.0000000000,7664.0000000000,0.0213000000,0.1015986300,东方财富沪深京A股延迟行情直连,2026-08-25
300755,华致酒行,11.2300000000,11.1000000000,10159330.0399999991,9090.0000000000,0.0117000000,0.1015933004,东方财富沪深京A股延迟行情直连,2026-08-25
300956,英力股份,11.0900000000,10.9900000000,10154436.0000000000,9252.0000000000,0.0091000000,0.1015443600,东方财富沪深京A股延迟行情直连,2026-08-25
301507,民生健康,12.7700000000,12.6600000000,10154375.1999999993,8003.0000000000,0.0087000000,0.1015437520,东方财富沪深京A股延迟行情直连,2026-08-25
688682,霍莱沃,31.0900000000,30.8900000000,10150624.0000000000,3298.0000000000,0.0065000000,0.1015062400,东方财富沪深京A股延迟行情直连,2026-08-25
920806,云星宇,10.4500000000,10.1100000000,10149973.7300000004,9829.0000000000,0.0336000000,0.1014997373,东方财富沪深京A股延迟行情直连,2026-08-25
603949,雪龙集团,13.9000000000,13.7400000000,10139626.0000000000,7357.0000000000,0.0116000000,0.1013962600,东方财富沪深京A股延迟行情直连,2026-08-25
688225,亚信安全,11.8600000000,11.7700000000,10135448.0000000000,8606.0000000000,0.0076000000,0.1013544800,东方财富沪深京A股延迟行情直连,2026-08-25
601515,衢州东峰,3.3800000000,3.3100000000,10133771.0000000000,30275.0000000000,0.0211000000,0.1013377100,东方财富沪深京A股延迟行情直连,2026-08-25
688056,莱伯泰科,40.7000000000,41.0000000000,10124370.0000000000,2503.0000000000,-0.0073000000,0.1012437000,东方财富沪深京A股延迟行情直连,2026-08-25
002909,集泰股份,5.2300000000,5.1500000000,10124140.0000000000,19484.0000000000,0.0155000000,0.1012414000,东方财富沪深京A股延迟行情直连,2026-08-25
600976,健民集团,27.5800000000,27.5800000000,10118747.0000000000,3679.0000000000,0.0000000000,0.1011874700,东方财富沪深京A股延迟行情直连,2026-08-25
603018,华设集团,5.2600000000,5.2000000000,10094705.0000000000,19308.0000000000,0.0115000000,0.1009470500,东方财富沪深京A股延迟行情直连,2026-08-25
301195,北路智控,25.7800000000,26.1000000000,10064406.5000000000,3935.0000000000,-0.0123000000,0.1006440650,东方财富沪深京A股延迟行情直连,2026-08-25
600987,航民股份,6.5200000000,6.4900000000,10061670.0000000000,15404.0000000000,0.0046000000,0.1006167000,东方财富沪深京A股延迟行情直连,2026-08-25
603418,友升股份,43.2600000000,43.2500000000,10060769.0000000000,2318.0000000000,0.0002000000,0.1006076900,东方财富沪深京A股延迟行情直连,2026-08-25
301399,英特科技,17.2400000000,17.0600000000,10054712.0000000000,5923.0000000000,0.0106000000,0.1005471200,东方财富沪深京A股延迟行情直连,2026-08-25
001205,盛航股份,14.5100000000,14.6000000000,10030130.0000000000,6893.0000000000,-0.0062000000,0.1003013000,东方财富沪深京A股延迟行情直连,2026-08-25
300425,中建环能,4.0600000000,3.9900000000,10013119.0000000000,24899.0000000000,0.0175000000,0.1001311900,东方财富沪深京A股延迟行情直连,2026-08-25
001201,东瑞股份,11.9700000000,11.8100000000,10012402.0000000000,8387.0000000000,0.0135000000,0.1001240200,东方财富沪深京A股延迟行情直连,2026-08-25
300717,华信新材,17.9700000000,17.9500000000,10011885.0000000000,5612.0000000000,0.0011000000,0.1001188500,东方财富沪深京A股延迟行情直连,2026-08-25
603616,韩建河山,5.4500000000,5.4100000000,10002970.0000000000,18486.0000000000,0.0074000000,0.1000297000,东方财富沪深京A股延迟行情直连,2026-08-25
601339,百隆东方,7.7000000000,7.7500000000,9990703.0000000000,12949.0000000000,-0.0065000000,0.0999070300,东方财富沪深京A股延迟行情直连,2026-08-25
000679,大连友谊,6.1100000000,6.0000000000,9988215.0000000000,16519.0000000000,0.0183000000,0.0998821500,东方财富沪深京A股延迟行情直连,2026-08-25
603291,联合水务,9.0900000000,9.0600000000,9984720.0000000000,11030.0000000000,0.0033000000,0.0998472000,东方财富沪深京A股延迟行情直连,2026-08-25
688511,天微电子,20.7500000000,20.9000000000,9984602.0000000000,4853.0000000000,-0.0072000000,0.0998460200,东方财富沪深京A股延迟行情直连,2026-08-25
301353,普莱得,19.2000000000,18.8500000000,9964897.6999999993,5249.0000000000,0.0186000000,0.0996489770,东方财富沪深京A股延迟行情直连,2026-08-25
603960,克来机电,15.7000000000,15.6000000000,9964217.0000000000,6408.0000000000,0.0064000000,0.0996421700,东方财富沪深京A股延迟行情直连,2026-08-25
600955,维远股份,12.5000000000,12.4500000000,9960872.0000000000,7993.0000000000,0.0040000000,0.0996087200,东方财富沪深京A股延迟行情直连,2026-08-25
301558,三态股份,6.6000000000,6.4900000000,9959673.0000000000,15235.0000000000,0.0169000000,0.0995967300,东方财富沪深京A股延迟行情直连,2026-08-25
002729,好利科技,13.5800000000,13.5100000000,9957959.0000000000,7415.0000000000,0.0052000000,0.0995795900,东方财富沪深京A股延迟行情直连,2026-08-25
600605,汇通能源,24.2100000000,24.1600000000,9955345.0000000000,4130.0000000000,0.0021000000,0.0995534500,东方财富沪深京A股延迟行情直连,2026-08-25
688070,纵横股份,33.3300000000,33.2100000000,9949981.0000000000,2996.0000000000,0.0036000000,0.0994998100,东方财富沪深京A股延迟行情直连,2026-08-25
003008,开普检测,19.5900000000,19.3600000000,9949477.9000000004,5130.0000000000,0.0119000000,0.0994947790,东方财富沪深京A股延迟行情直连,2026-08-25
688198,佰仁医疗,76.6000000000,76.0800000000,9940468.0000000000,1306.0000000000,0.0068000000,0.0994046800,东方财富沪深京A股延迟行情直连,2026-08-25
600455,博通股份,24.0400000000,23.8300000000,9935509.0000000000,4150.0000000000,0.0088000000,0.0993550900,东方财富沪深京A股延迟行情直连,2026-08-25
603970,中农立华,10.7700000000,10.6000000000,9918829.0000000000,9231.0000000000,0.0160000000,0.0991882900,东方财富沪深京A股延迟行情直连,2026-08-25
301119,正强股份,21.7700000000,21.7000000000,9918150.0000000000,4600.0000000000,0.0032000000,0.0991815000,东方财富沪深京A股延迟行情直连,2026-08-25
600307,酒钢宏兴,1.4400000000,1.4300000000,9915235.0000000000,69024.0000000000,0.0070000000,0.0991523500,东方财富沪深京A股延迟行情直连,2026-08-25
300513,恒实科技,7.3500000000,7.2800000000,9900349.0000000000,13566.0000000000,0.0096000000,0.0990034900,东方财富沪深京A股延迟行情直连,2026-08-25
603057,紫燕食品,21.4000000000,21.3400000000,9893482.0000000000,4643.0000000000,0.0028000000,0.0989348200,东方财富沪深京A股延迟行情直连,2026-08-25
002858,力盛体育,11.6700000000,11.4400000000,9891589.0000000000,8572.0000000000,0.0201000000,0.0989158900,东方财富沪深京A股延迟行情直连,2026-08-25
600195,中牧股份,6.7700000000,6.7300000000,9890291.0000000000,14635.0000000000,0.0059000000,0.0989029100,东方财富沪深京A股延迟行情直连,2026-08-25
000663,永安林业,5.7000000000,5.6400000000,9885435.0000000000,17461.0000000000,0.0106000000,0.0988543500,东方财富沪深京A股延迟行情直连,2026-08-25
002540,亚太科技,5.1100000000,5.1300000000,9885353.0000000000,19356.0000000000,-0.0039000000,0.0988535300,东方财富沪深京A股延迟行情直连,2026-08-25
688602,康鹏科技,6.5100000000,6.5300000000,9879701.0000000000,15242.0000000000,-0.0031000000,0.0987970100,东方财富沪深京A股延迟行情直连,2026-08-25
001226,拓山重工,45.8900000000,47.1900000000,9876980.0000000000,2132.0000000000,-0.0275000000,0.0987698000,东方财富沪深京A股延迟行情直连,2026-08-25
600917,重庆燃气,4.8300000000,4.7900000000,9874907.0000000000,20491.0000000000,0.0084000000,0.0987490700,东方财富沪深京A股延迟行情直连,2026-08-25
002660,茂硕电源,7.4300000000,7.3400000000,9867665.1999999993,13392.0000000000,0.0123000000,0.0986766520,东方财富沪深京A股延迟行情直连,2026-08-25
300994,久祺股份,11.4900000000,11.3200000000,9860533.0000000000,8674.0000000000,0.0150000000,0.0986053300,东方财富沪深京A股延迟行情直连,2026-08-25
688563,航材股份,49.1600000000,49.2500000000,9834382.0000000000,2002.0000000000,-0.0018000000,0.0983438200,东方财富沪深京A股延迟行情直连,2026-08-25
600052,东望时代,3.8700000000,3.8100000000,9820703.0000000000,25567.0000000000,0.0157000000,0.0982070300,东方财富沪深京A股延迟行情直连,2026-08-25
300844,山水比德,23.3200000000,23.3700000000,9816953.0000000000,4237.0000000000,-0.0021000000,0.0981695300,东方财富沪深京A股延迟行情直连,2026-08-25
300834,星辉环材,37.6700000000,37.8800000000,9812883.0000000000,2627.0000000000,-0.0055000000,0.0981288300,东方财富沪深京A股延迟行情直连,2026-08-25
920077,吉林碳谷,13.5800000000,13.4600000000,9803199.5500000007,7236.0000000000,0.0089000000,0.0980319955,东方财富沪深京A股延迟行情直连,2026-08-25
605186,健麾信息,25.5200000000,25.6000000000,9801141.0000000000,3865.0000000000,-0.0031000000,0.0980114100,东方财富沪深京A股延迟行情直连,2026-08-25
300126,锐奇股份,6.4400000000,6.3400000000,9787706.0000000000,15378.0000000000,0.0158000000,0.0978770600,东方财富沪深京A股延迟行情直连,2026-08-25
300559,佳发教育,10.3500000000,10.2200000000,9774213.0000000000,9493.0000000000,0.0127000000,0.0977421300,东方财富沪深京A股延迟行情直连,2026-08-25
001234,泰慕士,22.0800000000,21.9000000000,9754256.0000000000,4454.0000000000,0.0082000000,0.0975425600,东方财富沪深京A股延迟行情直连,2026-08-25
300375,鹏翎股份,4.0200000000,3.9600000000,9747793.0000000000,24526.0000000000,0.0152000000,0.0974779300,东方财富沪深京A股延迟行情直连,2026-08-25
603219,富佳股份,13.7600000000,13.6000000000,9739711.0000000000,7128.0000000000,0.0118000000,0.0973971100,东方财富沪深京A股延迟行情直连,2026-08-25
300879,大叶股份,16.3800000000,16.1300000000,9738054.0000000000,6018.0000000000,0.0155000000,0.0973805400,东方财富沪深京A股延迟行情直连,2026-08-25
603109,神驰机电,17.6600000000,17.6400000000,9734800.0000000000,5558.0000000000,0.0011000000,0.0973480000,东方财富沪深京A股延迟行情直连,2026-08-25
603161,科华控股,15.9200000000,16.0000000000,9731325.0000000000,6145.0000000000,-0.0050000000,0.0973132500,东方财富沪深京A股延迟行情直连,2026-08-25
300532,今天国际,6.8600000000,6.8000000000,9726536.7400000002,14307.0000000000,0.0088000000,0.0972653674,东方财富沪深京A股延迟行情直连,2026-08-25
000548,湖南投资,4.5000000000,4.4500000000,9725639.0000000000,21774.0000000000,0.0112000000,0.0972563900,东方财富沪深京A股延迟行情直连,2026-08-25
301336,趣睡科技,41.0300000000,40.7900000000,9725248.6999999993,2394.0000000000,0.0059000000,0.0972524870,东方财富沪深京A股延迟行情直连,2026-08-25
600616,金枫酒业,4.3500000000,4.2500000000,9723778.0000000000,22572.0000000000,0.0235000000,0.0972377800,东方财富沪深京A股延迟行情直连,2026-08-25
605337,李子园,9.2900000000,9.1500000000,9720301.0000000000,10539.0000000000,0.0153000000,0.0972030100,东方财富沪深京A股延迟行情直连,2026-08-25
603535,嘉诚国际,6.2300000000,6.0800000000,9720020.0000000000,15768.0000000000,0.0247000000,0.0972002000,东方财富沪深京A股延迟行情直连,2026-08-25
301581,黄山谷捷,36.4700000000,37.1900000000,9704601.0000000000,2670.0000000000,-0.0194000000,0.0970460100,东方财富沪深京A股延迟行情直连,2026-08-25
300388,节能国祯,6.9400000000,6.9100000000,9695882.4499999993,13995.0000000000,0.0043000000,0.0969588245,东方财富沪深京A股延迟行情直连,2026-08-25
002899,英派斯,19.3200000000,19.1400000000,9689124.0000000000,5052.0000000000,0.0094000000,0.0968912400,东方财富沪深京A股延迟行情直连,2026-08-25
300664,鹏鹞环保,4.5700000000,4.5000000000,9670371.0000000000,21357.0000000000,0.0156000000,0.0967037100,东方财富沪深京A股延迟行情直连,2026-08-25
002871,伟隆股份,16.3600000000,16.4000000000,9649950.0000000000,5979.0000000000,-0.0024000000,0.0964995000,东方财富沪深京A股延迟行情直连,2026-08-25
300423,昇辉科技,5.8000000000,5.7600000000,9635277.6500000004,16777.0000000000,0.0069000000,0.0963527765,东方财富沪深京A股延迟行情直连,2026-08-25
002848,高斯贝尔,13.1200000000,13.1500000000,9619227.0000000000,7382.0000000000,-0.0023000000,0.0961922700,东方财富沪深京A股延迟行情直连,2026-08-25
300215,电科院,5.9800000000,5.9500000000,9598614.0000000000,16161.0000000000,0.0050000000,0.0959861400,东方财富沪深京A股延迟行情直连,2026-08-25
688631,莱斯信息,39.2000000000,39.2500000000,9593362.0000000000,2466.0000000000,-0.0013000000,0.0959336200,东方财富沪深京A股延迟行情直连,2026-08-25
001323,慕思股份,18.5400000000,18.5000000000,9587026.3699999992,5191.0000000000,0.0022000000,0.0958702637,东方财富沪深京A股延迟行情直连,2026-08-25
603022,新通联,8.8700000000,8.7100000000,9584262.0000000000,10930.0000000000,0.0184000000,0.0958426200,东方财富沪深京A股延迟行情直连,2026-08-25
603116,红蜻蜓,6.4400000000,6.4900000000,9578095.0000000000,14967.0000000000,-0.0077000000,0.0957809500,东方财富沪深京A股延迟行情直连,2026-08-25
603701,德宏股份,18.9300000000,19.1700000000,9574046.0000000000,5056.0000000000,-0.0125000000,0.0957404600,东方财富沪深京A股延迟行情直连,2026-08-25
300793,佳禾智能,10.9500000000,10.8100000000,9566549.0000000000,8831.0000000000,0.0130000000,0.0956654900,东方财富沪深京A股延迟行情直连,2026-08-25
605399,晨光新材,10.6400000000,10.7100000000,9550924.0000000000,9016.0000000000,-0.0065000000,0.0955092400,东方财富沪深京A股延迟行情直连,2026-08-25
600650,锦江在线,10.4700000000,10.4500000000,9529032.0000000000,9178.0000000000,0.0019000000,0.0952903200,东方财富沪深京A股延迟行情直连,2026-08-25
688558,国盛智科,30.7500000000,31.1500000000,9525818.0000000000,3093.0000000000,-0.0128000000,0.0952581800,东方财富沪深京A股延迟行情直连,2026-08-25
002763,汇洁股份,7.4500000000,7.3600000000,9514163.0000000000,12875.0000000000,0.0122000000,0.0951416300,东方财富沪深京A股延迟行情直连,2026-08-25
301010,晶雪节能,17.6800000000,17.4900000000,9508273.0000000000,5449.0000000000,0.0109000000,0.0950827300,东方财富沪深京A股延迟行情直连,2026-08-25
603722,阿科力,29.1700000000,29.0300000000,9508133.0000000000,3283.0000000000,0.0048000000,0.0950813300,东方财富沪深京A股延迟行情直连,2026-08-25
002225,濮耐股份,3.5500000000,3.5400000000,9505437.0000000000,26886.0000000000,0.0028000000,0.0950543700,东方财富沪深京A股延迟行情直连,2026-08-25
300947,德必集团,14.2000000000,13.9500000000,9504362.0000000000,6780.0000000000,0.0179000000,0.0950436200,东方财富沪深京A股延迟行情直连,2026-08-25
600983,惠而浦,7.7100000000,7.9000000000,9503261.0000000000,12372.0000000000,-0.0241000000,0.0950326100,东方财富沪深京A股延迟行情直连,2026-08-25
601686,友发集团,5.2000000000,5.2000000000,9497575.0000000000,18231.0000000000,0.0000000000,0.0949757500,东方财富沪深京A股延迟行情直连,2026-08-25
300876,蒙泰高新,15.5500000000,15.5000000000,9491121.5999999996,6136.0000000000,0.0032000000,0.0949112160,东方财富沪深京A股延迟行情直连,2026-08-25
301208,中亦科技,29.7500000000,29.5400000000,9480226.0000000000,3224.0000000000,0.0071000000,0.0948022600,东方财富沪深京A股延迟行情直连,2026-08-25
002799,环球印务,6.7600000000,6.6900000000,9478667.0000000000,14165.0000000000,0.0105000000,0.0947866700,东方财富沪深京A股延迟行情直连,2026-08-25
301229,纽泰格,12.1900000000,12.0800000000,9477164.0000000000,7881.0000000000,0.0091000000,0.0947716400,东方财富沪深京A股延迟行情直连,2026-08-25
300652,雷迪克,28.2500000000,28.3000000000,9477017.1999999993,3378.0000000000,-0.0018000000,0.0947701720,东方财富沪深京A股延迟行情直连,2026-08-25
603488,展鹏科技,8.1000000000,8.0800000000,9476043.0000000000,11833.0000000000,0.0025000000,0.0947604300,东方财富沪深京A股延迟行情直连,2026-08-25
603058,永吉股份,8.8700000000,8.8200000000,9464761.0000000000,10766.0000000000,0.0057000000,0.0946476100,东方财富沪深京A股延迟行情直连,2026-08-25
603895,天永智能,24.6400000000,25.0900000000,9442444.0000000000,3862.0000000000,-0.0179000000,0.0944244400,东方财富沪深京A股延迟行情直连,2026-08-25
600843,上工申贝,6.9200000000,6.8500000000,9441206.0000000000,13777.0000000000,0.0102000000,0.0944120600,东方财富沪深京A股延迟行情直连,2026-08-25
600960,渤海汽车,4.0400000000,3.9800000000,9437703.0000000000,23515.0000000000,0.0151000000,0.0943770300,东方财富沪深京A股延迟行情直连,2026-08-25
600558,大西洋,4.8000000000,4.7800000000,9433011.0000000000,19720.0000000000,0.0042000000,0.0943301100,东方财富沪深京A股延迟行情直连,2026-08-25
301038,深水规院,15.9800000000,15.7800000000,9429225.0000000000,5943.0000000000,0.0127000000,0.0942922500,东方财富沪深京A股延迟行情直连,2026-08-25
002983,芯瑞达,19.0300000000,19.1200000000,9420978.0000000000,4978.0000000000,-0.0047000000,0.0942097800,东方财富沪深京A股延迟行情直连,2026-08-25
300837,浙矿股份,22.9900000000,22.7600000000,9415000.4199999999,4132.0000000000,0.0101000000,0.0941500042,东方财富沪深京A股延迟行情直连,2026-08-25
301446,福事特,34.0900000000,35.2700000000,9411295.0000000000,2744.0000000000,-0.0335000000,0.0941129500,东方财富沪深京A股延迟行情直连,2026-08-25
603004,鼎龙科技,18.5800000000,18.5100000000,9405858.0000000000,5101.0000000000,0.0038000000,0.0940585800,东方财富沪深京A股延迟行情直连,2026-08-25
605098,行动教育,55.4100000000,55.5800000000,9390822.0000000000,1700.0000000000,-0.0031000000,0.0939082200,东方财富沪深京A股延迟行情直连,2026-08-25
003005,竞业达,13.4300000000,13.3300000000,9387023.0000000000,7067.0000000000,0.0075000000,0.0938702300,东方财富沪深京A股延迟行情直连,2026-08-25
002646,天佑德酒,6.8700000000,6.8000000000,9382725.0000000000,13695.0000000000,0.0103000000,0.0938272500,东方财富沪深京A股延迟行情直连,2026-08-25
300770,新媒股份,33.5800000000,33.2900000000,9376583.0000000000,2798.0000000000,0.0087000000,0.0937658300,东方财富沪深京A股延迟行情直连,2026-08-25
300918,南山智尚,10.2400000000,10.1900000000,9367650.0000000000,9246.0000000000,0.0049000000,0.0936765000,东方财富沪深京A股延迟行情直连,2026-08-25
000544,中原环保,7.2300000000,7.1700000000,9352752.5000000000,13016.0000000000,0.0084000000,0.0935275250,东方财富沪深京A股延迟行情直连,2026-08-25
300886,华业香料,24.5700000000,24.3500000000,9333625.0700000003,3828.0000000000,0.0090000000,0.0933362507,东方财富沪深京A股延迟行情直连,2026-08-25
688611,杭州柯林,61.0700000000,61.4600000000,9331255.0000000000,1534.0000000000,-0.0063000000,0.0933125500,东方财富沪深京A股延迟行情直连,2026-08-25
300730,科创信息,11.2700000000,11.1600000000,9330297.0000000000,8363.0000000000,0.0099000000,0.0933029700,东方财富沪深京A股延迟行情直连,2026-08-25
002671,龙泉股份,3.9500000000,3.9000000000,9308327.0000000000,23687.0000000000,0.0128000000,0.0930832700,东方财富沪深京A股延迟行情直连,2026-08-25
003003,天元股份,11.1200000000,11.0200000000,9300658.0000000000,8424.0000000000,0.0091000000,0.0930065800,东方财富沪深京A股延迟行情直连,2026-08-25
603182,嘉华股份,13.2400000000,13.0700000000,9276921.0000000000,7024.0000000000,0.0130000000,0.0927692100,东方财富沪深京A股延迟行情直连,2026-08-25
603848,好太太,12.8500000000,12.7900000000,9266738.0000000000,7230.0000000000,0.0047000000,0.0926673800,东方财富沪深京A股延迟行情直连,2026-08-25
605122,四方新材,11.6600000000,11.5400000000,9265858.0000000000,8023.0000000000,0.0104000000,0.0926585800,东方财富沪深京A股延迟行情直连,2026-08-25
002200,交投生态,6.6200000000,6.5400000000,9238707.0000000000,14065.0000000000,0.0122000000,0.0923870700,东方财富沪深京A股延迟行情直连,2026-08-25
301056,森赫股份,11.4200000000,11.4000000000,9235617.0000000000,8158.0000000000,0.0018000000,0.0923561700,东方财富沪深京A股延迟行情直连,2026-08-25
300988,津荣天宇,14.4300000000,14.3400000000,9224541.4000000004,6442.0000000000,0.0063000000,0.0922454140,东方财富沪深京A股延迟行情直连,2026-08-25
300818,耐普矿机,18.4500000000,18.5700000000,9223269.5000000000,5022.0000000000,-0.0065000000,0.0922326950,东方财富沪深京A股延迟行情直连,2026-08-25
002461,珠江啤酒,8.6200000000,8.5700000000,9221381.0000000000,10685.0000000000,0.0058000000,0.0922138100,东方财富沪深京A股延迟行情直连,2026-08-25
603348,文灿股份,14.3800000000,14.1800000000,9211674.0000000000,6466.0000000000,0.0141000000,0.0921167400,东方财富沪深京A股延迟行情直连,2026-08-25
600232,金鹰股份,6.4500000000,6.3900000000,9210568.0000000000,14435.0000000000,0.0094000000,0.0921056800,东方财富沪深京A股延迟行情直连,2026-08-25
605228,神通科技,10.3200000000,10.2800000000,9209961.0000000000,8963.0000000000,0.0039000000,0.0920996100,东方财富沪深京A股延迟行情直连,2026-08-25
002912,中新赛克,19.0100000000,18.7400000000,9204696.0000000000,4898.0000000000,0.0144000000,0.0920469600,东方财富沪深京A股延迟行情直连,2026-08-25
920065,千岸科技,33.0500000000,33.0000000000,9175678.9900000002,2775.0000000000,0.0015000000,0.0917567899,东方财富沪深京A股延迟行情直连,2026-08-25
600081,东风科技,10.1200000000,10.0300000000,9163141.0000000000,9110.0000000000,0.0090000000,0.0916314100,东方财富沪深京A股延迟行情直连,2026-08-25
300512,中亚股份,7.2000000000,7.1100000000,9136043.0000000000,12796.0000000000,0.0127000000,0.0913604300,东方财富沪深京A股延迟行情直连,2026-08-25
002825,纳尔股份,8.9100000000,8.9400000000,9118372.1600000001,10252.0000000000,-0.0034000000,0.0911837216,东方财富沪深京A股延迟行情直连,2026-08-25
688350,富淼科技,29.2800000000,29.4000000000,9110950.0000000000,3150.0000000000,-0.0041000000,0.0911095000,东方财富沪深京A股延迟行情直连,2026-08-25
688592,司南导航,24.2500000000,23.6500000000,9109546.0000000000,3806.0000000000,0.0254000000,0.0910954600,东方财富沪深京A股延迟行情直连,2026-08-25
688489,三未信安,23.3200000000,23.2400000000,9104421.0000000000,3941.0000000000,0.0034000000,0.0910442100,东方财富沪深京A股延迟行情直连,2026-08-25
603661,恒林股份,32.6400000000,32.8100000000,9104322.0000000000,2798.0000000000,-0.0052000000,0.0910432200,东方财富沪深京A股延迟行情直连,2026-08-25
688557,兰剑智能,20.4600000000,20.5000000000,9104214.0000000000,4471.0000000000,-0.0020000000,0.0910421400,东方财富沪深京A股延迟行情直连,2026-08-25
600854,春兰股份,4.5900000000,4.5300000000,9091270.0000000000,19942.0000000000,0.0132000000,0.0909127000,东方财富沪深京A股延迟行情直连,2026-08-25
002191,劲嘉股份,3.6700000000,3.6300000000,9090282.6999999993,24875.0000000000,0.0110000000,0.0909028270,东方财富沪深京A股延迟行情直连,2026-08-25
603205,健尔康,21.8700000000,21.8300000000,9076914.0000000000,4169.0000000000,0.0018000000,0.0907691400,东方财富沪深京A股延迟行情直连,2026-08-25
603081,大丰实业,9.5300000000,9.3700000000,9059413.0000000000,9567.0000000000,0.0171000000,0.0905941300,东方财富沪深京A股延迟行情直连,2026-08-25
002571,德力股份,10.7000000000,10.5600000000,9049819.0000000000,8517.0000000000,0.0133000000,0.0904981900,东方财富沪深京A股延迟行情直连,2026-08-25
301180,万祥科技,11.6700000000,11.6300000000,9030809.0000000000,7817.0000000000,0.0034000000,0.0903080900,东方财富沪深京A股延迟行情直连,2026-08-25
600807,济高发展,2.6300000000,2.5900000000,9026998.0000000000,34435.0000000000,0.0154000000,0.0902699800,东方财富沪深京A股延迟行情直连,2026-08-25
603577,汇金通,10.1800000000,10.2000000000,9023105.0000000000,8924.0000000000,-0.0020000000,0.0902310500,东方财富沪深京A股延迟行情直连,2026-08-25
000635,英 力 特,6.3800000000,6.3000000000,9004802.0000000000,14272.0000000000,0.0127000000,0.0900480200,东方财富沪深京A股延迟行情直连,2026-08-25
688339,亿华通-U,16.6500000000,16.6100000000,8993046.0000000000,5450.0000000000,0.0024000000,0.0899304600,东方财富沪深京A股延迟行情直连,2026-08-25
301223,中荣股份,16.3300000000,16.1600000000,8992080.0000000000,5540.0000000000,0.0105000000,0.0899208000,东方财富沪深京A股延迟行情直连,2026-08-25
002533,金杯电工,11.1900000000,11.1500000000,8987208.0000000000,8055.0000000000,0.0036000000,0.0898720800,东方财富沪深京A股延迟行情直连,2026-08-25
002016,世荣兆业,4.5300000000,4.4700000000,8982694.0000000000,19924.0000000000,0.0134000000,0.0898269400,东方财富沪深京A股延迟行情直连,2026-08-25
000877,天山股份,3.6900000000,3.6500000000,8980566.0000000000,24482.0000000000,0.0110000000,0.0898056600,东方财富沪深京A股延迟行情直连,2026-08-25
300992,泰福泵业,24.2200000000,23.9800000000,8972219.0000000000,3752.0000000000,0.0100000000,0.0897221900,东方财富沪深京A股延迟行情直连,2026-08-25
002441,众业达,7.8300000000,7.7200000000,8965022.0000000000,11545.0000000000,0.0142000000,0.0896502200,东方财富沪深京A股延迟行情直连,2026-08-25
688657,浩辰软件,32.5000000000,32.4600000000,8945190.0000000000,2781.0000000000,0.0012000000,0.0894519000,东方财富沪深京A股延迟行情直连,2026-08-25
301206,三元生物,23.8300000000,23.5800000000,8931850.0000000000,3765.0000000000,0.0106000000,0.0893185000,东方财富沪深京A股延迟行情直连,2026-08-25
603201,常润股份,14.7100000000,14.6500000000,8922977.0000000000,6099.0000000000,0.0041000000,0.0892297700,东方财富沪深京A股延迟行情直连,2026-08-25
300195,长荣股份,5.5400000000,5.5000000000,8916138.3000000007,16257.0000000000,0.0073000000,0.0891613830,东方财富沪深京A股延迟行情直连,2026-08-25
600278,东方创业,6.2500000000,6.1400000000,8913008.0000000000,14323.0000000000,0.0179000000,0.0891300800,东方财富沪深京A股延迟行情直连,2026-08-25
600249,两面针,5.2700000000,5.2100000000,8912222.0000000000,16981.0000000000,0.0115000000,0.0891222200,东方财富沪深京A股延迟行情直连,2026-08-25
920100,三协电机,31.1600000000,31.4600000000,8909857.3900000006,2852.0000000000,-0.0095000000,0.0890985739,东方财富沪深京A股延迟行情直连,2026-08-25
605369,拱东医疗,16.5000000000,16.9700000000,8909011.0000000000,5363.0000000000,-0.0277000000,0.0890901100,东方财富沪深京A股延迟行情直连,2026-08-25
600358,国旅联合,5.0400000000,4.9900000000,8908275.0000000000,17651.0000000000,0.0100000000,0.0890827500,东方财富沪深京A股延迟行情直连,2026-08-25
301303,真兰仪表,14.1200000000,14.0500000000,8900341.1999999993,6361.0000000000,0.0050000000,0.0890034120,东方财富沪深京A股延迟行情直连,2026-08-25
600939,重庆建工,2.6400000000,2.5800000000,8870827.0000000000,33930.0000000000,0.0233000000,0.0887082700,东方财富沪深京A股延迟行情直连,2026-08-25
001299,美能能源,10.0600000000,9.9300000000,8864358.3000000007,8888.0000000000,0.0131000000,0.0886435830,东方财富沪深京A股延迟行情直连,2026-08-25
000633,合金投资,5.3300000000,5.2900000000,8864312.0000000000,16772.0000000000,0.0076000000,0.0886431200,东方财富沪深京A股延迟行情直连,2026-08-25
300977,深圳瑞捷,16.2300000000,16.1000000000,8856672.0000000000,5493.0000000000,0.0081000000,0.0885667200,东方财富沪深京A股延迟行情直连,2026-08-25
603917,合力科技,12.4000000000,12.1900000000,8838945.0000000000,7216.0000000000,0.0172000000,0.0883894500,东方财富沪深京A股延迟行情直连,2026-08-25
603167,渤海轮渡,8.7900000000,8.7700000000,8838940.0000000000,10059.0000000000,0.0023000000,0.0883894000,东方财富沪深京A股延迟行情直连,2026-08-25
920405,海希通讯,16.7300000000,16.4500000000,8781460.0800000001,5394.0000000000,0.0170000000,0.0878146008,东方财富沪深京A股延迟行情直连,2026-08-25
300987,川网传媒,13.2600000000,13.0900000000,8780658.0000000000,6689.0000000000,0.0130000000,0.0878065800,东方财富沪深京A股延迟行情直连,2026-08-25
000652,泰达股份,3.4300000000,3.4000000000,8776683.0000000000,25686.0000000000,0.0088000000,0.0877668300,东方财富沪深京A股延迟行情直连,2026-08-25
603839,安正时尚,7.1700000000,7.0800000000,8776422.0000000000,12323.0000000000,0.0127000000,0.0877642200,东方财富沪深京A股延迟行情直连,2026-08-25
688004,博汇科技,21.4000000000,21.2000000000,8748867.0000000000,4124.0000000000,0.0094000000,0.0874886700,东方财富沪深京A股延迟行情直连,2026-08-25
603309,维力医疗,11.3500000000,11.3000000000,8744105.0000000000,7749.0000000000,0.0044000000,0.0874410500,东方财富沪深京A股延迟行情直连,2026-08-25
603091,众鑫股份,49.5900000000,49.2900000000,8733132.0000000000,1755.0000000000,0.0061000000,0.0873313200,东方财富沪深京A股延迟行情直连,2026-08-25
603863,松炀资源,12.5500000000,12.4500000000,8731473.0000000000,7044.0000000000,0.0080000000,0.0873147300,东方财富沪深京A股延迟行情直连,2026-08-25
002905,金逸影视,7.8100000000,7.6600000000,8717522.9199999999,11271.0000000000,0.0196000000,0.0871752292,东方财富沪深京A股延迟行情直连,2026-08-25
300807,天迈科技,36.4300000000,35.9400000000,8714540.0000000000,2438.0000000000,0.0136000000,0.0871454000,东方财富沪深京A股延迟行情直连,2026-08-25
300271,华宇软件,5.3900000000,5.3100000000,8708215.0000000000,16329.0000000000,0.0151000000,0.0870821500,东方财富沪深京A股延迟行情直连,2026-08-25
601065,江盐集团,6.8700000000,6.8300000000,8708042.0000000000,12721.0000000000,0.0059000000,0.0870804200,东方财富沪深京A股延迟行情直连,2026-08-25
301469,恒达新材,28.9200000000,28.4900000000,8673967.4600000009,3020.0000000000,0.0151000000,0.0867396746,东方财富沪深京A股延迟行情直连,2026-08-25
600622,光大嘉宝,2.2500000000,2.2100000000,8666379.0000000000,38910.0000000000,0.0181000000,0.0866637900,东方财富沪深京A股延迟行情直连,2026-08-25
001379,腾达科技,15.9700000000,15.9000000000,8647841.0000000000,5465.0000000000,0.0044000000,0.0864784100,东方财富沪深京A股延迟行情直连,2026-08-25
688283,坤恒顺维,27.5300000000,27.7200000000,8646814.0000000000,3172.0000000000,-0.0069000000,0.0864681400,东方财富沪深京A股延迟行情直连,2026-08-25
603076,乐惠国际,20.4500000000,20.2800000000,8640636.0000000000,4257.0000000000,0.0084000000,0.0864063600,东方财富沪深京A股延迟行情直连,2026-08-25
600533,栖霞建设,2.1700000000,2.1400000000,8640448.0000000000,40070.0000000000,0.0140000000,0.0864044800,东方财富沪深京A股延迟行情直连,2026-08-25
600671,天目药业,20.0200000000,19.8400000000,8612130.0000000000,4317.0000000000,0.0091000000,0.0861213000,东方财富沪深京A股延迟行情直连,2026-08-25
601956,东贝集团,4.9300000000,4.8600000000,8610338.0000000000,17603.0000000000,0.0144000000,0.0861033800,东方财富沪深京A股延迟行情直连,2026-08-25
600724,宁波富达,5.0400000000,4.9800000000,8599187.0000000000,17176.0000000000,0.0120000000,0.0859918700,东方财富沪深京A股延迟行情直连,2026-08-25
000637,茂化实华,4.0600000000,3.9900000000,8593996.0000000000,21318.0000000000,0.0175000000,0.0859399600,东方财富沪深京A股延迟行情直连,2026-08-25
688458,美芯晟,32.6900000000,33.3200000000,8589866.0000000000,2632.0000000000,-0.0189000000,0.0858986600,东方财富沪深京A股延迟行情直连,2026-08-25
300701,森霸传感,9.6700000000,9.5600000000,8556082.0000000000,8943.0000000000,0.0115000000,0.0855608200,东方财富沪深京A股延迟行情直连,2026-08-25
605567,春雪食品,9.2000000000,9.0200000000,8541828.0000000000,9374.0000000000,0.0200000000,0.0854182800,东方财富沪深京A股延迟行情直连,2026-08-25
300543,朗科智能,7.7200000000,7.6100000000,8533860.0000000000,11190.0000000000,0.0145000000,0.0853386000,东方财富沪深京A股延迟行情直连,2026-08-25
300800,力合科技,9.9800000000,9.8800000000,8526720.0000000000,8616.0000000000,0.0101000000,0.0852672000,东方财富沪深京A股延迟行情直连,2026-08-25
603787,新日股份,10.2700000000,10.1300000000,8513123.0000000000,8331.0000000000,0.0138000000,0.0851312300,东方财富沪深京A股延迟行情直连,2026-08-25
920081,欧伦电气,41.1600000000,41.1200000000,8495914.0099999998,2075.0000000000,0.0010000000,0.0849591401,东方财富沪深京A股延迟行情直连,2026-08-25
603273,天元智能,14.5900000000,14.4100000000,8493952.0000000000,5869.0000000000,0.0125000000,0.0849395200,东方财富沪深京A股延迟行情直连,2026-08-25
920981,晶赛科技,28.0900000000,28.5200000000,8264259.7400000002,2951.0000000000,-0.0151000000,0.0826425974,东方财富沪深京A股延迟行情直连,2026-08-25
001219,青岛食品,12.5400000000,12.4200000000,8247300.8600000003,6606.0000000000,0.0097000000,0.0824730086,东方财富沪深京A股延迟行情直连,2026-08-25
301103,何氏眼科,16.6400000000,16.3900000000,8236339.4000000004,4993.0000000000,0.0153000000,0.0823633940,东方财富沪深京A股延迟行情直连,2026-08-25
605266,健之佳,16.6700000000,16.4600000000,8218443.0000000000,4958.0000000000,0.0128000000,0.0821844300,东方财富沪深京A股延迟行情直连,2026-08-25
920139,华岭股份,14.8300000000,14.7000000000,8213871.4000000004,5564.0000000000,0.0088000000,0.0821387140,东方财富沪深京A股延迟行情直连,2026-08-25
300183,东软载波,10.3700000000,10.2700000000,8208044.0000000000,7963.0000000000,0.0097000000,0.0820804400,东方财富沪深京A股延迟行情直连,2026-08-25
301318,维海德,20.6400000000,20.4300000000,8206807.0000000000,4013.0000000000,0.0103000000,0.0820680700,东方财富沪深京A股延迟行情直连,2026-08-25
688755,汉邦科技,26.5800000000,26.8600000000,8200473.0000000000,3105.0000000000,-0.0104000000,0.0820047300,东方财富沪深京A股延迟行情直连,2026-08-25
002462,嘉事堂,12.1300000000,11.9600000000,8199069.0000000000,6808.0000000000,0.0142000000,0.0819906900,东方财富沪深京A股延迟行情直连,2026-08-25
301016,雷尔伟,11.9300000000,11.8600000000,8194685.2000000002,6925.0000000000,0.0059000000,0.0819468520,东方财富沪深京A股延迟行情直连,2026-08-25
300550,和仁科技,11.3900000000,11.4000000000,8193553.0000000000,7273.0000000000,-0.0009000000,0.0819355300,东方财富沪深京A股延迟行情直连,2026-08-25
002374,中锐股份,3.0800000000,3.0400000000,8185165.0000000000,26874.0000000000,0.0132000000,0.0818516500,东方财富沪深京A股延迟行情直连,2026-08-25
688355,明志科技,17.4900000000,17.3900000000,8183439.0000000000,4750.0000000000,0.0058000000,0.0818343900,东方财富沪深京A股延迟行情直连,2026-08-25
920970,大禹生物,6.0400000000,5.8400000000,8180013.8200000003,13634.0000000000,0.0342000000,0.0818001382,东方财富沪深京A股延迟行情直连,2026-08-25
600218,全柴动力,7.6600000000,7.5200000000,8176757.0000000000,10781.0000000000,0.0186000000,0.0817675700,东方财富沪深京A股延迟行情直连,2026-08-25
920351,华光源海,12.7300000000,12.8000000000,8176007.4000000004,6442.0000000000,-0.0055000000,0.0817600740,东方财富沪深京A股延迟行情直连,2026-08-25
688298,东方生物,18.8800000000,18.7100000000,8169378.0000000000,4367.0000000000,0.0091000000,0.0816937800,东方财富沪深京A股延迟行情直连,2026-08-25
600802,福建水泥,4.6300000000,4.5500000000,8152623.0000000000,17761.0000000000,0.0176000000,0.0815262300,东方财富沪深京A股延迟行情直连,2026-08-25
000869,张  裕Ａ,16.0500000000,15.9300000000,8144099.0599999996,5101.0000000000,0.0075000000,0.0814409906,东方财富沪深京A股延迟行情直连,2026-08-25
603239,浙江仙通,14.0900000000,14.1000000000,8143696.0000000000,5807.0000000000,-0.0007000000,0.0814369600,东方财富沪深京A股延迟行情直连,2026-08-25
603289,泰瑞机器,8.8200000000,8.7400000000,8138598.0000000000,9315.0000000000,0.0092000000,0.0813859800,东方财富沪深京A股延迟行情直连,2026-08-25
002205,国统股份,10.7100000000,10.4900000000,8138213.0000000000,7706.0000000000,0.0210000000,0.0813821300,东方财富沪深京A股延迟行情直连,2026-08-25
301167,建研设计,14.4500000000,14.2700000000,8129067.0000000000,5682.0000000000,0.0126000000,0.0812906700,东方财富沪深京A股延迟行情直连,2026-08-25
603500,祥和实业,9.2600000000,9.2400000000,8114953.0000000000,8815.0000000000,0.0022000000,0.0811495300,东方财富沪深京A股延迟行情直连,2026-08-25
605300,佳禾食品,9.7800000000,9.5500000000,8113020.0000000000,8385.0000000000,0.0241000000,0.0811302000,东方财富沪深京A股延迟行情直连,2026-08-25
301226,祥明智能,28.0500000000,28.4600000000,8107373.0000000000,2906.0000000000,-0.0144000000,0.0810737300,东方财富沪深京A股延迟行情直连,2026-08-25
688562,航天软件,13.9200000000,13.9000000000,8100624.0000000000,5852.0000000000,0.0014000000,0.0810062400,东方财富沪深京A股延迟行情直连,2026-08-25
688366,昊海生科,29.3900000000,29.4500000000,8096941.0000000000,2747.0000000000,-0.0020000000,0.0809694100,东方财富沪深京A股延迟行情直连,2026-08-25
300771,智莱科技,11.2800000000,11.2100000000,8073480.0000000000,7204.0000000000,0.0062000000,0.0807348000,东方财富沪深京A股延迟行情直连,2026-08-25
605077,华康股份,10.8700000000,10.7800000000,8063505.0000000000,7473.0000000000,0.0083000000,0.0806350500,东方财富沪深京A股延迟行情直连,2026-08-25
603600,永艺股份,9.6200000000,9.5500000000,8056574.0000000000,8433.0000000000,0.0073000000,0.0805657400,东方财富沪深京A股延迟行情直连,2026-08-25
300141,和顺电气,9.7900000000,9.7400000000,8054935.0000000000,8319.0000000000,0.0051000000,0.0805493500,东方财富沪深京A股延迟行情直连,2026-08-25
300640,德艺文创,6.7300000000,6.7000000000,8052618.3600000003,12056.0000000000,0.0045000000,0.0805261836,东方财富沪深京A股延迟行情直连,2026-08-25
688398,赛特新材,19.7900000000,19.8300000000,8047974.0000000000,4085.0000000000,-0.0020000000,0.0804797400,东方财富沪深京A股延迟行情直连,2026-08-25
605158,华达新材,7.6200000000,7.5500000000,8045538.0000000000,10577.0000000000,0.0093000000,0.0804553800,东方财富沪深京A股延迟行情直连,2026-08-25
603020,爱普股份,9.8700000000,9.8600000000,8043890.0000000000,8186.0000000000,0.0010000000,0.0804389000,东方财富沪深京A股延迟行情直连,2026-08-25
605003,众望布艺,22.1600000000,21.9100000000,8039214.0000000000,3659.0000000000,0.0114000000,0.0803921400,东方财富沪深京A股延迟行情直连,2026-08-25
002656,摩登大道,2.9800000000,2.9500000000,8038435.0000000000,27141.0000000000,0.0102000000,0.0803843500,东方财富沪深京A股延迟行情直连,2026-08-25
300982,苏文电能,14.7000000000,14.5900000000,8037206.0000000000,5522.0000000000,0.0075000000,0.0803720600,东方财富沪深京A股延迟行情直连,2026-08-25
300494,盛天网络,8.1100000000,8.0700000000,8019968.0000000000,9934.0000000000,0.0050000000,0.0801996800,东方财富沪深京A股延迟行情直连,2026-08-25
300350,华鹏飞,4.3500000000,4.2800000000,8007352.0000000000,18578.0000000000,0.0164000000,0.0800735200,东方财富沪深京A股延迟行情直连,2026-08-25
600137,浪莎股份,18.1200000000,18.0400000000,7993635.0000000000,4460.0000000000,0.0044000000,0.0799363500,东方财富沪深京A股延迟行情直连,2026-08-25
003027,同兴科技,16.4300000000,16.5200000000,7981753.0000000000,4870.0000000000,-0.0054000000,0.0798175300,东方财富沪深京A股延迟行情直连,2026-08-25
301107,瑜欣电子,19.8100000000,19.8700000000,7977497.0000000000,4057.0000000000,-0.0030000000,0.0797749700,东方财富沪深京A股延迟行情直连,2026-08-25
301515,港通医疗,19.5200000000,19.0800000000,7970627.0000000000,4137.0000000000,0.0231000000,0.0797062700,东方财富沪深京A股延迟行情直连,2026-08-25
603126,中材节能,6.0400000000,5.9700000000,7955997.0000000000,13260.0000000000,0.0117000000,0.0795599700,东方财富沪深京A股延迟行情直连,2026-08-25
605507,国邦医药,15.4200000000,15.3800000000,7908521.0000000000,5138.0000000000,0.0026000000,0.0790852100,东方财富沪深京A股延迟行情直连,2026-08-25
600173,卧龙新能,6.0700000000,6.0100000000,7906378.0000000000,13134.0000000000,0.0100000000,0.0790637800,东方财富沪深京A股延迟行情直连,2026-08-25
002623,亚玛顿,15.5200000000,15.5000000000,7900308.0000000000,5134.0000000000,0.0013000000,0.0790030800,东方财富沪深京A股延迟行情直连,2026-08-25
688118,普元信息,19.8500000000,19.8100000000,7887745.0000000000,3996.0000000000,0.0020000000,0.0788774500,东方财富沪深京A股延迟行情直连,2026-08-25
603080,新疆火炬,19.6500000000,19.6400000000,7885804.0000000000,4022.0000000000,0.0005000000,0.0788580400,东方财富沪深京A股延迟行情直连,2026-08-25
300926,博俊科技,16.9100000000,16.9800000000,7884226.7999999998,4662.0000000000,-0.0041000000,0.0788422680,东方财富沪深京A股延迟行情直连,2026-08-25
300417,南华仪器,11.1300000000,10.9700000000,7878204.0000000000,7141.0000000000,0.0146000000,0.0787820400,东方财富沪深京A股延迟行情直连,2026-08-25
300712,永福股份,19.1600000000,19.0300000000,7875294.0000000000,4148.0000000000,0.0068000000,0.0787529400,东方财富沪深京A股延迟行情直连,2026-08-25
688232,新点软件,17.9400000000,17.9100000000,7870702.0000000000,4409.0000000000,0.0017000000,0.0787070200,东方财富沪深京A股延迟行情直连,2026-08-25
600560,金自天正,11.1800000000,11.0000000000,7860394.0000000000,7091.0000000000,0.0164000000,0.0786039400,东方财富沪深京A股延迟行情直连,2026-08-25
002058,威尔泰,16.0700000000,15.9300000000,7855358.0000000000,4964.0000000000,0.0088000000,0.0785535800,东方财富沪深京A股延迟行情直连,2026-08-25
002363,隆基机械,6.5400000000,6.4400000000,7852366.0000000000,12122.0000000000,0.0155000000,0.0785236600,东方财富沪深京A股延迟行情直连,2026-08-25
301192,泰祥股份,20.2100000000,19.8400000000,7852008.0000000000,3947.0000000000,0.0186000000,0.0785200800,东方财富沪深京A股延迟行情直连,2026-08-25
002480,新筑股份,5.3100000000,5.3300000000,7845571.0000000000,14811.0000000000,-0.0038000000,0.0784557100,东方财富沪深京A股延迟行情直连,2026-08-25
301220,亚香股份,27.8100000000,27.4700000000,7834266.0000000000,2846.0000000000,0.0124000000,0.0783426600,东方财富沪深京A股延迟行情直连,2026-08-25
002830,名雕股份,13.7300000000,13.7000000000,7806942.5999999996,5745.0000000000,0.0022000000,0.0780694260,东方财富沪深京A股延迟行情直连,2026-08-25
600551,时代出版,6.8800000000,6.8300000000,7803017.0000000000,11377.0000000000,0.0073000000,0.0780301700,东方财富沪深京A股延迟行情直连,2026-08-25
002767,先锋电子,17.8800000000,17.8500000000,7791372.0000000000,4398.0000000000,0.0017000000,0.0779137200,东方财富沪深京A股延迟行情直连,2026-08-25
688671,碧兴物联,24.0000000000,23.9200000000,7776174.0000000000,3247.0000000000,0.0033000000,0.0777617400,东方财富沪深京A股延迟行情直连,2026-08-25
603755,日辰股份,23.4300000000,23.0600000000,7762282.0000000000,3342.0000000000,0.0160000000,0.0776228200,东方财富沪深京A股延迟行情直连,2026-08-25
301339,通行宝,10.9900000000,10.8700000000,7753114.0499999998,7101.0000000000,0.0110000000,0.0775311405,东方财富沪深京A股延迟行情直连,2026-08-25
300796,贝斯美,6.7600000000,6.6600000000,7743747.0000000000,11522.0000000000,0.0150000000,0.0774374700,东方财富沪深京A股延迟行情直连,2026-08-25
300288,朗玛信息,9.8400000000,9.7100000000,7738415.0000000000,7939.0000000000,0.0134000000,0.0773841500,东方财富沪深京A股延迟行情直连,2026-08-25
920096,嘉晨智能,32.9400000000,33.2000000000,7731894.2400000002,2354.0000000000,-0.0078000000,0.0773189424,东方财富沪深京A股延迟行情直连,2026-08-25
688768,容知日新,40.4000000000,40.3000000000,7724835.0000000000,1918.0000000000,0.0025000000,0.0772483500,东方财富沪深京A股延迟行情直连,2026-08-25
300653,正海生物,14.9200000000,14.7800000000,7711628.0000000000,5195.0000000000,0.0095000000,0.0771162800,东方财富沪深京A股延迟行情直连,2026-08-25
603680,今创集团,10.1700000000,10.1800000000,7696582.0000000000,7609.0000000000,-0.0010000000,0.0769658200,东方财富沪深京A股延迟行情直连,2026-08-25
001387,雪祺电气,12.1000000000,11.9500000000,7670188.0000000000,6396.0000000000,0.0126000000,0.0767018800,东方财富沪深京A股延迟行情直连,2026-08-25
300965,恒宇信通,43.4200000000,42.6600000000,7669596.0000000000,1795.0000000000,0.0178000000,0.0766959600,东方财富沪深京A股延迟行情直连,2026-08-25
603421,鼎信通讯,5.8700000000,5.8200000000,7668258.0000000000,13176.0000000000,0.0086000000,0.0766825800,东方财富沪深京A股延迟行情直连,2026-08-25
300722,新余国科,20.8700000000,20.7600000000,7665978.0000000000,3690.0000000000,0.0053000000,0.0766597800,东方财富沪深京A股延迟行情直连,2026-08-25
002765,蓝黛科技,6.9000000000,6.8900000000,7622765.0000000000,11087.0000000000,0.0015000000,0.0762276500,东方财富沪深京A股延迟行情直连,2026-08-25
003011,海象新材,20.4600000000,20.3100000000,7829199.4000000004,3847.0000000000,0.0074000000,0.0782919940,东方财富沪深京A股延迟行情直连,2026-08-25
603276,恒兴新材,15.8900000000,15.8800000000,7829182.0000000000,4945.0000000000,0.0006000000,0.0782918200,东方财富沪深京A股延迟行情直连,2026-08-25
002869,金溢科技,16.0300000000,15.9300000000,7817227.0000000000,4931.0000000000,0.0063000000,0.0781722700,东方财富沪深京A股延迟行情直连,2026-08-25
002933,新兴装备,26.3500000000,26.1800000000,7795491.0000000000,2985.0000000000,0.0065000000,0.0779549100,东方财富沪深京A股延迟行情直连,2026-08-25
301585,蓝宇股份,26.2700000000,26.7000000000,7792953.0000000000,2968.0000000000,-0.0161000000,0.0779295300,东方财富沪深京A股延迟行情直连,2026-08-25
603326,我乐家居,7.0800000000,6.9900000000,7791791.0000000000,11101.0000000000,0.0129000000,0.0779179100,东方财富沪深京A股延迟行情直连,2026-08-25
600689,上海三毛,10.7700000000,10.6300000000,7782538.0000000000,7278.0000000000,0.0132000000,0.0778253800,东方财富沪深京A股延迟行情直连,2026-08-25
920402,硅烷科技,8.5400000000,8.5600000000,7774148.1500000004,9082.0000000000,-0.0023000000,0.0777414815,东方财富沪深京A股延迟行情直连,2026-08-25
601968,宝钢包装,4.4300000000,4.3800000000,7772901.0000000000,17592.0000000000,0.0114000000,0.0777290100,东方财富沪深京A股延迟行情直连,2026-08-25
688314,康拓医疗,31.2100000000,30.7600000000,7770679.0000000000,2509.0000000000,0.0146000000,0.0777067900,东方财富沪深京A股延迟行情直连,2026-08-25
600099,林海股份,9.0700000000,9.0100000000,7753687.0000000000,8602.0000000000,0.0067000000,0.0775368700,东方财富沪深京A股延迟行情直连,2026-08-25
603097,江苏华辰,19.0700000000,19.2700000000,7744718.0000000000,4086.0000000000,-0.0104000000,0.0774471800,东方财富沪深京A股延迟行情直连,2026-08-25
300621,维业股份,7.3400000000,7.2000000000,7738719.0000000000,10693.0000000000,0.0194000000,0.0773871900,东方财富沪深京A股延迟行情直连,2026-08-25
300695,兆丰股份,48.2200000000,48.5600000000,7733082.0000000000,1619.0000000000,-0.0070000000,0.0773308200,东方财富沪深京A股延迟行情直连,2026-08-25
688236,春立医疗,14.3000000000,14.2400000000,7730977.0000000000,5405.0000000000,0.0042000000,0.0773097700,东方财富沪深京A股延迟行情直连,2026-08-25
605005,合兴股份,15.5900000000,15.7800000000,7721900.0000000000,4978.0000000000,-0.0120000000,0.0772190000,东方财富沪深京A股延迟行情直连,2026-08-25
300305,裕兴股份,6.0200000000,5.9800000000,7708581.0000000000,12902.0000000000,0.0067000000,0.0770858100,东方财富沪深京A股延迟行情直连,2026-08-25
600135,乐凯胶片,7.2400000000,7.1800000000,7699127.0000000000,10722.0000000000,0.0084000000,0.0769912700,东方财富沪深京A股延迟行情直连,2026-08-25
002096,易普力,9.2600000000,9.2400000000,7691136.0000000000,8317.0000000000,0.0022000000,0.0769113600,东方财富沪深京A股延迟行情直连,2026-08-25
920130,立方控股,16.8200000000,16.6300000000,7674420.0099999998,4571.0000000000,0.0114000000,0.0767442001,东方财富沪深京A股延迟行情直连,2026-08-25
603041,美思德,11.1100000000,10.9300000000,7670081.0000000000,6952.0000000000,0.0165000000,0.0767008100,东方财富沪深京A股延迟行情直连,2026-08-25
002088,鲁阳节能,8.2800000000,8.2200000000,7664599.0000000000,9279.0000000000,0.0073000000,0.0766459900,东方财富沪深京A股延迟行情直连,2026-08-25
600742,富维股份,7.6600000000,7.5800000000,7650053.0000000000,10034.0000000000,0.0106000000,0.0765005300,东方财富沪深京A股延迟行情直连,2026-08-25
301256,华融化学,9.9500000000,10.0200000000,7642528.0000000000,7710.0000000000,-0.0070000000,0.0764252800,东方财富沪深京A股延迟行情直连,2026-08-25
301533,威马农机,27.1400000000,26.6900000000,7640606.0000000000,2849.0000000000,0.0169000000,0.0764060600,东方财富沪深京A股延迟行情直连,2026-08-25
300923,研奥股份,24.9700000000,24.4800000000,7629416.0000000000,3092.0000000000,0.0200000000,0.0762941600,东方财富沪深京A股延迟行情直连,2026-08-25
301135,瑞德智能,16.8300000000,16.6400000000,7622690.0999999996,4569.0000000000,0.0114000000,0.0762269010,东方财富沪深京A股延迟行情直连,2026-08-25
300928,华安鑫创,25.3000000000,25.0900000000,7594031.0000000000,3028.0000000000,0.0084000000,0.0759403100,东方财富沪深京A股延迟行情直连,2026-08-25
002641,公元股份,3.9600000000,3.9300000000,7575305.0000000000,19165.0000000000,0.0076000000,0.0757530500,东方财富沪深京A股延迟行情直连,2026-08-25
688680,海优新材,33.2300000000,33.1500000000,7549187.0000000000,2293.0000000000,0.0024000000,0.0754918700,东方财富沪深京A股延迟行情直连,2026-08-25
300915,海融科技,20.4500000000,19.9700000000,7548732.0000000000,3728.0000000000,0.0240000000,0.0754873200,东方财富沪深京A股延迟行情直连,2026-08-25
605255,天普股份,66.6800000000,66.2800000000,7546866.0000000000,1130.0000000000,0.0060000000,0.0754686600,东方财富沪深京A股延迟行情直连,2026-08-25
600007,中国国贸,18.9400000000,19.0000000000,7543117.0000000000,3974.0000000000,-0.0032000000,0.0754311700,东方财富沪深京A股延迟行情直连,2026-08-25
603098,森特股份,10.1200000000,10.1300000000,7508905.0000000000,7468.0000000000,-0.0010000000,0.0750890500,东方财富沪深京A股延迟行情直连,2026-08-25
300187,永清环保,4.5900000000,4.5700000000,7492541.0000000000,16413.0000000000,0.0044000000,0.0749254100,东方财富沪深京A股延迟行情直连,2026-08-25
301181,标榜股份,22.8500000000,22.7300000000,7491262.4800000004,3309.0000000000,0.0053000000,0.0749126248,东方财富沪深京A股延迟行情直连,2026-08-25
688665,四方光电,42.9600000000,43.1500000000,7489083.0000000000,1749.0000000000,-0.0044000000,0.0748908300,东方财富沪深京A股延迟行情直连,2026-08-25
301367,瑞迈特,42.5600000000,42.4000000000,7461251.0000000000,1761.0000000000,0.0038000000,0.0746125100,东方财富沪深京A股延迟行情直连,2026-08-25
301019,宁波色母,15.1100000000,14.8700000000,7449892.5599999996,4977.0000000000,0.0161000000,0.0744989256,东方财富沪深京A股延迟行情直连,2026-08-25
301097,天益医疗,33.3400000000,33.2000000000,7432582.8600000003,2245.0000000000,0.0042000000,0.0743258286,东方财富沪深京A股延迟行情直连,2026-08-25
920247,华密新材,13.8300000000,13.7500000000,7412661.0300000003,5360.0000000000,0.0058000000,0.0741266103,东方财富沪深京A股延迟行情直连,2026-08-25
688067,爱威科技,22.8100000000,22.5500000000,7396409.0000000000,3278.0000000000,0.0115000000,0.0739640900,东方财富沪深京A股延迟行情直连,2026-08-25
000521,长虹美菱,4.8500000000,4.8100000000,7395946.5400000000,15304.0000000000,0.0083000000,0.0739594654,东方财富沪深京A股延迟行情直连,2026-08-25
603797,联泰环保,4.7600000000,4.7400000000,7391698.0000000000,15654.0000000000,0.0042000000,0.0739169800,东方财富沪深京A股延迟行情直连,2026-08-25
000401,金隅冀东,3.5600000000,3.5300000000,7381095.0000000000,20798.0000000000,0.0085000000,0.0738109500,东方财富沪深京A股延迟行情直连,2026-08-25
603266,天龙股份,15.5700000000,15.5000000000,7371359.0000000000,4771.0000000000,0.0045000000,0.0737135900,东方财富沪深京A股延迟行情直连,2026-08-25
000619,海螺新材,4.8800000000,4.8100000000,7365552.0000000000,15189.0000000000,0.0146000000,0.0736555200,东方财富沪深京A股延迟行情直连,2026-08-25
300484,蓝海华腾,12.6700000000,12.6000000000,7362324.0000000000,5872.0000000000,0.0056000000,0.0736232400,东方财富沪深京A股延迟行情直连,2026-08-25
603248,锡华科技,18.1600000000,18.0600000000,7357906.0000000000,4066.0000000000,0.0055000000,0.0735790600,东方财富沪深京A股延迟行情直连,2026-08-25
002890,弘宇股份,14.3000000000,14.3300000000,7354884.0000000000,5198.0000000000,-0.0021000000,0.0735488400,东方财富沪深京A股延迟行情直连,2026-08-25
920211,新睿电子,102.5000000000,103.3000000000,7354330.5099999998,716.0000000000,-0.0077000000,0.0735433051,东方财富沪深京A股延迟行情直连,2026-08-25
605151,西上海,19.3200000000,19.1800000000,7331084.0000000000,3826.0000000000,0.0073000000,0.0733108400,东方财富沪深京A股延迟行情直连,2026-08-25
603813,原尚股份,28.4100000000,28.4800000000,7331016.0000000000,2580.0000000000,-0.0025000000,0.0733101600,东方财富沪深京A股延迟行情直连,2026-08-25
688288,鸿泉技术,18.4500000000,18.1900000000,7320469.0000000000,4014.0000000000,0.0143000000,0.0732046900,东方财富沪深京A股延迟行情直连,2026-08-25
301049,超越科技,20.1800000000,19.8600000000,7317430.0000000000,3660.0000000000,0.0161000000,0.0731743000,东方财富沪深京A股延迟行情直连,2026-08-25
688282,理工导航,54.2500000000,55.1800000000,7315299.0000000000,1351.0000000000,-0.0169000000,0.0731529900,东方财富沪深京A股延迟行情直连,2026-08-25
600708,光明地产,3.0200000000,3.0000000000,7311816.0000000000,24289.0000000000,0.0067000000,0.0731181600,东方财富沪深京A股延迟行情直连,2026-08-25
002661,克明食品,8.0600000000,7.9200000000,7302041.0000000000,9118.0000000000,0.0177000000,0.0730204100,东方财富沪深京A股延迟行情直连,2026-08-25
920478,峆一药业,10.7500000000,10.6900000000,7297939.6799999997,6809.0000000000,0.0056000000,0.0729793968,东方财富沪深京A股延迟行情直连,2026-08-25
600796,钱江生化,5.1300000000,5.0900000000,7296088.0000000000,14279.0000000000,0.0079000000,0.0729608800,东方财富沪深京A股延迟行情直连,2026-08-25
301355,南王科技,10.1000000000,9.9700000000,7292919.0000000000,7267.0000000000,0.0130000000,0.0729291900,东方财富沪深京A股延迟行情直连,2026-08-25
000929,兰州黄河,8.9100000000,8.7600000000,7291485.0000000000,8275.0000000000,0.0171000000,0.0729148500,东方财富沪深京A股延迟行情直连,2026-08-25
600668,尖峰集团,7.3200000000,7.2400000000,7286632.0000000000,10007.0000000000,0.0110000000,0.0728663200,东方财富沪深京A股延迟行情直连,2026-08-25
601279,英利汽车,3.2600000000,3.2200000000,7276653.0000000000,22468.0000000000,0.0124000000,0.0727665300,东方财富沪深京A股延迟行情直连,2026-08-25
300230,永利股份,4.2800000000,4.2500000000,7268123.0000000000,17068.0000000000,0.0071000000,0.0726812300,东方财富沪深京A股延迟行情直连,2026-08-25
688217,睿昂基因,24.2600000000,24.2800000000,7268122.0000000000,3019.0000000000,-0.0008000000,0.0726812200,东方财富沪深京A股延迟行情直连,2026-08-25
603258,电魂网络,12.7400000000,12.5600000000,7256360.0000000000,5759.0000000000,0.0143000000,0.0725636000,东方财富沪深京A股延迟行情直连,2026-08-25
603676,卫信康,9.2700000000,9.1400000000,7252698.0000000000,7892.0000000000,0.0142000000,0.0725269800,东方财富沪深京A股延迟行情直连,2026-08-25
920249,利尔达,9.0900000000,9.0700000000,7236346.2900000000,7996.0000000000,0.0022000000,0.0723634629,东方财富沪深京A股延迟行情直连,2026-08-25
301163,宏德股份,23.4200000000,23.2000000000,7220168.0000000000,3104.0000000000,0.0095000000,0.0722016800,东方财富沪深京A股延迟行情直连,2026-08-25
300847,中船汉光,13.7900000000,13.7600000000,7211861.0000000000,5257.0000000000,0.0022000000,0.0721186100,东方财富沪深京A股延迟行情直连,2026-08-25
603275,众辰科技,35.0900000000,34.9200000000,7209437.0000000000,2065.0000000000,0.0049000000,0.0720943700,东方财富沪深京A股延迟行情直连,2026-08-25
300220,金运激光,10.8800000000,10.7600000000,7200894.0000000000,6682.0000000000,0.0112000000,0.0720089400,东方财富沪深京A股延迟行情直连,2026-08-25
300993,玉马科技,9.8800000000,9.7600000000,7182688.0000000000,7348.0000000000,0.0123000000,0.0718268800,东方财富沪深京A股延迟行情直连,2026-08-25
300614,百川畅银,10.7300000000,10.5800000000,7179490.0000000000,6791.0000000000,0.0142000000,0.0717949000,东方财富沪深京A股延迟行情直连,2026-08-25
600097,开创国际,8.7100000000,8.5400000000,7166462.0000000000,8287.0000000000,0.0199000000,0.0716646200,东方财富沪深京A股延迟行情直连,2026-08-25
300869,康泰医学,11.3300000000,11.2300000000,7155025.4299999997,6339.0000000000,0.0089000000,0.0715502543,东方财富沪深京A股延迟行情直连,2026-08-25
300193,佳士科技,7.6900000000,7.5900000000,7133222.0000000000,9336.0000000000,0.0132000000,0.0713322200,东方财富沪深京A股延迟行情直连,2026-08-25
002672,东江环保,3.7100000000,3.6400000000,7128777.0000000000,19387.0000000000,0.0192000000,0.0712877700,东方财富沪深京A股延迟行情直连,2026-08-25
920509,同惠电子,19.8700000000,19.9400000000,7122194.6299999999,3594.0000000000,-0.0035000000,0.0712219463,东方财富沪深京A股延迟行情直连,2026-08-25
603836,海程邦达,9.1200000000,9.0800000000,7120771.0000000000,7869.0000000000,0.0044000000,0.0712077100,东方财富沪深京A股延迟行情直连,2026-08-25
920119,美德乐,50.3300000000,51.5200000000,7111330.9900000002,1412.0000000000,-0.0231000000,0.0711133099,东方财富沪深京A股延迟行情直连,2026-08-25
920489,佳先股份,12.5400000000,12.3800000000,7111081.6399999997,5727.0000000000,0.0129000000,0.0711108164,东方财富沪深京A股延迟行情直连,2026-08-25
601033,永兴股份,14.2400000000,14.2900000000,7111065.0000000000,4966.0000000000,-0.0035000000,0.0711106500,东方财富沪深京A股延迟行情直连,2026-08-25
301255,通力科技,20.6300000000,20.3100000000,7101872.0000000000,3489.0000000000,0.0158000000,0.0710187200,东方财富沪深京A股延迟行情直连,2026-08-25
688113,联测科技,36.1100000000,35.5500000000,7098952.0000000000,1988.0000000000,0.0158000000,0.0709895200,东方财富沪深京A股延迟行情直连,2026-08-25
920856,浩淼科技,12.8100000000,12.9600000000,7098711.4400000004,5541.0000000000,-0.0116000000,0.0709871144,东方财富沪深京A股延迟行情直连,2026-08-25
600117,西宁特钢,2.2600000000,2.2400000000,7087765.0000000000,31465.0000000000,0.0089000000,0.0708776500,东方财富沪深京A股延迟行情直连,2026-08-25
688501,青达环保,13.2000000000,13.0400000000,7075821.0000000000,5425.0000000000,0.0123000000,0.0707582100,东方财富沪深京A股延迟行情直连,2026-08-25
300729,乐歌股份,10.2200000000,10.1500000000,7040082.8799999999,6938.0000000000,0.0069000000,0.0704008288,东方财富沪深京A股延迟行情直连,2026-08-25
603776,永安行,20.3600000000,20.6200000000,7036005.0000000000,3455.0000000000,-0.0126000000,0.0703600500,东方财富沪深京A股延迟行情直连,2026-08-25
605398,新炬网络,20.0500000000,19.8600000000,7028336.0000000000,3541.0000000000,0.0096000000,0.0702833600,东方财富沪深京A股延迟行情直连,2026-08-25
301575,艾芬达,26.1500000000,25.8700000000,7027415.5999999996,2693.0000000000,0.0108000000,0.0702741560,东方财富沪深京A股延迟行情直连,2026-08-25
301121,紫建电子,34.1300000000,34.3300000000,7012634.4500000002,2079.0000000000,-0.0058000000,0.0701263445,东方财富沪深京A股延迟行情直连,2026-08-25
603111,康尼机电,5.8300000000,5.8200000000,6971874.0000000000,12025.0000000000,0.0017000000,0.0697187400,东方财富沪深京A股延迟行情直连,2026-08-25
002529,海源复材,6.9600000000,6.9200000000,6971682.0000000000,10096.0000000000,0.0058000000,0.0697168200,东方财富沪深京A股延迟行情直连,2026-08-25
603586,金麒麟,13.4400000000,13.3000000000,6966806.0000000000,5203.0000000000,0.0105000000,0.0696680600,东方财富沪深京A股延迟行情直连,2026-08-25
603040,新坐标,52.0700000000,52.1000000000,6963624.0000000000,1351.0000000000,-0.0006000000,0.0696362400,东方财富沪深京A股延迟行情直连,2026-08-25
603013,亚普股份,16.1700000000,16.1100000000,6962742.0000000000,4317.0000000000,0.0037000000,0.0696274200,东方财富沪深京A股延迟行情直连,2026-08-25
300636,同和药业,6.8900000000,6.8300000000,6961259.6600000001,10149.0000000000,0.0088000000,0.0696125966,东方财富沪深京A股延迟行情直连,2026-08-25
603055,台华新材,8.7600000000,8.8000000000,6957955.0000000000,7928.0000000000,-0.0045000000,0.0695795500,东方财富沪深京A股延迟行情直连,2026-08-25
002633,申科股份,14.3600000000,14.1800000000,6950925.0000000000,4885.0000000000,0.0127000000,0.0695092500,东方财富沪深京A股延迟行情直连,2026-08-25
300707,威唐工业,12.1800000000,12.0000000000,6949468.0000000000,5773.0000000000,0.0150000000,0.0694946800,东方财富沪深京A股延迟行情直连,2026-08-25
300374,中铁装配,10.7500000000,10.5900000000,6944955.0000000000,6503.0000000000,0.0151000000,0.0694495500,东方财富沪深京A股延迟行情直连,2026-08-25
002662,峰璟股份,3.2300000000,3.2100000000,6943155.0000000000,21564.0000000000,0.0062000000,0.0694315500,东方财富沪深京A股延迟行情直连,2026-08-25
603759,海天股份,7.4700000000,7.4100000000,6942591.0000000000,9338.0000000000,0.0081000000,0.0694259100,东方财富沪深京A股延迟行情直连,2026-08-25
300637,扬帆新材,8.9000000000,8.9300000000,6938814.0000000000,7855.0000000000,-0.0034000000,0.0693881400,东方财富沪深京A股延迟行情直连,2026-08-25
920223,荣亿精密,10.9900000000,11.0900000000,6920484.3099999996,6325.0000000000,-0.0090000000,0.0692048431,东方财富沪深京A股延迟行情直连,2026-08-25
603810,丰山集团,12.3300000000,12.1600000000,6920347.0000000000,5640.0000000000,0.0140000000,0.0692034700,东方财富沪深京A股延迟行情直连,2026-08-25
603238,诺邦股份,12.2900000000,12.1500000000,6914019.0000000000,5661.0000000000,0.0115000000,0.0691401900,东方财富沪深京A股延迟行情直连,2026-08-25
300600,国瑞科技,9.9400000000,9.8100000000,6907593.0000000000,7012.0000000000,0.0133000000,0.0690759300,东方财富沪深京A股延迟行情直连,2026-08-25
603609,禾丰股份,6.3900000000,6.3200000000,6903581.0000000000,10811.0000000000,0.0111000000,0.0690358100,东方财富沪深京A股延迟行情直连,2026-08-25
301499,维科精密,24.2300000000,24.2500000000,6902000.5000000000,2879.0000000000,-0.0008000000,0.0690200050,东方财富沪深京A股延迟行情直连,2026-08-25
300659,中孚信息,10.1900000000,10.0800000000,6897385.9299999997,6840.0000000000,0.0109000000,0.0689738593,东方财富沪深京A股延迟行情直连,2026-08-25
002295,精艺股份,9.0900000000,9.0500000000,6896351.9600000000,7629.0000000000,0.0044000000,0.0689635196,东方财富沪深京A股延迟行情直连,2026-08-25
300955,嘉亨家化,29.3700000000,29.4900000000,6876233.0000000000,2349.0000000000,-0.0041000000,0.0687623300,东方财富沪深京A股延迟行情直连,2026-08-25
920961,创远信科,19.1300000000,19.2500000000,6855491.5499999998,3599.0000000000,-0.0062000000,0.0685549155,东方财富沪深京A股延迟行情直连,2026-08-25
301283,聚胶股份,25.3700000000,25.3400000000,6848172.8600000003,2711.0000000000,0.0012000000,0.0684817286,东方财富沪深京A股延迟行情直连,2026-08-25
603210,泰鸿万立,13.3300000000,13.2400000000,6829187.0000000000,5151.0000000000,0.0068000000,0.0682918700,东方财富沪深京A股延迟行情直连,2026-08-25
603968,醋化股份,10.4600000000,10.3700000000,6824770.0000000000,6570.0000000000,0.0087000000,0.0682477000,东方财富沪深京A股延迟行情直连,2026-08-25
301105,鸿铭股份,46.6800000000,46.1200000000,6816777.0000000000,1475.0000000000,0.0121000000,0.0681677700,东方财富沪深京A股延迟行情直连,2026-08-25
601999,出版传媒,6.0700000000,6.0100000000,6806707.0000000000,11262.0000000000,0.0100000000,0.0680670700,东方财富沪深京A股延迟行情直连,2026-08-25
001269,欧晶科技,18.9400000000,18.9600000000,6792841.0000000000,3613.0000000000,-0.0011000000,0.0679284100,东方财富沪深京A股延迟行情直连,2026-08-25
000605,渤海股份,5.8900000000,5.8600000000,6791940.0000000000,11625.0000000000,0.0051000000,0.0679194000,东方财富沪深京A股延迟行情直连,2026-08-25
000726,鲁  泰Ａ,5.9200000000,5.9000000000,6782982.0000000000,11492.0000000000,0.0034000000,0.0678298200,东方财富沪深京A股延迟行情直连,2026-08-25
920418,苏轴股份,17.9400000000,17.6800000000,6780809.3600000003,3794.0000000000,0.0147000000,0.0678080936,东方财富沪深京A股延迟行情直连,2026-08-25
600217,中再资环,3.1500000000,3.1100000000,6773143.0000000000,21560.0000000000,0.0129000000,0.0677314300,东方财富沪深京A股延迟行情直连,2026-08-25
300160,秀强股份,4.3700000000,4.3200000000,6772094.0000000000,15611.0000000000,0.0116000000,0.0677209400,东方财富沪深京A股延迟行情直连,2026-08-25
000504,南华生物,8.2100000000,8.1400000000,6763014.0000000000,8282.0000000000,0.0086000000,0.0676301400,东方财富沪深京A股延迟行情直连,2026-08-25
688391,钜泉科技,24.8500000000,24.9600000000,6754894.0000000000,2740.0000000000,-0.0044000000,0.0675489400,东方财富沪深京A股延迟行情直连,2026-08-25
300577,开润股份,17.3900000000,17.3200000000,6752486.0000000000,3918.0000000000,0.0040000000,0.0675248600,东方财富沪深京A股延迟行情直连,2026-08-25
603808,歌力思,8.4900000000,8.4500000000,6751196.0000000000,7962.0000000000,0.0047000000,0.0675119600,东方财富沪深京A股延迟行情直连,2026-08-25
301268,铭利达,13.2400000000,13.1700000000,6749800.9699999997,5145.0000000000,0.0053000000,0.0674980097,东方财富沪深京A股延迟行情直连,2026-08-25
688330,宏力达,33.4200000000,33.0800000000,6732719.0000000000,2027.0000000000,0.0103000000,0.0673271900,东方财富沪深京A股延迟行情直连,2026-08-25
600822,上海物贸,8.4900000000,8.3000000000,6728259.0000000000,7991.0000000000,0.0229000000,0.0672825900,东方财富沪深京A股延迟行情直连,2026-08-25
002855,捷荣技术,10.1100000000,10.0000000000,6702171.0000000000,6727.0000000000,0.0110000000,0.0670217100,东方财富沪深京A股延迟行情直连,2026-08-25
002790,瑞尔特,5.9400000000,5.8800000000,6694438.8399999999,11332.0000000000,0.0102000000,0.0669443884,东方财富沪深京A股延迟行情直连,2026-08-25
688560,明冠新材,11.9900000000,11.9300000000,6685275.0000000000,5610.0000000000,0.0050000000,0.0668527500,东方财富沪深京A股延迟行情直连,2026-08-25
603206,嘉环科技,13.6600000000,13.5700000000,6684608.0000000000,4936.0000000000,0.0066000000,0.0668460800,东方财富沪深京A股延迟行情直连,2026-08-25
600405,动力源,4.5600000000,4.5100000000,6654631.0000000000,14751.0000000000,0.0111000000,0.0665463100,东方财富沪深京A股延迟行情直连,2026-08-25
920174,五新智能,28.6900000000,28.5400000000,6651945.8099999996,2315.0000000000,0.0053000000,0.0665194581,东方财富沪深京A股延迟行情直连,2026-08-25
301112,信邦智能,30.3500000000,30.1400000000,6651909.4199999999,2218.0000000000,0.0070000000,0.0665190942,东方财富沪深京A股延迟行情直连,2026-08-25
600720,中交设计,5.1700000000,5.1400000000,6649108.0000000000,12882.0000000000,0.0058000000,0.0664910800,东方财富沪深京A股延迟行情直连,2026-08-25
603059,倍加洁,24.9200000000,24.6200000000,6629940.0000000000,2677.0000000000,0.0122000000,0.0662994000,东方财富沪深京A股延迟行情直连,2026-08-25
603060,国检集团,5.4500000000,5.4000000000,6626839.0000000000,12221.0000000000,0.0093000000,0.0662683900,东方财富沪深京A股延迟行情直连,2026-08-25
601512,中新集团,7.6900000000,7.6300000000,6615227.0000000000,8625.0000000000,0.0079000000,0.0661522700,东方财富沪深京A股延迟行情直连,2026-08-25
600386,北巴传媒,3.4000000000,3.3500000000,6602396.0000000000,19516.0000000000,0.0149000000,0.0660239600,东方财富沪深京A股延迟行情直连,2026-08-25
600774,汉商集团,7.2600000000,7.1700000000,6600382.0000000000,9171.0000000000,0.0126000000,0.0660038200,东方财富沪深京A股延迟行情直连,2026-08-25
603351,威尔药业,26.1500000000,26.3900000000,6599869.0000000000,2518.0000000000,-0.0091000000,0.0659986900,东方财富沪深京A股延迟行情直连,2026-08-25
301560,众捷汽车,22.4600000000,22.3000000000,6591038.0000000000,2966.0000000000,0.0072000000,0.0659103800,东方财富沪深京A股延迟行情直连,2026-08-25
603898,好莱客,11.2700000000,11.1600000000,6578795.0000000000,5865.0000000000,0.0099000000,0.0657879500,东方财富沪深京A股延迟行情直连,2026-08-25
001296,长江材料,19.3400000000,19.2700000000,6572517.0000000000,3427.0000000000,0.0036000000,0.0657251700,东方财富沪深京A股延迟行情直连,2026-08-25
603176,汇通集团,5.0500000000,4.9400000000,6555544.0000000000,13223.0000000000,0.0223000000,0.0655554400,东方财富沪深京A股延迟行情直连,2026-08-25
301311,昆船智能,13.6300000000,13.4200000000,6548688.0000000000,4838.0000000000,0.0156000000,0.0654868800,东方财富沪深京A股延迟行情直连,2026-08-25
600861,北京人力,13.0600000000,12.9400000000,6533445.0000000000,5019.0000000000,0.0093000000,0.0653344500,东方财富沪深京A股延迟行情直连,2026-08-25
300169,天晟新材,5.4800000000,5.4500000000,6531444.0000000000,12003.0000000000,0.0055000000,0.0653144400,东方财富沪深京A股延迟行情直连,2026-08-25
300669,沪宁股份,23.3900000000,23.3400000000,6514253.0000000000,2793.0000000000,0.0021000000,0.0651425300,东方财富沪深京A股延迟行情直连,2026-08-25
603257,中国瑞林,63.1400000000,63.7000000000,6506678.0000000000,1033.0000000000,-0.0088000000,0.0650667800,东方财富沪深京A股延迟行情直连,2026-08-25
002836,新宏泽,9.9500000000,9.8100000000,6505993.1200000001,6626.0000000000,0.0143000000,0.0650599312,东方财富沪深京A股延迟行情直连,2026-08-25
920857,泓禧科技,21.2700000000,21.2400000000,6504841.2800000003,3071.0000000000,0.0014000000,0.0650484128,东方财富沪深京A股延迟行情直连,2026-08-25
688565,力源科技,11.0000000000,11.0100000000,6489977.0000000000,5916.0000000000,-0.0009000000,0.0648997700,东方财富沪深京A股延迟行情直连,2026-08-25
603196,璞源材料,19.0900000000,19.2400000000,6488943.0000000000,3405.0000000000,-0.0078000000,0.0648894300,东方财富沪深京A股延迟行情直连,2026-08-25
688161,威高骨科,21.8300000000,21.7100000000,6471874.0000000000,2971.0000000000,0.0055000000,0.0647187400,东方财富沪深京A股延迟行情直连,2026-08-25
300564,筑博设计,12.5100000000,12.3000000000,6457294.0000000000,5238.0000000000,0.0171000000,0.0645729400,东方财富沪深京A股延迟行情直连,2026-08-25
300218,安利股份,12.6800000000,12.5600000000,6440352.0000000000,5104.0000000000,0.0096000000,0.0644035200,东方财富沪深京A股延迟行情直连,2026-08-25
605298,必得科技,46.7100000000,47.0400000000,6434985.0000000000,1383.0000000000,-0.0070000000,0.0643498500,东方财富沪深京A股延迟行情直连,2026-08-25
301519,舜禹股份,12.1700000000,12.0500000000,6433337.0000000000,5344.0000000000,0.0100000000,0.0643333700,东方财富沪深京A股延迟行情直连,2026-08-25
603053,成都燃气,8.7600000000,8.7000000000,6427033.0000000000,7354.0000000000,0.0069000000,0.0642703300,东方财富沪深京A股延迟行情直连,2026-08-25
300289,利德曼,5.7800000000,5.7500000000,6419447.0000000000,11154.0000000000,0.0052000000,0.0641944700,东方财富沪深京A股延迟行情直连,2026-08-25
603153,上海建科,13.1600000000,13.0500000000,6402756.0000000000,4879.0000000000,0.0084000000,0.0640275600,东方财富沪深京A股延迟行情直连,2026-08-25
603014,威高血净,32.0700000000,31.9400000000,6173024.0000000000,1927.0000000000,0.0041000000,0.0617302400,东方财富沪深京A股延迟行情直连,2026-08-25
003025,思进智能,12.2900000000,12.2800000000,6155436.2000000002,5034.0000000000,0.0008000000,0.0615543620,东方财富沪深京A股延迟行情直连,2026-08-25
600561,江西长运,5.7500000000,5.6600000000,6153693.0000000000,10828.0000000000,0.0159000000,0.0615369300,东方财富沪深京A股延迟行情直连,2026-08-25
301063,海锅股份,18.0300000000,17.8600000000,6142292.0000000000,3437.0000000000,0.0095000000,0.0614229200,东方财富沪深京A股延迟行情直连,2026-08-25
688244,永信至诚,15.1000000000,14.9500000000,6133997.0000000000,4099.0000000000,0.0100000000,0.0613399700,东方财富沪深京A股延迟行情直连,2026-08-25
688335,复洁科技,19.5200000000,19.4700000000,6123830.0000000000,3168.0000000000,0.0026000000,0.0612383000,东方财富沪深京A股延迟行情直连,2026-08-25
002968,新大正,9.2000000000,9.1000000000,6119555.0000000000,6697.0000000000,0.0110000000,0.0611955500,东方财富沪深京A股延迟行情直连,2026-08-25
600579,中化装备,6.8200000000,6.7800000000,6116455.0000000000,9010.0000000000,0.0059000000,0.0611645500,东方财富沪深京A股延迟行情直连,2026-08-25
920019,铜冠矿建,14.5400000000,14.6200000000,6113576.6699999999,4164.0000000000,-0.0055000000,0.0611357667,东方财富沪深京A股延迟行情直连,2026-08-25
600897,厦门空港,14.5900000000,14.4600000000,6087661.0000000000,4187.0000000000,0.0090000000,0.0608766100,东方财富沪深京A股延迟行情直连,2026-08-25
300150,世纪瑞尔,4.2800000000,4.2200000000,6078312.0000000000,14365.0000000000,0.0142000000,0.0607831200,东方财富沪深京A股延迟行情直连,2026-08-25
301501,恒鑫生活,27.8800000000,27.7100000000,6077982.2800000003,2180.0000000000,0.0061000000,0.0607798228,东方财富沪深京A股延迟行情直连,2026-08-25
300810,中科海讯,23.6200000000,23.6500000000,6056619.5000000000,2589.0000000000,-0.0013000000,0.0605661950,东方财富沪深京A股延迟行情直连,2026-08-25
300625,三雄极光,9.5800000000,9.5000000000,6051894.0000000000,6382.0000000000,0.0084000000,0.0605189400,东方财富沪深京A股延迟行情直连,2026-08-25
300247,融捷健康,3.7000000000,3.6700000000,6039235.0000000000,16431.0000000000,0.0082000000,0.0603923500,东方财富沪深京A股延迟行情直连,2026-08-25
603768,常青股份,11.3600000000,11.2400000000,6028595.0000000000,5351.0000000000,0.0107000000,0.0602859500,东方财富沪深京A股延迟行情直连,2026-08-25
000529,广弘控股,5.0000000000,4.9300000000,6016697.0000000000,12103.0000000000,0.0142000000,0.0601669700,东方财富沪深京A股延迟行情直连,2026-08-25
301337,亚华电子,25.7400000000,25.7300000000,6012599.0000000000,2355.0000000000,0.0004000000,0.0601259900,东方财富沪深京A股延迟行情直连,2026-08-25
002521,齐峰新材,6.7500000000,6.6900000000,5993718.0000000000,8893.0000000000,0.0090000000,0.0599371800,东方财富沪深京A股延迟行情直连,2026-08-25
001282,三联锻造,15.8700000000,15.8300000000,5989987.7000000002,3804.0000000000,0.0025000000,0.0598998770,东方财富沪深京A股延迟行情直连,2026-08-25
001336,楚环科技,18.5800000000,18.5300000000,5987881.0000000000,3241.0000000000,0.0027000000,0.0598788100,东方财富沪深京A股延迟行情直连,2026-08-25
300851,交大思诺,24.2200000000,23.8500000000,5981670.0000000000,2492.0000000000,0.0155000000,0.0598167000,东方财富沪深京A股延迟行情直连,2026-08-25
600128,苏豪弘业,8.2700000000,8.2000000000,5968189.0000000000,7244.0000000000,0.0085000000,0.0596818900,东方财富沪深京A股延迟行情直连,2026-08-25
002992,宝明科技,33.6800000000,33.8000000000,5954675.0000000000,1781.0000000000,-0.0036000000,0.0595467500,东方财富沪深京A股延迟行情直连,2026-08-25
600874,创业环保,5.5700000000,5.5700000000,5942908.0000000000,10679.0000000000,0.0000000000,0.0594290800,东方财富沪深京A股延迟行情直连,2026-08-25
920651,天罡股份,26.0700000000,27.1000000000,5926483.3899999997,2243.0000000000,-0.0380000000,0.0592648339,东方财富沪深京A股延迟行情直连,2026-08-25
600817,宇通重工,9.6200000000,9.5500000000,5924662.0000000000,6177.0000000000,0.0073000000,0.0592466200,东方财富沪深京A股延迟行情直连,2026-08-25
688468,科美诊断,6.3500000000,6.2500000000,5903955.0000000000,9423.0000000000,0.0160000000,0.0590395500,东方财富沪深京A股延迟行情直连,2026-08-25
600071,凤凰光学,15.6000000000,15.6000000000,5894525.0000000000,3794.0000000000,0.0000000000,0.0589452500,东方财富沪深京A股延迟行情直连,2026-08-25
603331,百达精工,12.5500000000,12.5200000000,5892337.0000000000,4741.0000000000,0.0024000000,0.0589233700,东方财富沪深京A股延迟行情直连,2026-08-25
688370,丛麟科技,23.1400000000,23.1700000000,5883294.0000000000,2556.0000000000,-0.0013000000,0.0588329400,东方财富沪深京A股延迟行情直连,2026-08-25
688616,西力科技,10.8500000000,10.7800000000,5876376.0000000000,5454.0000000000,0.0065000000,0.0587637600,东方财富沪深京A股延迟行情直连,2026-08-25
301298,东利机械,12.9300000000,12.7900000000,5874466.4000000004,4600.0000000000,0.0109000000,0.0587446640,东方财富沪深京A股延迟行情直连,2026-08-25
002959,小熊电器,32.9400000000,32.5300000000,5870238.0000000000,1791.0000000000,0.0126000000,0.0587023800,东方财富沪深京A股延迟行情直连,2026-08-25
603656,泰禾智能,17.2600000000,17.1600000000,5862313.0000000000,3413.0000000000,0.0058000000,0.0586231300,东方财富沪深京A股延迟行情直连,2026-08-25
688659,元琛科技,10.4900000000,10.4600000000,5859002.0000000000,5656.0000000000,0.0029000000,0.0585900200,东方财富沪深京A股延迟行情直连,2026-08-25
600229,城市传媒,5.1300000000,5.0800000000,5854337.0000000000,11461.0000000000,0.0098000000,0.0585433700,东方财富沪深京A股延迟行情直连,2026-08-25
301168,通灵股份,41.6800000000,41.6000000000,5852087.0000000000,1413.0000000000,0.0019000000,0.0585208700,东方财富沪深京A股延迟行情直连,2026-08-25
603409,汇通控股,17.9800000000,17.9800000000,5850877.0000000000,3286.0000000000,0.0000000000,0.0585087700,东方财富沪深京A股延迟行情直连,2026-08-25
300719,安达维尔,11.5100000000,11.4500000000,5844310.0000000000,5101.0000000000,0.0052000000,0.0584431000,东方财富沪深京A股延迟行情直连,2026-08-25
603639,海利尔,10.7300000000,10.6400000000,5836751.0000000000,5447.0000000000,0.0085000000,0.0583675100,东方财富沪深京A股延迟行情直连,2026-08-25
002887,绿茵生态,9.0800000000,9.0500000000,5833252.0000000000,6476.0000000000,0.0033000000,0.0583325200,东方财富沪深京A股延迟行情直连,2026-08-25
601827,三峰环境,8.2600000000,8.2600000000,5825219.0000000000,7054.0000000000,0.0000000000,0.0582521900,东方财富沪深京A股延迟行情直连,2026-08-25
600148,长春一东,15.3200000000,15.2200000000,5823987.0000000000,3821.0000000000,0.0066000000,0.0582398700,东方财富沪深京A股延迟行情直连,2026-08-25
688718,唯赛勃,14.1000000000,14.0300000000,5813923.0000000000,4180.0000000000,0.0050000000,0.0581392300,东方财富沪深京A股延迟行情直连,2026-08-25
301525,儒竞科技,38.6800000000,38.6500000000,5813251.0000000000,1514.0000000000,0.0008000000,0.0581325100,东方财富沪深京A股延迟行情直连,2026-08-25
600287,苏豪时尚,4.8500000000,4.7700000000,5796922.0000000000,12022.0000000000,0.0168000000,0.0579692200,东方财富沪深京A股延迟行情直连,2026-08-25
300804,广康生化,42.7300000000,42.5700000000,5790427.0000000000,1366.0000000000,0.0038000000,0.0579042700,东方财富沪深京A股延迟行情直连,2026-08-25
301309,万得凯,29.7200000000,29.4000000000,5781865.0000000000,1968.0000000000,0.0109000000,0.0578186500,东方财富沪深京A股延迟行情直连,2026-08-25
300597,吉大通信,7.7800000000,7.7200000000,5781105.0000000000,7483.0000000000,0.0078000000,0.0578110500,东方财富沪深京A股延迟行情直连,2026-08-25
688588,凌志软件,9.4600000000,9.3300000000,5774846.0000000000,6162.0000000000,0.0139000000,0.0577484600,东方财富沪深京A股延迟行情直连,2026-08-25
301539,宏鑫科技,14.6800000000,14.5400000000,5768004.0000000000,3964.0000000000,0.0096000000,0.0576800400,东方财富沪深京A股延迟行情直连,2026-08-25
301636,泽润新能,39.6800000000,39.9800000000,5752782.1200000001,1461.0000000000,-0.0075000000,0.0575278212,东方财富沪深京A股延迟行情直连,2026-08-25
301260,格力博,13.3500000000,13.2700000000,5737057.0000000000,4346.0000000000,0.0060000000,0.0573705700,东方财富沪深京A股延迟行情直连,2026-08-25
688357,建龙微纳,26.4200000000,26.5600000000,5714784.0000000000,2183.0000000000,-0.0053000000,0.0571478400,东方财富沪深京A股延迟行情直连,2026-08-25
603569,长久物流,5.9300000000,5.8600000000,5698717.0000000000,9672.0000000000,0.0119000000,0.0569871700,东方财富沪深京A股延迟行情直连,2026-08-25
001285,瑞立科密,40.4300000000,40.6000000000,5695144.0000000000,1412.0000000000,-0.0042000000,0.0569514400,东方财富沪深京A股延迟行情直连,2026-08-25
603190,亚通精工,16.5000000000,16.4200000000,5688877.0000000000,3467.0000000000,0.0049000000,0.0568887700,东方财富沪深京A股延迟行情直连,2026-08-25
688573,信宇人,16.2400000000,16.2500000000,5669485.0000000000,3528.0000000000,-0.0006000000,0.0566948500,东方财富沪深京A股延迟行情直连,2026-08-25
920943,优机股份,15.3200000000,15.2000000000,5661826.3099999996,3696.0000000000,0.0079000000,0.0566182631,东方财富沪深京A股延迟行情直连,2026-08-25
600463,空港股份,8.1300000000,8.0300000000,5658513.0000000000,7012.0000000000,0.0125000000,0.0565851300,东方财富沪深京A股延迟行情直连,2026-08-25
688750,金天钛业,13.8400000000,13.8400000000,5643253.0000000000,4085.0000000000,0.0000000000,0.0564325300,东方财富沪深京A股延迟行情直连,2026-08-25
920220,朗信电气,39.2000000000,39.1000000000,5628398.5300000003,1439.0000000000,0.0026000000,0.0562839853,东方财富沪深京A股延迟行情直连,2026-08-25
003028,振邦智能,22.5000000000,22.2100000000,5623691.0000000000,2522.0000000000,0.0131000000,0.0562369100,东方财富沪深京A股延迟行情直连,2026-08-25
920207,众诚科技,20.6700000000,20.6500000000,5614580.7199999997,2722.0000000000,0.0010000000,0.0561458072,东方财富沪深京A股延迟行情直连,2026-08-25
603908,牧高笛,19.2100000000,19.1000000000,5605850.0000000000,2937.0000000000,0.0058000000,0.0560585000,东方财富沪深京A股延迟行情直连,2026-08-25
920118,太湖远大,20.8700000000,20.5600000000,5604986.5000000000,2692.0000000000,0.0151000000,0.0560498650,东方财富沪深京A股延迟行情直连,2026-08-25
603677,奇精机械,13.6000000000,13.4100000000,5588887.0000000000,4149.0000000000,0.0142000000,0.0558888700,东方财富沪深京A股延迟行情直连,2026-08-25
002868,绿康生化,21.7500000000,21.5700000000,5584987.0000000000,2582.0000000000,0.0083000000,0.0558498700,东方财富沪深京A股延迟行情直连,2026-08-25
688569,铁科轨道,18.3300000000,18.4500000000,5584601.0000000000,3060.0000000000,-0.0065000000,0.0558460100,东方财富沪深京A股延迟行情直连,2026-08-25
002917,金奥博,10.2500000000,10.1600000000,5529611.0000000000,5440.0000000000,0.0089000000,0.0552961100,东方财富沪深京A股延迟行情直连,2026-08-25
601163,三角轮胎,12.9300000000,12.8200000000,5524622.0000000000,4286.0000000000,0.0086000000,0.0552462200,东方财富沪深京A股延迟行情直连,2026-08-25
300713,英可瑞,13.2600000000,13.0100000000,5524529.0000000000,4228.0000000000,0.0192000000,0.0552452900,东方财富沪深京A股延迟行情直连,2026-08-25
301586,佳力奇,30.7800000000,30.7600000000,5521824.0000000000,1801.0000000000,0.0007000000,0.0552182400,东方财富沪深京A股延迟行情直连,2026-08-25
688085,三友医疗,13.1000000000,13.0500000000,5511324.0000000000,4232.0000000000,0.0038000000,0.0551132400,东方财富沪深京A股延迟行情直连,2026-08-25
301006,迈拓股份,13.8000000000,13.5000000000,5489543.0000000000,4020.0000000000,0.0222000000,0.0548954300,东方财富沪深京A股延迟行情直连,2026-08-25
301330,熵基科技,23.5500000000,23.5500000000,5480955.0000000000,2341.0000000000,0.0000000000,0.0548095500,东方财富沪深京A股延迟行情直连,2026-08-25
301009,可靠股份,9.0800000000,8.9400000000,5472859.0000000000,6077.0000000000,0.0157000000,0.0547285900,东方财富沪深京A股延迟行情直连,2026-08-25
601158,重庆水务,4.1200000000,4.1200000000,5456043.0000000000,13236.0000000000,0.0000000000,0.0545604300,东方财富沪深京A股延迟行情直连,2026-08-25
300983,尤安设计,38.3000000000,39.3600000000,5447795.0000000000,1430.0000000000,-0.0269000000,0.0544779500,东方财富沪深京A股延迟行情直连,2026-08-25
301370,国科恒泰,8.8200000000,8.7100000000,5421597.0000000000,6202.0000000000,0.0126000000,0.0542159700,东方财富沪深京A股延迟行情直连,2026-08-25
002327,富安娜,6.6800000000,6.6900000000,5416923.0000000000,8142.0000000000,-0.0015000000,0.0541692300,东方财富沪深京A股延迟行情直连,2026-08-25
920237,力佳科技,12.1100000000,12.1300000000,5551459.6100000003,4570.0000000000,-0.0016000000,0.0555145961,东方财富沪深京A股延迟行情直连,2026-08-25
000755,山西高速,4.7800000000,4.8000000000,5547036.0000000000,11635.0000000000,-0.0042000000,0.0554703600,东方财富沪深京A股延迟行情直连,2026-08-25
600665,天地源,3.4600000000,3.4500000000,5545151.0000000000,16145.0000000000,0.0029000000,0.0554515100,东方财富沪深京A股延迟行情直连,2026-08-25
603230,内蒙新华,9.2200000000,9.1600000000,5542915.0000000000,6023.0000000000,0.0066000000,0.0554291500,东方财富沪深京A股延迟行情直连,2026-08-25
001231,农心科技,20.8900000000,20.7100000000,5524889.0000000000,2659.0000000000,0.0087000000,0.0552488900,东方财富沪深京A股延迟行情直连,2026-08-25
688695,中创股份,19.3200000000,19.0500000000,5517989.0000000000,2899.0000000000,0.0142000000,0.0551798900,东方财富沪深京A股延迟行情直连,2026-08-25
920029,开发科技,34.9000000000,34.8000000000,5509862.8099999996,1580.0000000000,0.0029000000,0.0550986281,东方财富沪深京A股延迟行情直连,2026-08-25
300778,新城市,10.3300000000,10.2200000000,5491919.0000000000,5368.0000000000,0.0108000000,0.0549191900,东方财富沪深京A股延迟行情直连,2026-08-25
301296,新巨丰,6.3700000000,6.2800000000,5483973.0000000000,8664.0000000000,0.0143000000,0.0548397300,东方财富沪深京A股延迟行情直连,2026-08-25
301022,海泰科,22.9500000000,22.6200000000,5476706.0000000000,2413.0000000000,0.0146000000,0.0547670600,东方财富沪深京A股延迟行情直连,2026-08-25
688737,中自科技,17.6900000000,17.6600000000,5474613.0000000000,3108.0000000000,0.0017000000,0.0547461300,东方财富沪深京A股延迟行情直连,2026-08-25
002778,中晟高科,15.7400000000,15.5300000000,5465948.0000000000,3509.0000000000,0.0135000000,0.0546594800,东方财富沪深京A股延迟行情直连,2026-08-25
688701,卓锦股份,8.4500000000,8.2700000000,5451124.0000000000,6532.0000000000,0.0218000000,0.0545112400,东方财富沪深京A股延迟行情直连,2026-08-25
301388,欣灵电气,23.9700000000,23.7100000000,5448505.0000000000,2300.0000000000,0.0110000000,0.0544850500,东方财富沪深京A股延迟行情直连,2026-08-25
301395,仁信新材,12.1100000000,12.2100000000,5431023.0000000000,4495.0000000000,-0.0082000000,0.0543102300,东方财富沪深京A股延迟行情直连,2026-08-25
688722,同益中,13.4800000000,13.4500000000,5428783.0000000000,4052.0000000000,0.0022000000,0.0542878300,东方财富沪深京A股延迟行情直连,2026-08-25
000910,大亚圣象,5.3600000000,5.2900000000,5414357.2000000002,10172.0000000000,0.0132000000,0.0541435720,东方财富沪深京A股延迟行情直连,2026-08-25
688080,映翰通,36.1400000000,35.9800000000,5406033.0000000000,1514.0000000000,0.0044000000,0.0540603300,东方财富沪深京A股延迟行情直连,2026-08-25
300371,汇中股份,10.4800000000,10.3200000000,5386890.0000000000,5196.0000000000,0.0155000000,0.0538689000,东方财富沪深京A股延迟行情直连,2026-08-25
688193,仁度生物,47.0700000000,46.5800000000,5381542.0000000000,1152.0000000000,0.0105000000,0.0538154200,东方财富沪深京A股延迟行情直连,2026-08-25
920171,志晟信息,16.0000000000,15.8500000000,5369651.8200000003,3367.0000000000,0.0095000000,0.0536965182,东方财富沪深京A股延迟行情直连,2026-08-25
301125,腾亚精工,12.0200000000,11.9300000000,5362153.5999999996,4529.0000000000,0.0075000000,0.0536215360,东方财富沪深京A股延迟行情直连,2026-08-25
603037,凯众股份,10.1500000000,10.0400000000,5351774.0000000000,5331.0000000000,0.0110000000,0.0535177400,东方财富沪深京A股延迟行情直连,2026-08-25
605368,蓝天燃气,6.7600000000,6.7300000000,5332217.0000000000,7898.0000000000,0.0045000000,0.0533221700,东方财富沪深京A股延迟行情直连,2026-08-25
600620,XD天宸股,4.4000000000,4.3400000000,5315434.0000000000,12169.0000000000,0.0138000000,0.0531543400,东方财富沪深京A股延迟行情直连,2026-08-25
301001,凯淳股份,23.6300000000,23.5200000000,5307709.0000000000,2267.0000000000,0.0047000000,0.0530770900,东方财富沪深京A股延迟行情直连,2026-08-25
301043,绿岛风,44.0900000000,43.8300000000,5303558.0000000000,1215.0000000000,0.0059000000,0.0530355800,东方财富沪深京A股延迟行情直连,2026-08-25
002005,德豪润达,2.3700000000,2.3700000000,5240266.0000000000,22151.0000000000,0.0000000000,0.0524026600,东方财富沪深京A股延迟行情直连,2026-08-25
002888,惠威科技,17.5100000000,17.3500000000,5231313.0000000000,3019.0000000000,0.0092000000,0.0523131300,东方财富沪深京A股延迟行情直连,2026-08-25
605218,伟时电子,14.4000000000,14.2700000000,5223185.0000000000,3667.0000000000,0.0091000000,0.0522318500,东方财富沪深京A股延迟行情直连,2026-08-25
603587,地素时尚,11.7300000000,11.5700000000,5198851.0000000000,4463.0000000000,0.0138000000,0.0519885100,东方财富沪深京A股延迟行情直连,2026-08-25
920200,振宏股份,26.3100000000,26.8000000000,5195050.0499999998,1972.0000000000,-0.0183000000,0.0519505005,东方财富沪深京A股延迟行情直连,2026-08-25
603357,设计总院,6.0200000000,6.0200000000,5180417.0000000000,8625.0000000000,0.0000000000,0.0518041700,东方财富沪深京A股延迟行情直连,2026-08-25
300817,双飞集团,15.0900000000,14.9500000000,5168750.0000000000,3458.0000000000,0.0094000000,0.0516875000,东方财富沪深京A股延迟行情直连,2026-08-25
001213,中铁特货,3.5300000000,3.5000000000,5116002.0000000000,14566.0000000000,0.0086000000,0.0511600200,东方财富沪深京A股延迟行情直连,2026-08-25
300741,华宝股份,13.4400000000,13.3500000000,5108834.0000000000,3810.0000000000,0.0067000000,0.0510883400,东方财富沪深京A股延迟行情直连,2026-08-25
688038,中科通达,17.8200000000,17.8700000000,5108472.0000000000,2881.0000000000,-0.0028000000,0.0510847200,东方财富沪深京A股延迟行情直连,2026-08-25
688358,祥生医疗,28.1000000000,28.0400000000,5079763.0000000000,1822.0000000000,0.0021000000,0.0507976300,东方财富沪深京A股延迟行情直连,2026-08-25
603689,皖天然气,7.5700000000,7.5400000000,5047807.0000000000,6682.0000000000,0.0040000000,0.0504780700,东方财富沪深京A股延迟行情直连,2026-08-25
920106,林泰新材,34.9400000000,34.7300000000,5027435.3200000003,1456.0000000000,0.0060000000,0.0502743532,东方财富沪深京A股延迟行情直连,2026-08-25
688098,申联生物,8.0000000000,8.0000000000,5016394.0000000000,6288.0000000000,0.0000000000,0.0501639400,东方财富沪深京A股延迟行情直连,2026-08-25
300838,浙江力诺,13.8800000000,13.7500000000,5010031.0000000000,3651.0000000000,0.0095000000,0.0501003100,东方财富沪深京A股延迟行情直连,2026-08-25
001216,华瓷股份,14.5000000000,14.4000000000,4970879.0000000000,3433.0000000000,0.0069000000,0.0497087900,东方财富沪深京A股延迟行情直连,2026-08-25
301503,智迪科技,22.1000000000,21.6000000000,4969910.5000000000,2277.0000000000,0.0231000000,0.0496991050,东方财富沪深京A股延迟行情直连,2026-08-25
000541,佛山照明,4.9100000000,4.9100000000,4958626.7999999998,10104.0000000000,0.0000000000,0.0495862680,东方财富沪深京A股延迟行情直连,2026-08-25
000789,万年青,4.1300000000,4.0800000000,4957066.0000000000,12077.0000000000,0.0123000000,0.0495706600,东方财富沪深京A股延迟行情直连,2026-08-25
600615,鑫源智造,9.3900000000,9.3600000000,4933922.0000000000,5282.0000000000,0.0032000000,0.0493392200,东方财富沪深京A股延迟行情直连,2026-08-25
688051,佳华科技,24.3600000000,24.2400000000,4922317.0000000000,2046.0000000000,0.0050000000,0.0492231700,东方财富沪深京A股延迟行情直连,2026-08-25
920230,欧康医药,10.4500000000,10.3100000000,4909530.7500000000,4717.0000000000,0.0136000000,0.0490953075,东方财富沪深京A股延迟行情直连,2026-08-25
301278,快可电子,27.6400000000,27.3900000000,4906601.0000000000,1795.0000000000,0.0091000000,0.0490660100,东方财富沪深京A股延迟行情直连,2026-08-25
001209,洪兴股份,17.5700000000,17.5000000000,4901435.0000000000,2810.0000000000,0.0040000000,0.0490143500,东方财富沪深京A股延迟行情直连,2026-08-25
605339,南侨食品,13.9000000000,13.8300000000,4898154.0000000000,3534.0000000000,0.0051000000,0.0489815400,东方财富沪深京A股延迟行情直连,2026-08-25
688129,东来技术,21.1100000000,20.8700000000,4886920.0000000000,2329.0000000000,0.0115000000,0.0488692000,东方财富沪深京A股延迟行情直连,2026-08-25
002835,同为股份,12.4500000000,12.3600000000,4884879.0000000000,3959.0000000000,0.0073000000,0.0488487900,东方财富沪深京A股延迟行情直连,2026-08-25
301203,国泰环保,34.2200000000,34.1000000000,4866337.0000000000,1438.0000000000,0.0035000000,0.0486633700,东方财富沪深京A股延迟行情直连,2026-08-25
301170,锡南科技,23.1600000000,22.9000000000,4858995.0000000000,2118.0000000000,0.0114000000,0.0485899500,东方财富沪深京A股延迟行情直连,2026-08-25
920258,聚仁新材,11.4500000000,11.5200000000,4829122.4800000004,4229.0000000000,-0.0061000000,0.0482912248,东方财富沪深京A股延迟行情直连,2026-08-25
301185,鸥玛软件,16.4800000000,16.2900000000,4829005.0000000000,2955.0000000000,0.0117000000,0.0482900500,东方财富沪深京A股延迟行情直连,2026-08-25
920924,广脉科技,14.2900000000,14.0400000000,4813821.8600000003,3383.0000000000,0.0178000000,0.0481382186,东方财富沪深京A股延迟行情直连,2026-08-25
603213,镇洋发展,13.9300000000,13.8900000000,4813203.0000000000,3464.0000000000,0.0029000000,0.0481320300,东方财富沪深京A股延迟行情直连,2026-08-25
603982,泉峰汽车,6.1300000000,6.0500000000,4803995.0000000000,7900.0000000000,0.0132000000,0.0480399500,东方财富沪深京A股延迟行情直连,2026-08-25
301361,众智科技,26.5200000000,26.3600000000,4771781.0000000000,1818.0000000000,0.0061000000,0.0477178100,东方财富沪深京A股延迟行情直连,2026-08-25
601811,新华文轩,12.0700000000,11.9700000000,4756995.0000000000,3951.0000000000,0.0084000000,0.0475699500,东方财富沪深京A股延迟行情直连,2026-08-25
603909,建发合诚,9.6400000000,9.5700000000,4754921.0000000000,4982.0000000000,0.0073000000,0.0475492100,东方财富沪深京A股延迟行情直连,2026-08-25
603385,惠达卫浴,5.5300000000,5.4600000000,4753304.0000000000,8665.0000000000,0.0128000000,0.0475330400,东方财富沪深京A股延迟行情直连,2026-08-25
920592,华信永道,19.3400000000,19.0000000000,4743393.1399999997,2468.0000000000,0.0179000000,0.0474339314,东方财富沪深京A股延迟行情直连,2026-08-25
301616,浙江华业,34.5300000000,34.5000000000,4739865.0000000000,1381.0000000000,0.0009000000,0.0473986500,东方财富沪深京A股延迟行情直连,2026-08-25
920914,远航精密,16.6400000000,16.5900000000,4730468.4699999997,2846.0000000000,0.0030000000,0.0473046847,东方财富沪深京A股延迟行情直连,2026-08-25
688576,西山科技,41.0000000000,40.6100000000,4723350.0000000000,1153.0000000000,0.0096000000,0.0472335000,东方财富沪深京A股延迟行情直连,2026-08-25
600168,武汉控股,4.4200000000,4.4100000000,4712027.0000000000,10692.0000000000,0.0023000000,0.0471202700,东方财富沪深京A股延迟行情直连,2026-08-25
688246,嘉和美康,17.0600000000,17.0600000000,4701990.0000000000,2772.0000000000,0.0000000000,0.0470199000,东方财富沪深京A股延迟行情直连,2026-08-25
603170,宝立食品,12.4400000000,12.3300000000,4688421.0000000000,3783.0000000000,0.0089000000,0.0468842100,东方财富沪深京A股延迟行情直连,2026-08-25
920122,中纺标,22.1900000000,22.3000000000,4685562.6600000001,2140.0000000000,-0.0049000000,0.0468556266,东方财富沪深京A股延迟行情直连,2026-08-25
920719,宁新新材,6.9800000000,6.9700000000,4679067.9699999997,6693.0000000000,0.0014000000,0.0467906797,东方财富沪深京A股延迟行情直连,2026-08-25
688078,龙软科技,23.2400000000,22.7800000000,4666620.0000000000,2037.0000000000,0.0202000000,0.0466662000,东方财富沪深京A股延迟行情直连,2026-08-25
603237,五芳斋,14.3500000000,14.1700000000,4662209.0000000000,3269.0000000000,0.0127000000,0.0466220900,东方财富沪深京A股延迟行情直连,2026-08-25
002098,浔兴股份,7.0900000000,7.0000000000,4651548.0000000000,6612.0000000000,0.0129000000,0.0465154800,东方财富沪深京A股延迟行情直连,2026-08-25
603325,博隆技术,53.3300000000,53.2700000000,4646391.0000000000,873.0000000000,0.0011000000,0.0464639100,东方财富沪深京A股延迟行情直连,2026-08-25
603321,梅轮电梯,6.3200000000,6.2600000000,4627035.0000000000,7364.0000000000,0.0096000000,0.0462703500,东方财富沪深京A股延迟行情直连,2026-08-25
300441,鲍斯股份,6.6700000000,6.7100000000,4618129.2000000002,6918.0000000000,-0.0060000000,0.0461812920,东方财富沪深京A股延迟行情直连,2026-08-25
688058,宝兰德,22.5800000000,22.5000000000,4616895.0000000000,2067.0000000000,0.0036000000,0.0461689500,东方财富沪深京A股延迟行情直连,2026-08-25
301100,风光股份,15.9500000000,15.8100000000,4591706.0000000000,2899.0000000000,0.0089000000,0.0459170600,东方财富沪深京A股延迟行情直连,2026-08-25
002981,朝阳科技,23.4000000000,23.4600000000,4582251.0000000000,1966.0000000000,-0.0026000000,0.0458225100,东方财富沪深京A股延迟行情直连,2026-08-25
603648,畅联股份,9.4400000000,9.4100000000,4577020.0000000000,4866.0000000000,0.0032000000,0.0457702000,东方财富沪深京A股延迟行情直连,2026-08-25
301199,迈赫股份,17.4900000000,17.3400000000,4575081.7999999998,2639.0000000000,0.0087000000,0.0457508180,东方财富沪深京A股延迟行情直连,2026-08-25
603860,中公高科,26.4900000000,26.1000000000,4553957.0000000000,1738.0000000000,0.0149000000,0.0455395700,东方财富沪深京A股延迟行情直连,2026-08-25
300549,优德精密,14.3600000000,14.2000000000,4543325.0000000000,3195.0000000000,0.0113000000,0.0454332500,东方财富沪深京A股延迟行情直连,2026-08-25
603628,清源股份,9.6200000000,9.5500000000,4487272.0000000000,4690.0000000000,0.0073000000,0.0448727200,东方财富沪深京A股延迟行情直连,2026-08-25
600834,申通地铁,7.4300000000,7.3200000000,4486333.0000000000,6079.0000000000,0.0150000000,0.0448633300,东方财富沪深京A股延迟行情直连,2026-08-25
920225,利通科技,14.5600000000,14.5000000000,4463049.3399999999,3096.0000000000,0.0041000000,0.0446304934,东方财富沪深京A股延迟行情直连,2026-08-25
603282,亚光股份,15.5400000000,15.4400000000,4428914.0000000000,2867.0000000000,0.0065000000,0.0442891400,东方财富沪深京A股延迟行情直连,2026-08-25
300784,利安科技,41.0000000000,40.5500000000,4426922.0000000000,1092.0000000000,0.0111000000,0.0442692200,东方财富沪深京A股延迟行情直连,2026-08-25
605155,西大门,13.9900000000,13.9000000000,4422675.0000000000,3185.0000000000,0.0065000000,0.0442267500,东方财富沪深京A股延迟行情直连,2026-08-25
300949,奥雅股份,22.4200000000,22.2700000000,4421851.7999999998,1993.0000000000,0.0067000000,0.0442185180,东方财富沪深京A股延迟行情直连,2026-08-25
603877,太平鸟,12.6200000000,12.5100000000,4421226.0000000000,3521.0000000000,0.0088000000,0.0442122600,东方财富沪深京A股延迟行情直连,2026-08-25
603706,东方环宇,19.5200000000,19.4300000000,4410458.0000000000,2271.0000000000,0.0046000000,0.0441045800,东方财富沪深京A股延迟行情直连,2026-08-25
688681,科汇股份,16.9100000000,16.8300000000,4382606.0000000000,2610.0000000000,0.0048000000,0.0438260600,东方财富沪深京A股延迟行情直连,2026-08-25
301372,科净源,29.2700000000,29.3500000000,4377999.0000000000,1506.0000000000,-0.0027000000,0.0437799900,东方财富沪深京A股延迟行情直连,2026-08-25
301187,欧圣电气,14.7800000000,14.5100000000,4366838.0000000000,2994.0000000000,0.0186000000,0.0436683800,东方财富沪深京A股延迟行情直连,2026-08-25
603293,埃泰克,34.6500000000,34.7800000000,4365917.0000000000,1265.0000000000,-0.0037000000,0.0436591700,东方财富沪深京A股延迟行情直连,2026-08-25
301102,兆讯传媒,9.3800000000,9.2700000000,4364294.0000000000,4682.0000000000,0.0119000000,0.0436429400,东方财富沪深京A股延迟行情直连,2026-08-25
002732,燕塘乳业,13.8700000000,13.6700000000,4353775.0000000000,3155.0000000000,0.0146000000,0.0435377500,东方财富沪深京A股延迟行情直连,2026-08-25
001279,强邦新材,25.3500000000,25.0900000000,4346752.0000000000,1724.0000000000,0.0104000000,0.0434675200,东方财富沪深京A股延迟行情直连,2026-08-25
600716,凤凰股份,3.5500000000,3.4900000000,4329621.0000000000,12332.0000000000,0.0172000000,0.0432962100,东方财富沪深京A股延迟行情直连,2026-08-25
300899,上海凯鑫,28.7500000000,28.5000000000,4321985.0000000000,1513.0000000000,0.0088000000,0.0432198500,东方财富沪深京A股延迟行情直连,2026-08-25
600283,钱江水利,7.7900000000,7.7900000000,4313217.0000000000,5544.0000000000,0.0000000000,0.0431321700,东方财富沪深京A股延迟行情直连,2026-08-25
688229,博睿数据,63.1600000000,63.6300000000,4311302.0000000000,686.0000000000,-0.0074000000,0.0431130200,东方财富沪深京A股延迟行情直连,2026-08-25
920299,灿能电力,14.5500000000,14.7400000000,4295006.2599999998,2953.0000000000,-0.0129000000,0.0429500626,东方财富沪深京A股延迟行情直连,2026-08-25
001396,誉帆科技,33.6500000000,33.5800000000,4284358.0099999998,1276.0000000000,0.0021000000,0.0428435801,东方财富沪深京A股延迟行情直连,2026-08-25
603192,汇得科技,19.9000000000,19.7000000000,4275345.0000000000,2162.0000000000,0.0102000000,0.0427534500,东方财富沪深京A股延迟行情直连,2026-08-25
688429,时创能源,10.5300000000,10.5300000000,4272275.0000000000,4087.0000000000,0.0000000000,0.0427227500,东方财富沪深京A股延迟行情直连,2026-08-25
688528,秦川物联,9.8200000000,9.6500000000,4261707.0000000000,4388.0000000000,0.0176000000,0.0426170700,东方财富沪深京A股延迟行情直连,2026-08-25
300978,东箭科技,8.6100000000,8.5200000000,4260914.0000000000,4989.0000000000,0.0106000000,0.0426091400,东方财富沪深京A股延迟行情直连,2026-08-25
920001,纬达光电,10.8000000000,10.9300000000,4258931.0300000003,3951.0000000000,-0.0119000000,0.0425893103,东方财富沪深京A股延迟行情直连,2026-08-25
920014,特瑞斯,8.8000000000,8.6200000000,4253669.5999999996,4847.0000000000,0.0209000000,0.0425366960,东方财富沪深京A股延迟行情直连,2026-08-25
603180,金牌家居,15.3500000000,15.2500000000,4245273.0000000000,2781.0000000000,0.0066000000,0.0424527300,东方财富沪深京A股延迟行情直连,2026-08-25
920821,则成电子,17.4000000000,17.2600000000,4243903.7599999998,2438.0000000000,0.0081000000,0.0424390376,东方财富沪深京A股延迟行情直连,2026-08-25
301233,盛帮股份,32.8100000000,32.7000000000,4232111.7999999998,1294.0000000000,0.0034000000,0.0423211180,东方财富沪深京A股延迟行情直连,2026-08-25
603868,飞科电器,30.1300000000,29.8800000000,4229983.0000000000,1406.0000000000,0.0084000000,0.0422998300,东方财富沪深京A股延迟行情直连,2026-08-25
001322,箭牌家居,6.2300000000,6.1800000000,4229667.0000000000,6828.0000000000,0.0081000000,0.0422966700,东方财富沪深京A股延迟行情直连,2026-08-25
603172,万丰股份,17.4400000000,17.3700000000,4225976.0000000000,2435.0000000000,0.0040000000,0.0422597600,东方财富沪深京A股延迟行情直连,2026-08-25
688638,誉辰智能,33.2300000000,33.0900000000,4184734.0000000000,1264.0000000000,0.0042000000,0.0418473400,东方财富沪深京A股延迟行情直连,2026-08-25
601368,绿城水务,4.6000000000,4.5900000000,4177217.0000000000,9090.0000000000,0.0022000000,0.0417721700,东方财富沪深京A股延迟行情直连,2026-08-25
920523,德瑞锂电,15.3300000000,15.3900000000,4172503.1600000001,2730.0000000000,-0.0039000000,0.0417250316,东方财富沪深京A股延迟行情直连,2026-08-25
920433,大唐药业,4.8500000000,4.7400000000,4171867.9600000000,8649.0000000000,0.0232000000,0.0417186796,东方财富沪深京A股延迟行情直连,2026-08-25
603515,欧普照明,16.6300000000,16.5700000000,4155053.0000000000,2510.0000000000,0.0036000000,0.0415505300,东方财富沪深京A股延迟行情直连,2026-08-25
300950,德固特,16.6500000000,16.5000000000,4152063.0000000000,2521.0000000000,0.0091000000,0.0415206300,东方财富沪深京A股延迟行情直连,2026-08-25
300523,辰安科技,19.8100000000,19.7400000000,4125952.0000000000,2094.0000000000,0.0035000000,0.0412595200,东方财富沪深京A股延迟行情直连,2026-08-25
688211,中科微至,30.7100000000,30.7100000000,4098030.0000000000,1337.0000000000,0.0000000000,0.0409803000,东方财富沪深京A股延迟行情直连,2026-08-25
688529,豪森智能,15.8500000000,15.7300000000,4096919.0000000000,2599.0000000000,0.0076000000,0.0409691900,东方财富沪深京A股延迟行情直连,2026-08-25
688015,交控科技,15.6500000000,15.4900000000,4091945.0000000000,2633.0000000000,0.0103000000,0.0409194500,东方财富沪深京A股延迟行情直连,2026-08-25
688581,安杰思,51.4700000000,51.0800000000,4091888.0000000000,798.0000000000,0.0076000000,0.0409188800,东方财富沪深京A股延迟行情直连,2026-08-25
301288,清研环境,16.8900000000,16.7700000000,4076233.0000000000,2438.0000000000,0.0072000000,0.0407623300,东方财富沪深京A股延迟行情直连,2026-08-25
603208,江山欧派,11.3200000000,11.2100000000,4041675.0000000000,3597.0000000000,0.0098000000,0.0404167500,东方财富沪深京A股延迟行情直连,2026-08-25
688466,金科环境,14.0600000000,13.7800000000,4035638.0000000000,2901.0000000000,0.0203000000,0.0403563800,东方财富沪深京A股延迟行情直连,2026-08-25
920885,星辰科技,11.7200000000,11.7100000000,4032846.1000000001,3444.0000000000,0.0009000000,0.0403284610,东方财富沪深京A股延迟行情直连,2026-08-25
688389,普门科技,10.9000000000,10.8000000000,4029557.0000000000,3717.0000000000,0.0093000000,0.0402955700,东方财富沪深京A股延迟行情直连,2026-08-25
920072,科莱瑞迪,24.8100000000,24.6400000000,3973600.5600000001,1609.0000000000,0.0069000000,0.0397360056,东方财富沪深京A股延迟行情直连,2026-08-25
002942,新农股份,15.7400000000,15.7400000000,3949644.0000000000,2521.0000000000,0.0000000000,0.0394964400,东方财富沪深京A股延迟行情直连,2026-08-25
920261,一诺威,13.7700000000,13.5800000000,3930640.4900000002,2871.0000000000,0.0140000000,0.0393064049,东方财富沪深京A股延迟行情直连,2026-08-25
301300,远翔新材,31.9800000000,31.8300000000,3913187.0000000000,1230.0000000000,0.0047000000,0.0391318700,东方财富沪深京A股延迟行情直连,2026-08-25
301429,森泰股份,17.3800000000,17.1500000000,3906208.0000000000,2268.0000000000,0.0134000000,0.0390620800,东方财富沪深京A股延迟行情直连,2026-08-25
001312,福恩股份,17.1600000000,17.1200000000,3834920.0000000000,2239.0000000000,0.0023000000,0.0383492000,东方财富沪深京A股延迟行情直连,2026-08-25
603370,华新精科,31.9100000000,31.9900000000,3819748.0000000000,1200.0000000000,-0.0025000000,0.0381974800,东方财富沪深京A股延迟行情直连,2026-08-25
688570,天玛智控,15.3800000000,15.2000000000,3811049.0000000000,2487.0000000000,0.0118000000,0.0381104900,东方财富沪深京A股延迟行情直连,2026-08-25
688092,爱科科技,22.6900000000,22.5800000000,3786493.0000000000,1688.0000000000,0.0049000000,0.0378649300,东方财富沪深京A股延迟行情直连,2026-08-25
605183,确成股份,14.4100000000,14.4200000000,3761870.0000000000,2619.0000000000,-0.0007000000,0.0376187000,东方财富沪深京A股延迟行情直连,2026-08-25
920274,宏裕包材,15.4300000000,15.6100000000,3760664.1600000001,2443.0000000000,-0.0115000000,0.0376066416,东方财富沪深京A股延迟行情直连,2026-08-25
603352,至信股份,25.3600000000,25.2200000000,3739328.0000000000,1481.0000000000,0.0056000000,0.0373932800,东方财富沪深京A股延迟行情直连,2026-08-25
603173,福斯达,30.9300000000,30.8900000000,3730706.0000000000,1211.0000000000,0.0013000000,0.0373070600,东方财富沪深京A股延迟行情直连,2026-08-25
301578,辰奕智能,22.7900000000,22.5400000000,3722371.7000000002,1647.0000000000,0.0111000000,0.0372237170,东方财富沪深京A股延迟行情直连,2026-08-25
600548,深高速,8.2300000000,8.2500000000,3708650.0000000000,4508.0000000000,-0.0024000000,0.0370865000,东方财富沪深京A股延迟行情直连,2026-08-25
301272,英华特,34.2800000000,33.8400000000,3674269.0000000000,1082.0000000000,0.0130000000,0.0367426900,东方财富沪深京A股延迟行情直连,2026-08-25
603215,比依股份,14.3600000000,14.1800000000,3642661.0000000000,2555.0000000000,0.0127000000,0.0364266100,东方财富沪深京A股延迟行情直连,2026-08-25
688533,上声电子,20.8300000000,20.6400000000,3634612.0000000000,1759.0000000000,0.0092000000,0.0363461200,东方财富沪深京A股延迟行情直连,2026-08-25
301559,中集环科,12.9600000000,12.8200000000,3621412.5000000000,2810.0000000000,0.0109000000,0.0362141250,东方财富沪深京A股延迟行情直连,2026-08-25
301088,戎美股份,12.5900000000,12.4900000000,3601540.0000000000,2878.0000000000,0.0080000000,0.0360154000,东方财富沪深京A股延迟行情直连,2026-08-25
920895,花溪科技,12.6500000000,12.3000000000,3599432.6099999999,2842.0000000000,0.0285000000,0.0359943261,东方财富沪深京A股延迟行情直连,2026-08-25
603948,建业股份,20.3500000000,20.3200000000,3596526.0000000000,1774.0000000000,0.0015000000,0.0359652600,东方财富沪深京A股延迟行情直连,2026-08-25
920720,吉冈精密,9.3900000000,9.1800000000,3590199.6200000001,3842.0000000000,0.0229000000,0.0359019962,东方财富沪深京A股延迟行情直连,2026-08-25
920957,汉维科技,9.6200000000,9.5100000000,3573428.4300000002,3738.0000000000,0.0116000000,0.0357342843,东方财富沪深京A股延迟行情直连,2026-08-25
688075,安旭生物,29.4400000000,29.0800000000,3569777.0000000000,1220.0000000000,0.0124000000,0.0356977700,东方财富沪深京A股延迟行情直连,2026-08-25
920126,永大股份,9.9900000000,9.8700000000,3565958.0400000000,3578.0000000000,0.0122000000,0.0356595804,东方财富沪深京A股延迟行情直连,2026-08-25
002801,微光股份,26.4000000000,26.4200000000,3549356.7599999998,1350.0000000000,-0.0008000000,0.0354935676,东方财富沪深京A股延迟行情直连,2026-08-25
920266,生物谷,7.4000000000,7.3500000000,3543807.6499999999,4804.0000000000,0.0068000000,0.0354380765,东方财富沪深京A股延迟行情直连,2026-08-25
688267,中触媒,18.3400000000,18.4500000000,3502770.0000000000,1913.0000000000,-0.0060000000,0.0350277000,东方财富沪深京A股延迟行情直连,2026-08-25
003037,三和管桩,5.6500000000,5.5700000000,3491327.0000000000,6230.0000000000,0.0144000000,0.0349132700,东方财富沪深京A股延迟行情直连,2026-08-25
688334,西高院,17.8400000000,17.7600000000,3485133.0000000000,1962.0000000000,0.0045000000,0.0348513300,东方财富沪深京A股延迟行情直连,2026-08-25
920300,辰光医疗,9.5200000000,9.5700000000,3475899.5000000000,3668.0000000000,-0.0052000000,0.0347589950,东方财富沪深京A股延迟行情直连,2026-08-25
920270,天铭科技,12.6700000000,12.6000000000,3451327.2400000002,2751.0000000000,0.0056000000,0.0345132724,东方财富沪深京A股延迟行情直连,2026-08-25
688285,高铁电气,7.6300000000,7.5400000000,3396003.0000000000,4484.0000000000,0.0119000000,0.0339600300,东方财富沪深京A股延迟行情直连,2026-08-25
301386,未来电器,20.2900000000,20.0700000000,3363328.0000000000,1670.0000000000,0.0110000000,0.0336332800,东方财富沪深京A股延迟行情直连,2026-08-25
605028,世茂能源,24.0100000000,24.1000000000,3334685.0000000000,1393.0000000000,-0.0037000000,0.0333468500,东方财富沪深京A股延迟行情直连,2026-08-25
001380,华纬科技,16.7400000000,16.7600000000,3328995.0000000000,1999.0000000000,-0.0012000000,0.0332899500,东方财富沪深京A股延迟行情直连,2026-08-25
920357,雅葆轩,15.1100000000,15.0200000000,3324757.0800000001,2196.0000000000,0.0060000000,0.0332475708,东方财富沪深京A股延迟行情直连,2026-08-25
301004,嘉益股份,34.3000000000,34.1600000000,3316434.0000000000,973.0000000000,0.0041000000,0.0331643400,东方财富沪深京A股延迟行情直连,2026-08-25
301173,毓恬冠佳,31.5300000000,31.5900000000,3305909.0000000000,1057.0000000000,-0.0019000000,0.0330590900,东方财富沪深京A股延迟行情直连,2026-08-25
920978,开特股份,19.8800000000,19.5600000000,3303647.9399999999,1667.0000000000,0.0164000000,0.0330364794,东方财富沪深京A股延迟行情直连,2026-08-25
688132,邦彦技术,13.3000000000,13.2000000000,3293013.0000000000,2500.0000000000,0.0076000000,0.0329301300,东方财富沪深京A股延迟行情直连,2026-08-25
920729,永顺生物,6.8400000000,6.6900000000,3281111.3999999999,4817.0000000000,0.0224000000,0.0328111140,东方财富沪深京A股延迟行情直连,2026-08-25
920006,晟楠科技,15.0100000000,14.9400000000,3277652.2999999998,2168.0000000000,0.0047000000,0.0327765230,东方财富沪深京A股延迟行情直连,2026-08-25
920136,永励精密,20.2000000000,20.2300000000,3236383.1299999999,1605.0000000000,-0.0015000000,0.0323638313,东方财富沪深京A股延迟行情直连,2026-08-25
603310,巍华新材,14.5600000000,14.5900000000,3200932.0000000000,2199.0000000000,-0.0021000000,0.0320093200,东方财富沪深京A股延迟行情直连,2026-08-25
605259,绿田机械,17.6000000000,17.3300000000,3193853.0000000000,1827.0000000000,0.0156000000,0.0319385300,东方财富沪深京A股延迟行情直连,2026-08-25
001220,世盟股份,31.6000000000,31.7600000000,3193253.7100000000,1011.0000000000,-0.0050000000,0.0319325371,东方财富沪深京A股延迟行情直连,2026-08-25
920166,海圣医疗,20.2500000000,20.4300000000,3192298.0699999998,1589.0000000000,-0.0088000000,0.0319229807,东方财富沪深京A股延迟行情直连,2026-08-25
688606,奥泰生物,47.8900000000,47.6400000000,3149593.0000000000,662.0000000000,0.0052000000,0.0314959300,东方财富沪深京A股延迟行情直连,2026-08-25
600876,凯盛新能,7.0100000000,6.9700000000,3127600.0000000000,4486.0000000000,0.0057000000,0.0312760000,东方财富沪深京A股延迟行情直连,2026-08-25
920642,通易航天,9.6400000000,9.5700000000,3120867.6800000002,3248.0000000000,0.0073000000,0.0312086768,东方财富沪深京A股延迟行情直连,2026-08-25
920566,梓橦宫,9.7600000000,9.7000000000,3101451.3700000001,3195.0000000000,0.0062000000,0.0310145137,东方财富沪深京A股延迟行情直连,2026-08-25
920753,天纺标,15.0600000000,14.8800000000,3068032.1000000001,2033.0000000000,0.0121000000,0.0306803210,东方财富沪深京A股延迟行情直连,2026-08-25
688060,云涌科技,34.3400000000,34.1200000000,3066345.0000000000,901.0000000000,0.0064000000,0.0306634500,东方财富沪深京A股延迟行情直连,2026-08-25
920149,旭杰科技,7.9100000000,7.7900000000,3044557.0000000000,3925.0000000000,0.0154000000,0.0304455700,东方财富沪深京A股延迟行情直连,2026-08-25
920415,恒拓开源,8.5400000000,8.4300000000,3017155.6000000001,3551.0000000000,0.0130000000,0.0301715560,东方财富沪深京A股延迟行情直连,2026-08-25
920839,万通液压,23.9700000000,23.6900000000,2995592.0800000001,1241.0000000000,0.0118000000,0.0299559208,东方财富沪深京A股延迟行情直连,2026-08-25
001390,古麒绒材,17.3000000000,17.2400000000,2962370.0000000000,1715.0000000000,0.0035000000,0.0296237000,东方财富沪深京A股延迟行情直连,2026-08-25
001238,浙江正特,24.9800000000,24.6600000000,2960251.7999999998,1189.0000000000,0.0130000000,0.0296025180,东方财富沪深京A股延迟行情直连,2026-08-25
920770,艾能聚,9.8500000000,9.7200000000,2920115.6600000001,2982.0000000000,0.0134000000,0.0292011566,东方财富沪深京A股延迟行情直连,2026-08-25
603070,万控智造,11.5000000000,11.4300000000,2874791.0000000000,2515.0000000000,0.0061000000,0.0287479100,东方财富沪深京A股延迟行情直连,2026-08-25
920208,青矩技术,12.0900000000,11.9800000000,2800332.5000000000,2321.0000000000,0.0092000000,0.0280033250,东方财富沪深京A股延迟行情直连,2026-08-25
688526,科前生物,13.1100000000,12.9700000000,2766917.0000000000,2118.0000000000,0.0108000000,0.0276691700,东方财富沪深京A股延迟行情直连,2026-08-25
920222,益坤电气,24.4500000000,24.6800000000,2756239.3399999999,1119.0000000000,-0.0093000000,0.0275623934,东方财富沪深京A股延迟行情直连,2026-08-25
688816,易思维,47.1800000000,47.0200000000,2743985.0000000000,583.0000000000,0.0034000000,0.0274398500,东方财富沪深京A股延迟行情直连,2026-08-25
920547,无锡晶海,18.8300000000,18.3900000000,2736052.8799999999,1460.0000000000,0.0239000000,0.0273605288,东方财富沪深京A股延迟行情直连,2026-08-25
920445,龙竹科技,6.9200000000,6.9000000000,2735713.8500000001,3943.0000000000,0.0029000000,0.0273571385,东方财富沪深京A股延迟行情直连,2026-08-25
920396,常辅股份,19.1200000000,19.0300000000,2689977.1000000001,1409.0000000000,0.0047000000,0.0268997710,东方财富沪深京A股延迟行情直连,2026-08-25
920879,基康技术,12.5800000000,12.4300000000,2669651.2100000000,2127.0000000000,0.0121000000,0.0266965121,东方财富沪深京A股延迟行情直连,2026-08-25
920062,科润智控,7.1600000000,7.1500000000,2660100.1600000001,3753.0000000000,0.0014000000,0.0266010016,东方财富沪深京A股延迟行情直连,2026-08-25
920580,科创新材,10.8500000000,10.7100000000,2646839.6800000002,2442.0000000000,0.0131000000,0.0264683968,东方财富沪深京A股延迟行情直连,2026-08-25
920158,长江能科,8.0700000000,7.9600000000,2584982.8700000001,3216.0000000000,0.0138000000,0.0258498287,东方财富沪深京A股延迟行情直连,2026-08-25
605050,福然德,10.2200000000,10.1500000000,2579865.0000000000,2537.0000000000,0.0069000000,0.0257986500,东方财富沪深京A股延迟行情直连,2026-08-25
920578,巨能股份,16.2300000000,16.0500000000,2575593.4199999999,1591.0000000000,0.0112000000,0.0257559342,东方财富沪深京A股延迟行情直连,2026-08-25
603788,宁波高发,13.9300000000,13.8400000000,2503207.0000000000,1806.0000000000,0.0065000000,0.0250320700,东方财富沪深京A股延迟行情直连,2026-08-25
920570,坤博精工,23.6700000000,23.7000000000,2486746.8199999998,1057.0000000000,-0.0013000000,0.0248674682,东方财富沪深京A股延迟行情直连,2026-08-25
920504,博迅生物,17.2100000000,17.0000000000,2474684.3500000001,1443.0000000000,0.0124000000,0.0247468435,东方财富沪深京A股延迟行情直连,2026-08-25
920121,江天科技,28.5000000000,28.3700000000,2470471.9900000002,867.0000000000,0.0046000000,0.0247047199,东方财富沪深京A股延迟行情直连,2026-08-25
920018,宏远股份,14.7000000000,14.8000000000,2443804.2200000002,1658.0000000000,-0.0068000000,0.0244380422,东方财富沪深京A股延迟行情直连,2026-08-25
688420,美腾科技,22.2800000000,22.0500000000,2429970.0000000000,1102.0000000000,0.0104000000,0.0242997000,东方财富沪深京A股延迟行情直连,2026-08-25
603235,天新药业,23.1800000000,22.9800000000,2404159.0000000000,1044.0000000000,0.0087000000,0.0240415900,东方财富沪深京A股延迟行情直连,2026-08-25
920030,德众汽车,4.4400000000,4.3400000000,2401436.1899999999,5405.0000000000,0.0230000000,0.0240143619,东方财富沪深京A股延迟行情直连,2026-08-25
920009,丹娜生物,35.8400000000,35.7500000000,2393560.8300000001,672.0000000000,0.0025000000,0.0239356083,东方财富沪深京A股延迟行情直连,2026-08-25
920810,春光智能,9.5100000000,9.5100000000,2362686.3199999998,2538.0000000000,0.0000000000,0.0236268632,东方财富沪深京A股延迟行情直连,2026-08-25
920271,邦德股份,8.7200000000,8.9000000000,2354610.8100000001,2704.0000000000,-0.0202000000,0.0235461081,东方财富沪深京A股延迟行情直连,2026-08-25
920685,新芝生物,11.7200000000,11.6700000000,2328850.6400000001,1990.0000000000,0.0043000000,0.0232885064,东方财富沪深京A股延迟行情直连,2026-08-25
920099,瑞华技术,17.7600000000,17.7600000000,2328723.2200000002,1313.0000000000,0.0000000000,0.0232872322,东方财富沪深京A股延迟行情直连,2026-08-25
920167,同享科技,14.4000000000,14.4000000000,2321125.3599999999,1615.0000000000,0.0000000000,0.0232112536,东方财富沪深京A股延迟行情直连,2026-08-25
920091,大鹏工业,27.7100000000,27.8700000000,2275282.7400000002,824.0000000000,-0.0057000000,0.0227528274,东方财富沪深京A股延迟行情直连,2026-08-25
920682,球冠电缆,5.7200000000,5.6700000000,2248521.2100000000,3944.0000000000,0.0088000000,0.0224852121,东方财富沪深京A股延迟行情直连,2026-08-25
920278,鹿得医疗,6.2900000000,6.2000000000,2248383.2799999998,3596.0000000000,0.0145000000,0.0224838328,东方财富沪深京A股延迟行情直连,2026-08-25
920706,铁拓机械,13.4600000000,13.4400000000,2240656.8100000001,1682.0000000000,0.0015000000,0.0224065681,东方财富沪深京A股延迟行情直连,2026-08-25
920086,科马材料,20.0500000000,19.9000000000,2224132.6000000001,1112.0000000000,0.0075000000,0.0222413260,东方财富沪深京A股延迟行情直连,2026-08-25
920227,美登科技,47.2700000000,46.7800000000,2212257.2500000000,467.0000000000,0.0105000000,0.0221225725,东方财富沪深京A股延迟行情直连,2026-08-25
920931,无锡鼎邦,10.1600000000,10.0500000000,2170268.1299999999,2146.0000000000,0.0109000000,0.0217026813,东方财富沪深京A股延迟行情直连,2026-08-25
603062,麦加芯彩,38.4700000000,38.5300000000,2167220.0000000000,565.0000000000,-0.0016000000,0.0216722000,东方财富沪深京A股延迟行情直连,2026-08-25
920184,国源科技,10.7800000000,10.6500000000,2154947.1699999999,2002.0000000000,0.0122000000,0.0215494717,东方财富沪深京A股延迟行情直连,2026-08-25
920925,锦好医疗,11.7300000000,11.6300000000,2129363.9100000001,1823.0000000000,0.0086000000,0.0212936391,东方财富沪深京A股延迟行情直连,2026-08-25
920932,科达自控,11.0700000000,11.0000000000,2115737.7300000000,1907.0000000000,0.0064000000,0.0211573773,东方财富沪深京A股延迟行情直连,2026-08-25
920089,禾昌聚合,9.8100000000,9.7700000000,2104042.3599999999,2148.0000000000,0.0041000000,0.0210404236,东方财富沪深京A股延迟行情直连,2026-08-25
920082,方正阀门,7.9200000000,7.8500000000,2098533.8399999999,2687.0000000000,0.0089000000,0.0209853384,东方财富沪深京A股延迟行情直连,2026-08-25
920556,雅达股份,6.5600000000,6.5200000000,2082818.5500000000,3174.0000000000,0.0061000000,0.0208281855,东方财富沪深京A股延迟行情直连,2026-08-25
920564,天润科技,12.7000000000,12.6400000000,2077025.6699999999,1638.0000000000,0.0047000000,0.0207702567,东方财富沪深京A股延迟行情直连,2026-08-25
920339,恒太照明,10.5000000000,10.5300000000,2066863.1699999999,1969.0000000000,-0.0028000000,0.0206686317,东方财富沪深京A股延迟行情直连,2026-08-25
920027,交大铁发,11.4800000000,11.4300000000,2062812.1599999999,1806.0000000000,0.0044000000,0.0206281216,东方财富沪深京A股延迟行情直连,2026-08-25
603855,华荣股份,15.9400000000,15.9500000000,2047308.0000000000,1286.0000000000,-0.0006000000,0.0204730800,东方财富沪深京A股延迟行情直连,2026-08-25
920221,易实精密,12.5100000000,12.4800000000,2033541.3899999999,1630.0000000000,0.0024000000,0.0203354139,东方财富沪深京A股延迟行情直连,2026-08-25
920985,海泰新能,4.5200000000,4.5000000000,2031938.5500000000,4502.0000000000,0.0044000000,0.0203193855,东方财富沪深京A股延迟行情直连,2026-08-25
920187,通领科技,18.9400000000,18.8000000000,2018974.1100000001,1067.0000000000,0.0074000000,0.0201897411,东方财富沪深京A股延迟行情直连,2026-08-25
920218,新天力,16.4100000000,16.2600000000,1989527.9900000000,1218.0000000000,0.0092000000,0.0198952799,东方财富沪深京A股延迟行情直连,2026-08-25
920198,微创光电,7.5500000000,7.4500000000,1965574.5100000000,2609.0000000000,0.0134000000,0.0196557451,东方财富沪深京A股延迟行情直连,2026-08-25
920527,夜光明,13.6900000000,13.4100000000,1955886.0500000000,1443.0000000000,0.0209000000,0.0195588605,东方财富沪深京A股延迟行情直连,2026-08-25
920050,爱伦医疗,28.9700000000,28.7500000000,1945035.3100000001,672.0000000000,0.0077000000,0.0194503531,东方财富沪深京A股延迟行情直连,2026-08-25
920670,数字人,12.4600000000,12.3500000000,1909931.9399999999,1534.0000000000,0.0089000000,0.0190993194,东方财富沪深京A股延迟行情直连,2026-08-25
920414,欧普泰,7.7500000000,7.6600000000,1895411.2500000000,2467.0000000000,0.0117000000,0.0189541125,东方财富沪深京A股延迟行情直连,2026-08-25
920553,凯腾精工,7.0300000000,6.9800000000,1872417.5400000000,2674.0000000000,0.0072000000,0.0187241754,东方财富沪深京A股延迟行情直连,2026-08-25
920422,润普食品,9.3000000000,9.1900000000,1858084.6299999999,1996.0000000000,0.0120000000,0.0185808463,东方财富沪深京A股延迟行情直连,2026-08-25
920069,普昂医疗,33.0500000000,33.1800000000,1854557.5200000000,563.0000000000,-0.0039000000,0.0185455752,东方财富沪深京A股延迟行情直连,2026-08-25
920267,鑫汇科,15.4300000000,15.3900000000,1843447.5000000000,1197.0000000000,0.0026000000,0.0184344750,东方财富沪深京A股延迟行情直连,2026-08-25
920075,柏星龙,15.1200000000,15.0800000000,1828528.8200000001,1212.0000000000,0.0027000000,0.0182852882,东方财富沪深京A股延迟行情直连,2026-08-25
920028,新恒泰,13.7400000000,13.6500000000,1815759.6899999999,1329.0000000000,0.0066000000,0.0181575969,东方财富沪深京A股延迟行情直连,2026-08-25
920906,舜宇精工,15.5900000000,15.4600000000,1803586.6100000001,1155.0000000000,0.0084000000,0.0180358661,东方财富沪深京A股延迟行情直连,2026-08-25
920123,芭薇股份,10.3500000000,10.1900000000,1802540.4099999999,1742.0000000000,0.0157000000,0.0180254041,东方财富沪深京A股延迟行情直连,2026-08-25
920152,昆工科技,12.7400000000,12.7700000000,1799051.9299999999,1418.0000000000,-0.0023000000,0.0179905193,东方财富沪深京A股延迟行情直连,2026-08-25
920370,新安洁,2.7700000000,2.7200000000,1775565.9299999999,6440.0000000000,0.0184000000,0.0177556593,东方财富沪深京A股延迟行情直连,2026-08-25
920058,华洋赛车,29.1700000000,29.1500000000,1773953.2800000000,615.0000000000,0.0007000000,0.0177395328,东方财富沪深京A股延迟行情直连,2026-08-25
920717,瑞星股份,7.8100000000,7.6500000000,1767585.1499999999,2291.0000000000,0.0209000000,0.0176758515,东方财富沪深京A股延迟行情直连,2026-08-25
920427,华维设计,8.2700000000,8.3100000000,1767325.8200000001,2133.0000000000,-0.0048000000,0.0176732582,东方财富沪深京A股延迟行情直连,2026-08-25
920870,恒进感应,11.7500000000,11.6900000000,1663141.8300000001,1422.0000000000,0.0051000000,0.0166314183,东方财富沪深京A股延迟行情直连,2026-08-25
920436,大地电气,10.3000000000,10.0000000000,1653891.9299999999,1616.0000000000,0.0300000000,0.0165389193,东方财富沪深京A股延迟行情直连,2026-08-25
920035,精创电气,23.2800000000,23.1300000000,1630462.3600000001,701.0000000000,0.0065000000,0.0163046236,东方财富沪深京A股延迟行情直连,2026-08-25
920751,惠同新材,15.6700000000,15.6100000000,1625211.0600000001,1037.0000000000,0.0038000000,0.0162521106,东方财富沪深京A股延迟行情直连,2026-08-25
920128,胜业电气,17.0700000000,17.0000000000,1611203.6299999999,945.0000000000,0.0041000000,0.0161120363,东方财富沪深京A股延迟行情直连,2026-08-25
603350,安乃达,27.8600000000,27.9000000000,1597257.0000000000,575.0000000000,-0.0014000000,0.0159725700,东方财富沪深京A股延迟行情直连,2026-08-25
920690,捷众科技,16.1500000000,16.1900000000,1577718.6200000001,981.0000000000,-0.0025000000,0.0157771862,东方财富沪深京A股延迟行情直连,2026-08-25
920036,觅睿科技,28.5000000000,28.6000000000,1572030.7800000000,551.0000000000,-0.0035000000,0.0157203078,东方财富沪深京A股延迟行情直连,2026-08-25
920066,科拜尔,16.8400000000,16.7300000000,1551620.4399999999,925.0000000000,0.0066000000,0.0155162044,东方财富沪深京A股延迟行情直连,2026-08-25
920375,派诺科技,6.8500000000,6.8000000000,1545075.0400000000,2268.0000000000,0.0074000000,0.0154507504,东方财富沪深京A股延迟行情直连,2026-08-25
920245,威博液压,12.7700000000,12.8000000000,1538320.4900000000,1213.0000000000,-0.0023000000,0.0153832049,东方财富沪深京A股延迟行情直连,2026-08-25
920011,晨光电机,18.1300000000,18.1300000000,1537976.4800000000,850.0000000000,0.0000000000,0.0153797648,东方财富沪深京A股延迟行情直连,2026-08-25
920656,海昇药业,14.4200000000,14.4700000000,1536618.0000000000,1067.0000000000,-0.0035000000,0.0153661800,东方财富沪深京A股延迟行情直连,2026-08-25
920212,智新电子,9.5000000000,9.4200000000,1507311.6599999999,1580.0000000000,0.0085000000,0.0150731166,东方财富沪深京A股延迟行情直连,2026-08-25
688459,哈铁科技,7.9800000000,7.9300000000,1498214.0000000000,1883.0000000000,0.0063000000,0.0149821400,东方财富沪深京A股延迟行情直连,2026-08-25
920834,三维装备,9.2700000000,9.2200000000,1483927.8600000001,1597.0000000000,0.0054000000,0.0148392786,东方财富沪深京A股延迟行情直连,2026-08-25
920419,路斯股份,10.4800000000,10.4300000000,1471602.6699999999,1407.0000000000,0.0048000000,0.0147160267,东方财富沪深京A股延迟行情直连,2026-08-25
920942,恒立钻具,16.3100000000,16.1400000000,1434721.3400000001,884.0000000000,0.0105000000,0.0143472134,东方财富沪深京A股延迟行情直连,2026-08-25
920098,科隆新材,16.5200000000,16.4800000000,1427990.0000000000,869.0000000000,0.0024000000,0.0142799000,东方财富沪深京A股延迟行情直连,2026-08-25
920475,三友科技,12.2500000000,12.1300000000,1403754.8100000001,1161.0000000000,0.0099000000,0.0140375481,东方财富沪深京A股延迟行情直连,2026-08-25
920275,驱动力,6.3400000000,6.2900000000,1372718.0500000000,2162.0000000000,0.0079000000,0.0137271805,东方财富沪深京A股延迟行情直连,2026-08-25
920768,拾比佰,6.9900000000,6.9700000000,1359396.3999999999,1946.0000000000,0.0029000000,0.0135939640,东方财富沪深京A股延迟行情直连,2026-08-25
920579,机科股份,14.3600000000,14.2400000000,1354793.6599999999,945.0000000000,0.0084000000,0.0135479366,东方财富沪深京A股延迟行情直连,2026-08-25
920876,慧为智能,15.4600000000,15.3100000000,1350159.0400000000,876.0000000000,0.0098000000,0.0135015904,东方财富沪深京A股延迟行情直连,2026-08-25
920175,东方碳素,7.7400000000,7.6800000000,1342414.5900000001,1744.0000000000,0.0078000000,0.0134241459,东方财富沪深京A股延迟行情直连,2026-08-25
920639,晨光电缆,6.1300000000,6.0500000000,1316636.1599999999,2156.0000000000,0.0132000000,0.0131663616,东方财富沪深京A股延迟行情直连,2026-08-25
920675,秉扬科技,7.1400000000,7.0700000000,1310340.1100000001,1848.0000000000,0.0099000000,0.0131034011,东方财富沪深京A股延迟行情直连,2026-08-25
920016,中草香料,12.8000000000,12.6700000000,1223794.0400000000,959.0000000000,0.0103000000,0.0122379404,东方财富沪深京A股延迟行情直连,2026-08-25
920177,恒道科技,24.1800000000,24.0900000000,1220008.1000000001,506.0000000000,0.0037000000,0.0122000810,东方财富沪深京A股延迟行情直连,2026-08-25
920163,方大新材,11.0400000000,10.8500000000,1215484.8400000001,1102.0000000000,0.0175000000,0.0121548484,东方财富沪深京A股延迟行情直连,2026-08-25
920188,悦龙科技,21.0400000000,21.1100000000,1201280.9700000000,570.0000000000,-0.0033000000,0.0120128097,东方财富沪深京A股延迟行情直连,2026-08-25
920689,克莱特,19.7500000000,19.6700000000,1197824.8100000001,609.0000000000,0.0041000000,0.0119782481,东方财富沪深京A股延迟行情直连,2026-08-25
920665,科强股份,8.3100000000,8.2500000000,1189085.4099999999,1440.0000000000,0.0073000000,0.0118908541,东方财富沪深京A股延迟行情直连,2026-08-25
920765,美之高,13.9400000000,13.9400000000,1181038.2200000000,847.0000000000,0.0000000000,0.0118103822,东方财富沪深京A股延迟行情直连,2026-08-25
920007,酉立智能,32.9900000000,32.6500000000,1178958.5100000000,360.0000000000,0.0104000000,0.0117895851,东方财富沪深京A股延迟行情直连,2026-08-25
920407,驰诚股份,10.5000000000,10.4600000000,1166652.2700000000,1105.0000000000,0.0038000000,0.0116665227,东方财富沪深京A股延迟行情直连,2026-08-25
920892,广咨国际,9.9800000000,9.9400000000,1166617.6000000001,1171.0000000000,0.0040000000,0.0116661760,东方财富沪深京A股延迟行情直连,2026-08-25
920132,泰鹏智能,8.4100000000,8.2500000000,1143001.0500000000,1368.0000000000,0.0194000000,0.0114300105,东方财富沪深京A股延迟行情直连,2026-08-25
920974,凯大催化,6.1100000000,6.0700000000,1134273.4399999999,1860.0000000000,0.0066000000,0.0113427344,东方财富沪深京A股延迟行情直连,2026-08-25
920496,许昌智能,6.1100000000,6.0900000000,1133316.9099999999,1854.0000000000,0.0033000000,0.0113331691,东方财富沪深京A股延迟行情直连,2026-08-25
920112,巴兰仕,15.5200000000,15.3400000000,1124314.8400000001,732.0000000000,0.0117000000,0.0112431484,东方财富沪深京A股延迟行情直连,2026-08-25
920146,华阳变速,4.9300000000,4.9000000000,1120710.4099999999,2294.0000000000,0.0061000000,0.0112071041,东方财富沪深京A股延迟行情直连,2026-08-25
920124,南特科技,12.2700000000,12.2700000000,1104768.4900000000,902.0000000000,0.0000000000,0.0110476849,东方财富沪深京A股延迟行情直连,2026-08-25
920871,派特尔,10.9500000000,10.8800000000,1080091.5200000000,993.0000000000,0.0064000000,0.0108009152,东方财富沪深京A股延迟行情直连,2026-08-25
920663,明阳科技,12.9200000000,12.8300000000,1064358.1200000001,828.0000000000,0.0070000000,0.0106435812,东方财富沪深京A股延迟行情直连,2026-08-25
920873,中设咨询,6.9300000000,6.9300000000,1019602.7900000000,1479.0000000000,0.0000000000,0.0101960279,东方财富沪深京A股延迟行情直连,2026-08-25
920693,阿为特,22.1100000000,22.1800000000,1014995.1400000000,458.0000000000,-0.0032000000,0.0101499514,东方财富沪深京A股延迟行情直连,2026-08-25
920262,太湖雪,13.5800000000,13.4200000000,1013288.4200000000,747.0000000000,0.0119000000,0.0101328842,东方财富沪深京A股延迟行情直连,2026-08-25
920519,万德股份,9.7600000000,9.6700000000,1005035.5600000001,1034.0000000000,0.0093000000,0.0100503556,东方财富沪深京A股延迟行情直连,2026-08-25
920160,北矿检测,20.4500000000,20.3700000000,1003433.8199999999,492.0000000000,0.0039000000,0.0100343382,东方财富沪深京A股延迟行情直连,2026-08-25
920057,百甲科技,4.8800000000,4.8700000000,960669.1700000000,1982.0000000000,0.0021000000,0.0096066917,东方财富沪深京A股延迟行情直连,2026-08-25
920374,云里物里,14.4400000000,14.3500000000,945077.9500000000,651.0000000000,0.0063000000,0.0094507795,东方财富沪深京A股延迟行情直连,2026-08-25
920260,中寰股份,7.8700000000,7.8300000000,916464.1000000000,1169.0000000000,0.0051000000,0.0091646410,东方财富沪深京A股延迟行情直连,2026-08-25
920802,保丽洁,10.2900000000,10.3000000000,887939.8700000000,860.0000000000,-0.0010000000,0.0088793987,东方财富沪深京A股延迟行情直连,2026-08-25
920508,殷图网联,14.1100000000,14.0800000000,886712.1100000000,631.0000000000,0.0021000000,0.0088671211,东方财富沪深京A股延迟行情直连,2026-08-25
920008,成电光信,18.9400000000,18.7600000000,875867.9300000001,466.0000000000,0.0096000000,0.0087586793,东方财富沪深京A股延迟行情直连,2026-08-25
920395,朗鸿科技,6.8000000000,6.6900000000,872398.3700000000,1283.0000000000,0.0164000000,0.0087239837,东方财富沪深京A股延迟行情直连,2026-08-25
920363,莱赛激光,9.9100000000,9.9200000000,825359.9900000000,833.0000000000,-0.0010000000,0.0082535999,东方财富沪深京A股延迟行情直连,2026-08-25
920000,安徽凤凰,13.6000000000,13.5600000000,817799.6200000000,602.0000000000,0.0029000000,0.0081779962,东方财富沪深京A股延迟行情直连,2026-08-25
920005,鼎佳精密,22.4100000000,22.4200000000,782361.3400000000,349.0000000000,-0.0004000000,0.0078236134,东方财富沪深京A股延迟行情直连,2026-08-25
920039,国义招标,8.5400000000,8.5500000000,771029.2800000000,905.0000000000,-0.0012000000,0.0077102928,东方财富沪深京A股延迟行情直连,2026-08-25
920020,泰凯英,15.1900000000,15.1800000000,769053.7800000000,506.0000000000,0.0007000000,0.0076905378,东方财富沪深京A股延迟行情直连,2026-08-25
920191,瑞尔竞达,8.5100000000,8.4700000000,750345.8199999999,883.0000000000,0.0047000000,0.0075034582,东方财富沪深京A股延迟行情直连,2026-08-25
920056,能之光,15.8800000000,15.6500000000,741519.7400000000,469.0000000000,0.0147000000,0.0074151974,东方财富沪深京A股延迟行情直连,2026-08-25
920781,瑞奇智造,5.5200000000,5.4700000000,731419.8000000000,1332.0000000000,0.0091000000,0.0073141980,东方财富沪深京A股延迟行情直连,2026-08-25
920242,建邦科技,13.6500000000,13.4100000000,723794.8400000000,532.0000000000,0.0179000000,0.0072379484,东方财富沪深京A股延迟行情直连,2026-08-25
920055,隆源股份,26.3100000000,26.1100000000,695395.9500000000,265.0000000000,0.0077000000,0.0069539595,东方财富沪深京A股延迟行情直连,2026-08-25
920926,鸿智科技,9.9900000000,9.8800000000,684928.8199999999,688.0000000000,0.0111000000,0.0068492882,东方财富沪深京A股延迟行情直连,2026-08-25
920195,三祥科技,12.0500000000,12.0000000000,680266.5000000000,565.0000000000,0.0042000000,0.0068026650,东方财富沪深京A股延迟行情直连,2026-08-25
920378,泰德股份,6.8400000000,6.8000000000,669907.6600000000,980.0000000000,0.0059000000,0.0066990766,东方财富沪深京A股延迟行情直连,2026-08-25
920541,铁大科技,9.6700000000,9.6600000000,648730.9300000001,674.0000000000,0.0010000000,0.0064873093,东方财富沪深京A股延迟行情直连,2026-08-25
920454,同心传动,10.5900000000,10.5500000000,639199.8199999999,601.0000000000,0.0038000000,0.0063919982,东方财富沪深京A股延迟行情直连,2026-08-25
920080,奥美森,20.9700000000,20.7500000000,615242.2500000000,293.0000000000,0.0106000000,0.0061524225,东方财富沪深京A股延迟行情直连,2026-08-25
920992,中科美菱,11.1800000000,11.1300000000,612361.0100000000,548.0000000000,0.0045000000,0.0061236101,东方财富沪深京A股延迟行情直连,2026-08-25
920108,宏海科技,8.9200000000,8.8900000000,611545.5200000000,689.0000000000,0.0034000000,0.0061154552,东方财富沪深京A股延迟行情直连,2026-08-25
920022,世昌股份,18.3900000000,18.1300000000,610643.5699999999,334.0000000000,0.0143000000,0.0061064357,东方财富沪深京A股延迟行情直连,2026-08-25
920076,国亮新材,12.7200000000,12.6800000000,601751.5800000000,474.0000000000,0.0032000000,0.0060175158,东方财富沪深京A股延迟行情直连,2026-08-25
920837,华原股份,9.4200000000,9.3800000000,595365.9200000000,634.0000000000,0.0043000000,0.0059536592,东方财富沪深京A股延迟行情直连,2026-08-25
920469,富恒新材,5.4900000000,5.4600000000,593182.5900000000,1086.0000000000,0.0055000000,0.0059318259,东方财富沪深京A股延迟行情直连,2026-08-25
920455,汇隆活塞,5.7900000000,5.7100000000,592041.3600000000,1028.0000000000,0.0140000000,0.0059204136,东方财富沪深京A股延迟行情直连,2026-08-25
920101,志高机械,15.9900000000,15.9500000000,580269.6200000000,363.0000000000,0.0025000000,0.0058026962,东方财富沪深京A股延迟行情直连,2026-08-25
920718,合肥高科,9.3400000000,9.2700000000,566297.4100000000,611.0000000000,0.0076000000,0.0056629741,东方财富沪深京A股延迟行情直连,2026-08-25
920703,广厦环能,9.9700000000,9.9100000000,557662.7100000000,561.0000000000,0.0061000000,0.0055766271,东方财富沪深京A股延迟行情直连,2026-08-25
920145,恒合股份,9.7700000000,9.6300000000,550002.5000000000,568.0000000000,0.0145000000,0.0055000250,东方财富沪深京A股延迟行情直连,2026-08-25
920896,旺成科技,11.8900000000,11.7800000000,539819.0500000000,457.0000000000,0.0093000000,0.0053981905,东方财富沪深京A股延迟行情直连,2026-08-25
920792,东和新材,9.8300000000,9.7400000000,534138.8800000000,545.0000000000,0.0092000000,0.0053413888,东方财富沪深京A股延迟行情直连,2026-08-25
920679,前进科技,15.3100000000,15.1000000000,513395.6500000000,338.0000000000,0.0139000000,0.0051339565,东方财富沪深京A股延迟行情直连,2026-08-25
920263,中航泰达,6.7500000000,6.6200000000,502114.2600000000,746.0000000000,0.0196000000,0.0050211426,东方财富沪深京A股延迟行情直连,2026-08-25
920608,丰安股份,13.3500000000,13.2400000000,497693.4900000000,373.0000000000,0.0083000000,0.0049769349,东方财富沪深京A股延迟行情直连,2026-08-25
920003,中诚咨询,15.1200000000,15.1900000000,497613.6500000000,328.0000000000,-0.0046000000,0.0049761365,东方财富沪深京A股延迟行情直连,2026-08-25
920855,浙江大农,12.2800000000,12.1800000000,467630.2600000000,383.0000000000,0.0082000000,0.0046763026,东方财富沪深京A股延迟行情直连,2026-08-25
920832,齐鲁华信,6.0800000000,5.9900000000,461896.5600000000,759.0000000000,0.0150000000,0.0046189656,东方财富沪深京A股延迟行情直连,2026-08-25
920346,威贸电子,14.3500000000,14.2800000000,436765.4700000000,306.0000000000,0.0049000000,0.0043676547,东方财富沪深京A股延迟行情直连,2026-08-25
920110,雷特科技,25.6400000000,25.4100000000,433090.6100000000,170.0000000000,0.0091000000,0.0043309061,东方财富沪深京A股延迟行情直连,2026-08-25
920392,佳合科技,13.4900000000,13.4800000000,400487.7300000000,296.0000000000,0.0007000000,0.0040048773,东方财富沪深京A股延迟行情直连,2026-08-25
920180,爱得科技,11.8000000000,11.7600000000,317490.4100000000,269.0000000000,0.0034000000,0.0031749041,东方财富沪深京A股延迟行情直连,2026-08-25
920168,通宝光电,14.9600000000,14.9300000000,271714.9700000000,182.0000000000,0.0020000000,0.0027171497,东方财富沪深京A股延迟行情直连,2026-08-25
920204,沪江材料,12.6100000000,12.4700000000,269594.2300000000,215.0000000000,0.0112000000,0.0026959423,东方财富沪深京A股延迟行情直连,2026-08-25
920950,迅安科技,12.3500000000,12.3000000000,155457.6000000000,126.0000000000,0.0041000000,0.0015545760,东方财富沪深京A股延迟行情直连,2026-08-25
920183,海菲曼,27.7000000000,27.7500000000,22121.0000000000,8.0000000000,-0.0018000000,0.0002212100,东方财富沪深京A股延迟行情直连,2026-08-25
