stock_code,stock_name,close,prev_close,amount_yuan,volume,return,amount_100m,snapshot_source
920000,安徽凤凰,13.4200000000,13.5400000000,5144534.0000000000,382607.0000000000,-0.0088600000,0.0514453400,AKShare stock_zh_a_spot / 新浪
920001,纬达光电,11.8500000000,11.7800000000,29718156.0000000000,2507946.0000000000,0.0059400000,0.2971815600,AKShare stock_zh_a_spot / 新浪
920002,万达轴承,52.6400000000,53.4600000000,49521179.0000000000,926577.0000000000,-0.0153400000,0.4952117900,AKShare stock_zh_a_spot / 新浪
920003,中诚咨询,15.4900000000,16.8900000000,19105983.0000000000,1232650.0000000000,-0.0828900000,0.1910598300,AKShare stock_zh_a_spot / 新浪
920005,鼎佳精密,23.9300000000,23.6300000000,10371985.0000000000,441981.0000000000,0.0127000000,0.1037198500,AKShare stock_zh_a_spot / 新浪
920006,晟楠科技,15.1100000000,15.3700000000,13975267.0000000000,919259.0000000000,-0.0169200000,0.1397526700,AKShare stock_zh_a_spot / 新浪
920007,酉立智能,32.7500000000,33.3600000000,9966488.0000000000,304147.0000000000,-0.0182900000,0.0996648800,AKShare stock_zh_a_spot / 新浪
920008,成电光信,18.8500000000,18.9800000000,5486312.0000000000,291178.0000000000,-0.0068500000,0.0548631200,AKShare stock_zh_a_spot / 新浪
920009,丹娜生物,37.8600000000,39.7300000000,44727548.0000000000,1189263.0000000000,-0.0470700000,0.4472754800,AKShare stock_zh_a_spot / 新浪
920010,凯添燃气,8.6000000000,8.3500000000,71084004.0000000000,8192140.0000000000,0.0299400000,0.7108400400,AKShare stock_zh_a_spot / 新浪
920011,晨光电机,18.6000000000,19.2000000000,22093387.0000000000,1184895.0000000000,-0.0312500000,0.2209338700,AKShare stock_zh_a_spot / 新浪
920012,创达新材,53.8000000000,56.2400000000,81113097.0000000000,1493465.0000000000,-0.0433900000,0.8111309700,AKShare stock_zh_a_spot / 新浪
920014,特瑞斯,8.7200000000,8.7500000000,10113491.0000000000,1149255.0000000000,-0.0034300000,0.1011349100,AKShare stock_zh_a_spot / 新浪
920015,锦华新材,39.0500000000,39.3300000000,45077934.0000000000,1148134.0000000000,-0.0071200000,0.4507793400,AKShare stock_zh_a_spot / 新浪
920016,中草香料,12.9200000000,13.0100000000,4510972.0000000000,351075.0000000000,-0.0069200000,0.0451097200,AKShare stock_zh_a_spot / 新浪
920017,星昊医药,16.9000000000,17.2900000000,58399637.0000000000,3449635.0000000000,-0.0225600000,0.5839963700,AKShare stock_zh_a_spot / 新浪
920018,宏远股份,15.0000000000,14.9500000000,12809319.0000000000,848866.0000000000,0.0033400000,0.1280931900,AKShare stock_zh_a_spot / 新浪
920019,铜冠矿建,14.7400000000,14.6400000000,21287218.0000000000,1445723.0000000000,0.0068300000,0.2128721800,AKShare stock_zh_a_spot / 新浪
920020,泰凯英,14.8500000000,15.3200000000,8445176.0000000000,562330.0000000000,-0.0306800000,0.0844517600,AKShare stock_zh_a_spot / 新浪
920021,流金科技,6.5700000000,6.5100000000,34133215.0000000000,5237951.0000000000,0.0092200000,0.3413321500,AKShare stock_zh_a_spot / 新浪
920022,世昌股份,18.6600000000,19.1200000000,3237907.0000000000,171949.0000000000,-0.0240600000,0.0323790700,AKShare stock_zh_a_spot / 新浪
920026,卓兆点胶,20.8100000000,20.4400000000,92369590.0000000000,4472740.0000000000,0.0181000000,0.9236959000,AKShare stock_zh_a_spot / 新浪
920027,交大铁发,11.9200000000,11.6300000000,19411990.0000000000,1651936.0000000000,0.0249400000,0.1941199000,AKShare stock_zh_a_spot / 新浪
920028,新恒泰,13.9600000000,14.3000000000,17802507.0000000000,1264135.0000000000,-0.0237800000,0.1780250700,AKShare stock_zh_a_spot / 新浪
920029,开发科技,34.5000000000,35.1000000000,27156378.0000000000,780841.0000000000,-0.0170900000,0.2715637800,AKShare stock_zh_a_spot / 新浪
920030,德众汽车,4.3700000000,4.4400000000,4101717.0000000000,938194.0000000000,-0.0157700000,0.0410171700,AKShare stock_zh_a_spot / 新浪
920033,康普化学,14.4200000000,14.3600000000,11618210.0000000000,801075.0000000000,0.0041800000,0.1161821000,AKShare stock_zh_a_spot / 新浪
920035,精创电气,23.1900000000,23.3900000000,9488314.0000000000,406514.0000000000,-0.0085500000,0.0948831400,AKShare stock_zh_a_spot / 新浪
920036,觅睿科技,28.6200000000,28.5500000000,13371479.0000000000,475081.0000000000,0.0024500000,0.1337147900,AKShare stock_zh_a_spot / 新浪
920037,广信科技,41.4000000000,40.0000000000,29524707.0000000000,721257.0000000000,0.0350000000,0.2952470700,AKShare stock_zh_a_spot / 新浪
920038,森合高科,38.7100000000,36.2400000000,193859421.0000000000,5139982.0000000000,0.0681600000,1.9385942100,AKShare stock_zh_a_spot / 新浪
920039,国义招标,8.7000000000,8.5900000000,13124632.0000000000,1544363.0000000000,0.0128100000,0.1312463200,AKShare stock_zh_a_spot / 新浪
920045,蘅东光,401.4900000000,382.0500000000,698584469.0000000000,1771739.0000000000,0.0508800000,6.9858446900,AKShare stock_zh_a_spot / 新浪
920046,亿能电力,20.0700000000,20.0500000000,43594967.0000000000,2152865.0000000000,0.0010000000,0.4359496700,AKShare stock_zh_a_spot / 新浪
920047,诺思兰德,17.0400000000,17.5100000000,89048540.0000000000,5248967.0000000000,-0.0268400000,0.8904854000,AKShare stock_zh_a_spot / 新浪
920050,爱伦医疗,29.4500000000,29.4000000000,5270721.0000000000,179080.0000000000,0.0017000000,0.0527072100,AKShare stock_zh_a_spot / 新浪
920055,隆源股份,26.4300000000,26.4600000000,4476833.0000000000,169474.0000000000,-0.0011300000,0.0447683300,AKShare stock_zh_a_spot / 新浪
920056,能之光,15.9400000000,16.0800000000,2400251.0000000000,149780.0000000000,-0.0087100000,0.0240025100,AKShare stock_zh_a_spot / 新浪
920057,百甲科技,4.8800000000,4.8800000000,2759040.0000000000,566652.0000000000,0.0000000000,0.0275904000,AKShare stock_zh_a_spot / 新浪
920058,华洋赛车,29.4800000000,29.7000000000,19199707.0000000000,652292.0000000000,-0.0074100000,0.1919970700,AKShare stock_zh_a_spot / 新浪
920059,双英集团,15.6200000000,17.3300000000,215257404.0000000000,13671666.0000000000,-0.0986700000,2.1525740400,AKShare stock_zh_a_spot / 新浪
920060,万源通,21.3700000000,21.3900000000,25616349.0000000000,1195828.0000000000,-0.0009400000,0.2561634900,AKShare stock_zh_a_spot / 新浪
920061,西磁科技,17.3900000000,17.3200000000,10254463.0000000000,588851.0000000000,0.0040400000,0.1025446300,AKShare stock_zh_a_spot / 新浪
920062,科润智控,7.2300000000,7.3400000000,9758030.0000000000,1346260.0000000000,-0.0149900000,0.0975803000,AKShare stock_zh_a_spot / 新浪
920065,千岸科技,33.4800000000,34.0600000000,43693437.0000000000,1295402.0000000000,-0.0170300000,0.4369343700,AKShare stock_zh_a_spot / 新浪
920066,科拜尔,17.0900000000,17.4500000000,13715429.0000000000,797363.0000000000,-0.0206300000,0.1371542900,AKShare stock_zh_a_spot / 新浪
920068,天工股份,15.2700000000,15.5800000000,22651936.0000000000,1480842.0000000000,-0.0199000000,0.2265193600,AKShare stock_zh_a_spot / 新浪
920069,普昂医疗,33.2200000000,33.6400000000,9991232.0000000000,302199.0000000000,-0.0124900000,0.0999123200,AKShare stock_zh_a_spot / 新浪
920072,科莱瑞迪,25.5700000000,26.1300000000,24634070.0000000000,966629.0000000000,-0.0214300000,0.2463407000,AKShare stock_zh_a_spot / 新浪
920075,柏星龙,15.3400000000,15.2200000000,6940656.0000000000,455012.0000000000,0.0078800000,0.0694065600,AKShare stock_zh_a_spot / 新浪
920076,国亮新材,12.6500000000,12.7800000000,4674815.0000000000,370586.0000000000,-0.0101700000,0.0467481500,AKShare stock_zh_a_spot / 新浪
920077,吉林碳谷,13.8000000000,14.0600000000,47545046.0000000000,3435125.0000000000,-0.0184900000,0.4754504600,AKShare stock_zh_a_spot / 新浪
920078,族兴新材,19.9200000000,18.0100000000,120970331.0000000000,6142307.0000000000,0.1060500000,1.2097033100,AKShare stock_zh_a_spot / 新浪
920079,乔路铭,13.5700000000,13.7500000000,44668550.0000000000,3299615.0000000000,-0.0130900000,0.4466855000,AKShare stock_zh_a_spot / 新浪
920080,奥美森,21.2600000000,22.1600000000,6040209.0000000000,280777.0000000000,-0.0406100000,0.0604020900,AKShare stock_zh_a_spot / 新浪
920081,欧伦电气,41.3700000000,40.9100000000,50823539.0000000000,1235602.0000000000,0.0112400000,0.5082353900,AKShare stock_zh_a_spot / 新浪
920082,方正阀门,8.0300000000,8.0800000000,3445677.0000000000,426940.0000000000,-0.0061900000,0.0344567700,AKShare stock_zh_a_spot / 新浪
920083,金戈新材,41.0400000000,44.2000000000,254380857.0000000000,6033233.0000000000,-0.0714900000,2.5438085700,AKShare stock_zh_a_spot / 新浪
920086,科马材料,20.3600000000,20.2500000000,6963191.0000000000,343593.0000000000,0.0054300000,0.0696319100,AKShare stock_zh_a_spot / 新浪
920087,秋乐种业,14.2700000000,16.8300000000,335254749.0000000000,22287796.0000000000,-0.1521100000,3.3525474900,AKShare stock_zh_a_spot / 新浪
920088,科力股份,46.2000000000,45.8000000000,315531469.0000000000,6665452.0000000000,0.0087300000,3.1553146900,AKShare stock_zh_a_spot / 新浪
920089,禾昌聚合,9.9900000000,10.0000000000,5295497.0000000000,531855.0000000000,-0.0010000000,0.0529549700,AKShare stock_zh_a_spot / 新浪
920091,大鹏工业,28.3300000000,28.9000000000,14268317.0000000000,502094.0000000000,-0.0197200000,0.1426831700,AKShare stock_zh_a_spot / 新浪
920092,汉鑫科技,27.6800000000,27.4300000000,40355007.0000000000,1459608.0000000000,0.0091100000,0.4035500700,AKShare stock_zh_a_spot / 新浪
920096,嘉晨智能,34.0400000000,34.1400000000,21959561.0000000000,651053.0000000000,-0.0029300000,0.2195956100,AKShare stock_zh_a_spot / 新浪
920098,科隆新材,17.0000000000,16.9300000000,13223708.0000000000,790131.0000000000,0.0041300000,0.1322370800,AKShare stock_zh_a_spot / 新浪
920099,瑞华技术,18.2900000000,17.6300000000,15274484.0000000000,844167.0000000000,0.0374400000,0.1527448400,AKShare stock_zh_a_spot / 新浪
920100,三协电机,32.0900000000,32.1600000000,27839459.0000000000,867534.0000000000,-0.0021800000,0.2783945900,AKShare stock_zh_a_spot / 新浪
920101,志高机械,16.2400000000,16.5500000000,5377270.0000000000,328154.0000000000,-0.0187300000,0.0537727000,AKShare stock_zh_a_spot / 新浪
920106,林泰新材,35.6900000000,35.6600000000,7262475.0000000000,202927.0000000000,0.0008400000,0.0726247500,AKShare stock_zh_a_spot / 新浪
920107,恒兴股份,21.2500000000,21.6100000000,49139868.0000000000,2310790.0000000000,-0.0166600000,0.4913986800,AKShare stock_zh_a_spot / 新浪
920108,宏海科技,9.0300000000,9.1200000000,3024439.0000000000,335473.0000000000,-0.0098700000,0.0302443900,AKShare stock_zh_a_spot / 新浪
920110,雷特科技,25.9200000000,26.3800000000,1591709.0000000000,61114.0000000000,-0.0174400000,0.0159170900,AKShare stock_zh_a_spot / 新浪
920111,聚星科技,29.1500000000,31.9000000000,160707762.0000000000,5330993.0000000000,-0.0862100000,1.6070776200,AKShare stock_zh_a_spot / 新浪
920112,巴兰仕,15.5300000000,15.7000000000,1741633.0000000000,111262.0000000000,-0.0108300000,0.0174163300,AKShare stock_zh_a_spot / 新浪
920116,星图测控,45.2400000000,45.4300000000,77077317.0000000000,1707614.0000000000,-0.0041800000,0.7707731700,AKShare stock_zh_a_spot / 新浪
920117,龙鑫智能,29.8800000000,29.3900000000,103978732.0000000000,3482534.0000000000,0.0166700000,1.0397873200,AKShare stock_zh_a_spot / 新浪
920118,太湖远大,19.8900000000,20.8000000000,20713743.0000000000,1028125.0000000000,-0.0437500000,0.2071374300,AKShare stock_zh_a_spot / 新浪
920119,美德乐,50.3000000000,49.0900000000,22890533.0000000000,457848.0000000000,0.0246500000,0.2289053300,AKShare stock_zh_a_spot / 新浪
920121,江天科技,28.3000000000,28.0400000000,5512342.0000000000,195064.0000000000,0.0092700000,0.0551234200,AKShare stock_zh_a_spot / 新浪
920122,中纺标,22.9800000000,23.0200000000,23247449.0000000000,1012262.0000000000,-0.0017400000,0.2324744900,AKShare stock_zh_a_spot / 新浪
920123,芭薇股份,10.4100000000,10.6000000000,7653790.0000000000,735741.0000000000,-0.0179200000,0.0765379000,AKShare stock_zh_a_spot / 新浪
920124,南特科技,12.5300000000,12.6300000000,6271247.0000000000,499796.0000000000,-0.0079200000,0.0627124700,AKShare stock_zh_a_spot / 新浪
920125,鸿仕达,120.5000000000,120.4900000000,134535495.0000000000,1115192.0000000000,0.0000800000,1.3453549500,AKShare stock_zh_a_spot / 新浪
920126,永大股份,10.0100000000,10.0900000000,13140603.0000000000,1317125.0000000000,-0.0079300000,0.1314060300,AKShare stock_zh_a_spot / 新浪
920128,胜业电气,17.5600000000,17.6800000000,8592147.0000000000,488953.0000000000,-0.0067900000,0.0859214700,AKShare stock_zh_a_spot / 新浪
920130,立方控股,17.1300000000,17.0700000000,29756380.0000000000,1754402.0000000000,0.0035100000,0.2975638000,AKShare stock_zh_a_spot / 新浪
920132,泰鹏智能,8.4000000000,8.6000000000,5075187.0000000000,599763.0000000000,-0.0232600000,0.0507518700,AKShare stock_zh_a_spot / 新浪
920136,永励精密,20.3800000000,20.2500000000,19986829.0000000000,991502.0000000000,0.0064200000,0.1998682900,AKShare stock_zh_a_spot / 新浪
920138,杰理科技,39.5400000000,39.0700000000,164650824.0000000000,4109390.0000000000,0.0120300000,1.6465082400,AKShare stock_zh_a_spot / 新浪
920139,华岭股份,14.6900000000,14.6600000000,31533492.0000000000,2134539.0000000000,0.0020500000,0.3153349200,AKShare stock_zh_a_spot / 新浪
920145,恒合股份,9.9600000000,9.8900000000,1923797.0000000000,193970.0000000000,0.0070800000,0.0192379700,AKShare stock_zh_a_spot / 新浪
920146,华阳变速,4.9700000000,5.0100000000,3641268.0000000000,728621.0000000000,-0.0079800000,0.0364126800,AKShare stock_zh_a_spot / 新浪
920149,旭杰科技,7.7100000000,7.7800000000,2670374.0000000000,347632.0000000000,-0.0090000000,0.0267037400,AKShare stock_zh_a_spot / 新浪
920152,昆工科技,12.7100000000,12.8200000000,12556648.0000000000,987393.0000000000,-0.0085800000,0.1255664800,AKShare stock_zh_a_spot / 新浪
920156,海昌智能,38.0600000000,37.8200000000,29752895.0000000000,791589.0000000000,0.0063500000,0.2975289500,AKShare stock_zh_a_spot / 新浪
920158,长江能科,8.0800000000,8.0700000000,6745948.0000000000,833935.0000000000,0.0012400000,0.0674594800,AKShare stock_zh_a_spot / 新浪
920159,农大科技,28.3900000000,30.2600000000,39184552.0000000000,1370378.0000000000,-0.0618000000,0.3918455200,AKShare stock_zh_a_spot / 新浪
920160,北矿检测,20.2000000000,20.0700000000,6017728.0000000000,299208.0000000000,0.0064800000,0.0601772800,AKShare stock_zh_a_spot / 新浪
920161,龙辰科技,26.5000000000,27.0300000000,99693425.0000000000,3810917.0000000000,-0.0196100000,0.9969342500,AKShare stock_zh_a_spot / 新浪
920163,方大新材,11.0000000000,11.2000000000,7117051.0000000000,640383.0000000000,-0.0178600000,0.0711705100,AKShare stock_zh_a_spot / 新浪
920165,珈凯生物,37.3500000000,36.5500000000,37235830.0000000000,1006438.0000000000,0.0218900000,0.3723583000,AKShare stock_zh_a_spot / 新浪
920166,海圣医疗,21.1400000000,21.9000000000,12398648.0000000000,585146.0000000000,-0.0347000000,0.1239864800,AKShare stock_zh_a_spot / 新浪
920167,同享科技,14.7800000000,14.7900000000,12263700.0000000000,835506.0000000000,-0.0006800000,0.1226370000,AKShare stock_zh_a_spot / 新浪
920168,通宝光电,15.2000000000,15.3900000000,2944304.0000000000,193229.0000000000,-0.0123500000,0.0294430400,AKShare stock_zh_a_spot / 新浪
920169,七丰精工,20.8600000000,20.3800000000,132360068.0000000000,6147180.0000000000,0.0235500000,1.3236006800,AKShare stock_zh_a_spot / 新浪
920171,志晟信息,16.1200000000,16.1300000000,21168382.0000000000,1301491.0000000000,-0.0006200000,0.2116838200,AKShare stock_zh_a_spot / 新浪
920174,五新智能,28.2300000000,28.9800000000,27223145.0000000000,953176.0000000000,-0.0258800000,0.2722314500,AKShare stock_zh_a_spot / 新浪
920175,东方碳素,7.7100000000,7.8000000000,3586606.0000000000,464838.0000000000,-0.0115400000,0.0358660600,AKShare stock_zh_a_spot / 新浪
920176,维琪科技,54.7800000000,55.8800000000,47644108.0000000000,863398.0000000000,-0.0196900000,0.4764410800,AKShare stock_zh_a_spot / 新浪
920177,恒道科技,24.7900000000,24.9900000000,3868439.0000000000,155315.0000000000,-0.0080000000,0.0386843900,AKShare stock_zh_a_spot / 新浪
920178,锐翔智能,90.8100000000,92.2200000000,58202335.0000000000,639584.0000000000,-0.0152900000,0.5820233500,AKShare stock_zh_a_spot / 新浪
920179,凯德石英,52.4500000000,51.6900000000,114512396.0000000000,2205136.0000000000,0.0147000000,1.1451239600,AKShare stock_zh_a_spot / 新浪
920180,爱得科技,12.2500000000,12.3800000000,4961991.0000000000,406912.0000000000,-0.0105000000,0.0496199100,AKShare stock_zh_a_spot / 新浪
920181,赛英电子,73.6900000000,73.0900000000,41915956.0000000000,572331.0000000000,0.0082100000,0.4191595600,AKShare stock_zh_a_spot / 新浪
920183,海菲曼,28.1400000000,28.2500000000,2696620.0000000000,95656.0000000000,-0.0038900000,0.0269662000,AKShare stock_zh_a_spot / 新浪
920184,国源科技,10.9600000000,11.0500000000,9317398.0000000000,854433.0000000000,-0.0081400000,0.0931739800,AKShare stock_zh_a_spot / 新浪
920185,贝特瑞,20.4000000000,20.1700000000,61162828.0000000000,2999548.0000000000,0.0114000000,0.6116282800,AKShare stock_zh_a_spot / 新浪
920186,中科仪,73.4000000000,70.8100000000,285271640.0000000000,3940086.0000000000,0.0365800000,2.8527164000,AKShare stock_zh_a_spot / 新浪
920187,通领科技,18.8600000000,18.9000000000,4246521.0000000000,224937.0000000000,-0.0021200000,0.0424652100,AKShare stock_zh_a_spot / 新浪
920188,悦龙科技,21.5000000000,21.4100000000,7723550.0000000000,362675.0000000000,0.0042000000,0.0772355000,AKShare stock_zh_a_spot / 新浪
920189,康美特,20.7600000000,19.8300000000,118025353.0000000000,5723722.0000000000,0.0469000000,1.1802535300,AKShare stock_zh_a_spot / 新浪
920190,雷神科技,25.2500000000,24.9000000000,106332366.0000000000,4222577.0000000000,0.0140600000,1.0633236600,AKShare stock_zh_a_spot / 新浪
920191,瑞尔竞达,8.7500000000,8.7700000000,3170445.0000000000,362611.0000000000,-0.0022800000,0.0317044500,AKShare stock_zh_a_spot / 新浪
920193,吉和昌,32.5300000000,32.8300000000,86052323.0000000000,2682343.0000000000,-0.0091400000,0.8605232300,AKShare stock_zh_a_spot / 新浪
920195,三祥科技,12.1100000000,12.2100000000,5952720.0000000000,493427.0000000000,-0.0081900000,0.0595272000,AKShare stock_zh_a_spot / 新浪
920198,微创光电,7.6400000000,7.4400000000,16656688.0000000000,2196582.0000000000,0.0268800000,0.1665668800,AKShare stock_zh_a_spot / 新浪
920199,倍益康,25.3200000000,26.0000000000,25871595.0000000000,1016493.0000000000,-0.0261500000,0.2587159500,AKShare stock_zh_a_spot / 新浪
920200,振宏股份,26.7700000000,27.4900000000,34760795.0000000000,1297114.0000000000,-0.0261900000,0.3476079500,AKShare stock_zh_a_spot / 新浪
920204,沪江材料,12.7200000000,12.8700000000,3798157.0000000000,299637.0000000000,-0.0116600000,0.0379815700,AKShare stock_zh_a_spot / 新浪
920206,彩客科技,42.6000000000,43.5600000000,123977418.0000000000,2955338.0000000000,-0.0220400000,1.2397741800,AKShare stock_zh_a_spot / 新浪
920207,众诚科技,20.4200000000,21.3600000000,51269989.0000000000,2532246.0000000000,-0.0440100000,0.5126998900,AKShare stock_zh_a_spot / 新浪
920208,青矩技术,12.2400000000,12.2800000000,25683806.0000000000,2088222.0000000000,-0.0032600000,0.2568380600,AKShare stock_zh_a_spot / 新浪
920211,新睿电子,108.5000000000,111.5000000000,57583984.0000000000,528283.0000000000,-0.0269100000,0.5758398400,AKShare stock_zh_a_spot / 新浪
920212,智新电子,9.6600000000,9.7500000000,5586442.0000000000,577423.0000000000,-0.0092300000,0.0558644200,AKShare stock_zh_a_spot / 新浪
920218,新天力,16.4400000000,16.7800000000,20321823.0000000000,1240073.0000000000,-0.0202600000,0.2032182300,AKShare stock_zh_a_spot / 新浪
920220,朗信电气,39.4900000000,40.0800000000,27652387.0000000000,702847.0000000000,-0.0147200000,0.2765238700,AKShare stock_zh_a_spot / 新浪
920221,易实精密,12.7000000000,12.7400000000,6680777.0000000000,525263.0000000000,-0.0031400000,0.0668077700,AKShare stock_zh_a_spot / 新浪
920222,益坤电气,25.0500000000,25.8000000000,29202478.0000000000,1167182.0000000000,-0.0290700000,0.2920247800,AKShare stock_zh_a_spot / 新浪
920223,荣亿精密,11.1000000000,10.7400000000,21045160.0000000000,1902180.0000000000,0.0335200000,0.2104516000,AKShare stock_zh_a_spot / 新浪
920225,利通科技,14.7400000000,15.0300000000,20569701.0000000000,1400086.0000000000,-0.0192900000,0.2056970100,AKShare stock_zh_a_spot / 新浪
920227,美登科技,47.1000000000,48.2500000000,11842869.0000000000,250960.0000000000,-0.0238300000,0.1184286900,AKShare stock_zh_a_spot / 新浪
920230,欧康医药,10.7700000000,11.2200000000,35213009.0000000000,3249126.0000000000,-0.0401100000,0.3521300900,AKShare stock_zh_a_spot / 新浪
920237,力佳科技,11.8600000000,12.0800000000,7197540.0000000000,600981.0000000000,-0.0182100000,0.0719754000,AKShare stock_zh_a_spot / 新浪
920238,长鹰硬科,65.9900000000,62.7900000000,204875421.0000000000,3123204.0000000000,0.0509600000,2.0487542100,AKShare stock_zh_a_spot / 新浪
920239,长虹能源,21.1900000000,21.1500000000,14295710.0000000000,671438.0000000000,0.0018900000,0.1429571000,AKShare stock_zh_a_spot / 新浪
920242,建邦科技,13.6800000000,13.9200000000,3927742.0000000000,284825.0000000000,-0.0172400000,0.0392774200,AKShare stock_zh_a_spot / 新浪
920245,威博液压,12.7300000000,13.2900000000,15689619.0000000000,1222769.0000000000,-0.0421400000,0.1568961900,AKShare stock_zh_a_spot / 新浪
920247,华密新材,13.7600000000,14.0800000000,29663577.0000000000,2141114.0000000000,-0.0227300000,0.2966357700,AKShare stock_zh_a_spot / 新浪
920249,利尔达,9.2100000000,9.5300000000,55963804.0000000000,6024056.0000000000,-0.0335800000,0.5596380400,AKShare stock_zh_a_spot / 新浪
920252,天宏锂电,15.4900000000,15.2500000000,33813486.0000000000,2160963.0000000000,0.0157400000,0.3381348600,AKShare stock_zh_a_spot / 新浪
920258,聚仁新材,11.6000000000,12.0100000000,43334520.0000000000,3724383.0000000000,-0.0341400000,0.4333452000,AKShare stock_zh_a_spot / 新浪
920260,中寰股份,7.9700000000,8.0300000000,2356985.0000000000,297348.0000000000,-0.0074700000,0.0235698500,AKShare stock_zh_a_spot / 新浪
920261,一诺威,13.6900000000,13.7200000000,13168292.0000000000,956679.0000000000,-0.0021900000,0.1316829200,AKShare stock_zh_a_spot / 新浪
920262,太湖雪,13.4400000000,13.6100000000,7175584.0000000000,533027.0000000000,-0.0124900000,0.0717558400,AKShare stock_zh_a_spot / 新浪
920263,中航泰达,6.8000000000,6.8700000000,1504842.0000000000,221615.0000000000,-0.0101900000,0.0150484200,AKShare stock_zh_a_spot / 新浪
920266,生物谷,7.5700000000,7.8400000000,37869324.0000000000,5027994.0000000000,-0.0344400000,0.3786932400,AKShare stock_zh_a_spot / 新浪
920267,鑫汇科,15.6900000000,16.2200000000,18893049.0000000000,1195663.0000000000,-0.0326800000,0.1889304900,AKShare stock_zh_a_spot / 新浪
920270,天铭科技,13.1200000000,12.7400000000,24376904.0000000000,1909393.0000000000,0.0298300000,0.2437690400,AKShare stock_zh_a_spot / 新浪
920271,邦德股份,9.0400000000,9.2000000000,3676994.0000000000,405101.0000000000,-0.0173900000,0.0367699400,AKShare stock_zh_a_spot / 新浪
920273,一致魔芋,17.6400000000,18.1400000000,29677405.0000000000,1679847.0000000000,-0.0275600000,0.2967740500,AKShare stock_zh_a_spot / 新浪
920274,宏裕包材,15.3400000000,15.5000000000,9511264.0000000000,621415.0000000000,-0.0103200000,0.0951126400,AKShare stock_zh_a_spot / 新浪
920275,驱动力,6.3600000000,6.5500000000,5193938.0000000000,812592.0000000000,-0.0290100000,0.0519393800,AKShare stock_zh_a_spot / 新浪
920278,鹿得医疗,6.2900000000,6.4500000000,7918323.0000000000,1245030.0000000000,-0.0248100000,0.0791832300,AKShare stock_zh_a_spot / 新浪
920284,灵鸽科技,16.8100000000,16.8500000000,27463307.0000000000,1629151.0000000000,-0.0023700000,0.2746330700,AKShare stock_zh_a_spot / 新浪
920299,灿能电力,14.6700000000,14.7100000000,10691228.0000000000,723610.0000000000,-0.0027200000,0.1069122800,AKShare stock_zh_a_spot / 新浪
920300,辰光医疗,9.3200000000,9.4700000000,10441180.0000000000,1112443.0000000000,-0.0158400000,0.1044118000,AKShare stock_zh_a_spot / 新浪
920304,迪尔化工,9.4400000000,9.2800000000,33021107.0000000000,3496852.0000000000,0.0172400000,0.3302110700,AKShare stock_zh_a_spot / 新浪
920339,恒太照明,11.0400000000,11.0400000000,9354149.0000000000,853418.0000000000,0.0000000000,0.0935414900,AKShare stock_zh_a_spot / 新浪
920344,三元基因,26.8000000000,24.7600000000,346776081.0000000000,13521391.0000000000,0.0823900000,3.4677608100,AKShare stock_zh_a_spot / 新浪
920346,威贸电子,14.4300000000,14.6300000000,3342107.0000000000,230333.0000000000,-0.0136700000,0.0334210700,AKShare stock_zh_a_spot / 新浪
920351,华光源海,13.3000000000,12.9200000000,53034679.0000000000,4056761.0000000000,0.0294100000,0.5303467900,AKShare stock_zh_a_spot / 新浪
920357,雅葆轩,15.4900000000,15.6400000000,13611464.0000000000,877364.0000000000,-0.0095900000,0.1361146400,AKShare stock_zh_a_spot / 新浪
920363,莱赛激光,10.0500000000,10.1500000000,8719469.0000000000,870167.0000000000,-0.0098500000,0.0871946900,AKShare stock_zh_a_spot / 新浪
920367,新赣江,27.5300000000,29.6300000000,203573581.0000000000,7388549.0000000000,-0.0708700000,2.0357358100,AKShare stock_zh_a_spot / 新浪
920368,连城数控,23.3200000000,23.3900000000,48806949.0000000000,2091740.0000000000,-0.0029900000,0.4880694900,AKShare stock_zh_a_spot / 新浪
920370,新安洁,2.7700000000,2.7900000000,6125180.0000000000,2207586.0000000000,-0.0071700000,0.0612518000,AKShare stock_zh_a_spot / 新浪
920371,欧福蛋业,7.4100000000,8.1200000000,38337764.0000000000,5054863.0000000000,-0.0874400000,0.3833776400,AKShare stock_zh_a_spot / 新浪
920374,云里物里,14.4400000000,14.5100000000,4832740.0000000000,334569.0000000000,-0.0048200000,0.0483274000,AKShare stock_zh_a_spot / 新浪
920375,派诺科技,6.8900000000,6.9200000000,8745197.0000000000,1266204.0000000000,-0.0043400000,0.0874519700,AKShare stock_zh_a_spot / 新浪
920378,泰德股份,6.9000000000,6.9900000000,2575483.0000000000,374547.0000000000,-0.0128800000,0.0257548300,AKShare stock_zh_a_spot / 新浪
920392,佳合科技,13.5900000000,13.7800000000,4324685.0000000000,315851.0000000000,-0.0137900000,0.0432468500,AKShare stock_zh_a_spot / 新浪
920394,民士达,42.8700000000,44.7000000000,60932701.0000000000,1417420.0000000000,-0.0409400000,0.6093270100,AKShare stock_zh_a_spot / 新浪
920395,朗鸿科技,6.8900000000,6.9500000000,2502445.0000000000,363986.0000000000,-0.0086300000,0.0250244500,AKShare stock_zh_a_spot / 新浪
920396,常辅股份,19.4000000000,19.3000000000,14427062.0000000000,743568.0000000000,0.0051800000,0.1442706200,AKShare stock_zh_a_spot / 新浪
920402,硅烷科技,8.7800000000,8.7500000000,69217931.0000000000,7873802.0000000000,0.0034300000,0.6921793100,AKShare stock_zh_a_spot / 新浪
920403,康农种业,19.3100000000,21.3100000000,114574926.0000000000,5860617.0000000000,-0.0938500000,1.1457492600,AKShare stock_zh_a_spot / 新浪
920405,海希通讯,18.4300000000,18.5700000000,9884610.0000000000,535055.0000000000,-0.0075400000,0.0988461000,AKShare stock_zh_a_spot / 新浪
920407,驰诚股份,10.8700000000,11.1000000000,8874085.0000000000,813103.0000000000,-0.0207200000,0.0887408500,AKShare stock_zh_a_spot / 新浪
920414,欧普泰,7.7100000000,7.8200000000,5998627.0000000000,774281.0000000000,-0.0140700000,0.0599862700,AKShare stock_zh_a_spot / 新浪
920415,恒拓开源,8.6000000000,8.6700000000,5454708.0000000000,634834.0000000000,-0.0080700000,0.0545470800,AKShare stock_zh_a_spot / 新浪
920418,苏轴股份,17.9700000000,18.0500000000,14560922.0000000000,806197.0000000000,-0.0044300000,0.1456092200,AKShare stock_zh_a_spot / 新浪
920419,路斯股份,10.8200000000,11.2000000000,14564704.0000000000,1348642.0000000000,-0.0339300000,0.1456470400,AKShare stock_zh_a_spot / 新浪
920422,润普食品,9.3200000000,9.4000000000,5045900.0000000000,538716.0000000000,-0.0085100000,0.0504590000,AKShare stock_zh_a_spot / 新浪
920425,乐创技术,14.5600000000,15.4900000000,68605011.0000000000,4639914.0000000000,-0.0600400000,0.6860501100,AKShare stock_zh_a_spot / 新浪
920427,华维设计,8.3300000000,8.4900000000,5458990.0000000000,656044.0000000000,-0.0188500000,0.0545899000,AKShare stock_zh_a_spot / 新浪
920429,康比特,11.0600000000,10.3300000000,56528904.0000000000,5166505.0000000000,0.0706700000,0.5652890400,AKShare stock_zh_a_spot / 新浪
920433,大唐药业,4.8900000000,5.0700000000,19747625.0000000000,4025959.0000000000,-0.0355000000,0.1974762500,AKShare stock_zh_a_spot / 新浪
920436,大地电气,10.1500000000,10.2300000000,4994210.0000000000,494529.0000000000,-0.0078200000,0.0499421000,AKShare stock_zh_a_spot / 新浪
920438,戈碧迦,122.1800000000,124.0000000000,376943920.0000000000,3092626.0000000000,-0.0146800000,3.7694392000,AKShare stock_zh_a_spot / 新浪
920445,龙竹科技,6.9100000000,7.1100000000,19951954.0000000000,2867489.0000000000,-0.0281300000,0.1995195400,AKShare stock_zh_a_spot / 新浪
920454,同心传动,10.8000000000,10.9200000000,4458067.0000000000,414551.0000000000,-0.0109900000,0.0445806700,AKShare stock_zh_a_spot / 新浪
920455,汇隆活塞,5.8200000000,5.9100000000,2185157.0000000000,374339.0000000000,-0.0152300000,0.0218515700,AKShare stock_zh_a_spot / 新浪
920469,富恒新材,5.4800000000,5.5000000000,5351148.0000000000,992055.0000000000,-0.0036400000,0.0535114800,AKShare stock_zh_a_spot / 新浪
920471,美邦科技,11.6600000000,12.1600000000,30976721.0000000000,2633549.0000000000,-0.0411200000,0.3097672100,AKShare stock_zh_a_spot / 新浪
920475,三友科技,11.9800000000,11.8800000000,6769719.0000000000,568862.0000000000,0.0084200000,0.0676971900,AKShare stock_zh_a_spot / 新浪
920476,海能技术,24.7300000000,25.6500000000,44726812.0000000000,1769530.0000000000,-0.0358700000,0.4472681200,AKShare stock_zh_a_spot / 新浪
920478,峆一药业,11.4500000000,11.8900000000,51125020.0000000000,4502633.0000000000,-0.0370100000,0.5112502000,AKShare stock_zh_a_spot / 新浪
920489,佳先股份,13.5400000000,13.4200000000,21770063.0000000000,1605463.0000000000,0.0089400000,0.2177006300,AKShare stock_zh_a_spot / 新浪
920491,奥迪威,21.5200000000,21.4200000000,24989177.0000000000,1156509.0000000000,0.0046700000,0.2498917700,AKShare stock_zh_a_spot / 新浪
920493,并行科技,114.1800000000,112.9900000000,94742122.0000000000,836819.0000000000,0.0105300000,0.9474212200,AKShare stock_zh_a_spot / 新浪
920496,许昌智能,6.1800000000,6.2400000000,7327891.0000000000,1183461.0000000000,-0.0096200000,0.0732789100,AKShare stock_zh_a_spot / 新浪
920504,博迅生物,17.3000000000,17.9000000000,13139450.0000000000,751649.0000000000,-0.0335200000,0.1313945000,AKShare stock_zh_a_spot / 新浪
920505,九菱科技,28.0400000000,27.6500000000,23310331.0000000000,840890.0000000000,0.0141000000,0.2331033100,AKShare stock_zh_a_spot / 新浪
920508,殷图网联,14.1600000000,14.2700000000,3467324.0000000000,243267.0000000000,-0.0077100000,0.0346732400,AKShare stock_zh_a_spot / 新浪
920509,同惠电子,20.0000000000,20.0700000000,34774990.0000000000,1735133.0000000000,-0.0034900000,0.3477499000,AKShare stock_zh_a_spot / 新浪
920510,丰光精密,22.5500000000,22.6100000000,134348964.0000000000,5914320.0000000000,-0.0026500000,1.3434896400,AKShare stock_zh_a_spot / 新浪
920519,万德股份,9.7200000000,9.8400000000,4343861.0000000000,445820.0000000000,-0.0122000000,0.0434386100,AKShare stock_zh_a_spot / 新浪
920522,纳科诺尔,19.0500000000,19.4500000000,68252491.0000000000,3511360.0000000000,-0.0205700000,0.6825249100,AKShare stock_zh_a_spot / 新浪
920523,德瑞锂电,15.1500000000,15.2300000000,9273275.0000000000,608489.0000000000,-0.0052500000,0.0927327500,AKShare stock_zh_a_spot / 新浪
920526,凯华材料,19.3400000000,19.4700000000,13710199.0000000000,708083.0000000000,-0.0066800000,0.1371019900,AKShare stock_zh_a_spot / 新浪
920527,夜光明,13.9100000000,13.9500000000,16833302.0000000000,1193093.0000000000,-0.0028700000,0.1683330200,AKShare stock_zh_a_spot / 新浪
920533,骏创科技,17.8800000000,17.6200000000,25440609.0000000000,1398867.0000000000,0.0147600000,0.2544060900,AKShare stock_zh_a_spot / 新浪
920541,铁大科技,9.6100000000,9.6500000000,3867923.0000000000,402457.0000000000,-0.0041500000,0.0386792300,AKShare stock_zh_a_spot / 新浪
920547,无锡晶海,18.9000000000,18.9100000000,13644672.0000000000,724143.0000000000,-0.0005300000,0.1364467200,AKShare stock_zh_a_spot / 新浪
920553,凯腾精工,7.0200000000,7.3000000000,21749718.0000000000,3064021.0000000000,-0.0383600000,0.2174971800,AKShare stock_zh_a_spot / 新浪
920556,雅达股份,6.6600000000,6.6600000000,17153682.0000000000,2535192.0000000000,0.0000000000,0.1715368200,AKShare stock_zh_a_spot / 新浪
920564,天润科技,13.3600000000,13.5400000000,6990946.0000000000,524086.0000000000,-0.0132900000,0.0699094600,AKShare stock_zh_a_spot / 新浪
920566,梓橦宫,9.8900000000,10.2200000000,31716652.0000000000,3208048.0000000000,-0.0322900000,0.3171665200,AKShare stock_zh_a_spot / 新浪
920570,坤博精工,23.5500000000,23.8500000000,5685996.0000000000,240889.0000000000,-0.0125800000,0.0568599600,AKShare stock_zh_a_spot / 新浪
920571,国航远洋,9.6000000000,9.1500000000,322779289.0000000000,33952730.0000000000,0.0491800000,3.2277928900,AKShare stock_zh_a_spot / 新浪
920576,天力复合,39.8700000000,39.6300000000,69325740.0000000000,1746999.0000000000,0.0060600000,0.6932574000,AKShare stock_zh_a_spot / 新浪
920578,巨能股份,16.3800000000,16.5900000000,13136166.0000000000,798662.0000000000,-0.0126600000,0.1313616600,AKShare stock_zh_a_spot / 新浪
920579,机科股份,14.6500000000,14.8400000000,9155377.0000000000,623233.0000000000,-0.0128000000,0.0915537700,AKShare stock_zh_a_spot / 新浪
920580,科创新材,10.7600000000,10.7500000000,6718126.0000000000,623862.0000000000,0.0009300000,0.0671812600,AKShare stock_zh_a_spot / 新浪
920592,华信永道,19.6600000000,20.0700000000,29231373.0000000000,1473089.0000000000,-0.0204300000,0.2923137300,AKShare stock_zh_a_spot / 新浪
920593,鼎智科技,23.6900000000,23.8400000000,40022357.0000000000,1680611.0000000000,-0.0062900000,0.4002235700,AKShare stock_zh_a_spot / 新浪
920599,同力股份,17.0000000000,16.8000000000,29940929.0000000000,1760985.0000000000,0.0119000000,0.2994092900,AKShare stock_zh_a_spot / 新浪
920608,丰安股份,13.3600000000,13.7300000000,5550892.0000000000,411875.0000000000,-0.0269500000,0.0555089200,AKShare stock_zh_a_spot / 新浪
920627,力王股份,13.6200000000,13.5500000000,11432535.0000000000,834775.0000000000,0.0051700000,0.1143253500,AKShare stock_zh_a_spot / 新浪
920634,新威凌,16.6700000000,16.3200000000,15487000.0000000000,936084.0000000000,0.0214500000,0.1548700000,AKShare stock_zh_a_spot / 新浪
920639,晨光电缆,6.1500000000,6.2000000000,4791902.0000000000,780357.0000000000,-0.0080600000,0.0479190200,AKShare stock_zh_a_spot / 新浪
920640,富士达,25.0900000000,25.1400000000,43990537.0000000000,1746574.0000000000,-0.0019900000,0.4399053700,AKShare stock_zh_a_spot / 新浪
920641,格利尔,13.9800000000,14.1300000000,39863522.0000000000,2821488.0000000000,-0.0106200000,0.3986352200,AKShare stock_zh_a_spot / 新浪
920642,通易航天,9.8500000000,9.9200000000,11985892.0000000000,1215825.0000000000,-0.0070600000,0.1198589200,AKShare stock_zh_a_spot / 新浪
920651,天罡股份,26.7700000000,25.7300000000,21456473.0000000000,816590.0000000000,0.0404200000,0.2145647300,AKShare stock_zh_a_spot / 新浪
920656,海昇药业,14.3600000000,14.6600000000,14339251.0000000000,993226.0000000000,-0.0204600000,0.1433925100,AKShare stock_zh_a_spot / 新浪
920662,方盛股份,18.3300000000,18.3000000000,21647958.0000000000,1179121.0000000000,0.0016400000,0.2164795800,AKShare stock_zh_a_spot / 新浪
920663,明阳科技,12.9400000000,12.7100000000,7074461.0000000000,550921.0000000000,0.0181000000,0.0707446100,AKShare stock_zh_a_spot / 新浪
920665,科强股份,8.4000000000,8.5700000000,8402157.0000000000,991017.0000000000,-0.0198400000,0.0840215700,AKShare stock_zh_a_spot / 新浪
920670,数字人,12.4800000000,12.6000000000,9040704.0000000000,726660.0000000000,-0.0095200000,0.0904070400,AKShare stock_zh_a_spot / 新浪
920675,秉扬科技,7.2800000000,7.2900000000,3283464.0000000000,452847.0000000000,-0.0013700000,0.0328346400,AKShare stock_zh_a_spot / 新浪
920679,前进科技,15.1500000000,15.5400000000,3056086.0000000000,201135.0000000000,-0.0251000000,0.0305608600,AKShare stock_zh_a_spot / 新浪
920682,球冠电缆,5.7200000000,5.7100000000,5725020.0000000000,1005207.0000000000,0.0017500000,0.0572502000,AKShare stock_zh_a_spot / 新浪
920685,新芝生物,12.1700000000,12.5500000000,25224577.0000000000,2080017.0000000000,-0.0302800000,0.2522457700,AKShare stock_zh_a_spot / 新浪
920689,克莱特,19.5500000000,19.9100000000,8517988.0000000000,434557.0000000000,-0.0180800000,0.0851798800,AKShare stock_zh_a_spot / 新浪
920690,捷众科技,15.9500000000,16.4500000000,24027016.0000000000,1491442.0000000000,-0.0304000000,0.2402701600,AKShare stock_zh_a_spot / 新浪
920693,阿为特,22.3600000000,22.4900000000,8664758.0000000000,389389.0000000000,-0.0057800000,0.0866475800,AKShare stock_zh_a_spot / 新浪
920694,中裕科技,15.9000000000,15.1400000000,45844843.0000000000,2791611.0000000000,0.0502000000,0.4584484300,AKShare stock_zh_a_spot / 新浪
920699,海达尔,85.0000000000,83.0800000000,57310950.0000000000,676876.0000000000,0.0231100000,0.5731095000,AKShare stock_zh_a_spot / 新浪
920701,豪声电子,14.0200000000,13.6300000000,35101649.0000000000,2532937.0000000000,0.0286100000,0.3510164900,AKShare stock_zh_a_spot / 新浪
920703,广厦环能,9.9900000000,9.8100000000,6486597.0000000000,649553.0000000000,0.0183500000,0.0648659700,AKShare stock_zh_a_spot / 新浪
920706,铁拓机械,13.7200000000,13.5900000000,9194647.0000000000,678414.0000000000,0.0095700000,0.0919464700,AKShare stock_zh_a_spot / 新浪
920717,瑞星股份,7.6200000000,8.1400000000,13141584.0000000000,1669737.0000000000,-0.0638800000,0.1314158400,AKShare stock_zh_a_spot / 新浪
920718,合肥高科,9.4400000000,9.7000000000,4654872.0000000000,491506.0000000000,-0.0268000000,0.0465487200,AKShare stock_zh_a_spot / 新浪
920719,宁新新材,7.1500000000,7.3600000000,14391118.0000000000,2005238.0000000000,-0.0285300000,0.1439111800,AKShare stock_zh_a_spot / 新浪
920720,吉冈精密,9.2900000000,9.4000000000,6026568.0000000000,645432.0000000000,-0.0117000000,0.0602656800,AKShare stock_zh_a_spot / 新浪
920725,惠丰钻石,73.9500000000,74.5000000000,201216684.0000000000,2718475.0000000000,-0.0073800000,2.0121668400,AKShare stock_zh_a_spot / 新浪
920726,朱老六,16.1200000000,16.2200000000,37561212.0000000000,2302700.0000000000,-0.0061700000,0.3756121200,AKShare stock_zh_a_spot / 新浪
920729,永顺生物,6.9400000000,7.4000000000,14466534.0000000000,2049096.0000000000,-0.0621600000,0.1446653400,AKShare stock_zh_a_spot / 新浪
920735,德源药业,24.5000000000,24.7200000000,59418603.0000000000,2449637.0000000000,-0.0089000000,0.5941860300,AKShare stock_zh_a_spot / 新浪
920748,路桥信息,24.9100000000,23.9900000000,51243532.0000000000,2072300.0000000000,0.0383500000,0.5124353200,AKShare stock_zh_a_spot / 新浪
920751,惠同新材,15.8900000000,15.9700000000,4382582.0000000000,275981.0000000000,-0.0050100000,0.0438258200,AKShare stock_zh_a_spot / 新浪
920753,天纺标,15.1800000000,15.3300000000,8567651.0000000000,564036.0000000000,-0.0097800000,0.0856765100,AKShare stock_zh_a_spot / 新浪
920765,美之高,14.2000000000,14.5900000000,18229480.0000000000,1281052.0000000000,-0.0267300000,0.1822948000,AKShare stock_zh_a_spot / 新浪
920768,拾比佰,7.0000000000,7.0500000000,3319497.0000000000,475180.0000000000,-0.0070900000,0.0331949700,AKShare stock_zh_a_spot / 新浪
920770,艾能聚,9.9100000000,9.9800000000,10318271.0000000000,1036725.0000000000,-0.0070100000,0.1031827100,AKShare stock_zh_a_spot / 新浪
920779,武汉蓝电,21.9600000000,22.2900000000,11740838.0000000000,524456.0000000000,-0.0148000000,0.1174083800,AKShare stock_zh_a_spot / 新浪
920781,瑞奇智造,5.4500000000,5.5200000000,3539044.0000000000,647046.0000000000,-0.0126800000,0.0353904400,AKShare stock_zh_a_spot / 新浪
920786,骑士乳业,7.3000000000,7.2000000000,69455436.0000000000,9501479.0000000000,0.0138900000,0.6945543600,AKShare stock_zh_a_spot / 新浪
920790,联迪信息,20.7500000000,20.6100000000,38659853.0000000000,1840454.0000000000,0.0067900000,0.3865985300,AKShare stock_zh_a_spot / 新浪
920792,东和新材,9.8400000000,9.6200000000,4492616.0000000000,460102.0000000000,0.0228700000,0.0449261600,AKShare stock_zh_a_spot / 新浪
920799,艾融软件,31.1900000000,32.0700000000,182217337.0000000000,5615478.0000000000,-0.0274400000,1.8221733700,AKShare stock_zh_a_spot / 新浪
920802,保丽洁,10.3300000000,10.3300000000,6220177.0000000000,600461.0000000000,0.0000000000,0.0622017700,AKShare stock_zh_a_spot / 新浪
920806,云星宇,10.1000000000,10.0800000000,13658577.0000000000,1345046.0000000000,0.0019800000,0.1365857700,AKShare stock_zh_a_spot / 新浪
920807,奔朗新材,9.2200000000,9.3400000000,15682416.0000000000,1698102.0000000000,-0.0128500000,0.1568241600,AKShare stock_zh_a_spot / 新浪
920808,曙光数创,59.9400000000,59.2900000000,60454289.0000000000,1010199.0000000000,0.0109600000,0.6045428900,AKShare stock_zh_a_spot / 新浪
920809,安达科技,7.6600000000,7.4800000000,63755915.0000000000,8361133.0000000000,0.0240600000,0.6375591500,AKShare stock_zh_a_spot / 新浪
920810,春光智能,9.6000000000,9.1800000000,35682669.0000000000,3798895.0000000000,0.0457500000,0.3568266900,AKShare stock_zh_a_spot / 新浪
920819,颖泰生物,2.9900000000,3.0100000000,14718582.0000000000,4911890.0000000000,-0.0066400000,0.1471858200,AKShare stock_zh_a_spot / 新浪
920821,则成电子,17.5600000000,17.7000000000,22238737.0000000000,1254602.0000000000,-0.0079100000,0.2223873700,AKShare stock_zh_a_spot / 新浪
920826,盖世食品,8.6400000000,8.8400000000,28282142.0000000000,3258463.0000000000,-0.0226200000,0.2828214200,AKShare stock_zh_a_spot / 新浪
920832,齐鲁华信,6.1500000000,6.1500000000,1573443.0000000000,257201.0000000000,0.0000000000,0.0157344300,AKShare stock_zh_a_spot / 新浪
920833,美心翼申,9.7600000000,9.6200000000,6618384.0000000000,677995.0000000000,0.0145500000,0.0661838400,AKShare stock_zh_a_spot / 新浪
920834,三维装备,9.6200000000,9.4500000000,7489648.0000000000,790717.0000000000,0.0179900000,0.0748964800,AKShare stock_zh_a_spot / 新浪
920837,华原股份,9.4400000000,9.5400000000,4693663.0000000000,498197.0000000000,-0.0104800000,0.0469366300,AKShare stock_zh_a_spot / 新浪
920839,万通液压,23.9900000000,24.1500000000,15302301.0000000000,636028.0000000000,-0.0066300000,0.1530230100,AKShare stock_zh_a_spot / 新浪
920855,浙江大农,12.3000000000,12.4400000000,3029700.0000000000,246787.0000000000,-0.0112500000,0.0302970000,AKShare stock_zh_a_spot / 新浪
920856,浩淼科技,14.0200000000,14.2400000000,39699391.0000000000,2836238.0000000000,-0.0154500000,0.3969939100,AKShare stock_zh_a_spot / 新浪
920857,泓禧科技,21.3600000000,21.4900000000,20291491.0000000000,962895.0000000000,-0.0060500000,0.2029149100,AKShare stock_zh_a_spot / 新浪
920866,绿亨科技,6.0500000000,6.4100000000,28806162.0000000000,4716845.0000000000,-0.0561600000,0.2880616200,AKShare stock_zh_a_spot / 新浪
920870,恒进感应,11.5200000000,11.5800000000,7341001.0000000000,638436.0000000000,-0.0051800000,0.0734100100,AKShare stock_zh_a_spot / 新浪
920871,派特尔,10.8700000000,10.9000000000,4027175.0000000000,368917.0000000000,-0.0027500000,0.0402717500,AKShare stock_zh_a_spot / 新浪
920873,中设咨询,6.9300000000,6.9400000000,4008704.0000000000,579380.0000000000,-0.0014400000,0.0400870400,AKShare stock_zh_a_spot / 新浪
920876,慧为智能,15.6800000000,16.1200000000,10595722.0000000000,670260.0000000000,-0.0273000000,0.1059572200,AKShare stock_zh_a_spot / 新浪
920879,基康技术,12.4600000000,12.5900000000,5749041.0000000000,458309.0000000000,-0.0103300000,0.0574904100,AKShare stock_zh_a_spot / 新浪
920885,星辰科技,12.1800000000,12.2200000000,15970832.0000000000,1302315.0000000000,-0.0032700000,0.1597083200,AKShare stock_zh_a_spot / 新浪
920892,广咨国际,10.1300000000,10.3900000000,5161222.0000000000,506178.0000000000,-0.0250200000,0.0516122200,AKShare stock_zh_a_spot / 新浪
920895,花溪科技,12.3400000000,12.7600000000,5339176.0000000000,428573.0000000000,-0.0329200000,0.0533917600,AKShare stock_zh_a_spot / 新浪
920896,旺成科技,11.8200000000,12.0100000000,2794133.0000000000,235049.0000000000,-0.0158200000,0.0279413300,AKShare stock_zh_a_spot / 新浪
920906,舜宇精工,15.7300000000,15.8500000000,6561070.0000000000,416982.0000000000,-0.0075700000,0.0656107000,AKShare stock_zh_a_spot / 新浪
920914,远航精密,17.1000000000,17.2900000000,17781592.0000000000,1037183.0000000000,-0.0109900000,0.1778159200,AKShare stock_zh_a_spot / 新浪
920924,广脉科技,14.3800000000,14.4000000000,14761555.0000000000,1034047.0000000000,-0.0013900000,0.1476155500,AKShare stock_zh_a_spot / 新浪
920925,锦好医疗,11.8100000000,12.0600000000,14739061.0000000000,1233574.0000000000,-0.0207300000,0.1473906100,AKShare stock_zh_a_spot / 新浪
920926,鸿智科技,9.9600000000,10.0700000000,2422146.0000000000,243393.0000000000,-0.0109200000,0.0242214600,AKShare stock_zh_a_spot / 新浪
920931,无锡鼎邦,10.9000000000,10.8900000000,27298033.0000000000,2503662.0000000000,0.0009200000,0.2729803300,AKShare stock_zh_a_spot / 新浪
920932,科达自控,11.1400000000,11.8200000000,33241863.0000000000,2952240.0000000000,-0.0575300000,0.3324186300,AKShare stock_zh_a_spot / 新浪
920942,恒立钻具,16.6000000000,16.7300000000,5420891.0000000000,328054.0000000000,-0.0077700000,0.0542089100,AKShare stock_zh_a_spot / 新浪
920943,优机股份,15.5700000000,16.0600000000,48654574.0000000000,3083397.0000000000,-0.0305100000,0.4865457400,AKShare stock_zh_a_spot / 新浪
920946,森萱医药,10.1900000000,11.2000000000,232117354.0000000000,22947420.0000000000,-0.0901800000,2.3211735400,AKShare stock_zh_a_spot / 新浪
920950,迅安科技,12.3800000000,12.7900000000,2811472.0000000000,224564.0000000000,-0.0320600000,0.0281147200,AKShare stock_zh_a_spot / 新浪
920953,国子软件,21.8500000000,22.3800000000,35617192.0000000000,1616330.0000000000,-0.0236800000,0.3561719200,AKShare stock_zh_a_spot / 新浪
920957,汉维科技,9.4800000000,9.4600000000,8864046.0000000000,943428.0000000000,0.0021100000,0.0886404600,AKShare stock_zh_a_spot / 新浪
920961,创远信科,19.7300000000,19.1200000000,65070889.0000000000,3232790.0000000000,0.0319000000,0.6507088900,AKShare stock_zh_a_spot / 新浪
920964,润农节水,4.6800000000,4.7700000000,20923847.0000000000,4512409.0000000000,-0.0188700000,0.2092384700,AKShare stock_zh_a_spot / 新浪
920970,大禹生物,6.0300000000,6.3100000000,17188667.0000000000,2826237.0000000000,-0.0443700000,0.1718866700,AKShare stock_zh_a_spot / 新浪
920971,天马新材,26.1500000000,25.9900000000,48449594.0000000000,1864928.0000000000,0.0061600000,0.4844959400,AKShare stock_zh_a_spot / 新浪
920974,凯大催化,6.1200000000,6.2100000000,6819305.0000000000,1113911.0000000000,-0.0144900000,0.0681930500,AKShare stock_zh_a_spot / 新浪
920976,视声智能,16.6500000000,16.8000000000,5457151.0000000000,328527.0000000000,-0.0089300000,0.0545715100,AKShare stock_zh_a_spot / 新浪
920978,开特股份,19.9700000000,19.4000000000,18930758.0000000000,955803.0000000000,0.0293800000,0.1893075800,AKShare stock_zh_a_spot / 新浪
920981,晶赛科技,29.1800000000,29.0600000000,35711706.0000000000,1224939.0000000000,0.0041300000,0.3571170600,AKShare stock_zh_a_spot / 新浪
920982,锦波生物,121.6500000000,123.7500000000,103261139.0000000000,847364.0000000000,-0.0169700000,1.0326113900,AKShare stock_zh_a_spot / 新浪
920985,海泰新能,4.5600000000,4.6200000000,7490078.0000000000,1634516.0000000000,-0.0129900000,0.0749007800,AKShare stock_zh_a_spot / 新浪
920992,中科美菱,11.3600000000,11.6000000000,9444604.0000000000,834551.0000000000,-0.0206900000,0.0944460400,AKShare stock_zh_a_spot / 新浪
600000,浦发银行,9.0500000000,9.1100000000,465159863.0000000000,51270289.0000000000,-0.0065900000,4.6515986300,AKShare stock_zh_a_spot / 新浪
600004,白云机场,7.3800000000,7.5500000000,94223073.0000000000,12708551.0000000000,-0.0225200000,0.9422307300,AKShare stock_zh_a_spot / 新浪
600006,东风股份,5.2800000000,5.3100000000,45921737.0000000000,8728589.0000000000,-0.0056500000,0.4592173700,AKShare stock_zh_a_spot / 新浪
600007,中国国贸,18.6000000000,18.9300000000,36330519.0000000000,1948000.0000000000,-0.0174300000,0.3633051900,AKShare stock_zh_a_spot / 新浪
600008,首创环保,2.8100000000,2.8300000000,132114515.0000000000,46987197.0000000000,-0.0070700000,1.3211451500,AKShare stock_zh_a_spot / 新浪
600009,上海机场,22.9200000000,23.2700000000,208577322.0000000000,9077844.0000000000,-0.0150400000,2.0857732200,AKShare stock_zh_a_spot / 新浪
600010,包钢股份,2.1900000000,2.1800000000,666752757.0000000000,305319112.0000000000,0.0045900000,6.6675275700,AKShare stock_zh_a_spot / 新浪
600011,华能国际,6.6000000000,6.6600000000,510386575.0000000000,77541151.0000000000,-0.0090100000,5.1038657500,AKShare stock_zh_a_spot / 新浪
600012,皖通高速,15.5000000000,15.6500000000,62642975.0000000000,4021652.0000000000,-0.0095800000,0.6264297500,AKShare stock_zh_a_spot / 新浪
600015,华夏银行,6.7100000000,6.7300000000,363770475.0000000000,54056376.0000000000,-0.0029700000,3.6377047500,AKShare stock_zh_a_spot / 新浪
600016,民生银行,3.4700000000,3.4700000000,554961179.0000000000,159924231.0000000000,0.0000000000,5.5496117900,AKShare stock_zh_a_spot / 新浪
600017,日照港,2.6400000000,2.6800000000,69329243.0000000000,26193600.0000000000,-0.0149300000,0.6932924300,AKShare stock_zh_a_spot / 新浪
600018,上港集团,5.1800000000,5.2000000000,174592168.0000000000,33666604.0000000000,-0.0038500000,1.7459216800,AKShare stock_zh_a_spot / 新浪
600019,宝钢股份,5.8100000000,5.8900000000,463032323.0000000000,79202174.0000000000,-0.0135800000,4.6303232300,AKShare stock_zh_a_spot / 新浪
600020,中原高速,3.7400000000,3.7800000000,39690832.0000000000,10615322.0000000000,-0.0105800000,0.3969083200,AKShare stock_zh_a_spot / 新浪
600021,上海电力,13.6600000000,13.6300000000,211817472.0000000000,15585591.0000000000,0.0022000000,2.1181747200,AKShare stock_zh_a_spot / 新浪
600022,山东钢铁,1.3200000000,1.3200000000,119725308.0000000000,90826559.0000000000,0.0000000000,1.1972530800,AKShare stock_zh_a_spot / 新浪
600023,浙能电力,4.8600000000,4.8800000000,72216631.0000000000,14844272.0000000000,-0.0041000000,0.7221663100,AKShare stock_zh_a_spot / 新浪
600025,华能水电,9.5800000000,9.6500000000,192043078.0000000000,19929277.0000000000,-0.0072500000,1.9204307800,AKShare stock_zh_a_spot / 新浪
600026,中远海能,19.5800000000,18.3100000000,2160216975.0000000000,111915824.0000000000,0.0693600000,21.6021697500,AKShare stock_zh_a_spot / 新浪
600027,华电国际,4.4600000000,4.5100000000,246274820.0000000000,55130547.0000000000,-0.0110900000,2.4627482000,AKShare stock_zh_a_spot / 新浪
600028,中国石化,5.1000000000,5.1400000000,1077681782.0000000000,210261034.0000000000,-0.0077800000,10.7768178200,AKShare stock_zh_a_spot / 新浪
600029,南方航空,4.9900000000,5.0300000000,194566380.0000000000,38968750.0000000000,-0.0079500000,1.9456638000,AKShare stock_zh_a_spot / 新浪
600030,中信证券,27.1200000000,27.0400000000,2098133831.0000000000,77412806.0000000000,0.0029600000,20.9813383100,AKShare stock_zh_a_spot / 新浪
600031,三一重工,18.8000000000,19.0500000000,639653668.0000000000,33909865.0000000000,-0.0131200000,6.3965366800,AKShare stock_zh_a_spot / 新浪
600032,浙江新能,6.7500000000,6.7800000000,94062787.0000000000,13999100.0000000000,-0.0044200000,0.9406278700,AKShare stock_zh_a_spot / 新浪
600033,福建高速,3.5200000000,3.5500000000,71387635.0000000000,20260383.0000000000,-0.0084500000,0.7138763500,AKShare stock_zh_a_spot / 新浪
600035,楚天高速,3.3600000000,3.3800000000,19507937.0000000000,5813234.0000000000,-0.0059200000,0.1950793700,AKShare stock_zh_a_spot / 新浪
600036,招商银行,38.9000000000,38.8600000000,2002588255.0000000000,51421949.0000000000,0.0010300000,20.0258825500,AKShare stock_zh_a_spot / 新浪
600037,歌华有线,6.8100000000,6.8600000000,60283067.0000000000,8849690.0000000000,-0.0072900000,0.6028306700,AKShare stock_zh_a_spot / 新浪
600038,中直股份,26.5300000000,26.5100000000,99586845.0000000000,3764835.0000000000,0.0007500000,0.9958684500,AKShare stock_zh_a_spot / 新浪
600039,四川路桥,8.3400000000,8.3500000000,81454546.0000000000,9769776.0000000000,-0.0012000000,0.8145454600,AKShare stock_zh_a_spot / 新浪
600048,保利发展,5.1900000000,5.2500000000,741294933.0000000000,144093517.0000000000,-0.0114300000,7.4129493300,AKShare stock_zh_a_spot / 新浪
600050,中国联通,4.2200000000,4.2500000000,415321768.0000000000,98044408.0000000000,-0.0070600000,4.1532176800,AKShare stock_zh_a_spot / 新浪
600051,宁波联合,6.3100000000,6.3600000000,30851040.0000000000,4943800.0000000000,-0.0078600000,0.3085104000,AKShare stock_zh_a_spot / 新浪
600052,东望时代,3.8500000000,3.8800000000,25290099.0000000000,6597804.0000000000,-0.0077300000,0.2529009900,AKShare stock_zh_a_spot / 新浪
600054,黄山旅游,11.1500000000,11.2500000000,72300179.0000000000,6502582.0000000000,-0.0088900000,0.7230017900,AKShare stock_zh_a_spot / 新浪
600055,万东医疗,11.1500000000,11.5400000000,63881968.0000000000,5704000.0000000000,-0.0338000000,0.6388196800,AKShare stock_zh_a_spot / 新浪
600056,中国医药,9.2000000000,9.6000000000,256257965.0000000000,27612083.0000000000,-0.0416700000,2.5625796500,AKShare stock_zh_a_spot / 新浪
600057,厦门象屿,6.2100000000,6.2600000000,53470981.0000000000,8596068.0000000000,-0.0079900000,0.5347098100,AKShare stock_zh_a_spot / 新浪
600058,五矿发展,10.2500000000,10.6000000000,94948044.0000000000,9109535.0000000000,-0.0330200000,0.9494804400,AKShare stock_zh_a_spot / 新浪
600059,古越龙山,7.8800000000,7.9400000000,89362715.0000000000,11416131.0000000000,-0.0075600000,0.8936271500,AKShare stock_zh_a_spot / 新浪
600060,海信视像,25.7400000000,25.9300000000,103860405.0000000000,4036022.0000000000,-0.0073300000,1.0386040500,AKShare stock_zh_a_spot / 新浪
600061,国投资本,6.2500000000,6.2500000000,116414862.0000000000,18652092.0000000000,0.0000000000,1.1641486200,AKShare stock_zh_a_spot / 新浪
600062,华润双鹤,15.6700000000,16.2100000000,197712621.0000000000,12586305.0000000000,-0.0333100000,1.9771262100,AKShare stock_zh_a_spot / 新浪
600063,皖维高新,5.8000000000,5.8600000000,213246564.0000000000,36810917.0000000000,-0.0102400000,2.1324656400,AKShare stock_zh_a_spot / 新浪
600064,南京高科,7.4700000000,7.7400000000,218006720.0000000000,29255581.0000000000,-0.0348800000,2.1800672000,AKShare stock_zh_a_spot / 新浪
600066,宇通客车,29.4900000000,30.0500000000,371156713.0000000000,12575694.0000000000,-0.0186400000,3.7115671300,AKShare stock_zh_a_spot / 新浪
600067,冠城新材,2.8000000000,2.7900000000,35465966.0000000000,12794685.0000000000,0.0035800000,0.3546596600,AKShare stock_zh_a_spot / 新浪
600071,凤凰光学,15.8300000000,15.6900000000,28934378.0000000000,1840692.0000000000,0.0089200000,0.2893437800,AKShare stock_zh_a_spot / 新浪
600072,中船科技,8.6500000000,8.6100000000,71346043.0000000000,8295000.0000000000,0.0046500000,0.7134604300,AKShare stock_zh_a_spot / 新浪
600073,光明肉业,5.2700000000,5.4300000000,72274786.0000000000,13713427.0000000000,-0.0294700000,0.7227478600,AKShare stock_zh_a_spot / 新浪
600075,新疆天业,4.6300000000,4.6600000000,95537553.0000000000,20630727.0000000000,-0.0064400000,0.9553755300,AKShare stock_zh_a_spot / 新浪
600076,康欣新材,3.0900000000,3.1100000000,35755449.0000000000,11675370.0000000000,-0.0064300000,0.3575544900,AKShare stock_zh_a_spot / 新浪
600078,澄星股份,10.5800000000,10.6700000000,153417999.0000000000,14628701.0000000000,-0.0084300000,1.5341799900,AKShare stock_zh_a_spot / 新浪
600081,东风科技,10.1000000000,10.1000000000,21152760.0000000000,2113204.0000000000,0.0000000000,0.2115276000,AKShare stock_zh_a_spot / 新浪
600085,同仁堂,23.7700000000,24.4400000000,184943248.0000000000,7747240.0000000000,-0.0274100000,1.8494324800,AKShare stock_zh_a_spot / 新浪
600088,中视传媒,11.3600000000,11.4500000000,24496714.0000000000,2163806.0000000000,-0.0078600000,0.2449671400,AKShare stock_zh_a_spot / 新浪
600089,特变电工,20.0500000000,20.0500000000,889222329.0000000000,44415503.0000000000,0.0000000000,8.8922232900,AKShare stock_zh_a_spot / 新浪
600094,大名城,3.8600000000,3.9400000000,59860019.0000000000,15473100.0000000000,-0.0203000000,0.5986001900,AKShare stock_zh_a_spot / 新浪
600095,湘财股份,7.7700000000,7.7300000000,123859999.0000000000,16048766.0000000000,0.0051700000,1.2385999900,AKShare stock_zh_a_spot / 新浪
600096,云天化,29.6700000000,29.8300000000,693720340.0000000000,23503800.0000000000,-0.0053600000,6.9372034000,AKShare stock_zh_a_spot / 新浪
600097,开创国际,8.5700000000,8.5700000000,26451318.0000000000,3112000.0000000000,0.0000000000,0.2645131800,AKShare stock_zh_a_spot / 新浪
600098,广州发展,6.2400000000,6.2500000000,81133327.0000000000,12985902.0000000000,-0.0016000000,0.8113332700,AKShare stock_zh_a_spot / 新浪
600099,林海股份,9.0200000000,9.0000000000,17860156.0000000000,2006706.0000000000,0.0022200000,0.1786015600,AKShare stock_zh_a_spot / 新浪
600100,同方股份,6.6800000000,6.6600000000,92152217.0000000000,13866808.0000000000,0.0030000000,0.9215221700,AKShare stock_zh_a_spot / 新浪
600101,明星电力,7.8100000000,7.8500000000,32693769.0000000000,4197087.0000000000,-0.0051000000,0.3269376900,AKShare stock_zh_a_spot / 新浪
600103,青山纸业,2.8800000000,2.8700000000,146131138.0000000000,51247039.0000000000,0.0034800000,1.4613113800,AKShare stock_zh_a_spot / 新浪
600104,上汽集团,10.1400000000,10.1800000000,284756473.0000000000,28209212.0000000000,-0.0039300000,2.8475647300,AKShare stock_zh_a_spot / 新浪
600105,永鼎股份,39.7200000000,38.8500000000,4571342213.0000000000,115503244.0000000000,0.0223900000,45.7134221300,AKShare stock_zh_a_spot / 新浪
600106,重庆路桥,4.2900000000,4.3200000000,35017875.0000000000,8169695.0000000000,-0.0069400000,0.3501787500,AKShare stock_zh_a_spot / 新浪
600108,亚盛集团,3.3000000000,3.4100000000,479945150.0000000000,146458569.0000000000,-0.0322600000,4.7994515000,AKShare stock_zh_a_spot / 新浪
600109,国金证券,8.4700000000,8.5000000000,99014100.0000000000,11713268.0000000000,-0.0035300000,0.9901410000,AKShare stock_zh_a_spot / 新浪
600110,诺德股份,10.7400000000,9.7600000000,2285226619.0000000000,220283218.0000000000,0.1004100000,22.8522661900,AKShare stock_zh_a_spot / 新浪
600111,北方稀土,40.1700000000,39.7800000000,1665709129.0000000000,41837992.0000000000,0.0098000000,16.6570912900,AKShare stock_zh_a_spot / 新浪
600113,浙江东日,30.4300000000,30.8500000000,170746960.0000000000,5624248.0000000000,-0.0136100000,1.7074696000,AKShare stock_zh_a_spot / 新浪
600114,东睦股份,30.2200000000,29.8000000000,475745286.0000000000,15718070.0000000000,0.0140900000,4.7574528600,AKShare stock_zh_a_spot / 新浪
600115,中国东航,3.4400000000,3.4800000000,368702016.0000000000,107158067.0000000000,-0.0114900000,3.6870201600,AKShare stock_zh_a_spot / 新浪
600116,三峡水利,6.1200000000,6.3100000000,164430899.0000000000,26804499.0000000000,-0.0301100000,1.6443089900,AKShare stock_zh_a_spot / 新浪
600117,西宁特钢,2.2600000000,2.2600000000,25608536.0000000000,11443202.0000000000,0.0000000000,0.2560853600,AKShare stock_zh_a_spot / 新浪
600118,中国卫星,62.1000000000,61.4400000000,2189438224.0000000000,35299741.0000000000,0.0107400000,21.8943822400,AKShare stock_zh_a_spot / 新浪
600120,浙江东方,4.7700000000,4.8000000000,113191620.0000000000,23770704.0000000000,-0.0062500000,1.1319162000,AKShare stock_zh_a_spot / 新浪
600121,郑州煤电,3.9700000000,3.9700000000,294048850.0000000000,75203821.0000000000,0.0000000000,2.9404885000,AKShare stock_zh_a_spot / 新浪
600123,兰花科创,7.2400000000,7.2700000000,153104178.0000000000,21185640.0000000000,-0.0041300000,1.5310417800,AKShare stock_zh_a_spot / 新浪
600125,铁龙物流,5.3800000000,5.4600000000,48337625.0000000000,8974648.0000000000,-0.0146500000,0.4833762500,AKShare stock_zh_a_spot / 新浪
600126,杭钢股份,6.7800000000,6.9700000000,376207317.0000000000,55472446.0000000000,-0.0272600000,3.7620731700,AKShare stock_zh_a_spot / 新浪
600127,金健米业,8.2000000000,8.6000000000,2334481868.0000000000,272183943.0000000000,-0.0465100000,23.3448186800,AKShare stock_zh_a_spot / 新浪
600128,苏豪弘业,8.2900000000,8.2600000000,30318613.0000000000,3689451.0000000000,0.0036300000,0.3031861300,AKShare stock_zh_a_spot / 新浪
600129,太极集团,15.0700000000,16.6300000000,663681111.0000000000,43329383.0000000000,-0.0938100000,6.6368111100,AKShare stock_zh_a_spot / 新浪
600130,波导股份,4.3300000000,4.3100000000,67872429.0000000000,15777200.0000000000,0.0046400000,0.6787242900,AKShare stock_zh_a_spot / 新浪
600131,国网信通,15.4000000000,15.4500000000,60412258.0000000000,3930800.0000000000,-0.0032400000,0.6041225800,AKShare stock_zh_a_spot / 新浪
600132,重庆啤酒,40.2800000000,41.1500000000,187412158.0000000000,4624988.0000000000,-0.0211400000,1.8741215800,AKShare stock_zh_a_spot / 新浪
600133,东湖高新,8.2400000000,8.2600000000,61040453.0000000000,7423210.0000000000,-0.0024200000,0.6104045300,AKShare stock_zh_a_spot / 新浪
600135,乐凯胶片,7.3200000000,7.2500000000,34851054.0000000000,4815133.0000000000,0.0096600000,0.3485105400,AKShare stock_zh_a_spot / 新浪
600137,浪莎股份,18.0500000000,17.9500000000,17086661.0000000000,956200.0000000000,0.0055700000,0.1708666100,AKShare stock_zh_a_spot / 新浪
600138,中青旅,6.9600000000,7.0500000000,44640698.0000000000,6415300.0000000000,-0.0127700000,0.4464069800,AKShare stock_zh_a_spot / 新浪
600141,兴发集团,30.6800000000,30.8600000000,757212852.0000000000,24757815.0000000000,-0.0058300000,7.5721285200,AKShare stock_zh_a_spot / 新浪
600143,金发科技,14.3100000000,14.1400000000,480528316.0000000000,33929741.0000000000,0.0120200000,4.8052831600,AKShare stock_zh_a_spot / 新浪
600148,长春一东,15.3100000000,15.3300000000,17971621.0000000000,1182900.0000000000,-0.0013000000,0.1797162100,AKShare stock_zh_a_spot / 新浪
600149,廊坊发展,4.9500000000,5.0500000000,73840232.0000000000,15012900.0000000000,-0.0198000000,0.7384023200,AKShare stock_zh_a_spot / 新浪
600150,中国船舶,33.6800000000,32.9900000000,2543460716.0000000000,76020695.0000000000,0.0209200000,25.4346071600,AKShare stock_zh_a_spot / 新浪
600151,航天机电,10.1600000000,9.6000000000,358430182.0000000000,35940980.0000000000,0.0583300000,3.5843018200,AKShare stock_zh_a_spot / 新浪
600152,维科技术,8.0100000000,7.8400000000,114521248.0000000000,14470363.0000000000,0.0216800000,1.1452124800,AKShare stock_zh_a_spot / 新浪
600153,建发股份,8.9000000000,9.1500000000,195634468.0000000000,21665328.0000000000,-0.0273200000,1.9563446800,AKShare stock_zh_a_spot / 新浪
600155,华创云信,5.7500000000,5.7700000000,79350236.0000000000,13784300.0000000000,-0.0034700000,0.7935023600,AKShare stock_zh_a_spot / 新浪
600156,华升股份,8.0300000000,7.8900000000,63557561.0000000000,8031000.0000000000,0.0177400000,0.6355756100,AKShare stock_zh_a_spot / 新浪
600157,永泰能源,1.5500000000,1.5500000000,368087079.0000000000,237676270.0000000000,0.0000000000,3.6808707900,AKShare stock_zh_a_spot / 新浪
600158,中体产业,6.8700000000,6.9100000000,103797331.0000000000,15169422.0000000000,-0.0057900000,1.0379733100,AKShare stock_zh_a_spot / 新浪
600159,大龙地产,2.5400000000,2.5400000000,40452732.0000000000,16250100.0000000000,0.0000000000,0.4045273200,AKShare stock_zh_a_spot / 新浪
600160,巨化股份,38.7000000000,38.7000000000,980411228.0000000000,25429491.0000000000,0.0000000000,9.8041122800,AKShare stock_zh_a_spot / 新浪
600161,天坛生物,12.1500000000,12.7000000000,378726172.0000000000,30758278.0000000000,-0.0433100000,3.7872617200,AKShare stock_zh_a_spot / 新浪
600162,香江控股,4.1800000000,4.1900000000,748925412.0000000000,177788422.0000000000,-0.0023900000,7.4892541200,AKShare stock_zh_a_spot / 新浪
600163,中闽能源,4.9000000000,4.9400000000,48625494.0000000000,9927000.0000000000,-0.0081000000,0.4862549400,AKShare stock_zh_a_spot / 新浪
600166,福田汽车,2.8900000000,2.9700000000,309228539.0000000000,106660645.0000000000,-0.0269400000,3.0922853900,AKShare stock_zh_a_spot / 新浪
600167,联美控股,5.6000000000,5.6300000000,26429204.0000000000,4731100.0000000000,-0.0053300000,0.2642920400,AKShare stock_zh_a_spot / 新浪
600168,武汉控股,4.4200000000,4.4800000000,27625117.0000000000,6266536.0000000000,-0.0133900000,0.2762511700,AKShare stock_zh_a_spot / 新浪
600170,上海建工,2.2500000000,2.2700000000,158282988.0000000000,70591859.0000000000,-0.0088100000,1.5828298800,AKShare stock_zh_a_spot / 新浪
600171,上海贝岭,22.6600000000,22.4600000000,218767274.0000000000,9633774.0000000000,0.0089000000,2.1876727400,AKShare stock_zh_a_spot / 新浪
600172,黄河旋风,13.5400000000,13.4400000000,2005010708.0000000000,149948035.0000000000,0.0074400000,20.0501070800,AKShare stock_zh_a_spot / 新浪
600173,卧龙新能,6.0600000000,6.1600000000,34271862.0000000000,5674970.0000000000,-0.0162300000,0.3427186200,AKShare stock_zh_a_spot / 新浪
600176,中国巨石,42.0400000000,41.4200000000,8593956086.0000000000,209471410.0000000000,0.0149700000,85.9395608600,AKShare stock_zh_a_spot / 新浪
600177,雅戈尔,7.8900000000,8.0000000000,161656361.0000000000,20385748.0000000000,-0.0137500000,1.6165636100,AKShare stock_zh_a_spot / 新浪
600178,东安动力,9.2000000000,9.2500000000,22855085.0000000000,2492601.0000000000,-0.0054100000,0.2285508500,AKShare stock_zh_a_spot / 新浪
600179,安通控股,4.3800000000,4.3000000000,170055391.0000000000,39144853.0000000000,0.0186000000,1.7005539100,AKShare stock_zh_a_spot / 新浪
600182,S佳通,13.1900000000,13.3300000000,39036573.0000000000,2968500.0000000000,-0.0105000000,0.3903657300,AKShare stock_zh_a_spot / 新浪
600183,生益科技,132.8000000000,126.2800000000,8723369047.0000000000,66475836.0000000000,0.0516300000,87.2336904700,AKShare stock_zh_a_spot / 新浪
600184,光电股份,17.6100000000,17.3900000000,146583546.0000000000,8372128.0000000000,0.0126500000,1.4658354600,AKShare stock_zh_a_spot / 新浪
600185,珠免集团,4.5000000000,4.5600000000,75512950.0000000000,16798900.0000000000,-0.0131600000,0.7551295000,AKShare stock_zh_a_spot / 新浪
600186,莲花控股,11.6200000000,11.0200000000,3160128371.0000000000,278167787.0000000000,0.0544500000,31.6012837100,AKShare stock_zh_a_spot / 新浪
600188,兖矿能源,21.4100000000,21.3600000000,649775422.0000000000,30228632.0000000000,0.0023400000,6.4977542200,AKShare stock_zh_a_spot / 新浪
600189,泉阳泉,7.4200000000,7.4700000000,63338575.0000000000,8565128.0000000000,-0.0066900000,0.6333857500,AKShare stock_zh_a_spot / 新浪
600191,华资实业,10.6200000000,10.5700000000,80788421.0000000000,7642359.0000000000,0.0047300000,0.8078842100,AKShare stock_zh_a_spot / 新浪
600192,长城电工,6.9100000000,6.8100000000,54558033.0000000000,7988581.0000000000,0.0146800000,0.5455803300,AKShare stock_zh_a_spot / 新浪
600195,中牧股份,6.7100000000,6.8500000000,54611432.0000000000,8141347.0000000000,-0.0204400000,0.5461143200,AKShare stock_zh_a_spot / 新浪
600196,复星医药,23.5600000000,24.8400000000,1457016063.0000000000,61168598.0000000000,-0.0515300000,14.5701606300,AKShare stock_zh_a_spot / 新浪
600197,XD伊力特,9.8400000000,10.1300000000,76679815.0000000000,7790573.0000000000,-0.0286300000,0.7667981500,AKShare stock_zh_a_spot / 新浪
600198,大唐电信,7.4700000000,7.5800000000,151354446.0000000000,20386777.0000000000,-0.0145100000,1.5135444600,AKShare stock_zh_a_spot / 新浪
600199,金种子酒,6.9800000000,7.1400000000,87982242.0000000000,12619321.0000000000,-0.0224100000,0.8798224200,AKShare stock_zh_a_spot / 新浪
600201,生物股份,12.6500000000,13.0000000000,212101374.0000000000,16702564.0000000000,-0.0269200000,2.1210137400,AKShare stock_zh_a_spot / 新浪
600202,哈空调,5.0500000000,5.0100000000,28923785.0000000000,5799946.0000000000,0.0079800000,0.2892378500,AKShare stock_zh_a_spot / 新浪
600203,福日电子,10.0700000000,9.8000000000,177209956.0000000000,17899681.0000000000,0.0275500000,1.7720995600,AKShare stock_zh_a_spot / 新浪
600206,XD有研新,54.2400000000,56.6600000000,5576391370.0000000000,102120775.0000000000,-0.0427100000,55.7639137000,AKShare stock_zh_a_spot / 新浪
600207,安彩高科,4.3600000000,4.2900000000,55382537.0000000000,12832875.0000000000,0.0163200000,0.5538253700,AKShare stock_zh_a_spot / 新浪
600208,衢州发展,2.9300000000,2.9800000000,177622055.0000000000,60740300.0000000000,-0.0167800000,1.7762205500,AKShare stock_zh_a_spot / 新浪
600210,紫江企业,5.9800000000,6.0000000000,45914784.0000000000,7681565.0000000000,-0.0033300000,0.4591478400,AKShare stock_zh_a_spot / 新浪
600211,西藏药业,38.9900000000,41.8600000000,568472381.0000000000,14362805.0000000000,-0.0685600000,5.6847238100,AKShare stock_zh_a_spot / 新浪
600212,绿能慧充,5.6300000000,5.5600000000,38248066.0000000000,6875563.0000000000,0.0125900000,0.3824806600,AKShare stock_zh_a_spot / 新浪
600215,派斯林,6.5200000000,6.5000000000,29728606.0000000000,4570776.0000000000,0.0030800000,0.2972860600,AKShare stock_zh_a_spot / 新浪
600216,浙江医药,13.2300000000,14.5200000000,838087074.0000000000,62000952.0000000000,-0.0888400000,8.3808707400,AKShare stock_zh_a_spot / 新浪
600217,中再资环,3.1300000000,3.1400000000,30942015.0000000000,9956483.0000000000,-0.0031800000,0.3094201500,AKShare stock_zh_a_spot / 新浪
600218,全柴动力,7.5600000000,7.5700000000,30240262.0000000000,4018712.0000000000,-0.0013200000,0.3024026200,AKShare stock_zh_a_spot / 新浪
600219,南山铝业,4.7500000000,4.6500000000,985521988.0000000000,209494339.0000000000,0.0215100000,9.8552198800,AKShare stock_zh_a_spot / 新浪
600221,海航控股,1.3000000000,1.3100000000,325891024.0000000000,250822952.0000000000,-0.0076300000,3.2589102400,AKShare stock_zh_a_spot / 新浪
600222,太龙药业,7.8400000000,8.1100000000,176619790.0000000000,22550080.0000000000,-0.0332900000,1.7661979000,AKShare stock_zh_a_spot / 新浪
600223,福瑞达,5.4800000000,5.6100000000,49802748.0000000000,9047106.0000000000,-0.0231700000,0.4980274800,AKShare stock_zh_a_spot / 新浪
600226,亨通股份,6.2100000000,6.0300000000,718968443.0000000000,117072032.0000000000,0.0298500000,7.1896844300,AKShare stock_zh_a_spot / 新浪
600227,赤天化,3.9500000000,3.7400000000,1082423915.0000000000,287413897.0000000000,0.0561500000,10.8242391500,AKShare stock_zh_a_spot / 新浪
600228,返利科技,8.2100000000,8.2000000000,308780314.0000000000,36692788.0000000000,0.0012200000,3.0878031400,AKShare stock_zh_a_spot / 新浪
600229,城市传媒,5.1000000000,5.1600000000,14002583.0000000000,2763974.0000000000,-0.0116300000,0.1400258300,AKShare stock_zh_a_spot / 新浪
600230,沧州大化,14.6200000000,14.6900000000,124841477.0000000000,8580395.0000000000,-0.0047700000,1.2484147700,AKShare stock_zh_a_spot / 新浪
600231,凌钢股份,1.7000000000,1.6800000000,19777573.0000000000,11779147.0000000000,0.0119000000,0.1977757300,AKShare stock_zh_a_spot / 新浪
600232,金鹰股份,6.3100000000,6.3200000000,29512262.0000000000,4683120.0000000000,-0.0015800000,0.2951226200,AKShare stock_zh_a_spot / 新浪
600233,圆通速递,17.4200000000,17.5000000000,455742867.0000000000,26129879.0000000000,-0.0045700000,4.5574286700,AKShare stock_zh_a_spot / 新浪
600234,科新发展,21.4500000000,21.5300000000,25611532.0000000000,1193800.0000000000,-0.0037200000,0.2561153200,AKShare stock_zh_a_spot / 新浪
600235,民丰特纸,5.7400000000,5.7200000000,26656992.0000000000,4706600.0000000000,0.0035000000,0.2665699200,AKShare stock_zh_a_spot / 新浪
600236,桂冠电力,9.9000000000,9.8800000000,86526778.0000000000,8767324.0000000000,0.0020200000,0.8652677800,AKShare stock_zh_a_spot / 新浪
600237,铜峰电子,8.4200000000,8.4000000000,159992683.0000000000,19079721.0000000000,0.0023800000,1.5999268300,AKShare stock_zh_a_spot / 新浪
600241,时代万恒,7.4400000000,7.2900000000,28576096.0000000000,3914900.0000000000,0.0205800000,0.2857609600,AKShare stock_zh_a_spot / 新浪
600246,万通发展,12.1200000000,11.7000000000,1236858506.0000000000,102884834.0000000000,0.0359000000,12.3685850600,AKShare stock_zh_a_spot / 新浪
600248,陕建股份,2.8500000000,2.9000000000,53024288.0000000000,18572300.0000000000,-0.0172400000,0.5302428800,AKShare stock_zh_a_spot / 新浪
600249,两面针,5.2500000000,5.2700000000,29037574.0000000000,5559478.0000000000,-0.0038000000,0.2903757400,AKShare stock_zh_a_spot / 新浪
600250,南京商旅,9.1500000000,9.2400000000,528110023.0000000000,54535738.0000000000,-0.0097400000,5.2811002300,AKShare stock_zh_a_spot / 新浪
600251,冠农股份,10.3100000000,10.5100000000,151497535.0000000000,14852720.0000000000,-0.0190300000,1.5149753500,AKShare stock_zh_a_spot / 新浪
600252,中恒集团,2.2200000000,2.3600000000,204275054.0000000000,90782800.0000000000,-0.0593200000,2.0427505400,AKShare stock_zh_a_spot / 新浪
600255,鑫科材料,3.2400000000,3.1900000000,135523060.0000000000,42252732.0000000000,0.0156700000,1.3552306000,AKShare stock_zh_a_spot / 新浪
600256,广汇能源,6.2300000000,6.1200000000,1055265868.0000000000,169812973.0000000000,0.0179700000,10.5526586800,AKShare stock_zh_a_spot / 新浪
600257,大湖股份,5.4800000000,5.5700000000,80578216.0000000000,14748066.0000000000,-0.0161600000,0.8057821600,AKShare stock_zh_a_spot / 新浪
600258,首旅酒店,12.2300000000,12.3100000000,125592645.0000000000,10292900.0000000000,-0.0065000000,1.2559264500,AKShare stock_zh_a_spot / 新浪
600259,中稀有色,85.3000000000,84.7500000000,714540128.0000000000,8490514.0000000000,0.0064900000,7.1454012800,AKShare stock_zh_a_spot / 新浪
600261,阳光照明,3.2400000000,3.2000000000,51233199.0000000000,15991900.0000000000,0.0125000000,0.5123319900,AKShare stock_zh_a_spot / 新浪
600262,北方股份,14.5200000000,14.6500000000,53600005.0000000000,3708979.0000000000,-0.0088700000,0.5360000500,AKShare stock_zh_a_spot / 新浪
600266,城建发展,4.1900000000,4.3100000000,174665052.0000000000,41705297.0000000000,-0.0278400000,1.7466505200,AKShare stock_zh_a_spot / 新浪
600267,海正药业,13.0800000000,14.0200000000,952198175.0000000000,71798056.0000000000,-0.0670500000,9.5219817500,AKShare stock_zh_a_spot / 新浪
600268,国电南自,10.5100000000,10.5000000000,97640898.0000000000,9313901.0000000000,0.0009500000,0.9764089800,AKShare stock_zh_a_spot / 新浪
600269,赣粤高速,3.7600000000,3.7900000000,50640340.0000000000,13470118.0000000000,-0.0079200000,0.5064034000,AKShare stock_zh_a_spot / 新浪
600271,航天信息,6.7100000000,6.7400000000,48203644.0000000000,7219362.0000000000,-0.0044500000,0.4820364400,AKShare stock_zh_a_spot / 新浪
600272,开开实业,16.5000000000,18.3300000000,240174145.0000000000,14542501.0000000000,-0.0998400000,2.4017414500,AKShare stock_zh_a_spot / 新浪
600273,嘉化能源,6.7400000000,6.8300000000,102882793.0000000000,15186287.0000000000,-0.0131800000,1.0288279300,AKShare stock_zh_a_spot / 新浪
600276,恒瑞医药,47.7400000000,49.5000000000,6108715052.0000000000,127415292.0000000000,-0.0355600000,61.0871505200,AKShare stock_zh_a_spot / 新浪
600278,东方创业,6.1600000000,6.2300000000,18793148.0000000000,3065695.0000000000,-0.0112400000,0.1879314800,AKShare stock_zh_a_spot / 新浪
600279,重庆港,4.3100000000,4.2700000000,30479402.0000000000,7145500.0000000000,0.0093700000,0.3047940200,AKShare stock_zh_a_spot / 新浪
600280,中央商场,2.9800000000,2.9900000000,54012259.0000000000,18299839.0000000000,-0.0033400000,0.5401225900,AKShare stock_zh_a_spot / 新浪
600281,华阳新材,4.6200000000,4.6800000000,149057281.0000000000,32042300.0000000000,-0.0128200000,1.4905728100,AKShare stock_zh_a_spot / 新浪
600282,南钢股份,4.6100000000,4.7700000000,174152836.0000000000,37392892.0000000000,-0.0335400000,1.7415283600,AKShare stock_zh_a_spot / 新浪
600283,钱江水利,7.7900000000,7.8300000000,13928282.0000000000,1793877.0000000000,-0.0051100000,0.1392828200,AKShare stock_zh_a_spot / 新浪
600284,浦东建设,5.0100000000,5.0900000000,47406832.0000000000,9454695.0000000000,-0.0157200000,0.4740683200,AKShare stock_zh_a_spot / 新浪
600285,羚锐制药,19.5400000000,19.7900000000,169881784.0000000000,8717863.0000000000,-0.0126300000,1.6988178400,AKShare stock_zh_a_spot / 新浪
600287,苏豪时尚,4.8000000000,4.8600000000,16648433.0000000000,3504100.0000000000,-0.0123500000,0.1664843300,AKShare stock_zh_a_spot / 新浪
600288,XD大恒科,11.4500000000,11.2400000000,296849007.0000000000,26487126.0000000000,0.0186800000,2.9684900700,AKShare stock_zh_a_spot / 新浪
600292,电投水电,12.0900000000,12.2300000000,72180870.0000000000,5973845.0000000000,-0.0114500000,0.7218087000,AKShare stock_zh_a_spot / 新浪
600293,三峡新材,2.8400000000,2.8200000000,54529223.0000000000,19448274.0000000000,0.0070900000,0.5452922300,AKShare stock_zh_a_spot / 新浪
600295,鄂尔多斯,13.0800000000,13.1500000000,108310959.0000000000,8291628.0000000000,-0.0053200000,1.0831095900,AKShare stock_zh_a_spot / 新浪
600298,安琪酵母,41.2900000000,42.3100000000,349516273.0000000000,8437693.0000000000,-0.0241100000,3.4951627300,AKShare stock_zh_a_spot / 新浪
600299,安迪苏,8.4900000000,8.6100000000,251367080.0000000000,29502769.0000000000,-0.0139400000,2.5136708000,AKShare stock_zh_a_spot / 新浪
600300,维维股份,3.1800000000,3.2400000000,76626398.0000000000,24092432.0000000000,-0.0185200000,0.7662639800,AKShare stock_zh_a_spot / 新浪
600301,华锡有色,47.7100000000,47.3400000000,426296857.0000000000,9002204.0000000000,0.0078200000,4.2629685700,AKShare stock_zh_a_spot / 新浪
600303,曙光股份,2.8700000000,2.8600000000,48116285.0000000000,16923300.0000000000,0.0035000000,0.4811628500,AKShare stock_zh_a_spot / 新浪
600305,恒顺醋业,6.5900000000,6.7200000000,58210407.0000000000,8819956.0000000000,-0.0193500000,0.5821040700,AKShare stock_zh_a_spot / 新浪
600307,酒钢宏兴,1.4300000000,1.4200000000,37607746.0000000000,26548070.0000000000,0.0070400000,0.3760774600,AKShare stock_zh_a_spot / 新浪
600308,华泰股份,3.2200000000,3.2400000000,25621859.0000000000,8011634.0000000000,-0.0061700000,0.2562185900,AKShare stock_zh_a_spot / 新浪
600309,万华化学,73.9800000000,75.1600000000,1706429325.0000000000,23056817.0000000000,-0.0157000000,17.0642932500,AKShare stock_zh_a_spot / 新浪
600310,广西能源,4.0900000000,4.1200000000,89857673.0000000000,22068073.0000000000,-0.0072800000,0.8985767300,AKShare stock_zh_a_spot / 新浪
600312,平高电气,19.7300000000,19.2900000000,449145545.0000000000,22662779.0000000000,0.0228100000,4.4914554500,AKShare stock_zh_a_spot / 新浪
600313,农发种业,6.5000000000,6.9200000000,764188842.0000000000,117386385.0000000000,-0.0606900000,7.6418884200,AKShare stock_zh_a_spot / 新浪
600315,上海家化,18.0900000000,18.4000000000,239527089.0000000000,13093184.0000000000,-0.0168500000,2.3952708900,AKShare stock_zh_a_spot / 新浪
600316,洪都航空,28.3500000000,28.3100000000,188963098.0000000000,6697377.0000000000,0.0014100000,1.8896309800,AKShare stock_zh_a_spot / 新浪
600318,新力金融,6.4700000000,6.5100000000,45086510.0000000000,7012458.0000000000,-0.0061400000,0.4508651000,AKShare stock_zh_a_spot / 新浪
600319,亚星化学,6.3100000000,6.2500000000,46687224.0000000000,7384600.0000000000,0.0096000000,0.4668722400,AKShare stock_zh_a_spot / 新浪
600320,振华重工,4.0300000000,4.0400000000,84119940.0000000000,20930064.0000000000,-0.0024800000,0.8411994000,AKShare stock_zh_a_spot / 新浪
600322,津投城开,2.6400000000,2.6600000000,38179673.0000000000,14564580.0000000000,-0.0075200000,0.3817967300,AKShare stock_zh_a_spot / 新浪
600323,瀚蓝环境,29.2600000000,29.6000000000,97782618.0000000000,3327001.0000000000,-0.0114900000,0.9778261800,AKShare stock_zh_a_spot / 新浪
600325,华发股份,2.3100000000,2.3900000000,208103725.0000000000,90040239.0000000000,-0.0334700000,2.0810372500,AKShare stock_zh_a_spot / 新浪
600326,西藏天路,7.0200000000,7.0400000000,166340153.0000000000,24090616.0000000000,-0.0028400000,1.6634015300,AKShare stock_zh_a_spot / 新浪
600327,大东方,4.0800000000,4.2400000000,230677196.0000000000,55839014.0000000000,-0.0377400000,2.3067719600,AKShare stock_zh_a_spot / 新浪
600328,中盐化工,6.3300000000,6.2800000000,73338168.0000000000,11666040.0000000000,0.0079600000,0.7333816800,AKShare stock_zh_a_spot / 新浪
600329,达仁堂,35.3500000000,36.2800000000,111039608.0000000000,3129900.0000000000,-0.0256300000,1.1103960800,AKShare stock_zh_a_spot / 新浪
600330,天通股份,27.2700000000,27.8900000000,2988868325.0000000000,108381294.0000000000,-0.0222300000,29.8886832500,AKShare stock_zh_a_spot / 新浪
600331,宏达股份,12.9300000000,12.6900000000,578865048.0000000000,44925433.0000000000,0.0189100000,5.7886504800,AKShare stock_zh_a_spot / 新浪
600332,白云山,20.9100000000,21.5100000000,258564259.0000000000,12296038.0000000000,-0.0278900000,2.5856425900,AKShare stock_zh_a_spot / 新浪
600333,长春燃气,6.3100000000,6.2500000000,65532561.0000000000,10427700.0000000000,0.0096000000,0.6553256100,AKShare stock_zh_a_spot / 新浪
600335,国机汽车,5.2600000000,5.0400000000,338957303.0000000000,62535286.0000000000,0.0436500000,3.3895730300,AKShare stock_zh_a_spot / 新浪
600336,澳柯玛,6.1800000000,6.1700000000,28263513.0000000000,4606258.0000000000,0.0016200000,0.2826351300,AKShare stock_zh_a_spot / 新浪
600338,西藏珠峰,13.8500000000,13.1000000000,786960731.0000000000,57677356.0000000000,0.0572500000,7.8696073100,AKShare stock_zh_a_spot / 新浪
600339,中油工程,3.3800000000,3.3400000000,188657721.0000000000,55754130.0000000000,0.0119800000,1.8865772100,AKShare stock_zh_a_spot / 新浪
600343,航天动力,18.3100000000,18.0400000000,359657592.0000000000,19734493.0000000000,0.0149700000,3.5965759200,AKShare stock_zh_a_spot / 新浪
600345,长江通信,47.6000000000,46.0000000000,344201175.0000000000,7286462.0000000000,0.0347800000,3.4420117500,AKShare stock_zh_a_spot / 新浪
600346,恒力石化,18.8700000000,18.8400000000,669199796.0000000000,35556439.0000000000,0.0015900000,6.6919979600,AKShare stock_zh_a_spot / 新浪
600348,华阳股份,8.9600000000,8.8800000000,219307707.0000000000,24517928.0000000000,0.0090100000,2.1930770700,AKShare stock_zh_a_spot / 新浪
600350,山东高速,10.5600000000,10.5100000000,95982113.0000000000,9133681.0000000000,0.0047600000,0.9598211300,AKShare stock_zh_a_spot / 新浪
600351,亚宝药业,6.8700000000,7.1500000000,211543573.0000000000,30607954.0000000000,-0.0391600000,2.1154357300,AKShare stock_zh_a_spot / 新浪
600352,浙江龙盛,12.5400000000,12.9100000000,489270344.0000000000,38969981.0000000000,-0.0286600000,4.8927034400,AKShare stock_zh_a_spot / 新浪
600353,旭光电子,38.2800000000,34.8000000000,3782619189.0000000000,102185991.0000000000,0.1000000000,37.8261918900,AKShare stock_zh_a_spot / 新浪
600354,敦煌种业,6.4300000000,6.8400000000,551050047.0000000000,85972653.0000000000,-0.0599400000,5.5105004700,AKShare stock_zh_a_spot / 新浪
600356,恒丰纸业,8.8600000000,8.9000000000,28777732.0000000000,3269320.0000000000,-0.0044900000,0.2877773200,AKShare stock_zh_a_spot / 新浪
600358,国旅联合,5.0200000000,5.0700000000,18656041.0000000000,3722300.0000000000,-0.0098600000,0.1865604100,AKShare stock_zh_a_spot / 新浪
600359,新农开发,6.5600000000,6.6300000000,100457323.0000000000,15399440.0000000000,-0.0105600000,1.0045732300,AKShare stock_zh_a_spot / 新浪
600360,华微电子,10.7200000000,10.8900000000,757287988.0000000000,69702713.0000000000,-0.0156100000,7.5728798800,AKShare stock_zh_a_spot / 新浪
600361,创新新材,3.6600000000,3.6200000000,130626923.0000000000,35911120.0000000000,0.0110500000,1.3062692300,AKShare stock_zh_a_spot / 新浪
600362,江西铜业,45.8600000000,44.5700000000,2076863586.0000000000,45704978.0000000000,0.0289400000,20.7686358600,AKShare stock_zh_a_spot / 新浪
600363,联创光电,18.2100000000,18.3600000000,458812241.0000000000,25319059.0000000000,-0.0081700000,4.5881224100,AKShare stock_zh_a_spot / 新浪
600366,宁波韵升,11.7800000000,11.7500000000,310547765.0000000000,26610279.0000000000,0.0025500000,3.1054776500,AKShare stock_zh_a_spot / 新浪
600367,红星发展,34.6800000000,35.8900000000,1658657540.0000000000,47780235.0000000000,-0.0337100000,16.5865754000,AKShare stock_zh_a_spot / 新浪
600368,五洲交通,4.0200000000,3.9600000000,172671281.0000000000,42695343.0000000000,0.0151500000,1.7267128100,AKShare stock_zh_a_spot / 新浪
600369,西南证券,4.0000000000,4.0100000000,83202953.0000000000,20852818.0000000000,-0.0024900000,0.8320295300,AKShare stock_zh_a_spot / 新浪
600371,万向德农,7.7400000000,8.6000000000,231340606.0000000000,29677476.0000000000,-0.1000000000,2.3134060600,AKShare stock_zh_a_spot / 新浪
600372,中航机载,10.8100000000,10.9000000000,192572186.0000000000,17845031.0000000000,-0.0082600000,1.9257218600,AKShare stock_zh_a_spot / 新浪
600373,中文传媒,6.9600000000,7.0500000000,52277074.0000000000,7509241.0000000000,-0.0127700000,0.5227707400,AKShare stock_zh_a_spot / 新浪
600375,汉马科技,3.9000000000,3.9400000000,56670784.0000000000,14591200.0000000000,-0.0101500000,0.5667078400,AKShare stock_zh_a_spot / 新浪
600376,首开股份,3.5300000000,3.5100000000,292178233.0000000000,84173300.0000000000,0.0057000000,2.9217823300,AKShare stock_zh_a_spot / 新浪
600377,宁沪高速,11.9200000000,12.0200000000,95192980.0000000000,7954502.0000000000,-0.0083200000,0.9519298000,AKShare stock_zh_a_spot / 新浪
600378,昊华科技,47.2400000000,44.5400000000,2568093993.0000000000,55269463.0000000000,0.0606200000,25.6809399300,AKShare stock_zh_a_spot / 新浪
600379,宝光股份,15.5200000000,14.4500000000,420017309.0000000000,28015972.0000000000,0.0740500000,4.2001730900,AKShare stock_zh_a_spot / 新浪
600380,健康元,9.8800000000,10.3700000000,331016149.0000000000,33196473.0000000000,-0.0472500000,3.3101614900,AKShare stock_zh_a_spot / 新浪
600382,广东明珠,6.2800000000,6.2500000000,51847008.0000000000,8323451.0000000000,0.0048000000,0.5184700800,AKShare stock_zh_a_spot / 新浪
600383,金地集团,2.2100000000,2.2700000000,218801749.0000000000,99344100.0000000000,-0.0264300000,2.1880174900,AKShare stock_zh_a_spot / 新浪
600386,北巴传媒,3.3800000000,3.3800000000,25111376.0000000000,7504382.0000000000,0.0000000000,0.2511137600,AKShare stock_zh_a_spot / 新浪
600388,紫金龙净,17.7300000000,17.4000000000,211995997.0000000000,12033797.0000000000,0.0189700000,2.1199599700,AKShare stock_zh_a_spot / 新浪
600389,江山股份,18.5400000000,18.4600000000,126053112.0000000000,6880039.0000000000,0.0043300000,1.2605311200,AKShare stock_zh_a_spot / 新浪
600390,五矿资本,4.8400000000,4.8100000000,105460557.0000000000,21897035.0000000000,0.0062400000,1.0546055700,AKShare stock_zh_a_spot / 新浪
600391,航发科技,30.7100000000,29.6900000000,280951659.0000000000,9231820.0000000000,0.0343600000,2.8095165900,AKShare stock_zh_a_spot / 新浪
600392,盛和资源,22.7300000000,22.2800000000,1120274102.0000000000,49942973.0000000000,0.0202000000,11.2027410200,AKShare stock_zh_a_spot / 新浪
600395,盘江股份,5.4600000000,5.2500000000,310456687.0000000000,57577440.0000000000,0.0400000000,3.1045668700,AKShare stock_zh_a_spot / 新浪
600396,华电辽能,14.2800000000,14.6700000000,1836261026.0000000000,128517737.0000000000,-0.0265800000,18.3626102600,AKShare stock_zh_a_spot / 新浪
600397,江钨装备,18.1400000000,16.4900000000,1812964039.0000000000,102479600.0000000000,0.1000600000,18.1296403900,AKShare stock_zh_a_spot / 新浪
600398,海澜之家,5.9000000000,6.0100000000,118925670.0000000000,20084075.0000000000,-0.0183000000,1.1892567000,AKShare stock_zh_a_spot / 新浪
600399,抚顺特钢,4.3300000000,4.2500000000,222940668.0000000000,52051305.0000000000,0.0188200000,2.2294066800,AKShare stock_zh_a_spot / 新浪
600400,红豆股份,3.1300000000,3.0400000000,243262372.0000000000,78056098.0000000000,0.0296100000,2.4326237200,AKShare stock_zh_a_spot / 新浪
600403,大有能源,6.6400000000,7.1100000000,863644267.0000000000,130631473.0000000000,-0.0661000000,8.6364426700,AKShare stock_zh_a_spot / 新浪
600405,动力源,4.5800000000,4.5100000000,47305137.0000000000,10413060.0000000000,0.0155200000,0.4730513700,AKShare stock_zh_a_spot / 新浪
600406,国电南瑞,23.1700000000,23.0700000000,575021579.0000000000,24899230.0000000000,0.0043300000,5.7502157900,AKShare stock_zh_a_spot / 新浪
600408,安泰集团,2.8700000000,2.8100000000,269382619.0000000000,96098620.0000000000,0.0213500000,2.6938261900,AKShare stock_zh_a_spot / 新浪
600409,三友化工,6.7100000000,6.6500000000,123147079.0000000000,18482668.0000000000,0.0090200000,1.2314707900,AKShare stock_zh_a_spot / 新浪
600410,华胜天成,13.5600000000,13.5600000000,356550814.0000000000,26495038.0000000000,0.0000000000,3.5655081400,AKShare stock_zh_a_spot / 新浪
600415,小商品城,12.4800000000,12.5800000000,903089731.0000000000,72385264.0000000000,-0.0079500000,9.0308973100,AKShare stock_zh_a_spot / 新浪
600416,湘电股份,8.4000000000,8.4200000000,75282370.0000000000,8973135.0000000000,-0.0023800000,0.7528237000,AKShare stock_zh_a_spot / 新浪
600418,江淮汽车,20.8400000000,21.1200000000,1156991616.0000000000,55977778.0000000000,-0.0132600000,11.5699161600,AKShare stock_zh_a_spot / 新浪
600419,天润乳业,8.7500000000,8.8900000000,45317401.0000000000,5196410.0000000000,-0.0157500000,0.4531740100,AKShare stock_zh_a_spot / 新浪
600420,国药现代,8.4600000000,8.8000000000,143061626.0000000000,16785909.0000000000,-0.0386400000,1.4306162600,AKShare stock_zh_a_spot / 新浪
600422,昆药集团,8.5400000000,8.8100000000,108527690.0000000000,12705901.0000000000,-0.0306500000,1.0852769000,AKShare stock_zh_a_spot / 新浪
600425,青松建化,3.5600000000,3.5900000000,36044309.0000000000,10159565.0000000000,-0.0083600000,0.3604430900,AKShare stock_zh_a_spot / 新浪
600426,华鲁恒升,20.7700000000,20.8600000000,674688731.0000000000,32548782.0000000000,-0.0043100000,6.7468873100,AKShare stock_zh_a_spot / 新浪
600428,中远海特,11.8300000000,11.4800000000,494833264.0000000000,42166776.0000000000,0.0304900000,4.9483326400,AKShare stock_zh_a_spot / 新浪
600429,三元股份,4.5000000000,4.6000000000,45746819.0000000000,10194000.0000000000,-0.0217400000,0.4574681900,AKShare stock_zh_a_spot / 新浪
600433,冠豪高新,3.2900000000,3.3000000000,68284598.0000000000,20916208.0000000000,-0.0030300000,0.6828459800,AKShare stock_zh_a_spot / 新浪
600435,北方导航,10.4900000000,10.6000000000,212503158.0000000000,20413405.0000000000,-0.0103800000,2.1250315800,AKShare stock_zh_a_spot / 新浪
600436,片仔癀,124.1000000000,129.6500000000,749738896.0000000000,6005815.0000000000,-0.0428100000,7.4973889600,AKShare stock_zh_a_spot / 新浪
600438,通威股份,12.4300000000,12.3200000000,571513995.0000000000,45863393.0000000000,0.0089300000,5.7151399500,AKShare stock_zh_a_spot / 新浪
600444,国机通用,14.1700000000,14.1800000000,65248144.0000000000,4623011.0000000000,-0.0007100000,0.6524814400,AKShare stock_zh_a_spot / 新浪
600446,金证股份,10.6800000000,10.4900000000,144789886.0000000000,13669548.0000000000,0.0181100000,1.4478988600,AKShare stock_zh_a_spot / 新浪
600448,华纺股份,2.9400000000,2.9300000000,27096790.0000000000,9301603.0000000000,0.0034100000,0.2709679000,AKShare stock_zh_a_spot / 新浪
600449,宁夏建材,12.3000000000,11.9600000000,216185153.0000000000,17733994.0000000000,0.0284300000,2.1618515300,AKShare stock_zh_a_spot / 新浪
600452,涪陵电力,9.0700000000,9.1900000000,188231581.0000000000,20766647.0000000000,-0.0130600000,1.8823158100,AKShare stock_zh_a_spot / 新浪
600455,博通股份,24.2900000000,24.3000000000,25492329.0000000000,1061200.0000000000,-0.0004100000,0.2549232900,AKShare stock_zh_a_spot / 新浪
600456,宝钛股份,27.3500000000,26.3800000000,223819621.0000000000,8262566.0000000000,0.0367700000,2.2381962100,AKShare stock_zh_a_spot / 新浪
600458,时代新材,11.5400000000,11.6600000000,194555561.0000000000,16846900.0000000000,-0.0102900000,1.9455556100,AKShare stock_zh_a_spot / 新浪
600459,贵研铂业,21.8700000000,21.3000000000,784149718.0000000000,35968616.0000000000,0.0267600000,7.8414971800,AKShare stock_zh_a_spot / 新浪
600460,士兰微,35.8900000000,32.6300000000,2699276814.0000000000,77100458.0000000000,0.0999100000,26.9927681400,AKShare stock_zh_a_spot / 新浪
600461,洪城环境,8.8300000000,8.9000000000,50476347.0000000000,5708900.0000000000,-0.0078700000,0.5047634700,AKShare stock_zh_a_spot / 新浪
600463,空港股份,8.1200000000,8.1500000000,21928113.0000000000,2725200.0000000000,-0.0036800000,0.2192811300,AKShare stock_zh_a_spot / 新浪
600467,好当家,2.3400000000,2.3700000000,68573093.0000000000,29526440.0000000000,-0.0126600000,0.6857309300,AKShare stock_zh_a_spot / 新浪
600468,百利电气,5.8900000000,5.8700000000,72667640.0000000000,12428686.0000000000,0.0034100000,0.7266764000,AKShare stock_zh_a_spot / 新浪
600469,风神股份,5.2400000000,5.2200000000,30889653.0000000000,5939275.0000000000,0.0038300000,0.3088965300,AKShare stock_zh_a_spot / 新浪
600470,六国化工,5.5500000000,5.5300000000,151185967.0000000000,27664258.0000000000,0.0036200000,1.5118596700,AKShare stock_zh_a_spot / 新浪
600475,华光环能,14.9800000000,14.9000000000,132541032.0000000000,8949974.0000000000,0.0053700000,1.3254103200,AKShare stock_zh_a_spot / 新浪
600477,杭萧钢构,2.3900000000,2.3900000000,46253954.0000000000,19546425.0000000000,0.0000000000,0.4625395400,AKShare stock_zh_a_spot / 新浪
600478,科力远,4.8800000000,4.8000000000,93280820.0000000000,19274761.0000000000,0.0166700000,0.9328082000,AKShare stock_zh_a_spot / 新浪
600479,千金药业,9.7600000000,10.0700000000,81004148.0000000000,8268200.0000000000,-0.0307800000,0.8100414800,AKShare stock_zh_a_spot / 新浪
600480,凌云股份,8.3300000000,8.3400000000,62483594.0000000000,7514650.0000000000,-0.0012000000,0.6248359400,AKShare stock_zh_a_spot / 新浪
600481,双良节能,4.2100000000,4.1600000000,177290406.0000000000,41965288.0000000000,0.0120200000,1.7729040600,AKShare stock_zh_a_spot / 新浪
600482,中国动力,31.9300000000,31.3100000000,401161631.0000000000,12606856.0000000000,0.0198000000,4.0116163100,AKShare stock_zh_a_spot / 新浪
600483,福能股份,10.2700000000,10.2500000000,91959331.0000000000,8990245.0000000000,0.0019500000,0.9195933100,AKShare stock_zh_a_spot / 新浪
600486,扬农化工,54.9600000000,55.5000000000,151473111.0000000000,2757604.0000000000,-0.0097300000,1.5147311100,AKShare stock_zh_a_spot / 新浪
600487,亨通光电,62.1800000000,62.0200000000,10263631641.0000000000,166256614.0000000000,0.0025800000,102.6363164100,AKShare stock_zh_a_spot / 新浪
600488,津药药业,5.5100000000,5.9100000000,480338184.0000000000,86632001.0000000000,-0.0676800000,4.8033818400,AKShare stock_zh_a_spot / 新浪
600489,中金黄金,27.1800000000,26.3700000000,3284121962.0000000000,121692430.0000000000,0.0307200000,32.8412196200,AKShare stock_zh_a_spot / 新浪
600490,鹏欣资源,7.3700000000,7.2500000000,408797014.0000000000,55899341.0000000000,0.0165500000,4.0879701400,AKShare stock_zh_a_spot / 新浪
600493,凤竹纺织,6.0800000000,6.0400000000,33181579.0000000000,5516400.0000000000,0.0066200000,0.3318157900,AKShare stock_zh_a_spot / 新浪
600495,晋西车轴,4.0500000000,4.1300000000,41920798.0000000000,10365775.0000000000,-0.0193700000,0.4192079800,AKShare stock_zh_a_spot / 新浪
600496,精工钢构,3.3400000000,3.3800000000,93758013.0000000000,28227508.0000000000,-0.0118300000,0.9375801300,AKShare stock_zh_a_spot / 新浪
600497,驰宏锌锗,10.1200000000,9.7500000000,1429076132.0000000000,142834127.0000000000,0.0379500000,14.2907613200,AKShare stock_zh_a_spot / 新浪
600498,烽火通信,40.7000000000,38.5000000000,4326127670.0000000000,106594159.0000000000,0.0571400000,43.2612767000,AKShare stock_zh_a_spot / 新浪
600499,科达制造,14.2200000000,13.8300000000,355842298.0000000000,25221450.0000000000,0.0282000000,3.5584229800,AKShare stock_zh_a_spot / 新浪
600500,中化国际,5.5100000000,5.0900000000,1475695573.0000000000,272479018.0000000000,0.0825100000,14.7569557300,AKShare stock_zh_a_spot / 新浪
600501,航天晨光,14.1800000000,13.9100000000,74220072.0000000000,5257567.0000000000,0.0194100000,0.7422007200,AKShare stock_zh_a_spot / 新浪
600502,安徽建工,4.4200000000,4.4700000000,90655638.0000000000,20516435.0000000000,-0.0111900000,0.9065563800,AKShare stock_zh_a_spot / 新浪
600503,华丽家族,2.1300000000,2.1800000000,50577302.0000000000,23739662.0000000000,-0.0229400000,0.5057730200,AKShare stock_zh_a_spot / 新浪
600505,西昌电力,10.4300000000,10.4400000000,41657095.0000000000,4017159.0000000000,-0.0009600000,0.4165709500,AKShare stock_zh_a_spot / 新浪
600506,统一股份,14.8200000000,14.6100000000,64902928.0000000000,4423335.0000000000,0.0143700000,0.6490292800,AKShare stock_zh_a_spot / 新浪
600507,方大特钢,4.1700000000,4.2000000000,48972966.0000000000,11730014.0000000000,-0.0071400000,0.4897296600,AKShare stock_zh_a_spot / 新浪
600508,上海能源,8.9800000000,8.8000000000,117991560.0000000000,13221592.0000000000,0.0204500000,1.1799156000,AKShare stock_zh_a_spot / 新浪
600509,天富能源,7.2900000000,7.2500000000,117401472.0000000000,16159139.0000000000,0.0055200000,1.1740147200,AKShare stock_zh_a_spot / 新浪
600510,黑牡丹,6.8500000000,6.5100000000,97264383.0000000000,14464700.0000000000,0.0522300000,0.9726438300,AKShare stock_zh_a_spot / 新浪
600511,国药股份,26.4000000000,26.8400000000,137127361.0000000000,5195106.0000000000,-0.0163900000,1.3712736100,AKShare stock_zh_a_spot / 新浪
600512,腾达建设,2.0200000000,2.0400000000,37926383.0000000000,18853828.0000000000,-0.0098000000,0.3792638300,AKShare stock_zh_a_spot / 新浪
600513,联环药业,16.6400000000,17.4500000000,277457933.0000000000,16682664.0000000000,-0.0464200000,2.7745793300,AKShare stock_zh_a_spot / 新浪
600515,海南机场,2.8100000000,2.8600000000,172611650.0000000000,61254135.0000000000,-0.0174800000,1.7261165000,AKShare stock_zh_a_spot / 新浪
600516,方大炭素,5.0800000000,5.0800000000,144743172.0000000000,28687524.0000000000,0.0000000000,1.4474317200,AKShare stock_zh_a_spot / 新浪
600517,国网英大,4.8500000000,4.9200000000,63180025.0000000000,12970750.0000000000,-0.0142300000,0.6318002500,AKShare stock_zh_a_spot / 新浪
600518,康美药业,1.3600000000,1.3900000000,204324878.0000000000,150346789.0000000000,-0.0215800000,2.0432487800,AKShare stock_zh_a_spot / 新浪
600519,贵州茅台,1272.8300000000,1291.5000000000,4278311022.0000000000,3347231.0000000000,-0.0144600000,42.7831102200,AKShare stock_zh_a_spot / 新浪
600520,三佳科技,24.6800000000,24.5500000000,112914331.0000000000,4593600.0000000000,0.0053000000,1.1291433100,AKShare stock_zh_a_spot / 新浪
600521,华海药业,16.6200000000,17.3700000000,845585091.0000000000,50559380.0000000000,-0.0431800000,8.4558509100,AKShare stock_zh_a_spot / 新浪
600522,中天科技,33.4300000000,32.8400000000,5131414273.0000000000,154790475.0000000000,0.0179700000,51.3141427300,AKShare stock_zh_a_spot / 新浪
600523,贵航股份,11.8200000000,11.6000000000,64984505.0000000000,5560500.0000000000,0.0189700000,0.6498450500,AKShare stock_zh_a_spot / 新浪
600526,菲达环保,4.6100000000,4.5900000000,56878068.0000000000,12420802.0000000000,0.0043600000,0.5687806800,AKShare stock_zh_a_spot / 新浪
600527,江南高纤,2.1500000000,2.1300000000,66188009.0000000000,31171610.0000000000,0.0093900000,0.6618800900,AKShare stock_zh_a_spot / 新浪
600528,中铁工业,6.9400000000,7.0100000000,57051405.0000000000,8221440.0000000000,-0.0099900000,0.5705140500,AKShare stock_zh_a_spot / 新浪
600529,山东药玻,18.7400000000,19.1900000000,242173672.0000000000,12846500.0000000000,-0.0234500000,2.4217367200,AKShare stock_zh_a_spot / 新浪
600531,豫光金铅,13.9000000000,13.0900000000,1237244607.0000000000,90653210.0000000000,0.0618800000,12.3724460700,AKShare stock_zh_a_spot / 新浪
600533,栖霞建设,2.1800000000,2.1700000000,26626952.0000000000,12374733.0000000000,0.0046100000,0.2662695200,AKShare stock_zh_a_spot / 新浪
600535,天士力,14.9700000000,15.4700000000,306572585.0000000000,20310094.0000000000,-0.0323200000,3.0657258500,AKShare stock_zh_a_spot / 新浪
600536,中国软件,33.9000000000,35.9500000000,1553022909.0000000000,45617666.0000000000,-0.0570200000,15.5302290900,AKShare stock_zh_a_spot / 新浪
600538,国发股份,5.2100000000,5.2800000000,46687875.0000000000,8989500.0000000000,-0.0132600000,0.4668787500,AKShare stock_zh_a_spot / 新浪
600539,狮头股份,15.1100000000,15.3600000000,449958855.0000000000,30107301.0000000000,-0.0162800000,4.4995885500,AKShare stock_zh_a_spot / 新浪
600540,新赛股份,3.9500000000,4.0700000000,119834610.0000000000,30217570.0000000000,-0.0294800000,1.1983461000,AKShare stock_zh_a_spot / 新浪
600545,卓郎智能,4.2500000000,4.1500000000,253738612.0000000000,60458898.0000000000,0.0241000000,2.5373861200,AKShare stock_zh_a_spot / 新浪
600546,山煤国际,13.2100000000,13.0800000000,287784468.0000000000,21836511.0000000000,0.0099400000,2.8778446800,AKShare stock_zh_a_spot / 新浪
600547,XD山东黄,37.0500000000,35.3000000000,5440377565.0000000000,149358676.0000000000,0.0495800000,54.4037756500,AKShare stock_zh_a_spot / 新浪
600548,深高速,8.1800000000,8.2800000000,20534147.0000000000,2499700.0000000000,-0.0120800000,0.2053414700,AKShare stock_zh_a_spot / 新浪
600549,厦门钨业,55.5800000000,53.2900000000,3300039130.0000000000,59876365.0000000000,0.0429700000,33.0003913000,AKShare stock_zh_a_spot / 新浪
600550,保变电气,11.0300000000,10.9700000000,171790567.0000000000,15619902.0000000000,0.0054700000,1.7179056700,AKShare stock_zh_a_spot / 新浪
600551,时代出版,6.8600000000,6.9800000000,35318965.0000000000,5161527.0000000000,-0.0171900000,0.3531896500,AKShare stock_zh_a_spot / 新浪
600552,凯盛科技,18.0800000000,18.0500000000,862957085.0000000000,48135129.0000000000,0.0016600000,8.6295708500,AKShare stock_zh_a_spot / 新浪
600556,天下秀,4.5800000000,4.6100000000,117972649.0000000000,25937746.0000000000,-0.0065100000,1.1797264900,AKShare stock_zh_a_spot / 新浪
600557,康缘药业,12.0600000000,12.8200000000,197222491.0000000000,16127063.0000000000,-0.0592800000,1.9722249100,AKShare stock_zh_a_spot / 新浪
600558,大西洋,4.7800000000,4.7200000000,55757583.0000000000,11824416.0000000000,0.0127100000,0.5575758300,AKShare stock_zh_a_spot / 新浪
600559,老白干酒,11.4000000000,11.6200000000,99893140.0000000000,8736383.0000000000,-0.0189300000,0.9989314000,AKShare stock_zh_a_spot / 新浪
600560,金自天正,11.1100000000,11.1000000000,17410710.0000000000,1581654.0000000000,0.0009000000,0.1741071000,AKShare stock_zh_a_spot / 新浪
600561,江西长运,5.7200000000,5.7200000000,19517048.0000000000,3459178.0000000000,0.0000000000,0.1951704800,AKShare stock_zh_a_spot / 新浪
600562,国睿科技,26.0100000000,26.0700000000,219916537.0000000000,8523813.0000000000,-0.0023000000,2.1991653700,AKShare stock_zh_a_spot / 新浪
600563,法拉电子,133.0700000000,128.5200000000,619670161.0000000000,4694931.0000000000,0.0354000000,6.1967016100,AKShare stock_zh_a_spot / 新浪
600566,济川药业,24.3900000000,25.1100000000,186035738.0000000000,7541381.0000000000,-0.0286700000,1.8603573800,AKShare stock_zh_a_spot / 新浪
600567,山鹰国际,1.3300000000,1.3300000000,34335814.0000000000,25841681.0000000000,0.0000000000,0.3433581400,AKShare stock_zh_a_spot / 新浪
600569,安阳钢铁,1.7500000000,1.7400000000,20751492.0000000000,11963635.0000000000,0.0057500000,0.2075149200,AKShare stock_zh_a_spot / 新浪
600570,恒生电子,21.3100000000,21.2500000000,372812681.0000000000,17574599.0000000000,0.0028200000,3.7281268100,AKShare stock_zh_a_spot / 新浪
600571,信雅达,10.3500000000,10.2200000000,71130016.0000000000,6950024.0000000000,0.0127200000,0.7113001600,AKShare stock_zh_a_spot / 新浪
600572,康恩贝,4.3200000000,4.5100000000,450149806.0000000000,103518394.0000000000,-0.0421300000,4.5014980600,AKShare stock_zh_a_spot / 新浪
600573,惠泉啤酒,9.7400000000,9.9200000000,62582781.0000000000,6466000.0000000000,-0.0181500000,0.6258278100,AKShare stock_zh_a_spot / 新浪
600575,淮河能源,3.2800000000,3.3200000000,94815670.0000000000,28861214.0000000000,-0.0120500000,0.9481567000,AKShare stock_zh_a_spot / 新浪
600576,祥源文旅,5.4500000000,5.4400000000,22831577.0000000000,4229355.0000000000,0.0018400000,0.2283157700,AKShare stock_zh_a_spot / 新浪
600577,精达股份,8.6600000000,7.8700000000,1025608078.0000000000,121986510.0000000000,0.1003800000,10.2560807800,AKShare stock_zh_a_spot / 新浪
600578,京能电力,5.5300000000,5.6200000000,327682252.0000000000,59410920.0000000000,-0.0160100000,3.2768225200,AKShare stock_zh_a_spot / 新浪
600579,中化装备,6.9600000000,7.0200000000,24451413.0000000000,3526079.0000000000,-0.0085500000,0.2445141300,AKShare stock_zh_a_spot / 新浪
600580,卧龙电驱,30.9200000000,31.0000000000,1292227634.0000000000,41781309.0000000000,-0.0025800000,12.9222763400,AKShare stock_zh_a_spot / 新浪
600582,天地科技,4.7700000000,4.8500000000,208971718.0000000000,43563296.0000000000,-0.0164900000,2.0897171800,AKShare stock_zh_a_spot / 新浪
600583,海油工程,6.1200000000,6.1000000000,291004030.0000000000,47421996.0000000000,0.0032800000,2.9100403000,AKShare stock_zh_a_spot / 新浪
600584,长电科技,78.5700000000,79.4800000000,7646217741.0000000000,97015960.0000000000,-0.0114500000,76.4621774100,AKShare stock_zh_a_spot / 新浪
600585,海螺水泥,17.4100000000,17.6100000000,288085668.0000000000,16530735.0000000000,-0.0113600000,2.8808566800,AKShare stock_zh_a_spot / 新浪
600586,金晶科技,4.2700000000,4.1400000000,87419614.0000000000,20728125.0000000000,0.0314000000,0.8741961400,AKShare stock_zh_a_spot / 新浪
600587,新华医疗,12.4100000000,12.7900000000,109421347.0000000000,8779217.0000000000,-0.0297100000,1.0942134700,AKShare stock_zh_a_spot / 新浪
600588,用友网络,10.7500000000,10.8800000000,389497194.0000000000,36233545.0000000000,-0.0119500000,3.8949719400,AKShare stock_zh_a_spot / 新浪
600589,大位科技,7.6800000000,7.6900000000,282560495.0000000000,37069499.0000000000,-0.0013000000,2.8256049500,AKShare stock_zh_a_spot / 新浪
600590,泰豪科技,8.2900000000,8.1800000000,153192506.0000000000,18663237.0000000000,0.0134500000,1.5319250600,AKShare stock_zh_a_spot / 新浪
600592,龙溪股份,13.9300000000,13.8100000000,59487757.0000000000,4297697.0000000000,0.0086900000,0.5948775700,AKShare stock_zh_a_spot / 新浪
600593,大连圣亚,40.1100000000,40.0600000000,116330131.0000000000,2909341.0000000000,0.0012500000,1.1633013100,AKShare stock_zh_a_spot / 新浪
600594,益佰制药,3.7200000000,3.8800000000,133683440.0000000000,35855619.0000000000,-0.0412400000,1.3368344000,AKShare stock_zh_a_spot / 新浪
600595,中孚实业,6.1900000000,5.9800000000,539088411.0000000000,88230417.0000000000,0.0351200000,5.3908841100,AKShare stock_zh_a_spot / 新浪
600596,新安股份,10.6200000000,10.5300000000,227420482.0000000000,21499990.0000000000,0.0085500000,2.2742048200,AKShare stock_zh_a_spot / 新浪
600597,光明乳业,6.6200000000,6.7700000000,62072437.0000000000,9370340.0000000000,-0.0221600000,0.6207243700,AKShare stock_zh_a_spot / 新浪
600598,北大荒,12.5200000000,13.3100000000,814911804.0000000000,64493037.0000000000,-0.0593500000,8.1491180400,AKShare stock_zh_a_spot / 新浪
600600,青岛啤酒,50.8200000000,51.4400000000,235391603.0000000000,4629694.0000000000,-0.0120500000,2.3539160300,AKShare stock_zh_a_spot / 新浪
600601,方正科技,12.4600000000,12.3200000000,1789444728.0000000000,144133187.0000000000,0.0113600000,17.8944472800,AKShare stock_zh_a_spot / 新浪
600602,云赛智联,18.3000000000,18.9700000000,593198801.0000000000,32374630.0000000000,-0.0353200000,5.9319880100,AKShare stock_zh_a_spot / 新浪
600603,广汇物流,4.6100000000,4.6800000000,58496424.0000000000,12623590.0000000000,-0.0149600000,0.5849642400,AKShare stock_zh_a_spot / 新浪
600604,市北高新,4.4900000000,4.5600000000,72277524.0000000000,16174100.0000000000,-0.0153500000,0.7227752400,AKShare stock_zh_a_spot / 新浪
600605,汇通能源,24.5500000000,24.4900000000,50821830.0000000000,2089568.0000000000,0.0024500000,0.5082183000,AKShare stock_zh_a_spot / 新浪
600606,绿地控股,1.2700000000,1.2800000000,95408235.0000000000,75571202.0000000000,-0.0078100000,0.9540823500,AKShare stock_zh_a_spot / 新浪
600609,金杯汽车,3.2100000000,3.2400000000,50606495.0000000000,15817866.0000000000,-0.0092600000,0.5060649500,AKShare stock_zh_a_spot / 新浪
600610,中毅达,7.8700000000,8.0200000000,638592446.0000000000,84092447.0000000000,-0.0187000000,6.3859244600,AKShare stock_zh_a_spot / 新浪
600611,大众交通,4.4300000000,4.4600000000,243468701.0000000000,55713069.0000000000,-0.0067300000,2.4346870100,AKShare stock_zh_a_spot / 新浪
600612,老凤祥,35.0500000000,34.9600000000,48720613.0000000000,1394500.0000000000,0.0025700000,0.4872061300,AKShare stock_zh_a_spot / 新浪
600613,神奇制药,9.0000000000,8.5600000000,1501931621.0000000000,176322147.0000000000,0.0514000000,15.0193162100,AKShare stock_zh_a_spot / 新浪
600615,鑫源智造,9.3700000000,9.3100000000,15951359.0000000000,1714280.0000000000,0.0064400000,0.1595135900,AKShare stock_zh_a_spot / 新浪
600616,金枫酒业,4.2300000000,4.3100000000,26675455.0000000000,6328792.0000000000,-0.0185600000,0.2667545500,AKShare stock_zh_a_spot / 新浪
600617,国新能源,3.3600000000,3.3500000000,76881169.0000000000,22928843.0000000000,0.0029900000,0.7688116900,AKShare stock_zh_a_spot / 新浪
600618,氯碱化工,10.1100000000,10.1100000000,47622766.0000000000,4731633.0000000000,0.0000000000,0.4762276600,AKShare stock_zh_a_spot / 新浪
600619,海立股份,13.8900000000,13.7900000000,145670064.0000000000,10540419.0000000000,0.0072500000,1.4567006400,AKShare stock_zh_a_spot / 新浪
600620,天宸股份,4.3700000000,4.4100000000,22390199.0000000000,5147571.0000000000,-0.0090700000,0.2239019900,AKShare stock_zh_a_spot / 新浪
600621,华鑫股份,12.7500000000,12.7800000000,59893936.0000000000,4715802.0000000000,-0.0023500000,0.5989393600,AKShare stock_zh_a_spot / 新浪
600622,光大嘉宝,2.2600000000,2.2600000000,54573140.0000000000,24431444.0000000000,0.0000000000,0.5457314000,AKShare stock_zh_a_spot / 新浪
600623,华谊集团,8.1700000000,8.2100000000,100986699.0000000000,12310156.0000000000,-0.0048700000,1.0098669900,AKShare stock_zh_a_spot / 新浪
600626,申达股份,3.5200000000,3.5500000000,28783112.0000000000,8192257.0000000000,-0.0084500000,0.2878311200,AKShare stock_zh_a_spot / 新浪
600628,新世界,6.1200000000,6.2400000000,48098421.0000000000,7880748.0000000000,-0.0192300000,0.4809842100,AKShare stock_zh_a_spot / 新浪
600629,华建集团,16.6000000000,16.5500000000,424327227.0000000000,26053338.0000000000,0.0030200000,4.2432722700,AKShare stock_zh_a_spot / 新浪
600630,龙头股份,6.6600000000,6.6500000000,43823308.0000000000,6636236.0000000000,0.0015000000,0.4382330800,AKShare stock_zh_a_spot / 新浪
600633,浙数文化,10.1600000000,10.2100000000,99565113.0000000000,9820400.0000000000,-0.0049000000,0.9956511300,AKShare stock_zh_a_spot / 新浪
600635,大众公用,4.4900000000,4.4900000000,100385048.0000000000,22329528.0000000000,0.0000000000,1.0038504800,AKShare stock_zh_a_spot / 新浪
600637,东方明珠,7.9800000000,7.9700000000,154100020.0000000000,19447792.0000000000,0.0012500000,1.5410002000,AKShare stock_zh_a_spot / 新浪
600638,新黄浦,4.8800000000,4.9700000000,67195966.0000000000,13869285.0000000000,-0.0181100000,0.6719596600,AKShare stock_zh_a_spot / 新浪
600639,浦东金桥,9.3400000000,9.5600000000,55609878.0000000000,5952175.0000000000,-0.0230100000,0.5560987800,AKShare stock_zh_a_spot / 新浪
600640,国脉文化,10.6300000000,10.6000000000,45477062.0000000000,4315605.0000000000,0.0028300000,0.4547706200,AKShare stock_zh_a_spot / 新浪
600641,先导基电,32.5500000000,32.8400000000,1789950500.0000000000,54328008.0000000000,-0.0088300000,17.8995050000,AKShare stock_zh_a_spot / 新浪
600642,申能股份,8.3400000000,8.4900000000,157688695.0000000000,18774098.0000000000,-0.0176700000,1.5768869500,AKShare stock_zh_a_spot / 新浪
600643,爱建集团,3.9300000000,3.9200000000,44687805.0000000000,11434265.0000000000,0.0025500000,0.4468780500,AKShare stock_zh_a_spot / 新浪
600644,乐山电力,8.6900000000,8.8700000000,112687333.0000000000,12953186.0000000000,-0.0202900000,1.1268733300,AKShare stock_zh_a_spot / 新浪
600645,中源协和,20.0300000000,21.0800000000,393671684.0000000000,19622475.0000000000,-0.0498100000,3.9367168400,AKShare stock_zh_a_spot / 新浪
600648,外高桥,8.9900000000,9.0900000000,21807127.0000000000,2436497.0000000000,-0.0110000000,0.2180712700,AKShare stock_zh_a_spot / 新浪
600649,城投控股,3.8800000000,4.1600000000,358708853.0000000000,91606241.0000000000,-0.0673100000,3.5870885300,AKShare stock_zh_a_spot / 新浪
600650,锦江在线,10.3400000000,10.3600000000,17229499.0000000000,1678400.0000000000,-0.0019300000,0.1722949900,AKShare stock_zh_a_spot / 新浪
600651,飞乐音响,5.7000000000,5.6900000000,62442299.0000000000,10988167.0000000000,0.0017600000,0.6244229900,AKShare stock_zh_a_spot / 新浪
600653,申华控股,1.6700000000,1.6600000000,32069816.0000000000,19322756.0000000000,0.0060200000,0.3206981600,AKShare stock_zh_a_spot / 新浪
600654,中安科,2.8500000000,2.8500000000,87431615.0000000000,30902699.0000000000,0.0000000000,0.8743161500,AKShare stock_zh_a_spot / 新浪
600655,豫园股份,4.5000000000,4.6100000000,76874822.0000000000,16999483.0000000000,-0.0238600000,0.7687482200,AKShare stock_zh_a_spot / 新浪
600657,信达地产,2.5900000000,2.6800000000,107930308.0000000000,42124342.0000000000,-0.0335800000,1.0793030800,AKShare stock_zh_a_spot / 新浪
600658,电子城,4.0000000000,4.0100000000,41343943.0000000000,10496551.0000000000,-0.0024900000,0.4134394300,AKShare stock_zh_a_spot / 新浪
600660,福耀玻璃,56.7600000000,57.8200000000,438226014.0000000000,7655998.0000000000,-0.0183300000,4.3822601400,AKShare stock_zh_a_spot / 新浪
600661,昂立教育,8.5200000000,8.7900000000,53005937.0000000000,6197646.0000000000,-0.0307200000,0.5300593700,AKShare stock_zh_a_spot / 新浪
600662,外服控股,4.1100000000,4.2800000000,102577820.0000000000,25061330.0000000000,-0.0397200000,1.0257782000,AKShare stock_zh_a_spot / 新浪
600663,陆家嘴,9.3700000000,9.5500000000,135203670.0000000000,14392827.0000000000,-0.0188500000,1.3520367000,AKShare stock_zh_a_spot / 新浪
600664,哈药股份,8.1700000000,9.0800000000,3679904452.0000000000,448660775.0000000000,-0.1002200000,36.7990445200,AKShare stock_zh_a_spot / 新浪
600665,天地源,3.4400000000,3.4400000000,33580167.0000000000,9907890.0000000000,0.0000000000,0.3358016700,AKShare stock_zh_a_spot / 新浪
600666,奥瑞德,3.4800000000,3.5100000000,264439337.0000000000,76403247.0000000000,-0.0085500000,2.6443933700,AKShare stock_zh_a_spot / 新浪
600667,太极实业,21.4400000000,21.2100000000,4181014946.0000000000,194789990.0000000000,0.0108400000,41.8101494600,AKShare stock_zh_a_spot / 新浪
600668,尖峰集团,7.3300000000,7.4800000000,36378976.0000000000,4979072.0000000000,-0.0200500000,0.3637897600,AKShare stock_zh_a_spot / 新浪
600671,天目药业,20.5100000000,21.0500000000,38531543.0000000000,1882201.0000000000,-0.0256500000,0.3853154300,AKShare stock_zh_a_spot / 新浪
600673,东阳光,33.7400000000,33.6800000000,717673978.0000000000,21399369.0000000000,0.0017800000,7.1767397800,AKShare stock_zh_a_spot / 新浪
600674,川投能源,15.2500000000,15.5000000000,243724148.0000000000,15863347.0000000000,-0.0161300000,2.4372414800,AKShare stock_zh_a_spot / 新浪
600675,中华企业,2.2100000000,2.3000000000,120138337.0000000000,54473895.0000000000,-0.0391300000,1.2013833700,AKShare stock_zh_a_spot / 新浪
600676,久事动娱,6.6000000000,6.5900000000,35318975.0000000000,5389900.0000000000,0.0015200000,0.3531897500,AKShare stock_zh_a_spot / 新浪
600679,上海凤凰,9.3900000000,9.4900000000,16357334.0000000000,1747400.0000000000,-0.0105400000,0.1635733400,AKShare stock_zh_a_spot / 新浪
600681,百川能源,3.4200000000,3.4300000000,46139802.0000000000,13508977.0000000000,-0.0029200000,0.4613980200,AKShare stock_zh_a_spot / 新浪
600682,南京新百,5.6600000000,5.9200000000,132602751.0000000000,23272302.0000000000,-0.0439200000,1.3260275100,AKShare stock_zh_a_spot / 新浪
600683,京投发展,10.0100000000,10.6500000000,523768261.0000000000,51865895.0000000000,-0.0600900000,5.2376826100,AKShare stock_zh_a_spot / 新浪
600684,珠江股份,3.4600000000,3.5000000000,50018141.0000000000,14634569.0000000000,-0.0114300000,0.5001814100,AKShare stock_zh_a_spot / 新浪
600685,中船防务,25.5900000000,25.2900000000,152707381.0000000000,6008860.0000000000,0.0118600000,1.5270738100,AKShare stock_zh_a_spot / 新浪
600686,金龙汽车,11.0300000000,11.1100000000,99335383.0000000000,9039300.0000000000,-0.0072000000,0.9933538300,AKShare stock_zh_a_spot / 新浪
600688,上海石化,2.8300000000,2.8100000000,163087817.0000000000,57842962.0000000000,0.0071200000,1.6308781700,AKShare stock_zh_a_spot / 新浪
600689,上海三毛,10.7900000000,10.7200000000,28450702.0000000000,2668800.0000000000,0.0065300000,0.2845070200,AKShare stock_zh_a_spot / 新浪
600690,XD海尔智,20.8600000000,20.9000000000,826106868.0000000000,39463127.0000000000,-0.0019100000,8.2610686800,AKShare stock_zh_a_spot / 新浪
600691,潞化科技,2.5600000000,2.5100000000,96665707.0000000000,38328565.0000000000,0.0199200000,0.9666570700,AKShare stock_zh_a_spot / 新浪
600692,亚通股份,6.3000000000,6.4900000000,74340657.0000000000,11767700.0000000000,-0.0292800000,0.7434065700,AKShare stock_zh_a_spot / 新浪
600693,东百集团,8.9500000000,8.9500000000,298098131.0000000000,33793145.0000000000,0.0000000000,2.9809813100,AKShare stock_zh_a_spot / 新浪
600694,大商股份,14.3600000000,14.5500000000,50040331.0000000000,3480271.0000000000,-0.0130600000,0.5004033100,AKShare stock_zh_a_spot / 新浪
600697,欧亚集团,10.6800000000,10.7600000000,27490616.0000000000,2592500.0000000000,-0.0074300000,0.2749061600,AKShare stock_zh_a_spot / 新浪
600698,湖南天雁,6.5800000000,6.6400000000,69599421.0000000000,10705700.0000000000,-0.0090400000,0.6959942100,AKShare stock_zh_a_spot / 新浪
600699,均胜电子,19.4200000000,19.3100000000,254738513.0000000000,13209491.0000000000,0.0057000000,2.5473851300,AKShare stock_zh_a_spot / 新浪
600702,舍得酒业,34.9200000000,35.2800000000,142420490.0000000000,4092000.0000000000,-0.0102000000,1.4242049000,AKShare stock_zh_a_spot / 新浪
600703,三安光电,13.7900000000,13.7500000000,1513699531.0000000000,110000948.0000000000,0.0029100000,15.1369953100,AKShare stock_zh_a_spot / 新浪
600704,物产中大,4.8500000000,4.8900000000,158488616.0000000000,32682328.0000000000,-0.0081800000,1.5848861600,AKShare stock_zh_a_spot / 新浪
600706,曲江文旅,7.8800000000,7.9400000000,35884138.0000000000,4586805.0000000000,-0.0075600000,0.3588413800,AKShare stock_zh_a_spot / 新浪
600707,彩虹股份,9.7600000000,9.7900000000,1191940185.0000000000,122056321.0000000000,-0.0030600000,11.9194018500,AKShare stock_zh_a_spot / 新浪
600708,光明地产,3.0400000000,3.0800000000,45211760.0000000000,14955785.0000000000,-0.0129900000,0.4521176000,AKShare stock_zh_a_spot / 新浪
600710,苏美达,10.1600000000,10.2100000000,69659546.0000000000,6876745.0000000000,-0.0049000000,0.6965954600,AKShare stock_zh_a_spot / 新浪
600711,盛屯矿业,12.1000000000,11.6400000000,1525455537.0000000000,128337739.0000000000,0.0395200000,15.2545553700,AKShare stock_zh_a_spot / 新浪
600712,南宁百货,5.2300000000,5.3700000000,53660518.0000000000,10255972.0000000000,-0.0260700000,0.5366051800,AKShare stock_zh_a_spot / 新浪
600713,南京医药,5.2000000000,5.3700000000,105238716.0000000000,20216853.0000000000,-0.0316600000,1.0523871600,AKShare stock_zh_a_spot / 新浪
600714,金瑞矿业,15.6300000000,14.7500000000,432524128.0000000000,27810100.0000000000,0.0596600000,4.3252412800,AKShare stock_zh_a_spot / 新浪
600715,文投控股,1.5700000000,1.5700000000,27105526.0000000000,17459788.0000000000,0.0000000000,0.2710552600,AKShare stock_zh_a_spot / 新浪
600716,凤凰股份,3.5300000000,3.5600000000,17431690.0000000000,4969700.0000000000,-0.0084300000,0.1743169000,AKShare stock_zh_a_spot / 新浪
600717,天津港,4.2300000000,4.2700000000,70814677.0000000000,16750653.0000000000,-0.0093700000,0.7081467700,AKShare stock_zh_a_spot / 新浪
600718,东软集团,8.0700000000,8.1300000000,45853489.0000000000,5678015.0000000000,-0.0073800000,0.4585348900,AKShare stock_zh_a_spot / 新浪
600719,大连热电,7.0400000000,7.0500000000,49346187.0000000000,7050300.0000000000,-0.0014200000,0.4934618700,AKShare stock_zh_a_spot / 新浪
600720,中交设计,5.0900000000,5.2300000000,56860391.0000000000,11154450.0000000000,-0.0267700000,0.5686039100,AKShare stock_zh_a_spot / 新浪
600721,百花医药,13.2500000000,13.6600000000,1409860145.0000000000,109011101.0000000000,-0.0300100000,14.0986014500,AKShare stock_zh_a_spot / 新浪
600722,金牛化工,14.1500000000,13.2400000000,2008878058.0000000000,148848068.0000000000,0.0687300000,20.0887805800,AKShare stock_zh_a_spot / 新浪
600724,宁波富达,5.0300000000,5.0700000000,29740052.0000000000,5969251.0000000000,-0.0078900000,0.2974005200,AKShare stock_zh_a_spot / 新浪
600725,云维股份,3.1700000000,3.1600000000,43663342.0000000000,13836740.0000000000,0.0031600000,0.4366334200,AKShare stock_zh_a_spot / 新浪
600726,华电能源,5.5800000000,5.6500000000,411004636.0000000000,73742732.0000000000,-0.0123900000,4.1100463600,AKShare stock_zh_a_spot / 新浪
600727,鲁北化工,7.4300000000,7.3700000000,84981479.0000000000,11574600.0000000000,0.0081400000,0.8498147900,AKShare stock_zh_a_spot / 新浪
600728,佳都科技,4.5800000000,4.5800000000,106224279.0000000000,23334900.0000000000,0.0000000000,1.0622427900,AKShare stock_zh_a_spot / 新浪
600729,重百集团,19.0300000000,19.4500000000,51252156.0000000000,2682600.0000000000,-0.0215900000,0.5125215600,AKShare stock_zh_a_spot / 新浪
600731,湖南海利,5.8500000000,5.9200000000,34111007.0000000000,5868730.0000000000,-0.0118200000,0.3411100700,AKShare stock_zh_a_spot / 新浪
600732,爱旭股份,11.8200000000,11.7600000000,201384000.0000000000,17058959.0000000000,0.0051000000,2.0138400000,AKShare stock_zh_a_spot / 新浪
600733,北汽蓝谷,5.0600000000,5.2100000000,400513820.0000000000,79722300.0000000000,-0.0287900000,4.0051382000,AKShare stock_zh_a_spot / 新浪
600736,苏州高新,6.6700000000,6.7600000000,116937854.0000000000,17621034.0000000000,-0.0133100000,1.1693785400,AKShare stock_zh_a_spot / 新浪
600737,中粮糖业,14.5600000000,15.8500000000,1517422100.0000000000,102973376.0000000000,-0.0813900000,15.1742210000,AKShare stock_zh_a_spot / 新浪
600738,丽尚国潮,4.0000000000,4.0900000000,69921338.0000000000,17452466.0000000000,-0.0220000000,0.6992133800,AKShare stock_zh_a_spot / 新浪
600739,辽宁成大,10.6600000000,10.9600000000,254012959.0000000000,23755396.0000000000,-0.0273700000,2.5401295900,AKShare stock_zh_a_spot / 新浪
600740,山西焦化,3.6100000000,3.5800000000,175725745.0000000000,49093797.0000000000,0.0083800000,1.7572574500,AKShare stock_zh_a_spot / 新浪
600741,华域汽车,15.2600000000,15.4500000000,155131474.0000000000,10152285.0000000000,-0.0123000000,1.5513147400,AKShare stock_zh_a_spot / 新浪
600742,富维股份,7.5500000000,7.5700000000,21432845.0000000000,2843297.0000000000,-0.0026400000,0.2143284500,AKShare stock_zh_a_spot / 新浪
600743,华远控股,2.2300000000,2.2600000000,46415477.0000000000,21004800.0000000000,-0.0132700000,0.4641547700,AKShare stock_zh_a_spot / 新浪
600744,华银电力,6.3900000000,6.3900000000,325019701.0000000000,51110601.0000000000,0.0000000000,3.2501970100,AKShare stock_zh_a_spot / 新浪
600746,江苏索普,6.5900000000,6.5700000000,58238272.0000000000,8914356.0000000000,0.0030400000,0.5823827200,AKShare stock_zh_a_spot / 新浪
600748,上实发展,3.8800000000,3.8800000000,48242894.0000000000,12655883.0000000000,0.0000000000,0.4824289400,AKShare stock_zh_a_spot / 新浪
600749,西藏旅游,13.7100000000,13.7500000000,53803872.0000000000,3952495.0000000000,-0.0029100000,0.5380387200,AKShare stock_zh_a_spot / 新浪
600750,华润江中,24.6200000000,24.2000000000,160994442.0000000000,6634102.0000000000,0.0173600000,1.6099444200,AKShare stock_zh_a_spot / 新浪
600751,海航科技,3.1600000000,3.1700000000,54726590.0000000000,17308100.0000000000,-0.0031500000,0.5472659000,AKShare stock_zh_a_spot / 新浪
600754,锦江酒店,18.9800000000,19.2400000000,157024365.0000000000,8264802.0000000000,-0.0135100000,1.5702436500,AKShare stock_zh_a_spot / 新浪
600755,厦门国贸,5.6500000000,5.6800000000,40494844.0000000000,7183800.0000000000,-0.0052800000,0.4049484400,AKShare stock_zh_a_spot / 新浪
600756,浪潮软件,14.2300000000,14.4200000000,166290455.0000000000,11799122.0000000000,-0.0131800000,1.6629045500,AKShare stock_zh_a_spot / 新浪
600757,长江传媒,7.5400000000,7.7100000000,54561352.0000000000,7193400.0000000000,-0.0220500000,0.5456135200,AKShare stock_zh_a_spot / 新浪
600758,辽宁能源,3.3400000000,3.3500000000,256951592.0000000000,77764900.0000000000,-0.0029900000,2.5695159200,AKShare stock_zh_a_spot / 新浪
600760,中航沈飞,44.0500000000,43.5000000000,558912464.0000000000,12668995.0000000000,0.0126400000,5.5891246400,AKShare stock_zh_a_spot / 新浪
600761,安徽合力,16.5100000000,16.5500000000,96382373.0000000000,5841643.0000000000,-0.0024200000,0.9638237300,AKShare stock_zh_a_spot / 新浪
600763,通策医疗,35.3700000000,36.5400000000,409592906.0000000000,11556007.0000000000,-0.0320200000,4.0959290600,AKShare stock_zh_a_spot / 新浪
600764,中国海防,17.4000000000,17.4000000000,46674880.0000000000,2692273.0000000000,0.0000000000,0.4667488000,AKShare stock_zh_a_spot / 新浪
600765,中航重机,13.1000000000,13.0900000000,101481218.0000000000,7780603.0000000000,0.0007600000,1.0148121800,AKShare stock_zh_a_spot / 新浪
600768,富邦新材,15.2100000000,14.9500000000,61171811.0000000000,4072700.0000000000,0.0173900000,0.6117181100,AKShare stock_zh_a_spot / 新浪
600769,祥龙电业,15.3500000000,15.1800000000,108887620.0000000000,7093600.0000000000,0.0112000000,1.0888762000,AKShare stock_zh_a_spot / 新浪
600770,综艺股份,5.0700000000,5.0300000000,74521974.0000000000,14803000.0000000000,0.0079500000,0.7452197400,AKShare stock_zh_a_spot / 新浪
600771,广誉远,13.4400000000,13.9200000000,135339835.0000000000,10007901.0000000000,-0.0344800000,1.3533983500,AKShare stock_zh_a_spot / 新浪
600773,西藏城投,11.2000000000,10.6700000000,313378986.0000000000,28548256.0000000000,0.0496700000,3.1337898600,AKShare stock_zh_a_spot / 新浪
600774,汉商集团,7.3200000000,7.3900000000,33698432.0000000000,4658300.0000000000,-0.0094700000,0.3369843200,AKShare stock_zh_a_spot / 新浪
600775,南京熊猫,9.3900000000,9.4600000000,76678132.0000000000,8198773.0000000000,-0.0074000000,0.7667813200,AKShare stock_zh_a_spot / 新浪
600776,东方通信,12.5400000000,12.3800000000,111371215.0000000000,8906262.0000000000,0.0129200000,1.1137121500,AKShare stock_zh_a_spot / 新浪
600777,新潮能源,4.1100000000,4.1000000000,94502176.0000000000,22778360.0000000000,0.0024400000,0.9450217600,AKShare stock_zh_a_spot / 新浪
600778,友好集团,5.5500000000,5.5600000000,28936371.0000000000,5270800.0000000000,-0.0018000000,0.2893637100,AKShare stock_zh_a_spot / 新浪
600779,水井坊,26.8800000000,27.1800000000,40672337.0000000000,1514300.0000000000,-0.0110400000,0.4067233700,AKShare stock_zh_a_spot / 新浪
600780,通宝能源,5.7900000000,5.8200000000,36613724.0000000000,6327989.0000000000,-0.0051500000,0.3661372400,AKShare stock_zh_a_spot / 新浪
600782,新钢股份,2.7300000000,2.7200000000,87019921.0000000000,32138800.0000000000,0.0036800000,0.8701992100,AKShare stock_zh_a_spot / 新浪
600783,鲁信创投,17.1000000000,18.6200000000,563918054.0000000000,32331501.0000000000,-0.0816300000,5.6391805400,AKShare stock_zh_a_spot / 新浪
600784,鲁银投资,7.7800000000,7.8600000000,61714263.0000000000,7887920.0000000000,-0.0101800000,0.6171426300,AKShare stock_zh_a_spot / 新浪
600785,新华百货,9.7400000000,8.8500000000,49663325.0000000000,5098904.0000000000,0.1005600000,0.4966332500,AKShare stock_zh_a_spot / 新浪
600787,中储股份,4.5100000000,4.5700000000,62548495.0000000000,13870377.0000000000,-0.0131300000,0.6254849500,AKShare stock_zh_a_spot / 新浪
600789,鲁抗医药,7.3300000000,7.6900000000,337727519.0000000000,45745775.0000000000,-0.0468100000,3.3772751900,AKShare stock_zh_a_spot / 新浪
600790,轻纺城,3.3300000000,3.3800000000,37514591.0000000000,11335003.0000000000,-0.0147900000,0.3751459100,AKShare stock_zh_a_spot / 新浪
600791,京能置业,7.4800000000,7.4000000000,78437776.0000000000,10607600.0000000000,0.0108100000,0.7843777600,AKShare stock_zh_a_spot / 新浪
600792,云煤能源,3.6600000000,3.6000000000,97224832.0000000000,26857450.0000000000,0.0166700000,0.9722483200,AKShare stock_zh_a_spot / 新浪
600793,宜宾纸业,14.2100000000,14.3300000000,71638733.0000000000,5102006.0000000000,-0.0083700000,0.7163873300,AKShare stock_zh_a_spot / 新浪
600794,保税科技,3.1500000000,3.1900000000,48585766.0000000000,15498044.0000000000,-0.0125400000,0.4858576600,AKShare stock_zh_a_spot / 新浪
600795,国电电力,5.1100000000,5.1600000000,617826073.0000000000,119939052.0000000000,-0.0096900000,6.1782607300,AKShare stock_zh_a_spot / 新浪
600796,钱江生化,5.0800000000,5.1400000000,28225520.0000000000,5592588.0000000000,-0.0116700000,0.2822552000,AKShare stock_zh_a_spot / 新浪
600797,浙大网新,6.7600000000,6.8100000000,84290441.0000000000,12562614.0000000000,-0.0073400000,0.8429044100,AKShare stock_zh_a_spot / 新浪
600798,宁波海运,3.3400000000,3.2900000000,102289085.0000000000,30959701.0000000000,0.0152000000,1.0228908500,AKShare stock_zh_a_spot / 新浪
600800,渤海化学,3.3700000000,3.3000000000,91598974.0000000000,27478743.0000000000,0.0212100000,0.9159897400,AKShare stock_zh_a_spot / 新浪
600801,华新建材,23.1800000000,22.7700000000,224449129.0000000000,9803323.0000000000,0.0180100000,2.2444912900,AKShare stock_zh_a_spot / 新浪
600802,福建水泥,4.6000000000,4.5900000000,25944550.0000000000,5677680.0000000000,0.0021800000,0.2594455000,AKShare stock_zh_a_spot / 新浪
600803,新奥股份,17.5100000000,17.6200000000,115380022.0000000000,6563348.0000000000,-0.0062400000,1.1538002200,AKShare stock_zh_a_spot / 新浪
600805,悦达投资,4.4700000000,4.4200000000,36767931.0000000000,8294370.0000000000,0.0113100000,0.3676793100,AKShare stock_zh_a_spot / 新浪
600807,济高发展,2.6200000000,2.6000000000,35276726.0000000000,13613289.0000000000,0.0076900000,0.3527672600,AKShare stock_zh_a_spot / 新浪
600808,马钢股份,2.5100000000,2.5100000000,95556694.0000000000,38454647.0000000000,0.0000000000,0.9555669400,AKShare stock_zh_a_spot / 新浪
600809,山西汾酒,116.5500000000,118.5000000000,527450148.0000000000,4519369.0000000000,-0.0164600000,5.2745014800,AKShare stock_zh_a_spot / 新浪
600810,神马股份,6.2600000000,6.2000000000,40439793.0000000000,6530650.0000000000,0.0096800000,0.4043979300,AKShare stock_zh_a_spot / 新浪
600812,华北制药,4.9100000000,5.1400000000,152261619.0000000000,30827784.0000000000,-0.0447500000,1.5226161900,AKShare stock_zh_a_spot / 新浪
600814,杭州解百,6.6700000000,6.7500000000,29574031.0000000000,4439964.0000000000,-0.0118500000,0.2957403100,AKShare stock_zh_a_spot / 新浪
600815,厦工股份,3.9200000000,3.9100000000,216024035.0000000000,55329459.0000000000,0.0025600000,2.1602403500,AKShare stock_zh_a_spot / 新浪
600816,建元信托,2.4600000000,2.4800000000,103694333.0000000000,42230602.0000000000,-0.0080600000,1.0369433300,AKShare stock_zh_a_spot / 新浪
600817,宇通重工,9.5400000000,9.5300000000,17896770.0000000000,1881405.0000000000,0.0010500000,0.1789677000,AKShare stock_zh_a_spot / 新浪
600819,耀皮玻璃,5.5100000000,5.4500000000,34276141.0000000000,6265009.0000000000,0.0110100000,0.3427614100,AKShare stock_zh_a_spot / 新浪
600820,隧道股份,5.3000000000,5.4100000000,105436637.0000000000,19839566.0000000000,-0.0203300000,1.0543663700,AKShare stock_zh_a_spot / 新浪
600821,金开新能,5.9300000000,5.9600000000,225133958.0000000000,37988855.0000000000,-0.0050300000,2.2513395800,AKShare stock_zh_a_spot / 新浪
600822,上海物贸,8.3000000000,8.3600000000,16807960.0000000000,2037700.0000000000,-0.0071800000,0.1680796000,AKShare stock_zh_a_spot / 新浪
600824,益民集团,3.5500000000,3.6300000000,74738528.0000000000,20989152.0000000000,-0.0220400000,0.7473852800,AKShare stock_zh_a_spot / 新浪
600825,新华传媒,4.9400000000,4.9500000000,32177386.0000000000,6555660.0000000000,-0.0020200000,0.3217738600,AKShare stock_zh_a_spot / 新浪
600826,兰生股份,7.8800000000,7.8700000000,26343239.0000000000,3388308.0000000000,0.0012700000,0.2634323900,AKShare stock_zh_a_spot / 新浪
600827,百联股份,7.4600000000,7.5900000000,92654694.0000000000,12404031.0000000000,-0.0171300000,0.9265469400,AKShare stock_zh_a_spot / 新浪
600828,茂业商业,3.9400000000,3.9300000000,43435134.0000000000,11118113.0000000000,0.0025400000,0.4343513400,AKShare stock_zh_a_spot / 新浪
600829,人民同泰,9.6200000000,10.2700000000,370576934.0000000000,38220723.0000000000,-0.0632900000,3.7057693400,AKShare stock_zh_a_spot / 新浪
600830,香溢融通,8.1400000000,8.1200000000,27316724.0000000000,3394711.0000000000,0.0024600000,0.2731672400,AKShare stock_zh_a_spot / 新浪
600831,广电网络,3.3700000000,3.3200000000,44517530.0000000000,13437900.0000000000,0.0150600000,0.4451753000,AKShare stock_zh_a_spot / 新浪
600833,第一医药,10.5800000000,11.0400000000,101057882.0000000000,9503221.0000000000,-0.0416700000,1.0105788200,AKShare stock_zh_a_spot / 新浪
600834,申通地铁,7.3600000000,7.5600000000,33778485.0000000000,4585292.0000000000,-0.0264600000,0.3377848500,AKShare stock_zh_a_spot / 新浪
600835,上海机电,18.2600000000,18.2300000000,48828457.0000000000,2672500.0000000000,0.0016500000,0.4882845700,AKShare stock_zh_a_spot / 新浪
600838,上海九百,7.4200000000,7.5100000000,53743646.0000000000,7273129.0000000000,-0.0119800000,0.5374364600,AKShare stock_zh_a_spot / 新浪
600839,四川长虹,6.8300000000,6.9600000000,392635830.0000000000,57444974.0000000000,-0.0186800000,3.9263583000,AKShare stock_zh_a_spot / 新浪
600841,动力新科,5.6600000000,5.6600000000,47599407.0000000000,8458906.0000000000,0.0000000000,0.4759940700,AKShare stock_zh_a_spot / 新浪
600843,上工申贝,6.9200000000,6.8600000000,31742397.0000000000,4630956.0000000000,0.0087500000,0.3174239700,AKShare stock_zh_a_spot / 新浪
600844,金煤科技,3.5300000000,3.5200000000,154035879.0000000000,44049700.0000000000,0.0028400000,1.5403587900,AKShare stock_zh_a_spot / 新浪
600845,宝信软件,17.3500000000,17.6900000000,200879941.0000000000,11551671.0000000000,-0.0192200000,2.0087994100,AKShare stock_zh_a_spot / 新浪
600846,同济科技,11.4700000000,11.9600000000,55329806.0000000000,4786727.0000000000,-0.0409700000,0.5532980600,AKShare stock_zh_a_spot / 新浪
600847,万里股份,12.8400000000,12.7400000000,23766770.0000000000,1861513.0000000000,0.0078500000,0.2376677000,AKShare stock_zh_a_spot / 新浪
600848,上海临港,8.4200000000,8.5000000000,61127826.0000000000,7298080.0000000000,-0.0094100000,0.6112782600,AKShare stock_zh_a_spot / 新浪
600850,电科数字,14.3800000000,14.3000000000,87794868.0000000000,6144392.0000000000,0.0055900000,0.8779486800,AKShare stock_zh_a_spot / 新浪
600851,海欣股份,8.7600000000,8.9600000000,239807028.0000000000,27773600.0000000000,-0.0223200000,2.3980702800,AKShare stock_zh_a_spot / 新浪
600853,龙建股份,3.2500000000,3.3000000000,46067941.0000000000,14284410.0000000000,-0.0151500000,0.4606794100,AKShare stock_zh_a_spot / 新浪
600854,春兰股份,4.5500000000,4.5300000000,27781420.0000000000,6161300.0000000000,0.0044200000,0.2778142000,AKShare stock_zh_a_spot / 新浪
600855,航天长峰,11.9200000000,11.9200000000,55668790.0000000000,4670029.0000000000,0.0000000000,0.5566879000,AKShare stock_zh_a_spot / 新浪
600857,宁波中百,20.8400000000,20.2500000000,152304630.0000000000,7466233.0000000000,0.0291400000,1.5230463000,AKShare stock_zh_a_spot / 新浪
600858,银座股份,4.8600000000,4.9500000000,33085115.0000000000,6837197.0000000000,-0.0181800000,0.3308511500,AKShare stock_zh_a_spot / 新浪
600859,王府井,9.6800000000,9.9000000000,119546483.0000000000,12320419.0000000000,-0.0222200000,1.1954648300,AKShare stock_zh_a_spot / 新浪
600860,京城股份,8.3000000000,8.2900000000,37742406.0000000000,4595002.0000000000,0.0012100000,0.3774240600,AKShare stock_zh_a_spot / 新浪
600861,北京人力,12.9000000000,13.1600000000,29193266.0000000000,2259593.0000000000,-0.0197600000,0.2919326600,AKShare stock_zh_a_spot / 新浪
600862,中航高科,17.3800000000,17.3700000000,113108332.0000000000,6525174.0000000000,0.0005800000,1.1310833200,AKShare stock_zh_a_spot / 新浪
600863,华能蒙电,4.6100000000,4.7500000000,440285058.0000000000,95169466.0000000000,-0.0294700000,4.4028505800,AKShare stock_zh_a_spot / 新浪
600864,哈投股份,5.3700000000,5.3100000000,163852697.0000000000,30753602.0000000000,0.0113000000,1.6385269700,AKShare stock_zh_a_spot / 新浪
600865,百大集团,8.5600000000,8.6800000000,38575978.0000000000,4532700.0000000000,-0.0138200000,0.3857597800,AKShare stock_zh_a_spot / 新浪
600866,星湖科技,4.2500000000,4.4600000000,184131207.0000000000,43171749.0000000000,-0.0470900000,1.8413120700,AKShare stock_zh_a_spot / 新浪
600867,通化东宝,8.1100000000,8.5000000000,398562383.0000000000,48817233.0000000000,-0.0458800000,3.9856238300,AKShare stock_zh_a_spot / 新浪
600868,梅雁吉祥,2.7300000000,2.7100000000,93459781.0000000000,34427122.0000000000,0.0073800000,0.9345978100,AKShare stock_zh_a_spot / 新浪
600869,远东股份,16.9200000000,16.6000000000,3598340517.0000000000,216341080.0000000000,0.0192800000,35.9834051700,AKShare stock_zh_a_spot / 新浪
600871,石化油服,2.2200000000,2.2200000000,289862343.0000000000,129309900.0000000000,0.0000000000,2.8986234300,AKShare stock_zh_a_spot / 新浪
600872,中炬高新,18.3700000000,18.7300000000,194241154.0000000000,10547813.0000000000,-0.0192200000,1.9424115400,AKShare stock_zh_a_spot / 新浪
600873,梅花生物,7.7600000000,7.8500000000,191621145.0000000000,24739008.0000000000,-0.0114600000,1.9162114500,AKShare stock_zh_a_spot / 新浪
600874,创业环保,5.5700000000,5.6400000000,32410809.0000000000,5827625.0000000000,-0.0124100000,0.3241080900,AKShare stock_zh_a_spot / 新浪
600875,东方电气,26.2300000000,25.6800000000,686632368.0000000000,26460019.0000000000,0.0214200000,6.8663236800,AKShare stock_zh_a_spot / 新浪
600876,凯盛新能,7.1200000000,7.0300000000,19817905.0000000000,2804434.0000000000,0.0128000000,0.1981790500,AKShare stock_zh_a_spot / 新浪
600877,电科芯片,12.2400000000,12.1900000000,103190414.0000000000,8452892.0000000000,0.0041000000,1.0319041400,AKShare stock_zh_a_spot / 新浪
600879,航天电子,14.5600000000,14.3800000000,870547421.0000000000,59997840.0000000000,0.0125200000,8.7054742100,AKShare stock_zh_a_spot / 新浪
600880,博瑞传播,3.8300000000,3.8500000000,38197544.0000000000,10051821.0000000000,-0.0051900000,0.3819754400,AKShare stock_zh_a_spot / 新浪
600881,亚泰集团,1.9600000000,1.9900000000,398567513.0000000000,204159029.0000000000,-0.0150800000,3.9856751300,AKShare stock_zh_a_spot / 新浪
600882,妙可蓝多,20.1700000000,20.8500000000,116814329.0000000000,5746150.0000000000,-0.0326100000,1.1681432900,AKShare stock_zh_a_spot / 新浪
600883,博闻科技,7.8100000000,7.8400000000,33213222.0000000000,4296200.0000000000,-0.0038300000,0.3321322200,AKShare stock_zh_a_spot / 新浪
600884,杉杉股份,11.9300000000,11.6500000000,501407340.0000000000,42502639.0000000000,0.0240300000,5.0140734000,AKShare stock_zh_a_spot / 新浪
600885,宏发股份,35.1400000000,34.8400000000,418870856.0000000000,11928011.0000000000,0.0086100000,4.1887085600,AKShare stock_zh_a_spot / 新浪
600886,国投电力,13.7600000000,13.9400000000,306310209.0000000000,22173414.0000000000,-0.0129100000,3.0631020900,AKShare stock_zh_a_spot / 新浪
600887,伊利股份,25.4000000000,25.5200000000,1099774054.0000000000,43318241.0000000000,-0.0047000000,10.9977405400,AKShare stock_zh_a_spot / 新浪
600888,新疆众和,10.2500000000,9.8100000000,623985768.0000000000,61708379.0000000000,0.0448500000,6.2398576800,AKShare stock_zh_a_spot / 新浪
600892,大晟文化,3.8300000000,3.7500000000,84356991.0000000000,22276700.0000000000,0.0213300000,0.8435699100,AKShare stock_zh_a_spot / 新浪
600893,航发动力,36.3200000000,35.7800000000,621034552.0000000000,17228394.0000000000,0.0150900000,6.2103455200,AKShare stock_zh_a_spot / 新浪
600894,广日股份,7.7500000000,7.8800000000,26963540.0000000000,3474211.0000000000,-0.0165000000,0.2696354000,AKShare stock_zh_a_spot / 新浪
600895,张江高科,30.8900000000,30.7700000000,530421011.0000000000,17240293.0000000000,0.0039000000,5.3042101100,AKShare stock_zh_a_spot / 新浪
600897,厦门空港,14.6500000000,14.8500000000,24727035.0000000000,1687048.0000000000,-0.0134700000,0.2472703500,AKShare stock_zh_a_spot / 新浪
600900,长江电力,27.9600000000,28.1600000000,1779819532.0000000000,63514724.0000000000,-0.0071000000,17.7981953200,AKShare stock_zh_a_spot / 新浪
600901,江苏金租,6.5400000000,6.4600000000,233278655.0000000000,35821967.0000000000,0.0123800000,2.3327865500,AKShare stock_zh_a_spot / 新浪
600903,贵州燃气,6.1100000000,6.1600000000,303498664.0000000000,48626259.0000000000,-0.0081200000,3.0349866400,AKShare stock_zh_a_spot / 新浪
600905,三峡能源,3.6900000000,3.7200000000,135498642.0000000000,36657099.0000000000,-0.0080600000,1.3549864200,AKShare stock_zh_a_spot / 新浪
600906,财达证券,6.4300000000,6.4200000000,136761292.0000000000,21361847.0000000000,0.0015600000,1.3676129200,AKShare stock_zh_a_spot / 新浪
600908,无锡银行,5.3800000000,5.4000000000,77469748.0000000000,14385500.0000000000,-0.0037000000,0.7746974800,AKShare stock_zh_a_spot / 新浪
600909,华安证券,8.1700000000,8.0400000000,622947539.0000000000,76612223.0000000000,0.0161700000,6.2294753900,AKShare stock_zh_a_spot / 新浪
600916,中国黄金,8.1400000000,7.6900000000,865850347.0000000000,108555391.0000000000,0.0585200000,8.6585034700,AKShare stock_zh_a_spot / 新浪
600917,重庆燃气,4.8200000000,4.8400000000,21152045.0000000000,4378550.0000000000,-0.0041300000,0.2115204500,AKShare stock_zh_a_spot / 新浪
600918,中泰证券,5.5400000000,5.6000000000,193637723.0000000000,34982912.0000000000,-0.0107100000,1.9363772300,AKShare stock_zh_a_spot / 新浪
600919,江苏银行,11.9400000000,12.1000000000,980902126.0000000000,81732504.0000000000,-0.0132200000,9.8090212600,AKShare stock_zh_a_spot / 新浪
600925,苏能股份,4.3500000000,4.3600000000,40925382.0000000000,9404300.0000000000,-0.0022900000,0.4092538200,AKShare stock_zh_a_spot / 新浪
600926,杭州银行,16.6300000000,16.8100000000,588988954.0000000000,35281812.0000000000,-0.0107100000,5.8898895400,AKShare stock_zh_a_spot / 新浪
600927,永安期货,12.8800000000,12.9100000000,44078094.0000000000,3435248.0000000000,-0.0023200000,0.4407809400,AKShare stock_zh_a_spot / 新浪
600928,西安银行,3.5400000000,3.5600000000,74022599.0000000000,21030313.0000000000,-0.0056200000,0.7402259900,AKShare stock_zh_a_spot / 新浪
600929,雪天盐业,5.3100000000,5.2700000000,83663623.0000000000,15869400.0000000000,0.0075900000,0.8366362300,AKShare stock_zh_a_spot / 新浪
600930,华电新能,3.9300000000,3.9100000000,365231367.0000000000,93570389.0000000000,0.0051200000,3.6523136700,AKShare stock_zh_a_spot / 新浪
600933,爱柯迪,13.7300000000,13.6500000000,69718278.0000000000,5109000.0000000000,0.0058600000,0.6971827800,AKShare stock_zh_a_spot / 新浪
600935,华塑股份,2.2600000000,2.2700000000,23190731.0000000000,10330000.0000000000,-0.0044100000,0.2319073100,AKShare stock_zh_a_spot / 新浪
600936,北投科技,4.9400000000,4.9300000000,340666536.0000000000,69982733.0000000000,0.0020300000,3.4066653600,AKShare stock_zh_a_spot / 新浪
600938,中国海油,33.8600000000,33.3000000000,1515581614.0000000000,44539938.0000000000,0.0168200000,15.1558161400,AKShare stock_zh_a_spot / 新浪
600939,重庆建工,2.6000000000,2.5900000000,25568777.0000000000,9957829.0000000000,0.0038600000,0.2556877700,AKShare stock_zh_a_spot / 新浪
600941,中国移动,96.2500000000,96.7000000000,604745754.0000000000,6270677.0000000000,-0.0046500000,6.0474575400,AKShare stock_zh_a_spot / 新浪
600955,维远股份,12.5700000000,12.8500000000,52832929.0000000000,4198758.0000000000,-0.0217900000,0.5283292900,AKShare stock_zh_a_spot / 新浪
600956,新天绿能,7.0100000000,7.0400000000,30206708.0000000000,4297771.0000000000,-0.0042600000,0.3020670800,AKShare stock_zh_a_spot / 新浪
600958,东方证券,8.9100000000,8.9200000000,238912609.0000000000,26848331.0000000000,-0.0011200000,2.3891260900,AKShare stock_zh_a_spot / 新浪
600959,XD江苏有,3.0000000000,3.0000000000,46650023.0000000000,15628457.0000000000,0.0000000000,0.4665002300,AKShare stock_zh_a_spot / 新浪
600960,渤海汽车,4.0100000000,3.9600000000,31586369.0000000000,7964643.0000000000,0.0126300000,0.3158636900,AKShare stock_zh_a_spot / 新浪
600961,株冶集团,28.4100000000,27.0900000000,1814383280.0000000000,64219765.0000000000,0.0487300000,18.1438328000,AKShare stock_zh_a_spot / 新浪
600962,国投中鲁,25.4300000000,25.2200000000,120482295.0000000000,4795613.0000000000,0.0083300000,1.2048229500,AKShare stock_zh_a_spot / 新浪
600963,岳阳林纸,3.3400000000,3.3200000000,87246331.0000000000,26145091.0000000000,0.0060200000,0.8724633100,AKShare stock_zh_a_spot / 新浪
600966,博汇纸业,4.8000000000,4.8200000000,32905096.0000000000,6879209.0000000000,-0.0041500000,0.3290509600,AKShare stock_zh_a_spot / 新浪
600967,内蒙一机,10.8100000000,10.8100000000,109724482.0000000000,10215592.0000000000,0.0000000000,1.0972448200,AKShare stock_zh_a_spot / 新浪
600968,海油发展,4.0000000000,4.0100000000,123397967.0000000000,30664013.0000000000,-0.0024900000,1.2339796700,AKShare stock_zh_a_spot / 新浪
600969,郴电国际,8.6800000000,8.5900000000,64578015.0000000000,7476800.0000000000,0.0104800000,0.6457801500,AKShare stock_zh_a_spot / 新浪
600970,中材国际,7.7100000000,7.7800000000,64766197.0000000000,8406154.0000000000,-0.0090000000,0.6476619700,AKShare stock_zh_a_spot / 新浪
600971,恒源煤电,8.7000000000,8.6700000000,223663290.0000000000,25927106.0000000000,0.0034600000,2.2366329000,AKShare stock_zh_a_spot / 新浪
600973,宝胜股份,6.0700000000,6.0400000000,54714550.0000000000,9068907.0000000000,0.0049700000,0.5471455000,AKShare stock_zh_a_spot / 新浪
600975,新五丰,4.9000000000,5.0000000000,65286442.0000000000,13337500.0000000000,-0.0200000000,0.6528644200,AKShare stock_zh_a_spot / 新浪
600976,健民集团,27.5400000000,28.6300000000,113413371.0000000000,4123277.0000000000,-0.0380700000,1.1341337100,AKShare stock_zh_a_spot / 新浪
600977,中国电影,11.9500000000,11.9300000000,158018331.0000000000,13287766.0000000000,0.0016800000,1.5801833100,AKShare stock_zh_a_spot / 新浪
600979,广安爱众,3.8400000000,3.8400000000,42124097.0000000000,11016206.0000000000,0.0000000000,0.4212409700,AKShare stock_zh_a_spot / 新浪
600980,北矿科技,20.0200000000,19.6000000000,80064674.0000000000,4035505.0000000000,0.0214300000,0.8006467400,AKShare stock_zh_a_spot / 新浪
600981,苏豪汇鸿,2.4000000000,2.4100000000,30452190.0000000000,12757994.0000000000,-0.0041500000,0.3045219000,AKShare stock_zh_a_spot / 新浪
600982,宁波能源,4.7900000000,4.8100000000,65347911.0000000000,13704100.0000000000,-0.0041600000,0.6534791100,AKShare stock_zh_a_spot / 新浪
600983,惠而浦,7.7600000000,7.8400000000,17173795.0000000000,2229065.0000000000,-0.0102000000,0.1717379500,AKShare stock_zh_a_spot / 新浪
600985,淮北矿业,18.0300000000,17.6000000000,710351723.0000000000,39212676.0000000000,0.0244300000,7.1035172300,AKShare stock_zh_a_spot / 新浪
600986,浙文互联,7.0600000000,7.0600000000,263475575.0000000000,37599371.0000000000,0.0000000000,2.6347557500,AKShare stock_zh_a_spot / 新浪
600987,航民股份,6.4400000000,6.5300000000,31616208.0000000000,4904791.0000000000,-0.0137800000,0.3161620800,AKShare stock_zh_a_spot / 新浪
600988,赤峰黄金,49.4300000000,46.1000000000,4924164708.0000000000,101361453.0000000000,0.0722300000,49.2416470800,AKShare stock_zh_a_spot / 新浪
600989,宝丰能源,24.0600000000,23.4000000000,2001897827.0000000000,83684372.0000000000,0.0282100000,20.0189782700,AKShare stock_zh_a_spot / 新浪
600990,四创电子,17.9700000000,17.8000000000,40272230.0000000000,2245052.0000000000,0.0095500000,0.4027223000,AKShare stock_zh_a_spot / 新浪
600992,贵绳股份,9.6200000000,9.6700000000,34490102.0000000000,3595750.0000000000,-0.0051700000,0.3449010200,AKShare stock_zh_a_spot / 新浪
600993,马应龙,23.0100000000,23.4900000000,129221719.0000000000,5612711.0000000000,-0.0204300000,1.2922171900,AKShare stock_zh_a_spot / 新浪
600995,南网储能,12.3200000000,12.3300000000,114316632.0000000000,9289600.0000000000,-0.0008100000,1.1431663200,AKShare stock_zh_a_spot / 新浪
600996,贵广网络,6.5800000000,6.5700000000,76795510.0000000000,11740556.0000000000,0.0015200000,0.7679551000,AKShare stock_zh_a_spot / 新浪
600997,开滦股份,5.5300000000,5.5600000000,78269935.0000000000,14132246.0000000000,-0.0054000000,0.7826993500,AKShare stock_zh_a_spot / 新浪
600998,九州通,4.9100000000,5.0400000000,232564449.0000000000,47400300.0000000000,-0.0257900000,2.3256444900,AKShare stock_zh_a_spot / 新浪
600999,招商证券,17.8200000000,17.8300000000,497154711.0000000000,27901027.0000000000,-0.0005600000,4.9715471100,AKShare stock_zh_a_spot / 新浪
601000,唐山港,4.4800000000,4.6100000000,164164568.0000000000,36228454.0000000000,-0.0282000000,1.6416456800,AKShare stock_zh_a_spot / 新浪
601001,晋控煤业,16.8400000000,17.1500000000,459431173.0000000000,26798951.0000000000,-0.0180800000,4.5943117300,AKShare stock_zh_a_spot / 新浪
601002,晋亿实业,5.2700000000,5.2100000000,57174248.0000000000,10944794.0000000000,0.0115200000,0.5717424800,AKShare stock_zh_a_spot / 新浪
601003,柳钢股份,3.5800000000,3.6000000000,35356540.0000000000,9920269.0000000000,-0.0055600000,0.3535654000,AKShare stock_zh_a_spot / 新浪
601005,重庆钢铁,1.1800000000,1.1800000000,36585903.0000000000,31054500.0000000000,0.0000000000,0.3658590300,AKShare stock_zh_a_spot / 新浪
601006,大秦铁路,4.6700000000,4.8000000000,908931104.0000000000,193599596.0000000000,-0.0270800000,9.0893110400,AKShare stock_zh_a_spot / 新浪
601007,金陵饭店,6.7100000000,6.7800000000,37752223.0000000000,5651027.0000000000,-0.0103200000,0.3775222300,AKShare stock_zh_a_spot / 新浪
601008,连云港,4.3300000000,4.4100000000,101060166.0000000000,23393319.0000000000,-0.0181400000,1.0106016600,AKShare stock_zh_a_spot / 新浪
601009,南京银行,11.7800000000,11.9200000000,845030555.0000000000,71612530.0000000000,-0.0117400000,8.4503055500,AKShare stock_zh_a_spot / 新浪
601011,宝泰隆,2.8800000000,3.2000000000,182243574.0000000000,63273100.0000000000,-0.1000000000,1.8224357400,AKShare stock_zh_a_spot / 新浪
601012,隆基绿能,12.4200000000,12.4100000000,678302545.0000000000,54447596.0000000000,0.0008100000,6.7830254500,AKShare stock_zh_a_spot / 新浪
601015,陕西黑猫,3.5600000000,3.6000000000,333542334.0000000000,94499887.0000000000,-0.0111100000,3.3354233400,AKShare stock_zh_a_spot / 新浪
601016,节能风电,3.3600000000,3.3800000000,184950370.0000000000,55161951.0000000000,-0.0059200000,1.8495037000,AKShare stock_zh_a_spot / 新浪
601018,宁波港,3.3800000000,3.3900000000,179258410.0000000000,52838985.0000000000,-0.0029500000,1.7925841000,AKShare stock_zh_a_spot / 新浪
601019,山东出版,6.8800000000,7.0200000000,55206187.0000000000,7995600.0000000000,-0.0199400000,0.5520618700,AKShare stock_zh_a_spot / 新浪
601020,华钰矿业,22.1400000000,21.2700000000,713515487.0000000000,32695192.0000000000,0.0409000000,7.1351548700,AKShare stock_zh_a_spot / 新浪
601021,春秋航空,43.5900000000,44.2800000000,224009434.0000000000,5128845.0000000000,-0.0155800000,2.2400943400,AKShare stock_zh_a_spot / 新浪
601022,宁波远洋,8.2900000000,8.2000000000,63928929.0000000000,7760400.0000000000,0.0109800000,0.6392892900,AKShare stock_zh_a_spot / 新浪
601026,道生天合,15.6000000000,16.3300000000,130828541.0000000000,8368557.0000000000,-0.0447000000,1.3082854100,AKShare stock_zh_a_spot / 新浪
601033,永兴股份,14.2300000000,14.3500000000,27853239.0000000000,1954400.0000000000,-0.0083600000,0.2785323900,AKShare stock_zh_a_spot / 新浪
601038,一拖股份,12.7000000000,12.9300000000,71903256.0000000000,5648694.0000000000,-0.0177900000,0.7190325600,AKShare stock_zh_a_spot / 新浪
601058,赛轮轮胎,13.8200000000,14.1500000000,371108460.0000000000,26718125.0000000000,-0.0233200000,3.7110846000,AKShare stock_zh_a_spot / 新浪
601059,信达证券,16.4400000000,16.3500000000,114307059.0000000000,6947516.0000000000,0.0055000000,1.1430705900,AKShare stock_zh_a_spot / 新浪
601061,中信金属,12.0000000000,11.9600000000,303271652.0000000000,25123379.0000000000,0.0033400000,3.0327165200,AKShare stock_zh_a_spot / 新浪
601065,江盐集团,6.7500000000,6.7800000000,20388258.0000000000,3032900.0000000000,-0.0044200000,0.2038825800,AKShare stock_zh_a_spot / 新浪
601066,中信建投,24.7800000000,24.8100000000,296523480.0000000000,11995478.0000000000,-0.0012100000,2.9652348000,AKShare stock_zh_a_spot / 新浪
601068,中铝国际,4.4500000000,4.4400000000,39904608.0000000000,9010086.0000000000,0.0022500000,0.3990460800,AKShare stock_zh_a_spot / 新浪
601069,西部黄金,32.0700000000,30.9000000000,1374270432.0000000000,42891213.0000000000,0.0378600000,13.7427043200,AKShare stock_zh_a_spot / 新浪
601077,渝农商行,6.8100000000,6.8200000000,288838362.0000000000,42428050.0000000000,-0.0014700000,2.8883836200,AKShare stock_zh_a_spot / 新浪
601083,锦江航运,11.9200000000,11.6200000000,180865257.0000000000,15197258.0000000000,0.0258200000,1.8086525700,AKShare stock_zh_a_spot / 新浪
601086,国芳集团,7.5100000000,7.6400000000,49898872.0000000000,6696997.0000000000,-0.0170200000,0.4989887200,AKShare stock_zh_a_spot / 新浪
601088,中国神华,46.4100000000,46.5500000000,844225228.0000000000,18121401.0000000000,-0.0030100000,8.4422522800,AKShare stock_zh_a_spot / 新浪
601089,福元医药,16.6600000000,18.1400000000,253663866.0000000000,14879100.0000000000,-0.0815900000,2.5366386600,AKShare stock_zh_a_spot / 新浪
601096,宏盛华源,4.1100000000,4.1300000000,55634001.0000000000,13579270.0000000000,-0.0048400000,0.5563400100,AKShare stock_zh_a_spot / 新浪
601098,中南传媒,10.1500000000,10.2600000000,68248255.0000000000,6738945.0000000000,-0.0107200000,0.6824825500,AKShare stock_zh_a_spot / 新浪
601099,太平洋,3.3400000000,3.3400000000,202284105.0000000000,60684898.0000000000,0.0000000000,2.0228410500,AKShare stock_zh_a_spot / 新浪
601100,恒立液压,105.7900000000,101.4000000000,810276965.0000000000,7744983.0000000000,0.0432900000,8.1027696500,AKShare stock_zh_a_spot / 新浪
601101,昊华能源,12.7200000000,12.7500000000,588725692.0000000000,46417122.0000000000,-0.0023500000,5.8872569200,AKShare stock_zh_a_spot / 新浪
601106,中国一重,3.0500000000,3.0400000000,94507187.0000000000,31197100.0000000000,0.0032900000,0.9450718700,AKShare stock_zh_a_spot / 新浪
601107,四川成渝,5.5000000000,5.5600000000,44897489.0000000000,8152156.0000000000,-0.0107900000,0.4489748900,AKShare stock_zh_a_spot / 新浪
601108,财通证券,8.4500000000,8.3800000000,433901215.0000000000,51664154.0000000000,0.0083500000,4.3390121500,AKShare stock_zh_a_spot / 新浪
601111,中国国航,5.8000000000,5.8500000000,189872063.0000000000,32726932.0000000000,-0.0085500000,1.8987206300,AKShare stock_zh_a_spot / 新浪
601112,振石股份,15.2200000000,15.1600000000,50361747.0000000000,3332473.0000000000,0.0039600000,0.5036174700,AKShare stock_zh_a_spot / 新浪
601113,华鼎股份,3.3800000000,3.3700000000,29938037.0000000000,8919947.0000000000,0.0029700000,0.2993803700,AKShare stock_zh_a_spot / 新浪
601116,三江购物,10.4600000000,10.5800000000,137437600.0000000000,13209443.0000000000,-0.0113400000,1.3743760000,AKShare stock_zh_a_spot / 新浪
601117,中国化学,7.5200000000,7.5100000000,339036711.0000000000,45251767.0000000000,0.0013300000,3.3903671100,AKShare stock_zh_a_spot / 新浪
601118,海南橡胶,6.1500000000,6.2000000000,1050650581.0000000000,175985952.0000000000,-0.0080600000,10.5065058100,AKShare stock_zh_a_spot / 新浪
601121,宝地矿业,7.4500000000,7.3100000000,86182831.0000000000,11731041.0000000000,0.0191500000,0.8618283100,AKShare stock_zh_a_spot / 新浪
601126,四方股份,45.4500000000,43.4900000000,1576301998.0000000000,34438514.0000000000,0.0450700000,15.7630199800,AKShare stock_zh_a_spot / 新浪
601127,赛力斯,50.5000000000,51.4900000000,708483081.0000000000,13988909.0000000000,-0.0192300000,7.0848308100,AKShare stock_zh_a_spot / 新浪
601128,常熟银行,6.2400000000,6.2600000000,240142988.0000000000,38451960.0000000000,-0.0031900000,2.4014298800,AKShare stock_zh_a_spot / 新浪
601133,柏诚股份,25.3500000000,25.1800000000,199119681.0000000000,7855376.0000000000,0.0067500000,1.9911968100,AKShare stock_zh_a_spot / 新浪
601136,首创证券,13.7300000000,13.8100000000,68603508.0000000000,5003029.0000000000,-0.0057900000,0.6860350800,AKShare stock_zh_a_spot / 新浪
601137,博威合金,19.1900000000,18.9100000000,305698714.0000000000,15968886.0000000000,0.0148100000,3.0569871400,AKShare stock_zh_a_spot / 新浪
601138,工业富联,62.8400000000,62.1300000000,4961497062.0000000000,79434785.0000000000,0.0114300000,49.6149706200,AKShare stock_zh_a_spot / 新浪
601139,深圳燃气,6.2800000000,6.3300000000,84104746.0000000000,13369700.0000000000,-0.0079000000,0.8410474600,AKShare stock_zh_a_spot / 新浪
601155,新城控股,10.9400000000,11.3100000000,268736193.0000000000,24517127.0000000000,-0.0327100000,2.6873619300,AKShare stock_zh_a_spot / 新浪
601156,东航物流,18.5600000000,18.3600000000,177461046.0000000000,9606128.0000000000,0.0108900000,1.7746104600,AKShare stock_zh_a_spot / 新浪
601158,重庆水务,4.1000000000,4.1400000000,23208319.0000000000,5654410.0000000000,-0.0096600000,0.2320831900,AKShare stock_zh_a_spot / 新浪
601162,天风证券,3.6100000000,3.6000000000,301103896.0000000000,83880749.0000000000,0.0027800000,3.0110389600,AKShare stock_zh_a_spot / 新浪
601163,三角轮胎,12.7400000000,13.0300000000,38925897.0000000000,3043557.0000000000,-0.0222600000,0.3892589700,AKShare stock_zh_a_spot / 新浪
601166,兴业银行,18.1000000000,18.1700000000,1312120030.0000000000,72343100.0000000000,-0.0038500000,13.1212003000,AKShare stock_zh_a_spot / 新浪
601168,西部矿业,37.8500000000,36.6600000000,1972495379.0000000000,52468628.0000000000,0.0324600000,19.7249537900,AKShare stock_zh_a_spot / 新浪
601169,北京银行,5.0900000000,5.0600000000,573871931.0000000000,113006053.0000000000,0.0059300000,5.7387193100,AKShare stock_zh_a_spot / 新浪
601177,杭齿前进,13.9500000000,12.6800000000,128693980.0000000000,9228168.0000000000,0.1001600000,1.2869398000,AKShare stock_zh_a_spot / 新浪
601179,中国西电,12.8800000000,12.8100000000,729347183.0000000000,56741927.0000000000,0.0054600000,7.2934718300,AKShare stock_zh_a_spot / 新浪
601186,中国铁建,6.0000000000,6.0700000000,143241312.0000000000,23846851.0000000000,-0.0115300000,1.4324131200,AKShare stock_zh_a_spot / 新浪
601187,厦门银行,7.2300000000,7.3000000000,93515059.0000000000,12899600.0000000000,-0.0095900000,0.9351505900,AKShare stock_zh_a_spot / 新浪
601188,龙江交通,2.8400000000,2.8500000000,39641429.0000000000,14065044.0000000000,-0.0035100000,0.3964142900,AKShare stock_zh_a_spot / 新浪
601198,东兴证券,13.6000000000,13.5400000000,271144819.0000000000,19868332.0000000000,0.0044300000,2.7114481900,AKShare stock_zh_a_spot / 新浪
601199,江南水务,6.4600000000,6.4000000000,93991476.0000000000,14773653.0000000000,0.0093700000,0.9399147600,AKShare stock_zh_a_spot / 新浪
601200,上海环境,6.9000000000,6.9800000000,43196042.0000000000,6273175.0000000000,-0.0114600000,0.4319604200,AKShare stock_zh_a_spot / 新浪
601208,东材科技,45.7300000000,45.7200000000,2141887754.0000000000,46565512.0000000000,0.0002200000,21.4188775400,AKShare stock_zh_a_spot / 新浪
601211,国泰海通,17.3800000000,17.4900000000,1240235873.0000000000,71160173.0000000000,-0.0062900000,12.4023587300,AKShare stock_zh_a_spot / 新浪
601212,白银有色,6.0900000000,5.5400000000,2015909278.0000000000,336471144.0000000000,0.0992800000,20.1590927800,AKShare stock_zh_a_spot / 新浪
601216,君正集团,4.3800000000,4.4300000000,161444456.0000000000,36808808.0000000000,-0.0112900000,1.6144445600,AKShare stock_zh_a_spot / 新浪
601218,吉鑫科技,4.3800000000,4.3900000000,66618381.0000000000,15276623.0000000000,-0.0022800000,0.6661838100,AKShare stock_zh_a_spot / 新浪
601222,林洋能源,5.4500000000,5.4600000000,53623445.0000000000,9843000.0000000000,-0.0018300000,0.5362344500,AKShare stock_zh_a_spot / 新浪
601225,陕西煤业,25.7300000000,25.5500000000,775724734.0000000000,30070542.0000000000,0.0070500000,7.7572473400,AKShare stock_zh_a_spot / 新浪
601226,华电科工,6.1100000000,6.1100000000,45432612.0000000000,7487800.0000000000,0.0000000000,0.4543261200,AKShare stock_zh_a_spot / 新浪
601228,广州港,3.0100000000,3.0500000000,65879962.0000000000,21834892.0000000000,-0.0131100000,0.6587996200,AKShare stock_zh_a_spot / 新浪
601229,上海银行,9.7400000000,9.8400000000,377402877.0000000000,38603173.0000000000,-0.0101600000,3.7740287700,AKShare stock_zh_a_spot / 新浪
601231,环旭电子,27.2200000000,27.2700000000,522119614.0000000000,19086539.0000000000,-0.0018300000,5.2211961400,AKShare stock_zh_a_spot / 新浪
601233,桐昆股份,24.7100000000,23.6200000000,994083589.0000000000,41357548.0000000000,0.0461500000,9.9408358900,AKShare stock_zh_a_spot / 新浪
601236,红塔证券,6.7600000000,6.8100000000,49523906.0000000000,7329400.0000000000,-0.0073400000,0.4952390600,AKShare stock_zh_a_spot / 新浪
601238,广汽集团,5.1100000000,5.4100000000,314156514.0000000000,60955313.0000000000,-0.0554500000,3.1415651400,AKShare stock_zh_a_spot / 新浪
601279,英利汽车,3.2100000000,3.2200000000,21699993.0000000000,6789900.0000000000,-0.0031100000,0.2169999300,AKShare stock_zh_a_spot / 新浪
601288,农业银行,6.7800000000,6.8100000000,2469445603.0000000000,364661786.0000000000,-0.0044100000,24.6944560300,AKShare stock_zh_a_spot / 新浪
601298,青岛港,8.8700000000,8.9200000000,59448886.0000000000,6685085.0000000000,-0.0056100000,0.5944888600,AKShare stock_zh_a_spot / 新浪
601311,骆驼股份,7.6700000000,7.6900000000,59739257.0000000000,7792600.0000000000,-0.0026000000,0.5973925700,AKShare stock_zh_a_spot / 新浪
601318,中国平安,53.3500000000,52.1400000000,5940991679.0000000000,111599029.0000000000,0.0232100000,59.4099167900,AKShare stock_zh_a_spot / 新浪
601319,中国人保,6.9500000000,6.9200000000,352337725.0000000000,50666097.0000000000,0.0043400000,3.5233772500,AKShare stock_zh_a_spot / 新浪
601326,秦港股份,3.3300000000,3.3800000000,52521261.0000000000,15679899.0000000000,-0.0147900000,0.5252126100,AKShare stock_zh_a_spot / 新浪
601328,交通银行,7.1200000000,7.1100000000,946369920.0000000000,132615698.0000000000,0.0014100000,9.4636992000,AKShare stock_zh_a_spot / 新浪
601330,绿色动力,6.9900000000,7.0200000000,26302950.0000000000,3772049.0000000000,-0.0042700000,0.2630295000,AKShare stock_zh_a_spot / 新浪
601333,广深铁路,2.9000000000,2.9500000000,184220404.0000000000,63233581.0000000000,-0.0169500000,1.8422040400,AKShare stock_zh_a_spot / 新浪
601336,新华保险,58.7900000000,58.0800000000,1097080116.0000000000,18712769.0000000000,0.0122200000,10.9708011600,AKShare stock_zh_a_spot / 新浪
601339,百隆东方,7.8800000000,7.9700000000,42940179.0000000000,5477100.0000000000,-0.0112900000,0.4294017900,AKShare stock_zh_a_spot / 新浪
601360,三六零,8.7600000000,8.8000000000,483352426.0000000000,55369969.0000000000,-0.0045500000,4.8335242600,AKShare stock_zh_a_spot / 新浪
601366,利群股份,3.5500000000,3.6300000000,69650483.0000000000,19518442.0000000000,-0.0220400000,0.6965048300,AKShare stock_zh_a_spot / 新浪
601368,绿城水务,4.6000000000,4.6000000000,22942099.0000000000,5035100.0000000000,0.0000000000,0.2294209900,AKShare stock_zh_a_spot / 新浪
601369,陕鼓动力,8.7300000000,8.7200000000,52316560.0000000000,5996500.0000000000,0.0011500000,0.5231656000,AKShare stock_zh_a_spot / 新浪
601375,中原证券,3.9900000000,4.0200000000,85566518.0000000000,21451000.0000000000,-0.0074600000,0.8556651800,AKShare stock_zh_a_spot / 新浪
601377,兴业证券,5.7900000000,5.7800000000,222264562.0000000000,38504952.0000000000,0.0017300000,2.2226456200,AKShare stock_zh_a_spot / 新浪
601388,怡球资源,3.3100000000,3.3100000000,97298846.0000000000,29646925.0000000000,0.0000000000,0.9729884600,AKShare stock_zh_a_spot / 新浪
601390,中国中铁,4.3000000000,4.3600000000,291213867.0000000000,67613817.0000000000,-0.0137600000,2.9121386700,AKShare stock_zh_a_spot / 新浪
601398,工商银行,7.7700000000,7.7800000000,2075489886.0000000000,266529315.0000000000,-0.0012900000,20.7548988600,AKShare stock_zh_a_spot / 新浪
601399,国机重装,3.1000000000,3.1000000000,128507432.0000000000,41568522.0000000000,0.0000000000,1.2850743200,AKShare stock_zh_a_spot / 新浪
601456,国联民生,8.7500000000,8.8100000000,89644624.0000000000,10236440.0000000000,-0.0068100000,0.8964462400,AKShare stock_zh_a_spot / 新浪
601500,通用股份,3.9600000000,4.0500000000,56002338.0000000000,14114383.0000000000,-0.0222200000,0.5600233800,AKShare stock_zh_a_spot / 新浪
601512,中新集团,7.6600000000,7.8400000000,25126959.0000000000,3282200.0000000000,-0.0229600000,0.2512695900,AKShare stock_zh_a_spot / 新浪
601515,衢州东峰,3.3600000000,3.3100000000,55186441.0000000000,16543640.0000000000,0.0151100000,0.5518644100,AKShare stock_zh_a_spot / 新浪
601518,吉林高速,2.7500000000,2.7700000000,21950475.0000000000,7978920.0000000000,-0.0072200000,0.2195047500,AKShare stock_zh_a_spot / 新浪
601519,大智慧,7.9900000000,7.6800000000,311852042.0000000000,39694611.0000000000,0.0403600000,3.1185204200,AKShare stock_zh_a_spot / 新浪
601528,瑞丰银行,4.8700000000,4.9100000000,57652801.0000000000,11814708.0000000000,-0.0081500000,0.5765280100,AKShare stock_zh_a_spot / 新浪
601555,东吴证券,7.8300000000,7.9100000000,223802806.0000000000,28557148.0000000000,-0.0101100000,2.2380280600,AKShare stock_zh_a_spot / 新浪
601566,九牧王,8.3700000000,8.4700000000,37545607.0000000000,4498070.0000000000,-0.0118100000,0.3754560700,AKShare stock_zh_a_spot / 新浪
601567,三星电气,14.8400000000,15.0900000000,117318800.0000000000,7893279.0000000000,-0.0165700000,1.1731880000,AKShare stock_zh_a_spot / 新浪
601568,北元化工,3.7000000000,3.7100000000,49741986.0000000000,13474256.0000000000,-0.0027000000,0.4974198600,AKShare stock_zh_a_spot / 新浪
601577,长沙银行,9.5200000000,9.5400000000,162378055.0000000000,17048547.0000000000,-0.0021000000,1.6237805500,AKShare stock_zh_a_spot / 新浪
601579,会稽山,18.6600000000,18.6500000000,301550265.0000000000,16171291.0000000000,0.0005400000,3.0155026500,AKShare stock_zh_a_spot / 新浪
601588,北辰实业,1.6900000000,1.7300000000,48960439.0000000000,28935933.0000000000,-0.0231200000,0.4896043900,AKShare stock_zh_a_spot / 新浪
601595,上海电影,16.3500000000,16.4200000000,53160454.0000000000,3264900.0000000000,-0.0042600000,0.5316045400,AKShare stock_zh_a_spot / 新浪
601598,中国外运,6.5200000000,6.6400000000,97278583.0000000000,14897380.0000000000,-0.0180700000,0.9727858300,AKShare stock_zh_a_spot / 新浪
601599,浙文影业,3.0200000000,3.0400000000,32137708.0000000000,10698322.0000000000,-0.0065800000,0.3213770800,AKShare stock_zh_a_spot / 新浪
601600,中国铝业,9.4200000000,9.1700000000,1650187727.0000000000,177131600.0000000000,0.0272600000,16.5018772700,AKShare stock_zh_a_spot / 新浪
601601,中国太保,30.4200000000,30.1700000000,1404202336.0000000000,46104473.0000000000,0.0082900000,14.0420233600,AKShare stock_zh_a_spot / 新浪
601606,长城军工,30.1500000000,30.4600000000,444072692.0000000000,14795103.0000000000,-0.0101800000,4.4407269200,AKShare stock_zh_a_spot / 新浪
601607,上海医药,16.1900000000,16.6600000000,316872768.0000000000,19485836.0000000000,-0.0282100000,3.1687276800,AKShare stock_zh_a_spot / 新浪
601608,中信重工,4.6600000000,4.6500000000,97800840.0000000000,21076298.0000000000,0.0021500000,0.9780084000,AKShare stock_zh_a_spot / 新浪
601609,金田股份,13.2300000000,12.8700000000,1401406868.0000000000,106105775.0000000000,0.0279700000,14.0140686800,AKShare stock_zh_a_spot / 新浪
601611,中国核建,10.7100000000,10.7200000000,178839360.0000000000,16725367.0000000000,-0.0009300000,1.7883936000,AKShare stock_zh_a_spot / 新浪
601615,明阳智能,10.9500000000,10.7500000000,403619867.0000000000,37071100.0000000000,0.0186000000,4.0361986700,AKShare stock_zh_a_spot / 新浪
601616,广电电气,3.8200000000,3.7600000000,99430920.0000000000,26232800.0000000000,0.0159600000,0.9943092000,AKShare stock_zh_a_spot / 新浪
601618,中国中冶,2.5500000000,2.5800000000,139189047.0000000000,54466296.0000000000,-0.0116300000,1.3918904700,AKShare stock_zh_a_spot / 新浪
601619,嘉泽新能,4.0800000000,4.1000000000,117993063.0000000000,28929322.0000000000,-0.0048800000,1.1799306300,AKShare stock_zh_a_spot / 新浪
601628,中国人寿,37.0300000000,36.8900000000,1204357368.0000000000,32506048.0000000000,0.0038000000,12.0435736800,AKShare stock_zh_a_spot / 新浪
601633,长城汽车,15.2100000000,15.5500000000,191303008.0000000000,12522503.0000000000,-0.0218600000,1.9130300800,AKShare stock_zh_a_spot / 新浪
601636,旗滨集团,5.9400000000,5.9300000000,295393978.0000000000,49701398.0000000000,0.0016900000,2.9539397800,AKShare stock_zh_a_spot / 新浪
601658,邮储银行,4.9800000000,4.9700000000,444641614.0000000000,89519840.0000000000,0.0020100000,4.4464161400,AKShare stock_zh_a_spot / 新浪
601665,齐鲁银行,6.5200000000,6.5400000000,258911665.0000000000,39854017.0000000000,-0.0030600000,2.5891166500,AKShare stock_zh_a_spot / 新浪
601666,平煤股份,9.6100000000,9.4600000000,340880094.0000000000,35534863.0000000000,0.0158600000,3.4088009400,AKShare stock_zh_a_spot / 新浪
601668,中国建筑,4.3900000000,4.4300000000,662329466.0000000000,150615405.0000000000,-0.0090300000,6.6232946600,AKShare stock_zh_a_spot / 新浪
601669,中国电建,4.6100000000,4.6300000000,253037936.0000000000,54944419.0000000000,-0.0043200000,2.5303793600,AKShare stock_zh_a_spot / 新浪
601677,明泰铝业,16.6200000000,16.6500000000,353020680.0000000000,21207785.0000000000,-0.0018000000,3.5302068000,AKShare stock_zh_a_spot / 新浪
601678,滨化股份,6.4700000000,6.4400000000,516821361.0000000000,80302843.0000000000,0.0046600000,5.1682136100,AKShare stock_zh_a_spot / 新浪
601686,友发集团,5.1500000000,5.1700000000,22679695.0000000000,4429268.0000000000,-0.0038700000,0.2267969500,AKShare stock_zh_a_spot / 新浪
601688,XD华泰证,18.6000000000,18.3400000000,807125308.0000000000,43624061.0000000000,0.0141800000,8.0712530800,AKShare stock_zh_a_spot / 新浪
601689,拓普集团,46.9200000000,46.2000000000,545615955.0000000000,11743946.0000000000,0.0155800000,5.4561595500,AKShare stock_zh_a_spot / 新浪
601696,中银证券,11.6200000000,11.6400000000,232633666.0000000000,20098009.0000000000,-0.0017200000,2.3263366600,AKShare stock_zh_a_spot / 新浪
601698,中国卫通,24.4300000000,24.3600000000,424855429.0000000000,17412997.0000000000,0.0028700000,4.2485542900,AKShare stock_zh_a_spot / 新浪
601699,潞安环能,16.6900000000,16.2600000000,561194454.0000000000,33798021.0000000000,0.0264500000,5.6119445400,AKShare stock_zh_a_spot / 新浪
601700,风范股份,7.0100000000,7.5000000000,1440705806.0000000000,206541676.0000000000,-0.0653300000,14.4070580600,AKShare stock_zh_a_spot / 新浪
601702,华峰铝业,16.0200000000,16.2000000000,134658785.0000000000,8388800.0000000000,-0.0111100000,1.3465878500,AKShare stock_zh_a_spot / 新浪
601717,中创智领,14.8700000000,14.9900000000,408632232.0000000000,27573551.0000000000,-0.0080100000,4.0863223200,AKShare stock_zh_a_spot / 新浪
601727,上海电气,6.5300000000,6.5200000000,239086776.0000000000,36830117.0000000000,0.0015300000,2.3908677600,AKShare stock_zh_a_spot / 新浪
601728,中国电信,6.4300000000,6.5600000000,693868603.0000000000,106403271.0000000000,-0.0198200000,6.9386860300,AKShare stock_zh_a_spot / 新浪
601766,中国中车,6.0400000000,6.1900000000,846277298.0000000000,138621700.0000000000,-0.0242300000,8.4627729800,AKShare stock_zh_a_spot / 新浪
601777,千里科技,8.0400000000,8.1700000000,163942937.0000000000,20356742.0000000000,-0.0159100000,1.6394293700,AKShare stock_zh_a_spot / 新浪
601778,晶科科技,3.6000000000,3.5500000000,319428283.0000000000,89161101.0000000000,0.0140800000,3.1942828300,AKShare stock_zh_a_spot / 新浪
601788,光大证券,14.2300000000,14.2200000000,127167549.0000000000,8947403.0000000000,0.0007000000,1.2716754900,AKShare stock_zh_a_spot / 新浪
601789,宁波建工,4.2300000000,4.2600000000,116221803.0000000000,27616317.0000000000,-0.0070400000,1.1622180300,AKShare stock_zh_a_spot / 新浪
601798,蓝科高新,7.7300000000,7.6000000000,31434902.0000000000,4115647.0000000000,0.0171100000,0.3143490200,AKShare stock_zh_a_spot / 新浪
601799,星宇股份,86.5000000000,88.3000000000,222788718.0000000000,2563619.0000000000,-0.0203900000,2.2278871800,AKShare stock_zh_a_spot / 新浪
601800,中国交建,5.8600000000,5.9300000000,120696174.0000000000,20568777.0000000000,-0.0118000000,1.2069617400,AKShare stock_zh_a_spot / 新浪
601801,皖新传媒,5.5000000000,5.5000000000,69942777.0000000000,12846602.0000000000,0.0000000000,0.6994277700,AKShare stock_zh_a_spot / 新浪
601808,中海油服,12.4600000000,12.3100000000,239377690.0000000000,19191100.0000000000,0.0121900000,2.3937769000,AKShare stock_zh_a_spot / 新浪
601811,新华文轩,11.9000000000,12.0400000000,21984005.0000000000,1851309.0000000000,-0.0116300000,0.2198400500,AKShare stock_zh_a_spot / 新浪
601816,京沪高铁,4.8700000000,4.9600000000,473709194.0000000000,96461923.0000000000,-0.0181500000,4.7370919400,AKShare stock_zh_a_spot / 新浪
601818,光大银行,3.0200000000,3.0200000000,438243813.0000000000,145090274.0000000000,0.0000000000,4.3824381300,AKShare stock_zh_a_spot / 新浪
601825,沪农商行,8.7600000000,8.7700000000,193854577.0000000000,22029030.0000000000,-0.0011400000,1.9385457700,AKShare stock_zh_a_spot / 新浪
601827,三峰环境,8.1900000000,8.2900000000,45515963.0000000000,5575700.0000000000,-0.0120600000,0.4551596300,AKShare stock_zh_a_spot / 新浪
601828,美凯龙,2.1400000000,2.1800000000,71514946.0000000000,33409359.0000000000,-0.0183500000,0.7151494600,AKShare stock_zh_a_spot / 新浪
601838,成都银行,18.6500000000,18.5900000000,353739482.0000000000,18995473.0000000000,0.0032300000,3.5373948200,AKShare stock_zh_a_spot / 新浪
601857,中国石油,11.2000000000,10.9900000000,1546461378.0000000000,137336836.0000000000,0.0191100000,15.4646137800,AKShare stock_zh_a_spot / 新浪
601858,中国科传,22.0700000000,22.1700000000,164485276.0000000000,7522668.0000000000,-0.0045100000,1.6448527600,AKShare stock_zh_a_spot / 新浪
601860,紫金银行,2.5200000000,2.5400000000,113945055.0000000000,45041800.0000000000,-0.0078700000,1.1394505500,AKShare stock_zh_a_spot / 新浪
601865,福莱特,10.5600000000,10.2700000000,242703118.0000000000,23241682.0000000000,0.0282400000,2.4270311800,AKShare stock_zh_a_spot / 新浪
601866,中远海发,2.3900000000,2.3700000000,148449714.0000000000,62294150.0000000000,0.0084400000,1.4844971400,AKShare stock_zh_a_spot / 新浪
601868,中国能建,2.5100000000,2.5200000000,314519860.0000000000,125201367.0000000000,-0.0039700000,3.1451986000,AKShare stock_zh_a_spot / 新浪
601869,XD长飞光,363.6000000000,357.7100000000,3545818635.0000000000,9843919.0000000000,0.0164700000,35.4581863500,AKShare stock_zh_a_spot / 新浪
601872,招商轮船,19.7800000000,18.4600000000,3808373132.0000000000,193604854.0000000000,0.0715100000,38.0837313200,AKShare stock_zh_a_spot / 新浪
601877,正泰电器,25.8200000000,26.2800000000,1365121158.0000000000,52313583.0000000000,-0.0175000000,13.6512115800,AKShare stock_zh_a_spot / 新浪
601878,浙商证券,9.1700000000,9.2000000000,100887168.0000000000,11005300.0000000000,-0.0032600000,1.0088716800,AKShare stock_zh_a_spot / 新浪
601880,辽港股份,1.4500000000,1.4700000000,54216445.0000000000,37258611.0000000000,-0.0136100000,0.5421644500,AKShare stock_zh_a_spot / 新浪
601881,中国银河,12.0700000000,11.9500000000,236182366.0000000000,19678485.0000000000,0.0100400000,2.3618236600,AKShare stock_zh_a_spot / 新浪
601882,海天精工,20.1000000000,20.4800000000,97788667.0000000000,4845300.0000000000,-0.0185500000,0.9778866700,AKShare stock_zh_a_spot / 新浪
601886,江河集团,13.0900000000,12.8600000000,370925566.0000000000,28732664.0000000000,0.0178800000,3.7092556600,AKShare stock_zh_a_spot / 新浪
601888,中国中免,52.2900000000,53.1000000000,901540551.0000000000,17242816.0000000000,-0.0152500000,9.0154055100,AKShare stock_zh_a_spot / 新浪
601890,亚星锚链,8.5000000000,8.4700000000,134001844.0000000000,15872000.0000000000,0.0035400000,1.3400184400,AKShare stock_zh_a_spot / 新浪
601898,中煤能源,14.3000000000,14.2600000000,569438417.0000000000,39667744.0000000000,0.0028100000,5.6943841700,AKShare stock_zh_a_spot / 新浪
601899,XD紫金矿,34.7400000000,33.8300000000,10338560003.0000000000,300701690.0000000000,0.0269000000,103.3856000300,AKShare stock_zh_a_spot / 新浪
601900,南方传媒,11.7500000000,11.7600000000,49833451.0000000000,4249500.0000000000,-0.0008500000,0.4983345100,AKShare stock_zh_a_spot / 新浪
601901,方正证券,6.7200000000,6.7400000000,183392954.0000000000,27314435.0000000000,-0.0029700000,1.8339295400,AKShare stock_zh_a_spot / 新浪
601908,京运通,2.9700000000,2.9600000000,64153099.0000000000,21725708.0000000000,0.0033800000,0.6415309900,AKShare stock_zh_a_spot / 新浪
601916,浙商银行,2.9200000000,2.9500000000,265046275.0000000000,90559460.0000000000,-0.0101700000,2.6504627500,AKShare stock_zh_a_spot / 新浪
601918,新集能源,10.1000000000,9.9300000000,292236787.0000000000,29078467.0000000000,0.0171200000,2.9223678700,AKShare stock_zh_a_spot / 新浪
601919,中远海控,17.0100000000,16.6400000000,1898838124.0000000000,112188030.0000000000,0.0222400000,18.9883812400,AKShare stock_zh_a_spot / 新浪
601921,浙版传媒,7.3300000000,7.5400000000,96546360.0000000000,13078811.0000000000,-0.0278500000,0.9654636000,AKShare stock_zh_a_spot / 新浪
601928,XD凤凰传,8.7900000000,8.9800000000,94165853.0000000000,10615169.0000000000,-0.0211600000,0.9416585300,AKShare stock_zh_a_spot / 新浪
601929,吉视传媒,2.2900000000,2.2900000000,102688959.0000000000,45299550.0000000000,0.0000000000,1.0268895900,AKShare stock_zh_a_spot / 新浪
601933,永辉超市,3.0700000000,3.1600000000,396435642.0000000000,129089851.0000000000,-0.0284800000,3.9643564200,AKShare stock_zh_a_spot / 新浪
601939,建设银行,10.5300000000,10.5800000000,1010236743.0000000000,96020667.0000000000,-0.0047300000,10.1023674300,AKShare stock_zh_a_spot / 新浪
601949,中国出版,5.0900000000,5.1300000000,36467076.0000000000,7178600.0000000000,-0.0078000000,0.3646707600,AKShare stock_zh_a_spot / 新浪
601952,苏垦农发,8.4400000000,8.8800000000,226074974.0000000000,26619000.0000000000,-0.0495500000,2.2607497400,AKShare stock_zh_a_spot / 新浪
601956,东贝集团,4.9800000000,4.9500000000,25044252.0000000000,5044690.0000000000,0.0060600000,0.2504425200,AKShare stock_zh_a_spot / 新浪
601958,金钼股份,21.9400000000,21.8000000000,813126722.0000000000,37025369.0000000000,0.0064200000,8.1312672200,AKShare stock_zh_a_spot / 新浪
601963,重庆银行,11.0900000000,11.2500000000,178749904.0000000000,16071876.0000000000,-0.0142200000,1.7874990400,AKShare stock_zh_a_spot / 新浪
601965,中国汽研,14.0400000000,14.2000000000,62983198.0000000000,4500122.0000000000,-0.0112700000,0.6298319800,AKShare stock_zh_a_spot / 新浪
601966,玲珑轮胎,10.9000000000,11.1400000000,92243476.0000000000,8430960.0000000000,-0.0215400000,0.9224347600,AKShare stock_zh_a_spot / 新浪
601968,宝钢包装,4.3700000000,4.4200000000,24210177.0000000000,5553043.0000000000,-0.0113100000,0.2421017700,AKShare stock_zh_a_spot / 新浪
601969,海南矿业,9.4600000000,9.2300000000,151091232.0000000000,16119100.0000000000,0.0249200000,1.5109123200,AKShare stock_zh_a_spot / 新浪
601975,招商南油,3.9700000000,3.7700000000,1151240013.0000000000,293188783.0000000000,0.0530500000,11.5124001300,AKShare stock_zh_a_spot / 新浪
601985,中国核电,8.7100000000,8.7300000000,304644111.0000000000,34983022.0000000000,-0.0022900000,3.0464411100,AKShare stock_zh_a_spot / 新浪
601988,中国银行,6.0500000000,6.0500000000,1173944187.0000000000,193812663.0000000000,0.0000000000,11.7394418700,AKShare stock_zh_a_spot / 新浪
601990,南京证券,6.5600000000,6.6000000000,66734715.0000000000,10178092.0000000000,-0.0060600000,0.6673471500,AKShare stock_zh_a_spot / 新浪
601991,大唐发电,5.9100000000,6.0500000000,1258899621.0000000000,213121991.0000000000,-0.0231400000,12.5889962100,AKShare stock_zh_a_spot / 新浪
601992,金隅集团,1.3800000000,1.3900000000,20673716.0000000000,14986200.0000000000,-0.0071900000,0.2067371600,AKShare stock_zh_a_spot / 新浪
601995,中金公司,34.0600000000,34.0600000000,316551665.0000000000,9301556.0000000000,0.0000000000,3.1655166500,AKShare stock_zh_a_spot / 新浪
601996,丰林集团,2.5300000000,2.4600000000,56494899.0000000000,22903082.0000000000,0.0284600000,0.5649489900,AKShare stock_zh_a_spot / 新浪
601997,贵阳银行,5.7300000000,5.7500000000,221402806.0000000000,38695547.0000000000,-0.0034800000,2.2140280600,AKShare stock_zh_a_spot / 新浪
601998,中信银行,8.3900000000,8.3200000000,512145027.0000000000,61039544.0000000000,0.0084100000,5.1214502700,AKShare stock_zh_a_spot / 新浪
601999,出版传媒,6.1000000000,6.0500000000,35271719.0000000000,5843000.0000000000,0.0082600000,0.3527171900,AKShare stock_zh_a_spot / 新浪
603000,人民网,15.9300000000,16.0400000000,113059696.0000000000,7133578.0000000000,-0.0068600000,1.1305969600,AKShare stock_zh_a_spot / 新浪
603001,奥康国际,8.2500000000,8.1300000000,126560323.0000000000,15392100.0000000000,0.0147600000,1.2656032300,AKShare stock_zh_a_spot / 新浪
603002,宏昌电子,16.5200000000,16.3200000000,955338463.0000000000,57887227.0000000000,0.0122500000,9.5533846300,AKShare stock_zh_a_spot / 新浪
603004,鼎龙科技,19.9000000000,20.0900000000,33422993.0000000000,1676429.0000000000,-0.0094600000,0.3342299300,AKShare stock_zh_a_spot / 新浪
603005,晶方科技,32.7500000000,32.9000000000,778106384.0000000000,23724143.0000000000,-0.0045600000,7.7810638400,AKShare stock_zh_a_spot / 新浪
603006,联明股份,11.3700000000,11.1500000000,32215226.0000000000,2877550.0000000000,0.0197300000,0.3221522600,AKShare stock_zh_a_spot / 新浪
603007,顺景科技,4.6200000000,4.5900000000,53711702.0000000000,11743634.0000000000,0.0065400000,0.5371170200,AKShare stock_zh_a_spot / 新浪
603009,北特科技,44.8500000000,45.0000000000,334254419.0000000000,7438327.0000000000,-0.0033300000,3.3425441900,AKShare stock_zh_a_spot / 新浪
603010,万盛股份,11.7600000000,11.9000000000,77100209.0000000000,6591810.0000000000,-0.0117600000,0.7710020900,AKShare stock_zh_a_spot / 新浪
603011,合锻智能,23.7800000000,23.3800000000,795717946.0000000000,33948268.0000000000,0.0171100000,7.9571794600,AKShare stock_zh_a_spot / 新浪
603012,创力集团,8.7900000000,8.7300000000,166883275.0000000000,19224736.0000000000,0.0068700000,1.6688327500,AKShare stock_zh_a_spot / 新浪
603013,亚普股份,16.2300000000,16.1700000000,18430901.0000000000,1144700.0000000000,0.0037100000,0.1843090100,AKShare stock_zh_a_spot / 新浪
603014,威高血净,32.4900000000,33.4000000000,50967742.0000000000,1562201.0000000000,-0.0272500000,0.5096774200,AKShare stock_zh_a_spot / 新浪
603015,弘讯科技,10.8400000000,10.9200000000,68767109.0000000000,6343276.0000000000,-0.0073300000,0.6876710900,AKShare stock_zh_a_spot / 新浪
603016,新宏泰,30.0800000000,30.6800000000,279874792.0000000000,9342650.0000000000,-0.0195600000,2.7987479200,AKShare stock_zh_a_spot / 新浪
603017,中衡设计,9.4400000000,9.5000000000,32081711.0000000000,3410000.0000000000,-0.0063200000,0.3208171100,AKShare stock_zh_a_spot / 新浪
603018,华设集团,5.2100000000,5.2400000000,29412715.0000000000,5663900.0000000000,-0.0057300000,0.2941271500,AKShare stock_zh_a_spot / 新浪
603019,中科曙光,84.1100000000,84.3400000000,1852548873.0000000000,22044853.0000000000,-0.0027300000,18.5254887300,AKShare stock_zh_a_spot / 新浪
603020,爱普股份,10.0600000000,10.0500000000,33157530.0000000000,3324140.0000000000,0.0010000000,0.3315753000,AKShare stock_zh_a_spot / 新浪
603022,新通联,8.8100000000,8.7500000000,19834794.0000000000,2281400.0000000000,0.0068600000,0.1983479400,AKShare stock_zh_a_spot / 新浪
603023,威帝股份,4.0600000000,4.0200000000,37395979.0000000000,9292800.0000000000,0.0099500000,0.3739597900,AKShare stock_zh_a_spot / 新浪
603025,大豪科技,13.8100000000,13.9000000000,117024850.0000000000,8481347.0000000000,-0.0064700000,1.1702485000,AKShare stock_zh_a_spot / 新浪
603026,石大胜华,65.2700000000,63.3300000000,566477642.0000000000,8711536.0000000000,0.0306300000,5.6647764200,AKShare stock_zh_a_spot / 新浪
603027,千禾味业,7.2200000000,7.3500000000,86560956.0000000000,11994132.0000000000,-0.0176900000,0.8656095600,AKShare stock_zh_a_spot / 新浪
603028,赛福天,7.0100000000,7.0000000000,16334473.0000000000,2345300.0000000000,0.0014300000,0.1633447300,AKShare stock_zh_a_spot / 新浪
603029,天鹅股份,15.8200000000,15.8800000000,31040175.0000000000,1968500.0000000000,-0.0037800000,0.3104017500,AKShare stock_zh_a_spot / 新浪
603030,全筑股份,2.0900000000,2.0700000000,54974181.0000000000,26773400.0000000000,0.0096600000,0.5497418100,AKShare stock_zh_a_spot / 新浪
603031,安孚科技,39.1800000000,39.2900000000,324642776.0000000000,8305535.0000000000,-0.0028000000,3.2464277600,AKShare stock_zh_a_spot / 新浪
603032,德新科技,18.3800000000,18.1500000000,86982959.0000000000,4770723.0000000000,0.0126700000,0.8698295900,AKShare stock_zh_a_spot / 新浪
603033,三维股份,7.5800000000,7.4900000000,44663432.0000000000,5893600.0000000000,0.0120200000,0.4466343200,AKShare stock_zh_a_spot / 新浪
603035,常熟汽饰,11.0200000000,11.1000000000,31654526.0000000000,2870719.0000000000,-0.0072100000,0.3165452600,AKShare stock_zh_a_spot / 新浪
603036,如通股份,15.7900000000,15.4900000000,314144105.0000000000,19961400.0000000000,0.0193700000,3.1414410500,AKShare stock_zh_a_spot / 新浪
603037,凯众股份,10.1900000000,10.0800000000,23082867.0000000000,2285879.0000000000,0.0109100000,0.2308286700,AKShare stock_zh_a_spot / 新浪
603038,华立股份,16.7400000000,16.4100000000,201149744.0000000000,12149272.0000000000,0.0201100000,2.0114974400,AKShare stock_zh_a_spot / 新浪
603039,泛微网络,42.9000000000,42.9500000000,832116603.0000000000,19652185.0000000000,-0.0011600000,8.3211660300,AKShare stock_zh_a_spot / 新浪
603040,新坐标,54.0600000000,53.4500000000,53723157.0000000000,999161.0000000000,0.0114100000,0.5372315700,AKShare stock_zh_a_spot / 新浪
603041,美思德,11.1400000000,11.1200000000,14132437.0000000000,1279900.0000000000,0.0018000000,0.1413243700,AKShare stock_zh_a_spot / 新浪
603042,华脉科技,13.8200000000,13.7400000000,120245252.0000000000,8701456.0000000000,0.0058200000,1.2024525200,AKShare stock_zh_a_spot / 新浪
603043,广州酒家,13.5000000000,13.8100000000,52807798.0000000000,3884922.0000000000,-0.0224500000,0.5280779800,AKShare stock_zh_a_spot / 新浪
603045,福达合金,57.2400000000,52.0400000000,477820950.0000000000,8543613.0000000000,0.0999200000,4.7782095000,AKShare stock_zh_a_spot / 新浪
603048,浙江黎明,21.4400000000,21.7900000000,37484881.0000000000,1738700.0000000000,-0.0160600000,0.3748488100,AKShare stock_zh_a_spot / 新浪
603049,中策橡胶,49.2600000000,50.4500000000,102741411.0000000000,2077786.0000000000,-0.0235900000,1.0274141100,AKShare stock_zh_a_spot / 新浪
603050,科林电气,18.5300000000,18.4900000000,45794314.0000000000,2494873.0000000000,0.0021600000,0.4579431400,AKShare stock_zh_a_spot / 新浪
603051,鹿山新材,21.1700000000,20.9600000000,112624425.0000000000,5372078.0000000000,0.0100200000,1.1262442500,AKShare stock_zh_a_spot / 新浪
603052,可川科技,61.4600000000,55.8700000000,271758774.0000000000,4525880.0000000000,0.1000500000,2.7175877400,AKShare stock_zh_a_spot / 新浪
603053,成都燃气,8.7100000000,8.7200000000,17570652.0000000000,2012400.0000000000,-0.0011500000,0.1757065200,AKShare stock_zh_a_spot / 新浪
603055,台华新材,8.7100000000,8.7400000000,53761763.0000000000,6213000.0000000000,-0.0034300000,0.5376176300,AKShare stock_zh_a_spot / 新浪
603057,紫燕食品,21.8400000000,21.8200000000,37977052.0000000000,1737852.0000000000,0.0009200000,0.3797705200,AKShare stock_zh_a_spot / 新浪
603058,永吉股份,8.9400000000,9.0000000000,54158226.0000000000,6078536.0000000000,-0.0066700000,0.5415822600,AKShare stock_zh_a_spot / 新浪
603059,倍加洁,25.5700000000,25.7600000000,29807331.0000000000,1177000.0000000000,-0.0073800000,0.2980733100,AKShare stock_zh_a_spot / 新浪
603060,国检集团,5.4900000000,5.5000000000,21889129.0000000000,4019154.0000000000,-0.0018200000,0.2188912900,AKShare stock_zh_a_spot / 新浪
603061,金海通,365.9900000000,353.7600000000,2004138215.0000000000,5685792.0000000000,0.0345700000,20.0413821500,AKShare stock_zh_a_spot / 新浪
603062,麦加芯彩,39.4400000000,39.2000000000,9227541.0000000000,235380.0000000000,0.0061200000,0.0922754100,AKShare stock_zh_a_spot / 新浪
603063,禾望电气,31.7200000000,31.4200000000,461604397.0000000000,14549734.0000000000,0.0095500000,4.6160439700,AKShare stock_zh_a_spot / 新浪
603065,宿迁联盛,17.3300000000,15.7500000000,585270279.0000000000,34681800.0000000000,0.1003200000,5.8527027900,AKShare stock_zh_a_spot / 新浪
603066,音飞储存,9.0000000000,9.1100000000,33601502.0000000000,3749114.0000000000,-0.0120700000,0.3360150200,AKShare stock_zh_a_spot / 新浪
603067,振华股份,34.1800000000,34.2000000000,521000695.0000000000,15370889.0000000000,-0.0005800000,5.2100069500,AKShare stock_zh_a_spot / 新浪
603068,博通集成,38.6000000000,41.4000000000,527194598.0000000000,13524944.0000000000,-0.0676300000,5.2719459800,AKShare stock_zh_a_spot / 新浪
603069,海汽集团,12.9200000000,13.0600000000,32573467.0000000000,2536187.0000000000,-0.0107200000,0.3257346700,AKShare stock_zh_a_spot / 新浪
603070,万控智造,11.6100000000,11.6100000000,22907235.0000000000,1990494.0000000000,0.0000000000,0.2290723500,AKShare stock_zh_a_spot / 新浪
603071,物产环能,12.4600000000,12.4100000000,75490544.0000000000,6048371.0000000000,0.0040300000,0.7549054400,AKShare stock_zh_a_spot / 新浪
603072,天和磁材,31.5100000000,31.5200000000,55064583.0000000000,1746000.0000000000,-0.0003200000,0.5506458300,AKShare stock_zh_a_spot / 新浪
603073,彩蝶实业,16.7300000000,16.7100000000,20419759.0000000000,1233379.0000000000,0.0012000000,0.2041975900,AKShare stock_zh_a_spot / 新浪
603075,热威股份,19.2500000000,19.0100000000,33900479.0000000000,1780685.0000000000,0.0126200000,0.3390047900,AKShare stock_zh_a_spot / 新浪
603076,乐惠国际,20.4400000000,20.6500000000,32572224.0000000000,1596200.0000000000,-0.0101700000,0.3257222400,AKShare stock_zh_a_spot / 新浪
603077,和邦生物,2.3700000000,2.3800000000,282707708.0000000000,119929602.0000000000,-0.0042000000,2.8270770800,AKShare stock_zh_a_spot / 新浪
603078,江化微,36.0800000000,35.2800000000,828126322.0000000000,23193291.0000000000,0.0226800000,8.2812632200,AKShare stock_zh_a_spot / 新浪
603079,圣达生物,14.0300000000,12.7500000000,160811789.0000000000,11910136.0000000000,0.1003900000,1.6081178900,AKShare stock_zh_a_spot / 新浪
603080,新疆火炬,19.3900000000,19.3500000000,30858899.0000000000,1590800.0000000000,0.0020700000,0.3085889900,AKShare stock_zh_a_spot / 新浪
603081,大丰实业,9.4100000000,9.3400000000,21320230.0000000000,2284980.0000000000,0.0074900000,0.2132023000,AKShare stock_zh_a_spot / 新浪
603082,北自科技,40.9000000000,39.4400000000,164449715.0000000000,4089518.0000000000,0.0370200000,1.6444971500,AKShare stock_zh_a_spot / 新浪
603083,剑桥科技,180.9700000000,179.0900000000,4834369326.0000000000,26301001.0000000000,0.0105000000,48.3436932600,AKShare stock_zh_a_spot / 新浪
603085,天成自控,9.9300000000,10.0000000000,37420077.0000000000,3794640.0000000000,-0.0070000000,0.3742007700,AKShare stock_zh_a_spot / 新浪
603086,先达股份,5.6400000000,5.6400000000,30424301.0000000000,5459035.0000000000,0.0000000000,0.3042430100,AKShare stock_zh_a_spot / 新浪
603087,甘李药业,68.4300000000,71.8700000000,1109789729.0000000000,16008003.0000000000,-0.0478600000,11.0978972900,AKShare stock_zh_a_spot / 新浪
603088,宁波精达,9.6100000000,8.8800000000,172962495.0000000000,18411595.0000000000,0.0822100000,1.7296249500,AKShare stock_zh_a_spot / 新浪
603089,正裕工业,9.5700000000,10.0000000000,109031523.0000000000,11497531.0000000000,-0.0430000000,1.0903152300,AKShare stock_zh_a_spot / 新浪
603090,宏盛股份,37.7000000000,36.9800000000,82649061.0000000000,2206673.0000000000,0.0194700000,0.8264906100,AKShare stock_zh_a_spot / 新浪
603091,众鑫股份,49.4900000000,49.5400000000,29848223.0000000000,599201.0000000000,-0.0010100000,0.2984822300,AKShare stock_zh_a_spot / 新浪
603092,德力佳,43.1100000000,47.3400000000,178912432.0000000000,4111544.0000000000,-0.0893500000,1.7891243200,AKShare stock_zh_a_spot / 新浪
603093,南华期货,11.3000000000,11.2700000000,103102965.0000000000,9150131.0000000000,0.0026600000,1.0310296500,AKShare stock_zh_a_spot / 新浪
603095,越剑智能,15.2600000000,13.8700000000,116838526.0000000000,7820975.0000000000,0.1002200000,1.1683852600,AKShare stock_zh_a_spot / 新浪
603096,新经典,15.0600000000,15.3400000000,23115807.0000000000,1535560.0000000000,-0.0182500000,0.2311580700,AKShare stock_zh_a_spot / 新浪
603097,江苏华辰,19.6200000000,18.4800000000,71579619.0000000000,3723740.0000000000,0.0616900000,0.7157961900,AKShare stock_zh_a_spot / 新浪
603098,森特股份,10.0500000000,10.1800000000,29924579.0000000000,2979941.0000000000,-0.0127700000,0.2992457900,AKShare stock_zh_a_spot / 新浪
603099,长白山,39.7300000000,39.3400000000,278186072.0000000000,7015329.0000000000,0.0099100000,2.7818607200,AKShare stock_zh_a_spot / 新浪
603100,川仪股份,17.3600000000,17.4300000000,40778750.0000000000,2351900.0000000000,-0.0040200000,0.4077875000,AKShare stock_zh_a_spot / 新浪
603101,汇嘉时代,7.1600000000,7.3700000000,69969543.0000000000,9754924.0000000000,-0.0284900000,0.6996954300,AKShare stock_zh_a_spot / 新浪
603102,百合股份,39.7200000000,44.1300000000,284086910.0000000000,6896000.0000000000,-0.0999300000,2.8408691000,AKShare stock_zh_a_spot / 新浪
603103,横店影视,14.5400000000,14.6400000000,50547957.0000000000,3483292.0000000000,-0.0068300000,0.5054795700,AKShare stock_zh_a_spot / 新浪
603105,芯能科技,7.0400000000,6.9900000000,29603542.0000000000,4238683.0000000000,0.0071500000,0.2960354200,AKShare stock_zh_a_spot / 新浪
603106,恒银科技,7.3600000000,7.2100000000,173003533.0000000000,23851660.0000000000,0.0208000000,1.7300353300,AKShare stock_zh_a_spot / 新浪
603107,上海汽配,11.8200000000,11.8800000000,19245428.0000000000,1637361.0000000000,-0.0050500000,0.1924542800,AKShare stock_zh_a_spot / 新浪
603108,润达医疗,9.8700000000,10.3400000000,265231804.0000000000,26633926.0000000000,-0.0454500000,2.6523180400,AKShare stock_zh_a_spot / 新浪
603109,神驰机电,17.5300000000,17.4000000000,22021747.0000000000,1265633.0000000000,0.0074700000,0.2202174700,AKShare stock_zh_a_spot / 新浪
603110,东方材料,25.5000000000,25.2800000000,269495709.0000000000,10670140.0000000000,0.0087000000,2.6949570900,AKShare stock_zh_a_spot / 新浪
603111,康尼机电,5.7500000000,5.7800000000,17745844.0000000000,3100741.0000000000,-0.0051900000,0.1774584400,AKShare stock_zh_a_spot / 新浪
603112,华翔股份,16.2500000000,16.0800000000,207182867.0000000000,12917157.0000000000,0.0105700000,2.0718286700,AKShare stock_zh_a_spot / 新浪
603113,金能科技,5.0900000000,5.5500000000,230826402.0000000000,44962900.0000000000,-0.0828800000,2.3082640200,AKShare stock_zh_a_spot / 新浪
603115,海星股份,78.3700000000,77.3600000000,510158516.0000000000,6562891.0000000000,0.0130600000,5.1015851600,AKShare stock_zh_a_spot / 新浪
603116,红蜻蜓,6.2600000000,6.3700000000,32338726.0000000000,5185295.0000000000,-0.0172700000,0.3233872600,AKShare stock_zh_a_spot / 新浪
603117,万林物流,3.8300000000,3.8000000000,25684996.0000000000,6785529.0000000000,0.0078900000,0.2568499600,AKShare stock_zh_a_spot / 新浪
603118,共进股份,17.7900000000,17.0000000000,2648535363.0000000000,149380884.0000000000,0.0464700000,26.4853536300,AKShare stock_zh_a_spot / 新浪
603119,浙江荣泰,49.8900000000,49.5000000000,297335781.0000000000,6002692.0000000000,0.0078800000,2.9733578100,AKShare stock_zh_a_spot / 新浪
603120,肯特催化,48.2200000000,47.6500000000,69255603.0000000000,1446763.0000000000,0.0119600000,0.6925560300,AKShare stock_zh_a_spot / 新浪
603121,华培动力,12.3300000000,12.1800000000,44459359.0000000000,3619838.0000000000,0.0123200000,0.4445935900,AKShare stock_zh_a_spot / 新浪
603122,合富中国,11.8500000000,12.5300000000,245323566.0000000000,20544783.0000000000,-0.0542700000,2.4532356600,AKShare stock_zh_a_spot / 新浪
603123,翠微股份,9.4600000000,9.2300000000,704123374.0000000000,73126940.0000000000,0.0249200000,7.0412337400,AKShare stock_zh_a_spot / 新浪
603124,江南新材,132.4200000000,129.9000000000,547347450.0000000000,4134737.0000000000,0.0194000000,5.4734745000,AKShare stock_zh_a_spot / 新浪
603125,常青科技,23.0200000000,22.8000000000,63680768.0000000000,2790796.0000000000,0.0096500000,0.6368076800,AKShare stock_zh_a_spot / 新浪
603126,中材节能,5.9900000000,5.9800000000,29152777.0000000000,4913529.0000000000,0.0016700000,0.2915277700,AKShare stock_zh_a_spot / 新浪
603127,昭衍新药,49.2700000000,52.5700000000,2589876762.0000000000,51907934.0000000000,-0.0627700000,25.8987676200,AKShare stock_zh_a_spot / 新浪
603128,华贸物流,5.3300000000,5.3600000000,29571482.0000000000,5553342.0000000000,-0.0056000000,0.2957148200,AKShare stock_zh_a_spot / 新浪
603129,春风动力,309.0100000000,316.3800000000,394560998.0000000000,1272998.0000000000,-0.0232900000,3.9456099800,AKShare stock_zh_a_spot / 新浪
603130,云中马,40.0700000000,39.8000000000,26341541.0000000000,659262.0000000000,0.0067800000,0.2634154100,AKShare stock_zh_a_spot / 新浪
603131,上海沪工,14.4700000000,14.4500000000,65291551.0000000000,4532381.0000000000,0.0013800000,0.6529155100,AKShare stock_zh_a_spot / 新浪
603132,XD金徽股,18.9400000000,18.2700000000,125262267.0000000000,6727538.0000000000,0.0366700000,1.2526226700,AKShare stock_zh_a_spot / 新浪
603135,中重科技,9.0500000000,9.0300000000,41247703.0000000000,4593599.0000000000,0.0022100000,0.4124770300,AKShare stock_zh_a_spot / 新浪
603136,天目湖,9.0400000000,9.1600000000,38813840.0000000000,4306385.0000000000,-0.0131000000,0.3881384000,AKShare stock_zh_a_spot / 新浪
603137,恒尚节能,23.3900000000,23.8800000000,345213850.0000000000,14825587.0000000000,-0.0205200000,3.4521385000,AKShare stock_zh_a_spot / 新浪
603138,海量数据,12.9200000000,12.9200000000,41024160.0000000000,3203511.0000000000,0.0000000000,0.4102416000,AKShare stock_zh_a_spot / 新浪
603139,康惠股份,34.8800000000,35.3800000000,55023390.0000000000,1581200.0000000000,-0.0141300000,0.5502339000,AKShare stock_zh_a_spot / 新浪
603150,万朗磁塑,53.9100000000,52.3100000000,78875068.0000000000,1472826.0000000000,0.0305900000,0.7887506800,AKShare stock_zh_a_spot / 新浪
603151,邦基科技,15.6000000000,15.7300000000,58475441.0000000000,3763462.0000000000,-0.0082600000,0.5847544100,AKShare stock_zh_a_spot / 新浪
603153,上海建科,13.1200000000,13.1500000000,12531166.0000000000,962116.0000000000,-0.0022800000,0.1253116600,AKShare stock_zh_a_spot / 新浪
603155,新亚强,13.7500000000,13.5900000000,76956369.0000000000,5657164.0000000000,0.0117700000,0.7695636900,AKShare stock_zh_a_spot / 新浪
603156,养元饮品,53.0300000000,51.0000000000,928236585.0000000000,18090365.0000000000,0.0398000000,9.2823658500,AKShare stock_zh_a_spot / 新浪
603158,腾龙股份,10.0700000000,9.7900000000,169816672.0000000000,17003756.0000000000,0.0286000000,1.6981667200,AKShare stock_zh_a_spot / 新浪
603159,上海亚虹,21.8000000000,21.1900000000,69264686.0000000000,3195940.0000000000,0.0287900000,0.6926468600,AKShare stock_zh_a_spot / 新浪
603160,汇顶科技,48.8700000000,49.7100000000,275173564.0000000000,5645802.0000000000,-0.0169000000,2.7517356400,AKShare stock_zh_a_spot / 新浪
603161,科华控股,15.9300000000,15.5500000000,75092198.0000000000,4771110.0000000000,0.0244400000,0.7509219800,AKShare stock_zh_a_spot / 新浪
603162,海通发展,12.3400000000,11.8200000000,525743042.0000000000,42568642.0000000000,0.0439900000,5.2574304200,AKShare stock_zh_a_spot / 新浪
603163,圣晖集成,82.2900000000,82.8600000000,229523364.0000000000,2787350.0000000000,-0.0068800000,2.2952336400,AKShare stock_zh_a_spot / 新浪
603165,荣晟环保,13.8200000000,13.8000000000,27931452.0000000000,2035833.0000000000,0.0014500000,0.2793145200,AKShare stock_zh_a_spot / 新浪
603166,福达股份,10.9700000000,10.7900000000,86156896.0000000000,7885327.0000000000,0.0166800000,0.8615689600,AKShare stock_zh_a_spot / 新浪
603167,渤海轮渡,8.6800000000,8.7000000000,21056789.0000000000,2431722.0000000000,-0.0023000000,0.2105678900,AKShare stock_zh_a_spot / 新浪
603168,莎普爱思,5.5800000000,5.7500000000,44128713.0000000000,7945664.0000000000,-0.0295700000,0.4412871300,AKShare stock_zh_a_spot / 新浪
603169,兰石重装,6.2900000000,6.2600000000,46065535.0000000000,7352200.0000000000,0.0047900000,0.4606553500,AKShare stock_zh_a_spot / 新浪
603170,宝立食品,12.2800000000,12.5900000000,24707048.0000000000,2006900.0000000000,-0.0246200000,0.2470704800,AKShare stock_zh_a_spot / 新浪
603171,税友股份,42.5800000000,43.3400000000,263959667.0000000000,6166516.0000000000,-0.0175400000,2.6395966700,AKShare stock_zh_a_spot / 新浪
603172,万丰股份,17.5000000000,17.5600000000,22686527.0000000000,1308800.0000000000,-0.0034200000,0.2268652700,AKShare stock_zh_a_spot / 新浪
603173,福斯达,31.4600000000,31.3900000000,25671232.0000000000,826923.0000000000,0.0022300000,0.2567123200,AKShare stock_zh_a_spot / 新浪
603175,超颖电子,91.8800000000,89.5800000000,165971097.0000000000,1818272.0000000000,0.0256800000,1.6597109700,AKShare stock_zh_a_spot / 新浪
603176,汇通集团,4.9100000000,4.8900000000,16771935.0000000000,3437400.0000000000,0.0040900000,0.1677193500,AKShare stock_zh_a_spot / 新浪
603177,德创环保,10.4200000000,11.0000000000,148517503.0000000000,14333300.0000000000,-0.0527300000,1.4851750300,AKShare stock_zh_a_spot / 新浪
603178,圣龙股份,16.0700000000,16.3000000000,84683165.0000000000,5269195.0000000000,-0.0141100000,0.8468316500,AKShare stock_zh_a_spot / 新浪
603179,新泉股份,36.7300000000,35.0500000000,645176205.0000000000,18042013.0000000000,0.0479300000,6.4517620500,AKShare stock_zh_a_spot / 新浪
603180,金牌家居,15.3800000000,15.5300000000,18764839.0000000000,1221472.0000000000,-0.0096600000,0.1876483900,AKShare stock_zh_a_spot / 新浪
603181,皇马科技,12.6700000000,12.7300000000,43881334.0000000000,3480019.0000000000,-0.0047100000,0.4388133400,AKShare stock_zh_a_spot / 新浪
603182,嘉华股份,13.1600000000,13.2000000000,36894600.0000000000,2822700.0000000000,-0.0030300000,0.3689460000,AKShare stock_zh_a_spot / 新浪
603183,建研院,4.7700000000,4.5800000000,61526029.0000000000,13228949.0000000000,0.0414800000,0.6152602900,AKShare stock_zh_a_spot / 新浪
603185,弘元绿能,16.8300000000,16.7700000000,81954463.0000000000,4876030.0000000000,0.0035800000,0.8195446300,AKShare stock_zh_a_spot / 新浪
603186,华正新材,172.3700000000,164.0000000000,4631855023.0000000000,26841216.0000000000,0.0510400000,46.3185502300,AKShare stock_zh_a_spot / 新浪
603187,海容冷链,10.9700000000,11.1600000000,77369789.0000000000,7044961.0000000000,-0.0170300000,0.7736978900,AKShare stock_zh_a_spot / 新浪
603188,亚邦股份,4.5800000000,4.5600000000,62025280.0000000000,13671300.0000000000,0.0043900000,0.6202528000,AKShare stock_zh_a_spot / 新浪
603190,亚通精工,16.5000000000,16.5300000000,18408810.0000000000,1119800.0000000000,-0.0018100000,0.1840881000,AKShare stock_zh_a_spot / 新浪
603191,望变电气,14.7300000000,14.7100000000,112428774.0000000000,7701153.0000000000,0.0013600000,1.1242877400,AKShare stock_zh_a_spot / 新浪
603192,汇得科技,20.1300000000,20.1300000000,23056874.0000000000,1150697.0000000000,0.0000000000,0.2305687400,AKShare stock_zh_a_spot / 新浪
603193,润本股份,20.9600000000,21.3600000000,170634935.0000000000,7855548.0000000000,-0.0187300000,1.7063493500,AKShare stock_zh_a_spot / 新浪
603194,中力股份,33.2700000000,33.4600000000,19578540.0000000000,589685.0000000000,-0.0056800000,0.1957854000,AKShare stock_zh_a_spot / 新浪
603195,公牛集团,40.0000000000,40.0700000000,113007272.0000000000,2838792.0000000000,-0.0017500000,1.1300727200,AKShare stock_zh_a_spot / 新浪
603196,璞源材料,19.6100000000,19.5000000000,25025908.0000000000,1280594.0000000000,0.0056400000,0.2502590800,AKShare stock_zh_a_spot / 新浪
603197,保隆科技,30.6800000000,30.4500000000,61617809.0000000000,2025881.0000000000,0.0075500000,0.6161780900,AKShare stock_zh_a_spot / 新浪
603198,迎驾贡酒,38.9700000000,39.9500000000,216815483.0000000000,5543300.0000000000,-0.0245300000,2.1681548300,AKShare stock_zh_a_spot / 新浪
603199,九华旅游,33.4500000000,34.0000000000,116318671.0000000000,3471692.0000000000,-0.0161800000,1.1631867100,AKShare stock_zh_a_spot / 新浪
603200,上海洗霸,35.5700000000,35.2300000000,99965403.0000000000,2815994.0000000000,0.0096500000,0.9996540300,AKShare stock_zh_a_spot / 新浪
603201,常润股份,15.1300000000,15.2400000000,30042999.0000000000,1995020.0000000000,-0.0072200000,0.3004299900,AKShare stock_zh_a_spot / 新浪
603202,天有为,51.1500000000,51.7900000000,36530193.0000000000,713500.0000000000,-0.0123600000,0.3653019300,AKShare stock_zh_a_spot / 新浪
603203,快克智能,43.6300000000,42.8600000000,240363453.0000000000,5531071.0000000000,0.0179700000,2.4036345300,AKShare stock_zh_a_spot / 新浪
603205,健尔康,21.5100000000,21.9400000000,16304052.0000000000,757577.0000000000,-0.0196000000,0.1630405200,AKShare stock_zh_a_spot / 新浪
603206,嘉环科技,13.6900000000,13.7000000000,31204774.0000000000,2290544.0000000000,-0.0007300000,0.3120477400,AKShare stock_zh_a_spot / 新浪
603207,小方制药,23.4600000000,24.8800000000,135968875.0000000000,5704875.0000000000,-0.0570700000,1.3596887500,AKShare stock_zh_a_spot / 新浪
603208,江山欧派,11.4000000000,11.4300000000,25594361.0000000000,2258839.0000000000,-0.0026200000,0.2559436100,AKShare stock_zh_a_spot / 新浪
603209,兴通股份,14.4200000000,14.0700000000,179709833.0000000000,12611499.0000000000,0.0248800000,1.7970983300,AKShare stock_zh_a_spot / 新浪
603210,泰鸿万立,13.2800000000,13.5900000000,32744929.0000000000,2454480.0000000000,-0.0228100000,0.3274492900,AKShare stock_zh_a_spot / 新浪
603211,晋拓股份,23.0700000000,23.2500000000,224721819.0000000000,9778921.0000000000,-0.0077400000,2.2472181900,AKShare stock_zh_a_spot / 新浪
603212,赛伍技术,11.5100000000,11.4300000000,56079615.0000000000,4883500.0000000000,0.0070000000,0.5607961500,AKShare stock_zh_a_spot / 新浪
603213,镇洋发展,13.9700000000,13.8200000000,38816586.0000000000,2788300.0000000000,0.0108500000,0.3881658600,AKShare stock_zh_a_spot / 新浪
603214,爱婴室,13.8100000000,13.8900000000,22910979.0000000000,1672000.0000000000,-0.0057600000,0.2291097900,AKShare stock_zh_a_spot / 新浪
603215,比依股份,14.3400000000,14.4400000000,13545127.0000000000,945800.0000000000,-0.0069300000,0.1354512700,AKShare stock_zh_a_spot / 新浪
603216,梦天家居,21.0600000000,21.1400000000,107478711.0000000000,5143739.0000000000,-0.0037800000,1.0747871100,AKShare stock_zh_a_spot / 新浪
603217,元利科技,26.5000000000,26.4800000000,138858905.0000000000,5198457.0000000000,0.0007600000,1.3885890500,AKShare stock_zh_a_spot / 新浪
603218,日月股份,9.6400000000,9.7000000000,28914149.0000000000,2999484.0000000000,-0.0061900000,0.2891414900,AKShare stock_zh_a_spot / 新浪
603219,富佳股份,13.5200000000,13.6200000000,28679696.0000000000,2116240.0000000000,-0.0073400000,0.2867969600,AKShare stock_zh_a_spot / 新浪
603220,中贝通信,18.4700000000,17.8900000000,474719099.0000000000,26100270.0000000000,0.0324200000,4.7471909900,AKShare stock_zh_a_spot / 新浪
603221,爱丽家居,26.2600000000,28.6000000000,620551398.0000000000,22987880.0000000000,-0.0818200000,6.2055139800,AKShare stock_zh_a_spot / 新浪
603222,济民健康,8.2200000000,8.5500000000,168591261.0000000000,20315828.0000000000,-0.0386000000,1.6859126100,AKShare stock_zh_a_spot / 新浪
603223,恒通股份,10.4600000000,10.5000000000,64714365.0000000000,6162937.0000000000,-0.0038100000,0.6471436500,AKShare stock_zh_a_spot / 新浪
603225,新凤鸣,19.0200000000,18.9700000000,360664919.0000000000,19214594.0000000000,0.0026400000,3.6066491900,AKShare stock_zh_a_spot / 新浪
603226,菲林格尔,44.6000000000,44.7000000000,72146445.0000000000,1617316.0000000000,-0.0022400000,0.7214644500,AKShare stock_zh_a_spot / 新浪
603227,雪峰科技,7.6500000000,7.6900000000,47695248.0000000000,6239195.0000000000,-0.0052000000,0.4769524800,AKShare stock_zh_a_spot / 新浪
603228,景旺电子,94.8400000000,89.2200000000,4112276823.0000000000,43891028.0000000000,0.0629900000,41.1227682300,AKShare stock_zh_a_spot / 新浪
603229,奥翔药业,8.1000000000,8.3500000000,94818930.0000000000,11664937.0000000000,-0.0299400000,0.9481893000,AKShare stock_zh_a_spot / 新浪
603230,内蒙新华,9.0800000000,9.2100000000,12874055.0000000000,1417800.0000000000,-0.0141200000,0.1287405500,AKShare stock_zh_a_spot / 新浪
603231,索宝蛋白,16.0900000000,16.1000000000,47481993.0000000000,2996401.0000000000,-0.0006200000,0.4748199300,AKShare stock_zh_a_spot / 新浪
603232,格尔软件,14.7400000000,14.6300000000,73208405.0000000000,5014800.0000000000,0.0075200000,0.7320840500,AKShare stock_zh_a_spot / 新浪
603233,大参林,17.6600000000,18.1900000000,103615497.0000000000,5848260.0000000000,-0.0291400000,1.0361549700,AKShare stock_zh_a_spot / 新浪
603235,天新药业,22.9000000000,23.3900000000,11863280.0000000000,517600.0000000000,-0.0209500000,0.1186328000,AKShare stock_zh_a_spot / 新浪
603236,移远通信,58.0100000000,59.8800000000,1036122380.0000000000,17753159.0000000000,-0.0312300000,10.3612238000,AKShare stock_zh_a_spot / 新浪
603237,五芳斋,14.1500000000,14.2800000000,15798885.0000000000,1120500.0000000000,-0.0091000000,0.1579888500,AKShare stock_zh_a_spot / 新浪
603238,诺邦股份,12.3000000000,12.4000000000,18541916.0000000000,1517200.0000000000,-0.0080600000,0.1854191600,AKShare stock_zh_a_spot / 新浪
603239,浙江仙通,14.3500000000,14.4700000000,27938574.0000000000,1946513.0000000000,-0.0082900000,0.2793857400,AKShare stock_zh_a_spot / 新浪
603248,锡华科技,18.1100000000,18.3100000000,35442969.0000000000,1953905.0000000000,-0.0109200000,0.3544296900,AKShare stock_zh_a_spot / 新浪
603255,鼎际得,27.5500000000,27.8400000000,28061051.0000000000,1020600.0000000000,-0.0104200000,0.2806105100,AKShare stock_zh_a_spot / 新浪
603256,宏和科技,140.4100000000,137.4000000000,2035374682.0000000000,14590957.0000000000,0.0219100000,20.3537468200,AKShare stock_zh_a_spot / 新浪
603257,中国瑞林,63.9900000000,62.4000000000,82705759.0000000000,1316269.0000000000,0.0254800000,0.8270575900,AKShare stock_zh_a_spot / 新浪
603258,电魂网络,12.6500000000,12.7200000000,24158335.0000000000,1921705.0000000000,-0.0055000000,0.2415833500,AKShare stock_zh_a_spot / 新浪
603259,药明康德,162.8600000000,167.9000000000,9385096691.0000000000,57244517.0000000000,-0.0300200000,93.8509669100,AKShare stock_zh_a_spot / 新浪
603260,合盛硅业,35.1900000000,35.0600000000,214006986.0000000000,6099396.0000000000,0.0037100000,2.1400698600,AKShare stock_zh_a_spot / 新浪
603261,立航科技,50.6700000000,49.9000000000,63534615.0000000000,1269800.0000000000,0.0154300000,0.6353461500,AKShare stock_zh_a_spot / 新浪
603262,技源集团,17.6700000000,17.9000000000,40810385.0000000000,2306501.0000000000,-0.0128500000,0.4081038500,AKShare stock_zh_a_spot / 新浪
603266,天龙股份,15.6100000000,15.6000000000,26909243.0000000000,1732400.0000000000,0.0006400000,0.2690924300,AKShare stock_zh_a_spot / 新浪
603267,鸿远电子,49.1900000000,48.6100000000,251132610.0000000000,5140169.0000000000,0.0119300000,2.5113261000,AKShare stock_zh_a_spot / 新浪
603268,松发股份,182.8100000000,176.2100000000,1117895614.0000000000,6083602.0000000000,0.0374600000,11.1789561400,AKShare stock_zh_a_spot / 新浪
603269,海鸥股份,17.8100000000,17.4900000000,306728525.0000000000,17213187.0000000000,0.0183000000,3.0672852500,AKShare stock_zh_a_spot / 新浪
603270,金帝股份,27.8700000000,27.7300000000,59179289.0000000000,2131730.0000000000,0.0050500000,0.5917928900,AKShare stock_zh_a_spot / 新浪
603271,永杰新材,43.3400000000,42.9200000000,57964776.0000000000,1344875.0000000000,0.0097900000,0.5796477600,AKShare stock_zh_a_spot / 新浪
603273,天元智能,14.5000000000,14.3500000000,34466603.0000000000,2382691.0000000000,0.0104500000,0.3446660300,AKShare stock_zh_a_spot / 新浪
603275,众辰科技,35.5200000000,35.4100000000,16972101.0000000000,480193.0000000000,0.0031100000,0.1697210100,AKShare stock_zh_a_spot / 新浪
603276,恒兴新材,16.1300000000,16.3800000000,41432818.0000000000,2588848.0000000000,-0.0152600000,0.4143281800,AKShare stock_zh_a_spot / 新浪
603277,银都股份,12.5000000000,11.9200000000,139829234.0000000000,11573295.0000000000,0.0486600000,1.3982923400,AKShare stock_zh_a_spot / 新浪
603278,大业股份,9.0600000000,8.9200000000,73869500.0000000000,8254241.0000000000,0.0157000000,0.7386950000,AKShare stock_zh_a_spot / 新浪
603279,景津装备,12.4700000000,12.5300000000,64120404.0000000000,5170360.0000000000,-0.0047900000,0.6412040400,AKShare stock_zh_a_spot / 新浪
603280,南方路机,26.5600000000,26.9600000000,59222141.0000000000,2255506.0000000000,-0.0148400000,0.5922214100,AKShare stock_zh_a_spot / 新浪
603281,江瀚新材,19.3300000000,19.1700000000,68662423.0000000000,3560203.0000000000,0.0083500000,0.6866242300,AKShare stock_zh_a_spot / 新浪
603282,亚光股份,15.6100000000,15.4200000000,20406313.0000000000,1318300.0000000000,0.0123200000,0.2040631300,AKShare stock_zh_a_spot / 新浪
603283,赛腾股份,46.7500000000,46.8200000000,761132989.0000000000,16269442.0000000000,-0.0015000000,7.6113298900,AKShare stock_zh_a_spot / 新浪
603284,林平发展,41.8000000000,42.7700000000,75314050.0000000000,1799244.0000000000,-0.0226800000,0.7531405000,AKShare stock_zh_a_spot / 新浪
603285,键邦股份,35.6500000000,37.5100000000,402605880.0000000000,11283797.0000000000,-0.0495900000,4.0260588000,AKShare stock_zh_a_spot / 新浪
603286,日盈电子,41.0600000000,41.1000000000,76202857.0000000000,1863594.0000000000,-0.0009700000,0.7620285700,AKShare stock_zh_a_spot / 新浪
603288,海天味业,35.0500000000,35.7500000000,562650489.0000000000,16063929.0000000000,-0.0195800000,5.6265048900,AKShare stock_zh_a_spot / 新浪
603289,泰瑞机器,8.6500000000,8.6800000000,27958782.0000000000,3236957.0000000000,-0.0034600000,0.2795878200,AKShare stock_zh_a_spot / 新浪
603290,斯达半导,97.9600000000,95.6200000000,1604339545.0000000000,16321521.0000000000,0.0244700000,16.0433954500,AKShare stock_zh_a_spot / 新浪
603291,联合水务,9.4300000000,9.2000000000,59640467.0000000000,6483412.0000000000,0.0250000000,0.5964046700,AKShare stock_zh_a_spot / 新浪
603293,埃泰克,34.9000000000,35.2000000000,26493849.0000000000,759611.0000000000,-0.0085200000,0.2649384900,AKShare stock_zh_a_spot / 新浪
603296,华勤技术,78.2400000000,78.3200000000,1215674441.0000000000,15515913.0000000000,-0.0010200000,12.1567444100,AKShare stock_zh_a_spot / 新浪
603297,永新光学,106.8700000000,107.2600000000,137560123.0000000000,1279228.0000000000,-0.0036400000,1.3756012300,AKShare stock_zh_a_spot / 新浪
603298,杭叉集团,25.9000000000,26.3200000000,81656098.0000000000,3145716.0000000000,-0.0159600000,0.8165609800,AKShare stock_zh_a_spot / 新浪
603299,苏盐井神,8.9800000000,9.0900000000,40666463.0000000000,4521130.0000000000,-0.0121000000,0.4066646300,AKShare stock_zh_a_spot / 新浪
603300,海南华铁,4.7700000000,4.8600000000,143150448.0000000000,29934980.0000000000,-0.0185200000,1.4315044800,AKShare stock_zh_a_spot / 新浪
603301,振德医疗,81.8200000000,82.6000000000,104552550.0000000000,1280800.0000000000,-0.0094400000,1.0455255000,AKShare stock_zh_a_spot / 新浪
603303,得邦照明,22.9700000000,23.5600000000,95289580.0000000000,4176020.0000000000,-0.0250400000,0.9528958000,AKShare stock_zh_a_spot / 新浪
603305,旭升集团,11.2300000000,11.2300000000,125492802.0000000000,11212249.0000000000,0.0000000000,1.2549280200,AKShare stock_zh_a_spot / 新浪
603306,华懋科技,74.2600000000,74.2800000000,781333567.0000000000,10508753.0000000000,-0.0002700000,7.8133356700,AKShare stock_zh_a_spot / 新浪
603307,扬州金泉,25.6100000000,25.4400000000,19911425.0000000000,782071.0000000000,0.0066800000,0.1991142500,AKShare stock_zh_a_spot / 新浪
603308,应流股份,44.2800000000,44.5600000000,939236115.0000000000,21107603.0000000000,-0.0062800000,9.3923611500,AKShare stock_zh_a_spot / 新浪
603309,维力医疗,11.5600000000,11.9600000000,78658516.0000000000,6752622.0000000000,-0.0334400000,0.7865851600,AKShare stock_zh_a_spot / 新浪
603310,巍华新材,14.7000000000,14.7700000000,14423016.0000000000,981739.0000000000,-0.0047400000,0.1442301600,AKShare stock_zh_a_spot / 新浪
603311,金海高科,28.9800000000,29.0000000000,87524257.0000000000,3030500.0000000000,-0.0006900000,0.8752425700,AKShare stock_zh_a_spot / 新浪
603312,西典新能,31.0600000000,30.8700000000,22561951.0000000000,732823.0000000000,0.0061500000,0.2256195100,AKShare stock_zh_a_spot / 新浪
603313,梦百合,6.0800000000,6.1200000000,63673782.0000000000,10509172.0000000000,-0.0065400000,0.6367378200,AKShare stock_zh_a_spot / 新浪
603315,福鞍股份,11.6700000000,11.5100000000,42062728.0000000000,3649200.0000000000,0.0139000000,0.4206272800,AKShare stock_zh_a_spot / 新浪
603316,诚邦股份,14.0500000000,13.9100000000,94935343.0000000000,6776500.0000000000,0.0100600000,0.9493534300,AKShare stock_zh_a_spot / 新浪
603317,天味食品,13.4400000000,14.6600000000,286216758.0000000000,20785305.0000000000,-0.0832200000,2.8621675800,AKShare stock_zh_a_spot / 新浪
603318,水发燃气,9.5400000000,8.6700000000,416796181.0000000000,44188630.0000000000,0.1003500000,4.1679618100,AKShare stock_zh_a_spot / 新浪
603319,美湖股份,26.2200000000,24.6100000000,474641129.0000000000,18936309.0000000000,0.0654200000,4.7464112900,AKShare stock_zh_a_spot / 新浪
603320,迪贝电气,16.5400000000,16.5200000000,19457862.0000000000,1182900.0000000000,0.0012100000,0.1945786200,AKShare stock_zh_a_spot / 新浪
603321,梅轮电梯,6.3200000000,6.3500000000,17089677.0000000000,2721772.0000000000,-0.0047200000,0.1708967700,AKShare stock_zh_a_spot / 新浪
603322,超讯科技,26.2100000000,26.3400000000,80107338.0000000000,3069540.0000000000,-0.0049400000,0.8010733800,AKShare stock_zh_a_spot / 新浪
603323,苏农银行,4.1900000000,4.2100000000,88494515.0000000000,21115422.0000000000,-0.0047500000,0.8849451500,AKShare stock_zh_a_spot / 新浪
603324,盛剑科技,27.4500000000,27.4600000000,110107016.0000000000,4027602.0000000000,-0.0003600000,1.1010701600,AKShare stock_zh_a_spot / 新浪
603325,博隆技术,52.3800000000,51.9600000000,15100735.0000000000,290579.0000000000,0.0080800000,0.1510073500,AKShare stock_zh_a_spot / 新浪
603326,我乐家居,6.9900000000,6.9900000000,28870617.0000000000,4183300.0000000000,0.0000000000,0.2887061700,AKShare stock_zh_a_spot / 新浪
603327,福蓉科技,9.3300000000,8.8600000000,508118431.0000000000,54728705.0000000000,0.0530500000,5.0811843100,AKShare stock_zh_a_spot / 新浪
603328,依顿电子,11.0700000000,11.1000000000,162115305.0000000000,14637300.0000000000,-0.0027000000,1.6211530500,AKShare stock_zh_a_spot / 新浪
603329,上海雅仕,10.4400000000,10.5900000000,33519804.0000000000,3226399.0000000000,-0.0141600000,0.3351980400,AKShare stock_zh_a_spot / 新浪
603330,天洋新材,9.9700000000,9.0600000000,1127323852.0000000000,117289878.0000000000,0.1004400000,11.2732385200,AKShare stock_zh_a_spot / 新浪
603331,百达精工,12.4900000000,12.4400000000,39909862.0000000000,3199290.0000000000,0.0040200000,0.3990986200,AKShare stock_zh_a_spot / 新浪
603332,苏州龙杰,11.6100000000,11.4900000000,60238255.0000000000,5249400.0000000000,0.0104400000,0.6023825500,AKShare stock_zh_a_spot / 新浪
603333,福华尚纬,9.8500000000,8.9500000000,182185418.0000000000,18605641.0000000000,0.1005600000,1.8218541800,AKShare stock_zh_a_spot / 新浪
603334,丰倍生物,32.6700000000,34.2900000000,110552802.0000000000,3363656.0000000000,-0.0472400000,1.1055280200,AKShare stock_zh_a_spot / 新浪
603335,迪生力,6.7300000000,6.5300000000,75893447.0000000000,11546950.0000000000,0.0306300000,0.7589344700,AKShare stock_zh_a_spot / 新浪
603336,宏辉果蔬,9.2500000000,9.2600000000,157750185.0000000000,17398000.0000000000,-0.0010800000,1.5775018500,AKShare stock_zh_a_spot / 新浪
603337,杰克科技,37.9000000000,37.5000000000,111792237.0000000000,2978043.0000000000,0.0106700000,1.1179223700,AKShare stock_zh_a_spot / 新浪
603338,浙江鼎力,53.7600000000,54.2300000000,169933099.0000000000,3162354.0000000000,-0.0086700000,1.6993309900,AKShare stock_zh_a_spot / 新浪
603339,四方科技,13.9200000000,13.8000000000,64379527.0000000000,4658835.0000000000,0.0087000000,0.6437952700,AKShare stock_zh_a_spot / 新浪
603341,龙旗科技,37.2900000000,36.6000000000,306361793.0000000000,8246589.0000000000,0.0188500000,3.0636179300,AKShare stock_zh_a_spot / 新浪
603344,星德胜,22.6600000000,22.4500000000,36838796.0000000000,1639798.0000000000,0.0093500000,0.3683879600,AKShare stock_zh_a_spot / 新浪
603345,安井食品,79.0000000000,81.4600000000,472832535.0000000000,5959637.0000000000,-0.0302000000,4.7283253500,AKShare stock_zh_a_spot / 新浪
603348,文灿股份,14.1200000000,14.3400000000,28586646.0000000000,2029144.0000000000,-0.0153400000,0.2858664600,AKShare stock_zh_a_spot / 新浪
603350,安乃达,28.1300000000,28.1000000000,9937781.0000000000,355548.0000000000,0.0010700000,0.0993778100,AKShare stock_zh_a_spot / 新浪
603351,威尔药业,26.7400000000,27.4000000000,41829188.0000000000,1568780.0000000000,-0.0240900000,0.4182918800,AKShare stock_zh_a_spot / 新浪
603352,至信股份,25.9100000000,25.6900000000,19799347.0000000000,768819.0000000000,0.0085600000,0.1979934700,AKShare stock_zh_a_spot / 新浪
603353,和顺石油,30.6600000000,30.2000000000,94698744.0000000000,3076500.0000000000,0.0152300000,0.9469874400,AKShare stock_zh_a_spot / 新浪
603355,莱克电气,28.5100000000,27.5600000000,113033899.0000000000,3938202.0000000000,0.0344700000,1.1303389900,AKShare stock_zh_a_spot / 新浪
603356,华菱精工,17.0300000000,16.7500000000,40529167.0000000000,2413900.0000000000,0.0167200000,0.4052916700,AKShare stock_zh_a_spot / 新浪
603357,设计总院,5.9200000000,5.9900000000,15805834.0000000000,2677344.0000000000,-0.0116900000,0.1580583400,AKShare stock_zh_a_spot / 新浪
603358,华达科技,47.1900000000,45.2000000000,621254761.0000000000,13304938.0000000000,0.0440300000,6.2125476100,AKShare stock_zh_a_spot / 新浪
603360,百傲化学,12.6500000000,12.3700000000,129701964.0000000000,10358846.0000000000,0.0226400000,1.2970196400,AKShare stock_zh_a_spot / 新浪
603363,傲农生物,2.8900000000,2.9300000000,64209754.0000000000,22301400.0000000000,-0.0136500000,0.6420975400,AKShare stock_zh_a_spot / 新浪
603365,水星家纺,17.9100000000,17.6600000000,41314254.0000000000,2340600.0000000000,0.0141600000,0.4131425400,AKShare stock_zh_a_spot / 新浪
603366,日出东方,7.1800000000,7.4100000000,205488157.0000000000,28574381.0000000000,-0.0310400000,2.0548815700,AKShare stock_zh_a_spot / 新浪
603367,辰欣药业,14.1000000000,14.9100000000,203077442.0000000000,14319830.0000000000,-0.0543300000,2.0307744200,AKShare stock_zh_a_spot / 新浪
603368,柳药集团,15.8800000000,16.5400000000,118857269.0000000000,7414360.0000000000,-0.0399000000,1.1885726900,AKShare stock_zh_a_spot / 新浪
603369,今世缘,27.8900000000,28.7200000000,371581280.0000000000,13234035.0000000000,-0.0289000000,3.7158128000,AKShare stock_zh_a_spot / 新浪
603370,华新精科,32.7800000000,32.9000000000,15264836.0000000000,469609.0000000000,-0.0036500000,0.1526483600,AKShare stock_zh_a_spot / 新浪
603373,安邦护卫,38.6100000000,38.7100000000,43432983.0000000000,1132260.0000000000,-0.0025800000,0.4343298300,AKShare stock_zh_a_spot / 新浪
603375,盛景微,39.2100000000,38.7700000000,51890618.0000000000,1335046.0000000000,0.0113500000,0.5189061800,AKShare stock_zh_a_spot / 新浪
603376,大明电子,26.9000000000,28.4000000000,131859449.0000000000,4823766.0000000000,-0.0528200000,1.3185944900,AKShare stock_zh_a_spot / 新浪
603379,三美股份,61.4500000000,61.1900000000,232577024.0000000000,3787680.0000000000,0.0042500000,2.3257702400,AKShare stock_zh_a_spot / 新浪
603380,易德龙,35.4700000000,33.7200000000,135306742.0000000000,3920402.0000000000,0.0519000000,1.3530674200,AKShare stock_zh_a_spot / 新浪
603381,永臻股份,15.2700000000,15.1400000000,60505135.0000000000,3985580.0000000000,0.0085900000,0.6050513500,AKShare stock_zh_a_spot / 新浪
603382,海阳科技,20.3400000000,22.6000000000,159601048.0000000000,7694905.0000000000,-0.1000000000,1.5960104800,AKShare stock_zh_a_spot / 新浪
603383,顶点软件,28.5900000000,28.1300000000,109383018.0000000000,3868839.0000000000,0.0163500000,1.0938301800,AKShare stock_zh_a_spot / 新浪
603385,惠达卫浴,5.4900000000,5.5500000000,21178691.0000000000,3887300.0000000000,-0.0108100000,0.2117869100,AKShare stock_zh_a_spot / 新浪
603386,骏亚科技,13.8500000000,13.6800000000,84077898.0000000000,6084256.0000000000,0.0124300000,0.8407789800,AKShare stock_zh_a_spot / 新浪
603387,基蛋生物,9.4200000000,9.6500000000,124496817.0000000000,13284135.0000000000,-0.0238300000,1.2449681700,AKShare stock_zh_a_spot / 新浪
603389,亚振家居,45.8500000000,46.2300000000,121916030.0000000000,2657660.0000000000,-0.0082200000,1.2191603000,AKShare stock_zh_a_spot / 新浪
603390,通达电气,10.1200000000,10.0800000000,38187219.0000000000,3797155.0000000000,0.0039700000,0.3818721900,AKShare stock_zh_a_spot / 新浪
603391,力聚热能,68.5700000000,70.5000000000,192766960.0000000000,2791200.0000000000,-0.0273800000,1.9276696000,AKShare stock_zh_a_spot / 新浪
603392,万泰生物,30.5900000000,30.8100000000,629942960.0000000000,20173729.0000000000,-0.0071400000,6.2994296000,AKShare stock_zh_a_spot / 新浪
603393,新天然气,24.3700000000,23.8000000000,311194506.0000000000,12679031.0000000000,0.0239500000,3.1119450600,AKShare stock_zh_a_spot / 新浪
603395,红四方,27.5800000000,30.6400000000,272837713.0000000000,9766464.0000000000,-0.0998700000,2.7283771300,AKShare stock_zh_a_spot / 新浪
603396,金辰股份,25.6500000000,25.5500000000,56354500.0000000000,2202700.0000000000,0.0039100000,0.5635450000,AKShare stock_zh_a_spot / 新浪
603399,永杉锂业,15.0600000000,14.0700000000,1107132168.0000000000,74812840.0000000000,0.0703600000,11.0713216800,AKShare stock_zh_a_spot / 新浪
603400,华之杰,48.8500000000,50.7800000000,259977373.0000000000,5399604.0000000000,-0.0380100000,2.5997737300,AKShare stock_zh_a_spot / 新浪
603402,陕西旅游,61.8400000000,63.3300000000,91289216.0000000000,1473880.0000000000,-0.0235300000,0.9128921600,AKShare stock_zh_a_spot / 新浪
603406,天富龙,29.1600000000,29.0200000000,126657687.0000000000,4317199.0000000000,0.0048200000,1.2665768700,AKShare stock_zh_a_spot / 新浪
603407,长裕集团,59.6100000000,60.2800000000,328221551.0000000000,5548802.0000000000,-0.0111100000,3.2822155100,AKShare stock_zh_a_spot / 新浪
603408,建霖家居,10.2900000000,10.3900000000,19347986.0000000000,1894700.0000000000,-0.0096200000,0.1934798600,AKShare stock_zh_a_spot / 新浪
603409,汇通控股,17.9100000000,17.8900000000,27458412.0000000000,1541580.0000000000,0.0011200000,0.2745841200,AKShare stock_zh_a_spot / 新浪
603416,信捷电气,45.3700000000,45.7100000000,94522279.0000000000,2099464.0000000000,-0.0074400000,0.9452227900,AKShare stock_zh_a_spot / 新浪
603418,友升股份,42.8200000000,43.2000000000,25034475.0000000000,584465.0000000000,-0.0088000000,0.2503447500,AKShare stock_zh_a_spot / 新浪
603421,鼎信通讯,5.8800000000,5.8500000000,48017343.0000000000,8231080.0000000000,0.0051300000,0.4801734300,AKShare stock_zh_a_spot / 新浪
603435,嘉德利,50.3800000000,50.5800000000,90686979.0000000000,1810868.0000000000,-0.0039500000,0.9068697900,AKShare stock_zh_a_spot / 新浪
603439,三力制药,12.4100000000,12.9200000000,228776547.0000000000,18404400.0000000000,-0.0394700000,2.2877654700,AKShare stock_zh_a_spot / 新浪
603444,吉比特,383.8100000000,393.9100000000,777464186.0000000000,2017859.0000000000,-0.0256400000,7.7746418600,AKShare stock_zh_a_spot / 新浪
603456,九洲药业,16.6000000000,17.2600000000,734454846.0000000000,44321794.0000000000,-0.0382400000,7.3445484600,AKShare stock_zh_a_spot / 新浪
603458,勘设股份,9.2000000000,9.8600000000,181091406.0000000000,19372361.0000000000,-0.0669400000,1.8109140600,AKShare stock_zh_a_spot / 新浪
603459,红板科技,87.2500000000,87.0000000000,673900318.0000000000,7726986.0000000000,0.0028700000,6.7390031800,AKShare stock_zh_a_spot / 新浪
603466,风语筑,11.3100000000,11.5100000000,366084307.0000000000,32404434.0000000000,-0.0173800000,3.6608430700,AKShare stock_zh_a_spot / 新浪
603468,津富士达,23.8500000000,24.1900000000,78008139.0000000000,3269408.0000000000,-0.0140600000,0.7800813900,AKShare stock_zh_a_spot / 新浪
603477,巨星农牧,14.3500000000,14.3600000000,159924522.0000000000,11172944.0000000000,-0.0007000000,1.5992452200,AKShare stock_zh_a_spot / 新浪
603486,科沃斯,61.1500000000,61.5000000000,250756470.0000000000,4114422.0000000000,-0.0056900000,2.5075647000,AKShare stock_zh_a_spot / 新浪
603488,展鹏科技,8.1800000000,8.2100000000,50484185.0000000000,6179900.0000000000,-0.0036500000,0.5048418500,AKShare stock_zh_a_spot / 新浪
603489,八方股份,27.6600000000,27.2900000000,43058536.0000000000,1575707.0000000000,0.0135600000,0.4305853600,AKShare stock_zh_a_spot / 新浪
603496,恒为科技,24.2200000000,24.1400000000,226876673.0000000000,9486732.0000000000,0.0033100000,2.2687667300,AKShare stock_zh_a_spot / 新浪
603499,翔港科技,11.8200000000,11.7200000000,48589045.0000000000,4160282.0000000000,0.0085300000,0.4858904500,AKShare stock_zh_a_spot / 新浪
603500,祥和实业,9.5100000000,9.3700000000,49435168.0000000000,5276920.0000000000,0.0149400000,0.4943516800,AKShare stock_zh_a_spot / 新浪
603501,豪威集团,85.8200000000,85.9900000000,909045832.0000000000,10579596.0000000000,-0.0019800000,9.0904583200,AKShare stock_zh_a_spot / 新浪
603505,金石资源,15.2800000000,15.3900000000,153081733.0000000000,10091973.0000000000,-0.0071500000,1.5308173300,AKShare stock_zh_a_spot / 新浪
603506,南都物业,10.8300000000,10.9500000000,142842401.0000000000,13094554.0000000000,-0.0109600000,1.4284240100,AKShare stock_zh_a_spot / 新浪
603507,振江股份,23.0400000000,23.1500000000,100042233.0000000000,4337118.0000000000,-0.0047500000,1.0004223300,AKShare stock_zh_a_spot / 新浪
603508,思维列控,21.2000000000,21.4200000000,64820175.0000000000,3058212.0000000000,-0.0102700000,0.6482017500,AKShare stock_zh_a_spot / 新浪
603511,爱慕股份,12.6200000000,12.8400000000,14044690.0000000000,1117029.0000000000,-0.0171300000,0.1404469000,AKShare stock_zh_a_spot / 新浪
603515,欧普照明,16.3000000000,16.2900000000,20064039.0000000000,1239400.0000000000,0.0006100000,0.2006403900,AKShare stock_zh_a_spot / 新浪
603516,淳中科技,98.2600000000,93.6700000000,634520347.0000000000,6530908.0000000000,0.0490000000,6.3452034700,AKShare stock_zh_a_spot / 新浪
603518,锦泓集团,8.0100000000,8.1500000000,48911794.0000000000,6117000.0000000000,-0.0171800000,0.4891179400,AKShare stock_zh_a_spot / 新浪
603519,立霸股份,16.4100000000,16.5300000000,371460443.0000000000,22518294.0000000000,-0.0072600000,3.7146044300,AKShare stock_zh_a_spot / 新浪
603520,司太立,8.8600000000,9.1000000000,78922755.0000000000,8914024.0000000000,-0.0263700000,0.7892275500,AKShare stock_zh_a_spot / 新浪
603527,众源新材,10.0000000000,9.7900000000,53174953.0000000000,5372081.0000000000,0.0214500000,0.5317495300,AKShare stock_zh_a_spot / 新浪
603528,多伦科技,6.2000000000,6.2000000000,39296020.0000000000,6376171.0000000000,0.0000000000,0.3929602000,AKShare stock_zh_a_spot / 新浪
603529,爱玛科技,21.2700000000,21.3500000000,67020451.0000000000,3157499.0000000000,-0.0037500000,0.6702045100,AKShare stock_zh_a_spot / 新浪
603530,神马电力,49.3800000000,48.8800000000,165552408.0000000000,3352700.0000000000,0.0102300000,1.6555240800,AKShare stock_zh_a_spot / 新浪
603533,掌阅科技,20.9500000000,21.3300000000,196455487.0000000000,9387479.0000000000,-0.0178200000,1.9645548700,AKShare stock_zh_a_spot / 新浪
603535,嘉诚国际,6.3300000000,6.3700000000,23973939.0000000000,3800919.0000000000,-0.0062800000,0.2397393900,AKShare stock_zh_a_spot / 新浪
603536,惠发食品,9.5000000000,9.7100000000,45686215.0000000000,4816600.0000000000,-0.0216300000,0.4568621500,AKShare stock_zh_a_spot / 新浪
603538,美诺华,28.5100000000,31.6800000000,1236127843.0000000000,43157519.0000000000,-0.1000600000,12.3612784300,AKShare stock_zh_a_spot / 新浪
603551,奥普科技,9.2700000000,9.5000000000,36762820.0000000000,3985799.0000000000,-0.0242100000,0.3676282000,AKShare stock_zh_a_spot / 新浪
603556,海兴电力,25.7500000000,26.4300000000,256666839.0000000000,9886886.0000000000,-0.0257300000,2.5666683900,AKShare stock_zh_a_spot / 新浪
603558,健盛集团,11.8500000000,12.0700000000,43710661.0000000000,3693844.0000000000,-0.0182300000,0.4371066100,AKShare stock_zh_a_spot / 新浪
603559,中通国脉,9.0200000000,8.8600000000,122304274.0000000000,14014956.0000000000,0.0180600000,1.2230427400,AKShare stock_zh_a_spot / 新浪
603565,中谷物流,12.2900000000,12.0600000000,382545325.0000000000,31525306.0000000000,0.0190700000,3.8254532500,AKShare stock_zh_a_spot / 新浪
603566,普莱柯,10.2900000000,10.6000000000,47694463.0000000000,4638961.0000000000,-0.0292500000,0.4769446300,AKShare stock_zh_a_spot / 新浪
603567,珍宝岛,5.6400000000,6.2100000000,350858042.0000000000,61219796.0000000000,-0.0917900000,3.5085804200,AKShare stock_zh_a_spot / 新浪
603568,伟明环保,14.6000000000,14.9000000000,88715973.0000000000,6039625.0000000000,-0.0201300000,0.8871597300,AKShare stock_zh_a_spot / 新浪
603569,长久物流,5.8600000000,5.9100000000,18933375.0000000000,3236804.0000000000,-0.0084600000,0.1893337500,AKShare stock_zh_a_spot / 新浪
603577,汇金通,10.1700000000,10.0400000000,30414733.0000000000,3023000.0000000000,0.0129500000,0.3041473300,AKShare stock_zh_a_spot / 新浪
603578,三星新材,13.4900000000,13.7500000000,139501768.0000000000,10412920.0000000000,-0.0189100000,1.3950176800,AKShare stock_zh_a_spot / 新浪
603579,荣泰健康,18.0300000000,17.9700000000,41135232.0000000000,2305817.0000000000,0.0033400000,0.4113523200,AKShare stock_zh_a_spot / 新浪
603580,艾艾精工,80.7800000000,74.7900000000,1443238964.0000000000,18128656.0000000000,0.0800900000,14.4323896400,AKShare stock_zh_a_spot / 新浪
603583,捷昌驱动,23.1700000000,23.0600000000,43446737.0000000000,1885890.0000000000,0.0047700000,0.4344673700,AKShare stock_zh_a_spot / 新浪
603585,苏利股份,10.0300000000,10.1500000000,26864174.0000000000,2693035.0000000000,-0.0118200000,0.2686417400,AKShare stock_zh_a_spot / 新浪
603586,金麒麟,13.4100000000,13.4600000000,19448309.0000000000,1455655.0000000000,-0.0037100000,0.1944830900,AKShare stock_zh_a_spot / 新浪
603587,地素时尚,11.6400000000,11.8000000000,15400291.0000000000,1324927.0000000000,-0.0135600000,0.1540029100,AKShare stock_zh_a_spot / 新浪
603588,高能环境,13.8300000000,13.6600000000,718057252.0000000000,51935774.0000000000,0.0124500000,7.1805725200,AKShare stock_zh_a_spot / 新浪
603589,口子窖,18.9400000000,19.2600000000,76940896.0000000000,4058500.0000000000,-0.0166100000,0.7694089600,AKShare stock_zh_a_spot / 新浪
603590,康辰药业,32.2100000000,34.3300000000,347873917.0000000000,10286184.0000000000,-0.0617500000,3.4787391700,AKShare stock_zh_a_spot / 新浪
603596,伯特利,25.1200000000,25.3000000000,160397460.0000000000,6396270.0000000000,-0.0071100000,1.6039746000,AKShare stock_zh_a_spot / 新浪
603598,引力传媒,16.9700000000,17.1500000000,130881813.0000000000,7770423.0000000000,-0.0105000000,1.3088181300,AKShare stock_zh_a_spot / 新浪
603599,广信股份,10.1100000000,10.1400000000,63232324.0000000000,6291383.0000000000,-0.0029600000,0.6323232400,AKShare stock_zh_a_spot / 新浪
603600,永艺股份,9.6000000000,9.7000000000,32857027.0000000000,3442562.0000000000,-0.0103100000,0.3285702700,AKShare stock_zh_a_spot / 新浪
603601,再升科技,8.9500000000,8.8400000000,398343512.0000000000,44798818.0000000000,0.0124400000,3.9834351200,AKShare stock_zh_a_spot / 新浪
603602,纵横通信,11.6200000000,11.6200000000,27500504.0000000000,2386419.0000000000,0.0000000000,0.2750050400,AKShare stock_zh_a_spot / 新浪
603605,珀莱雅,57.0000000000,57.3900000000,143003085.0000000000,2507138.0000000000,-0.0068000000,1.4300308500,AKShare stock_zh_a_spot / 新浪
603606,东方电缆,34.1100000000,35.8600000000,856707284.0000000000,24946951.0000000000,-0.0488000000,8.5670728400,AKShare stock_zh_a_spot / 新浪
603607,京华激光,21.5900000000,21.5900000000,72785821.0000000000,3433200.0000000000,0.0000000000,0.7278582100,AKShare stock_zh_a_spot / 新浪
603608,天创时尚,18.5300000000,17.8700000000,284645781.0000000000,15767032.0000000000,0.0369300000,2.8464578100,AKShare stock_zh_a_spot / 新浪
603609,禾丰股份,6.2600000000,6.3600000000,19390597.0000000000,3112342.0000000000,-0.0157200000,0.1939059700,AKShare stock_zh_a_spot / 新浪
603610,麒盛科技,15.2600000000,15.3600000000,68578851.0000000000,4502484.0000000000,-0.0065100000,0.6857885100,AKShare stock_zh_a_spot / 新浪
603611,诺力股份,16.8000000000,16.7600000000,17605290.0000000000,1055660.0000000000,0.0023900000,0.1760529000,AKShare stock_zh_a_spot / 新浪
603612,索通发展,16.6600000000,16.4400000000,116822660.0000000000,7051907.0000000000,0.0133800000,1.1682266000,AKShare stock_zh_a_spot / 新浪
603613,国联股份,18.2400000000,18.5900000000,116955484.0000000000,6407166.0000000000,-0.0188300000,1.1695548400,AKShare stock_zh_a_spot / 新浪
603615,茶花股份,16.9200000000,17.1400000000,37929238.0000000000,2251609.0000000000,-0.0128400000,0.3792923800,AKShare stock_zh_a_spot / 新浪
603616,韩建河山,5.4500000000,5.3700000000,43195623.0000000000,8023600.0000000000,0.0149000000,0.4319562300,AKShare stock_zh_a_spot / 新浪
603617,君禾股份,6.7600000000,6.7100000000,35064691.0000000000,5230372.0000000000,0.0074500000,0.3506469100,AKShare stock_zh_a_spot / 新浪
603618,杭电股份,28.5300000000,27.7400000000,2050278739.0000000000,72830714.0000000000,0.0284800000,20.5027873900,AKShare stock_zh_a_spot / 新浪
603619,中曼石油,23.4800000000,22.4600000000,1207461535.0000000000,51497826.0000000000,0.0454100000,12.0746153500,AKShare stock_zh_a_spot / 新浪
603626,科森科技,18.6500000000,16.9500000000,800520926.0000000000,43655310.0000000000,0.1002900000,8.0052092600,AKShare stock_zh_a_spot / 新浪
603628,清源股份,9.5400000000,9.5200000000,22616908.0000000000,2381500.0000000000,0.0021000000,0.2261690800,AKShare stock_zh_a_spot / 新浪
603629,利通电子,125.9700000000,130.5700000000,4313479823.0000000000,33940925.0000000000,-0.0352300000,43.1347982300,AKShare stock_zh_a_spot / 新浪
603630,拉芳家化,14.4100000000,14.9700000000,94768836.0000000000,6588205.0000000000,-0.0374100000,0.9476883600,AKShare stock_zh_a_spot / 新浪
603633,徕木股份,6.3900000000,6.3600000000,29672724.0000000000,4674279.0000000000,0.0047200000,0.2967272400,AKShare stock_zh_a_spot / 新浪
603636,南威软件,6.8700000000,6.9200000000,71887228.0000000000,10558700.0000000000,-0.0072300000,0.7188722800,AKShare stock_zh_a_spot / 新浪
603637,镇海股份,13.0400000000,14.0600000000,230363166.0000000000,17539312.0000000000,-0.0725500000,2.3036316600,AKShare stock_zh_a_spot / 新浪
603638,艾迪精密,19.0000000000,18.9000000000,86771970.0000000000,4595600.0000000000,0.0052900000,0.8677197000,AKShare stock_zh_a_spot / 新浪
603639,海利尔,10.5600000000,10.7600000000,25796820.0000000000,2445080.0000000000,-0.0185900000,0.2579682000,AKShare stock_zh_a_spot / 新浪
603648,畅联股份,9.3700000000,9.2800000000,25920151.0000000000,2785698.0000000000,0.0097000000,0.2592015100,AKShare stock_zh_a_spot / 新浪
603650,彤程新材,64.4700000000,65.3600000000,937259095.0000000000,14440702.0000000000,-0.0136200000,9.3725909500,AKShare stock_zh_a_spot / 新浪
603655,朗博科技,33.1600000000,33.1000000000,57939145.0000000000,1770262.0000000000,0.0018100000,0.5793914500,AKShare stock_zh_a_spot / 新浪
603656,泰禾智能,17.5300000000,17.3700000000,23330789.0000000000,1340400.0000000000,0.0092100000,0.2333078900,AKShare stock_zh_a_spot / 新浪
603657,春光科技,27.9700000000,27.2600000000,105956159.0000000000,3834520.0000000000,0.0260500000,1.0595615900,AKShare stock_zh_a_spot / 新浪
603658,安图生物,34.6000000000,34.9000000000,173198874.0000000000,5013601.0000000000,-0.0086000000,1.7319887400,AKShare stock_zh_a_spot / 新浪
603659,璞泰来,24.1800000000,23.7300000000,938333823.0000000000,38660428.0000000000,0.0189600000,9.3833382300,AKShare stock_zh_a_spot / 新浪
603660,苏州科达,11.4100000000,11.2800000000,251702919.0000000000,22300804.0000000000,0.0115200000,2.5170291900,AKShare stock_zh_a_spot / 新浪
603661,恒林股份,33.0000000000,32.4700000000,50482349.0000000000,1550515.0000000000,0.0163200000,0.5048234900,AKShare stock_zh_a_spot / 新浪
603662,柯力传感,49.4800000000,49.0500000000,176599328.0000000000,3602200.0000000000,0.0087700000,1.7659932800,AKShare stock_zh_a_spot / 新浪
603663,三祥新材,43.1100000000,40.7600000000,1088686869.0000000000,25952764.0000000000,0.0576500000,10.8868686900,AKShare stock_zh_a_spot / 新浪
603665,康隆达,20.9200000000,20.9100000000,35656020.0000000000,1719248.0000000000,0.0004800000,0.3565602000,AKShare stock_zh_a_spot / 新浪
603666,亿嘉和,26.5700000000,26.0700000000,239616477.0000000000,9111976.0000000000,0.0191800000,2.3961647700,AKShare stock_zh_a_spot / 新浪
603667,五洲新春,51.7300000000,49.1800000000,913774497.0000000000,18001404.0000000000,0.0518500000,9.1377449700,AKShare stock_zh_a_spot / 新浪
603668,天马科技,10.1600000000,10.1600000000,49748497.0000000000,4955529.0000000000,0.0000000000,0.4974849700,AKShare stock_zh_a_spot / 新浪
603669,灵康药业,5.4800000000,6.0500000000,247695158.0000000000,43698487.0000000000,-0.0942100000,2.4769515800,AKShare stock_zh_a_spot / 新浪
603676,卫信康,9.3300000000,9.6200000000,36131471.0000000000,3862214.0000000000,-0.0301500000,0.3613147100,AKShare stock_zh_a_spot / 新浪
603677,奇精机械,13.6900000000,13.6700000000,13787960.0000000000,1016786.0000000000,0.0014600000,0.1378796000,AKShare stock_zh_a_spot / 新浪
603678,火炬电子,48.8800000000,46.0000000000,1111667057.0000000000,23205836.0000000000,0.0626100000,11.1166705700,AKShare stock_zh_a_spot / 新浪
603679,华体科技,22.3100000000,21.6000000000,154896280.0000000000,7041440.0000000000,0.0328700000,1.5489628000,AKShare stock_zh_a_spot / 新浪
603680,今创集团,10.2300000000,10.3000000000,42911335.0000000000,4212606.0000000000,-0.0068000000,0.4291133500,AKShare stock_zh_a_spot / 新浪
603681,永冠新材,18.1900000000,18.1400000000,59727281.0000000000,3307288.0000000000,0.0027600000,0.5972728100,AKShare stock_zh_a_spot / 新浪
603682,锦和商管,11.4200000000,11.4600000000,149460249.0000000000,13103114.0000000000,-0.0034900000,1.4946024900,AKShare stock_zh_a_spot / 新浪
603683,晶华新材,15.8800000000,15.4300000000,312621805.0000000000,19860543.0000000000,0.0291600000,3.1262180500,AKShare stock_zh_a_spot / 新浪
603685,晨丰科技,24.8200000000,24.9000000000,30014089.0000000000,1209500.0000000000,-0.0032100000,0.3001408900,AKShare stock_zh_a_spot / 新浪
603686,福龙马,12.6800000000,12.7000000000,88472205.0000000000,7030222.0000000000,-0.0015700000,0.8847220500,AKShare stock_zh_a_spot / 新浪
603687,大胜达,13.4000000000,13.1400000000,136353815.0000000000,10225481.0000000000,0.0197900000,1.3635381500,AKShare stock_zh_a_spot / 新浪
603688,石英股份,48.7500000000,47.8300000000,453874247.0000000000,9345782.0000000000,0.0192300000,4.5387424700,AKShare stock_zh_a_spot / 新浪
603689,皖天然气,7.5900000000,7.5800000000,22033440.0000000000,2909240.0000000000,0.0013200000,0.2203344000,AKShare stock_zh_a_spot / 新浪
603690,至纯科技,25.4100000000,25.3600000000,430980833.0000000000,16947252.0000000000,0.0019700000,4.3098083300,AKShare stock_zh_a_spot / 新浪
603693,江苏新能,11.1900000000,11.2900000000,43062980.0000000000,3843909.0000000000,-0.0088600000,0.4306298000,AKShare stock_zh_a_spot / 新浪
603696,安记食品,13.1500000000,13.3200000000,147429055.0000000000,11263866.0000000000,-0.0127600000,1.4742905500,AKShare stock_zh_a_spot / 新浪
603697,有友食品,9.2600000000,9.4600000000,50212015.0000000000,5442293.0000000000,-0.0211400000,0.5021201500,AKShare stock_zh_a_spot / 新浪
603698,航天工程,22.0000000000,21.8500000000,334433033.0000000000,15287600.0000000000,0.0068600000,3.3443303300,AKShare stock_zh_a_spot / 新浪
603699,纽威股份,55.6500000000,54.1700000000,353748493.0000000000,6378602.0000000000,0.0273200000,3.5374849300,AKShare stock_zh_a_spot / 新浪
603700,宁水集团,11.4200000000,11.6200000000,51788211.0000000000,4526300.0000000000,-0.0172100000,0.5178821100,AKShare stock_zh_a_spot / 新浪
603701,德宏股份,19.2000000000,19.0800000000,32819452.0000000000,1717128.0000000000,0.0062900000,0.3281945200,AKShare stock_zh_a_spot / 新浪
603703,盛洋科技,9.6700000000,9.6600000000,107096784.0000000000,11075521.0000000000,0.0010400000,1.0709678400,AKShare stock_zh_a_spot / 新浪
603706,东方环宇,19.5000000000,19.6900000000,18378993.0000000000,942300.0000000000,-0.0096500000,0.1837899300,AKShare stock_zh_a_spot / 新浪
603707,健友股份,7.9600000000,8.5300000000,229532117.0000000000,28321969.0000000000,-0.0668200000,2.2953211700,AKShare stock_zh_a_spot / 新浪
603708,家家悦,9.0200000000,9.2200000000,99546954.0000000000,11008814.0000000000,-0.0216900000,0.9954695400,AKShare stock_zh_a_spot / 新浪
603709,中源家居,11.8600000000,11.7000000000,65040664.0000000000,5562360.0000000000,0.0136800000,0.6504066400,AKShare stock_zh_a_spot / 新浪
603711,香飘飘,11.3600000000,11.5000000000,59045433.0000000000,5235009.0000000000,-0.0121700000,0.5904543300,AKShare stock_zh_a_spot / 新浪
603712,七一二,11.1600000000,11.2000000000,76779802.0000000000,6885900.0000000000,-0.0035700000,0.7677980200,AKShare stock_zh_a_spot / 新浪
603713,密尔克卫,66.2700000000,67.4000000000,122698856.0000000000,1840404.0000000000,-0.0167700000,1.2269885600,AKShare stock_zh_a_spot / 新浪
603716,塞力医疗,15.8400000000,17.3000000000,399800224.0000000000,24911623.0000000000,-0.0843900000,3.9980022400,AKShare stock_zh_a_spot / 新浪
603717,天域生物,6.3500000000,6.3500000000,50855797.0000000000,8021199.0000000000,0.0000000000,0.5085579700,AKShare stock_zh_a_spot / 新浪
603719,良品铺子,9.5300000000,9.7300000000,36578930.0000000000,3823600.0000000000,-0.0205500000,0.3657893000,AKShare stock_zh_a_spot / 新浪
603721,中广天择,18.0500000000,17.2500000000,70006090.0000000000,3984800.0000000000,0.0463800000,0.7000609000,AKShare stock_zh_a_spot / 新浪
603722,阿科力,29.7200000000,29.4300000000,27708394.0000000000,941101.0000000000,0.0098500000,0.2770839400,AKShare stock_zh_a_spot / 新浪
603725,天安新材,11.9000000000,12.1500000000,162037673.0000000000,13576240.0000000000,-0.0205800000,1.6203767300,AKShare stock_zh_a_spot / 新浪
603726,朗迪集团,23.2500000000,22.9500000000,59822663.0000000000,2604869.0000000000,0.0130700000,0.5982266300,AKShare stock_zh_a_spot / 新浪
603727,博迈科,18.6300000000,18.4200000000,39746994.0000000000,2149132.0000000000,0.0114000000,0.3974699400,AKShare stock_zh_a_spot / 新浪
603728,鸣志电器,47.4000000000,47.0000000000,241452043.0000000000,5158265.0000000000,0.0085100000,2.4145204300,AKShare stock_zh_a_spot / 新浪
603730,岱美股份,10.0200000000,9.6900000000,143757664.0000000000,14491150.0000000000,0.0340600000,1.4375766400,AKShare stock_zh_a_spot / 新浪
603733,仙鹤股份,21.5800000000,21.6800000000,145914845.0000000000,6789910.0000000000,-0.0046100000,1.4591484500,AKShare stock_zh_a_spot / 新浪
603737,三棵树,25.2900000000,25.1700000000,387534991.0000000000,15538068.0000000000,0.0047700000,3.8753499100,AKShare stock_zh_a_spot / 新浪
603738,泰晶科技,37.5700000000,36.3300000000,1441963357.0000000000,38644923.0000000000,0.0341300000,14.4196335700,AKShare stock_zh_a_spot / 新浪
603739,蔚蓝生物,12.2900000000,12.6800000000,89383599.0000000000,7275268.0000000000,-0.0307600000,0.8938359900,AKShare stock_zh_a_spot / 新浪
603755,日辰股份,23.5500000000,23.6300000000,14682041.0000000000,633400.0000000000,-0.0033900000,0.1468204100,AKShare stock_zh_a_spot / 新浪
603757,大元泵业,62.3600000000,58.2800000000,950210584.0000000000,15225431.0000000000,0.0700100000,9.5021058400,AKShare stock_zh_a_spot / 新浪
603758,秦安股份,11.7600000000,10.6900000000,383461390.0000000000,34527235.0000000000,0.1000900000,3.8346139000,AKShare stock_zh_a_spot / 新浪
603759,海天股份,7.4400000000,7.4200000000,16900471.0000000000,2284023.0000000000,0.0027000000,0.1690047100,AKShare stock_zh_a_spot / 新浪
603766,隆鑫通用,13.8600000000,13.9700000000,181915350.0000000000,13153600.0000000000,-0.0078700000,1.8191535000,AKShare stock_zh_a_spot / 新浪
603767,中马传动,14.4800000000,14.3000000000,67033725.0000000000,4662900.0000000000,0.0125900000,0.6703372500,AKShare stock_zh_a_spot / 新浪
603768,常青股份,11.1900000000,11.1900000000,18396069.0000000000,1648331.0000000000,0.0000000000,0.1839606900,AKShare stock_zh_a_spot / 新浪
603773,沃格光电,100.9900000000,103.2400000000,1970762973.0000000000,19579930.0000000000,-0.0217900000,19.7076297300,AKShare stock_zh_a_spot / 新浪
603776,永安行,20.3000000000,20.1600000000,32542974.0000000000,1613534.0000000000,0.0069400000,0.3254297400,AKShare stock_zh_a_spot / 新浪
603777,来伊份,13.8100000000,13.7300000000,54465992.0000000000,3963840.0000000000,0.0058300000,0.5446599200,AKShare stock_zh_a_spot / 新浪
603778,国晟科技,9.4100000000,9.3500000000,233383014.0000000000,24961300.0000000000,0.0064200000,2.3338301400,AKShare stock_zh_a_spot / 新浪
603779,威龙股份,7.7200000000,7.7000000000,59184720.0000000000,7734350.0000000000,0.0026000000,0.5918472000,AKShare stock_zh_a_spot / 新浪
603786,科博达,40.2900000000,40.1800000000,66431572.0000000000,1662289.0000000000,0.0027400000,0.6643157200,AKShare stock_zh_a_spot / 新浪
603787,新日股份,10.1700000000,10.1700000000,19828140.0000000000,1969224.0000000000,0.0000000000,0.1982814000,AKShare stock_zh_a_spot / 新浪
603788,宁波高发,13.9000000000,13.8600000000,10194472.0000000000,737760.0000000000,0.0028900000,0.1019447200,AKShare stock_zh_a_spot / 新浪
603790,雅运股份,24.2900000000,24.4700000000,82441889.0000000000,3396130.0000000000,-0.0073600000,0.8244188900,AKShare stock_zh_a_spot / 新浪
603797,联泰环保,4.7500000000,4.8100000000,52505030.0000000000,11084400.0000000000,-0.0124700000,0.5250503000,AKShare stock_zh_a_spot / 新浪
603798,康普顿,12.7100000000,12.7000000000,36501892.0000000000,2899000.0000000000,0.0007900000,0.3650189200,AKShare stock_zh_a_spot / 新浪
603799,华友钴业,40.5900000000,39.3500000000,2566543538.0000000000,63580276.0000000000,0.0315100000,25.6654353800,AKShare stock_zh_a_spot / 新浪
603800,洪田股份,67.1000000000,67.8900000000,251635333.0000000000,3730034.0000000000,-0.0116400000,2.5163533300,AKShare stock_zh_a_spot / 新浪
603801,志邦家居,6.9500000000,7.2300000000,546822233.0000000000,72566593.0000000000,-0.0387300000,5.4682223300,AKShare stock_zh_a_spot / 新浪
603803,瑞斯康达,11.3200000000,10.2900000000,261119318.0000000000,23724336.0000000000,0.1001000000,2.6111931800,AKShare stock_zh_a_spot / 新浪
603806,福斯特,15.4500000000,15.5900000000,390567640.0000000000,25215514.0000000000,-0.0089800000,3.9056764000,AKShare stock_zh_a_spot / 新浪
603808,歌力思,8.4500000000,8.5400000000,20211924.0000000000,2408500.0000000000,-0.0105400000,0.2021192400,AKShare stock_zh_a_spot / 新浪
603809,豪能股份,8.9000000000,8.8600000000,40263234.0000000000,4552398.0000000000,0.0045100000,0.4026323400,AKShare stock_zh_a_spot / 新浪
603810,丰山集团,12.2900000000,12.2200000000,17996159.0000000000,1480551.0000000000,0.0057300000,0.1799615900,AKShare stock_zh_a_spot / 新浪
603811,诚意药业,7.4000000000,7.6300000000,52638699.0000000000,7102871.0000000000,-0.0301400000,0.5263869900,AKShare stock_zh_a_spot / 新浪
603813,原尚股份,29.2100000000,29.3600000000,16207199.0000000000,551200.0000000000,-0.0051100000,0.1620719900,AKShare stock_zh_a_spot / 新浪
603815,交建股份,5.2000000000,5.2100000000,26482424.0000000000,5126524.0000000000,-0.0019200000,0.2648242400,AKShare stock_zh_a_spot / 新浪
603816,顾家家居,24.8300000000,24.7700000000,163308805.0000000000,6601796.0000000000,0.0024200000,1.6330880500,AKShare stock_zh_a_spot / 新浪
603817,海峡环保,5.6600000000,5.7000000000,42086308.0000000000,7502585.0000000000,-0.0070200000,0.4208630800,AKShare stock_zh_a_spot / 新浪
603818,曲美家居,3.7900000000,3.7700000000,84197207.0000000000,22510700.0000000000,0.0053100000,0.8419720700,AKShare stock_zh_a_spot / 新浪
603819,神力股份,13.6200000000,13.6900000000,62208644.0000000000,4546100.0000000000,-0.0051100000,0.6220864400,AKShare stock_zh_a_spot / 新浪
603823,百合花,77.7500000000,86.3900000000,802521779.0000000000,9793820.0000000000,-0.1000100000,8.0252177900,AKShare stock_zh_a_spot / 新浪
603826,坤彩科技,16.5400000000,16.7300000000,74564690.0000000000,4496342.0000000000,-0.0113600000,0.7456469000,AKShare stock_zh_a_spot / 新浪
603829,洛凯股份,15.1300000000,15.0300000000,42902680.0000000000,2853379.0000000000,0.0066500000,0.4290268000,AKShare stock_zh_a_spot / 新浪
603833,欧派家居,32.0700000000,32.5700000000,89182273.0000000000,2783867.0000000000,-0.0153500000,0.8918227300,AKShare stock_zh_a_spot / 新浪
603836,海程邦达,9.0400000000,9.0200000000,22026460.0000000000,2466950.0000000000,0.0022200000,0.2202646000,AKShare stock_zh_a_spot / 新浪
603839,安正时尚,7.0800000000,7.1800000000,22883551.0000000000,3248700.0000000000,-0.0139300000,0.2288355100,AKShare stock_zh_a_spot / 新浪
603848,好太太,13.0300000000,13.6600000000,90881461.0000000000,6912555.0000000000,-0.0461200000,0.9088146100,AKShare stock_zh_a_spot / 新浪
603855,华荣股份,16.0300000000,16.0200000000,17129368.0000000000,1075006.0000000000,0.0006200000,0.1712936800,AKShare stock_zh_a_spot / 新浪
603856,东宏股份,11.5700000000,11.4600000000,42868614.0000000000,3749360.0000000000,0.0096000000,0.4286861400,AKShare stock_zh_a_spot / 新浪
603858,步长制药,15.5200000000,16.1900000000,182609609.0000000000,11680267.0000000000,-0.0413800000,1.8260960900,AKShare stock_zh_a_spot / 新浪
603859,能科科技,38.0200000000,38.0800000000,136919475.0000000000,3625031.0000000000,-0.0015800000,1.3691947500,AKShare stock_zh_a_spot / 新浪
603860,中公高科,26.2500000000,26.3300000000,21240294.0000000000,814500.0000000000,-0.0030400000,0.2124029400,AKShare stock_zh_a_spot / 新浪
603861,白云电器,11.9600000000,11.8600000000,62590368.0000000000,5274099.0000000000,0.0084300000,0.6259036800,AKShare stock_zh_a_spot / 新浪
603863,松炀资源,12.4500000000,12.4900000000,46692182.0000000000,3784000.0000000000,-0.0032000000,0.4669218200,AKShare stock_zh_a_spot / 新浪
603866,桃李面包,4.1300000000,4.2200000000,49709575.0000000000,12041420.0000000000,-0.0213300000,0.4970957500,AKShare stock_zh_a_spot / 新浪
603867,新化股份,28.2000000000,28.8600000000,217236218.0000000000,7594666.0000000000,-0.0228700000,2.1723621800,AKShare stock_zh_a_spot / 新浪
603868,飞科电器,29.9900000000,30.2500000000,20282150.0000000000,677100.0000000000,-0.0086000000,0.2028215000,AKShare stock_zh_a_spot / 新浪
603871,嘉友国际,12.7200000000,12.5300000000,141765665.0000000000,11130340.0000000000,0.0151600000,1.4176566500,AKShare stock_zh_a_spot / 新浪
603876,鼎胜新材,22.9700000000,22.3400000000,613512863.0000000000,26647021.0000000000,0.0282000000,6.1351286300,AKShare stock_zh_a_spot / 新浪
603877,太平鸟,12.5000000000,12.8800000000,21418617.0000000000,1704100.0000000000,-0.0295000000,0.2141861700,AKShare stock_zh_a_spot / 新浪
603878,武进不锈,5.0400000000,4.9700000000,41560244.0000000000,8341050.0000000000,0.0140800000,0.4156024400,AKShare stock_zh_a_spot / 新浪
603879,永悦科技,5.4300000000,5.3500000000,29271185.0000000000,5476174.0000000000,0.0149500000,0.2927118500,AKShare stock_zh_a_spot / 新浪
603880,南卫股份,8.7000000000,8.2000000000,160043894.0000000000,18841570.0000000000,0.0609800000,1.6004389400,AKShare stock_zh_a_spot / 新浪
603881,数据港,27.3300000000,30.2000000000,2459191529.0000000000,88179179.0000000000,-0.0950300000,24.5919152900,AKShare stock_zh_a_spot / 新浪
603882,金域医学,31.3500000000,30.7600000000,928127056.0000000000,29518108.0000000000,0.0191800000,9.2812705600,AKShare stock_zh_a_spot / 新浪
603883,老百姓,13.2000000000,13.2700000000,311689097.0000000000,23388930.0000000000,-0.0052800000,3.1168909700,AKShare stock_zh_a_spot / 新浪
603885,吉祥航空,10.3800000000,10.5300000000,78780197.0000000000,7576435.0000000000,-0.0142500000,0.7878019700,AKShare stock_zh_a_spot / 新浪
603886,元祖股份,12.0900000000,12.3600000000,137295775.0000000000,11363390.0000000000,-0.0218400000,1.3729577500,AKShare stock_zh_a_spot / 新浪
603887,城地香江,9.0000000000,9.1000000000,280086471.0000000000,31455271.0000000000,-0.0109900000,2.8008647100,AKShare stock_zh_a_spot / 新浪
603888,新华网,15.9700000000,16.0100000000,53564101.0000000000,3364512.0000000000,-0.0025000000,0.5356410100,AKShare stock_zh_a_spot / 新浪
603889,新澳股份,5.5400000000,5.6900000000,94104979.0000000000,16968573.0000000000,-0.0263600000,0.9410497900,AKShare stock_zh_a_spot / 新浪
603890,春秋电子,18.0700000000,17.7400000000,433810486.0000000000,24249973.0000000000,0.0186000000,4.3381048600,AKShare stock_zh_a_spot / 新浪
603893,瑞芯微,180.6100000000,182.6500000000,1607785302.0000000000,8896843.0000000000,-0.0111700000,16.0778530200,AKShare stock_zh_a_spot / 新浪
603895,天永智能,25.0800000000,24.8000000000,30684886.0000000000,1236200.0000000000,0.0112900000,0.3068488600,AKShare stock_zh_a_spot / 新浪
603896,寿仙谷,14.9900000000,15.4100000000,33239738.0000000000,2216122.0000000000,-0.0272600000,0.3323973800,AKShare stock_zh_a_spot / 新浪
603897,长城科技,30.6600000000,29.8700000000,445921304.0000000000,14713606.0000000000,0.0264500000,4.4592130400,AKShare stock_zh_a_spot / 新浪
603898,好莱客,11.2300000000,11.2500000000,26883070.0000000000,2406000.0000000000,-0.0017800000,0.2688307000,AKShare stock_zh_a_spot / 新浪
603899,晨光股份,22.2100000000,22.7600000000,64869028.0000000000,2910811.0000000000,-0.0241700000,0.6486902800,AKShare stock_zh_a_spot / 新浪
603900,莱绅通灵,6.4200000000,6.1900000000,96173698.0000000000,15294100.0000000000,0.0371600000,0.9617369800,AKShare stock_zh_a_spot / 新浪
603901,永创智能,9.4200000000,9.3600000000,50475435.0000000000,5410449.0000000000,0.0064100000,0.5047543500,AKShare stock_zh_a_spot / 新浪
603903,中持股份,14.1900000000,14.5500000000,140686131.0000000000,9791380.0000000000,-0.0247400000,1.4068613100,AKShare stock_zh_a_spot / 新浪
603906,龙蟠科技,19.6500000000,18.9000000000,490894195.0000000000,25159851.0000000000,0.0396800000,4.9089419500,AKShare stock_zh_a_spot / 新浪
603908,牧高笛,19.1600000000,19.1100000000,23858117.0000000000,1250045.0000000000,0.0026200000,0.2385811700,AKShare stock_zh_a_spot / 新浪
603909,建发合诚,9.5800000000,9.6800000000,23070676.0000000000,2416515.0000000000,-0.0103300000,0.2307067600,AKShare stock_zh_a_spot / 新浪
603912,佳力图,8.4800000000,8.3600000000,205813153.0000000000,24490013.0000000000,0.0143500000,2.0581315300,AKShare stock_zh_a_spot / 新浪
603915,国茂股份,13.1000000000,13.1500000000,39398896.0000000000,3016120.0000000000,-0.0038000000,0.3939889600,AKShare stock_zh_a_spot / 新浪
603916,苏博特,11.7400000000,11.7600000000,105093762.0000000000,9061101.0000000000,-0.0017000000,1.0509376200,AKShare stock_zh_a_spot / 新浪
603917,合力科技,12.3000000000,12.2500000000,27055801.0000000000,2211798.0000000000,0.0040800000,0.2705580100,AKShare stock_zh_a_spot / 新浪
603918,金桥信息,10.2000000000,10.0700000000,83694274.0000000000,8315672.0000000000,0.0129100000,0.8369427400,AKShare stock_zh_a_spot / 新浪
603919,金徽酒,16.1100000000,16.7100000000,111317392.0000000000,6838841.0000000000,-0.0359100000,1.1131739200,AKShare stock_zh_a_spot / 新浪
603920,世运电路,38.8600000000,38.1300000000,864907410.0000000000,22131590.0000000000,0.0191500000,8.6490741000,AKShare stock_zh_a_spot / 新浪
603926,铁流股份,15.4500000000,15.3400000000,55337354.0000000000,3623404.0000000000,0.0071700000,0.5533735400,AKShare stock_zh_a_spot / 新浪
603927,中科软,13.2400000000,13.2600000000,79087459.0000000000,5995477.0000000000,-0.0015100000,0.7908745900,AKShare stock_zh_a_spot / 新浪
603928,兴业股份,12.5200000000,12.5000000000,137818107.0000000000,11079250.0000000000,0.0016000000,1.3781810700,AKShare stock_zh_a_spot / 新浪
603929,亚翔集成,166.9900000000,168.6700000000,754430904.0000000000,4501756.0000000000,-0.0099600000,7.5443090400,AKShare stock_zh_a_spot / 新浪
603931,格林达,35.6000000000,35.4300000000,134902397.0000000000,3796374.0000000000,0.0048000000,1.3490239700,AKShare stock_zh_a_spot / 新浪
603933,睿能科技,19.2000000000,19.2200000000,70016663.0000000000,3661348.0000000000,-0.0010400000,0.7001666300,AKShare stock_zh_a_spot / 新浪
603936,博敏电子,17.6000000000,17.5400000000,1038535654.0000000000,59205625.0000000000,0.0034200000,10.3853565400,AKShare stock_zh_a_spot / 新浪
603937,丽岛新材,11.6500000000,11.6800000000,65921190.0000000000,5710536.0000000000,-0.0025700000,0.6592119000,AKShare stock_zh_a_spot / 新浪
603938,三孚股份,43.1600000000,43.1300000000,729159900.0000000000,16540556.0000000000,0.0007000000,7.2915990000,AKShare stock_zh_a_spot / 新浪
603939,益丰药房,23.9300000000,24.1300000000,154097439.0000000000,6439170.0000000000,-0.0082900000,1.5409743900,AKShare stock_zh_a_spot / 新浪
603948,建业股份,20.5500000000,20.4900000000,16090426.0000000000,788800.0000000000,0.0029300000,0.1609042600,AKShare stock_zh_a_spot / 新浪
603949,雪龙集团,14.0400000000,13.9900000000,29796415.0000000000,2141428.0000000000,0.0035700000,0.2979641500,AKShare stock_zh_a_spot / 新浪
603950,长源东谷,60.0200000000,57.0400000000,389465233.0000000000,6606308.0000000000,0.0522400000,3.8946523300,AKShare stock_zh_a_spot / 新浪
603955,大千生态,18.7500000000,18.9200000000,26953442.0000000000,1448060.0000000000,-0.0089900000,0.2695344200,AKShare stock_zh_a_spot / 新浪
603956,威派格,6.4800000000,6.5800000000,88694713.0000000000,13594980.0000000000,-0.0152000000,0.8869471300,AKShare stock_zh_a_spot / 新浪
603958,哈森股份,20.5500000000,18.6800000000,313260442.0000000000,15342030.0000000000,0.1001100000,3.1326044200,AKShare stock_zh_a_spot / 新浪
603960,克来机电,15.9300000000,15.8600000000,40579667.0000000000,2562185.0000000000,0.0044100000,0.4057966700,AKShare stock_zh_a_spot / 新浪
603966,法兰泰克,7.7700000000,7.7700000000,28883604.0000000000,3733711.0000000000,0.0000000000,0.2888360400,AKShare stock_zh_a_spot / 新浪
603967,中创物流,11.7100000000,11.5400000000,37143589.0000000000,3221437.0000000000,0.0147300000,0.3714358900,AKShare stock_zh_a_spot / 新浪
603968,醋化股份,10.4000000000,10.4200000000,16974652.0000000000,1643610.0000000000,-0.0019200000,0.1697465200,AKShare stock_zh_a_spot / 新浪
603969,银龙股份,7.3000000000,7.2300000000,143464080.0000000000,19522674.0000000000,0.0096800000,1.4346408000,AKShare stock_zh_a_spot / 新浪
603970,中农立华,10.6200000000,10.7300000000,35757523.0000000000,3382713.0000000000,-0.0102500000,0.3575752300,AKShare stock_zh_a_spot / 新浪
603976,正川股份,27.7700000000,27.0700000000,80937276.0000000000,2954161.0000000000,0.0258600000,0.8093727600,AKShare stock_zh_a_spot / 新浪
603977,国泰集团,11.6500000000,11.5600000000,55241504.0000000000,4775775.0000000000,0.0077900000,0.5524150400,AKShare stock_zh_a_spot / 新浪
603978,深圳新星,18.9600000000,18.5000000000,127246305.0000000000,6765700.0000000000,0.0248600000,1.2724630500,AKShare stock_zh_a_spot / 新浪
603979,金诚信,75.1000000000,74.9000000000,394134375.0000000000,5227357.0000000000,0.0026700000,3.9413437500,AKShare stock_zh_a_spot / 新浪
603980,吉华集团,6.6200000000,6.7300000000,105956479.0000000000,15940539.0000000000,-0.0163400000,1.0595647900,AKShare stock_zh_a_spot / 新浪
603982,泉峰汽车,6.1000000000,6.0700000000,21827866.0000000000,3612217.0000000000,0.0049400000,0.2182786600,AKShare stock_zh_a_spot / 新浪
603983,丸美生物,26.7600000000,26.5600000000,68151751.0000000000,2557500.0000000000,0.0075300000,0.6815175100,AKShare stock_zh_a_spot / 新浪
603985,恒润股份,16.7700000000,16.7800000000,121877535.0000000000,7313783.0000000000,-0.0006000000,1.2187753500,AKShare stock_zh_a_spot / 新浪
603986,兆易创新,409.0600000000,403.5000000000,13868009484.0000000000,34076661.0000000000,0.0137800000,138.6800948400,AKShare stock_zh_a_spot / 新浪
603987,康德莱,7.4800000000,7.7000000000,44321985.0000000000,5929386.0000000000,-0.0285700000,0.4432198500,AKShare stock_zh_a_spot / 新浪
603988,中电电机,20.7900000000,21.2000000000,342237956.0000000000,16426420.0000000000,-0.0193400000,3.4223795600,AKShare stock_zh_a_spot / 新浪
603989,艾华集团,28.6900000000,28.2100000000,574085727.0000000000,20283448.0000000000,0.0170200000,5.7408572700,AKShare stock_zh_a_spot / 新浪
603990,麦迪科技,22.9000000000,22.2600000000,281250581.0000000000,12506235.0000000000,0.0287500000,2.8125058100,AKShare stock_zh_a_spot / 新浪
603991,领先股份,134.5400000000,133.8000000000,177556546.0000000000,1320960.0000000000,0.0055300000,1.7755654600,AKShare stock_zh_a_spot / 新浪
603992,松霖科技,20.7600000000,20.6600000000,59231853.0000000000,2844992.0000000000,0.0048400000,0.5923185300,AKShare stock_zh_a_spot / 新浪
603993,洛阳钼业,18.6200000000,18.2700000000,3255228804.0000000000,175804884.0000000000,0.0191600000,32.5522880400,AKShare stock_zh_a_spot / 新浪
603995,甬金股份,25.2700000000,25.4900000000,189099399.0000000000,7573433.0000000000,-0.0086300000,1.8909939900,AKShare stock_zh_a_spot / 新浪
603997,继峰股份,11.5800000000,11.5100000000,131532952.0000000000,11402265.0000000000,0.0060800000,1.3153295200,AKShare stock_zh_a_spot / 新浪
603998,方盛制药,9.9300000000,10.4300000000,186932220.0000000000,18769813.0000000000,-0.0479400000,1.8693222000,AKShare stock_zh_a_spot / 新浪
603999,读者传媒,5.5800000000,5.6000000000,29829165.0000000000,5395100.0000000000,-0.0035700000,0.2982916500,AKShare stock_zh_a_spot / 新浪
605001,威奥股份,5.7000000000,5.8200000000,72671630.0000000000,12697520.0000000000,-0.0206200000,0.7267163000,AKShare stock_zh_a_spot / 新浪
605003,众望布艺,22.3500000000,22.1900000000,27086268.0000000000,1219825.0000000000,0.0072100000,0.2708626800,AKShare stock_zh_a_spot / 新浪
605005,合兴股份,15.5900000000,15.7600000000,13630669.0000000000,877012.0000000000,-0.0107900000,0.1363066900,AKShare stock_zh_a_spot / 新浪
605006,山东玻纤,14.1900000000,13.9500000000,362308182.0000000000,25843451.0000000000,0.0172000000,3.6230818200,AKShare stock_zh_a_spot / 新浪
605007,五洲特纸,15.0900000000,15.0600000000,40337380.0000000000,2682716.0000000000,0.0019900000,0.4033738000,AKShare stock_zh_a_spot / 新浪
605008,长鸿高科,12.9400000000,12.8500000000,189336079.0000000000,14426815.0000000000,0.0070000000,1.8933607900,AKShare stock_zh_a_spot / 新浪
605009,豪悦护理,24.0700000000,23.9500000000,56758073.0000000000,2385560.0000000000,0.0050100000,0.5675807300,AKShare stock_zh_a_spot / 新浪
605011,杭州热电,16.7300000000,17.0400000000,49320777.0000000000,2942200.0000000000,-0.0181900000,0.4932077700,AKShare stock_zh_a_spot / 新浪
605016,百龙创园,19.9600000000,19.7400000000,83185974.0000000000,4218858.0000000000,0.0111400000,0.8318597400,AKShare stock_zh_a_spot / 新浪
605018,长华集团,12.8600000000,12.2100000000,203522074.0000000000,15599900.0000000000,0.0532400000,2.0352207400,AKShare stock_zh_a_spot / 新浪
605020,永和股份,32.3300000000,32.5200000000,274109589.0000000000,8457169.0000000000,-0.0058400000,2.7410958900,AKShare stock_zh_a_spot / 新浪
605028,世茂能源,24.3600000000,24.2600000000,22495753.0000000000,931003.0000000000,0.0041200000,0.2249575300,AKShare stock_zh_a_spot / 新浪
605033,美邦股份,18.9000000000,20.1300000000,104048913.0000000000,5490292.0000000000,-0.0611000000,1.0404891300,AKShare stock_zh_a_spot / 新浪
605050,福然德,10.3300000000,10.2600000000,13423691.0000000000,1306320.0000000000,0.0068200000,0.1342369100,AKShare stock_zh_a_spot / 新浪
605055,迎丰股份,9.6400000000,9.5700000000,36023590.0000000000,3726350.0000000000,0.0073100000,0.3602359000,AKShare stock_zh_a_spot / 新浪
605056,咸亨国际,14.1900000000,14.1500000000,47749071.0000000000,3380500.0000000000,0.0028300000,0.4774907100,AKShare stock_zh_a_spot / 新浪
605058,澳弘电子,26.8900000000,26.6400000000,43932581.0000000000,1643900.0000000000,0.0093800000,0.4393258100,AKShare stock_zh_a_spot / 新浪
605060,联德股份,42.7300000000,42.4800000000,196564549.0000000000,4582081.0000000000,0.0058900000,1.9656454900,AKShare stock_zh_a_spot / 新浪
605066,天正电气,7.5300000000,7.4700000000,110801518.0000000000,14938755.0000000000,0.0080300000,1.1080151800,AKShare stock_zh_a_spot / 新浪
605068,明新旭腾,17.1900000000,17.1600000000,49398705.0000000000,2884427.0000000000,0.0017500000,0.4939870500,AKShare stock_zh_a_spot / 新浪
605069,正和生态,10.4700000000,10.4300000000,26738569.0000000000,2575550.0000000000,0.0038400000,0.2673856900,AKShare stock_zh_a_spot / 新浪
605077,华康股份,10.7800000000,11.0300000000,48423552.0000000000,4519500.0000000000,-0.0226700000,0.4842355200,AKShare stock_zh_a_spot / 新浪
605080,浙江自然,22.0000000000,22.3400000000,166827173.0000000000,7593400.0000000000,-0.0152200000,1.6682717300,AKShare stock_zh_a_spot / 新浪
605086,龙高股份,25.4300000000,24.2400000000,127479370.0000000000,5024660.0000000000,0.0490900000,1.2747937000,AKShare stock_zh_a_spot / 新浪
605088,冠盛股份,21.0000000000,20.9000000000,58416459.0000000000,2814502.0000000000,0.0047800000,0.5841645900,AKShare stock_zh_a_spot / 新浪
605089,味知香,20.0000000000,20.3400000000,13797284.0000000000,692304.0000000000,-0.0167200000,0.1379728400,AKShare stock_zh_a_spot / 新浪
605090,九丰能源,35.6800000000,35.0600000000,526232559.0000000000,14694790.0000000000,0.0176800000,5.2623255900,AKShare stock_zh_a_spot / 新浪
605098,行动教育,55.0000000000,55.5200000000,53663743.0000000000,975289.0000000000,-0.0093700000,0.5366374300,AKShare stock_zh_a_spot / 新浪
605099,共创草坪,33.8800000000,33.3400000000,65645013.0000000000,1952712.0000000000,0.0162000000,0.6564501300,AKShare stock_zh_a_spot / 新浪
605100,华丰股份,33.0800000000,32.5100000000,85568107.0000000000,2614591.0000000000,0.0175300000,0.8556810700,AKShare stock_zh_a_spot / 新浪
605108,同庆楼,12.4800000000,12.6100000000,30297859.0000000000,2439182.0000000000,-0.0103100000,0.3029785900,AKShare stock_zh_a_spot / 新浪
605111,新洁能,61.0500000000,59.4500000000,1287982900.0000000000,20847283.0000000000,0.0269100000,12.8798290000,AKShare stock_zh_a_spot / 新浪
605116,奥锐特,19.9500000000,22.0000000000,249996281.0000000000,12379900.0000000000,-0.0931800000,2.4999628100,AKShare stock_zh_a_spot / 新浪
605117,德业股份,96.2000000000,93.7300000000,1248923593.0000000000,12963228.0000000000,0.0263500000,12.4892359300,AKShare stock_zh_a_spot / 新浪
605118,力鼎光电,29.0000000000,29.0000000000,51498908.0000000000,1783000.0000000000,0.0000000000,0.5149890800,AKShare stock_zh_a_spot / 新浪
605122,四方新材,11.5900000000,11.7000000000,33094070.0000000000,2865840.0000000000,-0.0094000000,0.3309407000,AKShare stock_zh_a_spot / 新浪
605123,派克新材,76.4600000000,75.0800000000,143505856.0000000000,1896043.0000000000,0.0183800000,1.4350585600,AKShare stock_zh_a_spot / 新浪
605128,上海沿浦,23.2700000000,23.3300000000,64290544.0000000000,2774403.0000000000,-0.0025700000,0.6429054400,AKShare stock_zh_a_spot / 新浪
605133,嵘泰股份,28.3300000000,27.7000000000,237941318.0000000000,8431100.0000000000,0.0227400000,2.3794131800,AKShare stock_zh_a_spot / 新浪
605136,丽人丽妆,8.0600000000,8.2600000000,64445002.0000000000,8000416.0000000000,-0.0242100000,0.6444500200,AKShare stock_zh_a_spot / 新浪
605138,盛泰集团,5.8600000000,5.8900000000,15433364.0000000000,2650000.0000000000,-0.0050900000,0.1543336400,AKShare stock_zh_a_spot / 新浪
605151,西上海,19.4300000000,19.2700000000,27115743.0000000000,1405800.0000000000,0.0083000000,0.2711574300,AKShare stock_zh_a_spot / 新浪
605155,西大门,14.0800000000,14.0400000000,26773041.0000000000,1923424.0000000000,0.0028500000,0.2677304100,AKShare stock_zh_a_spot / 新浪
605158,华达新材,7.5300000000,7.3000000000,41077055.0000000000,5541180.0000000000,0.0315100000,0.4107705500,AKShare stock_zh_a_spot / 新浪
605162,新中港,9.2100000000,9.0100000000,373159618.0000000000,39663649.0000000000,0.0222000000,3.7315961800,AKShare stock_zh_a_spot / 新浪
605166,聚合顺,8.3500000000,8.3700000000,33614210.0000000000,4053407.0000000000,-0.0023900000,0.3361421000,AKShare stock_zh_a_spot / 新浪
605167,利柏特,14.6300000000,15.4000000000,166726383.0000000000,11380062.0000000000,-0.0500000000,1.6672638300,AKShare stock_zh_a_spot / 新浪
605168,三人行,46.9700000000,47.0100000000,213630979.0000000000,4587125.0000000000,-0.0008500000,2.1363097900,AKShare stock_zh_a_spot / 新浪
605169,洪通燃气,11.0700000000,10.9700000000,62708146.0000000000,5657868.0000000000,0.0091200000,0.6270814600,AKShare stock_zh_a_spot / 新浪
605177,东亚药业,20.7300000000,20.7700000000,153900603.0000000000,7636509.0000000000,-0.0019300000,1.5390060300,AKShare stock_zh_a_spot / 新浪
605178,时空科技,67.3600000000,65.6800000000,244589755.0000000000,3664520.0000000000,0.0255800000,2.4458975500,AKShare stock_zh_a_spot / 新浪
605179,一鸣食品,31.5500000000,35.0500000000,609121015.0000000000,19114700.0000000000,-0.0998600000,6.0912101500,AKShare stock_zh_a_spot / 新浪
605180,华生科技,12.6500000000,12.5300000000,54626256.0000000000,4369100.0000000000,0.0095800000,0.5462625600,AKShare stock_zh_a_spot / 新浪
605183,确成股份,14.3900000000,14.5400000000,10801220.0000000000,752395.0000000000,-0.0103200000,0.1080122000,AKShare stock_zh_a_spot / 新浪
605186,健麾信息,26.3200000000,26.3600000000,40738757.0000000000,1554900.0000000000,-0.0015200000,0.4073875700,AKShare stock_zh_a_spot / 新浪
605188,国光连锁,12.3300000000,12.4700000000,42295678.0000000000,3445000.0000000000,-0.0112300000,0.4229567800,AKShare stock_zh_a_spot / 新浪
605189,富春染织,14.4500000000,14.3100000000,117311088.0000000000,8211138.0000000000,0.0097800000,1.1731108800,AKShare stock_zh_a_spot / 新浪
605196,华通线缆,35.2000000000,34.1000000000,377715299.0000000000,10838725.0000000000,0.0322600000,3.7771529900,AKShare stock_zh_a_spot / 新浪
605198,安德利,58.9000000000,60.0300000000,244245010.0000000000,4157666.0000000000,-0.0188200000,2.4424501000,AKShare stock_zh_a_spot / 新浪
605208,永茂泰,13.8400000000,14.0400000000,130969481.0000000000,9463824.0000000000,-0.0142500000,1.3096948100,AKShare stock_zh_a_spot / 新浪
605218,伟时电子,14.6600000000,14.7000000000,34827840.0000000000,2389969.0000000000,-0.0027200000,0.3482784000,AKShare stock_zh_a_spot / 新浪
605222,起帆电缆,19.6700000000,19.6300000000,121698435.0000000000,6221745.0000000000,0.0020400000,1.2169843500,AKShare stock_zh_a_spot / 新浪
605228,神通科技,10.5300000000,10.4800000000,27040202.0000000000,2577882.0000000000,0.0047700000,0.2704020200,AKShare stock_zh_a_spot / 新浪
605255,天普股份,67.6700000000,65.7800000000,44717061.0000000000,667400.0000000000,0.0287300000,0.4471706100,AKShare stock_zh_a_spot / 新浪
605258,协和电子,27.9300000000,26.9700000000,51588664.0000000000,1881945.0000000000,0.0356000000,0.5158866400,AKShare stock_zh_a_spot / 新浪
605259,绿田机械,17.6500000000,17.8000000000,27582341.0000000000,1569493.0000000000,-0.0084300000,0.2758234100,AKShare stock_zh_a_spot / 新浪
605266,健之佳,16.5300000000,16.9000000000,28208068.0000000000,1714515.0000000000,-0.0218900000,0.2820806800,AKShare stock_zh_a_spot / 新浪
605268,王力安防,9.2500000000,9.4500000000,50034644.0000000000,5430435.0000000000,-0.0211600000,0.5003464400,AKShare stock_zh_a_spot / 新浪
605277,新亚电子,14.7200000000,14.7700000000,39311532.0000000000,2673202.0000000000,-0.0033900000,0.3931153200,AKShare stock_zh_a_spot / 新浪
605286,同力天启,24.9200000000,25.2800000000,146178246.0000000000,5965384.0000000000,-0.0142400000,1.4617824600,AKShare stock_zh_a_spot / 新浪
605287,德才股份,39.2700000000,39.2700000000,105153060.0000000000,2704500.0000000000,0.0000000000,1.0515306000,AKShare stock_zh_a_spot / 新浪
605288,凯迪股份,57.1100000000,54.9200000000,89108448.0000000000,1585020.0000000000,0.0398800000,0.8910844800,AKShare stock_zh_a_spot / 新浪
605289,罗曼股份,107.9400000000,107.2100000000,403341128.0000000000,3718493.0000000000,0.0068100000,4.0334112800,AKShare stock_zh_a_spot / 新浪
605296,神农集团,30.2300000000,30.4200000000,75172455.0000000000,2462523.0000000000,-0.0062500000,0.7517245500,AKShare stock_zh_a_spot / 新浪
605298,必得科技,48.6600000000,46.3700000000,61077594.0000000000,1275611.0000000000,0.0493900000,0.6107759400,AKShare stock_zh_a_spot / 新浪
605299,舒华体育,12.5000000000,12.5700000000,91678265.0000000000,7354000.0000000000,-0.0055700000,0.9167826500,AKShare stock_zh_a_spot / 新浪
605300,佳禾食品,9.5800000000,9.7500000000,24716584.0000000000,2587334.0000000000,-0.0174400000,0.2471658400,AKShare stock_zh_a_spot / 新浪
605303,园林股份,20.5900000000,20.7000000000,39391266.0000000000,1920072.0000000000,-0.0053100000,0.3939126600,AKShare stock_zh_a_spot / 新浪
605305,中际联合,37.1900000000,37.0800000000,80769629.0000000000,2188109.0000000000,0.0029700000,0.8076962900,AKShare stock_zh_a_spot / 新浪
605318,法狮龙,76.1600000000,75.0500000000,64607103.0000000000,855100.0000000000,0.0147900000,0.6460710300,AKShare stock_zh_a_spot / 新浪
605319,无锡振华,24.1300000000,24.0600000000,82685174.0000000000,3491080.0000000000,0.0029100000,0.8268517400,AKShare stock_zh_a_spot / 新浪
605333,沪光股份,17.5700000000,17.8100000000,97421858.0000000000,5538600.0000000000,-0.0134800000,0.9742185800,AKShare stock_zh_a_spot / 新浪
605337,李子园,9.2700000000,9.6400000000,51548076.0000000000,5573165.0000000000,-0.0383800000,0.5154807600,AKShare stock_zh_a_spot / 新浪
605338,巴比食品,18.7800000000,20.0000000000,100934038.0000000000,5341600.0000000000,-0.0610000000,1.0093403800,AKShare stock_zh_a_spot / 新浪
605339,南侨食品,13.8900000000,14.0400000000,38123901.0000000000,2764100.0000000000,-0.0106800000,0.3812390100,AKShare stock_zh_a_spot / 新浪
605358,立昂微,44.1000000000,43.8500000000,1664956276.0000000000,37693217.0000000000,0.0057000000,16.6495627600,AKShare stock_zh_a_spot / 新浪
605365,立达信,13.8400000000,13.7900000000,64428349.0000000000,4661999.0000000000,0.0036300000,0.6442834900,AKShare stock_zh_a_spot / 新浪
605366,宏柏新材,7.9700000000,8.0300000000,130271158.0000000000,16313282.0000000000,-0.0074700000,1.3027115800,AKShare stock_zh_a_spot / 新浪
605368,蓝天燃气,6.6900000000,6.7300000000,20928827.0000000000,3134603.0000000000,-0.0059400000,0.2092882700,AKShare stock_zh_a_spot / 新浪
605369,拱东医疗,17.2700000000,17.7100000000,22012965.0000000000,1272290.0000000000,-0.0248400000,0.2201296500,AKShare stock_zh_a_spot / 新浪
605376,博迁新材,153.8000000000,148.0200000000,1759565780.0000000000,11581795.0000000000,0.0390500000,17.5956578000,AKShare stock_zh_a_spot / 新浪
605377,华旺科技,8.8700000000,8.8800000000,64533278.0000000000,7348459.0000000000,-0.0011300000,0.6453327800,AKShare stock_zh_a_spot / 新浪
605378,野马电池,14.1400000000,14.1100000000,19814430.0000000000,1411433.0000000000,0.0021300000,0.1981443000,AKShare stock_zh_a_spot / 新浪
605388,均瑶健康,5.9700000000,6.0500000000,58507578.0000000000,9852500.0000000000,-0.0132200000,0.5850757800,AKShare stock_zh_a_spot / 新浪
605389,长龄液压,70.5000000000,69.7200000000,47508826.0000000000,675781.0000000000,0.0111900000,0.4750882600,AKShare stock_zh_a_spot / 新浪
605398,新炬网络,20.4200000000,20.2400000000,22358599.0000000000,1105334.0000000000,0.0088900000,0.2235859900,AKShare stock_zh_a_spot / 新浪
605399,晨光新材,10.8000000000,10.6700000000,25753461.0000000000,2403358.0000000000,0.0121800000,0.2575346100,AKShare stock_zh_a_spot / 新浪
605488,福莱新材,29.5500000000,29.2500000000,186521329.0000000000,6293400.0000000000,0.0102600000,1.8652132900,AKShare stock_zh_a_spot / 新浪
605499,东鹏饮料,120.0300000000,123.0700000000,692466358.0000000000,5755087.0000000000,-0.0247000000,6.9246635800,AKShare stock_zh_a_spot / 新浪
605500,森林包装,6.9500000000,6.9500000000,17329352.0000000000,2511047.0000000000,0.0000000000,0.1732935200,AKShare stock_zh_a_spot / 新浪
605507,国邦医药,15.5800000000,16.0000000000,112106293.0000000000,7222420.0000000000,-0.0262500000,1.1210629300,AKShare stock_zh_a_spot / 新浪
605555,德昌股份,11.9100000000,11.9400000000,29866541.0000000000,2512636.0000000000,-0.0025100000,0.2986654100,AKShare stock_zh_a_spot / 新浪
605566,福莱蒽特,25.8000000000,25.5400000000,42677827.0000000000,1672939.0000000000,0.0101800000,0.4267782700,AKShare stock_zh_a_spot / 新浪
605567,春雪食品,9.1000000000,9.1500000000,21983614.0000000000,2431900.0000000000,-0.0054600000,0.2198361400,AKShare stock_zh_a_spot / 新浪
605577,龙版传媒,9.7300000000,9.9500000000,71380859.0000000000,7347884.0000000000,-0.0221100000,0.7138085900,AKShare stock_zh_a_spot / 新浪
605580,恒盛能源,17.7900000000,17.7100000000,48976791.0000000000,2767787.0000000000,0.0045200000,0.4897679100,AKShare stock_zh_a_spot / 新浪
605588,冠石科技,47.7000000000,47.4000000000,44902916.0000000000,946542.0000000000,0.0063300000,0.4490291600,AKShare stock_zh_a_spot / 新浪
605589,圣泉集团,38.9000000000,38.1600000000,885027701.0000000000,22831019.0000000000,0.0193900000,8.8502770100,AKShare stock_zh_a_spot / 新浪
605598,上海港湾,26.4600000000,26.2300000000,84154286.0000000000,3198862.0000000000,0.0087700000,0.8415428600,AKShare stock_zh_a_spot / 新浪
605599,菜百股份,16.8600000000,15.7900000000,207012441.0000000000,12629433.0000000000,0.0677600000,2.0701244100,AKShare stock_zh_a_spot / 新浪
688001,华兴源创,52.9900000000,53.3200000000,386751010.0000000000,7228010.0000000000,-0.0061900000,3.8675101000,AKShare stock_zh_a_spot / 新浪
688002,睿创微纳,160.4100000000,159.8800000000,1545468272.0000000000,9499818.0000000000,0.0033100000,15.4546827200,AKShare stock_zh_a_spot / 新浪
688003,天准科技,85.0000000000,87.1600000000,585703912.0000000000,6788380.0000000000,-0.0247800000,5.8570391200,AKShare stock_zh_a_spot / 新浪
688004,博汇科技,21.9100000000,21.7000000000,38201661.0000000000,1766003.0000000000,0.0096800000,0.3820166100,AKShare stock_zh_a_spot / 新浪
688005,容百科技,26.7000000000,26.1800000000,298600588.0000000000,11181910.0000000000,0.0198600000,2.9860058800,AKShare stock_zh_a_spot / 新浪
688006,杭可科技,22.6800000000,22.8800000000,214350360.0000000000,9394902.0000000000,-0.0087400000,2.1435036000,AKShare stock_zh_a_spot / 新浪
688007,光峰科技,10.6400000000,10.6600000000,38407828.0000000000,3638181.0000000000,-0.0018800000,0.3840782800,AKShare stock_zh_a_spot / 新浪
688008,澜起科技,200.5500000000,199.1100000000,4259877036.0000000000,21159032.0000000000,0.0072300000,42.5987703600,AKShare stock_zh_a_spot / 新浪
688009,中国通号,4.8900000000,4.9500000000,93164418.0000000000,19003865.0000000000,-0.0121200000,0.9316441800,AKShare stock_zh_a_spot / 新浪
688010,福光股份,26.3800000000,26.1800000000,76994944.0000000000,2933567.0000000000,0.0076400000,0.7699494400,AKShare stock_zh_a_spot / 新浪
688011,新光光电,79.5800000000,78.6700000000,157733121.0000000000,1999456.0000000000,0.0115700000,1.5773312100,AKShare stock_zh_a_spot / 新浪
688012,中微公司,362.5000000000,365.5000000000,5329720075.0000000000,14627381.0000000000,-0.0082100000,53.2972007500,AKShare stock_zh_a_spot / 新浪
688013,天臣医疗,25.3000000000,26.4000000000,24378933.0000000000,949865.0000000000,-0.0416700000,0.2437893300,AKShare stock_zh_a_spot / 新浪
688015,交控科技,15.7300000000,15.7400000000,14551502.0000000000,933331.0000000000,-0.0006400000,0.1455150200,AKShare stock_zh_a_spot / 新浪
688016,心脉医疗,92.4600000000,93.5200000000,128837785.0000000000,1392228.0000000000,-0.0113300000,1.2883778500,AKShare stock_zh_a_spot / 新浪
688017,绿的谐波,314.3500000000,310.0000000000,2129429817.0000000000,6806087.0000000000,0.0140300000,21.2942981700,AKShare stock_zh_a_spot / 新浪
688018,乐鑫科技,112.2100000000,112.2000000000,309027406.0000000000,2772403.0000000000,0.0000900000,3.0902740600,AKShare stock_zh_a_spot / 新浪
688019,安集科技,241.0700000000,248.4100000000,1286466855.0000000000,5287155.0000000000,-0.0295500000,12.8646685500,AKShare stock_zh_a_spot / 新浪
688020,方邦股份,129.8800000000,127.7000000000,451740199.0000000000,3519648.0000000000,0.0170700000,4.5174019900,AKShare stock_zh_a_spot / 新浪
688021,奥福科技,21.4700000000,21.1700000000,32054273.0000000000,1531619.0000000000,0.0141700000,0.3205427300,AKShare stock_zh_a_spot / 新浪
688023,安恒信息,38.6100000000,38.4200000000,54263525.0000000000,1422324.0000000000,0.0049500000,0.5426352500,AKShare stock_zh_a_spot / 新浪
688025,杰普特,410.8900000000,408.9000000000,1335262394.0000000000,3237311.0000000000,0.0048700000,13.3526239400,AKShare stock_zh_a_spot / 新浪
688026,洁特生物,16.4700000000,16.6700000000,65539216.0000000000,4019393.0000000000,-0.0120000000,0.6553921600,AKShare stock_zh_a_spot / 新浪
688027,国盾量子,386.6000000000,386.2000000000,498799117.0000000000,1296536.0000000000,0.0010400000,4.9879911700,AKShare stock_zh_a_spot / 新浪
688028,沃尔德,91.4400000000,89.0000000000,409522616.0000000000,4480503.0000000000,0.0274200000,4.0952261600,AKShare stock_zh_a_spot / 新浪
688029,南微医学,74.1400000000,75.6200000000,205742767.0000000000,2740673.0000000000,-0.0195700000,2.0574276700,AKShare stock_zh_a_spot / 新浪
688030,山石网科,16.5200000000,16.5000000000,37296979.0000000000,2282501.0000000000,0.0012100000,0.3729697900,AKShare stock_zh_a_spot / 新浪
688031,星环科技,105.5300000000,106.3500000000,378523422.0000000000,3589289.0000000000,-0.0077100000,3.7852342200,AKShare stock_zh_a_spot / 新浪
688032,禾迈股份,75.5000000000,75.7000000000,54985050.0000000000,722494.0000000000,-0.0026400000,0.5498505000,AKShare stock_zh_a_spot / 新浪
688035,德邦科技,66.3600000000,65.7400000000,392030604.0000000000,5962628.0000000000,0.0094300000,3.9203060400,AKShare stock_zh_a_spot / 新浪
688036,传音控股,57.8100000000,58.8900000000,743725686.0000000000,12840041.0000000000,-0.0183400000,7.4372568600,AKShare stock_zh_a_spot / 新浪
688037,芯源微,366.5000000000,367.5900000000,1860782174.0000000000,5098743.0000000000,-0.0029700000,18.6078217400,AKShare stock_zh_a_spot / 新浪
688038,中科通达,18.0800000000,18.1200000000,20474349.0000000000,1144361.0000000000,-0.0022100000,0.2047434900,AKShare stock_zh_a_spot / 新浪
688039,当虹科技,33.4500000000,33.4500000000,48309902.0000000000,1451087.0000000000,0.0000000000,0.4830990200,AKShare stock_zh_a_spot / 新浪
688041,海光信息,246.2100000000,246.3300000000,5256072873.0000000000,21440767.0000000000,-0.0004900000,52.5607287300,AKShare stock_zh_a_spot / 新浪
688045,必易微,60.1000000000,61.2600000000,167773706.0000000000,2788806.0000000000,-0.0189400000,1.6777370600,AKShare stock_zh_a_spot / 新浪
688046,药康生物,34.3500000000,36.7000000000,806765812.0000000000,23446175.0000000000,-0.0640300000,8.0676581200,AKShare stock_zh_a_spot / 新浪
688047,龙芯中科,107.3800000000,107.0000000000,258003198.0000000000,2405049.0000000000,0.0035500000,2.5800319800,AKShare stock_zh_a_spot / 新浪
688048,长光华芯,307.2300000000,301.8900000000,3076789122.0000000000,9917298.0000000000,0.0176900000,30.7678912200,AKShare stock_zh_a_spot / 新浪
688049,炬芯科技,39.1700000000,39.6700000000,168147663.0000000000,4288158.0000000000,-0.0126000000,1.6814766300,AKShare stock_zh_a_spot / 新浪
688050,爱博医疗,40.4800000000,42.2000000000,173173093.0000000000,4222665.0000000000,-0.0407600000,1.7317309300,AKShare stock_zh_a_spot / 新浪
688051,佳华科技,24.4500000000,25.0000000000,32005329.0000000000,1311565.0000000000,-0.0220000000,0.3200532900,AKShare stock_zh_a_spot / 新浪
688052,纳芯微,244.3600000000,245.3000000000,759070877.0000000000,3094547.0000000000,-0.0038300000,7.5907087700,AKShare stock_zh_a_spot / 新浪
688055,龙腾光电,3.7900000000,3.8000000000,35049701.0000000000,9311323.0000000000,-0.0026300000,0.3504970100,AKShare stock_zh_a_spot / 新浪
688056,莱伯泰科,42.8400000000,42.4200000000,32913786.0000000000,774764.0000000000,0.0099000000,0.3291378600,AKShare stock_zh_a_spot / 新浪
688057,金达莱,17.8900000000,19.1600000000,96232408.0000000000,5272294.0000000000,-0.0662800000,0.9623240800,AKShare stock_zh_a_spot / 新浪
688058,宝兰德,22.8300000000,22.8800000000,14281143.0000000000,630411.0000000000,-0.0021900000,0.1428114300,AKShare stock_zh_a_spot / 新浪
688059,华锐精密,91.3900000000,90.8000000000,319919542.0000000000,3498692.0000000000,0.0065000000,3.1991954200,AKShare stock_zh_a_spot / 新浪
688060,云涌科技,34.3500000000,34.6500000000,11307200.0000000000,329859.0000000000,-0.0086600000,0.1130720000,AKShare stock_zh_a_spot / 新浪
688061,灿瑞科技,37.3000000000,37.4800000000,50332313.0000000000,1350542.0000000000,-0.0048000000,0.5033231300,AKShare stock_zh_a_spot / 新浪
688062,迈威生物,31.1700000000,34.1000000000,432604206.0000000000,13491839.0000000000,-0.0859200000,4.3260420600,AKShare stock_zh_a_spot / 新浪
688063,派能科技,44.5900000000,43.9800000000,246704722.0000000000,5554376.0000000000,0.0138700000,2.4670472200,AKShare stock_zh_a_spot / 新浪
688065,凯赛生物,45.2700000000,46.2900000000,203396698.0000000000,4469402.0000000000,-0.0220300000,2.0339669800,AKShare stock_zh_a_spot / 新浪
688067,爱威科技,22.8800000000,23.1400000000,23264357.0000000000,1029226.0000000000,-0.0112400000,0.2326435700,AKShare stock_zh_a_spot / 新浪
688068,热景生物,106.4900000000,111.1800000000,430447877.0000000000,4038431.0000000000,-0.0421800000,4.3044787700,AKShare stock_zh_a_spot / 新浪
688069,德林海,31.7800000000,31.3200000000,73971662.0000000000,2333214.0000000000,0.0146900000,0.7397166200,AKShare stock_zh_a_spot / 新浪
688070,纵横股份,34.5400000000,33.9500000000,65877830.0000000000,1904429.0000000000,0.0173800000,0.6587783000,AKShare stock_zh_a_spot / 新浪
688071,华依科技,33.6700000000,32.7400000000,60870594.0000000000,1813484.0000000000,0.0284100000,0.6087059400,AKShare stock_zh_a_spot / 新浪
688072,拓荆科技,673.5000000000,671.2600000000,3454963895.0000000000,5047090.0000000000,0.0033400000,34.5496389500,AKShare stock_zh_a_spot / 新浪
688073,毕得医药,71.6000000000,74.9100000000,388800056.0000000000,5354161.0000000000,-0.0441900000,3.8880005600,AKShare stock_zh_a_spot / 新浪
688075,安旭生物,29.5500000000,30.2900000000,26364913.0000000000,884859.0000000000,-0.0244300000,0.2636491300,AKShare stock_zh_a_spot / 新浪
688077,大地熊,28.8000000000,29.1400000000,95116935.0000000000,3327735.0000000000,-0.0116700000,0.9511693500,AKShare stock_zh_a_spot / 新浪
688078,龙软科技,23.3300000000,23.6900000000,21203539.0000000000,913888.0000000000,-0.0152000000,0.2120353900,AKShare stock_zh_a_spot / 新浪
688079,美迪凯,15.9700000000,15.6700000000,157768338.0000000000,9952737.0000000000,0.0191400000,1.5776833800,AKShare stock_zh_a_spot / 新浪
688080,映翰通,36.5700000000,36.8000000000,30488278.0000000000,830275.0000000000,-0.0062500000,0.3048827800,AKShare stock_zh_a_spot / 新浪
688081,兴图新科,28.7600000000,28.4200000000,39729847.0000000000,1387394.0000000000,0.0119600000,0.3972984700,AKShare stock_zh_a_spot / 新浪
688082,盛美上海,301.1000000000,295.0000000000,1640017380.0000000000,5460617.0000000000,0.0206800000,16.4001738000,AKShare stock_zh_a_spot / 新浪
688083,中望软件,53.7300000000,53.6300000000,122159437.0000000000,2279367.0000000000,0.0018600000,1.2215943700,AKShare stock_zh_a_spot / 新浪
688084,晶品特装,44.0500000000,44.1200000000,40507587.0000000000,927801.0000000000,-0.0015900000,0.4050758700,AKShare stock_zh_a_spot / 新浪
688085,三友医疗,13.5000000000,13.5700000000,41682250.0000000000,3121123.0000000000,-0.0051600000,0.4168225000,AKShare stock_zh_a_spot / 新浪
688087,英科再生,40.2100000000,39.8900000000,67026841.0000000000,1679313.0000000000,0.0080200000,0.6702684100,AKShare stock_zh_a_spot / 新浪
688088,虹软科技,31.6100000000,31.7500000000,98688675.0000000000,3126466.0000000000,-0.0044100000,0.9868867500,AKShare stock_zh_a_spot / 新浪
688090,瑞松科技,71.5000000000,72.8000000000,414705223.0000000000,5768598.0000000000,-0.0178600000,4.1470522300,AKShare stock_zh_a_spot / 新浪
688091,上海谊众,40.0200000000,42.4800000000,220370317.0000000000,5438840.0000000000,-0.0579100000,2.2037031700,AKShare stock_zh_a_spot / 新浪
688092,爱科科技,22.6000000000,22.7300000000,11884767.0000000000,526461.0000000000,-0.0057200000,0.1188476700,AKShare stock_zh_a_spot / 新浪
688093,世华科技,25.3400000000,25.3300000000,40158986.0000000000,1590696.0000000000,0.0003900000,0.4015898600,AKShare stock_zh_a_spot / 新浪
688095,福昕软件,59.0500000000,59.8900000000,126369711.0000000000,2151827.0000000000,-0.0140300000,1.2636971100,AKShare stock_zh_a_spot / 新浪
688096,京源环保,8.8000000000,9.0700000000,100695881.0000000000,11388293.0000000000,-0.0297700000,1.0069588100,AKShare stock_zh_a_spot / 新浪
688097,博众精工,49.1000000000,46.9500000000,375215716.0000000000,7700989.0000000000,0.0457900000,3.7521571600,AKShare stock_zh_a_spot / 新浪
688098,申联生物,8.2500000000,8.7200000000,60531372.0000000000,7259734.0000000000,-0.0539000000,0.6053137200,AKShare stock_zh_a_spot / 新浪
688099,晶晨股份,91.9200000000,93.2500000000,769235236.0000000000,8310273.0000000000,-0.0142600000,7.6923523600,AKShare stock_zh_a_spot / 新浪
688100,威胜信息,25.6600000000,25.9100000000,90396319.0000000000,3513429.0000000000,-0.0096500000,0.9039631900,AKShare stock_zh_a_spot / 新浪
688101,三达膜,14.6900000000,15.5700000000,96573072.0000000000,6601326.0000000000,-0.0565200000,0.9657307200,AKShare stock_zh_a_spot / 新浪
688102,斯瑞新材,34.1600000000,33.1000000000,786952844.0000000000,23065870.0000000000,0.0320200000,7.8695284400,AKShare stock_zh_a_spot / 新浪
688103,国力电子,74.9300000000,74.0400000000,149386817.0000000000,1998293.0000000000,0.0120200000,1.4938681700,AKShare stock_zh_a_spot / 新浪
688105,诺唯赞,24.2400000000,25.5200000000,993558106.0000000000,38666488.0000000000,-0.0501600000,9.9355810600,AKShare stock_zh_a_spot / 新浪
688106,金宏气体,27.9300000000,27.3600000000,542841735.0000000000,19368757.0000000000,0.0208300000,5.4284173500,AKShare stock_zh_a_spot / 新浪
688107,安路科技,31.3000000000,31.4100000000,164025554.0000000000,5226670.0000000000,-0.0035000000,1.6402555400,AKShare stock_zh_a_spot / 新浪
688108,赛诺医疗,18.4800000000,18.5800000000,176800661.0000000000,9628989.0000000000,-0.0053800000,1.7680066100,AKShare stock_zh_a_spot / 新浪
688109,品茗科技,73.0300000000,73.6000000000,53580887.0000000000,733559.0000000000,-0.0077400000,0.5358088700,AKShare stock_zh_a_spot / 新浪
688110,东芯股份,120.7000000000,114.3200000000,2396839013.0000000000,20365602.0000000000,0.0558100000,23.9683901300,AKShare stock_zh_a_spot / 新浪
688111,金山办公,240.5000000000,241.6400000000,1220494691.0000000000,5094665.0000000000,-0.0047200000,12.2049469100,AKShare stock_zh_a_spot / 新浪
688112,鼎阳科技,71.1100000000,70.5000000000,388097205.0000000000,5471980.0000000000,0.0086500000,3.8809720500,AKShare stock_zh_a_spot / 新浪
688113,联测科技,36.0500000000,35.9200000000,18186417.0000000000,511230.0000000000,0.0036200000,0.1818641700,AKShare stock_zh_a_spot / 新浪
688114,华大智造,74.7900000000,69.1100000000,2422252545.0000000000,31793380.0000000000,0.0821900000,24.2225254500,AKShare stock_zh_a_spot / 新浪
688115,思林杰,68.2600000000,69.6800000000,111386739.0000000000,1632457.0000000000,-0.0203800000,1.1138673900,AKShare stock_zh_a_spot / 新浪
688116,天奈科技,32.2000000000,31.5400000000,183288446.0000000000,5701641.0000000000,0.0209300000,1.8328844600,AKShare stock_zh_a_spot / 新浪
688117,圣诺生物,25.7900000000,26.6000000000,345071249.0000000000,13374124.0000000000,-0.0304500000,3.4507124900,AKShare stock_zh_a_spot / 新浪
688118,普元信息,20.1500000000,20.1900000000,45161211.0000000000,2258224.0000000000,-0.0019800000,0.4516121100,AKShare stock_zh_a_spot / 新浪
688119,中钢洛耐,3.9000000000,3.8900000000,29488752.0000000000,7622318.0000000000,0.0025700000,0.2948875200,AKShare stock_zh_a_spot / 新浪
688120,华海清科,271.7000000000,280.5000000000,2188381467.0000000000,7994935.0000000000,-0.0313700000,21.8838146700,AKShare stock_zh_a_spot / 新浪
688122,西部超导,49.2000000000,48.7700000000,243979058.0000000000,4985746.0000000000,0.0088200000,2.4397905800,AKShare stock_zh_a_spot / 新浪
688123,聚辰股份,138.8900000000,140.9300000000,1256528181.0000000000,9006197.0000000000,-0.0144800000,12.5652818100,AKShare stock_zh_a_spot / 新浪
688125,安达智能,123.6000000000,122.6200000000,123103076.0000000000,997993.0000000000,0.0079900000,1.2310307600,AKShare stock_zh_a_spot / 新浪
688126,沪硅产业,24.6300000000,24.4500000000,1574686196.0000000000,64006007.0000000000,0.0073600000,15.7468619600,AKShare stock_zh_a_spot / 新浪
688127,蓝特光学,65.7300000000,69.8000000000,826614354.0000000000,12549959.0000000000,-0.0583100000,8.2661435400,AKShare stock_zh_a_spot / 新浪
688128,中国电研,21.9500000000,21.8600000000,30411851.0000000000,1394213.0000000000,0.0041200000,0.3041185100,AKShare stock_zh_a_spot / 新浪
688129,东来技术,20.9600000000,21.2300000000,14811946.0000000000,709252.0000000000,-0.0127200000,0.1481194600,AKShare stock_zh_a_spot / 新浪
688130,晶华微,24.1500000000,24.2700000000,39081890.0000000000,1630068.0000000000,-0.0049400000,0.3908189000,AKShare stock_zh_a_spot / 新浪
688131,皓元医药,97.3900000000,100.0900000000,619174781.0000000000,6345531.0000000000,-0.0269800000,6.1917478100,AKShare stock_zh_a_spot / 新浪
688132,邦彦技术,13.4000000000,13.3800000000,11827822.0000000000,888756.0000000000,0.0014900000,0.1182782200,AKShare stock_zh_a_spot / 新浪
688133,泰坦科技,23.3300000000,24.1100000000,72789735.0000000000,3107882.0000000000,-0.0323500000,0.7278973500,AKShare stock_zh_a_spot / 新浪
688135,利扬芯片,25.4400000000,25.7000000000,173429775.0000000000,6797541.0000000000,-0.0101200000,1.7342977500,AKShare stock_zh_a_spot / 新浪
688136,科兴制药,20.5500000000,21.5800000000,177277212.0000000000,8571056.0000000000,-0.0477300000,1.7727721200,AKShare stock_zh_a_spot / 新浪
688137,近岸蛋白,80.9900000000,67.4900000000,794653561.0000000000,10573288.0000000000,0.2000300000,7.9465356100,AKShare stock_zh_a_spot / 新浪
688138,清溢光电,33.9800000000,34.4000000000,198685514.0000000000,5803966.0000000000,-0.0122100000,1.9868551400,AKShare stock_zh_a_spot / 新浪
688139,海尔生物,29.5400000000,30.0400000000,145490660.0000000000,4901330.0000000000,-0.0166400000,1.4549066000,AKShare stock_zh_a_spot / 新浪
688141,杰华特,124.3500000000,121.8100000000,1224657699.0000000000,9920638.0000000000,0.0208500000,12.2465769900,AKShare stock_zh_a_spot / 新浪
688143,长盈通,158.8000000000,149.5000000000,3847777629.0000000000,24639889.0000000000,0.0622100000,38.4777762900,AKShare stock_zh_a_spot / 新浪
688146,中船特气,263.0900000000,260.8800000000,3885688039.0000000000,14649013.0000000000,0.0084700000,38.8568803900,AKShare stock_zh_a_spot / 新浪
688147,微导纳米,119.7200000000,117.0000000000,821601096.0000000000,6887321.0000000000,0.0232500000,8.2160109600,AKShare stock_zh_a_spot / 新浪
688148,芳源股份,6.3100000000,6.2500000000,93216018.0000000000,14855285.0000000000,0.0096000000,0.9321601800,AKShare stock_zh_a_spot / 新浪
688150,莱特光电,38.3300000000,38.3500000000,258022869.0000000000,6770708.0000000000,-0.0005200000,2.5802286900,AKShare stock_zh_a_spot / 新浪
688151,华强科技,15.9100000000,16.3900000000,42287457.0000000000,2649880.0000000000,-0.0292900000,0.4228745700,AKShare stock_zh_a_spot / 新浪
688152,麒麟信安,33.1000000000,35.5400000000,219999910.0000000000,6660743.0000000000,-0.0686600000,2.1999991000,AKShare stock_zh_a_spot / 新浪
688153,唯捷创芯,25.6300000000,25.8200000000,57440661.0000000000,2225397.0000000000,-0.0073600000,0.5744066100,AKShare stock_zh_a_spot / 新浪
688155,先惠技术,60.0200000000,58.9800000000,161261202.0000000000,2683564.0000000000,0.0176300000,1.6126120200,AKShare stock_zh_a_spot / 新浪
688156,路德科技,19.7200000000,19.4900000000,43098982.0000000000,2201702.0000000000,0.0118000000,0.4309898200,AKShare stock_zh_a_spot / 新浪
688157,松井股份,18.9900000000,19.3100000000,27452113.0000000000,1451662.0000000000,-0.0165700000,0.2745211300,AKShare stock_zh_a_spot / 新浪
688158,优刻得,32.6300000000,32.3600000000,458886472.0000000000,14263983.0000000000,0.0083400000,4.5888647200,AKShare stock_zh_a_spot / 新浪
688159,有方科技,32.3500000000,32.0800000000,79420374.0000000000,2476724.0000000000,0.0084200000,0.7942037400,AKShare stock_zh_a_spot / 新浪
688160,步科股份,99.8500000000,99.9600000000,89590229.0000000000,900439.0000000000,-0.0011000000,0.8959022900,AKShare stock_zh_a_spot / 新浪
688161,威高骨科,22.0800000000,22.7100000000,26861635.0000000000,1213014.0000000000,-0.0277400000,0.2686163500,AKShare stock_zh_a_spot / 新浪
688162,巨一科技,23.1700000000,23.0700000000,20873414.0000000000,907008.0000000000,0.0043300000,0.2087341400,AKShare stock_zh_a_spot / 新浪
688163,赛伦生物,34.0000000000,34.9800000000,43296665.0000000000,1285495.0000000000,-0.0280200000,0.4329666500,AKShare stock_zh_a_spot / 新浪
688165,埃夫特,16.4000000000,16.4000000000,94068162.0000000000,5760943.0000000000,0.0000000000,0.9406816200,AKShare stock_zh_a_spot / 新浪
688166,博瑞医药,36.6700000000,38.8500000000,577343895.0000000000,15655282.0000000000,-0.0561100000,5.7734389500,AKShare stock_zh_a_spot / 新浪
688167,炬光科技,281.0700000000,283.0000000000,3205935200.0000000000,11241517.0000000000,-0.0068200000,32.0593520000,AKShare stock_zh_a_spot / 新浪
688168,安博通,35.6300000000,35.7600000000,99537149.0000000000,2817008.0000000000,-0.0036400000,0.9953714900,AKShare stock_zh_a_spot / 新浪
688169,石头科技,116.4600000000,119.6000000000,397153037.0000000000,3389451.0000000000,-0.0262500000,3.9715303700,AKShare stock_zh_a_spot / 新浪
688170,德龙激光,52.9500000000,53.0100000000,154796778.0000000000,2944605.0000000000,-0.0011300000,1.5479677800,AKShare stock_zh_a_spot / 新浪
688171,纬德信息,27.0000000000,27.5700000000,28375430.0000000000,1050765.0000000000,-0.0206700000,0.2837543000,AKShare stock_zh_a_spot / 新浪
688172,燕东微,55.6500000000,55.5500000000,484919274.0000000000,8748283.0000000000,0.0018000000,4.8491927400,AKShare stock_zh_a_spot / 新浪
688173,希荻微,13.8100000000,13.4800000000,106673380.0000000000,7786746.0000000000,0.0244800000,1.0667338000,AKShare stock_zh_a_spot / 新浪
688175,高凌信息,19.3700000000,19.6500000000,33586504.0000000000,1746093.0000000000,-0.0142500000,0.3358650400,AKShare stock_zh_a_spot / 新浪
688176,亚虹医药,12.2000000000,12.8600000000,191342940.0000000000,15601553.0000000000,-0.0513200000,1.9134294000,AKShare stock_zh_a_spot / 新浪
688177,百奥泰,20.7100000000,21.7500000000,102083891.0000000000,4869704.0000000000,-0.0478200000,1.0208389100,AKShare stock_zh_a_spot / 新浪
688178,万德斯,28.7000000000,28.7400000000,31854048.0000000000,1122488.0000000000,-0.0013900000,0.3185404800,AKShare stock_zh_a_spot / 新浪
688179,阿拉丁,20.8900000000,22.7600000000,516547805.0000000000,24503487.0000000000,-0.0821600000,5.1654780500,AKShare stock_zh_a_spot / 新浪
688180,君实生物,37.4200000000,40.4500000000,1176459001.0000000000,30755163.0000000000,-0.0749100000,11.7645900100,AKShare stock_zh_a_spot / 新浪
688181,八亿时空,38.7200000000,38.8000000000,150601737.0000000000,3907983.0000000000,-0.0020600000,1.5060173700,AKShare stock_zh_a_spot / 新浪
688182,灿勤科技,28.2000000000,28.1500000000,175325038.0000000000,6244035.0000000000,0.0017800000,1.7532503800,AKShare stock_zh_a_spot / 新浪
688183,生益电子,107.5800000000,104.4000000000,1251465842.0000000000,11692741.0000000000,0.0304600000,12.5146584200,AKShare stock_zh_a_spot / 新浪
688185,康希诺,77.3200000000,64.4300000000,1891019107.0000000000,25593388.0000000000,0.2000600000,18.9101910700,AKShare stock_zh_a_spot / 新浪
688186,广大特材,13.8800000000,13.7500000000,35647980.0000000000,2581943.0000000000,0.0094500000,0.3564798000,AKShare stock_zh_a_spot / 新浪
688187,时代电气,47.6000000000,46.9500000000,244740945.0000000000,5118694.0000000000,0.0138400000,2.4474094500,AKShare stock_zh_a_spot / 新浪
688188,柏楚电子,101.6000000000,102.3400000000,185959516.0000000000,1832168.0000000000,-0.0072300000,1.8595951600,AKShare stock_zh_a_spot / 新浪
688190,云路股份,73.0600000000,73.5400000000,49635066.0000000000,676164.0000000000,-0.0065300000,0.4963506600,AKShare stock_zh_a_spot / 新浪
688191,智洋创新,21.7400000000,21.6700000000,102844133.0000000000,4772111.0000000000,0.0032300000,1.0284413300,AKShare stock_zh_a_spot / 新浪
688192,迪哲医药,59.0000000000,62.1500000000,538007693.0000000000,9050663.0000000000,-0.0506800000,5.3800769300,AKShare stock_zh_a_spot / 新浪
688193,仁度生物,48.0600000000,48.5400000000,21434829.0000000000,451164.0000000000,-0.0098900000,0.2143482900,AKShare stock_zh_a_spot / 新浪
688195,腾景科技,172.0000000000,176.2800000000,1921638705.0000000000,11052522.0000000000,-0.0242800000,19.2163870500,AKShare stock_zh_a_spot / 新浪
688196,卓越新能,34.5000000000,35.3800000000,82201887.0000000000,2382065.0000000000,-0.0248700000,0.8220188700,AKShare stock_zh_a_spot / 新浪
688197,首药控股,37.7100000000,38.9600000000,143843230.0000000000,3787327.0000000000,-0.0320800000,1.4384323000,AKShare stock_zh_a_spot / 新浪
688198,佰仁医疗,78.5000000000,81.5000000000,74007378.0000000000,937144.0000000000,-0.0368100000,0.7400737800,AKShare stock_zh_a_spot / 新浪
688199,久日新材,23.1600000000,23.0300000000,57699002.0000000000,2505859.0000000000,0.0056400000,0.5769900200,AKShare stock_zh_a_spot / 新浪
688200,华峰测控,412.5200000000,415.6000000000,1057649578.0000000000,2577186.0000000000,-0.0074100000,10.5764957800,AKShare stock_zh_a_spot / 新浪
688202,美迪西,100.4700000000,110.0000000000,925904281.0000000000,9016307.0000000000,-0.0866400000,9.2590428100,AKShare stock_zh_a_spot / 新浪
688203,海正生材,11.7300000000,11.5600000000,32320146.0000000000,2777997.0000000000,0.0147100000,0.3232014600,AKShare stock_zh_a_spot / 新浪
688205,德科立,159.3600000000,166.9900000000,2035279673.0000000000,12517164.0000000000,-0.0456900000,20.3527967300,AKShare stock_zh_a_spot / 新浪
688206,概伦电子,43.3000000000,39.0800000000,664083299.0000000000,15812342.0000000000,0.1079800000,6.6408329900,AKShare stock_zh_a_spot / 新浪
688207,格灵深瞳,19.3800000000,19.4400000000,142246413.0000000000,7418247.0000000000,-0.0030900000,1.4224641300,AKShare stock_zh_a_spot / 新浪
688208,道通科技,25.0600000000,25.2000000000,177598580.0000000000,7088841.0000000000,-0.0055600000,1.7759858000,AKShare stock_zh_a_spot / 新浪
688209,英集芯,23.0200000000,21.8800000000,313360779.0000000000,13765053.0000000000,0.0521000000,3.1336077900,AKShare stock_zh_a_spot / 新浪
688210,统联精密,30.9900000000,31.4000000000,200704849.0000000000,6460966.0000000000,-0.0130600000,2.0070484900,AKShare stock_zh_a_spot / 新浪
688211,中科微至,30.8800000000,31.0700000000,13408243.0000000000,434202.0000000000,-0.0061200000,0.1340824300,AKShare stock_zh_a_spot / 新浪
688212,澳华内镜,28.2700000000,28.8200000000,102973286.0000000000,3650725.0000000000,-0.0190800000,1.0297328600,AKShare stock_zh_a_spot / 新浪
688213,思特威,98.0000000000,97.3000000000,480310395.0000000000,4909950.0000000000,0.0071900000,4.8031039500,AKShare stock_zh_a_spot / 新浪
688215,瑞晟智能,45.3500000000,44.1700000000,56945395.0000000000,1281552.0000000000,0.0267100000,0.5694539500,AKShare stock_zh_a_spot / 新浪
688216,气派科技,30.5300000000,30.3300000000,85265196.0000000000,2798717.0000000000,0.0065900000,0.8526519600,AKShare stock_zh_a_spot / 新浪
688217,睿昂基因,24.7700000000,25.2600000000,35215347.0000000000,1430518.0000000000,-0.0194000000,0.3521534700,AKShare stock_zh_a_spot / 新浪
688218,江苏北人,41.3200000000,40.0800000000,173135366.0000000000,4281675.0000000000,0.0309400000,1.7313536600,AKShare stock_zh_a_spot / 新浪
688219,会通股份,10.3600000000,10.2600000000,45289226.0000000000,4410686.0000000000,0.0097500000,0.4528922600,AKShare stock_zh_a_spot / 新浪
688220,翱捷科技,94.3800000000,95.2600000000,573363139.0000000000,6080218.0000000000,-0.0092400000,5.7336313900,AKShare stock_zh_a_spot / 新浪
688221,前沿生物,20.0000000000,22.0700000000,514245948.0000000000,25341330.0000000000,-0.0937900000,5.1424594800,AKShare stock_zh_a_spot / 新浪
688222,成都先导,36.1600000000,38.7000000000,894492601.0000000000,24474052.0000000000,-0.0656300000,8.9449260100,AKShare stock_zh_a_spot / 新浪
688223,晶科能源,4.3900000000,4.3900000000,203500719.0000000000,46506950.0000000000,0.0000000000,2.0350071900,AKShare stock_zh_a_spot / 新浪
688225,亚信安全,11.8600000000,12.0700000000,51055453.0000000000,4307369.0000000000,-0.0174000000,0.5105545300,AKShare stock_zh_a_spot / 新浪
688226,威腾电气,29.2400000000,28.9600000000,80440533.0000000000,2757003.0000000000,0.0096700000,0.8044053300,AKShare stock_zh_a_spot / 新浪
688227,品高股份,72.3500000000,72.3000000000,152774788.0000000000,2122738.0000000000,0.0006900000,1.5277478800,AKShare stock_zh_a_spot / 新浪
688228,开普云,79.5000000000,74.6800000000,202213786.0000000000,2615108.0000000000,0.0645400000,2.0221378600,AKShare stock_zh_a_spot / 新浪
688229,博睿数据,66.4900000000,65.7300000000,29304872.0000000000,444958.0000000000,0.0115600000,0.2930487200,AKShare stock_zh_a_spot / 新浪
688230,芯导科技,54.5000000000,54.7000000000,52893614.0000000000,972138.0000000000,-0.0036600000,0.5289361400,AKShare stock_zh_a_spot / 新浪
688231,隆达股份,29.6300000000,29.4300000000,58728076.0000000000,1978880.0000000000,0.0068000000,0.5872807600,AKShare stock_zh_a_spot / 新浪
688232,新点软件,18.1600000000,18.3700000000,22886820.0000000000,1257847.0000000000,-0.0114300000,0.2288682000,AKShare stock_zh_a_spot / 新浪
688233,神工股份,113.1900000000,113.0000000000,823941993.0000000000,7320143.0000000000,0.0016800000,8.2394199300,AKShare stock_zh_a_spot / 新浪
688234,天岳先进,109.9500000000,108.2000000000,1289601758.0000000000,11688190.0000000000,0.0161700000,12.8960175800,AKShare stock_zh_a_spot / 新浪
688235,百济神州,289.2500000000,298.8800000000,1660779605.0000000000,5761754.0000000000,-0.0322200000,16.6077960500,AKShare stock_zh_a_spot / 新浪
688236,春立医疗,14.4900000000,15.0900000000,29330918.0000000000,2016001.0000000000,-0.0397600000,0.2933091800,AKShare stock_zh_a_spot / 新浪
688237,超卓航科,56.2000000000,55.8000000000,50954462.0000000000,910984.0000000000,0.0071700000,0.5095446200,AKShare stock_zh_a_spot / 新浪
688238,和元生物,7.2800000000,8.0400000000,530086534.0000000000,71438458.0000000000,-0.0945300000,5.3008653400,AKShare stock_zh_a_spot / 新浪
688239,航宇科技,48.2100000000,44.8800000000,450844138.0000000000,9499997.0000000000,0.0742000000,4.5084413800,AKShare stock_zh_a_spot / 新浪
688244,永信至诚,14.9600000000,15.0700000000,18086464.0000000000,1217606.0000000000,-0.0073000000,0.1808646400,AKShare stock_zh_a_spot / 新浪
688246,嘉和美康,17.4100000000,17.8000000000,39545686.0000000000,2275024.0000000000,-0.0219100000,0.3954568600,AKShare stock_zh_a_spot / 新浪
688247,宣泰医药,9.7600000000,10.2100000000,108774565.0000000000,11070288.0000000000,-0.0440700000,1.0877456500,AKShare stock_zh_a_spot / 新浪
688248,南网科技,41.3400000000,42.2400000000,206573676.0000000000,4996701.0000000000,-0.0213100000,2.0657367600,AKShare stock_zh_a_spot / 新浪
688249,晶合集成,39.1200000000,39.3900000000,575822851.0000000000,14644155.0000000000,-0.0068500000,5.7582285100,AKShare stock_zh_a_spot / 新浪
688251,井松智能,21.4300000000,21.3400000000,19107860.0000000000,897209.0000000000,0.0042200000,0.1910786000,AKShare stock_zh_a_spot / 新浪
688252,天德钰,20.1000000000,20.3900000000,101196910.0000000000,5016084.0000000000,-0.0142200000,1.0119691000,AKShare stock_zh_a_spot / 新浪
688253,英诺特,56.2300000000,57.1600000000,86028707.0000000000,1530799.0000000000,-0.0162700000,0.8602870700,AKShare stock_zh_a_spot / 新浪
688255,凯尔达,25.7400000000,25.5000000000,52975090.0000000000,2084027.0000000000,0.0094100000,0.5297509000,AKShare stock_zh_a_spot / 新浪
688256,寒武纪,1035.0000000000,1010.8800000000,12446848997.0000000000,12033293.0000000000,0.0238600000,124.4684899700,AKShare stock_zh_a_spot / 新浪
688257,新锐股份,58.0500000000,57.1000000000,576934565.0000000000,10011217.0000000000,0.0166400000,5.7693456500,AKShare stock_zh_a_spot / 新浪
688258,卓易信息,97.2900000000,97.8000000000,171300224.0000000000,1766825.0000000000,-0.0052100000,1.7130022400,AKShare stock_zh_a_spot / 新浪
688259,创耀科技,31.0100000000,30.8100000000,26420061.0000000000,859068.0000000000,0.0064900000,0.2642006100,AKShare stock_zh_a_spot / 新浪
688260,昀冢科技,107.0900000000,107.5600000000,702807848.0000000000,6503217.0000000000,-0.0043700000,7.0280784800,AKShare stock_zh_a_spot / 新浪
688261,东微半导,74.8100000000,73.6800000000,568410032.0000000000,7546751.0000000000,0.0153400000,5.6841003200,AKShare stock_zh_a_spot / 新浪
688262,国芯科技,26.9300000000,26.7700000000,176418892.0000000000,6573353.0000000000,0.0059800000,1.7641889200,AKShare stock_zh_a_spot / 新浪
688265,南模生物,42.3000000000,44.8500000000,157940123.0000000000,3687861.0000000000,-0.0568600000,1.5794012300,AKShare stock_zh_a_spot / 新浪
688266,泽璟制药,128.7100000000,138.3400000000,1134744189.0000000000,8739361.0000000000,-0.0696100000,11.3474418900,AKShare stock_zh_a_spot / 新浪
688267,中触媒,18.6500000000,18.9400000000,18543372.0000000000,995450.0000000000,-0.0153100000,0.1854337200,AKShare stock_zh_a_spot / 新浪
688268,华特气体,145.2000000000,141.3500000000,981243908.0000000000,6689285.0000000000,0.0272400000,9.8124390800,AKShare stock_zh_a_spot / 新浪
688269,凯立新材,32.1600000000,31.2900000000,52622412.0000000000,1656422.0000000000,0.0278000000,0.5262241200,AKShare stock_zh_a_spot / 新浪
688271,联影医疗,106.0000000000,109.9900000000,563288891.0000000000,5286227.0000000000,-0.0362800000,5.6328889100,AKShare stock_zh_a_spot / 新浪
688272,富吉瑞,28.4200000000,28.4500000000,36592144.0000000000,1286499.0000000000,-0.0010500000,0.3659214400,AKShare stock_zh_a_spot / 新浪
688273,麦澜德,30.4100000000,31.2400000000,34535239.0000000000,1134442.0000000000,-0.0265700000,0.3453523900,AKShare stock_zh_a_spot / 新浪
688275,万润新能,85.9100000000,79.0800000000,700308441.0000000000,8211594.0000000000,0.0863700000,7.0030844100,AKShare stock_zh_a_spot / 新浪
688276,百克生物,17.3600000000,18.7100000000,366983575.0000000000,19977242.0000000000,-0.0721500000,3.6698357500,AKShare stock_zh_a_spot / 新浪
688277,天智航,15.7400000000,16.0600000000,71488323.0000000000,4515073.0000000000,-0.0199300000,0.7148832300,AKShare stock_zh_a_spot / 新浪
688278,特宝生物,61.8800000000,64.9900000000,518006527.0000000000,8361454.0000000000,-0.0478500000,5.1800652700,AKShare stock_zh_a_spot / 新浪
688279,峰岹科技,177.7400000000,168.0400000000,502241433.0000000000,2804595.0000000000,0.0577200000,5.0224143300,AKShare stock_zh_a_spot / 新浪
688280,精进电动,5.4800000000,5.4900000000,48546696.0000000000,8930174.0000000000,-0.0018200000,0.4854669600,AKShare stock_zh_a_spot / 新浪
688281,华秦科技,45.1800000000,45.4500000000,118767186.0000000000,2634546.0000000000,-0.0059400000,1.1876718600,AKShare stock_zh_a_spot / 新浪
688282,理工导航,55.7900000000,55.8100000000,32447608.0000000000,582402.0000000000,-0.0003600000,0.3244760800,AKShare stock_zh_a_spot / 新浪
688283,坤恒顺维,28.3000000000,28.5500000000,31883646.0000000000,1126152.0000000000,-0.0087600000,0.3188364600,AKShare stock_zh_a_spot / 新浪
688285,高铁电气,7.6200000000,7.6900000000,17053591.0000000000,2240314.0000000000,-0.0091000000,0.1705359100,AKShare stock_zh_a_spot / 新浪
688286,敏芯股份,49.0000000000,51.2800000000,464028837.0000000000,9361950.0000000000,-0.0444600000,4.6402883700,AKShare stock_zh_a_spot / 新浪
688288,鸿泉技术,18.5300000000,18.4700000000,24265935.0000000000,1326541.0000000000,0.0032500000,0.2426593500,AKShare stock_zh_a_spot / 新浪
688289,圣湘生物,15.7800000000,17.4500000000,305710689.0000000000,18857249.0000000000,-0.0957000000,3.0571068900,AKShare stock_zh_a_spot / 新浪
688290,景业智能,66.6000000000,66.8600000000,59479702.0000000000,891263.0000000000,-0.0038900000,0.5947970200,AKShare stock_zh_a_spot / 新浪
688291,金橙子,42.5300000000,43.0100000000,57905988.0000000000,1369854.0000000000,-0.0111600000,0.5790598800,AKShare stock_zh_a_spot / 新浪
688292,浩瀚深度,17.0500000000,17.2100000000,25497364.0000000000,1495724.0000000000,-0.0093000000,0.2549736400,AKShare stock_zh_a_spot / 新浪
688293,奥浦迈,61.7500000000,63.9000000000,280883850.0000000000,4548146.0000000000,-0.0336500000,2.8088385000,AKShare stock_zh_a_spot / 新浪
688295,中复神鹰,38.8600000000,38.4700000000,126232476.0000000000,3264729.0000000000,0.0101400000,1.2623247600,AKShare stock_zh_a_spot / 新浪
688296,和达科技,26.3900000000,26.2500000000,178869276.0000000000,6761914.0000000000,0.0053300000,1.7886927600,AKShare stock_zh_a_spot / 新浪
688297,中无人机,38.8000000000,38.8900000000,138566236.0000000000,3585079.0000000000,-0.0023100000,1.3856623600,AKShare stock_zh_a_spot / 新浪
688298,东方生物,19.4300000000,20.0600000000,52227107.0000000000,2682415.0000000000,-0.0314100000,0.5222710700,AKShare stock_zh_a_spot / 新浪
688299,长阳科技,12.9100000000,12.8400000000,51114796.0000000000,3993069.0000000000,0.0054500000,0.5111479600,AKShare stock_zh_a_spot / 新浪
688300,联瑞新材,145.3100000000,142.5700000000,1841604115.0000000000,12798401.0000000000,0.0192200000,18.4160411500,AKShare stock_zh_a_spot / 新浪
688301,奕瑞科技,100.9400000000,98.9500000000,593900811.0000000000,5963874.0000000000,0.0201100000,5.9390081100,AKShare stock_zh_a_spot / 新浪
688302,海创药业,36.4700000000,38.0800000000,74973443.0000000000,2040213.0000000000,-0.0422800000,0.7497344300,AKShare stock_zh_a_spot / 新浪
688303,大全能源,18.0200000000,17.8600000000,175060329.0000000000,9685215.0000000000,0.0089600000,1.7506032900,AKShare stock_zh_a_spot / 新浪
688305,科德数控,63.2100000000,64.3100000000,211858914.0000000000,3342958.0000000000,-0.0171000000,2.1185891400,AKShare stock_zh_a_spot / 新浪
688306,均普智能,8.6800000000,8.7000000000,47306852.0000000000,5446540.0000000000,-0.0023000000,0.4730685200,AKShare stock_zh_a_spot / 新浪
688307,中润光学,49.7800000000,51.2600000000,257564635.0000000000,5115728.0000000000,-0.0288700000,2.5756463500,AKShare stock_zh_a_spot / 新浪
688308,欧科亿,97.2800000000,95.4300000000,653230563.0000000000,6711043.0000000000,0.0193900000,6.5323056300,AKShare stock_zh_a_spot / 新浪
688309,恒誉科技,74.4800000000,73.7800000000,134180760.0000000000,1802007.0000000000,0.0094900000,1.3418076000,AKShare stock_zh_a_spot / 新浪
688310,迈得医疗,15.7000000000,15.1900000000,30151967.0000000000,1952536.0000000000,0.0335700000,0.3015196700,AKShare stock_zh_a_spot / 新浪
688311,盟升电子,22.8800000000,22.9500000000,85528447.0000000000,3726211.0000000000,-0.0030500000,0.8552844700,AKShare stock_zh_a_spot / 新浪
688312,燕麦科技,49.7200000000,49.1500000000,330033941.0000000000,6559718.0000000000,0.0116000000,3.3003394100,AKShare stock_zh_a_spot / 新浪
688313,仕佳光子,158.0000000000,164.0000000000,4676195109.0000000000,28972883.0000000000,-0.0365900000,46.7619510900,AKShare stock_zh_a_spot / 新浪
688314,康拓医疗,32.3900000000,32.6500000000,27261835.0000000000,854196.0000000000,-0.0079600000,0.2726183500,AKShare stock_zh_a_spot / 新浪
688315,诺禾致源,15.9500000000,17.1000000000,497813381.0000000000,30386001.0000000000,-0.0672500000,4.9781338100,AKShare stock_zh_a_spot / 新浪
688316,青云科技,48.8800000000,48.3800000000,86355264.0000000000,1805292.0000000000,0.0103300000,0.8635526400,AKShare stock_zh_a_spot / 新浪
688317,之江生物,17.7000000000,18.1500000000,75704800.0000000000,4273609.0000000000,-0.0247900000,0.7570480000,AKShare stock_zh_a_spot / 新浪
688318,财富趋势,76.6300000000,75.6300000000,331303044.0000000000,4366889.0000000000,0.0132200000,3.3130304400,AKShare stock_zh_a_spot / 新浪
688319,欧林生物,30.0500000000,29.4000000000,375785150.0000000000,12674398.0000000000,0.0221100000,3.7578515000,AKShare stock_zh_a_spot / 新浪
688320,禾川科技,33.6400000000,32.6500000000,94616466.0000000000,2830590.0000000000,0.0303200000,0.9461646600,AKShare stock_zh_a_spot / 新浪
688321,微芯生物,27.9500000000,29.9500000000,595008257.0000000000,20890261.0000000000,-0.0667800000,5.9500825700,AKShare stock_zh_a_spot / 新浪
688322,奥比中光,101.0000000000,100.0000000000,745452695.0000000000,7440872.0000000000,0.0100000000,7.4545269500,AKShare stock_zh_a_spot / 新浪
688323,瑞华泰,29.3400000000,29.6600000000,539154264.0000000000,18226278.0000000000,-0.0107900000,5.3915426400,AKShare stock_zh_a_spot / 新浪
688325,赛微微电,109.7500000000,108.5500000000,80374938.0000000000,739412.0000000000,0.0110500000,0.8037493800,AKShare stock_zh_a_spot / 新浪
688326,经纬恒润,64.2000000000,64.3400000000,49239429.0000000000,774260.0000000000,-0.0021800000,0.4923942900,AKShare stock_zh_a_spot / 新浪
688327,云从科技,10.1600000000,10.2700000000,127013190.0000000000,12495840.0000000000,-0.0107100000,1.2701319000,AKShare stock_zh_a_spot / 新浪
688328,深科达,91.1600000000,75.9700000000,1103203320.0000000000,12782159.0000000000,0.1999500000,11.0320332000,AKShare stock_zh_a_spot / 新浪
688329,艾隆科技,20.9500000000,20.5600000000,28571485.0000000000,1386925.0000000000,0.0189700000,0.2857148500,AKShare stock_zh_a_spot / 新浪
688330,宏力达,33.0800000000,33.1000000000,19869859.0000000000,604346.0000000000,-0.0006000000,0.1986985900,AKShare stock_zh_a_spot / 新浪
688331,荣昌生物,125.5000000000,133.3800000000,1216525282.0000000000,9582459.0000000000,-0.0590800000,12.1652528200,AKShare stock_zh_a_spot / 新浪
688332,中科蓝讯,91.1200000000,91.4100000000,307534667.0000000000,3376625.0000000000,-0.0031700000,3.0753466700,AKShare stock_zh_a_spot / 新浪
688333,铂力特,105.4600000000,106.6800000000,1282000772.0000000000,12077506.0000000000,-0.0114400000,12.8200077200,AKShare stock_zh_a_spot / 新浪
688334,西高院,17.9400000000,18.0900000000,19192988.0000000000,1069801.0000000000,-0.0082900000,0.1919298800,AKShare stock_zh_a_spot / 新浪
688335,复洁科技,19.9500000000,20.0900000000,37022159.0000000000,1866085.0000000000,-0.0069700000,0.3702215900,AKShare stock_zh_a_spot / 新浪
688336,三生国健,47.6500000000,48.6100000000,810407787.0000000000,16853805.0000000000,-0.0197500000,8.1040778700,AKShare stock_zh_a_spot / 新浪
688337,普源精电,44.8200000000,45.0300000000,171579223.0000000000,3841137.0000000000,-0.0046600000,1.7157922300,AKShare stock_zh_a_spot / 新浪
688338,赛科希德,31.6000000000,30.7600000000,93675092.0000000000,2980073.0000000000,0.0273100000,0.9367509200,AKShare stock_zh_a_spot / 新浪
688339,亿华通,17.0400000000,17.0500000000,30246735.0000000000,1787013.0000000000,-0.0005900000,0.3024673500,AKShare stock_zh_a_spot / 新浪
688343,云天励飞,57.1200000000,56.5500000000,335890143.0000000000,5887404.0000000000,0.0100800000,3.3589014300,AKShare stock_zh_a_spot / 新浪
688345,博力威,53.5200000000,54.8300000000,86959374.0000000000,1622914.0000000000,-0.0238900000,0.8695937400,AKShare stock_zh_a_spot / 新浪
688347,华虹宏力,233.2200000000,232.6800000000,3204219144.0000000000,13707418.0000000000,0.0023200000,32.0421914400,AKShare stock_zh_a_spot / 新浪
688348,昱能科技,32.3800000000,32.1000000000,25665652.0000000000,796124.0000000000,0.0087200000,0.2566565200,AKShare stock_zh_a_spot / 新浪
688349,三一重能,14.0000000000,14.1300000000,68444299.0000000000,4876819.0000000000,-0.0092000000,0.6844429900,AKShare stock_zh_a_spot / 新浪
688350,富淼科技,29.2500000000,28.9200000000,43759223.0000000000,1509590.0000000000,0.0114100000,0.4375922300,AKShare stock_zh_a_spot / 新浪
688351,微电生理,20.2000000000,20.5500000000,78364484.0000000000,3867813.0000000000,-0.0170300000,0.7836448400,AKShare stock_zh_a_spot / 新浪
688352,颀中科技,18.5200000000,18.3600000000,362244810.0000000000,19347655.0000000000,0.0087100000,3.6224481000,AKShare stock_zh_a_spot / 新浪
688353,华盛锂电,91.2000000000,90.0000000000,643184770.0000000000,7071899.0000000000,0.0133300000,6.4318477000,AKShare stock_zh_a_spot / 新浪
688355,明志科技,17.3400000000,17.4500000000,20402863.0000000000,1177995.0000000000,-0.0063000000,0.2040286300,AKShare stock_zh_a_spot / 新浪
688356,键凯科技,107.3400000000,89.4500000000,351028206.0000000000,3270246.0000000000,0.2000000000,3.5102820600,AKShare stock_zh_a_spot / 新浪
688357,建龙微纳,26.9000000000,27.1500000000,16985220.0000000000,635295.0000000000,-0.0092100000,0.1698522000,AKShare stock_zh_a_spot / 新浪
688358,祥生医疗,29.0000000000,29.8900000000,33431265.0000000000,1159576.0000000000,-0.0297800000,0.3343126500,AKShare stock_zh_a_spot / 新浪
688359,三孚新科,95.9800000000,95.1200000000,385080319.0000000000,4069891.0000000000,0.0090400000,3.8508031900,AKShare stock_zh_a_spot / 新浪
688360,德马科技,15.7200000000,15.4800000000,43675610.0000000000,2804716.0000000000,0.0155000000,0.4367561000,AKShare stock_zh_a_spot / 新浪
688361,中科飞测,349.4600000000,355.5900000000,2653998020.0000000000,7608141.0000000000,-0.0172400000,26.5399802000,AKShare stock_zh_a_spot / 新浪
688362,甬矽电子,64.8800000000,64.6100000000,1190685385.0000000000,18345934.0000000000,0.0041800000,11.9068538500,AKShare stock_zh_a_spot / 新浪
688363,华熙生物,36.3800000000,37.0200000000,114663888.0000000000,3152240.0000000000,-0.0172900000,1.1466388800,AKShare stock_zh_a_spot / 新浪
688365,光云科技,14.3100000000,14.5700000000,105167183.0000000000,7356771.0000000000,-0.0178400000,1.0516718300,AKShare stock_zh_a_spot / 新浪
688366,昊海生科,31.4000000000,32.6800000000,30566732.0000000000,964135.0000000000,-0.0391700000,0.3056673200,AKShare stock_zh_a_spot / 新浪
688367,工大高科,30.0400000000,29.6900000000,32476352.0000000000,1091680.0000000000,0.0117900000,0.3247635200,AKShare stock_zh_a_spot / 新浪
688368,晶丰明源,126.8400000000,129.4100000000,497076941.0000000000,3857560.0000000000,-0.0198600000,4.9707694100,AKShare stock_zh_a_spot / 新浪
688369,致远互联,19.6600000000,19.8500000000,64017958.0000000000,3272918.0000000000,-0.0095700000,0.6401795800,AKShare stock_zh_a_spot / 新浪
688370,丛麟科技,23.5500000000,23.4200000000,8208480.0000000000,352955.0000000000,0.0055500000,0.0820848000,AKShare stock_zh_a_spot / 新浪
688371,菲沃泰,27.9000000000,27.8500000000,194948719.0000000000,6972385.0000000000,0.0018000000,1.9494871900,AKShare stock_zh_a_spot / 新浪
688372,伟测科技,123.0500000000,125.7300000000,900991335.0000000000,7180050.0000000000,-0.0213200000,9.0099133500,AKShare stock_zh_a_spot / 新浪
688373,盟科药业,5.4400000000,5.6600000000,101795032.0000000000,18716935.0000000000,-0.0388700000,1.0179503200,AKShare stock_zh_a_spot / 新浪
688375,国博电子,79.6200000000,79.2600000000,226726931.0000000000,2845671.0000000000,0.0045400000,2.2672693100,AKShare stock_zh_a_spot / 新浪
688376,美埃科技,67.1600000000,67.4800000000,81070933.0000000000,1210107.0000000000,-0.0047400000,0.8107093300,AKShare stock_zh_a_spot / 新浪
688377,迪威尔,20.3100000000,20.3400000000,28487953.0000000000,1409869.0000000000,-0.0014700000,0.2848795300,AKShare stock_zh_a_spot / 新浪
688378,奥来德,45.8100000000,47.2500000000,424823707.0000000000,9200624.0000000000,-0.0304800000,4.2482370700,AKShare stock_zh_a_spot / 新浪
688379,华光新材,53.7000000000,52.5100000000,168607996.0000000000,3171731.0000000000,0.0226600000,1.6860799600,AKShare stock_zh_a_spot / 新浪
688380,中微半导,42.0800000000,42.5100000000,493282794.0000000000,11672105.0000000000,-0.0101200000,4.9328279400,AKShare stock_zh_a_spot / 新浪
688381,帝奥微,33.6200000000,33.3100000000,271451445.0000000000,8130141.0000000000,0.0093100000,2.7145144500,AKShare stock_zh_a_spot / 新浪
688382,益方生物,20.0000000000,21.4100000000,658271936.0000000000,33344704.0000000000,-0.0658600000,6.5827193600,AKShare stock_zh_a_spot / 新浪
688383,新益昌,127.2500000000,128.0000000000,308153886.0000000000,2447655.0000000000,-0.0058600000,3.0815388600,AKShare stock_zh_a_spot / 新浪
688385,复旦微电,53.6000000000,53.6300000000,605591206.0000000000,11227245.0000000000,-0.0005600000,6.0559120600,AKShare stock_zh_a_spot / 新浪
688386,泛亚微透,52.1600000000,51.9300000000,82122097.0000000000,1587076.0000000000,0.0044300000,0.8212209700,AKShare stock_zh_a_spot / 新浪
688387,信科移动,13.0200000000,12.8000000000,478167467.0000000000,36710980.0000000000,0.0171900000,4.7816746700,AKShare stock_zh_a_spot / 新浪
688388,嘉元科技,29.6800000000,28.0900000000,904570476.0000000000,30896825.0000000000,0.0566000000,9.0457047600,AKShare stock_zh_a_spot / 新浪
688389,普门科技,11.1600000000,11.4200000000,22996974.0000000000,2062708.0000000000,-0.0227700000,0.2299697400,AKShare stock_zh_a_spot / 新浪
688390,固德威,66.2100000000,65.1500000000,413415019.0000000000,6219408.0000000000,0.0162700000,4.1341501900,AKShare stock_zh_a_spot / 新浪
688391,钜泉科技,25.6700000000,25.4900000000,25789607.0000000000,1013213.0000000000,0.0070600000,0.2578960700,AKShare stock_zh_a_spot / 新浪
688392,骄成超声,192.7200000000,191.3200000000,1048771083.0000000000,5443317.0000000000,0.0073200000,10.4877108300,AKShare stock_zh_a_spot / 新浪
688393,安必平,20.2600000000,20.7200000000,41860760.0000000000,2086929.0000000000,-0.0222000000,0.4186076000,AKShare stock_zh_a_spot / 新浪
688395,正弦电气,22.6500000000,22.5800000000,33054086.0000000000,1469958.0000000000,0.0031000000,0.3305408600,AKShare stock_zh_a_spot / 新浪
688396,华润微,62.1600000000,59.3900000000,1745037145.0000000000,28045238.0000000000,0.0466400000,17.4503714500,AKShare stock_zh_a_spot / 新浪
688398,赛特新材,21.3700000000,21.2200000000,28322798.0000000000,1338721.0000000000,0.0070700000,0.2832279800,AKShare stock_zh_a_spot / 新浪
688399,硕世生物,28.6400000000,29.6500000000,51879238.0000000000,1809510.0000000000,-0.0340600000,0.5187923800,AKShare stock_zh_a_spot / 新浪
688400,凌云光,47.2600000000,47.1100000000,336833338.0000000000,7161540.0000000000,0.0031800000,3.3683333800,AKShare stock_zh_a_spot / 新浪
688401,路维光电,68.1500000000,68.8500000000,270313566.0000000000,3971008.0000000000,-0.0101700000,2.7031356600,AKShare stock_zh_a_spot / 新浪
688403,汇成股份,23.0100000000,23.1000000000,733971789.0000000000,31819678.0000000000,-0.0039000000,7.3397178900,AKShare stock_zh_a_spot / 新浪
688408,中信博,25.4800000000,25.6600000000,59767505.0000000000,2336290.0000000000,-0.0070100000,0.5976750500,AKShare stock_zh_a_spot / 新浪
688409,富创精密,209.0000000000,208.1100000000,1003311984.0000000000,4783688.0000000000,0.0042800000,10.0331198400,AKShare stock_zh_a_spot / 新浪
688410,山外山,10.9100000000,11.4100000000,78024411.0000000000,7089389.0000000000,-0.0438200000,0.7802441100,AKShare stock_zh_a_spot / 新浪
688411,海博思创,202.5100000000,199.9800000000,331806559.0000000000,1628709.0000000000,0.0126500000,3.3180655900,AKShare stock_zh_a_spot / 新浪
688416,恒烁股份,75.4500000000,74.4500000000,316757681.0000000000,4188691.0000000000,0.0134300000,3.1675768100,AKShare stock_zh_a_spot / 新浪
688418,震有科技,32.8100000000,32.6100000000,81011131.0000000000,2474045.0000000000,0.0061300000,0.8101113100,AKShare stock_zh_a_spot / 新浪
688419,耐科装备,48.8300000000,47.7000000000,139168291.0000000000,2866043.0000000000,0.0236900000,1.3916829100,AKShare stock_zh_a_spot / 新浪
688420,美腾科技,22.4400000000,22.3400000000,13481593.0000000000,608046.0000000000,0.0044800000,0.1348159300,AKShare stock_zh_a_spot / 新浪
688425,铁建重工,4.0500000000,4.1000000000,43987163.0000000000,10829791.0000000000,-0.0122000000,0.4398716300,AKShare stock_zh_a_spot / 新浪
688426,康为世纪,22.4200000000,22.8700000000,197332591.0000000000,9045555.0000000000,-0.0196800000,1.9733259100,AKShare stock_zh_a_spot / 新浪
688428,诺诚健华,29.6000000000,31.9000000000,409624405.0000000000,13607238.0000000000,-0.0721000000,4.0962440500,AKShare stock_zh_a_spot / 新浪
688429,时创能源,10.6200000000,10.4900000000,11360008.0000000000,1079252.0000000000,0.0123900000,0.1136000800,AKShare stock_zh_a_spot / 新浪
688432,有研硅,44.2000000000,44.9800000000,2160680964.0000000000,48507701.0000000000,-0.0173400000,21.6068096400,AKShare stock_zh_a_spot / 新浪
688433,华曙高科,104.8600000000,103.2500000000,1097692597.0000000000,10535854.0000000000,0.0155900000,10.9769259700,AKShare stock_zh_a_spot / 新浪
688435,英方软件,30.5100000000,30.4200000000,35484487.0000000000,1171879.0000000000,0.0029600000,0.3548448700,AKShare stock_zh_a_spot / 新浪
688439,振华风光,38.3800000000,38.7200000000,79658604.0000000000,2053555.0000000000,-0.0087800000,0.7965860400,AKShare stock_zh_a_spot / 新浪
688443,智翔金泰,25.9500000000,26.7800000000,120651326.0000000000,4616382.0000000000,-0.0309900000,1.2065132600,AKShare stock_zh_a_spot / 新浪
688448,磁谷科技,64.3800000000,62.7400000000,188097234.0000000000,2975879.0000000000,0.0261400000,1.8809723400,AKShare stock_zh_a_spot / 新浪
688449,联芸科技,68.1500000000,68.2000000000,599150948.0000000000,8765758.0000000000,-0.0007300000,5.9915094800,AKShare stock_zh_a_spot / 新浪
688450,光格科技,33.6800000000,33.2000000000,40932452.0000000000,1229164.0000000000,0.0144600000,0.4093245200,AKShare stock_zh_a_spot / 新浪
688455,科捷智能,16.2400000000,15.2400000000,64940357.0000000000,4088982.0000000000,0.0656200000,0.6494035700,AKShare stock_zh_a_spot / 新浪
688456,有研粉材,82.9000000000,81.9000000000,412549855.0000000000,5001600.0000000000,0.0122100000,4.1254985500,AKShare stock_zh_a_spot / 新浪
688458,美芯晟,33.5000000000,33.6700000000,43042813.0000000000,1286958.0000000000,-0.0050500000,0.4304281300,AKShare stock_zh_a_spot / 新浪
688459,哈铁科技,7.9500000000,7.9600000000,5949207.0000000000,750208.0000000000,-0.0012600000,0.0594920700,AKShare stock_zh_a_spot / 新浪
688466,金科环境,13.9100000000,14.0800000000,20794135.0000000000,1509354.0000000000,-0.0120700000,0.2079413500,AKShare stock_zh_a_spot / 新浪
688468,科美诊断,6.2900000000,6.5000000000,21332698.0000000000,3384571.0000000000,-0.0323100000,0.2133269800,AKShare stock_zh_a_spot / 新浪
688469,芯联集成,8.8800000000,8.8500000000,814178602.0000000000,91493181.0000000000,0.0033900000,8.1417860200,AKShare stock_zh_a_spot / 新浪
688472,阿特斯,10.4700000000,10.2600000000,361281393.0000000000,34681198.0000000000,0.0204700000,3.6128139300,AKShare stock_zh_a_spot / 新浪
688475,萤石网络,29.5100000000,29.6200000000,82233014.0000000000,2789131.0000000000,-0.0037100000,0.8223301400,AKShare stock_zh_a_spot / 新浪
688478,晶升股份,49.9600000000,49.7000000000,291659799.0000000000,5741477.0000000000,0.0052300000,2.9165979900,AKShare stock_zh_a_spot / 新浪
688479,友车科技,33.0700000000,33.5200000000,95277227.0000000000,2896430.0000000000,-0.0134200000,0.9527722700,AKShare stock_zh_a_spot / 新浪
688480,赛恩斯,79.8800000000,76.8000000000,80034983.0000000000,1019899.0000000000,0.0401000000,0.8003498300,AKShare stock_zh_a_spot / 新浪
688484,南芯科技,36.1100000000,36.4300000000,249142719.0000000000,6831303.0000000000,-0.0087800000,2.4914271900,AKShare stock_zh_a_spot / 新浪
688485,九州一轨,83.1200000000,84.5900000000,486666879.0000000000,5855619.0000000000,-0.0173800000,4.8666687900,AKShare stock_zh_a_spot / 新浪
688486,龙迅股份,45.4200000000,44.2100000000,181640758.0000000000,4046442.0000000000,0.0273700000,1.8164075800,AKShare stock_zh_a_spot / 新浪
688488,艾迪药业,16.4900000000,17.1600000000,200775706.0000000000,12046815.0000000000,-0.0390400000,2.0077570600,AKShare stock_zh_a_spot / 新浪
688489,三未信安,24.1500000000,23.2700000000,38348345.0000000000,1608678.0000000000,0.0378200000,0.3834834500,AKShare stock_zh_a_spot / 新浪
688498,源杰科技,1587.0000000000,1545.0000000000,5466088310.0000000000,3468627.0000000000,0.0271800000,54.6608831000,AKShare stock_zh_a_spot / 新浪
688499,利元亨,35.1000000000,34.6700000000,114365380.0000000000,3270544.0000000000,0.0124000000,1.1436538000,AKShare stock_zh_a_spot / 新浪
688500,慧辰股份,36.7200000000,36.4000000000,49066580.0000000000,1342034.0000000000,0.0087900000,0.4906658000,AKShare stock_zh_a_spot / 新浪
688501,青达环保,13.2800000000,13.2700000000,17253425.0000000000,1310366.0000000000,0.0007500000,0.1725342500,AKShare stock_zh_a_spot / 新浪
688502,茂莱光学,447.8600000000,455.0000000000,557991879.0000000000,1242317.0000000000,-0.0156900000,5.5799187900,AKShare stock_zh_a_spot / 新浪
688503,聚和材料,91.7600000000,94.5300000000,1748140142.0000000000,19029799.0000000000,-0.0293000000,17.4814014200,AKShare stock_zh_a_spot / 新浪
688505,复旦张江,8.6400000000,8.8500000000,145282395.0000000000,16785612.0000000000,-0.0237300000,1.4528239500,AKShare stock_zh_a_spot / 新浪
688506,百利天恒,282.7100000000,295.8600000000,527902486.0000000000,1858332.0000000000,-0.0444500000,5.2790248600,AKShare stock_zh_a_spot / 新浪
688507,索辰科技,158.4600000000,155.5200000000,578576701.0000000000,3666551.0000000000,0.0189000000,5.7857670100,AKShare stock_zh_a_spot / 新浪
688508,芯朋微,85.4000000000,83.3500000000,541198342.0000000000,6294686.0000000000,0.0246000000,5.4119834200,AKShare stock_zh_a_spot / 新浪
688509,正元地信,4.1900000000,4.2600000000,15361060.0000000000,3668328.0000000000,-0.0164300000,0.1536106000,AKShare stock_zh_a_spot / 新浪
688510,航亚科技,23.8100000000,23.5100000000,88780469.0000000000,3738383.0000000000,0.0127600000,0.8878046900,AKShare stock_zh_a_spot / 新浪
688511,天微电子,22.1000000000,21.5300000000,37635596.0000000000,1730123.0000000000,0.0264700000,0.3763559600,AKShare stock_zh_a_spot / 新浪
688512,慧智微,14.4000000000,14.4500000000,117979794.0000000000,8179805.0000000000,-0.0034600000,1.1797979400,AKShare stock_zh_a_spot / 新浪
688513,苑东生物,45.5600000000,48.1000000000,131492158.0000000000,2857949.0000000000,-0.0528100000,1.3149215800,AKShare stock_zh_a_spot / 新浪
688515,裕太微,157.1800000000,149.8300000000,614700616.0000000000,3915128.0000000000,0.0490600000,6.1470061600,AKShare stock_zh_a_spot / 新浪
688516,奥特维,41.5100000000,40.9200000000,256668738.0000000000,6188270.0000000000,0.0144200000,2.5666873800,AKShare stock_zh_a_spot / 新浪
688517,金冠电气,16.1400000000,16.1000000000,36495229.0000000000,2265806.0000000000,0.0024800000,0.3649522900,AKShare stock_zh_a_spot / 新浪
688518,联赢激光,19.8100000000,19.4600000000,163056651.0000000000,8298139.0000000000,0.0179900000,1.6305665100,AKShare stock_zh_a_spot / 新浪
688519,南亚新材,289.8300000000,282.0000000000,1583193220.0000000000,5452702.0000000000,0.0277700000,15.8319322000,AKShare stock_zh_a_spot / 新浪
688520,神州细胞,37.8900000000,40.9400000000,255480254.0000000000,6602566.0000000000,-0.0745000000,2.5548025400,AKShare stock_zh_a_spot / 新浪
688521,芯原股份,178.3800000000,178.3700000000,2537211817.0000000000,14193208.0000000000,0.0000600000,25.3721181700,AKShare stock_zh_a_spot / 新浪
688522,纳睿雷达,18.6000000000,18.4800000000,58502785.0000000000,3168316.0000000000,0.0064900000,0.5850278500,AKShare stock_zh_a_spot / 新浪
688523,航天环宇,42.0300000000,41.6700000000,188051230.0000000000,4486594.0000000000,0.0086400000,1.8805123000,AKShare stock_zh_a_spot / 新浪
688525,佰维存储,238.9600000000,234.6700000000,4182984197.0000000000,17656921.0000000000,0.0182800000,41.8298419700,AKShare stock_zh_a_spot / 新浪
688526,科前生物,13.0900000000,13.5500000000,33076163.0000000000,2518671.0000000000,-0.0339500000,0.3307616300,AKShare stock_zh_a_spot / 新浪
688528,秦川物联,9.8500000000,9.8000000000,15292815.0000000000,1575311.0000000000,0.0051000000,0.1529281500,AKShare stock_zh_a_spot / 新浪
688529,豪森智能,16.2300000000,15.7500000000,26867604.0000000000,1678265.0000000000,0.0304800000,0.2686760400,AKShare stock_zh_a_spot / 新浪
688530,欧莱新材,62.8600000000,64.7300000000,482677132.0000000000,7646372.0000000000,-0.0288900000,4.8267713200,AKShare stock_zh_a_spot / 新浪
688531,日联科技,136.3700000000,133.7300000000,632926498.0000000000,4661948.0000000000,0.0197400000,6.3292649800,AKShare stock_zh_a_spot / 新浪
688533,上声电子,20.8500000000,21.0500000000,11749518.0000000000,563704.0000000000,-0.0095000000,0.1174951800,AKShare stock_zh_a_spot / 新浪
688535,华海诚科,100.5000000000,100.6300000000,430563208.0000000000,4279455.0000000000,-0.0012900000,4.3056320800,AKShare stock_zh_a_spot / 新浪
688536,思瑞浦,311.3300000000,309.9400000000,1590432317.0000000000,5075880.0000000000,0.0044800000,15.9043231700,AKShare stock_zh_a_spot / 新浪
688538,和辉光电,2.3100000000,2.3100000000,98946503.0000000000,42807982.0000000000,0.0000000000,0.9894650300,AKShare stock_zh_a_spot / 新浪
688539,高华科技,25.5700000000,25.9300000000,51134092.0000000000,1985112.0000000000,-0.0138800000,0.5113409200,AKShare stock_zh_a_spot / 新浪
688543,国科军工,38.6000000000,37.9400000000,146056590.0000000000,3812618.0000000000,0.0174000000,1.4605659000,AKShare stock_zh_a_spot / 新浪
688545,兴福电子,80.7900000000,82.1600000000,808062596.0000000000,9952753.0000000000,-0.0166700000,8.0806259600,AKShare stock_zh_a_spot / 新浪
688548,广钢气体,37.2800000000,38.0000000000,1144770224.0000000000,30372018.0000000000,-0.0189500000,11.4477022400,AKShare stock_zh_a_spot / 新浪
688549,中巨芯,27.2000000000,26.2000000000,2572408623.0000000000,93954027.0000000000,0.0381700000,25.7240862300,AKShare stock_zh_a_spot / 新浪
688550,瑞联新材,38.7900000000,38.9700000000,192048747.0000000000,4995621.0000000000,-0.0046200000,1.9204874700,AKShare stock_zh_a_spot / 新浪
688551,科威尔,40.3000000000,38.9800000000,101717910.0000000000,2535443.0000000000,0.0338600000,1.0171791000,AKShare stock_zh_a_spot / 新浪
688552,航天南湖,26.3300000000,25.9700000000,56940038.0000000000,2171943.0000000000,0.0138600000,0.5694003800,AKShare stock_zh_a_spot / 新浪
688553,汇宇制药,11.9200000000,12.5500000000,180171508.0000000000,15093606.0000000000,-0.0502000000,1.8017150800,AKShare stock_zh_a_spot / 新浪
688556,高测股份,8.1300000000,8.1700000000,142510044.0000000000,17568262.0000000000,-0.0049000000,1.4251004400,AKShare stock_zh_a_spot / 新浪
688557,兰剑智能,21.2400000000,22.2300000000,72203015.0000000000,3422941.0000000000,-0.0445300000,0.7220301500,AKShare stock_zh_a_spot / 新浪
688558,国盛智科,32.0300000000,32.2000000000,26955035.0000000000,841652.0000000000,-0.0052800000,0.2695503500,AKShare stock_zh_a_spot / 新浪
688559,海目星,52.5900000000,53.4100000000,416575564.0000000000,7899965.0000000000,-0.0153500000,4.1657556400,AKShare stock_zh_a_spot / 新浪
688560,明冠新材,12.1000000000,11.9300000000,31697146.0000000000,2641778.0000000000,0.0142500000,0.3169714600,AKShare stock_zh_a_spot / 新浪
688561,奇安信,25.4500000000,25.5400000000,86989201.0000000000,3438087.0000000000,-0.0035200000,0.8698920100,AKShare stock_zh_a_spot / 新浪
688562,航天软件,13.9900000000,13.8700000000,34153785.0000000000,2456548.0000000000,0.0086500000,0.3415378500,AKShare stock_zh_a_spot / 新浪
688563,航材股份,49.9500000000,49.9000000000,44864074.0000000000,899287.0000000000,0.0010000000,0.4486407400,AKShare stock_zh_a_spot / 新浪
688565,力源科技,11.1600000000,11.0600000000,17262583.0000000000,1562215.0000000000,0.0090400000,0.1726258300,AKShare stock_zh_a_spot / 新浪
688566,吉贝尔,26.2800000000,26.9600000000,80835886.0000000000,3078807.0000000000,-0.0252200000,0.8083588600,AKShare stock_zh_a_spot / 新浪
688567,孚能科技,9.6200000000,9.6000000000,64232469.0000000000,6651845.0000000000,0.0020800000,0.6423246900,AKShare stock_zh_a_spot / 新浪
688568,中科星图,32.8000000000,33.0400000000,184273323.0000000000,5609750.0000000000,-0.0072600000,1.8427332300,AKShare stock_zh_a_spot / 新浪
688569,铁科轨道,18.4500000000,19.1400000000,46172464.0000000000,2490890.0000000000,-0.0360500000,0.4617246400,AKShare stock_zh_a_spot / 新浪
688570,天玛智控,15.2500000000,15.5000000000,12398106.0000000000,809464.0000000000,-0.0161300000,0.1239810600,AKShare stock_zh_a_spot / 新浪
688571,杭华股份,8.6900000000,8.6900000000,63513327.0000000000,7310973.0000000000,0.0000000000,0.6351332700,AKShare stock_zh_a_spot / 新浪
688573,信宇人,16.3000000000,16.1700000000,22948693.0000000000,1417041.0000000000,0.0080400000,0.2294869300,AKShare stock_zh_a_spot / 新浪
688575,亚辉龙,9.5500000000,9.8600000000,113050392.0000000000,11754299.0000000000,-0.0314400000,1.1305039200,AKShare stock_zh_a_spot / 新浪
688576,西山科技,41.1400000000,42.3800000000,17284711.0000000000,418927.0000000000,-0.0292600000,0.1728471100,AKShare stock_zh_a_spot / 新浪
688577,浙海德曼,42.0800000000,41.3500000000,39185724.0000000000,936219.0000000000,0.0176500000,0.3918572400,AKShare stock_zh_a_spot / 新浪
688578,艾力斯,116.5000000000,120.7800000000,1082886777.0000000000,9301374.0000000000,-0.0354400000,10.8288677700,AKShare stock_zh_a_spot / 新浪
688579,地纬智能,7.9600000000,8.0300000000,26928106.0000000000,3397168.0000000000,-0.0087200000,0.2692810600,AKShare stock_zh_a_spot / 新浪
688580,伟思医疗,48.2400000000,50.4400000000,74688637.0000000000,1536575.0000000000,-0.0436200000,0.7468863700,AKShare stock_zh_a_spot / 新浪
688581,安杰思,51.6600000000,53.3600000000,43088511.0000000000,827234.0000000000,-0.0318600000,0.4308851100,AKShare stock_zh_a_spot / 新浪
688582,芯动联科,41.6000000000,42.6100000000,163446558.0000000000,3917528.0000000000,-0.0237000000,1.6344655800,AKShare stock_zh_a_spot / 新浪
688583,思看科技,87.6300000000,84.4000000000,202037404.0000000000,2371481.0000000000,0.0382700000,2.0203740400,AKShare stock_zh_a_spot / 新浪
688584,上海合晶,29.1100000000,29.6300000000,332809650.0000000000,11295846.0000000000,-0.0175500000,3.3280965000,AKShare stock_zh_a_spot / 新浪
688585,上纬新材,143.8600000000,141.9000000000,760697095.0000000000,5326739.0000000000,0.0138100000,7.6069709500,AKShare stock_zh_a_spot / 新浪
688586,江航装备,10.3300000000,10.3600000000,34384965.0000000000,3324740.0000000000,-0.0029000000,0.3438496500,AKShare stock_zh_a_spot / 新浪
688588,凌志软件,9.4900000000,9.4400000000,20497183.0000000000,2177435.0000000000,0.0053000000,0.2049718300,AKShare stock_zh_a_spot / 新浪
688589,力合微,19.9000000000,18.3200000000,226245143.0000000000,11353417.0000000000,0.0862400000,2.2624514300,AKShare stock_zh_a_spot / 新浪
688590,新致软件,13.0100000000,12.5800000000,97368302.0000000000,7621886.0000000000,0.0341800000,0.9736830200,AKShare stock_zh_a_spot / 新浪
688591,泰凌微,26.9400000000,26.8000000000,73449858.0000000000,2731826.0000000000,0.0052200000,0.7344985800,AKShare stock_zh_a_spot / 新浪
688592,司南导航,24.8000000000,24.7200000000,15707988.0000000000,637811.0000000000,0.0032400000,0.1570798800,AKShare stock_zh_a_spot / 新浪
688593,新相微,34.1800000000,32.3900000000,631132450.0000000000,18853217.0000000000,0.0552600000,6.3113245000,AKShare stock_zh_a_spot / 新浪
688595,芯海科技,28.0100000000,27.9700000000,55413938.0000000000,1986388.0000000000,0.0014300000,0.5541393800,AKShare stock_zh_a_spot / 新浪
688596,正帆科技,66.3000000000,66.2000000000,1388830472.0000000000,20657104.0000000000,0.0015100000,13.8883047200,AKShare stock_zh_a_spot / 新浪
688597,煜邦电力,6.7500000000,6.7900000000,34987645.0000000000,5228877.0000000000,-0.0058900000,0.3498764500,AKShare stock_zh_a_spot / 新浪
688598,金博股份,39.8500000000,34.7900000000,1271627461.0000000000,33554844.0000000000,0.1454400000,12.7162746100,AKShare stock_zh_a_spot / 新浪
688599,天合光能,12.9000000000,12.7900000000,263789070.0000000000,20533179.0000000000,0.0086000000,2.6378907000,AKShare stock_zh_a_spot / 新浪
688600,皖仪科技,26.7900000000,27.0600000000,43710087.0000000000,1649624.0000000000,-0.0099800000,0.4371008700,AKShare stock_zh_a_spot / 新浪
688601,力芯微,48.4900000000,46.3500000000,169271994.0000000000,3557576.0000000000,0.0461700000,1.6927199400,AKShare stock_zh_a_spot / 新浪
688602,康鹏科技,6.7700000000,6.8200000000,29562757.0000000000,4386520.0000000000,-0.0073300000,0.2956275700,AKShare stock_zh_a_spot / 新浪
688603,天承科技,106.8700000000,105.0000000000,383087659.0000000000,3593048.0000000000,0.0178100000,3.8308765900,AKShare stock_zh_a_spot / 新浪
688605,先锋精科,71.6000000000,72.7000000000,246931664.0000000000,3441289.0000000000,-0.0151300000,2.4693166400,AKShare stock_zh_a_spot / 新浪
688606,奥泰生物,47.9600000000,49.3000000000,20736272.0000000000,431323.0000000000,-0.0271800000,0.2073627200,AKShare stock_zh_a_spot / 新浪
688607,康众医疗,42.8800000000,43.1300000000,44617613.0000000000,1049596.0000000000,-0.0058000000,0.4461761300,AKShare stock_zh_a_spot / 新浪
688608,恒玄科技,107.4900000000,110.7700000000,412381645.0000000000,3840034.0000000000,-0.0296100000,4.1238164500,AKShare stock_zh_a_spot / 新浪
688609,九联科技,8.9600000000,8.9800000000,104747777.0000000000,11685906.0000000000,-0.0022300000,1.0474777700,AKShare stock_zh_a_spot / 新浪
688610,埃科光电,168.9000000000,166.8400000000,324175211.0000000000,1892762.0000000000,0.0123500000,3.2417521100,AKShare stock_zh_a_spot / 新浪
688611,杭州柯林,64.2100000000,64.9200000000,61541505.0000000000,958937.0000000000,-0.0109400000,0.6154150500,AKShare stock_zh_a_spot / 新浪
688612,威迈斯,33.1800000000,33.4000000000,124828912.0000000000,3772447.0000000000,-0.0065900000,1.2482891200,AKShare stock_zh_a_spot / 新浪
688613,奥精医疗,15.4500000000,15.7900000000,36296113.0000000000,2355484.0000000000,-0.0215300000,0.3629611300,AKShare stock_zh_a_spot / 新浪
688615,合合信息,93.9400000000,96.7900000000,609793792.0000000000,6475269.0000000000,-0.0294500000,6.0979379200,AKShare stock_zh_a_spot / 新浪
688616,西力科技,10.8800000000,10.9900000000,20138000.0000000000,1866414.0000000000,-0.0100100000,0.2013800000,AKShare stock_zh_a_spot / 新浪
688617,惠泰医疗,263.5000000000,266.2200000000,612887187.0000000000,2315598.0000000000,-0.0102200000,6.1288718700,AKShare stock_zh_a_spot / 新浪
688618,三旺通信,31.4100000000,31.2600000000,108686563.0000000000,3486198.0000000000,0.0048000000,1.0868656300,AKShare stock_zh_a_spot / 新浪
688619,罗普特,15.3900000000,15.4100000000,52459845.0000000000,3438502.0000000000,-0.0013000000,0.5245984500,AKShare stock_zh_a_spot / 新浪
688620,安凯微,15.2700000000,15.4200000000,157112242.0000000000,10262288.0000000000,-0.0097300000,1.5711224200,AKShare stock_zh_a_spot / 新浪
688621,阳光诺和,66.0100000000,66.4500000000,428724586.0000000000,6301560.0000000000,-0.0066200000,4.2872458600,AKShare stock_zh_a_spot / 新浪
688623,双元科技,57.8200000000,58.6800000000,24812612.0000000000,429235.0000000000,-0.0146600000,0.2481261200,AKShare stock_zh_a_spot / 新浪
688625,呈和科技,59.1000000000,57.2400000000,379971613.0000000000,6530568.0000000000,0.0324900000,3.7997161300,AKShare stock_zh_a_spot / 新浪
688626,翔宇医疗,43.7000000000,45.5800000000,92131548.0000000000,2091100.0000000000,-0.0412500000,0.9213154800,AKShare stock_zh_a_spot / 新浪
688627,精智达,484.7900000000,483.6600000000,2312317807.0000000000,4789039.0000000000,0.0023400000,23.1231780700,AKShare stock_zh_a_spot / 新浪
688628,优利德,86.4900000000,82.3400000000,626104470.0000000000,7263027.0000000000,0.0504000000,6.2610447000,AKShare stock_zh_a_spot / 新浪
688629,华丰科技,139.0900000000,135.6000000000,1489127288.0000000000,10654681.0000000000,0.0257400000,14.8912728800,AKShare stock_zh_a_spot / 新浪
688630,芯碁微装,429.5800000000,433.0000000000,2052986537.0000000000,4707950.0000000000,-0.0079000000,20.5298653700,AKShare stock_zh_a_spot / 新浪
688631,莱斯信息,39.6900000000,40.1600000000,36859878.0000000000,926221.0000000000,-0.0117000000,0.3685987800,AKShare stock_zh_a_spot / 新浪
688633,星球石墨,24.0800000000,24.1000000000,50881661.0000000000,2122509.0000000000,-0.0008300000,0.5088166100,AKShare stock_zh_a_spot / 新浪
688635,长进光子,321.3600000000,336.4700000000,868148652.0000000000,2634061.0000000000,-0.0449100000,8.6814865200,AKShare stock_zh_a_spot / 新浪
688636,智明达,20.0800000000,19.9100000000,120064671.0000000000,6010994.0000000000,0.0085400000,1.2006467100,AKShare stock_zh_a_spot / 新浪
688638,誉辰智能,33.5600000000,33.5300000000,14422381.0000000000,435331.0000000000,0.0008900000,0.1442238100,AKShare stock_zh_a_spot / 新浪
688639,华恒生物,16.6900000000,17.3500000000,105193575.0000000000,6266984.0000000000,-0.0380400000,1.0519357500,AKShare stock_zh_a_spot / 新浪
688646,逸飞激光,73.1800000000,71.1200000000,128193580.0000000000,1779384.0000000000,0.0289700000,1.2819358000,AKShare stock_zh_a_spot / 新浪
688648,XD中邮科,32.3300000000,31.8300000000,84394109.0000000000,2630997.0000000000,0.0157100000,0.8439410900,AKShare stock_zh_a_spot / 新浪
688651,盛邦安全,22.9000000000,23.0000000000,20406184.0000000000,899763.0000000000,-0.0043500000,0.2040618400,AKShare stock_zh_a_spot / 新浪
688652,京仪装备,143.4800000000,145.0400000000,751456488.0000000000,5199640.0000000000,-0.0107600000,7.5145648800,AKShare stock_zh_a_spot / 新浪
688653,康希通信,15.7400000000,14.7300000000,461476106.0000000000,29845257.0000000000,0.0685700000,4.6147610600,AKShare stock_zh_a_spot / 新浪
688655,迅捷兴,42.3600000000,42.9400000000,483350682.0000000000,11447879.0000000000,-0.0135100000,4.8335068200,AKShare stock_zh_a_spot / 新浪
688656,浩欧博,101.7800000000,95.4100000000,138065853.0000000000,1390977.0000000000,0.0667600000,1.3806585300,AKShare stock_zh_a_spot / 新浪
688657,浩辰软件,32.7800000000,32.9800000000,32989752.0000000000,1008157.0000000000,-0.0060600000,0.3298975200,AKShare stock_zh_a_spot / 新浪
688658,悦康药业,14.3100000000,15.4900000000,744160835.0000000000,52082762.0000000000,-0.0761800000,7.4416083500,AKShare stock_zh_a_spot / 新浪
688659,元琛科技,10.6900000000,10.6500000000,21036298.0000000000,1989736.0000000000,0.0037600000,0.2103629800,AKShare stock_zh_a_spot / 新浪
688660,电气风电,7.7400000000,7.9000000000,94661034.0000000000,12215377.0000000000,-0.0202500000,0.9466103400,AKShare stock_zh_a_spot / 新浪
688661,和林微纳,101.0100000000,96.6600000000,450476536.0000000000,4483906.0000000000,0.0450000000,4.5047653600,AKShare stock_zh_a_spot / 新浪
688662,富信科技,91.8200000000,94.6600000000,911888579.0000000000,9856708.0000000000,-0.0300000000,9.1188857900,AKShare stock_zh_a_spot / 新浪
688663,新风光,55.9400000000,55.3400000000,151425502.0000000000,2718429.0000000000,0.0108400000,1.5142550200,AKShare stock_zh_a_spot / 新浪
688665,四方光电,43.7000000000,43.8800000000,22124519.0000000000,507293.0000000000,-0.0041000000,0.2212451900,AKShare stock_zh_a_spot / 新浪
688667,菱电电控,90.9000000000,92.1300000000,52760126.0000000000,583258.0000000000,-0.0133500000,0.5276012600,AKShare stock_zh_a_spot / 新浪
688668,鼎通科技,251.7800000000,245.7500000000,1116060706.0000000000,4427281.0000000000,0.0245400000,11.1606070600,AKShare stock_zh_a_spot / 新浪
688669,聚石化学,79.4900000000,76.7100000000,261606934.0000000000,3365561.0000000000,0.0362400000,2.6160693400,AKShare stock_zh_a_spot / 新浪
688670,金迪克,15.9500000000,17.4300000000,96486952.0000000000,6110259.0000000000,-0.0849100000,0.9648695200,AKShare stock_zh_a_spot / 新浪
688671,碧兴物联,24.6200000000,24.4300000000,22781658.0000000000,936517.0000000000,0.0077800000,0.2278165800,AKShare stock_zh_a_spot / 新浪
688676,金盘科技,76.0000000000,67.3100000000,2752942219.0000000000,36840280.0000000000,0.1291000000,27.5294221900,AKShare stock_zh_a_spot / 新浪
688677,海泰新光,91.9300000000,87.5000000000,1133666222.0000000000,12492203.0000000000,0.0506300000,11.3366622200,AKShare stock_zh_a_spot / 新浪
688678,福立旺,19.4000000000,19.7000000000,245724807.0000000000,12613799.0000000000,-0.0152300000,2.4572480700,AKShare stock_zh_a_spot / 新浪
688679,通源环境,40.3000000000,39.4900000000,180322958.0000000000,4521870.0000000000,0.0205100000,1.8032295800,AKShare stock_zh_a_spot / 新浪
688680,海优新材,34.1800000000,34.0000000000,25435464.0000000000,752119.0000000000,0.0052900000,0.2543546400,AKShare stock_zh_a_spot / 新浪
688681,科汇股份,17.0100000000,16.8600000000,20532022.0000000000,1222107.0000000000,0.0089000000,0.2053202200,AKShare stock_zh_a_spot / 新浪
688682,霍莱沃,31.7400000000,31.3000000000,31027064.0000000000,985221.0000000000,0.0140600000,0.3102706400,AKShare stock_zh_a_spot / 新浪
688683,莱尔科技,30.2600000000,30.0100000000,46485098.0000000000,1561047.0000000000,0.0083300000,0.4648509800,AKShare stock_zh_a_spot / 新浪
688685,迈信林,40.9500000000,40.8100000000,100321158.0000000000,2454552.0000000000,0.0034300000,1.0032115800,AKShare stock_zh_a_spot / 新浪
688686,奥普特,123.0100000000,123.6700000000,260625487.0000000000,2119833.0000000000,-0.0053400000,2.6062548700,AKShare stock_zh_a_spot / 新浪
688687,凯因科技,18.1800000000,18.6900000000,91676031.0000000000,5057134.0000000000,-0.0272900000,0.9167603100,AKShare stock_zh_a_spot / 新浪
688689,银河微电,40.3300000000,39.6900000000,206378589.0000000000,5143484.0000000000,0.0161200000,2.0637858900,AKShare stock_zh_a_spot / 新浪
688690,纳微科技,43.4000000000,45.3700000000,563406003.0000000000,12913703.0000000000,-0.0434200000,5.6340600300,AKShare stock_zh_a_spot / 新浪
688691,灿芯股份,64.5000000000,64.0200000000,191792912.0000000000,2977336.0000000000,0.0075000000,1.9179291200,AKShare stock_zh_a_spot / 新浪
688692,达梦数据,240.0900000000,248.5000000000,288306083.0000000000,1195097.0000000000,-0.0338400000,2.8830608300,AKShare stock_zh_a_spot / 新浪
688693,锴威特,76.4600000000,77.2600000000,162941257.0000000000,2114194.0000000000,-0.0103500000,1.6294125700,AKShare stock_zh_a_spot / 新浪
688695,中创股份,19.4100000000,19.4000000000,17260292.0000000000,900264.0000000000,0.0005200000,0.1726029200,AKShare stock_zh_a_spot / 新浪
688696,极米科技,68.8200000000,70.5100000000,35002842.0000000000,506793.0000000000,-0.0239700000,0.3500284200,AKShare stock_zh_a_spot / 新浪
688697,纽威数控,14.6300000000,14.4400000000,98938769.0000000000,6837525.0000000000,0.0131600000,0.9893876900,AKShare stock_zh_a_spot / 新浪
688698,伟创电气,45.0800000000,45.0000000000,78258988.0000000000,1741583.0000000000,0.0017800000,0.7825898800,AKShare stock_zh_a_spot / 新浪
688699,明微电子,60.5200000000,61.7000000000,188406378.0000000000,3091344.0000000000,-0.0191200000,1.8840637800,AKShare stock_zh_a_spot / 新浪
688700,东威科技,57.4500000000,57.2200000000,537985541.0000000000,9354994.0000000000,0.0040200000,5.3798554100,AKShare stock_zh_a_spot / 新浪
688701,卓锦股份,8.4500000000,8.3600000000,15764153.0000000000,1879353.0000000000,0.0107700000,0.1576415300,AKShare stock_zh_a_spot / 新浪
688702,盛科通信,375.8000000000,372.9500000000,2034067742.0000000000,5356773.0000000000,0.0076400000,20.3406774200,AKShare stock_zh_a_spot / 新浪
688707,振华新材,10.4100000000,10.3000000000,59733338.0000000000,5778459.0000000000,0.0106800000,0.5973333800,AKShare stock_zh_a_spot / 新浪
688708,佳驰科技,42.3000000000,42.4700000000,27314518.0000000000,647448.0000000000,-0.0040000000,0.2731451800,AKShare stock_zh_a_spot / 新浪
688709,成都华微,25.6100000000,25.9200000000,78012533.0000000000,3034961.0000000000,-0.0119600000,0.7801253300,AKShare stock_zh_a_spot / 新浪
688710,益诺思,95.2500000000,100.1000000000,378082992.0000000000,3938985.0000000000,-0.0484500000,3.7808299200,AKShare stock_zh_a_spot / 新浪
688711,宏微科技,25.9000000000,24.7500000000,289880084.0000000000,11305901.0000000000,0.0464600000,2.8988008400,AKShare stock_zh_a_spot / 新浪
688712,北芯生命,33.2200000000,33.9500000000,60543349.0000000000,1830363.0000000000,-0.0215000000,0.6054334900,AKShare stock_zh_a_spot / 新浪
688716,中研股份,27.6900000000,27.4100000000,36377527.0000000000,1332374.0000000000,0.0102200000,0.3637752700,AKShare stock_zh_a_spot / 新浪
688717,艾罗能源,59.8000000000,57.6500000000,468765143.0000000000,7866969.0000000000,0.0372900000,4.6876514300,AKShare stock_zh_a_spot / 新浪
688718,唯赛勃,14.2800000000,14.1100000000,24657909.0000000000,1733624.0000000000,0.0120500000,0.2465790900,AKShare stock_zh_a_spot / 新浪
688719,爱科赛博,51.6000000000,49.0500000000,190148178.0000000000,3764971.0000000000,0.0519900000,1.9014817800,AKShare stock_zh_a_spot / 新浪
688720,艾森股份,67.3400000000,67.0500000000,228763898.0000000000,3398926.0000000000,0.0043300000,2.2876389800,AKShare stock_zh_a_spot / 新浪
688721,龙图光罩,42.5100000000,42.5000000000,117013918.0000000000,2764533.0000000000,0.0002400000,1.1701391800,AKShare stock_zh_a_spot / 新浪
688722,同益中,13.8500000000,13.8100000000,26440456.0000000000,1921765.0000000000,0.0029000000,0.2644045600,AKShare stock_zh_a_spot / 新浪
688726,拉普拉斯,45.2100000000,44.8000000000,192254078.0000000000,4250739.0000000000,0.0091500000,1.9225407800,AKShare stock_zh_a_spot / 新浪
688727,恒坤新材,47.7500000000,48.0000000000,104989852.0000000000,2197102.0000000000,-0.0052100000,1.0498985200,AKShare stock_zh_a_spot / 新浪
688728,格科微,15.8500000000,15.9900000000,366325490.0000000000,23119559.0000000000,-0.0087600000,3.6632549000,AKShare stock_zh_a_spot / 新浪
688729,屹唐股份,24.3300000000,24.2100000000,462270229.0000000000,18964390.0000000000,0.0049600000,4.6227022900,AKShare stock_zh_a_spot / 新浪
688733,壹石通,30.4000000000,30.0000000000,141234348.0000000000,4669052.0000000000,0.0133300000,1.4123434800,AKShare stock_zh_a_spot / 新浪
688737,中自科技,17.9400000000,17.8500000000,16813356.0000000000,948153.0000000000,0.0050400000,0.1681335600,AKShare stock_zh_a_spot / 新浪
688739,成大生物,20.6800000000,21.5400000000,110958552.0000000000,5305228.0000000000,-0.0399300000,1.1095855200,AKShare stock_zh_a_spot / 新浪
688750,金天钛业,14.0600000000,13.9100000000,30621585.0000000000,2193566.0000000000,0.0107800000,0.3062158500,AKShare stock_zh_a_spot / 新浪
688755,汉邦科技,27.4600000000,27.7000000000,47086923.0000000000,1730298.0000000000,-0.0086600000,0.4708692300,AKShare stock_zh_a_spot / 新浪
688757,胜科纳米,31.9400000000,32.1700000000,241930744.0000000000,7534772.0000000000,-0.0071500000,2.4193074400,AKShare stock_zh_a_spot / 新浪
688758,赛分科技,27.3300000000,29.3000000000,397423605.0000000000,14505939.0000000000,-0.0672400000,3.9742360500,AKShare stock_zh_a_spot / 新浪
688759,必贝特,26.7000000000,27.1800000000,126567714.0000000000,4745707.0000000000,-0.0176600000,1.2656771400,AKShare stock_zh_a_spot / 新浪
688765,禾元生物,37.2700000000,38.8100000000,140711405.0000000000,3754915.0000000000,-0.0396800000,1.4071140500,AKShare stock_zh_a_spot / 新浪
688766,普冉股份,463.6500000000,480.3600000000,5894942391.0000000000,12566234.0000000000,-0.0347900000,58.9494239100,AKShare stock_zh_a_spot / 新浪
688767,博拓生物,40.7200000000,40.6000000000,54723372.0000000000,1369135.0000000000,0.0029600000,0.5472337200,AKShare stock_zh_a_spot / 新浪
688768,容知日新,42.5900000000,42.9200000000,29824512.0000000000,696317.0000000000,-0.0076900000,0.2982451200,AKShare stock_zh_a_spot / 新浪
688772,珠海冠宇,14.8400000000,14.8700000000,379934722.0000000000,25247082.0000000000,-0.0020200000,3.7993472200,AKShare stock_zh_a_spot / 新浪
688775,XD影石创,121.1700000000,119.1500000000,376532075.0000000000,3124539.0000000000,0.0169500000,3.7653207500,AKShare stock_zh_a_spot / 新浪
688776,国光电气,47.2800000000,46.7400000000,45263235.0000000000,966392.0000000000,0.0115500000,0.4526323500,AKShare stock_zh_a_spot / 新浪
688777,中控技术,91.1100000000,91.7000000000,692037968.0000000000,7615557.0000000000,-0.0064300000,6.9203796800,AKShare stock_zh_a_spot / 新浪
688778,厦钨新能,45.8800000000,45.9400000000,259623981.0000000000,5620731.0000000000,-0.0013100000,2.5962398100,AKShare stock_zh_a_spot / 新浪
688779,五矿新能,8.1600000000,8.1300000000,265051148.0000000000,32453294.0000000000,0.0036900000,2.6505114800,AKShare stock_zh_a_spot / 新浪
688781,视涯科技,37.7200000000,39.2800000000,85837575.0000000000,2245869.0000000000,-0.0397100000,0.8583757500,AKShare stock_zh_a_spot / 新浪
688783,西安奕材,31.4400000000,31.5000000000,895930621.0000000000,28412533.0000000000,-0.0019000000,8.9593062100,AKShare stock_zh_a_spot / 新浪
688785,恒运昌,268.9000000000,270.5000000000,144427454.0000000000,538598.0000000000,-0.0059100000,1.4442745400,AKShare stock_zh_a_spot / 新浪
688786,悦安新材,27.8000000000,27.6800000000,93785191.0000000000,3387991.0000000000,0.0043400000,0.9378519100,AKShare stock_zh_a_spot / 新浪
688787,海天瑞声,104.3700000000,105.8200000000,160764205.0000000000,1551372.0000000000,-0.0137000000,1.6076420500,AKShare stock_zh_a_spot / 新浪
688788,科思科技,29.8700000000,30.4600000000,132381428.0000000000,4394290.0000000000,-0.0193700000,1.3238142800,AKShare stock_zh_a_spot / 新浪
688789,宏华数科,46.2300000000,47.8900000000,95384591.0000000000,2047580.0000000000,-0.0346600000,0.9538459100,AKShare stock_zh_a_spot / 新浪
688790,昂瑞微,96.2700000000,96.7600000000,20962260.0000000000,217730.0000000000,-0.0050600000,0.2096226000,AKShare stock_zh_a_spot / 新浪
688793,倍轻松,21.5100000000,20.6300000000,48115431.0000000000,2298894.0000000000,0.0426600000,0.4811543100,AKShare stock_zh_a_spot / 新浪
688795,摩尔线程,542.8900000000,546.9900000000,386136050.0000000000,709741.0000000000,-0.0075000000,3.8613605000,AKShare stock_zh_a_spot / 新浪
688796,百奥赛图,134.2400000000,138.1800000000,392667047.0000000000,2908736.0000000000,-0.0285100000,3.9266704700,AKShare stock_zh_a_spot / 新浪
688797,臻宝科技,308.2100000000,307.3100000000,681395628.0000000000,2186343.0000000000,0.0029300000,6.8139562800,AKShare stock_zh_a_spot / 新浪
688798,艾为电子,54.0500000000,53.9900000000,114368198.0000000000,2111258.0000000000,0.0011100000,1.1436819800,AKShare stock_zh_a_spot / 新浪
688799,华纳药厂,43.6500000000,45.2400000000,148917890.0000000000,3425853.0000000000,-0.0351500000,1.4891789000,AKShare stock_zh_a_spot / 新浪
688800,瑞可达,63.5600000000,61.0500000000,1196023250.0000000000,18561722.0000000000,0.0411100000,11.9602325000,AKShare stock_zh_a_spot / 新浪
688802,沐曦股份,700.0000000000,711.9900000000,640414882.0000000000,907424.0000000000,-0.0168400000,6.4041488200,AKShare stock_zh_a_spot / 新浪
688805,健信超导,38.3800000000,39.7500000000,38079223.0000000000,983028.0000000000,-0.0344700000,0.3807922300,AKShare stock_zh_a_spot / 新浪
688806,泰诺麦博,25.5600000000,27.9500000000,243991843.0000000000,9343887.0000000000,-0.0855100000,2.4399184300,AKShare stock_zh_a_spot / 新浪
688807,优迅股份,319.1000000000,310.0000000000,867931296.0000000000,2746947.0000000000,0.0293500000,8.6793129600,AKShare stock_zh_a_spot / 新浪
688808,联讯仪器,2322.2200000000,2314.0100000000,1842707875.0000000000,788542.0000000000,0.0035500000,18.4270787500,AKShare stock_zh_a_spot / 新浪
688809,强一股份,447.1500000000,454.2300000000,557967049.0000000000,1247344.0000000000,-0.0155900000,5.5796704900,AKShare stock_zh_a_spot / 新浪
688811,有研复材,21.5000000000,21.5800000000,66981606.0000000000,3109586.0000000000,-0.0037100000,0.6698160600,AKShare stock_zh_a_spot / 新浪
688813,泰金新能,113.6100000000,113.5300000000,505905553.0000000000,4319823.0000000000,0.0007000000,5.0590555300,AKShare stock_zh_a_spot / 新浪
688816,易思维,48.1000000000,48.6000000000,11991406.0000000000,248833.0000000000,-0.0102900000,0.1199140600,AKShare stock_zh_a_spot / 新浪
688818,电科蓝天,46.9200000000,45.8800000000,351935951.0000000000,7556348.0000000000,0.0226700000,3.5193595100,AKShare stock_zh_a_spot / 新浪
688819,天能股份,21.7800000000,21.7000000000,32712780.0000000000,1507195.0000000000,0.0036900000,0.3271278000,AKShare stock_zh_a_spot / 新浪
688820,盛合晶微,127.5000000000,127.9800000000,1539954891.0000000000,11996393.0000000000,-0.0037500000,15.3995489100,AKShare stock_zh_a_spot / 新浪
688825,长鑫科技,58.0000000000,57.5700000000,16107953634.0000000000,275847845.0000000000,0.0074700000,161.0795363400,AKShare stock_zh_a_spot / 新浪
688828,国仪公司,89.5900000000,81.1600000000,1024157456.0000000000,11098568.0000000000,0.1038700000,10.2415745600,AKShare stock_zh_a_spot / 新浪
688981,中芯国际,124.8000000000,125.5000000000,3830637505.0000000000,30566366.0000000000,-0.0055800000,38.3063750500,AKShare stock_zh_a_spot / 新浪
000001,平安银行,11.4100000000,11.4000000000,990112066.0000000000,86912763.0000000000,0.0008800000,9.9011206600,AKShare stock_zh_a_spot / 新浪
000002,万 科Ａ,3.0800000000,3.1400000000,316006688.0000000000,102872610.0000000000,-0.0191100000,3.1600668800,AKShare stock_zh_a_spot / 新浪
000006,深振业Ａ,7.0600000000,7.1400000000,89357393.0000000000,12732000.0000000000,-0.0112000000,0.8935739300,AKShare stock_zh_a_spot / 新浪
000007,全新好,12.4800000000,12.0900000000,295438013.0000000000,23936050.0000000000,0.0322600000,2.9543801300,AKShare stock_zh_a_spot / 新浪
000008,神州高铁,2.4600000000,2.4200000000,166504653.0000000000,67735500.0000000000,0.0165300000,1.6650465300,AKShare stock_zh_a_spot / 新浪
000009,中国宝安,7.3300000000,7.5000000000,147394399.0000000000,19988451.0000000000,-0.0226700000,1.4739439900,AKShare stock_zh_a_spot / 新浪
000011,深物业A,8.0900000000,8.2100000000,50604194.0000000000,6305899.0000000000,-0.0146200000,0.5060419400,AKShare stock_zh_a_spot / 新浪
000012,南 玻Ａ,3.7200000000,3.7500000000,52040483.0000000000,14013204.0000000000,-0.0080000000,0.5204048300,AKShare stock_zh_a_spot / 新浪
000014,沙河股份,10.0900000000,10.1300000000,40054460.0000000000,4006320.0000000000,-0.0039500000,0.4005446000,AKShare stock_zh_a_spot / 新浪
000017,深中华A,7.1100000000,6.4600000000,294182280.0000000000,41570096.0000000000,0.1006200000,2.9418228000,AKShare stock_zh_a_spot / 新浪
000019,深粮控股,6.3600000000,6.8600000000,206800837.0000000000,32378988.0000000000,-0.0728900000,2.0680083700,AKShare stock_zh_a_spot / 新浪
000020,深华发Ａ,11.7400000000,12.3700000000,297765068.0000000000,26107533.0000000000,-0.0509300000,2.9776506800,AKShare stock_zh_a_spot / 新浪
000021,深科技,37.9000000000,37.5300000000,2332260173.0000000000,61852891.0000000000,0.0098600000,23.3226017300,AKShare stock_zh_a_spot / 新浪
000025,特 力Ａ,15.3400000000,15.4800000000,195046567.0000000000,12903711.0000000000,-0.0090400000,1.9504656700,AKShare stock_zh_a_spot / 新浪
000026,飞亚达,21.1600000000,21.1600000000,300175635.0000000000,14334052.0000000000,0.0000000000,3.0017563500,AKShare stock_zh_a_spot / 新浪
000027,深圳能源,6.1500000000,6.1400000000,80093137.0000000000,13077588.0000000000,0.0016300000,0.8009313700,AKShare stock_zh_a_spot / 新浪
000028,国药一致,19.4700000000,19.8400000000,63423337.0000000000,3254148.0000000000,-0.0186500000,0.6342333700,AKShare stock_zh_a_spot / 新浪
000029,深深房Ａ,22.7600000000,22.3000000000,102378156.0000000000,4545677.0000000000,0.0206300000,1.0237815600,AKShare stock_zh_a_spot / 新浪
000030,富奥股份,4.2600000000,4.3300000000,30505316.0000000000,7159594.0000000000,-0.0161700000,0.3050531600,AKShare stock_zh_a_spot / 新浪
000031,大悦城,2.1500000000,2.2100000000,81307093.0000000000,37894080.0000000000,-0.0271500000,0.8130709300,AKShare stock_zh_a_spot / 新浪
000032,深桑达Ａ,14.8000000000,14.4400000000,494525295.0000000000,33873397.0000000000,0.0249300000,4.9452529500,AKShare stock_zh_a_spot / 新浪
000034,神州数码,23.7100000000,23.8200000000,382347590.0000000000,16202531.0000000000,-0.0046200000,3.8234759000,AKShare stock_zh_a_spot / 新浪
000035,中国天楹,4.5700000000,4.5700000000,80296503.0000000000,17579400.0000000000,0.0000000000,0.8029650300,AKShare stock_zh_a_spot / 新浪
000036,华联控股,4.0400000000,3.9900000000,94942978.0000000000,23776711.0000000000,0.0125300000,0.9494297800,AKShare stock_zh_a_spot / 新浪
000037,深南电A,9.3900000000,9.3600000000,93512108.0000000000,10026808.0000000000,0.0032100000,0.9351210800,AKShare stock_zh_a_spot / 新浪
000039,中集集团,9.3400000000,9.2000000000,284439918.0000000000,30773207.0000000000,0.0152200000,2.8443991800,AKShare stock_zh_a_spot / 新浪
000042,中洲控股,8.7600000000,9.0500000000,118099462.0000000000,13450383.0000000000,-0.0320400000,1.1809946200,AKShare stock_zh_a_spot / 新浪
000045,深纺织Ａ,10.3700000000,10.2400000000,66569250.0000000000,6549637.0000000000,0.0127000000,0.6656925000,AKShare stock_zh_a_spot / 新浪
000048,京基智农,22.3300000000,22.4300000000,241522304.0000000000,10798515.0000000000,-0.0044600000,2.4152230400,AKShare stock_zh_a_spot / 新浪
000049,德赛电池,23.7300000000,23.5300000000,162443072.0000000000,6886314.0000000000,0.0085000000,1.6244307200,AKShare stock_zh_a_spot / 新浪
000050,深天马Ａ,6.5400000000,6.5300000000,155892429.0000000000,23959037.0000000000,0.0015300000,1.5589242900,AKShare stock_zh_a_spot / 新浪
000055,方大集团,3.5500000000,3.5500000000,24071651.0000000000,6858100.0000000000,0.0000000000,0.2407165100,AKShare stock_zh_a_spot / 新浪
000058,深 赛 格,6.7000000000,6.7300000000,32698449.0000000000,4916102.0000000000,-0.0044600000,0.3269844900,AKShare stock_zh_a_spot / 新浪
000059,华锦股份,4.7100000000,4.8700000000,325766286.0000000000,68802745.0000000000,-0.0328500000,3.2576628600,AKShare stock_zh_a_spot / 新浪
000060,中金岭南,6.6800000000,6.5100000000,764060591.0000000000,115477668.0000000000,0.0261100000,7.6406059100,AKShare stock_zh_a_spot / 新浪
000061,农 产 品,5.6900000000,5.8000000000,149432261.0000000000,26219328.0000000000,-0.0189700000,1.4943226100,AKShare stock_zh_a_spot / 新浪
000062,深圳华强,22.3900000000,22.2400000000,281770962.0000000000,12658958.0000000000,0.0067400000,2.8177096200,AKShare stock_zh_a_spot / 新浪
000063,中兴通讯,33.7800000000,33.8400000000,1645509962.0000000000,48771693.0000000000,-0.0017700000,16.4550996200,AKShare stock_zh_a_spot / 新浪
000065,北方国际,9.0700000000,8.9300000000,103220026.0000000000,11467429.0000000000,0.0156800000,1.0322002600,AKShare stock_zh_a_spot / 新浪
000066,中国长城,14.2700000000,14.1500000000,805104088.0000000000,56892728.0000000000,0.0084800000,8.0510408800,AKShare stock_zh_a_spot / 新浪
000068,华控赛格,3.0700000000,3.0400000000,34861292.0000000000,11489235.0000000000,0.0098700000,0.3486129200,AKShare stock_zh_a_spot / 新浪
000069,华侨城Ａ,1.7700000000,1.7900000000,67447569.0000000000,38329115.0000000000,-0.0111700000,0.6744756900,AKShare stock_zh_a_spot / 新浪
000070,特发信息,15.0600000000,14.6000000000,713858467.0000000000,47898856.0000000000,0.0315100000,7.1385846700,AKShare stock_zh_a_spot / 新浪
000088,盐 田 港,4.4400000000,4.4700000000,88173870.0000000000,19897556.0000000000,-0.0067100000,0.8817387000,AKShare stock_zh_a_spot / 新浪
000089,深圳机场,6.3900000000,6.4700000000,92551925.0000000000,14457801.0000000000,-0.0123600000,0.9255192500,AKShare stock_zh_a_spot / 新浪
000090,天健集团,3.4400000000,3.5000000000,61384677.0000000000,17942598.0000000000,-0.0171400000,0.6138467700,AKShare stock_zh_a_spot / 新浪
000096,广聚能源,7.9600000000,7.9200000000,40892438.0000000000,5169100.0000000000,0.0050500000,0.4089243800,AKShare stock_zh_a_spot / 新浪
000099,中信海直,13.7300000000,13.8000000000,51205671.0000000000,3734100.0000000000,-0.0050700000,0.5120567100,AKShare stock_zh_a_spot / 新浪
000100,TCL科技,5.0300000000,5.0300000000,1457082712.0000000000,290153067.0000000000,0.0000000000,14.5708271200,AKShare stock_zh_a_spot / 新浪
000151,中成股份,10.0800000000,10.0100000000,54238125.0000000000,5427013.0000000000,0.0069900000,0.5423812500,AKShare stock_zh_a_spot / 新浪
000153,丰原药业,6.0700000000,6.2500000000,295358755.0000000000,48747257.0000000000,-0.0288000000,2.9535875500,AKShare stock_zh_a_spot / 新浪
000155,川能动力,12.1800000000,11.7600000000,508393173.0000000000,42205184.0000000000,0.0357100000,5.0839317300,AKShare stock_zh_a_spot / 新浪
000156,华数传媒,6.6500000000,6.6800000000,38519000.0000000000,5805100.0000000000,-0.0044900000,0.3851900000,AKShare stock_zh_a_spot / 新浪
000157,中联重科,6.9600000000,7.0200000000,208567115.0000000000,29979041.0000000000,-0.0085500000,2.0856711500,AKShare stock_zh_a_spot / 新浪
000158,常山北明,12.6700000000,12.9000000000,311403955.0000000000,24595493.0000000000,-0.0178300000,3.1140395500,AKShare stock_zh_a_spot / 新浪
000159,国际实业,5.8000000000,5.7300000000,44250033.0000000000,7706502.0000000000,0.0122200000,0.4425003300,AKShare stock_zh_a_spot / 新浪
000166,申万宏源,4.4100000000,4.4300000000,155658688.0000000000,35352147.0000000000,-0.0045100000,1.5565868800,AKShare stock_zh_a_spot / 新浪
000301,东方盛虹,13.6600000000,13.5200000000,411657851.0000000000,30223165.0000000000,0.0103600000,4.1165785100,AKShare stock_zh_a_spot / 新浪
000333,美的集团,84.3000000000,85.3800000000,1530494658.0000000000,18021093.0000000000,-0.0126500000,15.3049465800,AKShare stock_zh_a_spot / 新浪
000338,潍柴动力,29.1600000000,28.3000000000,1518557239.0000000000,52583593.0000000000,0.0303900000,15.1855723900,AKShare stock_zh_a_spot / 新浪
000400,许继电气,21.6700000000,21.8600000000,284211141.0000000000,13046872.0000000000,-0.0086900000,2.8421114100,AKShare stock_zh_a_spot / 新浪
000401,金隅冀东,3.5200000000,3.5300000000,23882857.0000000000,6813300.0000000000,-0.0028300000,0.2388285700,AKShare stock_zh_a_spot / 新浪
000402,金 融 街,2.4600000000,2.5000000000,73111407.0000000000,29784342.0000000000,-0.0160000000,0.7311140700,AKShare stock_zh_a_spot / 新浪
000403,派林生物,10.6300000000,11.0400000000,162325288.0000000000,15115809.0000000000,-0.0371400000,1.6232528800,AKShare stock_zh_a_spot / 新浪
000404,长虹华意,7.0300000000,7.0800000000,58361408.0000000000,8317600.0000000000,-0.0070600000,0.5836140800,AKShare stock_zh_a_spot / 新浪
000407,胜利股份,4.1100000000,4.1400000000,80368330.0000000000,19486907.0000000000,-0.0072500000,0.8036833000,AKShare stock_zh_a_spot / 新浪
000408,藏格矿业,78.1900000000,77.1000000000,1045516778.0000000000,13367500.0000000000,0.0141400000,10.4551677800,AKShare stock_zh_a_spot / 新浪
000409,云鼎科技,8.4600000000,8.5200000000,20443545.0000000000,2421515.0000000000,-0.0070400000,0.2044354500,AKShare stock_zh_a_spot / 新浪
000410,沈阳机床,5.0800000000,5.0300000000,87810447.0000000000,17421529.0000000000,0.0099400000,0.8781044700,AKShare stock_zh_a_spot / 新浪
000411,英特集团,9.6700000000,9.9500000000,42388469.0000000000,4377487.0000000000,-0.0281400000,0.4238846900,AKShare stock_zh_a_spot / 新浪
000415,渤海租赁,4.6000000000,4.6100000000,209418974.0000000000,45647766.0000000000,-0.0021700000,2.0941897400,AKShare stock_zh_a_spot / 新浪
000417,合百集团,5.5800000000,5.6200000000,82686090.0000000000,14861508.0000000000,-0.0071200000,0.8268609000,AKShare stock_zh_a_spot / 新浪
000419,通程控股,4.9000000000,4.9800000000,30885736.0000000000,6323302.0000000000,-0.0160600000,0.3088573600,AKShare stock_zh_a_spot / 新浪
000420,吉林化纤,3.6700000000,3.6600000000,93964848.0000000000,25742768.0000000000,0.0027300000,0.9396484800,AKShare stock_zh_a_spot / 新浪
000421,南京公用,5.6400000000,5.8800000000,193690560.0000000000,33951693.0000000000,-0.0408200000,1.9369056000,AKShare stock_zh_a_spot / 新浪
000422,湖北宜化,12.2500000000,12.4600000000,223662413.0000000000,18273887.0000000000,-0.0168500000,2.2366241300,AKShare stock_zh_a_spot / 新浪
000423,东阿阿胶,48.3500000000,51.6000000000,987659254.0000000000,20176959.0000000000,-0.0629800000,9.8765925400,AKShare stock_zh_a_spot / 新浪
000425,徐工机械,8.0100000000,8.1100000000,552212509.0000000000,68829183.0000000000,-0.0123300000,5.5221250900,AKShare stock_zh_a_spot / 新浪
000426,兴业银锡,40.8800000000,38.5600000000,5061402066.0000000000,126004317.0000000000,0.0601700000,50.6140206600,AKShare stock_zh_a_spot / 新浪
000428,华天酒店,3.9800000000,4.0300000000,93192225.0000000000,23396000.0000000000,-0.0124100000,0.9319222500,AKShare stock_zh_a_spot / 新浪
000429,粤高速Ａ,13.0400000000,13.0800000000,62693662.0000000000,4801759.0000000000,-0.0030600000,0.6269366200,AKShare stock_zh_a_spot / 新浪
000430,张家界,6.6100000000,6.6300000000,39277393.0000000000,5995500.0000000000,-0.0030200000,0.3927739300,AKShare stock_zh_a_spot / 新浪
000498,山东路桥,4.9200000000,4.9700000000,30256011.0000000000,6142600.0000000000,-0.0100600000,0.3025601100,AKShare stock_zh_a_spot / 新浪
000501,武商集团,7.0200000000,7.1300000000,39812778.0000000000,5688970.0000000000,-0.0154300000,0.3981277800,AKShare stock_zh_a_spot / 新浪
000503,国新健康,6.8700000000,7.2000000000,194262283.0000000000,27992157.0000000000,-0.0458300000,1.9426228300,AKShare stock_zh_a_spot / 新浪
000504,南华生物,8.4300000000,8.6600000000,40908631.0000000000,4842700.0000000000,-0.0265600000,0.4090863100,AKShare stock_zh_a_spot / 新浪
000505,京粮控股,6.7400000000,7.4900000000,425335840.0000000000,62043206.0000000000,-0.1001300000,4.2533584000,AKShare stock_zh_a_spot / 新浪
000506,招金黄金,20.7700000000,19.4500000000,2529818455.0000000000,126454967.0000000000,0.0678700000,25.2981845500,AKShare stock_zh_a_spot / 新浪
000507,珠海港,4.9500000000,5.0100000000,49261454.0000000000,9932572.0000000000,-0.0119800000,0.4926145400,AKShare stock_zh_a_spot / 新浪
000509,华塑控股,3.3400000000,3.2900000000,60207477.0000000000,18306879.0000000000,0.0152000000,0.6020747700,AKShare stock_zh_a_spot / 新浪
000510,新金路,16.6600000000,16.2600000000,575439784.0000000000,35241568.0000000000,0.0246000000,5.7543978400,AKShare stock_zh_a_spot / 新浪
000513,丽珠集团,29.2600000000,30.6000000000,388893310.0000000000,13146377.0000000000,-0.0437900000,3.8889331000,AKShare stock_zh_a_spot / 新浪
000514,渝 开 发,3.9900000000,4.0500000000,40161009.0000000000,10149469.0000000000,-0.0148100000,0.4016100900,AKShare stock_zh_a_spot / 新浪
000516,国际医学,4.1900000000,4.3100000000,150319534.0000000000,36186164.0000000000,-0.0278400000,1.5031953400,AKShare stock_zh_a_spot / 新浪
000517,荣安地产,2.3700000000,2.4700000000,105958486.0000000000,44811464.0000000000,-0.0404900000,1.0595848600,AKShare stock_zh_a_spot / 新浪
000518,四环生物,3.8000000000,3.6900000000,333783342.0000000000,88798577.0000000000,0.0298100000,3.3378334200,AKShare stock_zh_a_spot / 新浪
000519,中兵红箭,14.1900000000,14.2100000000,321183720.0000000000,22787127.0000000000,-0.0014100000,3.2118372000,AKShare stock_zh_a_spot / 新浪
000520,凤凰航运,4.2700000000,4.4100000000,287131955.0000000000,67604325.0000000000,-0.0317500000,2.8713195500,AKShare stock_zh_a_spot / 新浪
000521,长虹美菱,4.8100000000,4.8200000000,30057048.0000000000,6209400.0000000000,-0.0020700000,0.3005704800,AKShare stock_zh_a_spot / 新浪
000523,红棉股份,3.1800000000,3.5300000000,477337484.0000000000,144846110.0000000000,-0.0991500000,4.7733748400,AKShare stock_zh_a_spot / 新浪
000524,岭南控股,9.7500000000,9.6900000000,144415794.0000000000,14872925.0000000000,0.0061900000,1.4441579400,AKShare stock_zh_a_spot / 新浪
000525,红太阳,4.2600000000,4.6000000000,198459514.0000000000,46155097.0000000000,-0.0739100000,1.9845951400,AKShare stock_zh_a_spot / 新浪
000526,学大教育,35.6000000000,37.5500000000,349265784.0000000000,9658322.0000000000,-0.0519300000,3.4926578400,AKShare stock_zh_a_spot / 新浪
000528,柳 工,8.0500000000,8.0700000000,112669745.0000000000,14046170.0000000000,-0.0024800000,1.1266974500,AKShare stock_zh_a_spot / 新浪
000529,广弘控股,4.9000000000,5.0000000000,18726773.0000000000,3816852.0000000000,-0.0200000000,0.1872677300,AKShare stock_zh_a_spot / 新浪
000530,冰山冷热,4.9000000000,4.8900000000,35127752.0000000000,7218950.0000000000,0.0020400000,0.3512775200,AKShare stock_zh_a_spot / 新浪
000531,穗恒运Ａ,5.6000000000,5.6100000000,19964918.0000000000,3578213.0000000000,-0.0017800000,0.1996491800,AKShare stock_zh_a_spot / 新浪
000532,华金资本,10.9800000000,11.0400000000,103442878.0000000000,9404262.0000000000,-0.0054300000,1.0344287800,AKShare stock_zh_a_spot / 新浪
000533,顺钠股份,10.7200000000,10.8300000000,363567792.0000000000,34065422.0000000000,-0.0101600000,3.6356779200,AKShare stock_zh_a_spot / 新浪
000534,万泽股份,27.0300000000,27.0800000000,414702322.0000000000,15664298.0000000000,-0.0018500000,4.1470232200,AKShare stock_zh_a_spot / 新浪
000536,华映科技,3.2200000000,3.1600000000,98019650.0000000000,30907340.0000000000,0.0189900000,0.9801965000,AKShare stock_zh_a_spot / 新浪
000537,绿发电力,7.6000000000,7.9100000000,191239347.0000000000,25004800.0000000000,-0.0391900000,1.9123934700,AKShare stock_zh_a_spot / 新浪
000538,云南白药,49.3300000000,50.2100000000,425984874.0000000000,8603005.0000000000,-0.0175300000,4.2598487400,AKShare stock_zh_a_spot / 新浪
000539,粤电力Ａ,5.3500000000,5.3400000000,192190971.0000000000,36203284.0000000000,0.0018700000,1.9219097100,AKShare stock_zh_a_spot / 新浪
000541,佛山照明,4.9400000000,4.8700000000,40308371.0000000000,8189359.0000000000,0.0143700000,0.4030837100,AKShare stock_zh_a_spot / 新浪
000543,皖能电力,7.3900000000,7.4800000000,128358255.0000000000,17363259.0000000000,-0.0120300000,1.2835825500,AKShare stock_zh_a_spot / 新浪
000544,中原环保,7.2300000000,7.3500000000,26095739.0000000000,3611300.0000000000,-0.0163300000,0.2609573900,AKShare stock_zh_a_spot / 新浪
000545,金浦钛业,2.5300000000,2.5100000000,74154541.0000000000,29703600.0000000000,0.0079700000,0.7415454100,AKShare stock_zh_a_spot / 新浪
000546,金圆股份,4.7700000000,4.6500000000,74945884.0000000000,15899200.0000000000,0.0258100000,0.7494588400,AKShare stock_zh_a_spot / 新浪
000547,航天发展,13.8800000000,13.8600000000,629715062.0000000000,45587339.0000000000,0.0014400000,6.2971506200,AKShare stock_zh_a_spot / 新浪
000548,湖南投资,4.4800000000,4.4900000000,20077539.0000000000,4533002.0000000000,-0.0022300000,0.2007753900,AKShare stock_zh_a_spot / 新浪
000550,江铃汽车,16.1300000000,16.3700000000,43079975.0000000000,2665100.0000000000,-0.0146600000,0.4307997500,AKShare stock_zh_a_spot / 新浪
000551,创元科技,12.5200000000,12.6000000000,180256493.0000000000,14433629.0000000000,-0.0063500000,1.8025649300,AKShare stock_zh_a_spot / 新浪
000552,甘肃能化,2.5900000000,2.5700000000,167819443.0000000000,64988300.0000000000,0.0077800000,1.6781944300,AKShare stock_zh_a_spot / 新浪
000553,安道麦A,5.5500000000,5.5000000000,46891382.0000000000,8489001.0000000000,0.0090900000,0.4689138200,AKShare stock_zh_a_spot / 新浪
000554,泰山石油,6.4800000000,6.3900000000,91142292.0000000000,14121519.0000000000,0.0140800000,0.9114229200,AKShare stock_zh_a_spot / 新浪
000555,神州信息,10.3400000000,10.1600000000,172250459.0000000000,16811802.0000000000,0.0177200000,1.7225045900,AKShare stock_zh_a_spot / 新浪
000557,西部创业,3.6200000000,3.6700000000,26536602.0000000000,7360700.0000000000,-0.0136200000,0.2653660200,AKShare stock_zh_a_spot / 新浪
000558,天府文旅,3.4100000000,3.4400000000,56904675.0000000000,16805371.0000000000,-0.0087200000,0.5690467500,AKShare stock_zh_a_spot / 新浪
000559,万向钱潮,10.9600000000,10.8800000000,217803074.0000000000,19938680.0000000000,0.0073500000,2.1780307400,AKShare stock_zh_a_spot / 新浪
000560,我爱我家,2.2300000000,2.3300000000,553192907.0000000000,248345533.0000000000,-0.0429200000,5.5319290700,AKShare stock_zh_a_spot / 新浪
000561,烽火电子,7.4200000000,7.3900000000,34053737.0000000000,4612865.0000000000,0.0040600000,0.3405373700,AKShare stock_zh_a_spot / 新浪
000563,陕国投Ａ,2.9400000000,2.9500000000,72117818.0000000000,24526298.0000000000,-0.0033900000,0.7211781800,AKShare stock_zh_a_spot / 新浪
000564,供销大集,1.4300000000,1.4700000000,403662534.0000000000,282395894.0000000000,-0.0272100000,4.0366253400,AKShare stock_zh_a_spot / 新浪
000565,渝三峡Ａ,6.0100000000,6.0200000000,70169814.0000000000,11771619.0000000000,-0.0016600000,0.7016981400,AKShare stock_zh_a_spot / 新浪
000566,海南海药,4.8400000000,5.1800000000,553220214.0000000000,114373020.0000000000,-0.0656400000,5.5322021400,AKShare stock_zh_a_spot / 新浪
000567,海德股份,5.9300000000,6.0200000000,70382485.0000000000,11867061.0000000000,-0.0149500000,0.7038248500,AKShare stock_zh_a_spot / 新浪
000568,泸州老窖,85.2000000000,86.1100000000,484553347.0000000000,5678984.0000000000,-0.0105700000,4.8455334700,AKShare stock_zh_a_spot / 新浪
000570,苏常柴Ａ,5.0200000000,5.0600000000,65323741.0000000000,13093939.0000000000,-0.0079100000,0.6532374100,AKShare stock_zh_a_spot / 新浪
000571,新大洲A,5.9900000000,6.0200000000,94478874.0000000000,15900100.0000000000,-0.0049800000,0.9447887400,AKShare stock_zh_a_spot / 新浪
000572,海马汽车,3.8200000000,3.8400000000,93855265.0000000000,24756710.0000000000,-0.0052100000,0.9385526500,AKShare stock_zh_a_spot / 新浪
000573,粤宏远Ａ,3.6700000000,3.6700000000,37986660.0000000000,10493287.0000000000,0.0000000000,0.3798666000,AKShare stock_zh_a_spot / 新浪
000576,甘化科工,7.1300000000,7.1300000000,36920242.0000000000,5208296.0000000000,0.0000000000,0.3692024200,AKShare stock_zh_a_spot / 新浪
000581,威孚高科,17.2900000000,17.3800000000,60909674.0000000000,3529900.0000000000,-0.0051800000,0.6090967400,AKShare stock_zh_a_spot / 新浪
000582,北部湾港,10.9100000000,10.8700000000,325324171.0000000000,30122085.0000000000,0.0036800000,3.2532417100,AKShare stock_zh_a_spot / 新浪
000586,汇源通信,12.5800000000,12.5100000000,43696697.0000000000,3486010.0000000000,0.0056000000,0.4369669700,AKShare stock_zh_a_spot / 新浪
000589,贵州轮胎,4.2300000000,4.2500000000,55231844.0000000000,13067179.0000000000,-0.0047100000,0.5523184400,AKShare stock_zh_a_spot / 新浪
000590,古汉医药,9.0500000000,9.6900000000,111013341.0000000000,12323731.0000000000,-0.0660500000,1.1101334100,AKShare stock_zh_a_spot / 新浪
000591,太阳能,4.2100000000,4.2400000000,106080132.0000000000,25166866.0000000000,-0.0070800000,1.0608013200,AKShare stock_zh_a_spot / 新浪
000592,平潭发展,6.0800000000,6.1400000000,520620720.0000000000,86095229.0000000000,-0.0097700000,5.2062072000,AKShare stock_zh_a_spot / 新浪
000593,德龙汇能,24.1500000000,24.5600000000,467572376.0000000000,19234236.0000000000,-0.0166900000,4.6757237600,AKShare stock_zh_a_spot / 新浪
000595,新能股份,5.5600000000,5.4700000000,157125440.0000000000,28603200.0000000000,0.0164500000,1.5712544000,AKShare stock_zh_a_spot / 新浪
000596,古井贡酒,90.6500000000,92.4200000000,318580179.0000000000,3490384.0000000000,-0.0191500000,3.1858017900,AKShare stock_zh_a_spot / 新浪
000597,东北制药,5.0100000000,5.1700000000,216161320.0000000000,43204637.0000000000,-0.0309500000,2.1616132000,AKShare stock_zh_a_spot / 新浪
000598,兴蓉环境,7.1300000000,7.2000000000,102757608.0000000000,14431401.0000000000,-0.0097200000,1.0275760800,AKShare stock_zh_a_spot / 新浪
000599,青岛双星,4.6600000000,4.7000000000,46296855.0000000000,9968900.0000000000,-0.0085100000,0.4629685500,AKShare stock_zh_a_spot / 新浪
000600,建投能源,7.9500000000,7.8900000000,122248917.0000000000,15462600.0000000000,0.0076000000,1.2224891700,AKShare stock_zh_a_spot / 新浪
000601,韶能股份,6.2000000000,6.0800000000,159175593.0000000000,25974659.0000000000,0.0197400000,1.5917559300,AKShare stock_zh_a_spot / 新浪
000603,盛达资源,36.6100000000,33.2800000000,3354818490.0000000000,95124393.0000000000,0.1000600000,33.5481849000,AKShare stock_zh_a_spot / 新浪
000605,渤海股份,5.8900000000,5.9400000000,24739096.0000000000,4224000.0000000000,-0.0084200000,0.2473909600,AKShare stock_zh_a_spot / 新浪
000607,华媒控股,3.6300000000,3.6400000000,36952846.0000000000,10280788.0000000000,-0.0027500000,0.3695284600,AKShare stock_zh_a_spot / 新浪
000608,阳光股份,7.5300000000,7.3800000000,177581881.0000000000,24074850.0000000000,0.0203300000,1.7758188100,AKShare stock_zh_a_spot / 新浪
000612,焦作万方,11.1300000000,10.8600000000,339019392.0000000000,30760011.0000000000,0.0248600000,3.3901939200,AKShare stock_zh_a_spot / 新浪
000617,中油资本,6.9800000000,6.8000000000,1138730265.0000000000,162356503.0000000000,0.0264700000,11.3873026500,AKShare stock_zh_a_spot / 新浪
000619,海螺新材,4.8500000000,4.8500000000,25848545.0000000000,5371400.0000000000,0.0000000000,0.2584854500,AKShare stock_zh_a_spot / 新浪
000620,盈新发展,3.1500000000,3.2500000000,1259124473.0000000000,400734513.0000000000,-0.0307700000,12.5912447300,AKShare stock_zh_a_spot / 新浪
000623,吉林敖东,17.9700000000,18.1600000000,193357585.0000000000,10788241.0000000000,-0.0104600000,1.9335758500,AKShare stock_zh_a_spot / 新浪
000625,长安汽车,7.0700000000,7.1500000000,234892252.0000000000,33249107.0000000000,-0.0111900000,2.3489225200,AKShare stock_zh_a_spot / 新浪
000626,远大控股,8.1100000000,8.3400000000,135631738.0000000000,16786346.0000000000,-0.0275800000,1.3563173800,AKShare stock_zh_a_spot / 新浪
000628,高新发展,45.3500000000,41.2300000000,731645346.0000000000,16764014.0000000000,0.0999300000,7.3164534600,AKShare stock_zh_a_spot / 新浪
000629,钒钛股份,3.0500000000,3.0100000000,251655217.0000000000,83249639.0000000000,0.0132900000,2.5165521700,AKShare stock_zh_a_spot / 新浪
000630,铜陵有色,6.5900000000,6.4100000000,1771665533.0000000000,271857492.0000000000,0.0280800000,17.7166553300,AKShare stock_zh_a_spot / 新浪
000631,顺发恒能,2.9300000000,2.9300000000,24399259.0000000000,8339479.0000000000,0.0000000000,0.2439925900,AKShare stock_zh_a_spot / 新浪
000633,合金投资,5.3100000000,5.3000000000,28953565.0000000000,5498700.0000000000,0.0018900000,0.2895356500,AKShare stock_zh_a_spot / 新浪
000635,英 力 特,6.3200000000,6.3300000000,26210819.0000000000,4158998.0000000000,-0.0015800000,0.2621081900,AKShare stock_zh_a_spot / 新浪
000636,风华高科,54.6700000000,53.0900000000,6781464751.0000000000,125661252.0000000000,0.0297600000,67.8146475100,AKShare stock_zh_a_spot / 新浪
000637,茂化实华,4.0400000000,3.9800000000,30582170.0000000000,7660965.0000000000,0.0150800000,0.3058217000,AKShare stock_zh_a_spot / 新浪
000650,仁和药业,5.3700000000,5.6200000000,221683787.0000000000,40977238.0000000000,-0.0444800000,2.2168378700,AKShare stock_zh_a_spot / 新浪
000651,格力电器,41.2400000000,41.4200000000,1801513600.0000000000,43480715.0000000000,-0.0043500000,18.0151360000,AKShare stock_zh_a_spot / 新浪
000652,泰达股份,3.4300000000,3.4500000000,30572329.0000000000,8982745.0000000000,-0.0058000000,0.3057232900,AKShare stock_zh_a_spot / 新浪
000655,金岭矿业,6.9500000000,6.8900000000,44433627.0000000000,6436022.0000000000,0.0087100000,0.4443362700,AKShare stock_zh_a_spot / 新浪
000656,金科股份,1.2400000000,1.2600000000,156740581.0000000000,126797740.0000000000,-0.0158700000,1.5674058100,AKShare stock_zh_a_spot / 新浪
000657,中钨高新,68.1400000000,64.4500000000,5579749736.0000000000,83571162.0000000000,0.0572500000,55.7974973600,AKShare stock_zh_a_spot / 新浪
000659,珠海中富,2.7100000000,2.7200000000,70430270.0000000000,26223667.0000000000,-0.0036800000,0.7043027000,AKShare stock_zh_a_spot / 新浪
000661,长春高新,79.5000000000,84.3000000000,1018463249.0000000000,12589629.0000000000,-0.0569400000,10.1846324900,AKShare stock_zh_a_spot / 新浪
000663,永安林业,5.6400000000,5.6500000000,25717057.0000000000,4588940.0000000000,-0.0017700000,0.2571705700,AKShare stock_zh_a_spot / 新浪
000665,湖北广电,3.8400000000,3.8500000000,41320456.0000000000,10828280.0000000000,-0.0026000000,0.4132045600,AKShare stock_zh_a_spot / 新浪
000668,荣丰控股,22.2200000000,22.2400000000,71793069.0000000000,3218500.0000000000,-0.0009000000,0.7179306900,AKShare stock_zh_a_spot / 新浪
000670,盈方微,7.1100000000,7.1700000000,264156434.0000000000,37205769.0000000000,-0.0083700000,2.6415643400,AKShare stock_zh_a_spot / 新浪
000672,上峰材料,13.9900000000,13.6900000000,167041664.0000000000,12092984.0000000000,0.0219100000,1.6704166400,AKShare stock_zh_a_spot / 新浪
000676,智度股份,6.4700000000,6.4900000000,257080732.0000000000,39978420.0000000000,-0.0030800000,2.5708073200,AKShare stock_zh_a_spot / 新浪
000678,襄阳轴承,8.6100000000,8.5800000000,202371816.0000000000,23768237.0000000000,0.0035000000,2.0237181600,AKShare stock_zh_a_spot / 新浪
000679,大连友谊,6.0300000000,6.0300000000,23308600.0000000000,3911000.0000000000,0.0000000000,0.2330860000,AKShare stock_zh_a_spot / 新浪
000680,山推股份,10.1900000000,10.3900000000,175878961.0000000000,17212003.0000000000,-0.0192500000,1.7587896100,AKShare stock_zh_a_spot / 新浪
000681,视觉中国,17.0100000000,17.0100000000,205533616.0000000000,12158114.0000000000,0.0000000000,2.0553361600,AKShare stock_zh_a_spot / 新浪
000682,东方电子,11.5200000000,11.6300000000,119201963.0000000000,10330800.0000000000,-0.0094600000,1.1920196300,AKShare stock_zh_a_spot / 新浪
000683,博源化工,6.0500000000,6.0800000000,281604172.0000000000,46730320.0000000000,-0.0049300000,2.8160417200,AKShare stock_zh_a_spot / 新浪
000685,中山公用,10.9800000000,10.9200000000,74589357.0000000000,6822359.0000000000,0.0054900000,0.7458935700,AKShare stock_zh_a_spot / 新浪
000686,东北证券,7.8100000000,7.8600000000,114313705.0000000000,14664200.0000000000,-0.0063600000,1.1431370500,AKShare stock_zh_a_spot / 新浪
000688,国城矿业,33.2800000000,30.7600000000,971341563.0000000000,29595921.0000000000,0.0819200000,9.7134156300,AKShare stock_zh_a_spot / 新浪
000690,宝新能源,4.7700000000,4.7500000000,255037652.0000000000,53509183.0000000000,0.0042100000,2.5503765200,AKShare stock_zh_a_spot / 新浪
000691,亚太实业,10.5100000000,10.2800000000,82584039.0000000000,7963200.0000000000,0.0223700000,0.8258403900,AKShare stock_zh_a_spot / 新浪
000692,惠天热电,4.1900000000,4.1300000000,84453632.0000000000,20366924.0000000000,0.0145300000,0.8445363200,AKShare stock_zh_a_spot / 新浪
000695,滨海能源,13.7200000000,13.8700000000,81453418.0000000000,5922400.0000000000,-0.0108100000,0.8145341800,AKShare stock_zh_a_spot / 新浪
000697,炼石航空,8.1800000000,8.1000000000,50096839.0000000000,6137401.0000000000,0.0098800000,0.5009683900,AKShare stock_zh_a_spot / 新浪
000700,模塑科技,10.9200000000,10.7500000000,285231007.0000000000,26188690.0000000000,0.0158100000,2.8523100700,AKShare stock_zh_a_spot / 新浪
000701,厦门信达,5.0900000000,5.1100000000,68848904.0000000000,13613391.0000000000,-0.0039100000,0.6884890400,AKShare stock_zh_a_spot / 新浪
000702,正虹科技,5.4800000000,5.5300000000,33619627.0000000000,6193000.0000000000,-0.0090400000,0.3361962700,AKShare stock_zh_a_spot / 新浪
000703,恒逸石化,20.8000000000,20.1000000000,2374865003.0000000000,116239125.0000000000,0.0348300000,23.7486500300,AKShare stock_zh_a_spot / 新浪
000705,浙江震元,7.0400000000,7.1700000000,53954829.0000000000,7660599.0000000000,-0.0181300000,0.5395482900,AKShare stock_zh_a_spot / 新浪
000707,双环科技,4.6300000000,4.6200000000,28790023.0000000000,6241917.0000000000,0.0021600000,0.2879002300,AKShare stock_zh_a_spot / 新浪
000708,中信特钢,13.6400000000,14.0400000000,204886536.0000000000,14948070.0000000000,-0.0284900000,2.0488653600,AKShare stock_zh_a_spot / 新浪
000709,河钢股份,2.0700000000,2.0900000000,145587462.0000000000,70141736.0000000000,-0.0095700000,1.4558746200,AKShare stock_zh_a_spot / 新浪
000710,贝瑞基因,10.3100000000,9.3700000000,591543041.0000000000,58158200.0000000000,0.1003200000,5.9154304100,AKShare stock_zh_a_spot / 新浪
000712,锦龙股份,8.5800000000,8.5500000000,114991920.0000000000,13490178.0000000000,0.0035100000,1.1499192000,AKShare stock_zh_a_spot / 新浪
000713,国投丰乐,5.8800000000,6.0800000000,101841074.0000000000,17314033.0000000000,-0.0328900000,1.0184107400,AKShare stock_zh_a_spot / 新浪
000715,中兴商业,5.1500000000,5.1700000000,37497502.0000000000,7333389.0000000000,-0.0038700000,0.3749750200,AKShare stock_zh_a_spot / 新浪
000716,黑芝麻,4.8000000000,5.0200000000,225988463.0000000000,47029259.0000000000,-0.0438200000,2.2598846300,AKShare stock_zh_a_spot / 新浪
000717,中南股份,2.2100000000,2.2200000000,28096795.0000000000,12794362.0000000000,-0.0045000000,0.2809679500,AKShare stock_zh_a_spot / 新浪
000718,苏宁环球,1.8700000000,1.9000000000,37855330.0000000000,20241989.0000000000,-0.0157900000,0.3785533000,AKShare stock_zh_a_spot / 新浪
000719,中原传媒,12.0500000000,12.3000000000,51564818.0000000000,4276200.0000000000,-0.0203300000,0.5156481800,AKShare stock_zh_a_spot / 新浪
000720,新能泰山,3.7000000000,3.6800000000,136516075.0000000000,37563600.0000000000,0.0054300000,1.3651607500,AKShare stock_zh_a_spot / 新浪
000721,西安饮食,6.4200000000,6.5700000000,66624063.0000000000,10371031.0000000000,-0.0228300000,0.6662406300,AKShare stock_zh_a_spot / 新浪
000722,湖南发展,12.8000000000,12.9300000000,87614388.0000000000,6859382.0000000000,-0.0100500000,0.8761438800,AKShare stock_zh_a_spot / 新浪
000723,美锦能源,3.5400000000,3.6100000000,404392187.0000000000,115006831.0000000000,-0.0193900000,4.0439218700,AKShare stock_zh_a_spot / 新浪
000725,京东方Ａ,6.0000000000,5.9000000000,7789062424.0000000000,1313130817.0000000000,0.0169500000,77.8906242400,AKShare stock_zh_a_spot / 新浪
000726,鲁 泰Ａ,5.8600000000,5.9800000000,42147443.0000000000,7204794.0000000000,-0.0200700000,0.4214744300,AKShare stock_zh_a_spot / 新浪
000727,冠捷科技,2.2100000000,2.1800000000,147015564.0000000000,67253700.0000000000,0.0137600000,1.4701556400,AKShare stock_zh_a_spot / 新浪
000728,国元证券,7.0400000000,7.0400000000,83585828.0000000000,11892010.0000000000,0.0000000000,0.8358582800,AKShare stock_zh_a_spot / 新浪
000729,燕京啤酒,11.4100000000,12.2600000000,743063657.0000000000,64797894.0000000000,-0.0693300000,7.4306365700,AKShare stock_zh_a_spot / 新浪
000731,四川美丰,6.1200000000,6.1000000000,35289038.0000000000,5834439.0000000000,0.0032800000,0.3528903800,AKShare stock_zh_a_spot / 新浪
000733,振华科技,39.8500000000,39.1600000000,407634950.0000000000,10315800.0000000000,0.0176200000,4.0763495000,AKShare stock_zh_a_spot / 新浪
000735,罗 牛 山,5.4300000000,5.9800000000,677460753.0000000000,123708528.0000000000,-0.0919700000,6.7746075300,AKShare stock_zh_a_spot / 新浪
000736,中交发展,4.3500000000,4.4700000000,122705578.0000000000,28494300.0000000000,-0.0268500000,1.2270557800,AKShare stock_zh_a_spot / 新浪
000737,北方铜业,14.7000000000,14.0600000000,1481340112.0000000000,101993577.0000000000,0.0455200000,14.8134011200,AKShare stock_zh_a_spot / 新浪
000738,航发控制,17.8600000000,17.6800000000,180565021.0000000000,10211504.0000000000,0.0101800000,1.8056502100,AKShare stock_zh_a_spot / 新浪
000739,普洛药业,20.7200000000,21.9400000000,787493736.0000000000,36979594.0000000000,-0.0556100000,7.8749373600,AKShare stock_zh_a_spot / 新浪
000750,国海证券,3.6800000000,3.7000000000,108812098.0000000000,29583777.0000000000,-0.0054100000,1.0881209800,AKShare stock_zh_a_spot / 新浪
000751,锌业股份,5.1400000000,4.9300000000,351441324.0000000000,69646527.0000000000,0.0426000000,3.5144132400,AKShare stock_zh_a_spot / 新浪
000753,漳州发展,4.6600000000,4.6900000000,42983863.0000000000,9255205.0000000000,-0.0064000000,0.4298386300,AKShare stock_zh_a_spot / 新浪
000755,山西高速,4.7800000000,4.8000000000,15762486.0000000000,3311500.0000000000,-0.0041700000,0.1576248600,AKShare stock_zh_a_spot / 新浪
000756,新华制药,13.5700000000,14.5000000000,293274808.0000000000,21523421.0000000000,-0.0641400000,2.9327480800,AKShare stock_zh_a_spot / 新浪
000757,浩物股份,4.3100000000,4.2900000000,62115153.0000000000,14517800.0000000000,0.0046600000,0.6211515300,AKShare stock_zh_a_spot / 新浪
000758,中色股份,6.0700000000,5.9500000000,156884135.0000000000,26026302.0000000000,0.0201700000,1.5688413500,AKShare stock_zh_a_spot / 新浪
000759,中百集团,5.8500000000,6.1400000000,360467263.0000000000,61828121.0000000000,-0.0472300000,3.6046726300,AKShare stock_zh_a_spot / 新浪
000761,本钢板材,2.3300000000,2.3500000000,35539089.0000000000,15310400.0000000000,-0.0085100000,0.3553908900,AKShare stock_zh_a_spot / 新浪
000762,西藏矿业,23.2000000000,22.1800000000,464603168.0000000000,20230074.0000000000,0.0459900000,4.6460316800,AKShare stock_zh_a_spot / 新浪
000766,通化金马,15.8500000000,16.8600000000,478764077.0000000000,29911984.0000000000,-0.0599100000,4.7876407700,AKShare stock_zh_a_spot / 新浪
000767,晋控电力,3.4400000000,3.4100000000,221289241.0000000000,65013700.0000000000,0.0088000000,2.2128924100,AKShare stock_zh_a_spot / 新浪
000768,中航西飞,20.9600000000,20.9400000000,242569770.0000000000,11583241.0000000000,0.0009600000,2.4256977000,AKShare stock_zh_a_spot / 新浪
000776,广发证券,20.5600000000,20.3000000000,699038307.0000000000,34154677.0000000000,0.0128100000,6.9903830700,AKShare stock_zh_a_spot / 新浪
000777,中核科技,16.8500000000,16.7500000000,61971054.0000000000,3699981.0000000000,0.0059700000,0.6197105400,AKShare stock_zh_a_spot / 新浪
000778,新兴铸管,3.6900000000,3.7000000000,104094004.0000000000,28253592.0000000000,-0.0027000000,1.0409400400,AKShare stock_zh_a_spot / 新浪
000779,甘咨询,9.7300000000,9.5500000000,653372351.0000000000,66803970.0000000000,0.0188500000,6.5337235100,AKShare stock_zh_a_spot / 新浪
000782,恒申新材,7.7100000000,7.7800000000,131451871.0000000000,17135958.0000000000,-0.0090000000,1.3145187100,AKShare stock_zh_a_spot / 新浪
000783,长江证券,8.6000000000,8.5400000000,523239378.0000000000,61131052.0000000000,0.0070300000,5.2323937800,AKShare stock_zh_a_spot / 新浪
000785,居然智家,2.2200000000,2.2500000000,89018115.0000000000,40310523.0000000000,-0.0133300000,0.8901811500,AKShare stock_zh_a_spot / 新浪
000786,北新建材,16.9800000000,18.6500000000,1070218074.0000000000,63261518.0000000000,-0.0895400000,10.7021807400,AKShare stock_zh_a_spot / 新浪
000788,北大医药,5.6300000000,5.8900000000,230410763.0000000000,40771539.0000000000,-0.0441400000,2.3041076300,AKShare stock_zh_a_spot / 新浪
000789,万年青,4.0900000000,4.1000000000,16098518.0000000000,3981800.0000000000,-0.0024400000,0.1609851800,AKShare stock_zh_a_spot / 新浪
000790,华神科技,4.0800000000,4.2000000000,73163386.0000000000,17998891.0000000000,-0.0285700000,0.7316338600,AKShare stock_zh_a_spot / 新浪
000791,甘肃能源,7.2000000000,7.2100000000,75104355.0000000000,10449075.0000000000,-0.0013900000,0.7510435500,AKShare stock_zh_a_spot / 新浪
000792,盐湖股份,28.8100000000,27.9300000000,2200771412.0000000000,77054038.0000000000,0.0315100000,22.0077141200,AKShare stock_zh_a_spot / 新浪
000795,英洛华,8.4100000000,8.3900000000,55445132.0000000000,6623100.0000000000,0.0023800000,0.5544513200,AKShare stock_zh_a_spot / 新浪
000796,凯撒旅业,3.8500000000,3.8500000000,114823944.0000000000,30126600.0000000000,0.0000000000,1.1482394400,AKShare stock_zh_a_spot / 新浪
000797,中国武夷,2.4000000000,2.4300000000,46203801.0000000000,19380227.0000000000,-0.0123500000,0.4620380100,AKShare stock_zh_a_spot / 新浪
000798,中水渔业,8.7200000000,8.4800000000,151885325.0000000000,17526721.0000000000,0.0283000000,1.5188532500,AKShare stock_zh_a_spot / 新浪
000799,酒鬼酒,38.5200000000,38.7700000000,150620999.0000000000,3928908.0000000000,-0.0064500000,1.5062099900,AKShare stock_zh_a_spot / 新浪
000800,一汽解放,6.1300000000,6.1800000000,51192561.0000000000,8345056.0000000000,-0.0080900000,0.5119256100,AKShare stock_zh_a_spot / 新浪
000801,四川九洲,11.1000000000,11.0000000000,83778727.0000000000,7576089.0000000000,0.0090900000,0.8377872700,AKShare stock_zh_a_spot / 新浪
000802,北京文化,3.9900000000,4.1300000000,433407631.0000000000,107853275.0000000000,-0.0339000000,4.3340763100,AKShare stock_zh_a_spot / 新浪
000803,山高环能,7.4200000000,7.3100000000,96290890.0000000000,13155245.0000000000,0.0150500000,0.9629089000,AKShare stock_zh_a_spot / 新浪
000807,云铝股份,25.8800000000,25.2600000000,1670967909.0000000000,65051523.0000000000,0.0245400000,16.7096790900,AKShare stock_zh_a_spot / 新浪
000809,和展能源,3.4400000000,3.4400000000,39994521.0000000000,11798768.0000000000,0.0000000000,0.3999452100,AKShare stock_zh_a_spot / 新浪
000810,创维数字,9.4200000000,9.4100000000,84510676.0000000000,9020124.0000000000,0.0010600000,0.8451067600,AKShare stock_zh_a_spot / 新浪
000811,冰轮环境,41.0100000000,39.2500000000,1624689611.0000000000,39575451.0000000000,0.0448400000,16.2468961100,AKShare stock_zh_a_spot / 新浪
000812,陕西金叶,3.5700000000,3.5900000000,45723280.0000000000,12950153.0000000000,-0.0055700000,0.4572328000,AKShare stock_zh_a_spot / 新浪
000813,德展健康,3.2700000000,3.4800000000,244840388.0000000000,73867026.0000000000,-0.0603400000,2.4484038800,AKShare stock_zh_a_spot / 新浪
000815,美利云,16.4800000000,16.1100000000,970908137.0000000000,59933199.0000000000,0.0229700000,9.7090813700,AKShare stock_zh_a_spot / 新浪
000816,智慧农业,2.7800000000,2.7900000000,73811559.0000000000,26718138.0000000000,-0.0035800000,0.7381155900,AKShare stock_zh_a_spot / 新浪
000818,航锦科技,12.0200000000,11.9600000000,164956044.0000000000,13881904.0000000000,0.0050200000,1.6495604400,AKShare stock_zh_a_spot / 新浪
000819,岳阳兴长,11.9100000000,11.9200000000,41855928.0000000000,3536222.0000000000,-0.0008400000,0.4185592800,AKShare stock_zh_a_spot / 新浪
000820,神雾节能,3.5100000000,3.4000000000,80211343.0000000000,23279456.0000000000,0.0323500000,0.8021134300,AKShare stock_zh_a_spot / 新浪
000822,山东海化,4.3300000000,4.3500000000,34289040.0000000000,7951100.0000000000,-0.0046000000,0.3428904000,AKShare stock_zh_a_spot / 新浪
000823,超声电子,15.1000000000,14.6900000000,586175420.0000000000,39369556.0000000000,0.0279100000,5.8617542000,AKShare stock_zh_a_spot / 新浪
000825,太钢不锈,3.4100000000,3.4100000000,78938239.0000000000,23269344.0000000000,0.0000000000,0.7893823900,AKShare stock_zh_a_spot / 新浪
000828,东莞控股,9.4900000000,9.5400000000,73628078.0000000000,7775710.0000000000,-0.0052400000,0.7362807800,AKShare stock_zh_a_spot / 新浪
000829,天音控股,8.3100000000,8.2100000000,143790633.0000000000,17423052.0000000000,0.0121800000,1.4379063300,AKShare stock_zh_a_spot / 新浪
000830,鲁西化工,11.9100000000,11.8800000000,202012516.0000000000,17073171.0000000000,0.0025300000,2.0201251600,AKShare stock_zh_a_spot / 新浪
000831,中国稀土,56.3300000000,57.9500000000,2213142519.0000000000,39521305.0000000000,-0.0279600000,22.1314251900,AKShare stock_zh_a_spot / 新浪
000833,粤桂股份,21.6500000000,21.0400000000,596716703.0000000000,27835086.0000000000,0.0289900000,5.9671670300,AKShare stock_zh_a_spot / 新浪
000837,秦川机床,10.0500000000,10.0700000000,170784703.0000000000,16968503.0000000000,-0.0019900000,1.7078470300,AKShare stock_zh_a_spot / 新浪
000839,国安股份,2.6800000000,2.7000000000,104248488.0000000000,39218750.0000000000,-0.0074100000,1.0424848800,AKShare stock_zh_a_spot / 新浪
000848,承德露露,8.2800000000,8.4300000000,120023825.0000000000,14532810.0000000000,-0.0177900000,1.2002382500,AKShare stock_zh_a_spot / 新浪
000850,华茂股份,4.1800000000,4.1900000000,30766400.0000000000,7401278.0000000000,-0.0023900000,0.3076640000,AKShare stock_zh_a_spot / 新浪
000852,石化机械,5.2600000000,5.2400000000,104062573.0000000000,19843561.0000000000,0.0038200000,1.0406257300,AKShare stock_zh_a_spot / 新浪
000856,冀东装备,8.5300000000,8.2800000000,123724837.0000000000,14534300.0000000000,0.0301900000,1.2372483700,AKShare stock_zh_a_spot / 新浪
000858,五 粮 液,71.1900000000,72.0900000000,1405498852.0000000000,19709758.0000000000,-0.0124800000,14.0549885200,AKShare stock_zh_a_spot / 新浪
000859,国风新材,8.8700000000,8.8300000000,220775401.0000000000,24979328.0000000000,0.0045300000,2.2077540100,AKShare stock_zh_a_spot / 新浪
000860,顺鑫农业,10.2500000000,10.4600000000,60465026.0000000000,5888160.0000000000,-0.0200800000,0.6046502600,AKShare stock_zh_a_spot / 新浪
000862,银星能源,5.1500000000,5.1200000000,53737040.0000000000,10511226.0000000000,0.0058600000,0.5373704000,AKShare stock_zh_a_spot / 新浪
000863,三湘印象,4.2100000000,4.0900000000,84940626.0000000000,20581273.0000000000,0.0293400000,0.8494062600,AKShare stock_zh_a_spot / 新浪
000868,安凯客车,3.4900000000,3.4800000000,42201503.0000000000,12243200.0000000000,0.0028700000,0.4220150300,AKShare stock_zh_a_spot / 新浪
000869,张 裕Ａ,16.0000000000,17.3500000000,83023752.0000000000,5117821.0000000000,-0.0778100000,0.8302375200,AKShare stock_zh_a_spot / 新浪
000875,电投绿能,4.9400000000,4.9600000000,91861151.0000000000,18610425.0000000000,-0.0040300000,0.9186115100,AKShare stock_zh_a_spot / 新浪
000876,新 希 望,6.9000000000,7.0300000000,216301232.0000000000,31402051.0000000000,-0.0184900000,2.1630123200,AKShare stock_zh_a_spot / 新浪
000877,天山股份,3.6500000000,3.6900000000,29986335.0000000000,8241700.0000000000,-0.0108400000,0.2998633500,AKShare stock_zh_a_spot / 新浪
000878,云南铜业,16.5800000000,16.0900000000,635422787.0000000000,38776615.0000000000,0.0304500000,6.3542278700,AKShare stock_zh_a_spot / 新浪
000880,潍柴重机,23.6400000000,23.5100000000,187265933.0000000000,7945797.0000000000,0.0055300000,1.8726593300,AKShare stock_zh_a_spot / 新浪
000881,中广核技,6.4500000000,6.4800000000,29694708.0000000000,4624133.0000000000,-0.0046300000,0.2969470800,AKShare stock_zh_a_spot / 新浪
000882,华联股份,1.4300000000,1.4500000000,62140067.0000000000,43642400.0000000000,-0.0137900000,0.6214006700,AKShare stock_zh_a_spot / 新浪
000883,湖北能源,4.4300000000,4.4500000000,69780988.0000000000,15808370.0000000000,-0.0044900000,0.6978098800,AKShare stock_zh_a_spot / 新浪
000885,城发环境,12.3000000000,13.0200000000,149465462.0000000000,12213882.0000000000,-0.0553000000,1.4946546200,AKShare stock_zh_a_spot / 新浪
000886,海南高速,4.5400000000,4.5500000000,49752904.0000000000,11040280.0000000000,-0.0022000000,0.4975290400,AKShare stock_zh_a_spot / 新浪
000887,中鼎股份,22.4100000000,22.1500000000,1140288842.0000000000,51202360.0000000000,0.0117400000,11.4028884200,AKShare stock_zh_a_spot / 新浪
000888,峨眉山Ａ,9.7700000000,9.8600000000,81990912.0000000000,8421765.0000000000,-0.0091300000,0.8199091200,AKShare stock_zh_a_spot / 新浪
000889,中嘉博创,3.8600000000,3.8200000000,101719160.0000000000,26723000.0000000000,0.0104700000,1.0171916000,AKShare stock_zh_a_spot / 新浪
000890,法尔胜,7.3000000000,7.1100000000,114832819.0000000000,15933900.0000000000,0.0267200000,1.1483281900,AKShare stock_zh_a_spot / 新浪
000892,欢瑞世纪,3.7400000000,3.7600000000,92400068.0000000000,24819041.0000000000,-0.0053200000,0.9240006800,AKShare stock_zh_a_spot / 新浪
000893,亚钾国际,47.3700000000,47.8200000000,455871543.0000000000,9594742.0000000000,-0.0094100000,4.5587154300,AKShare stock_zh_a_spot / 新浪
000895,双汇发展,24.9000000000,25.0800000000,169240604.0000000000,6783536.0000000000,-0.0071800000,1.6924060400,AKShare stock_zh_a_spot / 新浪
000897,津滨发展,1.7600000000,1.7900000000,57464529.0000000000,32815090.0000000000,-0.0167600000,0.5746452900,AKShare stock_zh_a_spot / 新浪
000898,鞍钢股份,2.0000000000,2.0000000000,52130385.0000000000,26261378.0000000000,0.0000000000,0.5213038500,AKShare stock_zh_a_spot / 新浪
000899,赣能股份,9.9600000000,10.0500000000,74567912.0000000000,7497199.0000000000,-0.0089600000,0.7456791200,AKShare stock_zh_a_spot / 新浪
000900,现代投资,3.6100000000,3.6700000000,44641804.0000000000,12323405.0000000000,-0.0163500000,0.4464180400,AKShare stock_zh_a_spot / 新浪
000901,航天科技,13.6600000000,13.6000000000,145381648.0000000000,10697002.0000000000,0.0044100000,1.4538164800,AKShare stock_zh_a_spot / 新浪
000902,新洋丰,13.6200000000,13.6900000000,118614884.0000000000,8695128.0000000000,-0.0051100000,1.1861488400,AKShare stock_zh_a_spot / 新浪
000905,厦门港务,8.5700000000,8.5100000000,51466772.0000000000,6043592.0000000000,0.0070500000,0.5146677200,AKShare stock_zh_a_spot / 新浪
000906,浙商中拓,5.3000000000,5.3300000000,19543056.0000000000,3697394.0000000000,-0.0056300000,0.1954305600,AKShare stock_zh_a_spot / 新浪
000908,石药景峰,6.6900000000,7.0000000000,157974442.0000000000,23563100.0000000000,-0.0442900000,1.5797444200,AKShare stock_zh_a_spot / 新浪
000910,大亚圣象,5.3200000000,5.3800000000,19231543.0000000000,3633400.0000000000,-0.0111500000,0.1923154300,AKShare stock_zh_a_spot / 新浪
000912,泸天化,3.7500000000,3.7300000000,87026817.0000000000,23400394.0000000000,0.0053600000,0.8702681700,AKShare stock_zh_a_spot / 新浪
000913,钱江摩托,11.2400000000,11.3600000000,35678103.0000000000,3165100.0000000000,-0.0105600000,0.3567810300,AKShare stock_zh_a_spot / 新浪
000915,华特达因,23.7000000000,26.2000000000,335774212.0000000000,14071056.0000000000,-0.0954200000,3.3577421200,AKShare stock_zh_a_spot / 新浪
000917,电广传媒,7.0600000000,6.8600000000,159636624.0000000000,23221902.0000000000,0.0291500000,1.5963662400,AKShare stock_zh_a_spot / 新浪
000919,金陵药业,6.6400000000,7.0500000000,226205892.0000000000,34038218.0000000000,-0.0581600000,2.2620589200,AKShare stock_zh_a_spot / 新浪
000920,沃顿科技,11.5000000000,11.0900000000,130177902.0000000000,11401320.0000000000,0.0369700000,1.3017790200,AKShare stock_zh_a_spot / 新浪
000921,海信家电,25.0000000000,25.6300000000,130858160.0000000000,5196078.0000000000,-0.0245800000,1.3085816000,AKShare stock_zh_a_spot / 新浪
000922,佳电股份,12.0500000000,11.8300000000,129970291.0000000000,10934926.0000000000,0.0186000000,1.2997029100,AKShare stock_zh_a_spot / 新浪
000923,河钢资源,15.1900000000,15.2500000000,132821645.0000000000,8756752.0000000000,-0.0039300000,1.3282164500,AKShare stock_zh_a_spot / 新浪
000925,众合科技,8.1500000000,7.8500000000,223424503.0000000000,27965005.0000000000,0.0382200000,2.2342450300,AKShare stock_zh_a_spot / 新浪
000926,福星股份,2.2600000000,2.2800000000,171641191.0000000000,75674700.0000000000,-0.0087700000,1.7164119100,AKShare stock_zh_a_spot / 新浪
000927,中国铁物,2.4000000000,2.4300000000,84212749.0000000000,35046588.0000000000,-0.0123500000,0.8421274900,AKShare stock_zh_a_spot / 新浪
000928,中钢国际,4.9400000000,4.9700000000,38330328.0000000000,7775380.0000000000,-0.0060400000,0.3833032800,AKShare stock_zh_a_spot / 新浪
000929,兰州黄河,8.9800000000,8.9400000000,20108540.0000000000,2251100.0000000000,0.0044700000,0.2010854000,AKShare stock_zh_a_spot / 新浪
000930,中粮科技,4.7200000000,4.8500000000,114033688.0000000000,24179487.0000000000,-0.0268000000,1.1403368800,AKShare stock_zh_a_spot / 新浪
000931,中 关 村,5.0900000000,4.6300000000,318517401.0000000000,62728450.0000000000,0.0993500000,3.1851740100,AKShare stock_zh_a_spot / 新浪
000932,华菱钢铁,3.5900000000,3.5900000000,210971610.0000000000,59083918.0000000000,0.0000000000,2.1097161000,AKShare stock_zh_a_spot / 新浪
000933,神火股份,25.7800000000,25.2500000000,1052930897.0000000000,41274803.0000000000,0.0209900000,10.5293089700,AKShare stock_zh_a_spot / 新浪
000935,四川双马,22.7400000000,23.2600000000,83071770.0000000000,3650435.0000000000,-0.0223600000,0.8307177000,AKShare stock_zh_a_spot / 新浪
000936,华西股份,5.4900000000,5.5200000000,198768929.0000000000,36631600.0000000000,-0.0054300000,1.9876892900,AKShare stock_zh_a_spot / 新浪
000937,冀中能源,4.7000000000,4.6900000000,100545303.0000000000,21377847.0000000000,0.0021300000,1.0054530300,AKShare stock_zh_a_spot / 新浪
000938,紫光股份,36.4400000000,35.6600000000,5509755645.0000000000,152479170.0000000000,0.0218700000,55.0975564500,AKShare stock_zh_a_spot / 新浪
000948,南天信息,13.9200000000,13.7400000000,163323962.0000000000,11823800.0000000000,0.0131000000,1.6332396200,AKShare stock_zh_a_spot / 新浪
000949,新乡化纤,6.9200000000,6.6400000000,443149258.0000000000,65128787.0000000000,0.0421700000,4.4314925800,AKShare stock_zh_a_spot / 新浪
000950,重药控股,5.4800000000,5.7700000000,313336889.0000000000,56736726.0000000000,-0.0502600000,3.1333688900,AKShare stock_zh_a_spot / 新浪
000951,中国重汽,21.1700000000,21.9300000000,180313853.0000000000,8490604.0000000000,-0.0346600000,1.8031385300,AKShare stock_zh_a_spot / 新浪
000952,广济药业,6.3800000000,6.5600000000,64032698.0000000000,10009240.0000000000,-0.0274400000,0.6403269800,AKShare stock_zh_a_spot / 新浪
000953,中哲精化,6.2500000000,6.2400000000,52822255.0000000000,8572600.0000000000,0.0016000000,0.5282225500,AKShare stock_zh_a_spot / 新浪
000955,欣龙控股,4.1700000000,4.2200000000,40308883.0000000000,9697300.0000000000,-0.0118500000,0.4030888300,AKShare stock_zh_a_spot / 新浪
000957,中通客车,10.2700000000,10.3500000000,63667871.0000000000,6242336.0000000000,-0.0077300000,0.6366787100,AKShare stock_zh_a_spot / 新浪
000958,电投产融,5.2500000000,5.2800000000,58060411.0000000000,11089900.0000000000,-0.0056800000,0.5806041100,AKShare stock_zh_a_spot / 新浪
000959,首钢股份,3.4700000000,3.5000000000,69973217.0000000000,20213520.0000000000,-0.0085700000,0.6997321700,AKShare stock_zh_a_spot / 新浪
000960,锡业股份,37.1000000000,36.9500000000,1480175051.0000000000,40013027.0000000000,0.0040600000,14.8017505100,AKShare stock_zh_a_spot / 新浪
000962,东方钽业,53.0100000000,51.8000000000,1018357523.0000000000,19405353.0000000000,0.0233600000,10.1835752300,AKShare stock_zh_a_spot / 新浪
000963,华东医药,28.1000000000,29.9200000000,1570298770.0000000000,55310486.0000000000,-0.0608300000,15.7029877000,AKShare stock_zh_a_spot / 新浪
000965,天保基建,3.1500000000,3.2100000000,49617748.0000000000,15881349.0000000000,-0.0186900000,0.4961774800,AKShare stock_zh_a_spot / 新浪
000966,长源电力,3.9700000000,3.9600000000,110065255.0000000000,27845076.0000000000,0.0025300000,1.1006525500,AKShare stock_zh_a_spot / 新浪
000967,盈峰环境,8.3300000000,8.2000000000,511502661.0000000000,62383039.0000000000,0.0158500000,5.1150266100,AKShare stock_zh_a_spot / 新浪
000968,蓝焰控股,7.1700000000,6.9800000000,382666331.0000000000,52840031.0000000000,0.0272200000,3.8266633100,AKShare stock_zh_a_spot / 新浪
000969,安泰科技,16.6800000000,16.4600000000,256488652.0000000000,15438715.0000000000,0.0133700000,2.5648865200,AKShare stock_zh_a_spot / 新浪
000970,中科三环,12.4000000000,12.4100000000,240150990.0000000000,19484570.0000000000,-0.0008100000,2.4015099000,AKShare stock_zh_a_spot / 新浪
000972,中基健康,3.6400000000,3.6000000000,49803612.0000000000,13871824.0000000000,0.0111100000,0.4980361200,AKShare stock_zh_a_spot / 新浪
000973,佛塑科技,14.4300000000,14.4000000000,789137390.0000000000,54959346.0000000000,0.0020800000,7.8913739000,AKShare stock_zh_a_spot / 新浪
000975,山金国际,28.5800000000,27.9000000000,2032401883.0000000000,71647354.0000000000,0.0243700000,20.3240188300,AKShare stock_zh_a_spot / 新浪
000977,浪潮信息,76.3500000000,75.0800000000,3964558425.0000000000,52176188.0000000000,0.0169200000,39.6455842500,AKShare stock_zh_a_spot / 新浪
000978,桂林旅游,6.1100000000,6.1400000000,39320909.0000000000,6460900.0000000000,-0.0048900000,0.3932090900,AKShare stock_zh_a_spot / 新浪
000980,众泰汽车,1.6600000000,1.6200000000,141053163.0000000000,86562900.0000000000,0.0246900000,1.4105316300,AKShare stock_zh_a_spot / 新浪
000981,山子高科,2.6500000000,2.6200000000,380482062.0000000000,144945388.0000000000,0.0114500000,3.8048206200,AKShare stock_zh_a_spot / 新浪
000983,山西焦煤,7.3200000000,6.9900000000,911724434.0000000000,126481689.0000000000,0.0472100000,9.1172443400,AKShare stock_zh_a_spot / 新浪
000985,大庆华科,16.4300000000,15.9700000000,36126232.0000000000,2228443.0000000000,0.0288000000,0.3612623200,AKShare stock_zh_a_spot / 新浪
000987,越秀资本,7.4300000000,7.4100000000,122244304.0000000000,16538671.0000000000,0.0027000000,1.2224430400,AKShare stock_zh_a_spot / 新浪
000988,华工科技,106.7800000000,104.1800000000,3698670968.0000000000,34757473.0000000000,0.0249600000,36.9867096800,AKShare stock_zh_a_spot / 新浪
000989,九芝堂,9.0400000000,9.5200000000,350601821.0000000000,38583700.0000000000,-0.0504200000,3.5060182100,AKShare stock_zh_a_spot / 新浪
000990,诚志股份,6.3900000000,6.5700000000,304626938.0000000000,47932126.0000000000,-0.0274000000,3.0462693800,AKShare stock_zh_a_spot / 新浪
000993,闽东电力,9.7100000000,9.7600000000,44232703.0000000000,4568738.0000000000,-0.0051200000,0.4423270300,AKShare stock_zh_a_spot / 新浪
000995,皇台酒业,10.6500000000,10.5800000000,63045294.0000000000,5976100.0000000000,0.0066200000,0.6304529400,AKShare stock_zh_a_spot / 新浪
000997,新 大 陆,18.4200000000,18.1300000000,386155830.0000000000,21188484.0000000000,0.0160000000,3.8615583000,AKShare stock_zh_a_spot / 新浪
000998,隆平高科,8.3500000000,8.8400000000,480488345.0000000000,57417311.0000000000,-0.0554300000,4.8048834500,AKShare stock_zh_a_spot / 新浪
000999,华润三九,24.1400000000,25.0600000000,392967041.0000000000,16117197.0000000000,-0.0367100000,3.9296704100,AKShare stock_zh_a_spot / 新浪
001201,东瑞股份,11.8600000000,12.0000000000,28934238.0000000000,2442340.0000000000,-0.0116700000,0.2893423800,AKShare stock_zh_a_spot / 新浪
001202,炬申股份,13.6700000000,13.6200000000,20583817.0000000000,1522230.0000000000,0.0036700000,0.2058381700,AKShare stock_zh_a_spot / 新浪
001203,大中矿业,28.3600000000,26.4500000000,1531102015.0000000000,54007721.0000000000,0.0722100000,15.3110201500,AKShare stock_zh_a_spot / 新浪
001205,盛航股份,14.4700000000,14.4100000000,38546226.0000000000,2679200.0000000000,0.0041600000,0.3854622600,AKShare stock_zh_a_spot / 新浪
001206,依依股份,16.4900000000,16.9500000000,76125477.0000000000,4622702.0000000000,-0.0271400000,0.7612547700,AKShare stock_zh_a_spot / 新浪
001207,联科科技,16.7100000000,16.9500000000,74781205.0000000000,4459724.0000000000,-0.0141600000,0.7478120500,AKShare stock_zh_a_spot / 新浪
001208,华菱线缆,13.5800000000,13.4600000000,177122075.0000000000,13142708.0000000000,0.0089200000,1.7712207500,AKShare stock_zh_a_spot / 新浪
001209,洪兴股份,17.8600000000,17.5200000000,36824039.0000000000,2096500.0000000000,0.0194100000,0.3682403900,AKShare stock_zh_a_spot / 新浪
001210,金房能源,28.6500000000,29.7600000000,523717638.0000000000,18441027.0000000000,-0.0373000000,5.2371763800,AKShare stock_zh_a_spot / 新浪
001211,双枪科技,24.3200000000,23.8700000000,135332674.0000000000,5579377.0000000000,0.0188500000,1.3533267400,AKShare stock_zh_a_spot / 新浪
001212,中旗新材,33.7000000000,33.6900000000,87780571.0000000000,2615024.0000000000,0.0003000000,0.8778057100,AKShare stock_zh_a_spot / 新浪
001213,中铁特货,3.4800000000,3.5200000000,20355336.0000000000,5835862.0000000000,-0.0113600000,0.2035533600,AKShare stock_zh_a_spot / 新浪
001215,千味央厨,31.6700000000,31.6600000000,42351120.0000000000,1352911.0000000000,0.0003200000,0.4235112000,AKShare stock_zh_a_spot / 新浪
001216,华瓷股份,14.5000000000,14.5300000000,17226015.0000000000,1192991.0000000000,-0.0020600000,0.1722601500,AKShare stock_zh_a_spot / 新浪
001217,华尔泰,10.0100000000,9.9600000000,32245994.0000000000,3259184.0000000000,0.0050200000,0.3224599400,AKShare stock_zh_a_spot / 新浪
001218,丽臣实业,24.3300000000,24.3200000000,54678904.0000000000,2269984.0000000000,0.0004100000,0.5467890400,AKShare stock_zh_a_spot / 新浪
001219,青岛食品,12.6100000000,12.7000000000,46144521.0000000000,3700137.0000000000,-0.0070900000,0.4614452100,AKShare stock_zh_a_spot / 新浪
001220,世盟股份,31.3000000000,31.1400000000,16806354.0000000000,542374.0000000000,0.0051400000,0.1680635400,AKShare stock_zh_a_spot / 新浪
001221,悍高集团,41.5200000000,43.5900000000,161452796.0000000000,3852662.0000000000,-0.0474900000,1.6145279600,AKShare stock_zh_a_spot / 新浪
001222,源飞宠物,14.5000000000,14.7700000000,51634726.0000000000,3581294.0000000000,-0.0182800000,0.5163472600,AKShare stock_zh_a_spot / 新浪
001223,欧克科技,40.6800000000,40.7900000000,70155866.0000000000,1716720.0000000000,-0.0027000000,0.7015586600,AKShare stock_zh_a_spot / 新浪
001225,和泰机电,46.9100000000,46.5700000000,146545080.0000000000,3208200.0000000000,0.0073000000,1.4654508000,AKShare stock_zh_a_spot / 新浪
001226,拓山重工,47.2700000000,46.2400000000,59192609.0000000000,1259500.0000000000,0.0222800000,0.5919260900,AKShare stock_zh_a_spot / 新浪
001227,兰州银行,2.1100000000,2.1300000000,121477785.0000000000,57562381.0000000000,-0.0093900000,1.2147778500,AKShare stock_zh_a_spot / 新浪
001228,永泰运,28.7200000000,27.1600000000,104032039.0000000000,3678000.0000000000,0.0574400000,1.0403203900,AKShare stock_zh_a_spot / 新浪
001229,魅视科技,45.3500000000,47.0000000000,238811810.0000000000,5255927.0000000000,-0.0351100000,2.3881181000,AKShare stock_zh_a_spot / 新浪
001230,劲旅环境,21.4200000000,21.6200000000,97327406.0000000000,4527441.0000000000,-0.0092500000,0.9732740600,AKShare stock_zh_a_spot / 新浪
001231,农心科技,21.1300000000,21.3700000000,36243779.0000000000,1724200.0000000000,-0.0112300000,0.3624377900,AKShare stock_zh_a_spot / 新浪
001232,嘉立创,149.8600000000,149.9100000000,479979522.0000000000,3210983.0000000000,-0.0003300000,4.7997952200,AKShare stock_zh_a_spot / 新浪
001233,海安集团,44.0700000000,44.3500000000,51451435.0000000000,1176131.0000000000,-0.0063100000,0.5145143500,AKShare stock_zh_a_spot / 新浪
001234,泰慕士,22.4400000000,22.7500000000,34775120.0000000000,1546999.0000000000,-0.0136300000,0.3477512000,AKShare stock_zh_a_spot / 新浪
001236,弘业期货,7.5300000000,7.4700000000,58300229.0000000000,7766000.0000000000,0.0080300000,0.5830022900,AKShare stock_zh_a_spot / 新浪
001237,惠康科技,52.1700000000,52.3800000000,47430455.0000000000,913068.0000000000,-0.0040100000,0.4743045500,AKShare stock_zh_a_spot / 新浪
001238,浙江正特,25.0900000000,25.3000000000,13696092.0000000000,546382.0000000000,-0.0083000000,0.1369609200,AKShare stock_zh_a_spot / 新浪
001239,永达股份,11.9600000000,12.0800000000,15993597.0000000000,1339916.0000000000,-0.0099300000,0.1599359700,AKShare stock_zh_a_spot / 新浪
001248,华润新能,12.1800000000,12.2400000000,395145710.0000000000,32512471.0000000000,-0.0049000000,3.9514571000,AKShare stock_zh_a_spot / 新浪
001255,博菲电气,26.1100000000,25.8000000000,20557135.0000000000,796600.0000000000,0.0120200000,0.2055713500,AKShare stock_zh_a_spot / 新浪
001256,炜冈科技,23.2300000000,23.3500000000,62480613.0000000000,2695046.0000000000,-0.0051400000,0.6248061300,AKShare stock_zh_a_spot / 新浪
001257,盛龙股份,25.2000000000,24.1500000000,323228068.0000000000,13150973.0000000000,0.0434800000,3.2322806800,AKShare stock_zh_a_spot / 新浪
001258,立新能源,12.2100000000,12.3100000000,1235159677.0000000000,102267932.0000000000,-0.0081200000,12.3515967700,AKShare stock_zh_a_spot / 新浪
001259,利仁科技,46.3400000000,46.0200000000,55777942.0000000000,1216400.0000000000,0.0069500000,0.5577794200,AKShare stock_zh_a_spot / 新浪
001260,坤泰股份,17.6700000000,17.2000000000,70572193.0000000000,4048479.0000000000,0.0273300000,0.7057219300,AKShare stock_zh_a_spot / 新浪
001266,宏英智能,34.3800000000,33.7500000000,55149333.0000000000,1622048.0000000000,0.0186700000,0.5514933300,AKShare stock_zh_a_spot / 新浪
001267,汇绿生态,37.4700000000,37.0100000000,910572957.0000000000,24293356.0000000000,0.0124300000,9.1057295700,AKShare stock_zh_a_spot / 新浪
001268,联合精密,20.3800000000,20.1200000000,44520246.0000000000,2198020.0000000000,0.0129200000,0.4452024600,AKShare stock_zh_a_spot / 新浪
001269,欧晶科技,19.1100000000,18.9900000000,28519516.0000000000,1498900.0000000000,0.0063200000,0.2851951600,AKShare stock_zh_a_spot / 新浪
001270,铖昌科技,103.9000000000,100.1600000000,988362292.0000000000,9498333.0000000000,0.0373400000,9.8836229200,AKShare stock_zh_a_spot / 新浪
001277,速达股份,35.4300000000,36.2700000000,529328787.0000000000,13771745.0000000000,-0.0231600000,5.2932878700,AKShare stock_zh_a_spot / 新浪
001278,一彬科技,16.0300000000,15.9900000000,33498073.0000000000,2105100.0000000000,0.0025000000,0.3349807300,AKShare stock_zh_a_spot / 新浪
001279,强邦新材,25.1600000000,25.3100000000,14104661.0000000000,564000.0000000000,-0.0059300000,0.1410466100,AKShare stock_zh_a_spot / 新浪
001280,中国铀业,67.0300000000,67.5500000000,319400901.0000000000,4769393.0000000000,-0.0077000000,3.1940090100,AKShare stock_zh_a_spot / 新浪
001282,三联锻造,15.9100000000,15.8000000000,23783558.0000000000,1503176.0000000000,0.0069600000,0.2378355800,AKShare stock_zh_a_spot / 新浪
001283,豪鹏科技,43.7500000000,43.4500000000,108172606.0000000000,2473292.0000000000,0.0069000000,1.0817260600,AKShare stock_zh_a_spot / 新浪
001285,瑞立科密,40.4100000000,40.0900000000,32163392.0000000000,800416.0000000000,0.0079800000,0.3216339200,AKShare stock_zh_a_spot / 新浪
001286,陕西能源,9.5100000000,10.5600000000,724965710.0000000000,75489660.0000000000,-0.0994300000,7.2496571000,AKShare stock_zh_a_spot / 新浪
001287,中电港,22.9700000000,23.1500000000,516738042.0000000000,22412806.0000000000,-0.0077800000,5.1673804200,AKShare stock_zh_a_spot / 新浪
001288,运机集团,25.5400000000,24.0100000000,122005084.0000000000,4856900.0000000000,0.0637200000,1.2200508400,AKShare stock_zh_a_spot / 新浪
001289,龙源电力,15.6400000000,15.6300000000,55267652.0000000000,3552921.0000000000,0.0006400000,0.5526765200,AKShare stock_zh_a_spot / 新浪
001296,长江材料,19.4700000000,19.4800000000,31071369.0000000000,1603559.0000000000,-0.0005100000,0.3107136900,AKShare stock_zh_a_spot / 新浪
001298,好上好,17.4900000000,17.4900000000,75631561.0000000000,4344770.0000000000,0.0000000000,0.7563156100,AKShare stock_zh_a_spot / 新浪
001299,美能能源,10.1300000000,9.9100000000,41148907.0000000000,4107786.0000000000,0.0222000000,0.4114890700,AKShare stock_zh_a_spot / 新浪
001300,三柏硕,11.2800000000,11.1900000000,29295189.0000000000,2627936.0000000000,0.0080400000,0.2929518900,AKShare stock_zh_a_spot / 新浪
001301,尚太科技,63.2000000000,64.1800000000,504983544.0000000000,7910670.0000000000,-0.0152700000,5.0498354400,AKShare stock_zh_a_spot / 新浪
001306,夏厦精密,53.5600000000,53.3000000000,26564351.0000000000,498450.0000000000,0.0048800000,0.2656435100,AKShare stock_zh_a_spot / 新浪
001308,康冠科技,17.9000000000,17.9600000000,19920469.0000000000,1115800.0000000000,-0.0033400000,0.1992046900,AKShare stock_zh_a_spot / 新浪
001309,德明利,415.1200000000,398.1000000000,6207753486.0000000000,15218364.0000000000,0.0427500000,62.0775348600,AKShare stock_zh_a_spot / 新浪
001311,多利科技,17.7800000000,17.8600000000,54418004.0000000000,3058581.0000000000,-0.0044800000,0.5441800400,AKShare stock_zh_a_spot / 新浪
001312,福恩股份,17.3500000000,17.5200000000,21440248.0000000000,1238316.0000000000,-0.0097000000,0.2144024800,AKShare stock_zh_a_spot / 新浪
001313,粤海饲料,7.8400000000,7.9100000000,86074553.0000000000,11041955.0000000000,-0.0088500000,0.8607455300,AKShare stock_zh_a_spot / 新浪
001314,亿道信息,53.8400000000,53.7000000000,120899592.0000000000,2254600.0000000000,0.0026100000,1.2089959200,AKShare stock_zh_a_spot / 新浪
001316,润贝航科,25.9200000000,26.0400000000,34724817.0000000000,1343634.0000000000,-0.0046100000,0.3472481700,AKShare stock_zh_a_spot / 新浪
001317,三羊马,53.3000000000,53.7800000000,314919222.0000000000,5897611.0000000000,-0.0089300000,3.1491922200,AKShare stock_zh_a_spot / 新浪
001318,阳光乳业,11.0800000000,11.2500000000,46489571.0000000000,4196119.0000000000,-0.0151100000,0.4648957100,AKShare stock_zh_a_spot / 新浪
001319,铭科精技,19.8400000000,19.3700000000,104062706.0000000000,5205400.0000000000,0.0242600000,1.0406270600,AKShare stock_zh_a_spot / 新浪
001322,箭牌家居,6.2800000000,6.2200000000,23766576.0000000000,3816100.0000000000,0.0096500000,0.2376657600,AKShare stock_zh_a_spot / 新浪
001323,慕思股份,18.4000000000,19.3200000000,67663020.0000000000,3667177.0000000000,-0.0476200000,0.6766302000,AKShare stock_zh_a_spot / 新浪
001324,长青科技,18.5100000000,18.9000000000,52063655.0000000000,2820500.0000000000,-0.0206300000,0.5206365500,AKShare stock_zh_a_spot / 新浪
001325,元创股份,38.2900000000,37.8000000000,35534236.0000000000,939900.0000000000,0.0129600000,0.3553423600,AKShare stock_zh_a_spot / 新浪
001326,联域股份,61.4800000000,61.0000000000,70364564.0000000000,1153000.0000000000,0.0078700000,0.7036456400,AKShare stock_zh_a_spot / 新浪
001328,登康口腔,28.4000000000,29.3000000000,49785106.0000000000,1730917.0000000000,-0.0307200000,0.4978510600,AKShare stock_zh_a_spot / 新浪
001330,博纳影业,4.8000000000,4.8000000000,171360963.0000000000,36048300.0000000000,0.0000000000,1.7136096300,AKShare stock_zh_a_spot / 新浪
001331,胜通能源,44.7200000000,44.6300000000,288851415.0000000000,6395785.0000000000,0.0020200000,2.8885141500,AKShare stock_zh_a_spot / 新浪
001332,锡装股份,30.7300000000,30.7300000000,44625002.0000000000,1464468.0000000000,0.0000000000,0.4462500200,AKShare stock_zh_a_spot / 新浪
001333,光华股份,21.5200000000,22.1900000000,167905764.0000000000,7648773.0000000000,-0.0301900000,1.6790576400,AKShare stock_zh_a_spot / 新浪
001335,信凯科技,31.3400000000,31.6800000000,16106388.0000000000,513900.0000000000,-0.0107300000,0.1610638800,AKShare stock_zh_a_spot / 新浪
001336,楚环科技,18.7200000000,18.5700000000,23383674.0000000000,1268090.0000000000,0.0080800000,0.2338367400,AKShare stock_zh_a_spot / 新浪
001337,四川黄金,51.4700000000,48.5700000000,1564955575.0000000000,31262848.0000000000,0.0597100000,15.6495557500,AKShare stock_zh_a_spot / 新浪
001338,永顺泰,8.8600000000,9.1500000000,150835100.0000000000,16990835.0000000000,-0.0316900000,1.5083510000,AKShare stock_zh_a_spot / 新浪
001339,智微智能,78.4800000000,78.7600000000,404424142.0000000000,5171633.0000000000,-0.0035600000,4.0442414200,AKShare stock_zh_a_spot / 新浪
001356,富岭股份,9.1000000000,9.1500000000,53079503.0000000000,5877832.0000000000,-0.0054600000,0.5307950300,AKShare stock_zh_a_spot / 新浪
001358,兴欣新材,25.4900000000,25.7100000000,60194451.0000000000,2371140.0000000000,-0.0085600000,0.6019445100,AKShare stock_zh_a_spot / 新浪
001359,平安电工,92.0000000000,93.6300000000,423375012.0000000000,4627978.0000000000,-0.0174100000,4.2337501200,AKShare stock_zh_a_spot / 新浪
001360,南矿集团,18.2200000000,18.1100000000,234630986.0000000000,12970282.0000000000,0.0060700000,2.3463098600,AKShare stock_zh_a_spot / 新浪
001365,天海电子,35.0300000000,35.3600000000,95557384.0000000000,2736995.0000000000,-0.0093300000,0.9555738400,AKShare stock_zh_a_spot / 新浪
001366,播恩集团,12.3000000000,11.9200000000,208385468.0000000000,17280516.0000000000,0.0318800000,2.0838546800,AKShare stock_zh_a_spot / 新浪
001367,海森药业,21.8000000000,19.9700000000,236157370.0000000000,11009851.0000000000,0.0916400000,2.3615737000,AKShare stock_zh_a_spot / 新浪
001368,通达创智,23.4200000000,24.3500000000,76130353.0000000000,3180200.0000000000,-0.0381900000,0.7613035300,AKShare stock_zh_a_spot / 新浪
001369,双欣材料,12.3700000000,12.3300000000,51567816.0000000000,4201663.0000000000,0.0032400000,0.5156781600,AKShare stock_zh_a_spot / 新浪
001373,翔腾新材,28.5000000000,28.3500000000,37036143.0000000000,1319784.0000000000,0.0052900000,0.3703614300,AKShare stock_zh_a_spot / 新浪
001376,百通能源,10.3100000000,10.3400000000,69418532.0000000000,6755915.0000000000,-0.0029000000,0.6941853200,AKShare stock_zh_a_spot / 新浪
001378,德冠新材,20.1100000000,20.0800000000,65867517.0000000000,3293780.0000000000,0.0014900000,0.6586751700,AKShare stock_zh_a_spot / 新浪
001379,腾达科技,16.1000000000,16.5100000000,41388713.0000000000,2580800.0000000000,-0.0248300000,0.4138871300,AKShare stock_zh_a_spot / 新浪
001380,华纬科技,16.8600000000,16.5100000000,21198674.0000000000,1272787.0000000000,0.0212000000,0.2119867400,AKShare stock_zh_a_spot / 新浪
001382,新亚电缆,16.8500000000,16.8900000000,28974987.0000000000,1734101.0000000000,-0.0023700000,0.2897498700,AKShare stock_zh_a_spot / 新浪
001386,马可波罗,15.6000000000,15.5500000000,53093560.0000000000,3425352.0000000000,0.0032200000,0.5309356000,AKShare stock_zh_a_spot / 新浪
001387,雪祺电气,12.1200000000,12.1500000000,24060240.0000000000,2006610.0000000000,-0.0024700000,0.2406024000,AKShare stock_zh_a_spot / 新浪
001388,信通电子,21.3200000000,21.4700000000,67990871.0000000000,3214545.0000000000,-0.0069900000,0.6799087100,AKShare stock_zh_a_spot / 新浪
001389,广合科技,155.9500000000,152.8700000000,876687988.0000000000,5668517.0000000000,0.0201500000,8.7668798800,AKShare stock_zh_a_spot / 新浪
001390,古麒绒材,17.4000000000,17.5500000000,17803226.0000000000,1025625.0000000000,-0.0085500000,0.1780322600,AKShare stock_zh_a_spot / 新浪
001391,国货航,4.0700000000,4.1300000000,61933336.0000000000,15161404.0000000000,-0.0145300000,0.6193333600,AKShare stock_zh_a_spot / 新浪
001393,维通利,42.2700000000,42.2500000000,61274570.0000000000,1461106.0000000000,0.0004700000,0.6127457000,AKShare stock_zh_a_spot / 新浪
001395,亚联机械,29.0300000000,29.2100000000,88190708.0000000000,3056240.0000000000,-0.0061600000,0.8819070800,AKShare stock_zh_a_spot / 新浪
001396,誉帆科技,33.4200000000,33.2000000000,20416766.0000000000,617596.0000000000,0.0066300000,0.2041676600,AKShare stock_zh_a_spot / 新浪
001399,惠科股份,23.0800000000,23.0300000000,492445504.0000000000,21506608.0000000000,0.0021700000,4.9244550400,AKShare stock_zh_a_spot / 新浪
001400,江顺科技,80.3300000000,82.2500000000,327631834.0000000000,4207594.0000000000,-0.0233400000,3.2763183400,AKShare stock_zh_a_spot / 新浪
001696,宗申动力,15.3000000000,15.3900000000,439837608.0000000000,28904113.0000000000,-0.0058500000,4.3983760800,AKShare stock_zh_a_spot / 新浪
001872,招商港口,22.8400000000,22.8900000000,69834004.0000000000,3030272.0000000000,-0.0021800000,0.6983400400,AKShare stock_zh_a_spot / 新浪
001896,豫能控股,11.9200000000,11.8200000000,414762708.0000000000,35089323.0000000000,0.0084600000,4.1476270800,AKShare stock_zh_a_spot / 新浪
001914,招商积余,8.6700000000,8.8900000000,65967338.0000000000,7594100.0000000000,-0.0247500000,0.6596733800,AKShare stock_zh_a_spot / 新浪
001965,招商公路,9.1700000000,9.1700000000,85845194.0000000000,9381047.0000000000,0.0000000000,0.8584519400,AKShare stock_zh_a_spot / 新浪
001979,招商蛇口,7.4600000000,7.6400000000,589811247.0000000000,79575701.0000000000,-0.0235600000,5.8981124700,AKShare stock_zh_a_spot / 新浪
002001,新 和 成,27.8200000000,28.2500000000,1022605484.0000000000,36583270.0000000000,-0.0152200000,10.2260548400,AKShare stock_zh_a_spot / 新浪
002003,伟星股份,10.4500000000,10.5200000000,110448692.0000000000,10569828.0000000000,-0.0066500000,1.1044869200,AKShare stock_zh_a_spot / 新浪
002004,华邦健康,4.5000000000,4.5600000000,231366262.0000000000,50523795.0000000000,-0.0131600000,2.3136626200,AKShare stock_zh_a_spot / 新浪
002005,德豪润达,2.4300000000,2.4000000000,26838452.0000000000,11212904.0000000000,0.0125000000,0.2683845200,AKShare stock_zh_a_spot / 新浪
002006,精工科技,13.1500000000,13.2600000000,60445313.0000000000,4601912.0000000000,-0.0083000000,0.6044531300,AKShare stock_zh_a_spot / 新浪
002007,华兰生物,13.1700000000,13.5400000000,388184009.0000000000,29210445.0000000000,-0.0273300000,3.8818400900,AKShare stock_zh_a_spot / 新浪
002008,大族激光,90.9000000000,91.5600000000,2767607974.0000000000,30428198.0000000000,-0.0072100000,27.6760797400,AKShare stock_zh_a_spot / 新浪
002009,天奇股份,16.5300000000,16.4800000000,124286292.0000000000,7537666.0000000000,0.0030300000,1.2428629200,AKShare stock_zh_a_spot / 新浪
002010,传化智联,4.6500000000,4.6700000000,48543060.0000000000,10453500.0000000000,-0.0042800000,0.4854306000,AKShare stock_zh_a_spot / 新浪
002011,盾安环境,9.8800000000,9.9000000000,56377878.0000000000,5716200.0000000000,-0.0020200000,0.5637787800,AKShare stock_zh_a_spot / 新浪
002012,凯恩股份,6.7300000000,6.6100000000,64177349.0000000000,9712844.0000000000,0.0181500000,0.6417734900,AKShare stock_zh_a_spot / 新浪
002014,永新股份,10.8600000000,10.9500000000,30076168.0000000000,2776284.0000000000,-0.0082200000,0.3007616800,AKShare stock_zh_a_spot / 新浪
002015,协鑫能科,14.1500000000,14.0300000000,438581774.0000000000,31255343.0000000000,0.0085500000,4.3858177400,AKShare stock_zh_a_spot / 新浪
002016,世荣兆业,4.5200000000,4.6100000000,40197735.0000000000,8903818.0000000000,-0.0195200000,0.4019773500,AKShare stock_zh_a_spot / 新浪
002017,东信和平,14.5300000000,13.2100000000,470577316.0000000000,33064541.0000000000,0.0999200000,4.7057731600,AKShare stock_zh_a_spot / 新浪
002019,亿帆医药,10.1300000000,10.7100000000,295107710.0000000000,28786627.0000000000,-0.0541500000,2.9510771000,AKShare stock_zh_a_spot / 新浪
002020,京新药业,13.1800000000,13.8500000000,283848998.0000000000,21414203.0000000000,-0.0483800000,2.8384899800,AKShare stock_zh_a_spot / 新浪
002021,中捷资源,2.6700000000,2.6400000000,61667703.0000000000,23357639.0000000000,0.0113600000,0.6166770300,AKShare stock_zh_a_spot / 新浪
002022,科华生物,5.6200000000,5.8000000000,98052199.0000000000,17458303.0000000000,-0.0310300000,0.9805219900,AKShare stock_zh_a_spot / 新浪
002023,海特高新,10.1300000000,10.1800000000,255550293.0000000000,25646751.0000000000,-0.0049100000,2.5555029300,AKShare stock_zh_a_spot / 新浪
002025,航天电器,62.6700000000,60.7800000000,1027888215.0000000000,16541020.0000000000,0.0311000000,10.2788821500,AKShare stock_zh_a_spot / 新浪
002026,山东威达,10.3000000000,10.4000000000,40912113.0000000000,3965431.0000000000,-0.0096200000,0.4091211300,AKShare stock_zh_a_spot / 新浪
002027,分众传媒,4.9000000000,4.9700000000,725000890.0000000000,148603457.0000000000,-0.0140800000,7.2500089000,AKShare stock_zh_a_spot / 新浪
002028,思源电气,176.6900000000,173.6300000000,1609484294.0000000000,9194339.0000000000,0.0176200000,16.0948429400,AKShare stock_zh_a_spot / 新浪
002029,七 匹 狼,8.7500000000,8.7500000000,140446122.0000000000,16118944.0000000000,0.0000000000,1.4044612200,AKShare stock_zh_a_spot / 新浪
002030,达安基因,5.6000000000,5.9700000000,355366152.0000000000,62546830.0000000000,-0.0619800000,3.5536615200,AKShare stock_zh_a_spot / 新浪
002031,巨轮智能,5.1400000000,5.1200000000,509293355.0000000000,99296914.0000000000,0.0039100000,5.0929335500,AKShare stock_zh_a_spot / 新浪
002032,苏 泊 尔,40.9200000000,41.3700000000,44969015.0000000000,1096265.0000000000,-0.0108800000,0.4496901500,AKShare stock_zh_a_spot / 新浪
002033,丽江股份,8.9300000000,8.9600000000,170229276.0000000000,19155678.0000000000,-0.0033500000,1.7022927600,AKShare stock_zh_a_spot / 新浪
002034,旺能环境,13.6600000000,13.8300000000,54005831.0000000000,3955437.0000000000,-0.0122900000,0.5400583100,AKShare stock_zh_a_spot / 新浪
002035,华帝股份,4.6900000000,4.8900000000,101830329.0000000000,21540800.0000000000,-0.0409000000,1.0183032900,AKShare stock_zh_a_spot / 新浪
002036,联创电子,6.5600000000,6.6600000000,197837583.0000000000,30326062.0000000000,-0.0150200000,1.9783758300,AKShare stock_zh_a_spot / 新浪
002037,保利联合,6.7600000000,6.7800000000,30676375.0000000000,4573625.0000000000,-0.0029500000,0.3067637500,AKShare stock_zh_a_spot / 新浪
002038,双鹭药业,7.0800000000,6.4400000000,414613846.0000000000,58576037.0000000000,0.0993800000,4.1461384600,AKShare stock_zh_a_spot / 新浪
002039,黔源电力,19.0600000000,19.0200000000,95254328.0000000000,5025935.0000000000,0.0021000000,0.9525432800,AKShare stock_zh_a_spot / 新浪
002040,南 京 港,8.9000000000,9.1200000000,278189054.0000000000,31421688.0000000000,-0.0241200000,2.7818905400,AKShare stock_zh_a_spot / 新浪
002041,登海种业,9.2600000000,10.1800000000,479956351.0000000000,51719158.0000000000,-0.0903700000,4.7995635100,AKShare stock_zh_a_spot / 新浪
002042,华孚时尚,3.7500000000,3.7700000000,51940222.0000000000,13904688.0000000000,-0.0053100000,0.5194022200,AKShare stock_zh_a_spot / 新浪
002043,兔 宝 宝,13.1500000000,13.6000000000,253215745.0000000000,19366710.0000000000,-0.0330900000,2.5321574500,AKShare stock_zh_a_spot / 新浪
002044,美年健康,4.6900000000,4.8100000000,329445326.0000000000,70251300.0000000000,-0.0249500000,3.2944532600,AKShare stock_zh_a_spot / 新浪
002045,国光电器,9.1100000000,8.2800000000,490236855.0000000000,55534952.0000000000,0.1002400000,4.9023685500,AKShare stock_zh_a_spot / 新浪
002046,国机精工,49.2100000000,48.0000000000,594701388.0000000000,12176506.0000000000,0.0252100000,5.9470138800,AKShare stock_zh_a_spot / 新浪
002047,宝鹰股份,3.2100000000,3.1400000000,172643399.0000000000,54822903.0000000000,0.0222900000,1.7264339900,AKShare stock_zh_a_spot / 新浪
002048,宁波华翔,19.3300000000,19.0000000000,238572681.0000000000,12488341.0000000000,0.0173700000,2.3857268100,AKShare stock_zh_a_spot / 新浪
002049,紫光国微,62.6500000000,62.8100000000,767255062.0000000000,12242648.0000000000,-0.0025500000,7.6725506200,AKShare stock_zh_a_spot / 新浪
002050,三花智控,36.7100000000,36.1400000000,1362165762.0000000000,37359869.0000000000,0.0157700000,13.6216576200,AKShare stock_zh_a_spot / 新浪
002051,中工国际,8.3600000000,8.3300000000,118730094.0000000000,14324990.0000000000,0.0036000000,1.1873009400,AKShare stock_zh_a_spot / 新浪
002052,同洲电子,8.2500000000,8.3500000000,50647553.0000000000,6128853.0000000000,-0.0119800000,0.5064755300,AKShare stock_zh_a_spot / 新浪
002053,云南能投,9.1100000000,9.1700000000,51995607.0000000000,5722732.0000000000,-0.0065400000,0.5199560700,AKShare stock_zh_a_spot / 新浪
002054,德美化工,7.2900000000,7.2300000000,64516555.0000000000,8937031.0000000000,0.0083000000,0.6451655500,AKShare stock_zh_a_spot / 新浪
002056,横店东磁,21.5300000000,21.4800000000,370217568.0000000000,17275902.0000000000,0.0023300000,3.7021756800,AKShare stock_zh_a_spot / 新浪
002057,中钢天源,8.6500000000,8.5300000000,136792748.0000000000,15780163.0000000000,0.0140700000,1.3679274800,AKShare stock_zh_a_spot / 新浪
002058,威尔泰,16.3300000000,16.1600000000,31518424.0000000000,1953100.0000000000,0.0105200000,0.3151842400,AKShare stock_zh_a_spot / 新浪
002059,云南旅游,4.5200000000,4.4900000000,42839849.0000000000,9575849.0000000000,0.0066800000,0.4283984900,AKShare stock_zh_a_spot / 新浪
002060,广东建工,3.2200000000,3.2500000000,31135000.0000000000,9647800.0000000000,-0.0092300000,0.3113500000,AKShare stock_zh_a_spot / 新浪
002061,浙江交科,3.4300000000,3.5100000000,86892220.0000000000,25271220.0000000000,-0.0227900000,0.8689222000,AKShare stock_zh_a_spot / 新浪
002062,宏润建设,7.8500000000,7.8300000000,137557030.0000000000,17855961.0000000000,0.0025500000,1.3755703000,AKShare stock_zh_a_spot / 新浪
002063,远光软件,5.2900000000,5.3300000000,67377872.0000000000,12743422.0000000000,-0.0075000000,0.6737787200,AKShare stock_zh_a_spot / 新浪
002064,华峰化学,11.7000000000,11.8100000000,395035502.0000000000,33947116.0000000000,-0.0093100000,3.9503550200,AKShare stock_zh_a_spot / 新浪
002065,东华软件,6.9100000000,6.9000000000,214430384.0000000000,31246616.0000000000,0.0014500000,2.1443038400,AKShare stock_zh_a_spot / 新浪
002066,瑞泰科技,21.6600000000,21.4800000000,46969346.0000000000,2183401.0000000000,0.0083800000,0.4696934600,AKShare stock_zh_a_spot / 新浪
002067,景兴纸业,4.0100000000,4.0200000000,126487923.0000000000,31649005.0000000000,-0.0024900000,1.2648792300,AKShare stock_zh_a_spot / 新浪
002068,黑猫股份,7.7600000000,7.6200000000,149394250.0000000000,19491551.0000000000,0.0183700000,1.4939425000,AKShare stock_zh_a_spot / 新浪
002069,獐子岛,3.4600000000,3.4700000000,36580427.0000000000,10719400.0000000000,-0.0028800000,0.3658042700,AKShare stock_zh_a_spot / 新浪
002072,凯瑞德,7.2400000000,7.2600000000,33391738.0000000000,4643570.0000000000,-0.0027500000,0.3339173800,AKShare stock_zh_a_spot / 新浪
002073,软控股份,5.9400000000,5.7000000000,381688846.0000000000,64046537.0000000000,0.0421100000,3.8168884600,AKShare stock_zh_a_spot / 新浪
002074,国轩高科,26.8600000000,26.4200000000,524511203.0000000000,19539387.0000000000,0.0166500000,5.2451120300,AKShare stock_zh_a_spot / 新浪
002075,沙钢股份,3.7000000000,3.6500000000,197503436.0000000000,53707877.0000000000,0.0137000000,1.9750343600,AKShare stock_zh_a_spot / 新浪
002076,星光股份,2.0900000000,2.0700000000,49563173.0000000000,23975100.0000000000,0.0096600000,0.4956317300,AKShare stock_zh_a_spot / 新浪
002077,大港股份,12.2800000000,12.2700000000,171608670.0000000000,14025084.0000000000,0.0008100000,1.7160867000,AKShare stock_zh_a_spot / 新浪
002078,太阳纸业,13.6700000000,14.0400000000,173608220.0000000000,12666452.0000000000,-0.0263500000,1.7360822000,AKShare stock_zh_a_spot / 新浪
002079,苏州固锝,9.5800000000,9.5400000000,168985058.0000000000,17742456.0000000000,0.0041900000,1.6898505800,AKShare stock_zh_a_spot / 新浪
002080,中材科技,53.9100000000,53.5900000000,1840645614.0000000000,34513495.0000000000,0.0059700000,18.4064561400,AKShare stock_zh_a_spot / 新浪
002081,金 螳 螂,5.1500000000,5.5500000000,2128232618.0000000000,408993764.0000000000,-0.0720700000,21.2823261800,AKShare stock_zh_a_spot / 新浪
002083,孚日股份,10.5300000000,10.4200000000,465415631.0000000000,44627050.0000000000,0.0105600000,4.6541563100,AKShare stock_zh_a_spot / 新浪
002085,万丰奥威,10.2300000000,10.2300000000,111952377.0000000000,10978918.0000000000,0.0000000000,1.1195237700,AKShare stock_zh_a_spot / 新浪
002086,东方海洋,2.0000000000,2.0100000000,123542598.0000000000,61751200.0000000000,-0.0049800000,1.2354259800,AKShare stock_zh_a_spot / 新浪
002088,鲁阳节能,8.2300000000,8.2100000000,18302565.0000000000,2245889.0000000000,0.0024400000,0.1830256500,AKShare stock_zh_a_spot / 新浪
002090,金智科技,9.2500000000,9.1300000000,46907617.0000000000,5129842.0000000000,0.0131400000,0.4690761700,AKShare stock_zh_a_spot / 新浪
002091,江苏国泰,7.7000000000,7.7800000000,67879088.0000000000,8801600.0000000000,-0.0102800000,0.6787908800,AKShare stock_zh_a_spot / 新浪
002092,中泰化学,4.4600000000,4.4500000000,179525278.0000000000,40702501.0000000000,0.0022500000,1.7952527800,AKShare stock_zh_a_spot / 新浪
002093,国脉科技,6.6300000000,6.6300000000,36927450.0000000000,5603700.0000000000,0.0000000000,0.3692745000,AKShare stock_zh_a_spot / 新浪
002094,青岛金王,4.6100000000,4.6500000000,54608158.0000000000,11880104.0000000000,-0.0086000000,0.5460815800,AKShare stock_zh_a_spot / 新浪
002095,生 意 宝,14.1000000000,14.2300000000,20384084.0000000000,1453822.0000000000,-0.0091400000,0.2038408400,AKShare stock_zh_a_spot / 新浪
002096,易普力,9.2200000000,9.2800000000,29849697.0000000000,3243843.0000000000,-0.0064700000,0.2984969700,AKShare stock_zh_a_spot / 新浪
002097,山河智能,7.1900000000,7.1000000000,81150466.0000000000,11389225.0000000000,0.0126800000,0.8115046600,AKShare stock_zh_a_spot / 新浪
002098,浔兴股份,7.0700000000,7.1000000000,23611860.0000000000,3344678.0000000000,-0.0042300000,0.2361186000,AKShare stock_zh_a_spot / 新浪
002099,海翔药业,5.2400000000,5.4800000000,147828757.0000000000,27801010.0000000000,-0.0438000000,1.4782875700,AKShare stock_zh_a_spot / 新浪
002100,天康生物,7.1500000000,7.1700000000,90838783.0000000000,12726481.0000000000,-0.0027900000,0.9083878300,AKShare stock_zh_a_spot / 新浪
002101,广东鸿图,8.5500000000,8.6100000000,27114461.0000000000,3170534.0000000000,-0.0069700000,0.2711446100,AKShare stock_zh_a_spot / 新浪
002103,广博股份,6.4800000000,6.5800000000,32664185.0000000000,5047631.0000000000,-0.0152000000,0.3266418500,AKShare stock_zh_a_spot / 新浪
002104,恒宝股份,10.7400000000,10.0100000000,1086133424.0000000000,102365800.0000000000,0.0729300000,10.8613342400,AKShare stock_zh_a_spot / 新浪
002105,信隆健康,5.8400000000,5.8600000000,35887741.0000000000,6207210.0000000000,-0.0034100000,0.3588774100,AKShare stock_zh_a_spot / 新浪
002106,莱宝高科,10.2200000000,10.2100000000,139843574.0000000000,13805920.0000000000,0.0009800000,1.3984357400,AKShare stock_zh_a_spot / 新浪
002107,沃华医药,6.2500000000,6.4800000000,69098483.0000000000,11093201.0000000000,-0.0354900000,0.6909848300,AKShare stock_zh_a_spot / 新浪
002108,沧州明珠,4.3100000000,4.2800000000,84305671.0000000000,19754000.0000000000,0.0070100000,0.8430567100,AKShare stock_zh_a_spot / 新浪
002110,三钢闽光,2.9500000000,2.9400000000,62831090.0000000000,21493490.0000000000,0.0034000000,0.6283109000,AKShare stock_zh_a_spot / 新浪
002111,威海广泰,9.5000000000,9.4200000000,61928539.0000000000,6567983.0000000000,0.0084900000,0.6192853900,AKShare stock_zh_a_spot / 新浪
002112,三变科技,15.7000000000,15.8500000000,198990339.0000000000,12684980.0000000000,-0.0094600000,1.9899033900,AKShare stock_zh_a_spot / 新浪
002114,罗平锌电,7.3200000000,7.1900000000,51223816.0000000000,7095500.0000000000,0.0180800000,0.5122381600,AKShare stock_zh_a_spot / 新浪
002115,三维通信,10.4000000000,10.4300000000,347309905.0000000000,33554081.0000000000,-0.0028800000,3.4730990500,AKShare stock_zh_a_spot / 新浪
002116,中国海诚,7.0500000000,7.1200000000,19646010.0000000000,2794380.0000000000,-0.0098300000,0.1964601000,AKShare stock_zh_a_spot / 新浪
002117,东港股份,7.8300000000,7.8700000000,32387298.0000000000,4164092.0000000000,-0.0050800000,0.3238729800,AKShare stock_zh_a_spot / 新浪
002119,康强电子,23.5000000000,23.3400000000,560326617.0000000000,23966042.0000000000,0.0068600000,5.6032661700,AKShare stock_zh_a_spot / 新浪
002120,韵达股份,6.6000000000,6.6700000000,166548795.0000000000,25184233.0000000000,-0.0104900000,1.6654879500,AKShare stock_zh_a_spot / 新浪
002121,科陆电子,4.9400000000,4.8900000000,85563416.0000000000,17361528.0000000000,0.0102200000,0.8556341600,AKShare stock_zh_a_spot / 新浪
002123,梦网科技,8.0100000000,7.8400000000,177546413.0000000000,22237910.0000000000,0.0216800000,1.7754641300,AKShare stock_zh_a_spot / 新浪
002124,天邦食品,2.2700000000,2.3400000000,167056894.0000000000,73353922.0000000000,-0.0299100000,1.6705689400,AKShare stock_zh_a_spot / 新浪
002125,湘潭电化,12.7000000000,12.6800000000,224693374.0000000000,17725218.0000000000,0.0015800000,2.2469337400,AKShare stock_zh_a_spot / 新浪
002126,银轮股份,40.0700000000,39.9600000000,522161649.0000000000,13022371.0000000000,0.0027500000,5.2216164900,AKShare stock_zh_a_spot / 新浪
002127,南极电商,2.8100000000,2.8600000000,84230919.0000000000,29818600.0000000000,-0.0174800000,0.8423091900,AKShare stock_zh_a_spot / 新浪
002128,电投能源,27.1200000000,26.9200000000,142840843.0000000000,5269671.0000000000,0.0074300000,1.4284084300,AKShare stock_zh_a_spot / 新浪
002129,TCL中环,9.5000000000,9.5300000000,663192292.0000000000,69640308.0000000000,-0.0031500000,6.6319229200,AKShare stock_zh_a_spot / 新浪
002130,沃尔核材,16.2900000000,16.2800000000,207817394.0000000000,12796262.0000000000,0.0006100000,2.0781739400,AKShare stock_zh_a_spot / 新浪
002131,利欧股份,4.5700000000,4.6000000000,1168032640.0000000000,257158236.0000000000,-0.0065200000,11.6803264000,AKShare stock_zh_a_spot / 新浪
002132,恒星科技,4.7700000000,4.4600000000,419041978.0000000000,91193357.0000000000,0.0695100000,4.1904197800,AKShare stock_zh_a_spot / 新浪
002133,广宇集团,2.7000000000,2.7300000000,35658521.0000000000,13326100.0000000000,-0.0109900000,0.3565852100,AKShare stock_zh_a_spot / 新浪
002134,天津普林,21.2600000000,21.1300000000,109979557.0000000000,5202061.0000000000,0.0061500000,1.0997955700,AKShare stock_zh_a_spot / 新浪
002135,东南网架,5.9400000000,5.8600000000,57069270.0000000000,9636237.0000000000,0.0136500000,0.5706927000,AKShare stock_zh_a_spot / 新浪
002136,安 纳 达,12.1800000000,11.8700000000,69936611.0000000000,5799500.0000000000,0.0261200000,0.6993661100,AKShare stock_zh_a_spot / 新浪
002137,实益达,7.6000000000,7.6000000000,106513834.0000000000,14161812.0000000000,0.0000000000,1.0651383400,AKShare stock_zh_a_spot / 新浪
002138,顺络电子,49.9400000000,48.4100000000,1270582170.0000000000,25724573.0000000000,0.0316100000,12.7058217000,AKShare stock_zh_a_spot / 新浪
002139,拓邦股份,9.5000000000,9.5200000000,84023224.0000000000,8858200.0000000000,-0.0021000000,0.8402322400,AKShare stock_zh_a_spot / 新浪
002140,东华科技,9.0900000000,9.0700000000,38357393.0000000000,4239771.0000000000,0.0022100000,0.3835739300,AKShare stock_zh_a_spot / 新浪
002141,贤丰控股,6.4500000000,6.2700000000,926652809.0000000000,144751600.0000000000,0.0287100000,9.2665280900,AKShare stock_zh_a_spot / 新浪
002142,宁波银行,34.0600000000,34.1800000000,864371138.0000000000,25428048.0000000000,-0.0035100000,8.6437113800,AKShare stock_zh_a_spot / 新浪
002144,宏达高科,11.0000000000,10.9000000000,36730322.0000000000,3384300.0000000000,0.0091700000,0.3673032200,AKShare stock_zh_a_spot / 新浪
002145,钛能化学,4.3000000000,4.3100000000,135965333.0000000000,31724365.0000000000,-0.0023200000,1.3596533300,AKShare stock_zh_a_spot / 新浪
002146,荣盛发展,1.1400000000,1.1600000000,107001811.0000000000,94164304.0000000000,-0.0172400000,1.0700181100,AKShare stock_zh_a_spot / 新浪
002148,北纬科技,6.2000000000,6.2600000000,63999393.0000000000,10375644.0000000000,-0.0095800000,0.6399939300,AKShare stock_zh_a_spot / 新浪
002149,西部材料,37.3200000000,36.7100000000,891153686.0000000000,23978189.0000000000,0.0166200000,8.9115368600,AKShare stock_zh_a_spot / 新浪
002150,正泰电源,22.9000000000,22.2800000000,214823353.0000000000,9405239.0000000000,0.0278300000,2.1482335300,AKShare stock_zh_a_spot / 新浪
002151,北斗星通,28.0000000000,27.9500000000,227894572.0000000000,8155595.0000000000,0.0017900000,2.2789457200,AKShare stock_zh_a_spot / 新浪
002152,广电运通,9.5900000000,9.4600000000,191824332.0000000000,20180175.0000000000,0.0137400000,1.9182433200,AKShare stock_zh_a_spot / 新浪
002153,石基信息,7.6800000000,7.7200000000,149320924.0000000000,19552038.0000000000,-0.0051800000,1.4932092400,AKShare stock_zh_a_spot / 新浪
002154,报 喜 鸟,4.0700000000,4.2000000000,110609209.0000000000,27241194.0000000000,-0.0309500000,1.1060920900,AKShare stock_zh_a_spot / 新浪
002156,通富微电,63.8800000000,63.1500000000,6236622862.0000000000,96905063.0000000000,0.0115600000,62.3662286200,AKShare stock_zh_a_spot / 新浪
002157,正邦科技,2.9300000000,2.9600000000,320133825.0000000000,109595469.0000000000,-0.0101400000,3.2013382500,AKShare stock_zh_a_spot / 新浪
002158,汉钟精机,26.3500000000,26.2300000000,155399382.0000000000,5935041.0000000000,0.0045700000,1.5539938200,AKShare stock_zh_a_spot / 新浪
002159,三特索道,13.3800000000,13.4800000000,29589756.0000000000,2230239.0000000000,-0.0074200000,0.2958975600,AKShare stock_zh_a_spot / 新浪
002160,常铝股份,3.9600000000,3.9000000000,47884301.0000000000,12208021.0000000000,0.0153800000,0.4788430100,AKShare stock_zh_a_spot / 新浪
002161,远 望 谷,5.7800000000,5.7500000000,53930190.0000000000,9435796.0000000000,0.0052200000,0.5393019000,AKShare stock_zh_a_spot / 新浪
002162,悦心健康,4.0000000000,4.0700000000,45101566.0000000000,11336683.0000000000,-0.0172000000,0.4510156600,AKShare stock_zh_a_spot / 新浪
002163,海南发展,7.9300000000,8.1100000000,163318484.0000000000,20652500.0000000000,-0.0221900000,1.6331848400,AKShare stock_zh_a_spot / 新浪
002164,宁波东力,11.1200000000,11.1300000000,78810479.0000000000,7103600.0000000000,-0.0009000000,0.7881047900,AKShare stock_zh_a_spot / 新浪
002165,红 宝 丽,7.7200000000,7.7900000000,1275700038.0000000000,166685768.0000000000,-0.0089900000,12.7570003800,AKShare stock_zh_a_spot / 新浪
002166,莱茵生物,6.7400000000,6.9400000000,99818632.0000000000,14827539.0000000000,-0.0288200000,0.9981863200,AKShare stock_zh_a_spot / 新浪
002167,东方锆业,16.7400000000,16.4000000000,725308848.0000000000,44063978.0000000000,0.0207300000,7.2530884800,AKShare stock_zh_a_spot / 新浪
002169,智光电气,12.5700000000,12.7500000000,181101408.0000000000,14416802.0000000000,-0.0141200000,1.8110140800,AKShare stock_zh_a_spot / 新浪
002170,芭田股份,11.2300000000,11.2100000000,129460263.0000000000,11595600.0000000000,0.0017800000,1.2946026300,AKShare stock_zh_a_spot / 新浪
002171,楚江新材,9.6500000000,9.5200000000,262663608.0000000000,27532272.0000000000,0.0136600000,2.6266360800,AKShare stock_zh_a_spot / 新浪
002172,澳洋健康,4.0400000000,4.4400000000,710228609.0000000000,173381498.0000000000,-0.0900900000,7.1022860900,AKShare stock_zh_a_spot / 新浪
002173,创新医疗,18.3300000000,19.0600000000,543826493.0000000000,29733960.0000000000,-0.0383000000,5.4382649300,AKShare stock_zh_a_spot / 新浪
002174,游族网络,12.3000000000,12.3000000000,234142533.0000000000,19115700.0000000000,0.0000000000,2.3414253300,AKShare stock_zh_a_spot / 新浪
002176,江特电机,9.0400000000,8.8400000000,478590773.0000000000,53131629.0000000000,0.0226200000,4.7859077300,AKShare stock_zh_a_spot / 新浪
002177,御银股份,5.7700000000,5.5100000000,391787408.0000000000,68364317.0000000000,0.0471900000,3.9178740800,AKShare stock_zh_a_spot / 新浪
002178,延华智能,4.4400000000,4.4800000000,50965787.0000000000,11572100.0000000000,-0.0089300000,0.5096578700,AKShare stock_zh_a_spot / 新浪
002179,中航光电,34.4200000000,34.1900000000,438134772.0000000000,12763489.0000000000,0.0067300000,4.3813477200,AKShare stock_zh_a_spot / 新浪
002180,奔图科技,17.7000000000,17.8200000000,229170607.0000000000,13156079.0000000000,-0.0067300000,2.2917060700,AKShare stock_zh_a_spot / 新浪
002181,粤 传 媒,8.2700000000,8.3400000000,125145457.0000000000,15189936.0000000000,-0.0083900000,1.2514545700,AKShare stock_zh_a_spot / 新浪
002182,宝武镁业,11.8900000000,11.7600000000,123389025.0000000000,10426522.0000000000,0.0110500000,1.2338902500,AKShare stock_zh_a_spot / 新浪
002183,怡 亚 通,4.3700000000,4.3800000000,132758118.0000000000,30483500.0000000000,-0.0022800000,1.3275811800,AKShare stock_zh_a_spot / 新浪
002184,海得控制,10.0100000000,10.0700000000,46478203.0000000000,4684344.0000000000,-0.0059600000,0.4647820300,AKShare stock_zh_a_spot / 新浪
002185,华天科技,17.4200000000,17.3500000000,2687470177.0000000000,154722508.0000000000,0.0040300000,26.8747017700,AKShare stock_zh_a_spot / 新浪
002186,全 聚 德,9.3600000000,9.4700000000,34276140.0000000000,3682262.0000000000,-0.0116200000,0.3427614000,AKShare stock_zh_a_spot / 新浪
002187,广百股份,5.3100000000,5.3300000000,38713848.0000000000,7362296.0000000000,-0.0037500000,0.3871384800,AKShare stock_zh_a_spot / 新浪
002188,中天服务,5.4700000000,5.4900000000,64611464.0000000000,11913250.0000000000,-0.0036400000,0.6461146400,AKShare stock_zh_a_spot / 新浪
002189,中光学,18.2000000000,18.1800000000,20848431.0000000000,1152900.0000000000,0.0011000000,0.2084843100,AKShare stock_zh_a_spot / 新浪
002190,成飞集成,22.8100000000,23.0200000000,80821629.0000000000,3571374.0000000000,-0.0091200000,0.8082162900,AKShare stock_zh_a_spot / 新浪
002191,劲嘉股份,3.6500000000,3.7000000000,37561836.0000000000,10293197.0000000000,-0.0135100000,0.3756183600,AKShare stock_zh_a_spot / 新浪
002192,融捷股份,72.5100000000,65.9200000000,1971905868.0000000000,27871347.0000000000,0.0999700000,19.7190586800,AKShare stock_zh_a_spot / 新浪
002194,武汉凡谷,10.0500000000,10.0300000000,258431958.0000000000,26100535.0000000000,0.0019900000,2.5843195800,AKShare stock_zh_a_spot / 新浪
002195,岩山科技,6.3300000000,6.3500000000,475123221.0000000000,75513397.0000000000,-0.0031500000,4.7512322100,AKShare stock_zh_a_spot / 新浪
002196,方正电机,10.4200000000,10.3200000000,155263612.0000000000,14970500.0000000000,0.0096900000,1.5526361200,AKShare stock_zh_a_spot / 新浪
002197,证通电子,6.5800000000,6.5700000000,104459735.0000000000,16044000.0000000000,0.0015200000,1.0445973500,AKShare stock_zh_a_spot / 新浪
002199,东晶电子,12.4700000000,12.1400000000,98784243.0000000000,8001800.0000000000,0.0271800000,0.9878424300,AKShare stock_zh_a_spot / 新浪
002200,交投生态,6.7000000000,6.7700000000,24165258.0000000000,3638600.0000000000,-0.0103400000,0.2416525800,AKShare stock_zh_a_spot / 新浪
002201,九鼎新材,8.0800000000,8.0300000000,91518157.0000000000,11399423.0000000000,0.0062300000,0.9151815700,AKShare stock_zh_a_spot / 新浪
002202,金风科技,19.1900000000,19.8400000000,3043127508.0000000000,158841040.0000000000,-0.0327600000,30.4312750800,AKShare stock_zh_a_spot / 新浪
002203,海亮股份,18.8400000000,18.3700000000,300839253.0000000000,16127685.0000000000,0.0255900000,3.0083925300,AKShare stock_zh_a_spot / 新浪
002204,大连重工,5.1600000000,5.2100000000,72025238.0000000000,13954907.0000000000,-0.0096000000,0.7202523800,AKShare stock_zh_a_spot / 新浪
002205,国统股份,10.6600000000,10.6400000000,19853901.0000000000,1883000.0000000000,0.0018800000,0.1985390100,AKShare stock_zh_a_spot / 新浪
002206,海 利 得,5.2100000000,5.2100000000,27800286.0000000000,5354766.0000000000,0.0000000000,0.2780028600,AKShare stock_zh_a_spot / 新浪
002208,合肥城建,10.8100000000,10.8400000000,250487165.0000000000,23308611.0000000000,-0.0027700000,2.5048716500,AKShare stock_zh_a_spot / 新浪
002209,达 意 隆,13.1600000000,11.9600000000,206290574.0000000000,15687300.0000000000,0.1003300000,2.0629057400,AKShare stock_zh_a_spot / 新浪
002210,飞马国际,2.2200000000,2.2300000000,92052437.0000000000,41881189.0000000000,-0.0044800000,0.9205243700,AKShare stock_zh_a_spot / 新浪
002212,天融信,6.2300000000,6.1900000000,195266297.0000000000,31769605.0000000000,0.0064600000,1.9526629700,AKShare stock_zh_a_spot / 新浪
002213,大为股份,29.8900000000,29.4000000000,346794873.0000000000,11710102.0000000000,0.0166700000,3.4679487300,AKShare stock_zh_a_spot / 新浪
002214,大立科技,14.7800000000,14.3500000000,172258581.0000000000,11839760.0000000000,0.0299700000,1.7225858100,AKShare stock_zh_a_spot / 新浪
002215,诺 普 信,9.2000000000,9.4300000000,221550479.0000000000,24000694.0000000000,-0.0243900000,2.2155047900,AKShare stock_zh_a_spot / 新浪
002216,三全食品,12.3400000000,12.6800000000,77169454.0000000000,6224636.0000000000,-0.0268100000,0.7716945400,AKShare stock_zh_a_spot / 新浪
002218,拓日新能,3.8600000000,3.8300000000,96022443.0000000000,25053110.0000000000,0.0078300000,0.9602244300,AKShare stock_zh_a_spot / 新浪
002219,新里程,2.2300000000,2.3500000000,338001469.0000000000,150402540.0000000000,-0.0510600000,3.3800146900,AKShare stock_zh_a_spot / 新浪
002221,东华能源,5.6900000000,5.6400000000,164558500.0000000000,29041045.0000000000,0.0088700000,1.6455850000,AKShare stock_zh_a_spot / 新浪
002222,福晶科技,64.6100000000,63.5900000000,1400730487.0000000000,21714711.0000000000,0.0160400000,14.0073048700,AKShare stock_zh_a_spot / 新浪
002223,鱼跃医疗,25.4700000000,26.2700000000,284695269.0000000000,11130652.0000000000,-0.0304500000,2.8469526900,AKShare stock_zh_a_spot / 新浪
002224,三 力 士,3.7200000000,3.6700000000,117042165.0000000000,31649600.0000000000,0.0136200000,1.1704216500,AKShare stock_zh_a_spot / 新浪
002225,濮耐股份,3.6100000000,3.5100000000,95542866.0000000000,26915703.0000000000,0.0284900000,0.9554286600,AKShare stock_zh_a_spot / 新浪
002226,江南化工,5.0000000000,5.0200000000,61928035.0000000000,12447760.0000000000,-0.0039800000,0.6192803500,AKShare stock_zh_a_spot / 新浪
002228,合兴包装,3.1200000000,3.1100000000,49932779.0000000000,16213869.0000000000,0.0032200000,0.4993277900,AKShare stock_zh_a_spot / 新浪
002229,鸿博股份,10.9900000000,10.8200000000,544463736.0000000000,50478938.0000000000,0.0157100000,5.4446373600,AKShare stock_zh_a_spot / 新浪
002230,科大讯飞,39.1900000000,39.9100000000,1423300174.0000000000,36267110.0000000000,-0.0180400000,14.2330017400,AKShare stock_zh_a_spot / 新浪
002232,启明信息,13.9100000000,13.7600000000,45226461.0000000000,3270000.0000000000,0.0109000000,0.4522646100,AKShare stock_zh_a_spot / 新浪
002233,塔牌集团,7.0500000000,7.0600000000,49530140.0000000000,7045100.0000000000,-0.0014200000,0.4953014000,AKShare stock_zh_a_spot / 新浪
002234,民和股份,7.9400000000,7.8300000000,105298056.0000000000,13153624.0000000000,0.0140500000,1.0529805600,AKShare stock_zh_a_spot / 新浪
002235,安妮股份,8.7200000000,8.7100000000,223394242.0000000000,25829487.0000000000,0.0011500000,2.2339424200,AKShare stock_zh_a_spot / 新浪
002236,大华股份,16.1100000000,16.1400000000,456668824.0000000000,28526100.0000000000,-0.0018600000,4.5666882400,AKShare stock_zh_a_spot / 新浪
002237,恒邦股份,15.4500000000,15.0000000000,816046706.0000000000,53452901.0000000000,0.0300000000,8.1604670600,AKShare stock_zh_a_spot / 新浪
002238,天威视讯,6.0200000000,6.0600000000,22873399.0000000000,3828326.0000000000,-0.0066000000,0.2287339900,AKShare stock_zh_a_spot / 新浪
002239,奥特佳,2.4700000000,2.4600000000,91759190.0000000000,37362700.0000000000,0.0040700000,0.9175919000,AKShare stock_zh_a_spot / 新浪
002240,盛新锂能,33.7500000000,31.6700000000,2105448556.0000000000,62867813.0000000000,0.0656800000,21.0544855600,AKShare stock_zh_a_spot / 新浪
002241,歌尔股份,23.4000000000,22.0200000000,3945733506.0000000000,170966058.0000000000,0.0626700000,39.4573350600,AKShare stock_zh_a_spot / 新浪
002242,九阳股份,8.8400000000,8.9900000000,44484386.0000000000,5039721.0000000000,-0.0166900000,0.4448438600,AKShare stock_zh_a_spot / 新浪
002243,力合科创,7.3400000000,7.1600000000,114714107.0000000000,15811900.0000000000,0.0251400000,1.1471410700,AKShare stock_zh_a_spot / 新浪
002244,滨江集团,9.1600000000,9.4600000000,287491587.0000000000,31230692.0000000000,-0.0317100000,2.8749158700,AKShare stock_zh_a_spot / 新浪
002245,蔚蓝锂芯,18.3000000000,18.0000000000,1020264469.0000000000,55952456.0000000000,0.0166700000,10.2026446900,AKShare stock_zh_a_spot / 新浪
002246,北化股份,20.1500000000,19.9800000000,231878904.0000000000,11574912.0000000000,0.0085100000,2.3187890400,AKShare stock_zh_a_spot / 新浪
002247,聚力文化,2.3700000000,2.3900000000,67513021.0000000000,28996000.0000000000,-0.0083700000,0.6751302100,AKShare stock_zh_a_spot / 新浪
002248,华东数控,9.9700000000,10.0800000000,453077951.0000000000,45700938.0000000000,-0.0109100000,4.5307795100,AKShare stock_zh_a_spot / 新浪
002249,大洋电机,7.0700000000,7.0300000000,136492911.0000000000,19354824.0000000000,0.0056900000,1.3649291100,AKShare stock_zh_a_spot / 新浪
002250,联化科技,15.7500000000,16.1100000000,221273499.0000000000,14026509.0000000000,-0.0223500000,2.2127349900,AKShare stock_zh_a_spot / 新浪
002251,步步高,3.5400000000,3.6400000000,236324162.0000000000,66562695.0000000000,-0.0274700000,2.3632416200,AKShare stock_zh_a_spot / 新浪
002252,上海莱士,4.8200000000,5.0300000000,382800200.0000000000,78708640.0000000000,-0.0417500000,3.8280020000,AKShare stock_zh_a_spot / 新浪
002253,川大智胜,9.5200000000,9.5000000000,38025674.0000000000,4025200.0000000000,0.0021100000,0.3802567400,AKShare stock_zh_a_spot / 新浪
002254,泰和新材,12.4000000000,12.1800000000,193979802.0000000000,15773436.0000000000,0.0180600000,1.9397980200,AKShare stock_zh_a_spot / 新浪
002255,海陆重工,7.7200000000,7.7800000000,69073471.0000000000,8979782.0000000000,-0.0077100000,0.6907347100,AKShare stock_zh_a_spot / 新浪
002256,兆新股份,3.3700000000,3.3400000000,125048590.0000000000,37698218.0000000000,0.0089800000,1.2504859000,AKShare stock_zh_a_spot / 新浪
002258,利尔化学,14.5900000000,14.8100000000,268715148.0000000000,18453979.0000000000,-0.0148500000,2.6871514800,AKShare stock_zh_a_spot / 新浪
002259,升达林业,3.8500000000,3.7600000000,44960233.0000000000,11803300.0000000000,0.0239400000,0.4496023300,AKShare stock_zh_a_spot / 新浪
002261,拓维信息,25.5000000000,25.6700000000,723281988.0000000000,28494823.0000000000,-0.0066200000,7.2328198800,AKShare stock_zh_a_spot / 新浪
002262,恩华药业,21.9500000000,22.7900000000,288238961.0000000000,13067775.0000000000,-0.0368600000,2.8823896100,AKShare stock_zh_a_spot / 新浪
002263,大东南,2.9800000000,2.9600000000,88825004.0000000000,30154331.0000000000,0.0067600000,0.8882500400,AKShare stock_zh_a_spot / 新浪
002264,新 华 都,6.5100000000,6.6500000000,85468602.0000000000,13129776.0000000000,-0.0210500000,0.8546860200,AKShare stock_zh_a_spot / 新浪
002265,建设工业,18.2900000000,18.6700000000,129677614.0000000000,7084112.0000000000,-0.0203500000,1.2967761400,AKShare stock_zh_a_spot / 新浪
002266,浙富控股,4.8300000000,4.8200000000,220076351.0000000000,45727090.0000000000,0.0020700000,2.2007635100,AKShare stock_zh_a_spot / 新浪
002267,陕天然气,6.9700000000,6.9700000000,34674640.0000000000,4963900.0000000000,0.0000000000,0.3467464000,AKShare stock_zh_a_spot / 新浪
002268,电科网安,13.5800000000,13.5600000000,67277621.0000000000,4969800.0000000000,0.0014700000,0.6727762100,AKShare stock_zh_a_spot / 新浪
002269,美邦服饰,1.4300000000,1.4400000000,41314782.0000000000,29026837.0000000000,-0.0069400000,0.4131478200,AKShare stock_zh_a_spot / 新浪
002270,华明装备,19.2600000000,19.3000000000,157160229.0000000000,8177993.0000000000,-0.0020700000,1.5716022900,AKShare stock_zh_a_spot / 新浪
002271,东方雨虹,11.1400000000,11.3700000000,636109143.0000000000,57274450.0000000000,-0.0202300000,6.3610914300,AKShare stock_zh_a_spot / 新浪
002272,川润股份,15.5900000000,14.4400000000,788679301.0000000000,51569107.0000000000,0.0796400000,7.8867930100,AKShare stock_zh_a_spot / 新浪
002273,水晶光电,27.4800000000,27.1300000000,1084990347.0000000000,39448094.0000000000,0.0129000000,10.8499034700,AKShare stock_zh_a_spot / 新浪
002274,华昌化工,5.8200000000,5.9200000000,231801848.0000000000,39705256.0000000000,-0.0168900000,2.3180184800,AKShare stock_zh_a_spot / 新浪
002275,桂林三金,13.2300000000,13.6200000000,55302803.0000000000,4198300.0000000000,-0.0286300000,0.5530280300,AKShare stock_zh_a_spot / 新浪
002276,万马股份,10.0500000000,10.1600000000,98708120.0000000000,9819906.0000000000,-0.0108300000,0.9870812000,AKShare stock_zh_a_spot / 新浪
002277,友阿股份,5.8500000000,5.6900000000,111673621.0000000000,19419444.0000000000,0.0281200000,1.1167362100,AKShare stock_zh_a_spot / 新浪
002278,神开股份,8.1500000000,8.0000000000,59705116.0000000000,7385700.0000000000,0.0187500000,0.5970511600,AKShare stock_zh_a_spot / 新浪
002279,久其软件,6.2800000000,6.3300000000,117917611.0000000000,18900792.0000000000,-0.0079000000,1.1791761100,AKShare stock_zh_a_spot / 新浪
002281,光迅科技,178.5800000000,173.1500000000,6043137399.0000000000,33851262.0000000000,0.0313600000,60.4313739900,AKShare stock_zh_a_spot / 新浪
002282,博深股份,5.9100000000,5.9600000000,21875461.0000000000,3726146.0000000000,-0.0083900000,0.2187546100,AKShare stock_zh_a_spot / 新浪
002283,天润工业,8.8300000000,8.8300000000,93461557.0000000000,10607937.0000000000,0.0000000000,0.9346155700,AKShare stock_zh_a_spot / 新浪
002284,亚太股份,9.3300000000,9.5500000000,265508874.0000000000,28360577.0000000000,-0.0230400000,2.6550887400,AKShare stock_zh_a_spot / 新浪
002285,世联行,2.1500000000,2.1600000000,98655889.0000000000,46686839.0000000000,-0.0046300000,0.9865588900,AKShare stock_zh_a_spot / 新浪
002286,保龄宝,7.8800000000,8.3000000000,108320802.0000000000,13690200.0000000000,-0.0506000000,1.0832080200,AKShare stock_zh_a_spot / 新浪
002287,奇正藏药,19.8600000000,20.6700000000,85478537.0000000000,4274565.0000000000,-0.0391900000,0.8547853700,AKShare stock_zh_a_spot / 新浪
002289,宇顺电子,41.4100000000,41.5000000000,249497124.0000000000,6024400.0000000000,-0.0021700000,2.4949712400,AKShare stock_zh_a_spot / 新浪
002290,禾盛新材,63.8500000000,65.5900000000,711125086.0000000000,11225608.0000000000,-0.0265300000,7.1112508600,AKShare stock_zh_a_spot / 新浪
002291,遥望科技,5.1700000000,5.2400000000,80776911.0000000000,15711913.0000000000,-0.0133600000,0.8077691100,AKShare stock_zh_a_spot / 新浪
002292,奥飞娱乐,7.8800000000,8.0900000000,209878993.0000000000,26515616.0000000000,-0.0259600000,2.0987899300,AKShare stock_zh_a_spot / 新浪
002293,罗莱生活,11.3100000000,11.3600000000,62477383.0000000000,5573906.0000000000,-0.0044000000,0.6247738300,AKShare stock_zh_a_spot / 新浪
002294,信立泰,32.6800000000,34.5300000000,1009756997.0000000000,30782223.0000000000,-0.0535800000,10.0975699700,AKShare stock_zh_a_spot / 新浪
002295,精艺股份,9.0500000000,8.9000000000,29035835.0000000000,3251600.0000000000,0.0168500000,0.2903583500,AKShare stock_zh_a_spot / 新浪
002296,辉煌科技,8.8500000000,8.7700000000,57844743.0000000000,6543116.0000000000,0.0091200000,0.5784474300,AKShare stock_zh_a_spot / 新浪
002297,博云新材,17.7800000000,17.2900000000,695366704.0000000000,39524616.0000000000,0.0283400000,6.9536670400,AKShare stock_zh_a_spot / 新浪
002298,中电鑫龙,7.9700000000,7.9800000000,143479081.0000000000,18085833.0000000000,-0.0012500000,1.4347908100,AKShare stock_zh_a_spot / 新浪
002299,圣农发展,16.0000000000,16.4800000000,284354358.0000000000,17538695.0000000000,-0.0291300000,2.8435435800,AKShare stock_zh_a_spot / 新浪
002300,太阳电缆,6.7200000000,6.7000000000,79785394.0000000000,11954438.0000000000,0.0029900000,0.7978539400,AKShare stock_zh_a_spot / 新浪
002301,齐心集团,7.3700000000,7.4600000000,67887837.0000000000,9270687.0000000000,-0.0120600000,0.6788783700,AKShare stock_zh_a_spot / 新浪
002302,西部建设,4.6300000000,4.7000000000,36877264.0000000000,8035916.0000000000,-0.0148900000,0.3687726400,AKShare stock_zh_a_spot / 新浪
002303,美盈森,4.7100000000,4.6100000000,186976581.0000000000,40295345.0000000000,0.0216900000,1.8697658100,AKShare stock_zh_a_spot / 新浪
002304,洋河股份,38.8300000000,39.4100000000,144863224.0000000000,3725199.0000000000,-0.0147200000,1.4486322400,AKShare stock_zh_a_spot / 新浪
002307,北新路桥,2.8800000000,2.9100000000,41898241.0000000000,14596837.0000000000,-0.0103100000,0.4189824100,AKShare stock_zh_a_spot / 新浪
002309,中利集团,2.9800000000,2.9900000000,239286353.0000000000,80709976.0000000000,-0.0033400000,2.3928635300,AKShare stock_zh_a_spot / 新浪
002310,东方新能,2.3100000000,2.3200000000,120601210.0000000000,52355558.0000000000,-0.0043100000,1.2060121000,AKShare stock_zh_a_spot / 新浪
002311,海大集团,45.7900000000,46.4000000000,364471490.0000000000,7877698.0000000000,-0.0131500000,3.6447149000,AKShare stock_zh_a_spot / 新浪
002312,川发龙蟒,8.2700000000,8.2700000000,95441483.0000000000,11614058.0000000000,0.0000000000,0.9544148300,AKShare stock_zh_a_spot / 新浪
002313,日海智能,8.8400000000,8.7800000000,368265363.0000000000,41498001.0000000000,0.0068300000,3.6826536300,AKShare stock_zh_a_spot / 新浪
002314,南山控股,2.1300000000,2.1600000000,41933359.0000000000,19788380.0000000000,-0.0138900000,0.4193335900,AKShare stock_zh_a_spot / 新浪
002315,焦点科技,25.8700000000,25.3700000000,175198474.0000000000,6882246.0000000000,0.0197100000,1.7519847400,AKShare stock_zh_a_spot / 新浪
002316,亚联发展,4.4500000000,4.4400000000,36810644.0000000000,8371300.0000000000,0.0022500000,0.3681064400,AKShare stock_zh_a_spot / 新浪
002317,众生药业,26.1700000000,27.3900000000,955104545.0000000000,36673768.0000000000,-0.0445400000,9.5510454500,AKShare stock_zh_a_spot / 新浪
002318,久立特材,19.2800000000,19.2800000000,76942392.0000000000,3997138.0000000000,0.0000000000,0.7694239200,AKShare stock_zh_a_spot / 新浪
002319,乐通股份,11.2900000000,11.2000000000,126134331.0000000000,11305800.0000000000,0.0080400000,1.2613433100,AKShare stock_zh_a_spot / 新浪
002320,海峡股份,6.3900000000,6.4900000000,78021414.0000000000,12190517.0000000000,-0.0154100000,0.7802141400,AKShare stock_zh_a_spot / 新浪
002321,华英农业,2.0300000000,2.0400000000,58815231.0000000000,29121998.0000000000,-0.0049000000,0.5881523100,AKShare stock_zh_a_spot / 新浪
002322,理工能科,11.7500000000,11.7900000000,133804702.0000000000,11467767.0000000000,-0.0033900000,1.3380470200,AKShare stock_zh_a_spot / 新浪
002324,普利特,8.9700000000,8.9100000000,108239263.0000000000,12154421.0000000000,0.0067300000,1.0823926300,AKShare stock_zh_a_spot / 新浪
002326,永太科技,20.1300000000,20.1600000000,590342895.0000000000,29271326.0000000000,-0.0014900000,5.9034289500,AKShare stock_zh_a_spot / 新浪
002327,富安娜,6.5500000000,6.6300000000,20855209.0000000000,3192700.0000000000,-0.0120700000,0.2085520900,AKShare stock_zh_a_spot / 新浪
002328,新朋股份,7.1600000000,7.1000000000,121452985.0000000000,17115338.0000000000,0.0084500000,1.2145298500,AKShare stock_zh_a_spot / 新浪
002329,皇氏集团,3.7000000000,3.5100000000,409528590.0000000000,113611590.0000000000,0.0541300000,4.0952859000,AKShare stock_zh_a_spot / 新浪
002330,得利斯,4.0200000000,4.1100000000,52135846.0000000000,13029723.0000000000,-0.0219000000,0.5213584600,AKShare stock_zh_a_spot / 新浪
002331,皖通科技,6.8600000000,6.8900000000,37615843.0000000000,5498241.0000000000,-0.0043500000,0.3761584300,AKShare stock_zh_a_spot / 新浪
002332,仙琚制药,8.4400000000,8.6100000000,135570170.0000000000,16061225.0000000000,-0.0197400000,1.3557017000,AKShare stock_zh_a_spot / 新浪
002333,罗普斯金,5.2100000000,5.7100000000,222973311.0000000000,42646396.0000000000,-0.0875700000,2.2297331100,AKShare stock_zh_a_spot / 新浪
002334,英威腾,6.4600000000,6.4500000000,41347417.0000000000,6433905.0000000000,0.0015500000,0.4134741700,AKShare stock_zh_a_spot / 新浪
002335,科华数据,30.3000000000,29.9200000000,366319910.0000000000,12130663.0000000000,0.0127000000,3.6631991000,AKShare stock_zh_a_spot / 新浪
002337,赛象科技,4.6300000000,4.6200000000,23881410.0000000000,5200197.0000000000,0.0021600000,0.2388141000,AKShare stock_zh_a_spot / 新浪
002338,奥普光电,42.9400000000,42.8000000000,150080456.0000000000,3512271.0000000000,0.0032700000,1.5008045600,AKShare stock_zh_a_spot / 新浪
002339,积成电子,7.0600000000,7.1000000000,52925740.0000000000,7512706.0000000000,-0.0056300000,0.5292574000,AKShare stock_zh_a_spot / 新浪
002340,格林美,6.5200000000,6.4600000000,404756862.0000000000,62361299.0000000000,0.0092900000,4.0475686200,AKShare stock_zh_a_spot / 新浪
002342,巨力索具,7.5200000000,7.4100000000,247450757.0000000000,33161226.0000000000,0.0148400000,2.4745075700,AKShare stock_zh_a_spot / 新浪
002343,慈文传媒,4.9900000000,5.0900000000,83660578.0000000000,16816891.0000000000,-0.0196500000,0.8366057800,AKShare stock_zh_a_spot / 新浪
002344,海宁皮城,3.8500000000,3.9000000000,35890664.0000000000,9374354.0000000000,-0.0128200000,0.3589066400,AKShare stock_zh_a_spot / 新浪
002345,潮宏基,9.9700000000,10.1700000000,272521523.0000000000,27041845.0000000000,-0.0196700000,2.7252152300,AKShare stock_zh_a_spot / 新浪
002346,柘中股份,23.0700000000,23.6700000000,431648274.0000000000,18606549.0000000000,-0.0253500000,4.3164827400,AKShare stock_zh_a_spot / 新浪
002347,泰尔股份,5.9900000000,5.9200000000,73418218.0000000000,12410300.0000000000,0.0118200000,0.7341821800,AKShare stock_zh_a_spot / 新浪
002348,高乐股份,11.3300000000,11.3100000000,172842711.0000000000,15472898.0000000000,0.0017700000,1.7284271100,AKShare stock_zh_a_spot / 新浪
002349,精华制药,6.9200000000,7.2000000000,121243449.0000000000,17470780.0000000000,-0.0388900000,1.2124344900,AKShare stock_zh_a_spot / 新浪
002350,北京科锐,14.4500000000,14.5500000000,87112359.0000000000,6048960.0000000000,-0.0068700000,0.8711235900,AKShare stock_zh_a_spot / 新浪
002351,漫步者,9.8700000000,10.0800000000,83077395.0000000000,8384776.0000000000,-0.0208300000,0.8307739500,AKShare stock_zh_a_spot / 新浪
002352,顺丰控股,32.5000000000,32.8400000000,383969319.0000000000,11796780.0000000000,-0.0103500000,3.8396931900,AKShare stock_zh_a_spot / 新浪
002353,杰瑞股份,152.5000000000,153.2500000000,2015690218.0000000000,13131697.0000000000,-0.0048900000,20.1569021800,AKShare stock_zh_a_spot / 新浪
002354,天娱数科,7.2400000000,7.2900000000,895095136.0000000000,124052337.0000000000,-0.0068600000,8.9509513600,AKShare stock_zh_a_spot / 新浪
002355,兴民智通,4.8100000000,4.8300000000,63055539.0000000000,13188400.0000000000,-0.0041400000,0.6305553900,AKShare stock_zh_a_spot / 新浪
002356,鹏飞绿能,2.7600000000,2.7100000000,78365844.0000000000,28553693.0000000000,0.0184500000,0.7836584400,AKShare stock_zh_a_spot / 新浪
002357,富临运业,10.9500000000,10.8600000000,96974329.0000000000,8888112.0000000000,0.0082900000,0.9697432900,AKShare stock_zh_a_spot / 新浪
002358,森源电气,5.3200000000,5.3100000000,44116266.0000000000,8341507.0000000000,0.0018800000,0.4411626600,AKShare stock_zh_a_spot / 新浪
002361,神剑股份,10.4600000000,10.2500000000,1168361327.0000000000,113102295.0000000000,0.0204900000,11.6836132700,AKShare stock_zh_a_spot / 新浪
002362,汉王科技,15.7900000000,15.7400000000,39487894.0000000000,2521027.0000000000,0.0031800000,0.3948789400,AKShare stock_zh_a_spot / 新浪
002363,隆基机械,6.4400000000,6.4300000000,19948089.0000000000,3126963.0000000000,0.0015600000,0.1994808900,AKShare stock_zh_a_spot / 新浪
002364,中恒电气,39.1900000000,39.7300000000,1341468320.0000000000,34034390.0000000000,-0.0135900000,13.4146832000,AKShare stock_zh_a_spot / 新浪
002365,永安药业,16.5900000000,15.7600000000,1490578867.0000000000,92272911.0000000000,0.0526600000,14.9057886700,AKShare stock_zh_a_spot / 新浪
002366,融发核电,5.6700000000,5.6300000000,144395855.0000000000,25663600.0000000000,0.0071000000,1.4439585500,AKShare stock_zh_a_spot / 新浪
002367,康力电梯,5.3400000000,5.3700000000,28625291.0000000000,5370662.0000000000,-0.0055900000,0.2862529100,AKShare stock_zh_a_spot / 新浪
002368,太极股份,13.9600000000,14.0200000000,83017702.0000000000,5928178.0000000000,-0.0042800000,0.8301770200,AKShare stock_zh_a_spot / 新浪
002369,卓翼科技,5.9400000000,5.6800000000,190560005.0000000000,32655750.0000000000,0.0457700000,1.9056000500,AKShare stock_zh_a_spot / 新浪
002370,亚太药业,5.6600000000,5.8300000000,189636195.0000000000,33557937.0000000000,-0.0291600000,1.8963619500,AKShare stock_zh_a_spot / 新浪
002371,北方华创,714.4300000000,712.5500000000,4154125728.0000000000,5798436.0000000000,0.0026400000,41.5412572800,AKShare stock_zh_a_spot / 新浪
002372,伟星新材,8.2800000000,8.5000000000,90452289.0000000000,10895599.0000000000,-0.0258800000,0.9045228900,AKShare stock_zh_a_spot / 新浪
002373,千方科技,7.4700000000,7.6000000000,102074084.0000000000,13671700.0000000000,-0.0171100000,1.0207408400,AKShare stock_zh_a_spot / 新浪
002374,中锐股份,3.0900000000,3.0500000000,48072597.0000000000,15694456.0000000000,0.0131100000,0.4807259700,AKShare stock_zh_a_spot / 新浪
002375,亚厦股份,3.6000000000,3.6500000000,43673541.0000000000,12189352.0000000000,-0.0137000000,0.4367354100,AKShare stock_zh_a_spot / 新浪
002376,新北洋,6.7200000000,6.7500000000,86571123.0000000000,12888579.0000000000,-0.0044400000,0.8657112300,AKShare stock_zh_a_spot / 新浪
002377,国创高新,2.7100000000,2.6900000000,48978117.0000000000,18197952.0000000000,0.0074300000,0.4897811700,AKShare stock_zh_a_spot / 新浪
002378,章源钨业,26.2000000000,25.2000000000,897477095.0000000000,34603194.0000000000,0.0396800000,8.9747709500,AKShare stock_zh_a_spot / 新浪
002379,宏桥控股,18.2300000000,17.6000000000,904672468.0000000000,50194512.0000000000,0.0358000000,9.0467246800,AKShare stock_zh_a_spot / 新浪
002380,科远智慧,27.2700000000,27.2200000000,103213640.0000000000,3801738.0000000000,0.0018400000,1.0321364000,AKShare stock_zh_a_spot / 新浪
002381,双箭股份,5.5000000000,5.5000000000,23009881.0000000000,4228500.0000000000,0.0000000000,0.2300988100,AKShare stock_zh_a_spot / 新浪
002382,蓝帆医疗,5.8900000000,6.0100000000,83453391.0000000000,14170924.0000000000,-0.0199700000,0.8345339100,AKShare stock_zh_a_spot / 新浪
002383,合众思壮,6.8200000000,6.8200000000,37307452.0000000000,5503748.0000000000,0.0000000000,0.3730745200,AKShare stock_zh_a_spot / 新浪
002384,东山精密,201.0800000000,197.6700000000,10401811549.0000000000,51629424.0000000000,0.0172500000,104.0181154900,AKShare stock_zh_a_spot / 新浪
002385,大北农,3.1800000000,3.4100000000,577890617.0000000000,180349332.0000000000,-0.0674500000,5.7789061700,AKShare stock_zh_a_spot / 新浪
002386,天原股份,5.8500000000,5.7600000000,96086474.0000000000,16519494.0000000000,0.0156300000,0.9608647400,AKShare stock_zh_a_spot / 新浪
002387,维信诺,7.4100000000,7.2400000000,268795602.0000000000,36663413.0000000000,0.0234800000,2.6879560200,AKShare stock_zh_a_spot / 新浪
002388,新亚制程,6.0600000000,5.9300000000,218667678.0000000000,37060120.0000000000,0.0219200000,2.1866767800,AKShare stock_zh_a_spot / 新浪
002389,航天彩虹,17.6600000000,17.6100000000,129808892.0000000000,7383403.0000000000,0.0028400000,1.2980889200,AKShare stock_zh_a_spot / 新浪
002390,信邦制药,3.0400000000,3.1600000000,100705622.0000000000,33060063.0000000000,-0.0379700000,1.0070562200,AKShare stock_zh_a_spot / 新浪
002391,长青股份,5.0900000000,5.1700000000,41024423.0000000000,8097870.0000000000,-0.0154700000,0.4102442300,AKShare stock_zh_a_spot / 新浪
002392,北京利尔,7.5300000000,7.4100000000,69289691.0000000000,9294400.0000000000,0.0161900000,0.6928969100,AKShare stock_zh_a_spot / 新浪
002393,力生制药,14.4200000000,15.1000000000,84124966.0000000000,5808241.0000000000,-0.0450300000,0.8412496600,AKShare stock_zh_a_spot / 新浪
002394,联发股份,9.4900000000,9.5900000000,32667248.0000000000,3445300.0000000000,-0.0104300000,0.3266724800,AKShare stock_zh_a_spot / 新浪
002395,双象股份,12.3000000000,12.2800000000,22691222.0000000000,1861390.0000000000,0.0016300000,0.2269122200,AKShare stock_zh_a_spot / 新浪
002396,星网锐捷,33.1700000000,30.1500000000,2406313239.0000000000,74234594.0000000000,0.1001700000,24.0631323900,AKShare stock_zh_a_spot / 新浪
002397,梦洁股份,3.5500000000,3.5500000000,91664073.0000000000,26155499.0000000000,0.0000000000,0.9166407300,AKShare stock_zh_a_spot / 新浪
002398,垒知集团,4.0900000000,4.1200000000,36431633.0000000000,8956361.0000000000,-0.0072800000,0.3643163300,AKShare stock_zh_a_spot / 新浪
002399,海普瑞,10.4700000000,11.2800000000,249184847.0000000000,22933199.0000000000,-0.0718100000,2.4918484700,AKShare stock_zh_a_spot / 新浪
002400,省广集团,6.4300000000,6.4800000000,310865841.0000000000,48627295.0000000000,-0.0077200000,3.1086584100,AKShare stock_zh_a_spot / 新浪
002401,中远海科,12.2300000000,12.1300000000,33021489.0000000000,2720547.0000000000,0.0082400000,0.3302148900,AKShare stock_zh_a_spot / 新浪
002402,和而泰,18.9500000000,19.0100000000,383693118.0000000000,20321128.0000000000,-0.0031600000,3.8369311800,AKShare stock_zh_a_spot / 新浪
002403,爱仕达,9.4900000000,9.4400000000,26772398.0000000000,2837900.0000000000,0.0053000000,0.2677239800,AKShare stock_zh_a_spot / 新浪
002404,嘉欣丝绸,6.0600000000,6.1000000000,51124672.0000000000,8501950.0000000000,-0.0065600000,0.5112467200,AKShare stock_zh_a_spot / 新浪
002405,四维图新,6.3200000000,6.3300000000,143010297.0000000000,22678971.0000000000,-0.0015800000,1.4301029700,AKShare stock_zh_a_spot / 新浪
002406,远东传动,6.6600000000,6.6000000000,66943607.0000000000,10146465.0000000000,0.0090900000,0.6694360700,AKShare stock_zh_a_spot / 新浪
002407,多氟多,36.1500000000,36.0100000000,4432999862.0000000000,123149080.0000000000,0.0038900000,44.3299986200,AKShare stock_zh_a_spot / 新浪
002408,齐翔腾达,5.2200000000,5.2300000000,158421234.0000000000,30533172.0000000000,-0.0019100000,1.5842123400,AKShare stock_zh_a_spot / 新浪
002409,雅克科技,138.5000000000,138.3800000000,2639938007.0000000000,19076582.0000000000,0.0008700000,26.3993800700,AKShare stock_zh_a_spot / 新浪
002410,广联达,9.0100000000,9.1100000000,157042835.0000000000,17543188.0000000000,-0.0109800000,1.5704283500,AKShare stock_zh_a_spot / 新浪
002412,汉森制药,10.1900000000,9.2600000000,229530341.0000000000,22525058.0000000000,0.1004300000,2.2953034100,AKShare stock_zh_a_spot / 新浪
002413,雷科防务,7.7600000000,7.7100000000,227599685.0000000000,29558500.0000000000,0.0064900000,2.2759968500,AKShare stock_zh_a_spot / 新浪
002414,高德红外,13.5200000000,13.0900000000,777637509.0000000000,58458594.0000000000,0.0328500000,7.7763750900,AKShare stock_zh_a_spot / 新浪
002415,海康威视,34.4000000000,34.0700000000,1586257492.0000000000,46321505.0000000000,0.0096900000,15.8625749200,AKShare stock_zh_a_spot / 新浪
002416,爱施德,9.3100000000,9.4100000000,122533526.0000000000,13146780.0000000000,-0.0106300000,1.2253352600,AKShare stock_zh_a_spot / 新浪
002418,康盛股份,3.6900000000,3.5600000000,210997423.0000000000,58019299.0000000000,0.0365200000,2.1099742300,AKShare stock_zh_a_spot / 新浪
002419,天虹股份,4.5800000000,4.6700000000,42217642.0000000000,9235309.0000000000,-0.0192700000,0.4221764200,AKShare stock_zh_a_spot / 新浪
002420,毅昌科技,5.8300000000,5.8300000000,33920564.0000000000,5836357.0000000000,0.0000000000,0.3392056400,AKShare stock_zh_a_spot / 新浪
002421,达实智能,3.1000000000,3.1000000000,337413131.0000000000,109774952.0000000000,0.0000000000,3.3741313100,AKShare stock_zh_a_spot / 新浪
002422,科伦药业,44.8700000000,47.1500000000,1323263305.0000000000,29197395.0000000000,-0.0483600000,13.2326330500,AKShare stock_zh_a_spot / 新浪
002423,中粮资本,8.9700000000,9.0500000000,138597232.0000000000,15440550.0000000000,-0.0088400000,1.3859723200,AKShare stock_zh_a_spot / 新浪
002425,凯撒文化,3.0600000000,3.0800000000,94151374.0000000000,30932545.0000000000,-0.0064900000,0.9415137400,AKShare stock_zh_a_spot / 新浪
002426,胜利精密,2.6200000000,2.5900000000,160240988.0000000000,61797614.0000000000,0.0115800000,1.6024098800,AKShare stock_zh_a_spot / 新浪
002427,尤夫股份,4.5300000000,4.6100000000,172461173.0000000000,38281191.0000000000,-0.0173500000,1.7246117300,AKShare stock_zh_a_spot / 新浪
002428,云南锗业,100.8800000000,103.5600000000,6230669095.0000000000,61238715.0000000000,-0.0258800000,62.3066909500,AKShare stock_zh_a_spot / 新浪
002429,兆驰股份,8.2500000000,8.3200000000,646092382.0000000000,79378647.0000000000,-0.0084100000,6.4609238200,AKShare stock_zh_a_spot / 新浪
002430,杭氧股份,23.1800000000,22.8700000000,215015708.0000000000,9280500.0000000000,0.0135500000,2.1501570800,AKShare stock_zh_a_spot / 新浪
002432,九安医疗,70.7000000000,69.6600000000,1186794293.0000000000,16842877.0000000000,0.0149300000,11.8679429300,AKShare stock_zh_a_spot / 新浪
002434,万里扬,5.7300000000,5.7800000000,58468391.0000000000,10212301.0000000000,-0.0086500000,0.5846839100,AKShare stock_zh_a_spot / 新浪
002436,兴森科技,35.3500000000,33.8100000000,4411142083.0000000000,126148749.0000000000,0.0455500000,44.1114208300,AKShare stock_zh_a_spot / 新浪
002437,誉衡药业,4.3500000000,4.7300000000,2994888034.0000000000,668639264.0000000000,-0.0803400000,29.9488803400,AKShare stock_zh_a_spot / 新浪
002438,江苏神通,13.8500000000,13.9100000000,63350495.0000000000,4574175.0000000000,-0.0043100000,0.6335049500,AKShare stock_zh_a_spot / 新浪
002439,启明星辰,13.3200000000,13.3100000000,154376092.0000000000,11657207.0000000000,0.0007500000,1.5437609200,AKShare stock_zh_a_spot / 新浪
002440,闰土股份,12.3000000000,12.5400000000,280503630.0000000000,22808175.0000000000,-0.0191400000,2.8050363000,AKShare stock_zh_a_spot / 新浪
002441,众业达,7.8000000000,7.8100000000,27593859.0000000000,3556656.0000000000,-0.0012800000,0.2759385900,AKShare stock_zh_a_spot / 新浪
002442,龙星科技,4.9700000000,4.9500000000,37990146.0000000000,7700278.0000000000,0.0040400000,0.3799014600,AKShare stock_zh_a_spot / 新浪
002443,金洲管道,9.2700000000,9.4700000000,195218014.0000000000,21196000.0000000000,-0.0211200000,1.9521801400,AKShare stock_zh_a_spot / 新浪
002444,巨星科技,29.4100000000,30.5100000000,285559803.0000000000,9633443.0000000000,-0.0360500000,2.8555980300,AKShare stock_zh_a_spot / 新浪
002446,盛路通信,8.5200000000,8.5200000000,142294081.0000000000,16799915.0000000000,0.0000000000,1.4229408100,AKShare stock_zh_a_spot / 新浪
002448,中原内配,12.7600000000,12.3600000000,308924288.0000000000,24586001.0000000000,0.0323600000,3.0892428800,AKShare stock_zh_a_spot / 新浪
002449,国星光电,7.0700000000,6.4300000000,305651205.0000000000,44047567.0000000000,0.0995300000,3.0565120500,AKShare stock_zh_a_spot / 新浪
002451,摩恩电气,7.1800000000,7.2400000000,37282519.0000000000,5203033.0000000000,-0.0082900000,0.3728251900,AKShare stock_zh_a_spot / 新浪
002452,长高电气,11.2200000000,11.1600000000,76005554.0000000000,6802355.0000000000,0.0053800000,0.7600555400,AKShare stock_zh_a_spot / 新浪
002453,华软科技,4.3900000000,4.3900000000,39289458.0000000000,9032200.0000000000,0.0000000000,0.3928945800,AKShare stock_zh_a_spot / 新浪
002454,松芝股份,4.9800000000,4.9500000000,46469158.0000000000,9429622.0000000000,0.0060600000,0.4646915800,AKShare stock_zh_a_spot / 新浪
002455,百川股份,7.2000000000,7.1600000000,144594632.0000000000,20262191.0000000000,0.0055900000,1.4459463200,AKShare stock_zh_a_spot / 新浪
002456,欧菲光,7.0900000000,6.8300000000,685484402.0000000000,97856040.0000000000,0.0380700000,6.8548440200,AKShare stock_zh_a_spot / 新浪
002457,青龙管业,10.6100000000,10.5200000000,115633711.0000000000,10946800.0000000000,0.0085600000,1.1563371100,AKShare stock_zh_a_spot / 新浪
002458,益生股份,8.8900000000,9.2400000000,345302091.0000000000,38456240.0000000000,-0.0378800000,3.4530209100,AKShare stock_zh_a_spot / 新浪
002459,晶澳科技,7.3000000000,7.3000000000,170975786.0000000000,23425397.0000000000,0.0000000000,1.7097578600,AKShare stock_zh_a_spot / 新浪
002460,赣锋锂业,54.1200000000,51.2700000000,3291579501.0000000000,61417110.0000000000,0.0555900000,32.9157950100,AKShare stock_zh_a_spot / 新浪
002461,珠江啤酒,8.4800000000,8.7400000000,45375093.0000000000,5343050.0000000000,-0.0297500000,0.4537509300,AKShare stock_zh_a_spot / 新浪
002462,嘉事堂,12.1000000000,12.3400000000,50340098.0000000000,4177982.0000000000,-0.0194500000,0.5034009800,AKShare stock_zh_a_spot / 新浪
002463,沪电股份,121.2100000000,114.3200000000,5952246112.0000000000,49927178.0000000000,0.0602700000,59.5224611200,AKShare stock_zh_a_spot / 新浪
002465,海格通信,9.8900000000,9.8000000000,326270119.0000000000,33082778.0000000000,0.0091800000,3.2627011900,AKShare stock_zh_a_spot / 新浪
002466,天齐锂业,48.3800000000,46.0300000000,3165705200.0000000000,66099307.0000000000,0.0510500000,31.6570520000,AKShare stock_zh_a_spot / 新浪
002467,二六三,4.5000000000,4.5300000000,100025629.0000000000,22375437.0000000000,-0.0066200000,1.0002562900,AKShare stock_zh_a_spot / 新浪
002468,申通快递,14.1900000000,14.3900000000,149464539.0000000000,10485291.0000000000,-0.0139000000,1.4946453900,AKShare stock_zh_a_spot / 新浪
002469,三维化学,6.4900000000,6.0300000000,206082812.0000000000,32719083.0000000000,0.0762900000,2.0608281200,AKShare stock_zh_a_spot / 新浪
002470,金正大,1.9400000000,1.9200000000,222553588.0000000000,116401400.0000000000,0.0104200000,2.2255358800,AKShare stock_zh_a_spot / 新浪
002471,中超控股,5.2900000000,5.2100000000,221855776.0000000000,42452156.0000000000,0.0153600000,2.2185577600,AKShare stock_zh_a_spot / 新浪
002472,双环传动,36.0800000000,35.9200000000,471920624.0000000000,13163600.0000000000,0.0044500000,4.7192062400,AKShare stock_zh_a_spot / 新浪
002474,榕基软件,6.0900000000,6.1400000000,85841820.0000000000,14241271.0000000000,-0.0081400000,0.8584182000,AKShare stock_zh_a_spot / 新浪
002475,立讯精密,54.6500000000,53.3400000000,5382824019.0000000000,98812265.0000000000,0.0245600000,53.8282401900,AKShare stock_zh_a_spot / 新浪
002476,新叶股份,5.0100000000,4.9000000000,62888017.0000000000,12708753.0000000000,0.0224500000,0.6288801700,AKShare stock_zh_a_spot / 新浪
002478,常宝股份,6.3100000000,6.3500000000,94370135.0000000000,15045875.0000000000,-0.0063000000,0.9437013500,AKShare stock_zh_a_spot / 新浪
002479,富春环保,5.9800000000,5.7900000000,220168113.0000000000,37177030.0000000000,0.0328200000,2.2016811300,AKShare stock_zh_a_spot / 新浪
002480,新筑股份,5.4300000000,5.4000000000,33845918.0000000000,6310807.0000000000,0.0055600000,0.3384591800,AKShare stock_zh_a_spot / 新浪
002481,双塔食品,4.1500000000,4.2200000000,58051200.0000000000,14022973.0000000000,-0.0165900000,0.5805120000,AKShare stock_zh_a_spot / 新浪
002482,广田集团,1.2700000000,1.2800000000,44604259.0000000000,35343779.0000000000,-0.0078100000,0.4460425900,AKShare stock_zh_a_spot / 新浪
002483,润邦股份,5.4200000000,5.4700000000,58111957.0000000000,10768197.0000000000,-0.0091400000,0.5811195700,AKShare stock_zh_a_spot / 新浪
002484,江海股份,64.3300000000,59.9700000000,3333906125.0000000000,53247969.0000000000,0.0727000000,33.3390612500,AKShare stock_zh_a_spot / 新浪
002486,嘉麟杰,2.5700000000,2.5600000000,49120617.0000000000,19266000.0000000000,0.0039100000,0.4912061700,AKShare stock_zh_a_spot / 新浪
002487,大金重工,39.1800000000,39.1900000000,506709380.0000000000,12967780.0000000000,-0.0002600000,5.0670938000,AKShare stock_zh_a_spot / 新浪
002488,金固股份,8.2500000000,8.1900000000,154535371.0000000000,18700026.0000000000,0.0073300000,1.5453537100,AKShare stock_zh_a_spot / 新浪
002489,浙江永强,2.7100000000,2.7200000000,34558494.0000000000,12819600.0000000000,-0.0036800000,0.3455849400,AKShare stock_zh_a_spot / 新浪
002490,山东墨龙,8.1600000000,7.8500000000,687728953.0000000000,84727799.0000000000,0.0394900000,6.8772895300,AKShare stock_zh_a_spot / 新浪
002491,通鼎互联,21.2000000000,19.2700000000,7263185994.0000000000,358326052.0000000000,0.1001600000,72.6318599400,AKShare stock_zh_a_spot / 新浪
002492,恒基达鑫,5.5600000000,5.4900000000,23107742.0000000000,4207000.0000000000,0.0127500000,0.2310774200,AKShare stock_zh_a_spot / 新浪
002493,荣盛石化,13.7600000000,13.5300000000,681379981.0000000000,49956017.0000000000,0.0170000000,6.8137998100,AKShare stock_zh_a_spot / 新浪
002494,华斯股份,4.8300000000,4.8500000000,34952673.0000000000,7285500.0000000000,-0.0041200000,0.3495267300,AKShare stock_zh_a_spot / 新浪
002495,佳隆股份,2.3800000000,2.4000000000,39519400.0000000000,16779920.0000000000,-0.0083300000,0.3951940000,AKShare stock_zh_a_spot / 新浪
002496,辉丰股份,2.0900000000,2.0900000000,59289613.0000000000,28796880.0000000000,0.0000000000,0.5928961300,AKShare stock_zh_a_spot / 新浪
002497,雅化集团,19.4800000000,18.6000000000,1030951366.0000000000,53464082.0000000000,0.0473100000,10.3095136600,AKShare stock_zh_a_spot / 新浪
002498,汉缆股份,6.2700000000,6.2200000000,296620775.0000000000,47464465.0000000000,0.0080400000,2.9662077500,AKShare stock_zh_a_spot / 新浪
002500,山西证券,5.2200000000,5.2200000000,54378064.0000000000,10446828.0000000000,0.0000000000,0.5437806400,AKShare stock_zh_a_spot / 新浪
002506,协鑫集成,2.6100000000,2.5700000000,359510998.0000000000,138503477.0000000000,0.0155600000,3.5951099800,AKShare stock_zh_a_spot / 新浪
002507,涪陵榨菜,11.1900000000,11.3900000000,115969573.0000000000,10340170.0000000000,-0.0175600000,1.1596957300,AKShare stock_zh_a_spot / 新浪
002508,老板电器,16.1800000000,16.3400000000,98505372.0000000000,6097365.0000000000,-0.0097900000,0.9850537200,AKShare stock_zh_a_spot / 新浪
002510,天汽模,5.5200000000,5.4600000000,62713746.0000000000,11483763.0000000000,0.0109900000,0.6271374600,AKShare stock_zh_a_spot / 新浪
002511,中顺洁柔,7.0300000000,7.1900000000,124854986.0000000000,17788834.0000000000,-0.0222500000,1.2485498600,AKShare stock_zh_a_spot / 新浪
002513,蓝丰生化,5.3400000000,5.3600000000,38670978.0000000000,7308567.0000000000,-0.0037300000,0.3867097800,AKShare stock_zh_a_spot / 新浪
002515,金字火腿,8.2400000000,8.0800000000,625610308.0000000000,76331764.0000000000,0.0198000000,6.2561030800,AKShare stock_zh_a_spot / 新浪
002516,旷达科技,5.2200000000,5.1700000000,40162248.0000000000,7751200.0000000000,0.0096700000,0.4016224800,AKShare stock_zh_a_spot / 新浪
002517,恺英网络,16.6200000000,16.6500000000,902987876.0000000000,54794294.0000000000,-0.0018000000,9.0298787600,AKShare stock_zh_a_spot / 新浪
002518,科士达,33.3800000000,32.7500000000,341658819.0000000000,10174868.0000000000,0.0192400000,3.4165881900,AKShare stock_zh_a_spot / 新浪
002519,银河电子,5.2900000000,5.2700000000,93583450.0000000000,17806094.0000000000,0.0038000000,0.9358345000,AKShare stock_zh_a_spot / 新浪
002520,日发精机,5.9400000000,5.9900000000,178012130.0000000000,30112573.0000000000,-0.0083500000,1.7801213000,AKShare stock_zh_a_spot / 新浪
002521,齐峰新材,6.7100000000,6.7800000000,19662761.0000000000,2924200.0000000000,-0.0103200000,0.1966276100,AKShare stock_zh_a_spot / 新浪
002522,浙江众成,5.1100000000,5.1400000000,145146667.0000000000,28487266.0000000000,-0.0058400000,1.4514666700,AKShare stock_zh_a_spot / 新浪
002523,天桥起重,3.3400000000,3.3400000000,55536710.0000000000,16779836.0000000000,0.0000000000,0.5553671000,AKShare stock_zh_a_spot / 新浪
002524,光正眼科,4.0300000000,4.0000000000,68917613.0000000000,17334000.0000000000,0.0075000000,0.6891761300,AKShare stock_zh_a_spot / 新浪
002526,山东矿机,2.6500000000,2.6600000000,54879903.0000000000,20861961.0000000000,-0.0037600000,0.5487990300,AKShare stock_zh_a_spot / 新浪
002527,新时达,11.2300000000,11.1300000000,52030557.0000000000,4668814.0000000000,0.0089800000,0.5203055700,AKShare stock_zh_a_spot / 新浪
002529,海源复材,7.0400000000,7.0500000000,32620334.0000000000,4685642.0000000000,-0.0014200000,0.3262033400,AKShare stock_zh_a_spot / 新浪
002530,金财互联,7.0500000000,7.0400000000,52272132.0000000000,7445999.0000000000,0.0014200000,0.5227213200,AKShare stock_zh_a_spot / 新浪
002531,天顺风能,6.1500000000,6.1100000000,148200531.0000000000,24202690.0000000000,0.0065500000,1.4820053100,AKShare stock_zh_a_spot / 新浪
002532,天山铝业,12.6700000000,12.4000000000,1032150098.0000000000,82393641.0000000000,0.0217700000,10.3215009800,AKShare stock_zh_a_spot / 新浪
002533,金杯电工,11.2200000000,11.2200000000,40032048.0000000000,3584196.0000000000,0.0000000000,0.4003204800,AKShare stock_zh_a_spot / 新浪
002534,西子洁能,15.3800000000,15.4800000000,88108749.0000000000,5735593.0000000000,-0.0064600000,0.8810874900,AKShare stock_zh_a_spot / 新浪
002535,林州重机,2.5300000000,2.5100000000,37465188.0000000000,15004630.0000000000,0.0079700000,0.3746518800,AKShare stock_zh_a_spot / 新浪
002536,飞龙股份,46.9700000000,42.7000000000,1653153384.0000000000,35954362.0000000000,0.1000000000,16.5315338400,AKShare stock_zh_a_spot / 新浪
002537,海联金汇,5.7600000000,5.6900000000,229980147.0000000000,39673113.0000000000,0.0123000000,2.2998014700,AKShare stock_zh_a_spot / 新浪
002539,云图控股,12.8500000000,12.8200000000,221494472.0000000000,17277523.0000000000,0.0023400000,2.2149447200,AKShare stock_zh_a_spot / 新浪
002540,亚太科技,5.1400000000,5.1200000000,32630877.0000000000,6378318.0000000000,0.0039100000,0.3263087700,AKShare stock_zh_a_spot / 新浪
002541,鸿路钢构,20.1800000000,20.6500000000,186392570.0000000000,9209698.0000000000,-0.0227600000,1.8639257000,AKShare stock_zh_a_spot / 新浪
002543,万和电气,7.3100000000,7.6000000000,205841070.0000000000,27820975.0000000000,-0.0381600000,2.0584107000,AKShare stock_zh_a_spot / 新浪
002544,普天科技,16.1000000000,16.1500000000,129228392.0000000000,8042398.0000000000,-0.0031000000,1.2922839200,AKShare stock_zh_a_spot / 新浪
002545,东方铁塔,17.4200000000,17.3300000000,219957619.0000000000,12645097.0000000000,0.0051900000,2.1995761900,AKShare stock_zh_a_spot / 新浪
002546,新联电子,7.9700000000,7.9300000000,93176128.0000000000,11797900.0000000000,0.0050400000,0.9317612800,AKShare stock_zh_a_spot / 新浪
002548,金新农,4.0800000000,4.2200000000,117640886.0000000000,28895301.0000000000,-0.0331800000,1.1764088600,AKShare stock_zh_a_spot / 新浪
002549,凯美特气,13.7300000000,13.5700000000,212116700.0000000000,15467610.0000000000,0.0117900000,2.1211670000,AKShare stock_zh_a_spot / 新浪
002550,千红制药,6.7300000000,7.1000000000,256088558.0000000000,37709714.0000000000,-0.0521100000,2.5608855800,AKShare stock_zh_a_spot / 新浪
002551,尚荣医疗,3.3000000000,3.3500000000,52427827.0000000000,15949938.0000000000,-0.0149300000,0.5242782700,AKShare stock_zh_a_spot / 新浪
002552,宝鼎科技,55.1400000000,57.0400000000,2113658932.0000000000,38480473.0000000000,-0.0333100000,21.1365893200,AKShare stock_zh_a_spot / 新浪
002553,南方精工,15.3000000000,15.4100000000,137247527.0000000000,8990700.0000000000,-0.0071400000,1.3724752700,AKShare stock_zh_a_spot / 新浪
002554,惠博普,2.8800000000,2.8200000000,72714005.0000000000,25403144.0000000000,0.0212800000,0.7271400500,AKShare stock_zh_a_spot / 新浪
002555,三七互娱,18.5900000000,18.5400000000,359316986.0000000000,19469195.0000000000,0.0027000000,3.5931698600,AKShare stock_zh_a_spot / 新浪
002556,辉隆股份,5.0400000000,5.1800000000,54514149.0000000000,10822912.0000000000,-0.0270300000,0.5451414900,AKShare stock_zh_a_spot / 新浪
002557,洽洽食品,18.5500000000,18.8200000000,104449031.0000000000,5621125.0000000000,-0.0143500000,1.0444903100,AKShare stock_zh_a_spot / 新浪
002558,巨人网络,26.1300000000,26.4100000000,1060979004.0000000000,40734292.0000000000,-0.0106000000,10.6097900400,AKShare stock_zh_a_spot / 新浪
002559,亚威股份,9.4600000000,9.4500000000,125287272.0000000000,13318215.0000000000,0.0010600000,1.2528727200,AKShare stock_zh_a_spot / 新浪
002560,通达股份,6.0200000000,6.0900000000,141672794.0000000000,23733560.0000000000,-0.0114900000,1.4167279400,AKShare stock_zh_a_spot / 新浪
002561,徐家汇,6.6600000000,6.7800000000,28993399.0000000000,4364484.0000000000,-0.0177000000,0.2899339900,AKShare stock_zh_a_spot / 新浪
002562,兄弟科技,4.9000000000,5.0100000000,157846564.0000000000,32459100.0000000000,-0.0219600000,1.5784656400,AKShare stock_zh_a_spot / 新浪
002563,森马服饰,5.7100000000,5.8800000000,100233947.0000000000,17402711.0000000000,-0.0289100000,1.0023394700,AKShare stock_zh_a_spot / 新浪
002564,天沃科技,4.4200000000,4.4000000000,40535694.0000000000,9253972.0000000000,0.0045500000,0.4053569400,AKShare stock_zh_a_spot / 新浪
002565,顺灏股份,8.5800000000,8.5200000000,262223759.0000000000,30677584.0000000000,0.0070400000,2.6222375900,AKShare stock_zh_a_spot / 新浪
002566,益盛药业,6.7900000000,7.0200000000,62357429.0000000000,9203900.0000000000,-0.0327600000,0.6235742900,AKShare stock_zh_a_spot / 新浪
002567,唐人神,3.6300000000,3.7000000000,73845681.0000000000,20444125.0000000000,-0.0189200000,0.7384568100,AKShare stock_zh_a_spot / 新浪
002568,百润股份,18.1500000000,18.5500000000,137759260.0000000000,7591299.0000000000,-0.0215600000,1.3775926000,AKShare stock_zh_a_spot / 新浪
002570,贝因美,4.4500000000,4.5000000000,53081790.0000000000,11931223.0000000000,-0.0111100000,0.5308179000,AKShare stock_zh_a_spot / 新浪
002571,德力股份,10.9100000000,10.6500000000,47080667.0000000000,4388100.0000000000,0.0244100000,0.4708066700,AKShare stock_zh_a_spot / 新浪
002572,索菲亚,8.0900000000,8.2100000000,74311784.0000000000,9199655.0000000000,-0.0146200000,0.7431178400,AKShare stock_zh_a_spot / 新浪
002573,清新环境,3.1700000000,3.1900000000,40460363.0000000000,12830000.0000000000,-0.0062700000,0.4046036300,AKShare stock_zh_a_spot / 新浪
002574,明牌珠宝,4.7200000000,4.6600000000,37492439.0000000000,8021502.0000000000,0.0128800000,0.3749243900,AKShare stock_zh_a_spot / 新浪
002575,群兴玩具,4.9600000000,4.9700000000,86580634.0000000000,17580975.0000000000,-0.0020100000,0.8658063400,AKShare stock_zh_a_spot / 新浪
002576,通达动力,14.1700000000,14.1000000000,27847268.0000000000,1982300.0000000000,0.0049600000,0.2784726800,AKShare stock_zh_a_spot / 新浪
002577,雷柏科技,18.8700000000,18.4100000000,119724504.0000000000,6465565.0000000000,0.0249900000,1.1972450400,AKShare stock_zh_a_spot / 新浪
002578,闽发铝业,3.7300000000,3.7500000000,128615083.0000000000,34586500.0000000000,-0.0053300000,1.2861508300,AKShare stock_zh_a_spot / 新浪
002579,中京电子,14.8600000000,15.2900000000,1434419327.0000000000,97062664.0000000000,-0.0281200000,14.3441932700,AKShare stock_zh_a_spot / 新浪
002580,圣阳股份,19.1400000000,19.9200000000,907881346.0000000000,47029519.0000000000,-0.0391600000,9.0788134600,AKShare stock_zh_a_spot / 新浪
002582,好想你,10.3500000000,10.5900000000,244409046.0000000000,23708837.0000000000,-0.0226600000,2.4440904600,AKShare stock_zh_a_spot / 新浪
002583,海能达,8.1200000000,8.0200000000,106310162.0000000000,13146800.0000000000,0.0124700000,1.0631016200,AKShare stock_zh_a_spot / 新浪
002584,西陇科学,8.0500000000,8.0600000000,113379907.0000000000,14169343.0000000000,-0.0012400000,1.1337990700,AKShare stock_zh_a_spot / 新浪
002585,双星新材,10.0300000000,9.7600000000,616436292.0000000000,62221955.0000000000,0.0276600000,6.1643629200,AKShare stock_zh_a_spot / 新浪
002587,奥拓电子,5.3900000000,5.3700000000,61245202.0000000000,11461600.0000000000,0.0037200000,0.6124520200,AKShare stock_zh_a_spot / 新浪
002588,史丹利,7.8100000000,7.9600000000,146243554.0000000000,18843724.0000000000,-0.0188400000,1.4624355400,AKShare stock_zh_a_spot / 新浪
002589,瑞康医药,3.1800000000,3.3800000000,507301790.0000000000,158883419.0000000000,-0.0591700000,5.0730179000,AKShare stock_zh_a_spot / 新浪
002590,万安科技,9.3300000000,9.2700000000,33913406.0000000000,3651173.0000000000,0.0064700000,0.3391340600,AKShare stock_zh_a_spot / 新浪
002591,恒大高新,6.3300000000,6.3500000000,46284017.0000000000,7399896.0000000000,-0.0031500000,0.4628401700,AKShare stock_zh_a_spot / 新浪
002593,日上集团,4.4400000000,4.4600000000,40240272.0000000000,9106793.0000000000,-0.0044800000,0.4024027200,AKShare stock_zh_a_spot / 新浪
002594,比亚迪,90.4700000000,90.4800000000,1612726254.0000000000,17886205.0000000000,-0.0001100000,16.1272625400,AKShare stock_zh_a_spot / 新浪
002595,豪迈科技,48.4200000000,49.6500000000,197456929.0000000000,4050220.0000000000,-0.0247700000,1.9745692900,AKShare stock_zh_a_spot / 新浪
002596,海南瑞泽,3.2600000000,3.2000000000,81387134.0000000000,25292500.0000000000,0.0187500000,0.8138713400,AKShare stock_zh_a_spot / 新浪
002597,金禾实业,19.8300000000,19.9900000000,59709954.0000000000,3008900.0000000000,-0.0080000000,0.5970995400,AKShare stock_zh_a_spot / 新浪
002599,盛通股份,5.7800000000,5.8700000000,32472519.0000000000,5605319.0000000000,-0.0153300000,0.3247251900,AKShare stock_zh_a_spot / 新浪
002600,领益智造,12.2400000000,12.2000000000,837387148.0000000000,68861754.0000000000,0.0032800000,8.3738714800,AKShare stock_zh_a_spot / 新浪
002601,龙佰集团,15.7700000000,15.5700000000,313761441.0000000000,19880822.0000000000,0.0128500000,3.1376144100,AKShare stock_zh_a_spot / 新浪
002602,世纪华通,13.8200000000,13.8400000000,825213887.0000000000,60228594.0000000000,-0.0014500000,8.2521388700,AKShare stock_zh_a_spot / 新浪
002603,以岭药业,16.4500000000,17.3800000000,775608979.0000000000,46658610.0000000000,-0.0535100000,7.7560897900,AKShare stock_zh_a_spot / 新浪
002605,姚记科技,17.4800000000,17.6700000000,59530278.0000000000,3413600.0000000000,-0.0107500000,0.5953027800,AKShare stock_zh_a_spot / 新浪
002606,大连电瓷,13.6500000000,13.3900000000,198567182.0000000000,14700523.0000000000,0.0194200000,1.9856718200,AKShare stock_zh_a_spot / 新浪
002607,中公教育,2.0200000000,2.0300000000,183417145.0000000000,91034767.0000000000,-0.0049300000,1.8341714500,AKShare stock_zh_a_spot / 新浪
002608,江苏国信,6.9700000000,7.0400000000,67350624.0000000000,9669601.0000000000,-0.0099400000,0.6735062400,AKShare stock_zh_a_spot / 新浪
002609,捷顺科技,7.6600000000,7.6900000000,39982132.0000000000,5239780.0000000000,-0.0039000000,0.3998213200,AKShare stock_zh_a_spot / 新浪
002611,东方精工,14.9500000000,14.7500000000,220425342.0000000000,14863749.0000000000,0.0135600000,2.2042534200,AKShare stock_zh_a_spot / 新浪
002612,朗姿股份,14.9400000000,15.4800000000,100048317.0000000000,6661700.0000000000,-0.0348800000,1.0004831700,AKShare stock_zh_a_spot / 新浪
002613,北玻股份,3.4000000000,3.3400000000,76764615.0000000000,22819200.0000000000,0.0179600000,0.7676461500,AKShare stock_zh_a_spot / 新浪
002614,奥佳华,5.0800000000,5.0000000000,52748563.0000000000,10495250.0000000000,0.0160000000,0.5274856300,AKShare stock_zh_a_spot / 新浪
002615,哈尔斯,6.5000000000,6.5600000000,43521788.0000000000,6740292.0000000000,-0.0091500000,0.4352178800,AKShare stock_zh_a_spot / 新浪
002616,长青集团,4.7500000000,4.8100000000,29085379.0000000000,6127744.0000000000,-0.0124700000,0.2908537900,AKShare stock_zh_a_spot / 新浪
002617,露笑科技,6.1600000000,6.1900000000,306468870.0000000000,49758382.0000000000,-0.0048500000,3.0646887000,AKShare stock_zh_a_spot / 新浪
002622,皓宸医疗,2.5100000000,2.5600000000,72055670.0000000000,29001200.0000000000,-0.0195300000,0.7205567000,AKShare stock_zh_a_spot / 新浪
002623,亚玛顿,15.3800000000,15.3100000000,38180952.0000000000,2504836.0000000000,0.0045700000,0.3818095200,AKShare stock_zh_a_spot / 新浪
002624,完美世界,10.8800000000,11.1500000000,417591579.0000000000,38204800.0000000000,-0.0242200000,4.1759157900,AKShare stock_zh_a_spot / 新浪
002625,光启技术,28.1100000000,28.3100000000,333259698.0000000000,11851549.0000000000,-0.0070600000,3.3325969800,AKShare stock_zh_a_spot / 新浪
002626,金达威,16.6300000000,16.4800000000,148582317.0000000000,9025464.0000000000,0.0091000000,1.4858231700,AKShare stock_zh_a_spot / 新浪
002627,三峡旅游,6.5100000000,6.5300000000,60359417.0000000000,9404953.0000000000,-0.0030600000,0.6035941700,AKShare stock_zh_a_spot / 新浪
002628,成都路桥,4.9100000000,4.9000000000,55359279.0000000000,11383552.0000000000,0.0020400000,0.5535927900,AKShare stock_zh_a_spot / 新浪
002629,仁智股份,4.7400000000,4.7000000000,34550566.0000000000,7334800.0000000000,0.0085100000,0.3455056600,AKShare stock_zh_a_spot / 新浪
002631,德尔未来,9.5400000000,8.6700000000,376896749.0000000000,41079195.0000000000,0.1003500000,3.7689674900,AKShare stock_zh_a_spot / 新浪
002632,道明光学,8.4300000000,8.6900000000,163110248.0000000000,19592717.0000000000,-0.0299200000,1.6311024800,AKShare stock_zh_a_spot / 新浪
002633,申科股份,14.4700000000,14.4700000000,21823520.0000000000,1515556.0000000000,0.0000000000,0.2182352000,AKShare stock_zh_a_spot / 新浪
002635,安洁科技,15.6000000000,15.6200000000,256571879.0000000000,16517114.0000000000,-0.0012800000,2.5657187900,AKShare stock_zh_a_spot / 新浪
002636,金安国纪,63.7400000000,61.7100000000,2304239406.0000000000,36612173.0000000000,0.0329000000,23.0423940600,AKShare stock_zh_a_spot / 新浪
002637,赞宇科技,11.5300000000,12.1000000000,344000331.0000000000,29582347.0000000000,-0.0471100000,3.4400033100,AKShare stock_zh_a_spot / 新浪
002638,勤上股份,4.1300000000,3.7500000000,317387502.0000000000,79812643.0000000000,0.1013300000,3.1738750200,AKShare stock_zh_a_spot / 新浪
002639,雪人集团,11.5900000000,11.3100000000,208998925.0000000000,18203230.0000000000,0.0247600000,2.0899892500,AKShare stock_zh_a_spot / 新浪
002640,跨境通,3.2000000000,3.2000000000,183295120.0000000000,58075894.0000000000,0.0000000000,1.8329512000,AKShare stock_zh_a_spot / 新浪
002641,公元股份,3.9600000000,3.9300000000,30873143.0000000000,7868610.0000000000,0.0076300000,0.3087314300,AKShare stock_zh_a_spot / 新浪
002642,荣联科技,7.0500000000,7.0300000000,67644857.0000000000,9679523.0000000000,0.0028400000,0.6764485700,AKShare stock_zh_a_spot / 新浪
002643,万润股份,13.8800000000,13.9800000000,173679678.0000000000,12592639.0000000000,-0.0071500000,1.7367967800,AKShare stock_zh_a_spot / 新浪
002644,佛慈制药,8.2000000000,8.5200000000,108501962.0000000000,13221737.0000000000,-0.0375600000,1.0850196200,AKShare stock_zh_a_spot / 新浪
002645,华宏科技,19.4500000000,19.2000000000,530999856.0000000000,27655442.0000000000,0.0130200000,5.3099985600,AKShare stock_zh_a_spot / 新浪
002646,天佑德酒,6.7700000000,6.9000000000,34318221.0000000000,5097694.0000000000,-0.0188400000,0.3431822100,AKShare stock_zh_a_spot / 新浪
002647,仁东控股,12.5800000000,12.5200000000,429786130.0000000000,34394727.0000000000,0.0047900000,4.2978613000,AKShare stock_zh_a_spot / 新浪
002648,卫星化学,27.0000000000,27.1000000000,975806861.0000000000,36166835.0000000000,-0.0036900000,9.7580686100,AKShare stock_zh_a_spot / 新浪
002649,博彦科技,9.5200000000,9.4600000000,110391142.0000000000,11721323.0000000000,0.0063400000,1.1039114200,AKShare stock_zh_a_spot / 新浪
002651,利君股份,7.8300000000,7.8200000000,128352367.0000000000,16499615.0000000000,0.0012800000,1.2835236700,AKShare stock_zh_a_spot / 新浪
002652,扬子新材,3.9700000000,3.9400000000,55085052.0000000000,13980000.0000000000,0.0076100000,0.5508505200,AKShare stock_zh_a_spot / 新浪
002653,海思科,66.5500000000,69.2800000000,385220915.0000000000,5774128.0000000000,-0.0394100000,3.8522091500,AKShare stock_zh_a_spot / 新浪
002654,万润科技,13.4800000000,13.1500000000,637054397.0000000000,47134754.0000000000,0.0251000000,6.3705439700,AKShare stock_zh_a_spot / 新浪
002655,共达电声,37.7700000000,34.3400000000,1201894595.0000000000,32739890.0000000000,0.0998800000,12.0189459500,AKShare stock_zh_a_spot / 新浪
002656,摩登大道,2.9200000000,2.9300000000,22487221.0000000000,7724000.0000000000,-0.0034100000,0.2248722100,AKShare stock_zh_a_spot / 新浪
002657,中科金财,15.0500000000,14.8000000000,133194482.0000000000,8905308.0000000000,0.0168900000,1.3319448200,AKShare stock_zh_a_spot / 新浪
002658,雪迪龙,7.5500000000,7.8500000000,73195147.0000000000,9654004.0000000000,-0.0382200000,0.7319514700,AKShare stock_zh_a_spot / 新浪
002659,凯文教育,4.4100000000,4.4400000000,38818408.0000000000,8866076.0000000000,-0.0067600000,0.3881840800,AKShare stock_zh_a_spot / 新浪
002660,茂硕电源,7.4100000000,7.4800000000,48329493.0000000000,6551478.0000000000,-0.0093600000,0.4832949300,AKShare stock_zh_a_spot / 新浪
002661,克明食品,7.8900000000,8.1300000000,36387539.0000000000,4589091.0000000000,-0.0295200000,0.3638753900,AKShare stock_zh_a_spot / 新浪
002662,峰璟股份,3.1900000000,3.1600000000,30422459.0000000000,9631258.0000000000,0.0094900000,0.3042245900,AKShare stock_zh_a_spot / 新浪
002663,普邦股份,1.6700000000,1.6600000000,34459084.0000000000,21008549.0000000000,0.0060200000,0.3445908400,AKShare stock_zh_a_spot / 新浪
002664,信质集团,15.2500000000,15.2300000000,46337718.0000000000,3052600.0000000000,0.0013100000,0.4633771800,AKShare stock_zh_a_spot / 新浪
002666,德联集团,4.2300000000,4.2200000000,30305015.0000000000,7243612.0000000000,0.0023700000,0.3030501500,AKShare stock_zh_a_spot / 新浪
002668,TCL智家,9.2500000000,9.3700000000,128987565.0000000000,13963276.0000000000,-0.0128100000,1.2898756500,AKShare stock_zh_a_spot / 新浪
002669,康达新材,12.2900000000,12.0900000000,111308209.0000000000,9170105.0000000000,0.0165400000,1.1130820900,AKShare stock_zh_a_spot / 新浪
002670,国盛证券,10.6800000000,10.9500000000,184222750.0000000000,17147649.0000000000,-0.0246600000,1.8422275000,AKShare stock_zh_a_spot / 新浪
002671,龙泉股份,3.9400000000,3.9300000000,34164062.0000000000,8741488.0000000000,0.0025400000,0.3416406200,AKShare stock_zh_a_spot / 新浪
002672,东江环保,3.6500000000,3.6500000000,26107389.0000000000,7215791.0000000000,0.0000000000,0.2610738900,AKShare stock_zh_a_spot / 新浪
002673,西部证券,6.4600000000,6.4900000000,96540019.0000000000,14959171.0000000000,-0.0046200000,0.9654001900,AKShare stock_zh_a_spot / 新浪
002674,兴业科技,28.2900000000,28.4100000000,452053214.0000000000,15827180.0000000000,-0.0042200000,4.5205321400,AKShare stock_zh_a_spot / 新浪
002675,东诚药业,13.0400000000,13.3900000000,122730659.0000000000,9355193.0000000000,-0.0261400000,1.2273065900,AKShare stock_zh_a_spot / 新浪
002676,顺威股份,5.0700000000,5.0600000000,88548295.0000000000,17479234.0000000000,0.0019800000,0.8854829500,AKShare stock_zh_a_spot / 新浪
002677,浙江美大,6.8000000000,6.8600000000,31725675.0000000000,4685995.0000000000,-0.0087500000,0.3172567500,AKShare stock_zh_a_spot / 新浪
002678,珠江钢琴,4.9000000000,4.8900000000,124421443.0000000000,25551800.0000000000,0.0020400000,1.2442144300,AKShare stock_zh_a_spot / 新浪
002679,福建金森,9.2300000000,9.3300000000,36508545.0000000000,4002500.0000000000,-0.0107200000,0.3650854500,AKShare stock_zh_a_spot / 新浪
002681,奋达科技,4.4300000000,4.3800000000,117229531.0000000000,26649284.0000000000,0.0114200000,1.1722953100,AKShare stock_zh_a_spot / 新浪
002682,龙洲股份,4.5900000000,4.5500000000,161664984.0000000000,35731309.0000000000,0.0087900000,1.6166498400,AKShare stock_zh_a_spot / 新浪
002683,广东宏大,29.7900000000,29.8500000000,191233332.0000000000,6465421.0000000000,-0.0020100000,1.9123333200,AKShare stock_zh_a_spot / 新浪
002685,华东重机,5.4100000000,5.3900000000,137583584.0000000000,25626747.0000000000,0.0037100000,1.3758358400,AKShare stock_zh_a_spot / 新浪
002686,亿利达,6.7200000000,6.1100000000,237551515.0000000000,35618917.0000000000,0.0998400000,2.3755151500,AKShare stock_zh_a_spot / 新浪
002687,乔治白,6.1400000000,6.1300000000,105923971.0000000000,17401468.0000000000,0.0016300000,1.0592397100,AKShare stock_zh_a_spot / 新浪
002688,金河生物,5.1700000000,5.3600000000,64911471.0000000000,12520001.0000000000,-0.0354500000,0.6491147100,AKShare stock_zh_a_spot / 新浪
002690,美亚光电,15.3200000000,15.5600000000,59166011.0000000000,3859551.0000000000,-0.0154200000,0.5916601100,AKShare stock_zh_a_spot / 新浪
002692,远程股份,4.2900000000,4.1700000000,67189952.0000000000,15867294.0000000000,0.0287800000,0.6718995200,AKShare stock_zh_a_spot / 新浪
002693,双成药业,9.4100000000,9.9800000000,430260367.0000000000,45257825.0000000000,-0.0571100000,4.3026036700,AKShare stock_zh_a_spot / 新浪
002695,煌上煌,11.1500000000,11.2200000000,99107238.0000000000,8914793.0000000000,-0.0062400000,0.9910723800,AKShare stock_zh_a_spot / 新浪
002696,百洋股份,5.9500000000,6.0600000000,107231063.0000000000,17960300.0000000000,-0.0181500000,1.0723106300,AKShare stock_zh_a_spot / 新浪
002697,红旗连锁,4.4700000000,4.5600000000,73829363.0000000000,16549215.0000000000,-0.0197400000,0.7382936300,AKShare stock_zh_a_spot / 新浪
002698,博实股份,12.7200000000,11.9300000000,307079366.0000000000,24740283.0000000000,0.0662200000,3.0707936600,AKShare stock_zh_a_spot / 新浪
002700,万憬能源,6.4000000000,6.3100000000,32182132.0000000000,5057700.0000000000,0.0142600000,0.3218213200,AKShare stock_zh_a_spot / 新浪
002701,奥瑞金,4.6400000000,4.6900000000,66563287.0000000000,14330412.0000000000,-0.0106600000,0.6656328700,AKShare stock_zh_a_spot / 新浪
002702,海欣食品,4.8600000000,4.9100000000,89927384.0000000000,18632570.0000000000,-0.0101800000,0.8992738400,AKShare stock_zh_a_spot / 新浪
002703,浙江世宝,13.6500000000,13.4400000000,273958359.0000000000,20215744.0000000000,0.0156300000,2.7395835900,AKShare stock_zh_a_spot / 新浪
002705,新宝股份,11.2000000000,11.3000000000,53281825.0000000000,4766121.0000000000,-0.0088500000,0.5328182500,AKShare stock_zh_a_spot / 新浪
002706,良信股份,10.0000000000,10.1200000000,338242758.0000000000,33828300.0000000000,-0.0118600000,3.3824275800,AKShare stock_zh_a_spot / 新浪
002707,众信旅游,5.2400000000,5.3000000000,109836763.0000000000,21108702.0000000000,-0.0113200000,1.0983676300,AKShare stock_zh_a_spot / 新浪
002708,光洋股份,11.1300000000,10.8700000000,166845083.0000000000,15252700.0000000000,0.0239200000,1.6684508300,AKShare stock_zh_a_spot / 新浪
002709,天赐材料,37.9600000000,37.0800000000,2699536943.0000000000,71027574.0000000000,0.0237300000,26.9953694300,AKShare stock_zh_a_spot / 新浪
002712,思美传媒,4.6900000000,4.7100000000,48257402.0000000000,10361000.0000000000,-0.0042500000,0.4825740200,AKShare stock_zh_a_spot / 新浪
002713,东易日盛,9.3100000000,9.4500000000,111375480.0000000000,11958913.0000000000,-0.0148100000,1.1137548000,AKShare stock_zh_a_spot / 新浪
002714,牧原股份,39.0700000000,39.8200000000,1449569575.0000000000,36889992.0000000000,-0.0188300000,14.4956957500,AKShare stock_zh_a_spot / 新浪
002715,登云股份,14.1500000000,14.2700000000,29422628.0000000000,2081000.0000000000,-0.0084100000,0.2942262800,AKShare stock_zh_a_spot / 新浪
002716,湖南白银,10.4200000000,9.4700000000,4312985678.0000000000,424831682.0000000000,0.1003200000,43.1298567800,AKShare stock_zh_a_spot / 新浪
002718,友邦吊顶,86.6600000000,86.4000000000,56727864.0000000000,660188.0000000000,0.0030100000,0.5672786400,AKShare stock_zh_a_spot / 新浪
002721,金一文化,2.7300000000,2.5900000000,553394918.0000000000,204945529.0000000000,0.0540500000,5.5339491800,AKShare stock_zh_a_spot / 新浪
002722,物产金轮,12.8600000000,13.0100000000,30859577.0000000000,2393307.0000000000,-0.0115300000,0.3085957700,AKShare stock_zh_a_spot / 新浪
002723,小崧股份,7.2800000000,7.1200000000,61520604.0000000000,8657960.0000000000,0.0224700000,0.6152060400,AKShare stock_zh_a_spot / 新浪
002724,海洋王,6.1600000000,5.9000000000,249086033.0000000000,40982659.0000000000,0.0440700000,2.4908603300,AKShare stock_zh_a_spot / 新浪
002725,跃岭股份,11.2900000000,11.1900000000,37752386.0000000000,3368547.0000000000,0.0089400000,0.3775238600,AKShare stock_zh_a_spot / 新浪
002727,一心堂,11.6100000000,11.9000000000,112364950.0000000000,9723927.0000000000,-0.0243700000,1.1236495000,AKShare stock_zh_a_spot / 新浪
002728,特一药业,8.9000000000,9.4500000000,210354674.0000000000,23601507.0000000000,-0.0582000000,2.1035467400,AKShare stock_zh_a_spot / 新浪
002729,好利科技,13.6700000000,13.5600000000,36935178.0000000000,2725299.0000000000,0.0081100000,0.3693517800,AKShare stock_zh_a_spot / 新浪
002730,电光科技,21.2500000000,21.0400000000,126149179.0000000000,5938930.0000000000,0.0099800000,1.2614917900,AKShare stock_zh_a_spot / 新浪
002732,燕塘乳业,13.7900000000,13.9900000000,15313826.0000000000,1116600.0000000000,-0.0143000000,0.1531382600,AKShare stock_zh_a_spot / 新浪
002733,雄韬股份,18.4700000000,18.2900000000,192653864.0000000000,10429649.0000000000,0.0098400000,1.9265386400,AKShare stock_zh_a_spot / 新浪
002734,利民股份,14.5800000000,14.7000000000,130667625.0000000000,9012690.0000000000,-0.0081600000,1.3066762500,AKShare stock_zh_a_spot / 新浪
002735,王子新材,11.6000000000,11.0800000000,224507113.0000000000,19600505.0000000000,0.0469300000,2.2450711300,AKShare stock_zh_a_spot / 新浪
002736,国信证券,9.8200000000,9.8600000000,136011487.0000000000,13846234.0000000000,-0.0040600000,1.3601148700,AKShare stock_zh_a_spot / 新浪
002737,葵花药业,13.0400000000,13.6200000000,108906634.0000000000,8299605.0000000000,-0.0425800000,1.0890663400,AKShare stock_zh_a_spot / 新浪
002738,中矿资源,54.3000000000,51.6300000000,1619280435.0000000000,29977911.0000000000,0.0517100000,16.1928043500,AKShare stock_zh_a_spot / 新浪
002739,儒意电影,8.4100000000,8.5000000000,389940673.0000000000,46575500.0000000000,-0.0105900000,3.8994067300,AKShare stock_zh_a_spot / 新浪
002741,光华科技,26.0400000000,25.5600000000,726550885.0000000000,27946090.0000000000,0.0187800000,7.2655088500,AKShare stock_zh_a_spot / 新浪
002742,冀衡医药,4.0600000000,4.3400000000,141681064.0000000000,34687000.0000000000,-0.0645200000,1.4168106400,AKShare stock_zh_a_spot / 新浪
002743,富煌钢构,4.6000000000,4.4200000000,368327221.0000000000,79793060.0000000000,0.0407200000,3.6832722100,AKShare stock_zh_a_spot / 新浪
002745,木林森,11.3600000000,11.0500000000,595136527.0000000000,53086585.0000000000,0.0280500000,5.9513652700,AKShare stock_zh_a_spot / 新浪
002746,仙坛股份,6.2000000000,6.3200000000,123705276.0000000000,19950817.0000000000,-0.0189900000,1.2370527600,AKShare stock_zh_a_spot / 新浪
002747,埃斯顿,33.5700000000,32.7700000000,1776850918.0000000000,53398977.0000000000,0.0244100000,17.7685091800,AKShare stock_zh_a_spot / 新浪
002748,世龙实业,11.7500000000,11.7300000000,48252627.0000000000,4118500.0000000000,0.0017100000,0.4825262700,AKShare stock_zh_a_spot / 新浪
002749,国光股份,8.5900000000,8.8200000000,36411764.0000000000,4227300.0000000000,-0.0260800000,0.3641176400,AKShare stock_zh_a_spot / 新浪
002752,昇兴股份,5.9400000000,5.9300000000,35915071.0000000000,6097217.0000000000,0.0016900000,0.3591507100,AKShare stock_zh_a_spot / 新浪
002753,永东股份,6.6700000000,6.6400000000,30822142.0000000000,4643262.0000000000,0.0045200000,0.3082214200,AKShare stock_zh_a_spot / 新浪
002755,奥赛康,12.9100000000,14.0000000000,349315620.0000000000,26395100.0000000000,-0.0778600000,3.4931562000,AKShare stock_zh_a_spot / 新浪
002756,永兴材料,47.6900000000,46.2000000000,687526365.0000000000,14442399.0000000000,0.0322500000,6.8752636500,AKShare stock_zh_a_spot / 新浪
002757,南兴股份,16.1000000000,16.2500000000,120399549.0000000000,7514744.0000000000,-0.0092300000,1.2039954900,AKShare stock_zh_a_spot / 新浪
002758,浙农股份,7.9000000000,8.1700000000,74555266.0000000000,9398791.0000000000,-0.0330500000,0.7455526600,AKShare stock_zh_a_spot / 新浪
002760,凤形股份,17.5100000000,17.5000000000,55892405.0000000000,3229100.0000000000,0.0005700000,0.5589240500,AKShare stock_zh_a_spot / 新浪
002761,浙江建投,7.0900000000,7.2600000000,88293596.0000000000,12510215.0000000000,-0.0234200000,0.8829359600,AKShare stock_zh_a_spot / 新浪
002762,金发拉比,10.2300000000,10.2100000000,79260581.0000000000,7832664.0000000000,0.0019600000,0.7926058100,AKShare stock_zh_a_spot / 新浪
002763,汇洁股份,7.3400000000,7.6100000000,74966468.0000000000,10351900.0000000000,-0.0354800000,0.7496646800,AKShare stock_zh_a_spot / 新浪
002765,蓝黛科技,7.0500000000,7.0200000000,39820118.0000000000,5684039.0000000000,0.0042700000,0.3982011800,AKShare stock_zh_a_spot / 新浪
002766,索菱股份,4.1700000000,4.1500000000,68200205.0000000000,16465438.0000000000,0.0048200000,0.6820020500,AKShare stock_zh_a_spot / 新浪
002767,先锋电子,18.2000000000,18.2100000000,29548015.0000000000,1642800.0000000000,-0.0005500000,0.2954801500,AKShare stock_zh_a_spot / 新浪
002768,国恩股份,65.2100000000,65.5000000000,410741238.0000000000,6325344.0000000000,-0.0044300000,4.1074123800,AKShare stock_zh_a_spot / 新浪
002769,普路通,6.9900000000,6.9000000000,38381260.0000000000,5542851.0000000000,0.0130400000,0.3838126000,AKShare stock_zh_a_spot / 新浪
002771,真视通,12.3200000000,12.4500000000,45025527.0000000000,3666038.0000000000,-0.0104400000,0.4502552700,AKShare stock_zh_a_spot / 新浪
002772,众兴菌业,10.4300000000,10.7400000000,132827515.0000000000,12729097.0000000000,-0.0288600000,1.3282751500,AKShare stock_zh_a_spot / 新浪
002773,康弘药业,21.1100000000,22.4500000000,300425586.0000000000,14085230.0000000000,-0.0596900000,3.0042558600,AKShare stock_zh_a_spot / 新浪
002774,快意电梯,16.3100000000,16.1500000000,207909892.0000000000,12674956.0000000000,0.0099100000,2.0790989200,AKShare stock_zh_a_spot / 新浪
002775,文科股份,3.5400000000,3.4900000000,41013542.0000000000,11750840.0000000000,0.0143300000,0.4101354200,AKShare stock_zh_a_spot / 新浪
002777,久远银海,12.5100000000,12.6000000000,57228927.0000000000,4604439.0000000000,-0.0071400000,0.5722892700,AKShare stock_zh_a_spot / 新浪
002778,中晟高科,15.7600000000,15.6300000000,22416715.0000000000,1438460.0000000000,0.0083200000,0.2241671500,AKShare stock_zh_a_spot / 新浪
002779,中坚科技,74.7500000000,74.1500000000,174870205.0000000000,2357810.0000000000,0.0080900000,1.7487020500,AKShare stock_zh_a_spot / 新浪
002780,三夫户外,13.0600000000,13.2700000000,48898178.0000000000,3768745.0000000000,-0.0158300000,0.4889817800,AKShare stock_zh_a_spot / 新浪
002782,可立克,15.3400000000,15.1100000000,114221887.0000000000,7464467.0000000000,0.0152200000,1.1422188700,AKShare stock_zh_a_spot / 新浪
002783,凯龙股份,7.8200000000,7.8300000000,54454619.0000000000,7005335.0000000000,-0.0012800000,0.5445461900,AKShare stock_zh_a_spot / 新浪
002785,万里石,32.5800000000,32.5000000000,119674622.0000000000,3682149.0000000000,0.0024600000,1.1967462200,AKShare stock_zh_a_spot / 新浪
002786,银宝山新,7.7500000000,7.6000000000,60247444.0000000000,7860428.0000000000,0.0197400000,0.6024744400,AKShare stock_zh_a_spot / 新浪
002787,华源控股,21.9500000000,21.4000000000,392263819.0000000000,17606926.0000000000,0.0257000000,3.9226381900,AKShare stock_zh_a_spot / 新浪
002788,鹭燕医药,10.9200000000,11.4300000000,164617236.0000000000,14966379.0000000000,-0.0446200000,1.6461723600,AKShare stock_zh_a_spot / 新浪
002790,瑞尔特,5.8900000000,5.9500000000,25959183.0000000000,4424386.0000000000,-0.0100800000,0.2595918300,AKShare stock_zh_a_spot / 新浪
002791,坚朗五金,14.9000000000,15.1500000000,57476407.0000000000,3881200.0000000000,-0.0165000000,0.5747640700,AKShare stock_zh_a_spot / 新浪
002792,通宇通讯,31.5900000000,31.7300000000,791360893.0000000000,25084888.0000000000,-0.0044100000,7.9136089300,AKShare stock_zh_a_spot / 新浪
002793,罗欣药业,5.0000000000,5.3100000000,247547984.0000000000,48973921.0000000000,-0.0583800000,2.4754798400,AKShare stock_zh_a_spot / 新浪
002795,永和智控,7.1400000000,7.0300000000,80996561.0000000000,11458160.0000000000,0.0156500000,0.8099656100,AKShare stock_zh_a_spot / 新浪
002796,世嘉科技,30.2500000000,29.8900000000,253246321.0000000000,8359739.0000000000,0.0120400000,2.5324632100,AKShare stock_zh_a_spot / 新浪
002797,第一创业,6.3200000000,6.3200000000,155651009.0000000000,24688800.0000000000,0.0000000000,1.5565100900,AKShare stock_zh_a_spot / 新浪
002798,帝欧水华,5.7500000000,5.7400000000,31364159.0000000000,5485300.0000000000,0.0017400000,0.3136415900,AKShare stock_zh_a_spot / 新浪
002799,环球印务,6.7600000000,6.7700000000,27177933.0000000000,4063942.0000000000,-0.0014800000,0.2717793300,AKShare stock_zh_a_spot / 新浪
002800,天顺股份,14.1500000000,13.6100000000,49887553.0000000000,3617352.0000000000,0.0396800000,0.4988755300,AKShare stock_zh_a_spot / 新浪
002801,微光股份,26.7800000000,27.0100000000,17227855.0000000000,644650.0000000000,-0.0085200000,0.1722785500,AKShare stock_zh_a_spot / 新浪
002802,洪汇新材,12.4000000000,11.6500000000,95056492.0000000000,7860701.0000000000,0.0643800000,0.9505649200,AKShare stock_zh_a_spot / 新浪
002803,吉宏股份,18.5300000000,18.5400000000,142197354.0000000000,7746653.0000000000,-0.0005400000,1.4219735400,AKShare stock_zh_a_spot / 新浪
002805,丰元股份,19.4200000000,18.6200000000,277818832.0000000000,14494360.0000000000,0.0429600000,2.7781883200,AKShare stock_zh_a_spot / 新浪
002806,华锋股份,14.2800000000,13.7400000000,104046641.0000000000,7410503.0000000000,0.0393000000,1.0404664100,AKShare stock_zh_a_spot / 新浪
002807,江阴银行,4.0100000000,3.9700000000,263872258.0000000000,65568463.0000000000,0.0100800000,2.6387225800,AKShare stock_zh_a_spot / 新浪
002809,红墙股份,8.4400000000,8.4800000000,46339150.0000000000,5521161.0000000000,-0.0047200000,0.4633915000,AKShare stock_zh_a_spot / 新浪
002810,山东赫达,20.9600000000,21.2700000000,106261765.0000000000,5075922.0000000000,-0.0145700000,1.0626176500,AKShare stock_zh_a_spot / 新浪
002811,郑中设计,13.5400000000,13.3200000000,334687443.0000000000,25551286.0000000000,0.0165200000,3.3468744300,AKShare stock_zh_a_spot / 新浪
002812,恩捷股份,56.8200000000,55.8400000000,1335361370.0000000000,23417626.0000000000,0.0175500000,13.3536137000,AKShare stock_zh_a_spot / 新浪
002813,路畅科技,20.3600000000,20.3000000000,24443275.0000000000,1212595.0000000000,0.0029600000,0.2444327500,AKShare stock_zh_a_spot / 新浪
002815,崇达技术,13.8200000000,12.9300000000,1030111792.0000000000,74681007.0000000000,0.0688300000,10.3011179200,AKShare stock_zh_a_spot / 新浪
002817,黄山胶囊,6.6900000000,6.7200000000,34474868.0000000000,5211300.0000000000,-0.0044600000,0.3447486800,AKShare stock_zh_a_spot / 新浪
002818,富森美,10.8800000000,10.9500000000,32615204.0000000000,3006149.0000000000,-0.0063900000,0.3261520400,AKShare stock_zh_a_spot / 新浪
002819,东方中科,20.9100000000,21.8500000000,96230510.0000000000,4571800.0000000000,-0.0430200000,0.9623051000,AKShare stock_zh_a_spot / 新浪
002820,桂发祥,9.4000000000,9.9400000000,352726509.0000000000,38282614.0000000000,-0.0543300000,3.5272650900,AKShare stock_zh_a_spot / 新浪
002821,凯莱英,168.1000000000,182.4000000000,3507334546.0000000000,20533769.0000000000,-0.0784000000,35.0733454600,AKShare stock_zh_a_spot / 新浪
002823,凯中精密,12.7800000000,12.7600000000,42973309.0000000000,3385895.0000000000,0.0015700000,0.4297330900,AKShare stock_zh_a_spot / 新浪
002824,和胜股份,23.9500000000,23.9600000000,334817974.0000000000,13946892.0000000000,-0.0004200000,3.3481797400,AKShare stock_zh_a_spot / 新浪
002825,纳尔股份,9.0400000000,9.0300000000,29233435.0000000000,3249800.0000000000,0.0011100000,0.2923343500,AKShare stock_zh_a_spot / 新浪
002826,易明医药,17.3400000000,17.7800000000,69622799.0000000000,4014378.0000000000,-0.0247500000,0.6962279900,AKShare stock_zh_a_spot / 新浪
002827,高争民爆,55.0000000000,57.7800000000,1071943117.0000000000,19846304.0000000000,-0.0481100000,10.7194311700,AKShare stock_zh_a_spot / 新浪
002828,贝肯能源,12.0800000000,12.0500000000,236576687.0000000000,19295550.0000000000,0.0024900000,2.3657668700,AKShare stock_zh_a_spot / 新浪
002829,星网宇达,19.6000000000,19.7900000000,127865057.0000000000,6535300.0000000000,-0.0096000000,1.2786505700,AKShare stock_zh_a_spot / 新浪
002830,名雕股份,13.6900000000,13.6500000000,30566440.0000000000,2242260.0000000000,0.0029300000,0.3056644000,AKShare stock_zh_a_spot / 新浪
002831,裕同科技,25.5300000000,25.5500000000,151324585.0000000000,5919860.0000000000,-0.0007800000,1.5132458500,AKShare stock_zh_a_spot / 新浪
002832,比音勒芬,24.2900000000,24.9700000000,396482036.0000000000,16243881.0000000000,-0.0272300000,3.9648203600,AKShare stock_zh_a_spot / 新浪
002833,弘亚数控,18.2000000000,18.4000000000,40914361.0000000000,2256367.0000000000,-0.0108700000,0.4091436100,AKShare stock_zh_a_spot / 新浪
002835,同为股份,12.4500000000,12.5600000000,24710666.0000000000,1992707.0000000000,-0.0087600000,0.2471066600,AKShare stock_zh_a_spot / 新浪
002836,新宏泽,9.9000000000,10.0700000000,25381632.0000000000,2563223.0000000000,-0.0168800000,0.2538163200,AKShare stock_zh_a_spot / 新浪
002837,英维克,54.1200000000,52.9300000000,1994156539.0000000000,36850706.0000000000,0.0224800000,19.9415653900,AKShare stock_zh_a_spot / 新浪
002838,道恩股份,25.2300000000,24.2200000000,267943444.0000000000,10907490.0000000000,0.0417000000,2.6794344400,AKShare stock_zh_a_spot / 新浪
002839,张家港行,4.3300000000,4.3600000000,106308509.0000000000,24514780.0000000000,-0.0068800000,1.0630850900,AKShare stock_zh_a_spot / 新浪
002840,华统股份,8.2500000000,8.3000000000,107838999.0000000000,13059293.0000000000,-0.0060200000,1.0783899900,AKShare stock_zh_a_spot / 新浪
002841,视源股份,49.1500000000,49.5100000000,206548393.0000000000,4198971.0000000000,-0.0072700000,2.0654839300,AKShare stock_zh_a_spot / 新浪
002842,翔鹭钨业,39.4700000000,37.3800000000,1488701794.0000000000,38236546.0000000000,0.0559100000,14.8870179400,AKShare stock_zh_a_spot / 新浪
002843,泰嘉股份,16.3300000000,15.5800000000,190598455.0000000000,11818005.0000000000,0.0481400000,1.9059845500,AKShare stock_zh_a_spot / 新浪
002845,同兴达,13.1800000000,13.2200000000,119453901.0000000000,9116517.0000000000,-0.0030300000,1.1945390100,AKShare stock_zh_a_spot / 新浪
002846,英联股份,10.3200000000,10.2400000000,45984298.0000000000,4485522.0000000000,0.0078100000,0.4598429800,AKShare stock_zh_a_spot / 新浪
002847,盐津铺子,44.2900000000,45.1900000000,190593289.0000000000,4300760.0000000000,-0.0199200000,1.9059328900,AKShare stock_zh_a_spot / 新浪
002848,高斯贝尔,13.3100000000,13.2000000000,69972361.0000000000,5308200.0000000000,0.0083300000,0.6997236100,AKShare stock_zh_a_spot / 新浪
002849,威星智能,18.3500000000,17.7000000000,138673930.0000000000,7641933.0000000000,0.0367200000,1.3867393000,AKShare stock_zh_a_spot / 新浪
002850,科达利,183.8200000000,180.4600000000,533494601.0000000000,2902000.0000000000,0.0186200000,5.3349460100,AKShare stock_zh_a_spot / 新浪
002851,麦格米特,128.0600000000,118.2800000000,4259089802.0000000000,34277790.0000000000,0.0826900000,42.5908980200,AKShare stock_zh_a_spot / 新浪
002852,道道全,8.0100000000,8.4900000000,124045515.0000000000,15389927.0000000000,-0.0565400000,1.2404551500,AKShare stock_zh_a_spot / 新浪
002853,皮阿诺,20.5000000000,20.7000000000,19805749.0000000000,960000.0000000000,-0.0096600000,0.1980574900,AKShare stock_zh_a_spot / 新浪
002855,捷荣技术,10.1500000000,10.0400000000,23726161.0000000000,2366000.0000000000,0.0109600000,0.2372616100,AKShare stock_zh_a_spot / 新浪
002857,三晖电气,18.7600000000,18.6000000000,50910817.0000000000,2760900.0000000000,0.0086000000,0.5091081700,AKShare stock_zh_a_spot / 新浪
002858,力盛体育,11.6000000000,11.6800000000,26277330.0000000000,2278500.0000000000,-0.0068500000,0.2627733000,AKShare stock_zh_a_spot / 新浪
002859,洁美科技,67.4700000000,66.7000000000,1089032872.0000000000,16172716.0000000000,0.0115400000,10.8903287200,AKShare stock_zh_a_spot / 新浪
002860,星帅尔,17.4000000000,17.8200000000,293493892.0000000000,16907931.0000000000,-0.0235700000,2.9349389200,AKShare stock_zh_a_spot / 新浪
002861,瀛通通讯,15.9000000000,15.9800000000,63403477.0000000000,4005620.0000000000,-0.0050100000,0.6340347700,AKShare stock_zh_a_spot / 新浪
002862,实丰文化,13.4500000000,13.4700000000,28449873.0000000000,2137040.0000000000,-0.0014800000,0.2844987300,AKShare stock_zh_a_spot / 新浪
002863,今飞凯达,4.7000000000,4.6900000000,71285882.0000000000,15257673.0000000000,0.0021300000,0.7128588200,AKShare stock_zh_a_spot / 新浪
002864,盘龙药业,21.6100000000,22.5600000000,107569887.0000000000,4957892.0000000000,-0.0421100000,1.0756988700,AKShare stock_zh_a_spot / 新浪
002865,钧达股份,41.9000000000,41.6800000000,316415342.0000000000,7597076.0000000000,0.0052800000,3.1641534200,AKShare stock_zh_a_spot / 新浪
002866,传艺科技,14.7100000000,14.6900000000,74573079.0000000000,5116401.0000000000,0.0013600000,0.7457307900,AKShare stock_zh_a_spot / 新浪
002867,周大生,12.3100000000,12.3300000000,68152792.0000000000,5540100.0000000000,-0.0016200000,0.6815279200,AKShare stock_zh_a_spot / 新浪
002868,绿康生化,22.0900000000,22.4000000000,27154152.0000000000,1233800.0000000000,-0.0138400000,0.2715415200,AKShare stock_zh_a_spot / 新浪
002869,金溢科技,15.9600000000,15.8700000000,29014841.0000000000,1834229.0000000000,0.0056700000,0.2901484100,AKShare stock_zh_a_spot / 新浪
002870,香山股份,48.2000000000,47.5400000000,206464592.0000000000,4385400.0000000000,0.0138800000,2.0646459200,AKShare stock_zh_a_spot / 新浪
002871,伟隆股份,16.6500000000,16.5200000000,34602655.0000000000,2090706.0000000000,0.0078700000,0.3460265500,AKShare stock_zh_a_spot / 新浪
002873,新天药业,8.4400000000,8.6500000000,79290183.0000000000,9402769.0000000000,-0.0242800000,0.7929018300,AKShare stock_zh_a_spot / 新浪
002875,安奈儿,13.1800000000,13.3400000000,48854389.0000000000,3713000.0000000000,-0.0119900000,0.4885438900,AKShare stock_zh_a_spot / 新浪
002876,三利谱,29.9200000000,30.1500000000,128601689.0000000000,4309192.0000000000,-0.0076300000,1.2860168900,AKShare stock_zh_a_spot / 新浪
002877,智能自控,7.3300000000,7.3500000000,20990966.0000000000,2879653.0000000000,-0.0027200000,0.2099096600,AKShare stock_zh_a_spot / 新浪
002878,元隆雅图,12.4300000000,12.3100000000,50921356.0000000000,4121720.0000000000,0.0097500000,0.5092135600,AKShare stock_zh_a_spot / 新浪
002879,长缆科技,15.9000000000,15.9600000000,91169651.0000000000,5740950.0000000000,-0.0037600000,0.9116965100,AKShare stock_zh_a_spot / 新浪
002880,卫光生物,21.1200000000,21.8900000000,121485753.0000000000,5665127.0000000000,-0.0351800000,1.2148575300,AKShare stock_zh_a_spot / 新浪
002881,美格智能,37.8500000000,38.0200000000,141469095.0000000000,3732242.0000000000,-0.0044700000,1.4146909500,AKShare stock_zh_a_spot / 新浪
002882,金龙羽,21.6000000000,21.0200000000,181984565.0000000000,8445300.0000000000,0.0275900000,1.8198456500,AKShare stock_zh_a_spot / 新浪
002884,凌霄泵业,15.9800000000,16.1800000000,25820829.0000000000,1611900.0000000000,-0.0123600000,0.2582082900,AKShare stock_zh_a_spot / 新浪
002885,京泉华,28.7700000000,28.3100000000,460579138.0000000000,15988117.0000000000,0.0162500000,4.6057913800,AKShare stock_zh_a_spot / 新浪
002886,沃特股份,21.2400000000,19.3100000000,350051260.0000000000,17344155.0000000000,0.0999500000,3.5005126000,AKShare stock_zh_a_spot / 新浪
002887,绿茵生态,9.2200000000,9.2900000000,61102355.0000000000,6671796.0000000000,-0.0075300000,0.6110235500,AKShare stock_zh_a_spot / 新浪
002888,惠威科技,17.7800000000,17.5900000000,24069889.0000000000,1365408.0000000000,0.0108000000,0.2406988900,AKShare stock_zh_a_spot / 新浪
002889,东方嘉盛,12.6700000000,12.6300000000,46122040.0000000000,3669332.0000000000,0.0031700000,0.4612204000,AKShare stock_zh_a_spot / 新浪
002890,弘宇股份,14.5300000000,14.5600000000,21542340.0000000000,1495800.0000000000,-0.0020600000,0.2154234000,AKShare stock_zh_a_spot / 新浪
002891,中宠股份,29.2500000000,29.5300000000,173227431.0000000000,5947323.0000000000,-0.0094800000,1.7322743100,AKShare stock_zh_a_spot / 新浪
002892,科力尔,9.0100000000,9.0600000000,37178070.0000000000,4132918.0000000000,-0.0055200000,0.3717807000,AKShare stock_zh_a_spot / 新浪
002893,京能热力,9.8300000000,9.8900000000,46137376.0000000000,4705282.0000000000,-0.0060700000,0.4613737600,AKShare stock_zh_a_spot / 新浪
002895,川恒股份,33.7000000000,32.6000000000,286355365.0000000000,8537173.0000000000,0.0337400000,2.8635536500,AKShare stock_zh_a_spot / 新浪
002896,中大力德,68.6200000000,68.7600000000,766721460.0000000000,11355765.0000000000,-0.0020400000,7.6672146000,AKShare stock_zh_a_spot / 新浪
002897,意华股份,57.7100000000,56.5200000000,345062307.0000000000,6024105.0000000000,0.0210500000,3.4506230700,AKShare stock_zh_a_spot / 新浪
002899,英派斯,19.6000000000,19.3900000000,50970930.0000000000,2625700.0000000000,0.0108300000,0.5097093000,AKShare stock_zh_a_spot / 新浪
002900,哈三联,13.7700000000,15.3000000000,262288328.0000000000,19035300.0000000000,-0.1000000000,2.6228832800,AKShare stock_zh_a_spot / 新浪
002901,大博医疗,44.2100000000,44.4000000000,82585673.0000000000,1877801.0000000000,-0.0042800000,0.8258567300,AKShare stock_zh_a_spot / 新浪
002902,铭普光磁,24.7600000000,24.8900000000,201290411.0000000000,8100097.0000000000,-0.0052200000,2.0129041100,AKShare stock_zh_a_spot / 新浪
002903,宇环数控,33.7400000000,30.6700000000,857018771.0000000000,26529407.0000000000,0.1001000000,8.5701877100,AKShare stock_zh_a_spot / 新浪
002905,金逸影视,7.7500000000,7.7200000000,42043772.0000000000,5506587.0000000000,0.0038900000,0.4204377200,AKShare stock_zh_a_spot / 新浪
002907,华森制药,14.2600000000,15.1500000000,391304330.0000000000,27593170.0000000000,-0.0587500000,3.9130433000,AKShare stock_zh_a_spot / 新浪
002908,德生科技,6.9400000000,6.9400000000,25852513.0000000000,3743156.0000000000,0.0000000000,0.2585251300,AKShare stock_zh_a_spot / 新浪
002909,集泰股份,5.2200000000,5.1900000000,23995314.0000000000,4643527.0000000000,0.0057800000,0.2399531400,AKShare stock_zh_a_spot / 新浪
002910,庄园牧场,9.5200000000,9.5200000000,52326332.0000000000,5542800.0000000000,0.0000000000,0.5232633200,AKShare stock_zh_a_spot / 新浪
002911,佛燃能源,10.7100000000,10.7600000000,48271443.0000000000,4495458.0000000000,-0.0046500000,0.4827144300,AKShare stock_zh_a_spot / 新浪
002912,中新赛克,18.8100000000,19.0200000000,40267843.0000000000,2150600.0000000000,-0.0110400000,0.4026784300,AKShare stock_zh_a_spot / 新浪
002913,奥士康,60.3700000000,58.7900000000,326690436.0000000000,5486618.0000000000,0.0268800000,3.2669043600,AKShare stock_zh_a_spot / 新浪
002915,中欣氟材,16.9100000000,16.8600000000,67341590.0000000000,4001744.0000000000,0.0029700000,0.6734159000,AKShare stock_zh_a_spot / 新浪
002916,深南电路,358.2500000000,345.0000000000,2856073480.0000000000,8019937.0000000000,0.0384100000,28.5607348000,AKShare stock_zh_a_spot / 新浪
002917,金奥博,10.2600000000,10.2700000000,19656031.0000000000,1926747.0000000000,-0.0009700000,0.1965603100,AKShare stock_zh_a_spot / 新浪
002918,蒙娜丽莎,10.1300000000,9.9900000000,90758646.0000000000,9087628.0000000000,0.0140100000,0.9075864600,AKShare stock_zh_a_spot / 新浪
002919,名臣健康,17.3000000000,17.5400000000,48315705.0000000000,2803407.0000000000,-0.0136800000,0.4831570500,AKShare stock_zh_a_spot / 新浪
002920,德赛西威,86.4200000000,84.6900000000,485734215.0000000000,5653134.0000000000,0.0204300000,4.8573421500,AKShare stock_zh_a_spot / 新浪
002921,联诚精密,22.2200000000,21.5000000000,104023984.0000000000,4752767.0000000000,0.0334900000,1.0402398400,AKShare stock_zh_a_spot / 新浪
002922,伊戈尔,25.4100000000,25.3000000000,639576635.0000000000,25200456.0000000000,0.0043500000,6.3957663500,AKShare stock_zh_a_spot / 新浪
002923,润都股份,11.2800000000,11.7600000000,145734679.0000000000,12925180.0000000000,-0.0408200000,1.4573467900,AKShare stock_zh_a_spot / 新浪
002925,盈趣科技,22.3600000000,22.1900000000,232132463.0000000000,10495887.0000000000,0.0076600000,2.3213246300,AKShare stock_zh_a_spot / 新浪
002926,华西证券,8.2100000000,8.2600000000,72851413.0000000000,8884122.0000000000,-0.0060500000,0.7285141300,AKShare stock_zh_a_spot / 新浪
002927,泰永长征,16.1300000000,16.1900000000,75534523.0000000000,4706900.0000000000,-0.0037100000,0.7553452300,AKShare stock_zh_a_spot / 新浪
002928,华夏航空,6.1500000000,6.1500000000,83763979.0000000000,13739300.0000000000,0.0000000000,0.8376397900,AKShare stock_zh_a_spot / 新浪
002929,润建股份,53.6500000000,55.2100000000,590371517.0000000000,10952978.0000000000,-0.0282600000,5.9037151700,AKShare stock_zh_a_spot / 新浪
002930,宏川智慧,8.7200000000,8.7000000000,37213637.0000000000,4293153.0000000000,0.0023000000,0.3721363700,AKShare stock_zh_a_spot / 新浪
002931,锋龙股份,48.2300000000,47.2300000000,283848975.0000000000,5923504.0000000000,0.0211700000,2.8384897500,AKShare stock_zh_a_spot / 新浪
002933,新兴装备,26.6800000000,26.5900000000,26659605.0000000000,1009357.0000000000,0.0033800000,0.2665960500,AKShare stock_zh_a_spot / 新浪
002935,天奥电子,15.9400000000,15.6200000000,63853214.0000000000,4036555.0000000000,0.0204900000,0.6385321400,AKShare stock_zh_a_spot / 新浪
002936,郑州银行,1.7500000000,1.7800000000,161562560.0000000000,91988832.0000000000,-0.0168500000,1.6156256000,AKShare stock_zh_a_spot / 新浪
002937,兴瑞科技,29.7000000000,30.0300000000,220116146.0000000000,7485496.0000000000,-0.0109900000,2.2011614600,AKShare stock_zh_a_spot / 新浪
002938,鹏鼎控股,89.2000000000,87.5700000000,1654086754.0000000000,18658959.0000000000,0.0186100000,16.5408675400,AKShare stock_zh_a_spot / 新浪
002939,长城证券,7.9300000000,7.9400000000,96273909.0000000000,12170201.0000000000,-0.0012600000,0.9627390900,AKShare stock_zh_a_spot / 新浪
002940,昂利康,26.3900000000,28.4100000000,568720001.0000000000,21459375.0000000000,-0.0711000000,5.6872000100,AKShare stock_zh_a_spot / 新浪
002941,新疆交建,10.2900000000,10.3700000000,64529239.0000000000,6292800.0000000000,-0.0077100000,0.6452923900,AKShare stock_zh_a_spot / 新浪
002942,新农股份,15.8800000000,15.8400000000,27028111.0000000000,1715500.0000000000,0.0025300000,0.2702811100,AKShare stock_zh_a_spot / 新浪
002943,宇晶股份,33.9600000000,35.3300000000,437816781.0000000000,12815597.0000000000,-0.0387800000,4.3781678100,AKShare stock_zh_a_spot / 新浪
002945,华林证券,14.0000000000,14.1100000000,109833223.0000000000,7878850.0000000000,-0.0078000000,1.0983322300,AKShare stock_zh_a_spot / 新浪
002946,新乳业,15.5800000000,15.9400000000,77489453.0000000000,4968900.0000000000,-0.0225800000,0.7748945300,AKShare stock_zh_a_spot / 新浪
002947,恒铭达,57.2000000000,57.4200000000,276944803.0000000000,4817528.0000000000,-0.0038300000,2.7694480300,AKShare stock_zh_a_spot / 新浪
002948,青岛银行,5.9500000000,5.9800000000,186657988.0000000000,31491540.0000000000,-0.0050200000,1.8665798800,AKShare stock_zh_a_spot / 新浪
002949,华阳国际,10.7900000000,10.7400000000,29219395.0000000000,2741293.0000000000,0.0046600000,0.2921939500,AKShare stock_zh_a_spot / 新浪
002950,奥美医疗,9.3100000000,9.5700000000,64262814.0000000000,6882944.0000000000,-0.0271700000,0.6426281400,AKShare stock_zh_a_spot / 新浪
002951,金时科技,16.3900000000,16.0700000000,117530456.0000000000,7194100.0000000000,0.0199100000,1.1753045600,AKShare stock_zh_a_spot / 新浪
002952,亚世光电,19.8200000000,19.8500000000,37720908.0000000000,1914125.0000000000,-0.0015100000,0.3772090800,AKShare stock_zh_a_spot / 新浪
002953,日丰股份,10.8200000000,11.1600000000,323339303.0000000000,29718535.0000000000,-0.0304700000,3.2333930300,AKShare stock_zh_a_spot / 新浪
002955,鸿合科技,35.2200000000,34.8300000000,108598778.0000000000,3107302.0000000000,0.0112000000,1.0859877800,AKShare stock_zh_a_spot / 新浪
002956,西麦食品,16.9500000000,17.4300000000,77492105.0000000000,4584340.0000000000,-0.0275400000,0.7749210500,AKShare stock_zh_a_spot / 新浪
002957,科瑞技术,42.4100000000,40.7200000000,997838000.0000000000,23437939.0000000000,0.0415000000,9.9783800000,AKShare stock_zh_a_spot / 新浪
002958,青农商行,2.9100000000,2.9400000000,191910871.0000000000,65847600.0000000000,-0.0102000000,1.9191087100,AKShare stock_zh_a_spot / 新浪
002959,小熊电器,33.0900000000,33.6800000000,22741872.0000000000,682850.0000000000,-0.0175200000,0.2274187200,AKShare stock_zh_a_spot / 新浪
002960,青鸟智控,8.4400000000,8.4500000000,46979346.0000000000,5566987.0000000000,-0.0011800000,0.4697934600,AKShare stock_zh_a_spot / 新浪
002961,瑞达期货,18.6300000000,18.3500000000,71438658.0000000000,3872700.0000000000,0.0152600000,0.7143865800,AKShare stock_zh_a_spot / 新浪
002962,五方光电,12.8000000000,12.7400000000,99387430.0000000000,7815539.0000000000,0.0047100000,0.9938743000,AKShare stock_zh_a_spot / 新浪
002963,豪尔赛,17.4600000000,17.1800000000,57936677.0000000000,3338800.0000000000,0.0163000000,0.5793667700,AKShare stock_zh_a_spot / 新浪
002965,祥鑫科技,31.5600000000,30.1300000000,504666293.0000000000,16262254.0000000000,0.0474600000,5.0466629300,AKShare stock_zh_a_spot / 新浪
002966,苏州银行,8.5800000000,8.6500000000,256485128.0000000000,29913356.0000000000,-0.0080900000,2.5648512800,AKShare stock_zh_a_spot / 新浪
002967,广电计量,17.2300000000,17.5100000000,62301979.0000000000,3611400.0000000000,-0.0159900000,0.6230197900,AKShare stock_zh_a_spot / 新浪
002968,新大正,9.2500000000,9.3400000000,26409386.0000000000,2880090.0000000000,-0.0096400000,0.2640938600,AKShare stock_zh_a_spot / 新浪
002969,嘉美包装,13.2100000000,12.9000000000,408983344.0000000000,30984517.0000000000,0.0240300000,4.0898334400,AKShare stock_zh_a_spot / 新浪
002970,锐明技术,50.4600000000,49.7000000000,104860325.0000000000,2102548.0000000000,0.0152900000,1.0486032500,AKShare stock_zh_a_spot / 新浪
002971,和远气体,46.6100000000,42.3700000000,323853607.0000000000,7098325.0000000000,0.1000700000,3.2385360700,AKShare stock_zh_a_spot / 新浪
002972,科安达,13.4400000000,13.6300000000,52517878.0000000000,3906720.0000000000,-0.0139400000,0.5251787800,AKShare stock_zh_a_spot / 新浪
002973,侨银股份,10.7300000000,10.6200000000,75798972.0000000000,7015029.0000000000,0.0103600000,0.7579897200,AKShare stock_zh_a_spot / 新浪
002975,博杰股份,100.5500000000,95.7000000000,1189748207.0000000000,11960369.0000000000,0.0506800000,11.8974820700,AKShare stock_zh_a_spot / 新浪
002976,瑞玛精密,23.0900000000,22.7500000000,82420723.0000000000,3590262.0000000000,0.0149500000,0.8242072300,AKShare stock_zh_a_spot / 新浪
002978,安宁股份,26.1100000000,25.8000000000,48727712.0000000000,1876430.0000000000,0.0120200000,0.4872771200,AKShare stock_zh_a_spot / 新浪
002979,雷赛智能,55.4200000000,54.5400000000,582551933.0000000000,10548044.0000000000,0.0161300000,5.8255193300,AKShare stock_zh_a_spot / 新浪
002980,华盛昌,98.4400000000,97.9900000000,1877164033.0000000000,18301032.0000000000,0.0045900000,18.7716403300,AKShare stock_zh_a_spot / 新浪
002981,朝阳科技,23.5500000000,23.4700000000,51054820.0000000000,2180240.0000000000,0.0034100000,0.5105482000,AKShare stock_zh_a_spot / 新浪
002982,湘佳股份,12.3500000000,12.6200000000,43489570.0000000000,3516117.0000000000,-0.0213900000,0.4348957000,AKShare stock_zh_a_spot / 新浪
002983,芯瑞达,19.5400000000,19.4100000000,29466958.0000000000,1517998.0000000000,0.0067000000,0.2946695800,AKShare stock_zh_a_spot / 新浪
002984,森麒麟,14.0000000000,14.2100000000,150483955.0000000000,10798810.0000000000,-0.0147800000,1.5048395500,AKShare stock_zh_a_spot / 新浪
002985,北摩高科,25.2100000000,25.2300000000,50451707.0000000000,2004430.0000000000,-0.0007900000,0.5045170700,AKShare stock_zh_a_spot / 新浪
002986,宇新股份,13.3000000000,13.4500000000,34333992.0000000000,2583984.0000000000,-0.0111500000,0.3433399200,AKShare stock_zh_a_spot / 新浪
002987,京北方,11.0800000000,10.9800000000,275769463.0000000000,24855827.0000000000,0.0091100000,2.7576946300,AKShare stock_zh_a_spot / 新浪
002988,豪美新材,24.1100000000,21.9200000000,280388777.0000000000,11864974.0000000000,0.0999100000,2.8038877700,AKShare stock_zh_a_spot / 新浪
002989,中天精装,24.6700000000,25.0000000000,137057317.0000000000,5574278.0000000000,-0.0132000000,1.3705731700,AKShare stock_zh_a_spot / 新浪
002990,盛视科技,50.0500000000,50.5000000000,389600874.0000000000,7764600.0000000000,-0.0089100000,3.8960087400,AKShare stock_zh_a_spot / 新浪
002991,甘源食品,41.4200000000,42.2000000000,38052264.0000000000,923400.0000000000,-0.0184800000,0.3805226400,AKShare stock_zh_a_spot / 新浪
002992,宝明科技,34.2400000000,34.5200000000,26714682.0000000000,780600.0000000000,-0.0081100000,0.2671468200,AKShare stock_zh_a_spot / 新浪
002993,奥海科技,38.3800000000,37.7600000000,174026925.0000000000,4575799.0000000000,0.0164200000,1.7402692500,AKShare stock_zh_a_spot / 新浪
002995,天地在线,16.7900000000,16.8700000000,49538478.0000000000,2975293.0000000000,-0.0047400000,0.4953847800,AKShare stock_zh_a_spot / 新浪
002996,顺博合金,6.2600000000,6.2100000000,40603988.0000000000,6535360.0000000000,0.0080500000,0.4060398800,AKShare stock_zh_a_spot / 新浪
002997,瑞鹄模具,28.1600000000,27.1900000000,131277216.0000000000,4687820.0000000000,0.0356700000,1.3127721600,AKShare stock_zh_a_spot / 新浪
002998,优彩资源,7.8000000000,7.7800000000,45717034.0000000000,5911800.0000000000,0.0025700000,0.4571703400,AKShare stock_zh_a_spot / 新浪
002999,天禾股份,5.9900000000,6.0400000000,39211165.0000000000,6598839.0000000000,-0.0082800000,0.3921116500,AKShare stock_zh_a_spot / 新浪
003000,劲仔食品,10.1700000000,10.4300000000,40522144.0000000000,3963546.0000000000,-0.0249300000,0.4052214400,AKShare stock_zh_a_spot / 新浪
003001,中岩大地,15.6000000000,15.9000000000,100894945.0000000000,6484968.0000000000,-0.0188700000,1.0089494500,AKShare stock_zh_a_spot / 新浪
003002,壶化股份,16.4500000000,16.1000000000,44990918.0000000000,2788100.0000000000,0.0217400000,0.4499091800,AKShare stock_zh_a_spot / 新浪
003003,天元股份,11.0700000000,11.0700000000,28799795.0000000000,2621900.0000000000,0.0000000000,0.2879979500,AKShare stock_zh_a_spot / 新浪
003004,声迅股份,71.0300000000,71.4100000000,83012751.0000000000,1168212.0000000000,-0.0053200000,0.8301275100,AKShare stock_zh_a_spot / 新浪
003005,竞业达,13.3900000000,13.5300000000,27421748.0000000000,2056880.0000000000,-0.0103500000,0.2742174800,AKShare stock_zh_a_spot / 新浪
003006,百亚股份,13.6000000000,13.5000000000,102767109.0000000000,7600100.0000000000,0.0074100000,1.0276710900,AKShare stock_zh_a_spot / 新浪
003007,直真科技,37.3100000000,37.1600000000,47569345.0000000000,1280404.0000000000,0.0040400000,0.4756934500,AKShare stock_zh_a_spot / 新浪
003008,开普检测,19.4500000000,19.4900000000,25874238.0000000000,1343900.0000000000,-0.0020500000,0.2587423800,AKShare stock_zh_a_spot / 新浪
003009,中天火箭,47.1200000000,46.8300000000,135935063.0000000000,2899507.0000000000,0.0061900000,1.3593506300,AKShare stock_zh_a_spot / 新浪
003010,若羽臣,29.1400000000,29.1600000000,449841222.0000000000,15585904.0000000000,-0.0006900000,4.4984122200,AKShare stock_zh_a_spot / 新浪
003011,海象新材,20.6500000000,20.7100000000,36603639.0000000000,1775129.0000000000,-0.0029000000,0.3660363900,AKShare stock_zh_a_spot / 新浪
003012,东鹏控股,4.6800000000,4.7700000000,31661797.0000000000,6776659.0000000000,-0.0188700000,0.3166179700,AKShare stock_zh_a_spot / 新浪
003013,地铁设计,18.6700000000,18.5600000000,127746648.0000000000,6911223.0000000000,0.0059300000,1.2774664800,AKShare stock_zh_a_spot / 新浪
003015,日久光电,12.3100000000,12.4100000000,63500792.0000000000,5169100.0000000000,-0.0080600000,0.6350079200,AKShare stock_zh_a_spot / 新浪
003016,欣贺股份,6.9000000000,6.9900000000,23494688.0000000000,3427800.0000000000,-0.0128800000,0.2349468800,AKShare stock_zh_a_spot / 新浪
003017,大洋生物,22.4200000000,22.4200000000,30288712.0000000000,1362920.0000000000,0.0000000000,0.3028871200,AKShare stock_zh_a_spot / 新浪
003018,金富科技,43.0200000000,39.1100000000,376032224.0000000000,8991753.0000000000,0.0999700000,3.7603222400,AKShare stock_zh_a_spot / 新浪
003019,宸展光电,24.0700000000,23.6700000000,75958848.0000000000,3203325.0000000000,0.0169000000,0.7595884800,AKShare stock_zh_a_spot / 新浪
003020,立方制药,18.1500000000,18.9800000000,210873485.0000000000,11565321.0000000000,-0.0437300000,2.1087348500,AKShare stock_zh_a_spot / 新浪
003021,兆威机电,68.3100000000,68.0400000000,272552212.0000000000,4030171.0000000000,0.0039700000,2.7255221200,AKShare stock_zh_a_spot / 新浪
003022,联泓新科,20.1100000000,20.2600000000,156744134.0000000000,7794481.0000000000,-0.0074000000,1.5674413400,AKShare stock_zh_a_spot / 新浪
003023,彩虹集团,27.5500000000,27.6300000000,86694649.0000000000,3161660.0000000000,-0.0029000000,0.8669464900,AKShare stock_zh_a_spot / 新浪
003025,思进智能,12.4600000000,12.2800000000,40784877.0000000000,3293709.0000000000,0.0146600000,0.4078487700,AKShare stock_zh_a_spot / 新浪
003026,中晶科技,29.4000000000,29.3500000000,142084262.0000000000,4847960.0000000000,0.0017000000,1.4208426200,AKShare stock_zh_a_spot / 新浪
003027,同兴科技,16.5200000000,16.4300000000,24285920.0000000000,1490034.0000000000,0.0054800000,0.2428592000,AKShare stock_zh_a_spot / 新浪
003028,振邦智能,22.5700000000,22.3900000000,14165313.0000000000,631321.0000000000,0.0080400000,0.1416531300,AKShare stock_zh_a_spot / 新浪
003029,吉大正元,16.6500000000,16.3300000000,49062217.0000000000,2976011.0000000000,0.0196000000,0.4906221700,AKShare stock_zh_a_spot / 新浪
003030,祖名股份,21.6800000000,21.9700000000,55198602.0000000000,2553700.0000000000,-0.0132000000,0.5519860200,AKShare stock_zh_a_spot / 新浪
003031,中瓷电子,142.0400000000,129.1300000000,2202510037.0000000000,16117945.0000000000,0.0999800000,22.0251003700,AKShare stock_zh_a_spot / 新浪
003032,传智教育,10.7600000000,11.9500000000,514787973.0000000000,46574306.0000000000,-0.0995800000,5.1478797300,AKShare stock_zh_a_spot / 新浪
003033,征和工业,69.0000000000,65.5400000000,144573691.0000000000,2124642.0000000000,0.0527900000,1.4457369100,AKShare stock_zh_a_spot / 新浪
003035,南网能源,5.2100000000,5.1800000000,70463639.0000000000,13614611.0000000000,0.0057900000,0.7046363900,AKShare stock_zh_a_spot / 新浪
003036,泰坦股份,53.1200000000,53.1000000000,433168835.0000000000,8040202.0000000000,0.0003800000,4.3316883500,AKShare stock_zh_a_spot / 新浪
003037,三和管桩,5.6400000000,5.6600000000,11512712.0000000000,2055640.0000000000,-0.0035300000,0.1151271200,AKShare stock_zh_a_spot / 新浪
003038,鑫铂股份,10.7600000000,10.7500000000,38415012.0000000000,3595541.0000000000,0.0009300000,0.3841501200,AKShare stock_zh_a_spot / 新浪
003039,顺控发展,11.9000000000,11.9600000000,28873228.0000000000,2437000.0000000000,-0.0050200000,0.2887322800,AKShare stock_zh_a_spot / 新浪
003040,楚天龙,12.7900000000,11.6300000000,397633804.0000000000,31153562.0000000000,0.0997400000,3.9763380400,AKShare stock_zh_a_spot / 新浪
003041,真爱美家,39.8100000000,40.5600000000,61942602.0000000000,1552348.0000000000,-0.0184900000,0.6194260200,AKShare stock_zh_a_spot / 新浪
003042,中农联合,14.1700000000,14.4600000000,210683472.0000000000,15223269.0000000000,-0.0200600000,2.1068347200,AKShare stock_zh_a_spot / 新浪
003043,华亚智能,71.6300000000,73.7700000000,372298289.0000000000,5136433.0000000000,-0.0290100000,3.7229828900,AKShare stock_zh_a_spot / 新浪
003816,中国广核,3.8400000000,3.8700000000,211617269.0000000000,55073943.0000000000,-0.0077500000,2.1161726900,AKShare stock_zh_a_spot / 新浪
300001,特锐德,36.2700000000,35.8700000000,515939952.0000000000,14129074.0000000000,0.0111500000,5.1593995200,AKShare stock_zh_a_spot / 新浪
300002,神州泰岳,7.9500000000,8.0400000000,182966298.0000000000,22971263.0000000000,-0.0111900000,1.8296629800,AKShare stock_zh_a_spot / 新浪
300003,乐普医疗,12.1700000000,12.8000000000,508235803.0000000000,41425622.0000000000,-0.0492200000,5.0823580300,AKShare stock_zh_a_spot / 新浪
300004,南风股份,9.8800000000,8.7800000000,924804183.0000000000,94192210.0000000000,0.1252800000,9.2480418300,AKShare stock_zh_a_spot / 新浪
300005,探路者,10.8500000000,10.7900000000,491721451.0000000000,45408067.0000000000,0.0055600000,4.9172145100,AKShare stock_zh_a_spot / 新浪
300006,莱美药业,5.2700000000,5.9400000000,719014814.0000000000,132952278.0000000000,-0.1127900000,7.1901481400,AKShare stock_zh_a_spot / 新浪
300007,汉威科技,31.3600000000,31.2600000000,209810048.0000000000,6727685.0000000000,0.0032000000,2.0981004800,AKShare stock_zh_a_spot / 新浪
300008,天海防务,6.1000000000,6.0400000000,164052169.0000000000,27086061.0000000000,0.0099300000,1.6405216900,AKShare stock_zh_a_spot / 新浪
300009,安科生物,8.9700000000,10.1500000000,1383934677.0000000000,152129719.0000000000,-0.1162600000,13.8393467700,AKShare stock_zh_a_spot / 新浪
300011,鼎汉技术,6.0100000000,5.9500000000,42764003.0000000000,7194733.0000000000,0.0100800000,0.4276400300,AKShare stock_zh_a_spot / 新浪
300012,华测检测,15.1300000000,15.2600000000,693941349.0000000000,46290674.0000000000,-0.0085200000,6.9394134900,AKShare stock_zh_a_spot / 新浪
300013,新宁物流,4.0700000000,4.0100000000,54339416.0000000000,13523000.0000000000,0.0149600000,0.5433941600,AKShare stock_zh_a_spot / 新浪
300014,亿纬锂能,55.7900000000,55.0600000000,2408140003.0000000000,42965923.0000000000,0.0132600000,24.0814000300,AKShare stock_zh_a_spot / 新浪
300015,爱尔眼科,8.3300000000,8.5800000000,615540528.0000000000,73497023.0000000000,-0.0291400000,6.1554052800,AKShare stock_zh_a_spot / 新浪
300016,北陆药业,10.4400000000,8.7000000000,1230292514.0000000000,127350753.0000000000,0.2000000000,12.3029251400,AKShare stock_zh_a_spot / 新浪
300017,网宿科技,15.5400000000,15.8600000000,2265028940.0000000000,146328236.0000000000,-0.0201800000,22.6502894000,AKShare stock_zh_a_spot / 新浪
300018,中元股份,11.6500000000,11.5000000000,282639787.0000000000,23620446.0000000000,0.0130400000,2.8263978700,AKShare stock_zh_a_spot / 新浪
300019,硅宝科技,14.5400000000,14.4800000000,49049722.0000000000,3398497.0000000000,0.0041400000,0.4904972200,AKShare stock_zh_a_spot / 新浪
300021,大禹节水,3.8500000000,3.9600000000,68235055.0000000000,17721900.0000000000,-0.0277800000,0.6823505500,AKShare stock_zh_a_spot / 新浪
300022,吉峰科技,8.1100000000,8.1100000000,41031312.0000000000,5071684.0000000000,0.0000000000,0.4103131200,AKShare stock_zh_a_spot / 新浪
300024,机器人,14.8800000000,14.9400000000,350459786.0000000000,23501227.0000000000,-0.0040200000,3.5045978600,AKShare stock_zh_a_spot / 新浪
300025,华星创业,5.1300000000,5.1200000000,44692322.0000000000,8761200.0000000000,0.0019500000,0.4469232200,AKShare stock_zh_a_spot / 新浪
300026,红日药业,3.4000000000,3.6100000000,399702969.0000000000,116325287.0000000000,-0.0581700000,3.9970296900,AKShare stock_zh_a_spot / 新浪
300030,阳普医疗,6.8300000000,7.0100000000,70954123.0000000000,10455200.0000000000,-0.0256800000,0.7095412300,AKShare stock_zh_a_spot / 新浪
300031,宝通科技,21.2500000000,21.2600000000,295762085.0000000000,14039003.0000000000,-0.0004700000,2.9576208500,AKShare stock_zh_a_spot / 新浪
300032,金龙机电,3.8000000000,3.7100000000,67818060.0000000000,18104065.0000000000,0.0242600000,0.6781806000,AKShare stock_zh_a_spot / 新浪
300033,同花顺,222.1300000000,220.2200000000,1945462489.0000000000,8801361.0000000000,0.0086700000,19.4546248900,AKShare stock_zh_a_spot / 新浪
300034,钢研高纳,15.5400000000,15.4100000000,101115173.0000000000,6563410.0000000000,0.0084400000,1.0111517300,AKShare stock_zh_a_spot / 新浪
300035,中科电气,13.8500000000,14.1900000000,424222367.0000000000,30388656.0000000000,-0.0239600000,4.2422236700,AKShare stock_zh_a_spot / 新浪
300036,超图软件,11.0200000000,11.0400000000,58741593.0000000000,5359355.0000000000,-0.0018100000,0.5874159300,AKShare stock_zh_a_spot / 新浪
300037,新宙邦,63.3500000000,65.1500000000,1179148650.0000000000,18395556.0000000000,-0.0276300000,11.7914865000,AKShare stock_zh_a_spot / 新浪
300039,上海凯宝,5.5400000000,5.8900000000,309861967.0000000000,55633019.0000000000,-0.0594200000,3.0986196700,AKShare stock_zh_a_spot / 新浪
300040,九洲集团,5.8000000000,5.8100000000,99497861.0000000000,17281053.0000000000,-0.0017200000,0.9949786100,AKShare stock_zh_a_spot / 新浪
300041,回天新材,10.8400000000,10.8300000000,162203288.0000000000,15046517.0000000000,0.0009200000,1.6220328800,AKShare stock_zh_a_spot / 新浪
300042,朗科科技,40.2400000000,39.5100000000,444309512.0000000000,11149014.0000000000,0.0184800000,4.4430951200,AKShare stock_zh_a_spot / 新浪
300043,星辉娱乐,4.4400000000,4.4900000000,77520307.0000000000,17515509.0000000000,-0.0111400000,0.7752030700,AKShare stock_zh_a_spot / 新浪
300045,华力创通,12.7500000000,12.6000000000,119849485.0000000000,9444702.0000000000,0.0119000000,1.1984948500,AKShare stock_zh_a_spot / 新浪
300046,台基股份,25.6200000000,24.6200000000,329147608.0000000000,12846478.0000000000,0.0406200000,3.2914760800,AKShare stock_zh_a_spot / 新浪
300047,天源迪科,9.0600000000,9.1000000000,84055748.0000000000,9299606.0000000000,-0.0044000000,0.8405574800,AKShare stock_zh_a_spot / 新浪
300048,合康新能,5.0000000000,5.1100000000,47334642.0000000000,9471894.0000000000,-0.0215300000,0.4733464200,AKShare stock_zh_a_spot / 新浪
300049,福瑞医科,41.6700000000,42.9800000000,268114474.0000000000,6388575.0000000000,-0.0304800000,2.6811447400,AKShare stock_zh_a_spot / 新浪
300050,世纪鼎利,6.8600000000,6.9500000000,142322155.0000000000,20870740.0000000000,-0.0129500000,1.4232215500,AKShare stock_zh_a_spot / 新浪
300051,琏升科技,8.3300000000,8.3300000000,114149513.0000000000,13830600.0000000000,0.0000000000,1.1414951300,AKShare stock_zh_a_spot / 新浪
300052,中青宝,10.5600000000,10.7200000000,100012935.0000000000,9522697.0000000000,-0.0149300000,1.0001293500,AKShare stock_zh_a_spot / 新浪
300053,航宇微,11.9000000000,11.9000000000,150242157.0000000000,12653497.0000000000,0.0000000000,1.5024215700,AKShare stock_zh_a_spot / 新浪
300054,鼎龙股份,73.8400000000,74.4600000000,1394117471.0000000000,18820346.0000000000,-0.0083300000,13.9411747100,AKShare stock_zh_a_spot / 新浪
300055,万邦达,6.0400000000,5.8900000000,115471933.0000000000,19284639.0000000000,0.0254700000,1.1547193300,AKShare stock_zh_a_spot / 新浪
300056,中创环保,8.5000000000,8.4900000000,77852084.0000000000,9141997.0000000000,0.0011800000,0.7785208400,AKShare stock_zh_a_spot / 新浪
300057,万顺新材,6.5500000000,6.3500000000,175336647.0000000000,27248321.0000000000,0.0315000000,1.7533664700,AKShare stock_zh_a_spot / 新浪
300058,蓝色光标,13.6800000000,13.6400000000,2227467583.0000000000,164323225.0000000000,0.0029300000,22.2746758300,AKShare stock_zh_a_spot / 新浪
300059,东方财富,18.9100000000,18.8000000000,2986012581.0000000000,158647946.0000000000,0.0058500000,29.8601258100,AKShare stock_zh_a_spot / 新浪
300061,旗天科技,6.3100000000,6.2800000000,83370883.0000000000,13320882.0000000000,0.0047800000,0.8337088300,AKShare stock_zh_a_spot / 新浪
300062,中能电气,6.2200000000,6.2200000000,79740754.0000000000,12896576.0000000000,0.0000000000,0.7974075400,AKShare stock_zh_a_spot / 新浪
300063,天龙集团,8.8700000000,8.9500000000,203901638.0000000000,23230473.0000000000,-0.0089400000,2.0390163800,AKShare stock_zh_a_spot / 新浪
300065,海兰信,15.1200000000,15.1100000000,390517627.0000000000,25837355.0000000000,0.0006600000,3.9051762700,AKShare stock_zh_a_spot / 新浪
300066,三川智慧,4.9900000000,4.9600000000,46156677.0000000000,9312147.0000000000,0.0060500000,0.4615667700,AKShare stock_zh_a_spot / 新浪
300067,安诺其,5.1900000000,5.2000000000,142285104.0000000000,27686511.0000000000,-0.0019200000,1.4228510400,AKShare stock_zh_a_spot / 新浪
300069,金利华电,27.0000000000,30.7100000000,660125797.0000000000,24077929.0000000000,-0.1208100000,6.6012579700,AKShare stock_zh_a_spot / 新浪
300070,碧水源,3.4300000000,3.4500000000,75156178.0000000000,21979877.0000000000,-0.0058000000,0.7515617800,AKShare stock_zh_a_spot / 新浪
300071,福石控股,3.9800000000,4.0400000000,150408846.0000000000,37996117.0000000000,-0.0148500000,1.5040884600,AKShare stock_zh_a_spot / 新浪
300072,海新能科,3.8100000000,3.8600000000,162846978.0000000000,42824833.0000000000,-0.0129500000,1.6284697800,AKShare stock_zh_a_spot / 新浪
300073,当升科技,41.3100000000,40.7100000000,461585457.0000000000,11150118.0000000000,0.0147400000,4.6158545700,AKShare stock_zh_a_spot / 新浪
300074,华平股份,3.8100000000,3.8000000000,46920050.0000000000,12444600.0000000000,0.0026300000,0.4692005000,AKShare stock_zh_a_spot / 新浪
300075,数字政通,10.7500000000,10.7600000000,77253190.0000000000,7216121.0000000000,-0.0009300000,0.7725319000,AKShare stock_zh_a_spot / 新浪
300077,国民技术,19.4100000000,19.1900000000,448218361.0000000000,23095452.0000000000,0.0114600000,4.4821836100,AKShare stock_zh_a_spot / 新浪
300078,思创智联,3.0900000000,3.1900000000,103327768.0000000000,33605295.0000000000,-0.0313500000,1.0332776800,AKShare stock_zh_a_spot / 新浪
300079,数码视讯,4.3800000000,4.4100000000,57183709.0000000000,13101519.0000000000,-0.0068000000,0.5718370900,AKShare stock_zh_a_spot / 新浪
300080,易成新能,3.7300000000,3.7000000000,38382363.0000000000,10338816.0000000000,0.0081100000,0.3838236300,AKShare stock_zh_a_spot / 新浪
300082,奥克股份,7.8100000000,7.8300000000,63699888.0000000000,8235800.0000000000,-0.0025500000,0.6369988800,AKShare stock_zh_a_spot / 新浪
300083,创世纪,13.5300000000,13.4100000000,871403668.0000000000,64044420.0000000000,0.0089500000,8.7140366800,AKShare stock_zh_a_spot / 新浪
300084,海默科技,10.4700000000,10.3800000000,69542416.0000000000,6664600.0000000000,0.0086700000,0.6954241600,AKShare stock_zh_a_spot / 新浪
300085,银之杰,29.3000000000,28.6200000000,871337659.0000000000,30075476.0000000000,0.0237600000,8.7133765900,AKShare stock_zh_a_spot / 新浪
300086,康芝药业,6.6200000000,6.8900000000,120162667.0000000000,18210766.0000000000,-0.0391900000,1.2016266700,AKShare stock_zh_a_spot / 新浪
300088,长信科技,7.3100000000,7.3000000000,595545828.0000000000,81949210.0000000000,0.0013700000,5.9554582800,AKShare stock_zh_a_spot / 新浪
300092,科新机电,11.6600000000,11.6100000000,31116504.0000000000,2688115.0000000000,0.0043100000,0.3111650400,AKShare stock_zh_a_spot / 新浪
300093,金刚光伏,25.9300000000,23.8200000000,664965801.0000000000,25995321.0000000000,0.0885800000,6.6496580100,AKShare stock_zh_a_spot / 新浪
300094,国联水产,2.8200000000,2.8600000000,129692870.0000000000,46117229.0000000000,-0.0139900000,1.2969287000,AKShare stock_zh_a_spot / 新浪
300095,华伍股份,7.9900000000,7.9100000000,31230147.0000000000,3936778.0000000000,0.0101100000,0.3123014700,AKShare stock_zh_a_spot / 新浪
300097,智云股份,10.6000000000,10.0500000000,420551493.0000000000,39930962.0000000000,0.0547300000,4.2055149300,AKShare stock_zh_a_spot / 新浪
300098,高新兴,4.4400000000,4.4500000000,110040284.0000000000,24780361.0000000000,-0.0022500000,1.1004028400,AKShare stock_zh_a_spot / 新浪
300099,尤洛卡,5.9500000000,5.9400000000,41888397.0000000000,7077204.0000000000,0.0016800000,0.4188839700,AKShare stock_zh_a_spot / 新浪
300100,双林股份,20.7800000000,20.8500000000,114895261.0000000000,5537932.0000000000,-0.0033600000,1.1489526100,AKShare stock_zh_a_spot / 新浪
300101,振芯科技,14.0600000000,14.0200000000,64697492.0000000000,4610748.0000000000,0.0028500000,0.6469749200,AKShare stock_zh_a_spot / 新浪
300102,乾照光电,18.1300000000,17.7900000000,465882240.0000000000,25909702.0000000000,0.0191100000,4.6588224000,AKShare stock_zh_a_spot / 新浪
300103,达刚控股,7.8700000000,7.7600000000,44565080.0000000000,5803200.0000000000,0.0141800000,0.4456508000,AKShare stock_zh_a_spot / 新浪
300105,龙源技术,7.6000000000,7.6000000000,131505759.0000000000,17405531.0000000000,0.0000000000,1.3150575900,AKShare stock_zh_a_spot / 新浪
300106,西部牧业,9.8700000000,9.9400000000,115755611.0000000000,11795200.0000000000,-0.0070400000,1.1575561100,AKShare stock_zh_a_spot / 新浪
300107,建新股份,6.4400000000,6.3900000000,58327396.0000000000,9156122.0000000000,0.0078200000,0.5832739600,AKShare stock_zh_a_spot / 新浪
300109,新开源,16.4000000000,15.9800000000,1409358304.0000000000,88461413.0000000000,0.0262800000,14.0935830400,AKShare stock_zh_a_spot / 新浪
300110,华仁药业,2.8600000000,2.9600000000,96762600.0000000000,33963791.0000000000,-0.0337800000,0.9676260000,AKShare stock_zh_a_spot / 新浪
300111,向日葵,3.0000000000,3.1200000000,158362420.0000000000,52887571.0000000000,-0.0384600000,1.5836242000,AKShare stock_zh_a_spot / 新浪
300112,万讯自控,9.3200000000,9.9100000000,442024964.0000000000,47035372.0000000000,-0.0595400000,4.4202496400,AKShare stock_zh_a_spot / 新浪
300113,顺网科技,16.6900000000,16.7900000000,171742462.0000000000,10335091.0000000000,-0.0059600000,1.7174246200,AKShare stock_zh_a_spot / 新浪
300115,长盈精密,26.0600000000,24.9400000000,940326683.0000000000,36889054.0000000000,0.0449100000,9.4032668300,AKShare stock_zh_a_spot / 新浪
300118,东方日升,9.7800000000,9.7300000000,190767047.0000000000,19606200.0000000000,0.0051400000,1.9076704700,AKShare stock_zh_a_spot / 新浪
300119,瑞普生物,17.9200000000,18.6100000000,150133547.0000000000,8362207.0000000000,-0.0370800000,1.5013354700,AKShare stock_zh_a_spot / 新浪
300120,经纬辉开,9.0000000000,9.0000000000,483482931.0000000000,53598783.0000000000,0.0000000000,4.8348293100,AKShare stock_zh_a_spot / 新浪
300121,阳谷华泰,9.6100000000,9.6900000000,68666567.0000000000,7171400.0000000000,-0.0082600000,0.6866656700,AKShare stock_zh_a_spot / 新浪
300122,智飞生物,13.9000000000,14.4800000000,1551344061.0000000000,111535099.0000000000,-0.0400600000,15.5134406100,AKShare stock_zh_a_spot / 新浪
300124,汇川技术,59.0300000000,59.1200000000,844334114.0000000000,14306789.0000000000,-0.0015200000,8.4433411400,AKShare stock_zh_a_spot / 新浪
300125,聆达股份,8.5100000000,8.2900000000,50873316.0000000000,6028500.0000000000,0.0265400000,0.5087331600,AKShare stock_zh_a_spot / 新浪
300126,锐奇股份,6.4400000000,6.3900000000,26608547.0000000000,4173124.0000000000,0.0078200000,0.2660854700,AKShare stock_zh_a_spot / 新浪
300127,银河磁体,24.7100000000,24.7500000000,78215246.0000000000,3181639.0000000000,-0.0016200000,0.7821524600,AKShare stock_zh_a_spot / 新浪
300128,锦富技术,4.9500000000,4.4000000000,369238165.0000000000,77583807.0000000000,0.1250000000,3.6923816500,AKShare stock_zh_a_spot / 新浪
300129,泰胜风能,7.4700000000,7.4000000000,88181521.0000000000,11851094.0000000000,0.0094600000,0.8818152100,AKShare stock_zh_a_spot / 新浪
300130,新国都,18.2500000000,17.9600000000,239880378.0000000000,13211007.0000000000,0.0161500000,2.3988037800,AKShare stock_zh_a_spot / 新浪
300131,英唐智控,16.8400000000,16.4700000000,963642300.0000000000,57350049.0000000000,0.0224700000,9.6364230000,AKShare stock_zh_a_spot / 新浪
300132,诺斯贝尔,6.2800000000,6.4000000000,100116178.0000000000,16046531.0000000000,-0.0187500000,1.0011617800,AKShare stock_zh_a_spot / 新浪
300133,华策影视,6.9100000000,6.8400000000,358054619.0000000000,51546118.0000000000,0.0102300000,3.5805461900,AKShare stock_zh_a_spot / 新浪
300134,大富科技,8.1700000000,8.1100000000,90142157.0000000000,11095614.0000000000,0.0074000000,0.9014215700,AKShare stock_zh_a_spot / 新浪
300135,宝利国际,3.3800000000,3.2800000000,82527501.0000000000,24634192.0000000000,0.0304900000,0.8252750100,AKShare stock_zh_a_spot / 新浪
300136,信维通信,60.9600000000,59.6200000000,2571520273.0000000000,42473142.0000000000,0.0224800000,25.7152027300,AKShare stock_zh_a_spot / 新浪
300137,先河环保,11.7500000000,11.8600000000,141937259.0000000000,12084300.0000000000,-0.0092700000,1.4193725900,AKShare stock_zh_a_spot / 新浪
300138,晨光生物,10.9800000000,11.3400000000,71276737.0000000000,6473513.0000000000,-0.0317500000,0.7127673700,AKShare stock_zh_a_spot / 新浪
300139,晓程科技,53.6800000000,49.4500000000,3557725607.0000000000,68631938.0000000000,0.0855400000,35.5772560700,AKShare stock_zh_a_spot / 新浪
300140,节能环境,5.3800000000,5.3800000000,41829334.0000000000,7815300.0000000000,0.0000000000,0.4182933400,AKShare stock_zh_a_spot / 新浪
300141,和顺电气,9.8400000000,9.8400000000,42552648.0000000000,4337700.0000000000,0.0000000000,0.4255264800,AKShare stock_zh_a_spot / 新浪
300142,沃森生物,16.1000000000,15.1200000000,8179433603.0000000000,509265315.0000000000,0.0648100000,81.7943360300,AKShare stock_zh_a_spot / 新浪
300143,盈康生命,7.6900000000,7.9000000000,95929052.0000000000,12445125.0000000000,-0.0265800000,0.9592905200,AKShare stock_zh_a_spot / 新浪
300144,宋城演艺,5.9700000000,6.0300000000,123701799.0000000000,20687570.0000000000,-0.0099500000,1.2370179900,AKShare stock_zh_a_spot / 新浪
300145,南方泵业,4.2000000000,4.0500000000,288066871.0000000000,69163982.0000000000,0.0370400000,2.8806687100,AKShare stock_zh_a_spot / 新浪
300146,汤臣倍健,9.7200000000,9.9400000000,125301319.0000000000,12886901.0000000000,-0.0221300000,1.2530131900,AKShare stock_zh_a_spot / 新浪
300148,天舟文化,3.3600000000,3.3800000000,41483769.0000000000,12437721.0000000000,-0.0059200000,0.4148376900,AKShare stock_zh_a_spot / 新浪
300149,睿智医药,10.3800000000,11.3500000000,557959499.0000000000,52730303.0000000000,-0.0854600000,5.5795949900,AKShare stock_zh_a_spot / 新浪
300150,世纪瑞尔,4.2700000000,4.2500000000,15074619.0000000000,3569415.0000000000,0.0047100000,0.1507461900,AKShare stock_zh_a_spot / 新浪
300151,昌红科技,16.8800000000,16.0400000000,466425870.0000000000,28232311.0000000000,0.0523700000,4.6642587000,AKShare stock_zh_a_spot / 新浪
300153,科泰电源,21.5100000000,21.5000000000,226453032.0000000000,10573001.0000000000,0.0004700000,2.2645303200,AKShare stock_zh_a_spot / 新浪
300154,瑞凌股份,11.7500000000,11.9300000000,196567137.0000000000,16892100.0000000000,-0.0150900000,1.9656713700,AKShare stock_zh_a_spot / 新浪
300155,安居宝,4.4300000000,4.2700000000,131490062.0000000000,30300133.0000000000,0.0374700000,1.3149006200,AKShare stock_zh_a_spot / 新浪
300157,新锦动力,3.9700000000,3.8400000000,132916476.0000000000,33954916.0000000000,0.0338500000,1.3291647600,AKShare stock_zh_a_spot / 新浪
300158,振东制药,5.2200000000,5.5000000000,154449490.0000000000,29476400.0000000000,-0.0509100000,1.5444949000,AKShare stock_zh_a_spot / 新浪
300159,新研股份,2.9300000000,2.8700000000,88630901.0000000000,30513527.0000000000,0.0209100000,0.8863090100,AKShare stock_zh_a_spot / 新浪
300160,秀强股份,4.3400000000,4.3400000000,24944907.0000000000,5764088.0000000000,0.0000000000,0.2494490700,AKShare stock_zh_a_spot / 新浪
300161,华中数控,27.2000000000,27.5500000000,96252834.0000000000,3530579.0000000000,-0.0127000000,0.9625283400,AKShare stock_zh_a_spot / 新浪
300162,雷曼光电,7.7300000000,7.4900000000,202363338.0000000000,26563577.0000000000,0.0320400000,2.0236333800,AKShare stock_zh_a_spot / 新浪
300163,先锋新材,6.7200000000,6.5500000000,145607911.0000000000,21896000.0000000000,0.0259500000,1.4560791100,AKShare stock_zh_a_spot / 新浪
300164,通源石油,10.2200000000,10.4200000000,1432705697.0000000000,136419690.0000000000,-0.0191900000,14.3270569700,AKShare stock_zh_a_spot / 新浪
300165,天瑞仪器,5.1100000000,5.1600000000,59675861.0000000000,11809400.0000000000,-0.0096900000,0.5967586100,AKShare stock_zh_a_spot / 新浪
300166,东方国信,13.1700000000,13.0200000000,370110445.0000000000,28438932.0000000000,0.0115200000,3.7011044500,AKShare stock_zh_a_spot / 新浪
300168,万达信息,4.9800000000,5.0400000000,60057830.0000000000,12076885.0000000000,-0.0119000000,0.6005783000,AKShare stock_zh_a_spot / 新浪
300169,天晟新材,5.5500000000,5.6100000000,41840170.0000000000,7585900.0000000000,-0.0107000000,0.4184017000,AKShare stock_zh_a_spot / 新浪
300170,汉得信息,15.5300000000,15.6000000000,376357810.0000000000,24352720.0000000000,-0.0044900000,3.7635781000,AKShare stock_zh_a_spot / 新浪
300171,东富龙,14.4300000000,14.9000000000,457428240.0000000000,31663694.0000000000,-0.0315400000,4.5742824000,AKShare stock_zh_a_spot / 新浪
300172,中电环保,4.6000000000,4.6100000000,43501075.0000000000,9532502.0000000000,-0.0021700000,0.4350107500,AKShare stock_zh_a_spot / 新浪
300174,元力股份,19.8300000000,19.3400000000,241009418.0000000000,12336340.0000000000,0.0253400000,2.4100941800,AKShare stock_zh_a_spot / 新浪
300175,朗源股份,5.9300000000,5.9700000000,33381303.0000000000,5664300.0000000000,-0.0067000000,0.3338130300,AKShare stock_zh_a_spot / 新浪
300176,鸿特科技,4.6800000000,4.7200000000,212524125.0000000000,43777117.0000000000,-0.0084700000,2.1252412500,AKShare stock_zh_a_spot / 新浪
300177,中海达,6.1700000000,6.1600000000,35321124.0000000000,5757950.0000000000,0.0016200000,0.3532112400,AKShare stock_zh_a_spot / 新浪
300179,四方达,35.7700000000,34.7800000000,953396941.0000000000,26922807.0000000000,0.0284600000,9.5339694100,AKShare stock_zh_a_spot / 新浪
300180,华峰超纤,4.5300000000,4.2300000000,644993244.0000000000,139432322.0000000000,0.0709200000,6.4499324400,AKShare stock_zh_a_spot / 新浪
300181,佐力药业,14.1500000000,14.8400000000,469665862.0000000000,33060601.0000000000,-0.0465000000,4.6966586200,AKShare stock_zh_a_spot / 新浪
300182,捷成股份,4.8300000000,4.8400000000,255273940.0000000000,53005528.0000000000,-0.0020700000,2.5527394000,AKShare stock_zh_a_spot / 新浪
300183,东软载波,10.4400000000,10.3500000000,24874543.0000000000,2410411.0000000000,0.0087000000,0.2487454300,AKShare stock_zh_a_spot / 新浪
300184,力源信息,11.9600000000,11.9000000000,390198561.0000000000,32780551.0000000000,0.0050400000,3.9019856100,AKShare stock_zh_a_spot / 新浪
300185,通裕重工,2.6700000000,2.6600000000,116668862.0000000000,43982720.0000000000,0.0037600000,1.1666886200,AKShare stock_zh_a_spot / 新浪
300187,永清环保,4.5600000000,4.6000000000,28580524.0000000000,6290100.0000000000,-0.0087000000,0.2858052400,AKShare stock_zh_a_spot / 新浪
300188,国投智能,10.1600000000,10.2300000000,62240543.0000000000,6121472.0000000000,-0.0068400000,0.6224054300,AKShare stock_zh_a_spot / 新浪
300189,神农种业,5.5900000000,6.3400000000,1509844224.0000000000,267050802.0000000000,-0.1183000000,15.0984422400,AKShare stock_zh_a_spot / 新浪
300190,维尔利,3.6900000000,3.6500000000,44741000.0000000000,12206500.0000000000,0.0109600000,0.4474100000,AKShare stock_zh_a_spot / 新浪
300191,潜能恒信,33.4400000000,33.2000000000,532052584.0000000000,15846757.0000000000,0.0072300000,5.3205258400,AKShare stock_zh_a_spot / 新浪
300192,科德教育,15.9600000000,15.0000000000,536197927.0000000000,33983013.0000000000,0.0640000000,5.3619792700,AKShare stock_zh_a_spot / 新浪
300193,佳士科技,7.6700000000,7.7200000000,21844162.0000000000,2855725.0000000000,-0.0064800000,0.2184416200,AKShare stock_zh_a_spot / 新浪
300194,福安药业,3.9300000000,4.0900000000,112943664.0000000000,28625471.0000000000,-0.0391200000,1.1294366400,AKShare stock_zh_a_spot / 新浪
300195,长荣股份,5.5400000000,5.4800000000,46106925.0000000000,8413800.0000000000,0.0109500000,0.4610692500,AKShare stock_zh_a_spot / 新浪
300196,长海股份,17.6500000000,17.4900000000,168380347.0000000000,9643600.0000000000,0.0091500000,1.6838034700,AKShare stock_zh_a_spot / 新浪
300197,节能铁汉,2.0200000000,2.0600000000,179630348.0000000000,89144779.0000000000,-0.0194200000,1.7963034800,AKShare stock_zh_a_spot / 新浪
300199,翰宇药业,23.1000000000,24.1000000000,1172070717.0000000000,50297202.0000000000,-0.0414900000,11.7207071700,AKShare stock_zh_a_spot / 新浪
300200,高盟新材,8.4900000000,8.6400000000,73896873.0000000000,8755818.0000000000,-0.0173600000,0.7389687300,AKShare stock_zh_a_spot / 新浪
300201,海伦哲,15.2500000000,14.4800000000,503545951.0000000000,33925312.0000000000,0.0531800000,5.0354595100,AKShare stock_zh_a_spot / 新浪
300203,聚光科技,13.2100000000,13.2300000000,78624805.0000000000,5949090.0000000000,-0.0015100000,0.7862480500,AKShare stock_zh_a_spot / 新浪
300204,舒泰神,22.1800000000,24.0800000000,821370405.0000000000,36828446.0000000000,-0.0789000000,8.2137040500,AKShare stock_zh_a_spot / 新浪
300206,理邦仪器,12.1300000000,12.2100000000,54183327.0000000000,4500222.0000000000,-0.0065500000,0.5418332700,AKShare stock_zh_a_spot / 新浪
300207,欣旺达,18.0100000000,17.8700000000,549105374.0000000000,30484216.0000000000,0.0078300000,5.4910537400,AKShare stock_zh_a_spot / 新浪
300209,行云科技,32.3000000000,32.9200000000,1960486029.0000000000,60559168.0000000000,-0.0188300000,19.6048602900,AKShare stock_zh_a_spot / 新浪
300210,森远股份,8.5400000000,8.3000000000,67618373.0000000000,7980365.0000000000,0.0289200000,0.6761837300,AKShare stock_zh_a_spot / 新浪
300213,佳讯飞鸿,6.2400000000,6.2600000000,52405223.0000000000,8422812.0000000000,-0.0031900000,0.5240522300,AKShare stock_zh_a_spot / 新浪
300214,日科化学,12.9000000000,10.7500000000,790411158.0000000000,65874905.0000000000,0.2000000000,7.9041115800,AKShare stock_zh_a_spot / 新浪
300215,电科院,6.0200000000,6.0100000000,34859719.0000000000,5822644.0000000000,0.0016600000,0.3485971900,AKShare stock_zh_a_spot / 新浪
300217,东方电热,4.2900000000,4.3000000000,54713529.0000000000,12808605.0000000000,-0.0023300000,0.5471352900,AKShare stock_zh_a_spot / 新浪
300218,安利股份,12.5700000000,12.5600000000,16978824.0000000000,1358600.0000000000,0.0008000000,0.1697882400,AKShare stock_zh_a_spot / 新浪
300219,鸿利智汇,6.9300000000,6.8200000000,77948365.0000000000,11361104.0000000000,0.0161300000,0.7794836500,AKShare stock_zh_a_spot / 新浪
300220,金运激光,10.8800000000,10.8500000000,21548820.0000000000,1996600.0000000000,0.0027600000,0.2154882000,AKShare stock_zh_a_spot / 新浪
300221,银禧科技,14.4000000000,13.1100000000,536894891.0000000000,38421126.0000000000,0.0984000000,5.3689489100,AKShare stock_zh_a_spot / 新浪
300222,科大智能,10.2000000000,10.1000000000,144087392.0000000000,14252631.0000000000,0.0099000000,1.4408739200,AKShare stock_zh_a_spot / 新浪
300223,君正股份,138.4800000000,138.3000000000,3403767440.0000000000,24581699.0000000000,0.0013000000,34.0376744000,AKShare stock_zh_a_spot / 新浪
300224,正海磁材,11.0500000000,11.0200000000,74784630.0000000000,6792450.0000000000,0.0027200000,0.7478463000,AKShare stock_zh_a_spot / 新浪
300225,金力泰,7.3700000000,7.3000000000,71931266.0000000000,9754700.0000000000,0.0095900000,0.7193126600,AKShare stock_zh_a_spot / 新浪
300226,上海钢联,15.7300000000,15.7800000000,54357199.0000000000,3477078.0000000000,-0.0031700000,0.5435719900,AKShare stock_zh_a_spot / 新浪
300227,光韵达,11.7500000000,11.6700000000,165668180.0000000000,14096700.0000000000,0.0068600000,1.6566818000,AKShare stock_zh_a_spot / 新浪
300228,富瑞特装,7.2700000000,7.2600000000,60061168.0000000000,8294202.0000000000,0.0013800000,0.6006116800,AKShare stock_zh_a_spot / 新浪
300229,拓尔思,13.4700000000,13.5200000000,197105499.0000000000,14716435.0000000000,-0.0037000000,1.9710549900,AKShare stock_zh_a_spot / 新浪
300230,永利股份,4.2700000000,4.2800000000,29583999.0000000000,6960590.0000000000,-0.0023400000,0.2958399900,AKShare stock_zh_a_spot / 新浪
300231,银信科技,8.1800000000,8.1700000000,64153722.0000000000,7930887.0000000000,0.0012200000,0.6415372200,AKShare stock_zh_a_spot / 新浪
300232,洲明科技,5.1900000000,5.0900000000,63132039.0000000000,12327205.0000000000,0.0196500000,0.6313203900,AKShare stock_zh_a_spot / 新浪
300233,金城医药,13.7700000000,14.4200000000,197797193.0000000000,14327842.0000000000,-0.0450800000,1.9779719300,AKShare stock_zh_a_spot / 新浪
300234,开尔新材,9.5300000000,9.4200000000,101130369.0000000000,10693200.0000000000,0.0116800000,1.0113036900,AKShare stock_zh_a_spot / 新浪
300235,方直科技,10.8200000000,10.7800000000,42178884.0000000000,3930400.0000000000,0.0037100000,0.4217888400,AKShare stock_zh_a_spot / 新浪
300236,上海新阳,88.7000000000,95.7700000000,1547693062.0000000000,17375219.0000000000,-0.0738200000,15.4769306200,AKShare stock_zh_a_spot / 新浪
300238,冠昊生物,11.9500000000,12.4300000000,114777387.0000000000,9573129.0000000000,-0.0386200000,1.1477738700,AKShare stock_zh_a_spot / 新浪
300239,东宝生物,5.2700000000,5.2200000000,107503170.0000000000,20900815.0000000000,0.0095800000,1.0750317000,AKShare stock_zh_a_spot / 新浪
300240,飞力达,6.0800000000,6.1500000000,58101853.0000000000,9583137.0000000000,-0.0113800000,0.5810185300,AKShare stock_zh_a_spot / 新浪
300241,瑞丰光电,5.7300000000,5.7300000000,129116118.0000000000,22766642.0000000000,0.0000000000,1.2911611800,AKShare stock_zh_a_spot / 新浪
300242,佳云科技,4.0300000000,4.0600000000,49688770.0000000000,12403378.0000000000,-0.0073900000,0.4968877000,AKShare stock_zh_a_spot / 新浪
300243,瑞丰高材,16.7600000000,17.0000000000,493938175.0000000000,29495462.0000000000,-0.0141200000,4.9393817500,AKShare stock_zh_a_spot / 新浪
300244,迪安诊断,20.6500000000,20.8700000000,1063225835.0000000000,50295878.0000000000,-0.0105400000,10.6322583500,AKShare stock_zh_a_spot / 新浪
300246,宝莱特,15.0700000000,15.7100000000,309550281.0000000000,20489165.0000000000,-0.0407400000,3.0955028100,AKShare stock_zh_a_spot / 新浪
300247,融捷健康,3.6900000000,3.7200000000,36301254.0000000000,9903652.0000000000,-0.0080600000,0.3630125400,AKShare stock_zh_a_spot / 新浪
300248,新开普,8.8400000000,8.6000000000,157297396.0000000000,17732653.0000000000,0.0279100000,1.5729739600,AKShare stock_zh_a_spot / 新浪
300249,依米康,12.8100000000,12.6700000000,212273224.0000000000,16618200.0000000000,0.0110500000,2.1227322400,AKShare stock_zh_a_spot / 新浪
300250,初灵信息,14.9600000000,14.8900000000,74668742.0000000000,5036200.0000000000,0.0047000000,0.7466874200,AKShare stock_zh_a_spot / 新浪
300251,光线传媒,10.9800000000,10.9400000000,218150286.0000000000,20038026.0000000000,0.0036600000,2.1815028600,AKShare stock_zh_a_spot / 新浪
300252,金信诺,11.6300000000,11.3900000000,231529697.0000000000,19988854.0000000000,0.0210700000,2.3152969700,AKShare stock_zh_a_spot / 新浪
300253,卫宁健康,7.1700000000,7.3700000000,343072223.0000000000,47492015.0000000000,-0.0271400000,3.4307222300,AKShare stock_zh_a_spot / 新浪
300254,仟源医药,8.8800000000,9.0600000000,106269695.0000000000,12052488.0000000000,-0.0198700000,1.0626969500,AKShare stock_zh_a_spot / 新浪
300255,常山药业,24.5300000000,25.5500000000,851174439.0000000000,34917180.0000000000,-0.0399200000,8.5117443900,AKShare stock_zh_a_spot / 新浪
300256,星星科技,2.7300000000,2.6800000000,65299717.0000000000,24238500.0000000000,0.0186600000,0.6529971700,AKShare stock_zh_a_spot / 新浪
300257,开山股份,17.3500000000,17.4400000000,166425096.0000000000,9617126.0000000000,-0.0051600000,1.6642509600,AKShare stock_zh_a_spot / 新浪
300258,精锻科技,9.8600000000,9.9000000000,50396789.0000000000,5123080.0000000000,-0.0040400000,0.5039678900,AKShare stock_zh_a_spot / 新浪
300259,新天科技,4.0400000000,4.0500000000,97962559.0000000000,24353458.0000000000,-0.0024700000,0.9796255900,AKShare stock_zh_a_spot / 新浪
300260,新莱应材,58.1000000000,58.0300000000,536967122.0000000000,9244576.0000000000,0.0012100000,5.3696712200,AKShare stock_zh_a_spot / 新浪
300261,雅本化学,5.0000000000,5.1500000000,79308853.0000000000,15902000.0000000000,-0.0291300000,0.7930885300,AKShare stock_zh_a_spot / 新浪
300263,隆华科技,9.9600000000,9.8800000000,346859061.0000000000,35177490.0000000000,0.0081000000,3.4685906100,AKShare stock_zh_a_spot / 新浪
300264,佳创视讯,6.4300000000,6.4100000000,54085594.0000000000,8471319.0000000000,0.0031200000,0.5408559400,AKShare stock_zh_a_spot / 新浪
300265,通光线缆,13.6700000000,13.4800000000,175212869.0000000000,12931235.0000000000,0.0140900000,1.7521286900,AKShare stock_zh_a_spot / 新浪
300266,兴源环境,1.8600000000,1.8500000000,28426838.0000000000,15420400.0000000000,0.0054100000,0.2842683800,AKShare stock_zh_a_spot / 新浪
300267,尔康制药,3.2200000000,3.3300000000,152440527.0000000000,47470521.0000000000,-0.0330300000,1.5244052700,AKShare stock_zh_a_spot / 新浪
300268,佳沃食品,12.0000000000,11.9500000000,37240369.0000000000,3116900.0000000000,0.0041800000,0.3724036900,AKShare stock_zh_a_spot / 新浪
300269,联建光电,4.8200000000,4.7600000000,54745495.0000000000,11512410.0000000000,0.0126100000,0.5474549500,AKShare stock_zh_a_spot / 新浪
300270,中威电子,11.6200000000,11.8600000000,121940062.0000000000,10509700.0000000000,-0.0202400000,1.2194006200,AKShare stock_zh_a_spot / 新浪
300271,华宇软件,5.3500000000,5.3800000000,35656119.0000000000,6690100.0000000000,-0.0055800000,0.3565611900,AKShare stock_zh_a_spot / 新浪
300272,开能健康,5.8700000000,6.0200000000,59948497.0000000000,10268732.0000000000,-0.0249200000,0.5994849700,AKShare stock_zh_a_spot / 新浪
300274,阳光电源,113.0800000000,110.8900000000,3412042117.0000000000,30231867.0000000000,0.0197500000,34.1204211700,AKShare stock_zh_a_spot / 新浪
300275,梅安森,9.1100000000,8.8500000000,47886192.0000000000,5350579.0000000000,0.0293800000,0.4788619200,AKShare stock_zh_a_spot / 新浪
300276,三丰智能,6.2900000000,6.2800000000,90544243.0000000000,14449996.0000000000,0.0015900000,0.9054424300,AKShare stock_zh_a_spot / 新浪
300277,汽轮科技,12.0200000000,11.9200000000,89258941.0000000000,7476892.0000000000,0.0083900000,0.8925894100,AKShare stock_zh_a_spot / 新浪
300278,华昌达,3.7500000000,3.7600000000,37876697.0000000000,10123296.0000000000,-0.0026600000,0.3787669700,AKShare stock_zh_a_spot / 新浪
300279,和晶科技,5.6200000000,5.6200000000,36595201.0000000000,6574600.0000000000,0.0000000000,0.3659520100,AKShare stock_zh_a_spot / 新浪
300281,金明精机,6.3700000000,6.2800000000,43188419.0000000000,6832300.0000000000,0.0143300000,0.4318841900,AKShare stock_zh_a_spot / 新浪
300283,温州宏丰,13.4200000000,13.1100000000,398920247.0000000000,30002000.0000000000,0.0236500000,3.9892024700,AKShare stock_zh_a_spot / 新浪
300284,苏交科,5.2000000000,5.2400000000,41581307.0000000000,8042912.0000000000,-0.0076300000,0.4158130700,AKShare stock_zh_a_spot / 新浪
300285,国瓷材料,67.8600000000,62.9200000000,9172724540.0000000000,136846459.0000000000,0.0785100000,91.7272454000,AKShare stock_zh_a_spot / 新浪
300286,安科瑞,20.0200000000,19.8900000000,55268367.0000000000,2767208.0000000000,0.0065400000,0.5526836700,AKShare stock_zh_a_spot / 新浪
300287,飞利信,3.5200000000,3.5100000000,60337587.0000000000,17236200.0000000000,0.0028500000,0.6033758700,AKShare stock_zh_a_spot / 新浪
300288,朗玛信息,9.8300000000,9.9900000000,42288464.0000000000,4320367.0000000000,-0.0160200000,0.4228846400,AKShare stock_zh_a_spot / 新浪
300289,利德曼,5.9400000000,6.0400000000,49994830.0000000000,8480500.0000000000,-0.0165600000,0.4999483000,AKShare stock_zh_a_spot / 新浪
300291,百纳千成,4.8900000000,5.1300000000,201965292.0000000000,41142530.0000000000,-0.0467800000,2.0196529200,AKShare stock_zh_a_spot / 新浪
300292,吴通控股,4.1800000000,4.1900000000,125132042.0000000000,29971394.0000000000,-0.0023900000,1.2513204200,AKShare stock_zh_a_spot / 新浪
300293,蓝英装备,15.6300000000,15.5900000000,44283273.0000000000,2847114.0000000000,0.0025700000,0.4428327300,AKShare stock_zh_a_spot / 新浪
300294,博雅生物,15.1800000000,15.8000000000,204539854.0000000000,13312374.0000000000,-0.0392400000,2.0453985400,AKShare stock_zh_a_spot / 新浪
300296,利亚德,5.0900000000,5.0700000000,194273501.0000000000,38403549.0000000000,0.0039400000,1.9427350100,AKShare stock_zh_a_spot / 新浪
300298,三诺生物,16.0500000000,16.4000000000,92137235.0000000000,5723600.0000000000,-0.0213400000,0.9213723500,AKShare stock_zh_a_spot / 新浪
300299,富春股份,5.2700000000,5.3600000000,78417511.0000000000,14960815.0000000000,-0.0167900000,0.7841751100,AKShare stock_zh_a_spot / 新浪
300300,海峡创新,7.3900000000,7.4700000000,194126898.0000000000,26366492.0000000000,-0.0107100000,1.9412689800,AKShare stock_zh_a_spot / 新浪
300302,同有科技,29.4200000000,29.2500000000,424087691.0000000000,14466156.0000000000,0.0058100000,4.2408769100,AKShare stock_zh_a_spot / 新浪
300303,聚飞光电,7.1000000000,6.9700000000,271577974.0000000000,38593250.0000000000,0.0186500000,2.7157797400,AKShare stock_zh_a_spot / 新浪
300304,云意电气,11.8600000000,11.5200000000,228810839.0000000000,19694312.0000000000,0.0295100000,2.2881083900,AKShare stock_zh_a_spot / 新浪
300305,裕兴股份,6.1000000000,6.0500000000,53270030.0000000000,8808000.0000000000,0.0082600000,0.5327003000,AKShare stock_zh_a_spot / 新浪
300306,远方信息,10.1800000000,10.1100000000,28113697.0000000000,2789929.0000000000,0.0069200000,0.2811369700,AKShare stock_zh_a_spot / 新浪
300307,慈星股份,7.4600000000,7.2300000000,224453167.0000000000,30371582.0000000000,0.0318100000,2.2445316700,AKShare stock_zh_a_spot / 新浪
300308,中际旭创,943.0000000000,904.2000000000,26686400633.0000000000,28703867.0000000000,0.0429100000,266.8640063300,AKShare stock_zh_a_spot / 新浪
300310,宜通世纪,4.3400000000,4.3200000000,62424441.0000000000,14492937.0000000000,0.0046300000,0.6242444100,AKShare stock_zh_a_spot / 新浪
300311,任子行,5.5200000000,6.1100000000,403137413.0000000000,71677208.0000000000,-0.0965600000,4.0313741300,AKShare stock_zh_a_spot / 新浪
300313,天山生物,12.8000000000,14.1400000000,556324821.0000000000,43218958.0000000000,-0.0947700000,5.5632482100,AKShare stock_zh_a_spot / 新浪
300314,戴维医疗,13.1100000000,13.8200000000,223739285.0000000000,16887984.0000000000,-0.0513700000,2.2373928500,AKShare stock_zh_a_spot / 新浪
300315,掌趣科技,3.9000000000,4.0600000000,282413841.0000000000,72054229.0000000000,-0.0394100000,2.8241384100,AKShare stock_zh_a_spot / 新浪
300316,晶盛机电,42.5300000000,42.1200000000,490359452.0000000000,11613986.0000000000,0.0097300000,4.9035945200,AKShare stock_zh_a_spot / 新浪
300317,珈伟新能,4.0900000000,4.1200000000,131078229.0000000000,32136800.0000000000,-0.0072800000,1.3107822900,AKShare stock_zh_a_spot / 新浪
300318,博晖创新,4.9800000000,5.3400000000,130746496.0000000000,26092234.0000000000,-0.0674200000,1.3074649600,AKShare stock_zh_a_spot / 新浪
300319,麦捷科技,18.2900000000,18.4500000000,1903484818.0000000000,103704831.0000000000,-0.0086700000,19.0348481800,AKShare stock_zh_a_spot / 新浪
300320,海达股份,8.4900000000,8.6000000000,40911067.0000000000,4810100.0000000000,-0.0127900000,0.4091106700,AKShare stock_zh_a_spot / 新浪
300321,同大股份,33.7000000000,32.6100000000,74103148.0000000000,2240850.0000000000,0.0334300000,0.7410314800,AKShare stock_zh_a_spot / 新浪
300322,硕贝德,17.6200000000,17.3900000000,263121222.0000000000,14975260.0000000000,0.0132300000,2.6312122200,AKShare stock_zh_a_spot / 新浪
300323,华灿光电,12.8600000000,12.1000000000,1415314161.0000000000,112999480.0000000000,0.0628100000,14.1531416100,AKShare stock_zh_a_spot / 新浪
300324,旋极信息,3.6500000000,3.6000000000,76526647.0000000000,21173457.0000000000,0.0138900000,0.7652664700,AKShare stock_zh_a_spot / 新浪
300327,中颖电子,22.7400000000,22.6500000000,117488187.0000000000,5163135.0000000000,0.0039700000,1.1748818700,AKShare stock_zh_a_spot / 新浪
300328,宜安科技,15.5900000000,15.1900000000,987351895.0000000000,63947565.0000000000,0.0263300000,9.8735189500,AKShare stock_zh_a_spot / 新浪
300329,海伦钢琴,12.0900000000,12.0900000000,26550647.0000000000,2204400.0000000000,0.0000000000,0.2655064700,AKShare stock_zh_a_spot / 新浪
300331,苏大维格,48.5100000000,49.0000000000,463485815.0000000000,9618414.0000000000,-0.0100000000,4.6348581500,AKShare stock_zh_a_spot / 新浪
300332,天壕能源,4.9900000000,4.8800000000,294390643.0000000000,58583877.0000000000,0.0225400000,2.9439064300,AKShare stock_zh_a_spot / 新浪
300333,兆日科技,11.0500000000,10.9400000000,308604898.0000000000,28508704.0000000000,0.0100500000,3.0860489800,AKShare stock_zh_a_spot / 新浪
300334,津膜科技,8.4600000000,8.4200000000,37126257.0000000000,4406100.0000000000,0.0047500000,0.3712625700,AKShare stock_zh_a_spot / 新浪
300335,迪森股份,5.2500000000,5.2700000000,35443863.0000000000,6792037.0000000000,-0.0038000000,0.3544386300,AKShare stock_zh_a_spot / 新浪
300337,银邦股份,9.7200000000,9.5600000000,112374457.0000000000,11617393.0000000000,0.0167400000,1.1237445700,AKShare stock_zh_a_spot / 新浪
300339,润和软件,36.2300000000,37.5200000000,996519394.0000000000,27534823.0000000000,-0.0343800000,9.9651939400,AKShare stock_zh_a_spot / 新浪
300340,科恒股份,8.8100000000,8.4600000000,117763638.0000000000,13418450.0000000000,0.0413700000,1.1776363800,AKShare stock_zh_a_spot / 新浪
300341,麦克奥迪,12.7900000000,12.7300000000,39557962.0000000000,3129234.0000000000,0.0047100000,0.3955796200,AKShare stock_zh_a_spot / 新浪
300342,天银机电,32.2900000000,32.1700000000,462904265.0000000000,14319347.0000000000,0.0037300000,4.6290426500,AKShare stock_zh_a_spot / 新浪
300343,联创股份,5.7300000000,5.8300000000,99938900.0000000000,17451801.0000000000,-0.0171500000,0.9993890000,AKShare stock_zh_a_spot / 新浪
300345,华民股份,9.3700000000,8.4700000000,768711254.0000000000,86076928.0000000000,0.1062600000,7.6871125400,AKShare stock_zh_a_spot / 新浪
300346,南大光电,56.8500000000,57.0300000000,1489105778.0000000000,26143730.0000000000,-0.0031600000,14.8910577800,AKShare stock_zh_a_spot / 新浪
300347,泰格医药,54.3700000000,55.5200000000,1213739281.0000000000,22440928.0000000000,-0.0207100000,12.1373928100,AKShare stock_zh_a_spot / 新浪
300348,长亮科技,9.3800000000,9.1900000000,231453635.0000000000,24692450.0000000000,0.0206700000,2.3145363500,AKShare stock_zh_a_spot / 新浪
300349,金卡智能,10.3000000000,10.3500000000,42060373.0000000000,4106627.0000000000,-0.0048300000,0.4206037300,AKShare stock_zh_a_spot / 新浪
300350,华鹏飞,4.3400000000,4.3700000000,36666863.0000000000,8510056.0000000000,-0.0068600000,0.3666686300,AKShare stock_zh_a_spot / 新浪
300351,永贵电器,13.8600000000,13.6000000000,106216892.0000000000,7718600.0000000000,0.0191200000,1.0621689200,AKShare stock_zh_a_spot / 新浪
300353,东土科技,18.0100000000,18.1800000000,139914514.0000000000,7763762.0000000000,-0.0093500000,1.3991451400,AKShare stock_zh_a_spot / 新浪
300354,东华测试,29.1500000000,29.0500000000,44632628.0000000000,1526200.0000000000,0.0034400000,0.4463262800,AKShare stock_zh_a_spot / 新浪
300355,蒙草生态,2.9100000000,2.9300000000,40043118.0000000000,13816895.0000000000,-0.0068300000,0.4004311800,AKShare stock_zh_a_spot / 新浪
300357,我武生物,24.6500000000,25.9500000000,488922689.0000000000,19624995.0000000000,-0.0501000000,4.8892268900,AKShare stock_zh_a_spot / 新浪
300358,楚天科技,9.0000000000,9.2500000000,333544506.0000000000,36945303.0000000000,-0.0270300000,3.3354450600,AKShare stock_zh_a_spot / 新浪
300359,全通教育,4.0400000000,4.0800000000,52766565.0000000000,13132387.0000000000,-0.0098000000,0.5276656500,AKShare stock_zh_a_spot / 新浪
300360,炬华科技,11.7100000000,11.7800000000,39514595.0000000000,3373230.0000000000,-0.0059400000,0.3951459500,AKShare stock_zh_a_spot / 新浪
300363,博腾股份,21.8900000000,24.4800000000,1497714433.0000000000,68148616.0000000000,-0.1058000000,14.9771443300,AKShare stock_zh_a_spot / 新浪
300364,中文在线,23.0900000000,23.1000000000,532678703.0000000000,23285832.0000000000,-0.0004300000,5.3267870300,AKShare stock_zh_a_spot / 新浪
300365,恒华科技,4.5900000000,4.5800000000,37307723.0000000000,8186224.0000000000,0.0021800000,0.3730772300,AKShare stock_zh_a_spot / 新浪
300368,汇金股份,7.6400000000,7.6300000000,135853250.0000000000,17993939.0000000000,0.0013100000,1.3585325000,AKShare stock_zh_a_spot / 新浪
300369,绿盟科技,6.9200000000,6.9300000000,218615102.0000000000,31905977.0000000000,-0.0014400000,2.1861510200,AKShare stock_zh_a_spot / 新浪
300370,安控科技,2.1900000000,2.1800000000,30551943.0000000000,14088420.0000000000,0.0045900000,0.3055194300,AKShare stock_zh_a_spot / 新浪
300371,汇中股份,10.5200000000,10.4100000000,24273503.0000000000,2331808.0000000000,0.0105700000,0.2427350300,AKShare stock_zh_a_spot / 新浪
300373,扬杰科技,103.0400000000,96.2900000000,2546927341.0000000000,25129512.0000000000,0.0701000000,25.4692734100,AKShare stock_zh_a_spot / 新浪
300374,中铁装配,10.6600000000,10.7600000000,24835724.0000000000,2350368.0000000000,-0.0092900000,0.2483572400,AKShare stock_zh_a_spot / 新浪
300375,鹏翎股份,3.9800000000,3.9700000000,43017445.0000000000,10867148.0000000000,0.0025200000,0.4301744500,AKShare stock_zh_a_spot / 新浪
300376,易事特,4.4400000000,4.4300000000,58858772.0000000000,13294661.0000000000,0.0022600000,0.5885877200,AKShare stock_zh_a_spot / 新浪
300377,赢时胜,13.9900000000,13.6800000000,325958721.0000000000,23576517.0000000000,0.0226600000,3.2595872100,AKShare stock_zh_a_spot / 新浪
300378,鼎捷数智,31.4500000000,32.4100000000,249245062.0000000000,7856312.0000000000,-0.0296200000,2.4924506200,AKShare stock_zh_a_spot / 新浪
300380,安硕信息,28.2900000000,27.8300000000,52583694.0000000000,1879016.0000000000,0.0165300000,0.5258369400,AKShare stock_zh_a_spot / 新浪
300381,溢多利,6.2900000000,6.4600000000,47813636.0000000000,7598947.0000000000,-0.0263200000,0.4781363600,AKShare stock_zh_a_spot / 新浪
300382,斯莱克,17.5800000000,15.8600000000,675363340.0000000000,40162545.0000000000,0.1084500000,6.7536334000,AKShare stock_zh_a_spot / 新浪
300383,光环新网,12.3500000000,12.2900000000,412360567.0000000000,33679233.0000000000,0.0048800000,4.1236056700,AKShare stock_zh_a_spot / 新浪
300384,三联虹普,12.7500000000,12.8400000000,57056559.0000000000,4510761.0000000000,-0.0070100000,0.5705655900,AKShare stock_zh_a_spot / 新浪
300386,飞天诚信,11.4300000000,11.4900000000,179269942.0000000000,15754245.0000000000,-0.0052200000,1.7926994200,AKShare stock_zh_a_spot / 新浪
300387,富邦科技,7.3100000000,7.3700000000,57764939.0000000000,7941500.0000000000,-0.0081400000,0.5776493900,AKShare stock_zh_a_spot / 新浪
300388,节能国祯,6.8500000000,6.8700000000,40740649.0000000000,6003311.0000000000,-0.0029100000,0.4074064900,AKShare stock_zh_a_spot / 新浪
300389,艾比森,12.3700000000,12.1500000000,42170482.0000000000,3456709.0000000000,0.0181100000,0.4217048200,AKShare stock_zh_a_spot / 新浪
300390,天华新能,65.4700000000,60.8000000000,4032540665.0000000000,61674894.0000000000,0.0768100000,40.3254066500,AKShare stock_zh_a_spot / 新浪
300393,中来股份,6.2200000000,6.1500000000,95711297.0000000000,15415284.0000000000,0.0113800000,0.9571129700,AKShare stock_zh_a_spot / 新浪
300394,天孚通信,273.0800000000,276.2500000000,14055654906.0000000000,50444269.0000000000,-0.0114800000,140.5565490600,AKShare stock_zh_a_spot / 新浪
300395,菲利华,87.9900000000,89.0200000000,1295313469.0000000000,14685243.0000000000,-0.0115700000,12.9531346900,AKShare stock_zh_a_spot / 新浪
300397,天和防务,11.2900000000,11.0800000000,158208025.0000000000,14162327.0000000000,0.0189500000,1.5820802500,AKShare stock_zh_a_spot / 新浪
300398,飞凯材料,35.6700000000,35.3700000000,833895575.0000000000,23514264.0000000000,0.0084800000,8.3389557500,AKShare stock_zh_a_spot / 新浪
300399,天利科技,18.7100000000,16.9300000000,374821178.0000000000,19617116.0000000000,0.1051400000,3.7482117800,AKShare stock_zh_a_spot / 新浪
300400,劲拓股份,28.3400000000,28.5600000000,236096917.0000000000,8323551.0000000000,-0.0077000000,2.3609691700,AKShare stock_zh_a_spot / 新浪
300401,花园生物,15.4400000000,15.5800000000,498608216.0000000000,32454358.0000000000,-0.0089900000,4.9860821600,AKShare stock_zh_a_spot / 新浪
300402,宝色股份,15.0100000000,14.3500000000,93994738.0000000000,6380394.0000000000,0.0459900000,0.9399473800,AKShare stock_zh_a_spot / 新浪
300403,汉宇集团,9.2200000000,9.2200000000,48857942.0000000000,5319088.0000000000,0.0000000000,0.4885794200,AKShare stock_zh_a_spot / 新浪
300404,博济医药,14.4300000000,15.7400000000,1067142697.0000000000,72931269.0000000000,-0.0832300000,10.6714269700,AKShare stock_zh_a_spot / 新浪
300405,科隆股份,5.7400000000,5.6500000000,36798276.0000000000,6521000.0000000000,0.0159300000,0.3679827600,AKShare stock_zh_a_spot / 新浪
300406,九强生物,11.7000000000,12.1400000000,84564164.0000000000,7210137.0000000000,-0.0362400000,0.8456416400,AKShare stock_zh_a_spot / 新浪
300407,凯发电气,12.2600000000,11.5800000000,162472003.0000000000,13368821.0000000000,0.0587200000,1.6247200300,AKShare stock_zh_a_spot / 新浪
300408,三环集团,113.9000000000,111.5100000000,4805231758.0000000000,42305079.0000000000,0.0214300000,48.0523175800,AKShare stock_zh_a_spot / 新浪
300409,道氏技术,18.3800000000,18.2700000000,275430619.0000000000,15047381.0000000000,0.0060200000,2.7543061900,AKShare stock_zh_a_spot / 新浪
300410,正业科技,7.9000000000,7.8000000000,81245012.0000000000,10385635.0000000000,0.0128200000,0.8124501200,AKShare stock_zh_a_spot / 新浪
300411,金盾股份,7.6000000000,7.6000000000,52908190.0000000000,7040208.0000000000,0.0000000000,0.5290819000,AKShare stock_zh_a_spot / 新浪
300412,迦南科技,4.5800000000,4.5800000000,59388713.0000000000,13148160.0000000000,0.0000000000,0.5938871300,AKShare stock_zh_a_spot / 新浪
300413,芒果超媒,15.0300000000,15.2500000000,144834325.0000000000,9655949.0000000000,-0.0144300000,1.4483432500,AKShare stock_zh_a_spot / 新浪
300414,中光防雷,10.8000000000,10.7700000000,51228221.0000000000,4781211.0000000000,0.0027900000,0.5122822100,AKShare stock_zh_a_spot / 新浪
300415,伊之密,19.8000000000,19.5800000000,58283495.0000000000,2963800.0000000000,0.0112400000,0.5828349500,AKShare stock_zh_a_spot / 新浪
300416,苏试试验,14.7000000000,15.0200000000,213265491.0000000000,14503965.0000000000,-0.0213000000,2.1326549100,AKShare stock_zh_a_spot / 新浪
300417,南华仪器,11.1000000000,11.0200000000,26089394.0000000000,2377786.0000000000,0.0072600000,0.2608939400,AKShare stock_zh_a_spot / 新浪
300418,昆仑万维,43.8200000000,45.0500000000,3200260681.0000000000,72837449.0000000000,-0.0273000000,32.0026068100,AKShare stock_zh_a_spot / 新浪
300420,五洋自控,7.9400000000,7.4300000000,913941555.0000000000,116253658.0000000000,0.0686400000,9.1394155500,AKShare stock_zh_a_spot / 新浪
300421,力星股份,16.4300000000,16.2500000000,71844497.0000000000,4402142.0000000000,0.0110800000,0.7184449700,AKShare stock_zh_a_spot / 新浪
300422,博世科,4.1100000000,4.0800000000,45814301.0000000000,11250390.0000000000,0.0073500000,0.4581430100,AKShare stock_zh_a_spot / 新浪
300423,昇辉科技,5.8100000000,5.7900000000,39595663.0000000000,6882987.0000000000,0.0034500000,0.3959566300,AKShare stock_zh_a_spot / 新浪
300424,航新科技,14.0200000000,14.0500000000,69586811.0000000000,4981185.0000000000,-0.0021400000,0.6958681100,AKShare stock_zh_a_spot / 新浪
300425,中建环能,4.0300000000,4.0100000000,35362869.0000000000,8854019.0000000000,0.0049900000,0.3536286900,AKShare stock_zh_a_spot / 新浪
300426,华智数媒,6.1800000000,6.2500000000,92823153.0000000000,15172417.0000000000,-0.0112000000,0.9282315300,AKShare stock_zh_a_spot / 新浪
300427,红相股份,6.4900000000,6.4400000000,116838127.0000000000,18149400.0000000000,0.0077600000,1.1683812700,AKShare stock_zh_a_spot / 新浪
300428,立中集团,18.2400000000,18.2300000000,68248232.0000000000,3748741.0000000000,0.0005500000,0.6824823200,AKShare stock_zh_a_spot / 新浪
300429,强力新材,10.5900000000,10.4500000000,140667421.0000000000,13355022.0000000000,0.0134000000,1.4066742100,AKShare stock_zh_a_spot / 新浪
300432,富临精工,15.9800000000,15.7900000000,375148954.0000000000,23542718.0000000000,0.0120300000,3.7514895400,AKShare stock_zh_a_spot / 新浪
300433,蓝思科技,37.1900000000,37.9800000000,3835453852.0000000000,102922703.0000000000,-0.0208000000,38.3545385200,AKShare stock_zh_a_spot / 新浪
300434,金石亚药,11.8400000000,12.4200000000,348063645.0000000000,29095790.0000000000,-0.0467000000,3.4806364500,AKShare stock_zh_a_spot / 新浪
300435,中泰股份,17.0700000000,16.7900000000,147818047.0000000000,8714210.0000000000,0.0166800000,1.4781804700,AKShare stock_zh_a_spot / 新浪
300436,广生堂,93.1200000000,96.5100000000,534171769.0000000000,5733272.0000000000,-0.0351300000,5.3417176900,AKShare stock_zh_a_spot / 新浪
300437,清水源,11.0100000000,10.9800000000,55063549.0000000000,5023884.0000000000,0.0027300000,0.5506354900,AKShare stock_zh_a_spot / 新浪
300438,鹏辉能源,61.7500000000,59.6600000000,1460944173.0000000000,23523413.0000000000,0.0350300000,14.6094417300,AKShare stock_zh_a_spot / 新浪
300439,美康生物,9.3400000000,9.5900000000,43079441.0000000000,4614658.0000000000,-0.0260700000,0.4307944100,AKShare stock_zh_a_spot / 新浪
300440,运达科技,18.5500000000,18.2100000000,142017021.0000000000,7796800.0000000000,0.0186700000,1.4201702100,AKShare stock_zh_a_spot / 新浪
300441,鲍斯股份,6.8200000000,6.8500000000,26520681.0000000000,3903400.0000000000,-0.0043800000,0.2652068100,AKShare stock_zh_a_spot / 新浪
300442,润泽科技,64.3800000000,64.5800000000,1014139335.0000000000,15800885.0000000000,-0.0031000000,10.1413933500,AKShare stock_zh_a_spot / 新浪
300443,金雷股份,19.7200000000,19.7600000000,50624818.0000000000,2577153.0000000000,-0.0020200000,0.5062481800,AKShare stock_zh_a_spot / 新浪
300444,双杰电气,9.8500000000,9.8500000000,187793170.0000000000,19161297.0000000000,0.0000000000,1.8779317000,AKShare stock_zh_a_spot / 新浪
300445,康斯特,18.3000000000,18.1100000000,23640725.0000000000,1303471.0000000000,0.0104900000,0.2364072500,AKShare stock_zh_a_spot / 新浪
300446,航天智造,12.9100000000,12.9300000000,53465902.0000000000,4141733.0000000000,-0.0015500000,0.5346590200,AKShare stock_zh_a_spot / 新浪
300447,全信股份,13.6300000000,13.4000000000,44752948.0000000000,3329621.0000000000,0.0171600000,0.4475294800,AKShare stock_zh_a_spot / 新浪
300448,浩云科技,5.7600000000,5.7000000000,62975322.0000000000,11086330.0000000000,0.0105300000,0.6297532200,AKShare stock_zh_a_spot / 新浪
300449,汉邦高科,7.0300000000,7.0100000000,36155644.0000000000,5189200.0000000000,0.0028500000,0.3615564400,AKShare stock_zh_a_spot / 新浪
300450,先导智能,33.9100000000,33.3300000000,885441479.0000000000,26089180.0000000000,0.0174000000,8.8544147900,AKShare stock_zh_a_spot / 新浪
300451,创业慧康,3.4500000000,3.5300000000,69906449.0000000000,20304800.0000000000,-0.0226600000,0.6990644900,AKShare stock_zh_a_spot / 新浪
300452,山河药辅,12.7700000000,13.9600000000,215052836.0000000000,16655035.0000000000,-0.0852400000,2.1505283600,AKShare stock_zh_a_spot / 新浪
300453,三鑫医疗,9.8900000000,10.2200000000,130903377.0000000000,13200067.0000000000,-0.0322900000,1.3090337700,AKShare stock_zh_a_spot / 新浪
300454,深信服,120.6000000000,118.5800000000,1759931125.0000000000,14852454.0000000000,0.0170300000,17.5993112500,AKShare stock_zh_a_spot / 新浪
300455,航天智装,17.7200000000,17.6800000000,94300594.0000000000,5311010.0000000000,0.0022600000,0.9430059400,AKShare stock_zh_a_spot / 新浪
300456,赛微电子,31.3900000000,31.5500000000,410471933.0000000000,13040803.0000000000,-0.0050700000,4.1047193300,AKShare stock_zh_a_spot / 新浪
300457,赢合科技,19.9500000000,19.9200000000,156307121.0000000000,7832000.0000000000,0.0015100000,1.5630712100,AKShare stock_zh_a_spot / 新浪
300458,全志科技,31.4600000000,31.3600000000,877847373.0000000000,28048777.0000000000,0.0031900000,8.7784737300,AKShare stock_zh_a_spot / 新浪
300459,汤姆猫,3.4500000000,3.5000000000,198809797.0000000000,57715602.0000000000,-0.0142900000,1.9880979700,AKShare stock_zh_a_spot / 新浪
300461,田中精机,31.3300000000,30.8400000000,131396449.0000000000,4230527.0000000000,0.0158900000,1.3139644900,AKShare stock_zh_a_spot / 新浪
300463,迈克生物,9.3600000000,9.6400000000,104092474.0000000000,11070646.0000000000,-0.0290500000,1.0409247400,AKShare stock_zh_a_spot / 新浪
300464,星徽股份,6.7500000000,6.6700000000,42697555.0000000000,6386000.0000000000,0.0119900000,0.4269755500,AKShare stock_zh_a_spot / 新浪
300465,高伟达,12.4400000000,12.2500000000,297450081.0000000000,24411444.0000000000,0.0155100000,2.9745008100,AKShare stock_zh_a_spot / 新浪
300466,赛摩智能,7.2600000000,7.2300000000,27474605.0000000000,3819394.0000000000,0.0041500000,0.2747460500,AKShare stock_zh_a_spot / 新浪
300467,迅游科技,32.7900000000,33.1700000000,91223589.0000000000,2802513.0000000000,-0.0114600000,0.9122358900,AKShare stock_zh_a_spot / 新浪
300468,四方精创,22.2100000000,21.1000000000,1380070448.0000000000,62315078.0000000000,0.0526100000,13.8007044800,AKShare stock_zh_a_spot / 新浪
300469,信息发展,56.9900000000,57.1000000000,249723459.0000000000,4440045.0000000000,-0.0019300000,2.4972345900,AKShare stock_zh_a_spot / 新浪
300470,中密控股,28.1400000000,28.1700000000,22236015.0000000000,794167.0000000000,-0.0010600000,0.2223601500,AKShare stock_zh_a_spot / 新浪
300471,厚普股份,9.7000000000,9.7100000000,41139467.0000000000,4288431.0000000000,-0.0010300000,0.4113946700,AKShare stock_zh_a_spot / 新浪
300473,德尔股份,21.9100000000,21.7500000000,58607126.0000000000,2698292.0000000000,0.0073600000,0.5860712600,AKShare stock_zh_a_spot / 新浪
300474,景嘉微,50.6600000000,50.3400000000,293437531.0000000000,5863798.0000000000,0.0063600000,2.9343753100,AKShare stock_zh_a_spot / 新浪
300475,香农芯创,158.1000000000,157.1500000000,3054274243.0000000000,19327866.0000000000,0.0060500000,30.5427424300,AKShare stock_zh_a_spot / 新浪
300476,胜宏科技,253.7400000000,253.4500000000,5798753724.0000000000,22856712.0000000000,0.0011400000,57.9875372400,AKShare stock_zh_a_spot / 新浪
300478,杭州高新,30.1700000000,29.7000000000,77917692.0000000000,2633400.0000000000,0.0158200000,0.7791769200,AKShare stock_zh_a_spot / 新浪
300479,神思电子,14.6700000000,14.8400000000,82524321.0000000000,5611135.0000000000,-0.0114600000,0.8252432100,AKShare stock_zh_a_spot / 新浪
300480,光力科技,32.8200000000,33.0900000000,436596145.0000000000,13224647.0000000000,-0.0081600000,4.3659614500,AKShare stock_zh_a_spot / 新浪
300481,濮阳惠成,14.2200000000,14.1900000000,99742516.0000000000,7067656.0000000000,0.0021100000,0.9974251600,AKShare stock_zh_a_spot / 新浪
300482,万孚生物,17.4000000000,17.7700000000,142096294.0000000000,8151938.0000000000,-0.0208200000,1.4209629400,AKShare stock_zh_a_spot / 新浪
300483,首华燃气,22.9400000000,22.6300000000,377007927.0000000000,16316300.0000000000,0.0137000000,3.7700792700,AKShare stock_zh_a_spot / 新浪
300484,蓝海华腾,12.7500000000,12.9400000000,36529170.0000000000,2873158.0000000000,-0.0146800000,0.3652917000,AKShare stock_zh_a_spot / 新浪
300485,赛升药业,9.9100000000,10.3000000000,157174876.0000000000,15895337.0000000000,-0.0378600000,1.5717487600,AKShare stock_zh_a_spot / 新浪
300486,东杰智能,22.6600000000,21.8300000000,482405220.0000000000,21591996.0000000000,0.0380200000,4.8240522000,AKShare stock_zh_a_spot / 新浪
300487,蓝晓科技,66.8900000000,69.9600000000,651279635.0000000000,9687264.0000000000,-0.0438800000,6.5127963500,AKShare stock_zh_a_spot / 新浪
300488,恒锋工具,31.3300000000,31.1200000000,89168037.0000000000,2883900.0000000000,0.0067500000,0.8916803700,AKShare stock_zh_a_spot / 新浪
300489,光智科技,216.5500000000,228.6300000000,2720734689.0000000000,12435710.0000000000,-0.0528400000,27.2073468900,AKShare stock_zh_a_spot / 新浪
300490,华自科技,11.5200000000,11.2900000000,110281843.0000000000,9653524.0000000000,0.0203700000,1.1028184300,AKShare stock_zh_a_spot / 新浪
300491,通合科技,29.5900000000,29.8500000000,200265536.0000000000,6761078.0000000000,-0.0087100000,2.0026553600,AKShare stock_zh_a_spot / 新浪
300492,华图山鼎,23.7200000000,23.8100000000,63401815.0000000000,2681911.0000000000,-0.0037800000,0.6340181500,AKShare stock_zh_a_spot / 新浪
300493,润欣科技,12.0100000000,11.9800000000,78610950.0000000000,6564000.0000000000,0.0025000000,0.7861095000,AKShare stock_zh_a_spot / 新浪
300494,盛天网络,8.1900000000,8.2800000000,36971008.0000000000,4517413.0000000000,-0.0108700000,0.3697100800,AKShare stock_zh_a_spot / 新浪
300496,中科创达,56.9000000000,57.4600000000,422953750.0000000000,7465618.0000000000,-0.0097500000,4.2295375000,AKShare stock_zh_a_spot / 新浪
300497,富祥股份,17.3200000000,17.3600000000,399063287.0000000000,23230479.0000000000,-0.0023000000,3.9906328700,AKShare stock_zh_a_spot / 新浪
300498,温氏股份,13.5900000000,13.7900000000,442068814.0000000000,32480933.0000000000,-0.0145000000,4.4206881400,AKShare stock_zh_a_spot / 新浪
300499,高澜股份,28.2600000000,27.2300000000,464446944.0000000000,16500555.0000000000,0.0378300000,4.6444694400,AKShare stock_zh_a_spot / 新浪
300500,启迪设计,9.6300000000,9.5300000000,30304708.0000000000,3194700.0000000000,0.0104900000,0.3030470800,AKShare stock_zh_a_spot / 新浪
300501,海顺新材,10.1400000000,10.1000000000,24501191.0000000000,2435745.0000000000,0.0039600000,0.2450119100,AKShare stock_zh_a_spot / 新浪
300502,新易盛,442.0000000000,414.0200000000,20792810916.0000000000,47780764.0000000000,0.0675800000,207.9281091600,AKShare stock_zh_a_spot / 新浪
300503,昊志机电,69.6500000000,70.1900000000,912894392.0000000000,13110546.0000000000,-0.0076900000,9.1289439200,AKShare stock_zh_a_spot / 新浪
300504,天邑股份,14.9600000000,14.9100000000,79597916.0000000000,5325500.0000000000,0.0033500000,0.7959791600,AKShare stock_zh_a_spot / 新浪
300505,川金诺,19.2700000000,20.0200000000,328394186.0000000000,17041257.0000000000,-0.0374600000,3.2839418600,AKShare stock_zh_a_spot / 新浪
300506,名家汇,5.2000000000,5.2300000000,118465682.0000000000,22870115.0000000000,-0.0057400000,1.1846568200,AKShare stock_zh_a_spot / 新浪
300507,苏奥传感,6.3500000000,6.3700000000,29085568.0000000000,4597847.0000000000,-0.0031400000,0.2908556800,AKShare stock_zh_a_spot / 新浪
300508,维宏股份,43.4300000000,43.7000000000,127469086.0000000000,2939615.0000000000,-0.0061800000,1.2746908600,AKShare stock_zh_a_spot / 新浪
300509,新美星,8.8300000000,8.5800000000,56874299.0000000000,6535011.0000000000,0.0291400000,0.5687429900,AKShare stock_zh_a_spot / 新浪
300510,金冠股份,3.4000000000,3.4100000000,42532118.0000000000,12556121.0000000000,-0.0029300000,0.4253211800,AKShare stock_zh_a_spot / 新浪
300511,雪榕生物,5.6100000000,5.9200000000,276707513.0000000000,49630329.0000000000,-0.0523600000,2.7670751300,AKShare stock_zh_a_spot / 新浪
300512,中亚股份,7.2200000000,7.2100000000,20688458.0000000000,2903801.0000000000,0.0013900000,0.2068845800,AKShare stock_zh_a_spot / 新浪
300513,恒实科技,7.2600000000,7.2800000000,32493030.0000000000,4509900.0000000000,-0.0027500000,0.3249303000,AKShare stock_zh_a_spot / 新浪
300514,友讯达,9.8100000000,9.8300000000,19407683.0000000000,1990915.0000000000,-0.0020300000,0.1940768300,AKShare stock_zh_a_spot / 新浪
300515,三德科技,16.4200000000,15.6600000000,167573883.0000000000,10192787.0000000000,0.0485300000,1.6757388300,AKShare stock_zh_a_spot / 新浪
300516,久之洋,31.1500000000,31.6000000000,89952005.0000000000,2878585.0000000000,-0.0142400000,0.8995200500,AKShare stock_zh_a_spot / 新浪
300517,海波重科,10.0900000000,10.0900000000,22697450.0000000000,2273460.0000000000,0.0000000000,0.2269745000,AKShare stock_zh_a_spot / 新浪
300518,新迅达,23.2300000000,22.9800000000,159394055.0000000000,6922192.0000000000,0.0108800000,1.5939405500,AKShare stock_zh_a_spot / 新浪
300519,新光药业,14.2900000000,14.9100000000,74966302.0000000000,5240300.0000000000,-0.0415800000,0.7496630200,AKShare stock_zh_a_spot / 新浪
300520,科大国创,24.1200000000,23.9200000000,163857042.0000000000,6803544.0000000000,0.0083600000,1.6385704200,AKShare stock_zh_a_spot / 新浪
300521,爱司凯,23.3100000000,23.3600000000,46647267.0000000000,2005941.0000000000,-0.0021400000,0.4664726700,AKShare stock_zh_a_spot / 新浪
300522,世名科技,14.8200000000,13.7600000000,352940030.0000000000,24389523.0000000000,0.0770300000,3.5294003000,AKShare stock_zh_a_spot / 新浪
300523,辰安科技,19.9400000000,19.9500000000,32264804.0000000000,1622200.0000000000,-0.0005000000,0.3226480400,AKShare stock_zh_a_spot / 新浪
300525,博思软件,8.1200000000,8.2000000000,60729300.0000000000,7485600.0000000000,-0.0097600000,0.6072930000,AKShare stock_zh_a_spot / 新浪
300528,幸福蓝海,12.9300000000,12.9400000000,86886131.0000000000,6752980.0000000000,-0.0007700000,0.8688613100,AKShare stock_zh_a_spot / 新浪
300529,健帆生物,15.7600000000,16.2800000000,166222394.0000000000,10455620.0000000000,-0.0319400000,1.6622239400,AKShare stock_zh_a_spot / 新浪
300530,领湃科技,18.0900000000,18.1300000000,51746837.0000000000,2868000.0000000000,-0.0022100000,0.5174683700,AKShare stock_zh_a_spot / 新浪
300531,优博讯,16.1000000000,15.9500000000,91716691.0000000000,5734803.0000000000,0.0094000000,0.9171669100,AKShare stock_zh_a_spot / 新浪
300532,今天国际,6.9300000000,6.9100000000,37701414.0000000000,5485613.0000000000,0.0028900000,0.3770141400,AKShare stock_zh_a_spot / 新浪
300533,冰川网络,14.2000000000,14.4300000000,49365896.0000000000,3487755.0000000000,-0.0159400000,0.4936589600,AKShare stock_zh_a_spot / 新浪
300534,陇神戎发,18.3500000000,18.5700000000,1244499415.0000000000,69457138.0000000000,-0.0118500000,12.4449941500,AKShare stock_zh_a_spot / 新浪
300535,达威股份,17.1200000000,16.4500000000,83534782.0000000000,4926785.0000000000,0.0407300000,0.8353478200,AKShare stock_zh_a_spot / 新浪
300536,农尚环境,8.9200000000,8.8000000000,49170427.0000000000,5584400.0000000000,0.0136400000,0.4917042700,AKShare stock_zh_a_spot / 新浪
300537,广信材料,19.6400000000,19.5800000000,90342021.0000000000,4629730.0000000000,0.0030600000,0.9034202100,AKShare stock_zh_a_spot / 新浪
300538,同益股份,15.3800000000,15.1100000000,58397448.0000000000,3849692.0000000000,0.0178700000,0.5839744800,AKShare stock_zh_a_spot / 新浪
300539,横河精密,18.1800000000,17.7300000000,80108892.0000000000,4493692.0000000000,0.0253800000,0.8010889200,AKShare stock_zh_a_spot / 新浪
300540,蜀道装备,29.3600000000,29.2300000000,571409096.0000000000,19146318.0000000000,0.0044500000,5.7140909600,AKShare stock_zh_a_spot / 新浪
300541,先进数通,9.7800000000,9.5800000000,80349532.0000000000,8262909.0000000000,0.0208800000,0.8034953200,AKShare stock_zh_a_spot / 新浪
300542,新晨科技,12.0800000000,11.8500000000,76792447.0000000000,6388735.0000000000,0.0194100000,0.7679244700,AKShare stock_zh_a_spot / 新浪
300543,朗科智能,7.6900000000,7.7200000000,45878032.0000000000,5996400.0000000000,-0.0038900000,0.4587803200,AKShare stock_zh_a_spot / 新浪
300545,联得装备,34.0800000000,32.2100000000,831981068.0000000000,24912764.0000000000,0.0580600000,8.3198106800,AKShare stock_zh_a_spot / 新浪
300546,雄帝科技,17.8200000000,16.6900000000,320641829.0000000000,17536602.0000000000,0.0677100000,3.2064182900,AKShare stock_zh_a_spot / 新浪
300547,川环科技,25.1300000000,24.4600000000,129861990.0000000000,5186121.0000000000,0.0273900000,1.2986199000,AKShare stock_zh_a_spot / 新浪
300548,长芯博创,197.4200000000,204.0000000000,3967889134.0000000000,19551454.0000000000,-0.0322500000,39.6788913400,AKShare stock_zh_a_spot / 新浪
300549,优德精密,14.3200000000,14.2900000000,16123272.0000000000,1137000.0000000000,0.0021000000,0.1612327200,AKShare stock_zh_a_spot / 新浪
300550,和仁科技,11.9000000000,11.8800000000,43258140.0000000000,3640522.0000000000,0.0016800000,0.4325814000,AKShare stock_zh_a_spot / 新浪
300551,古鳌科技,9.9300000000,9.9600000000,87908858.0000000000,8791454.0000000000,-0.0030100000,0.8790885800,AKShare stock_zh_a_spot / 新浪
300552,万集科技,20.2200000000,20.1500000000,67442874.0000000000,3342352.0000000000,0.0034700000,0.6744287400,AKShare stock_zh_a_spot / 新浪
300553,集智股份,40.6000000000,40.7100000000,138546661.0000000000,3401500.0000000000,-0.0027000000,1.3854666100,AKShare stock_zh_a_spot / 新浪
300554,三超新材,20.6000000000,20.4100000000,52369484.0000000000,2556800.0000000000,0.0093100000,0.5236948400,AKShare stock_zh_a_spot / 新浪
300556,丝路视觉,16.1200000000,16.2000000000,41566154.0000000000,2593526.0000000000,-0.0049400000,0.4156615400,AKShare stock_zh_a_spot / 新浪
300557,理工光科,25.6200000000,25.8200000000,52730250.0000000000,2048695.0000000000,-0.0077500000,0.5273025000,AKShare stock_zh_a_spot / 新浪
300558,贝达药业,51.1800000000,55.7000000000,1594823175.0000000000,31277450.0000000000,-0.0811500000,15.9482317500,AKShare stock_zh_a_spot / 新浪
300559,佳发教育,10.3500000000,10.3400000000,44052084.0000000000,4281964.0000000000,0.0009700000,0.4405208400,AKShare stock_zh_a_spot / 新浪
300560,中富通,17.9300000000,17.9200000000,212930464.0000000000,11876800.0000000000,0.0005600000,2.1293046400,AKShare stock_zh_a_spot / 新浪
300561,汇金科技,15.2800000000,15.0000000000,215756748.0000000000,14275502.0000000000,0.0186700000,2.1575674800,AKShare stock_zh_a_spot / 新浪
300562,乐心医疗,15.0300000000,15.1800000000,119473290.0000000000,8034273.0000000000,-0.0098800000,1.1947329000,AKShare stock_zh_a_spot / 新浪
300563,神宇股份,23.2600000000,23.0900000000,48781097.0000000000,2113200.0000000000,0.0073600000,0.4878109700,AKShare stock_zh_a_spot / 新浪
300564,筑博设计,12.4200000000,12.4300000000,22350770.0000000000,1815600.0000000000,-0.0008000000,0.2235077000,AKShare stock_zh_a_spot / 新浪
300565,科信技术,9.6300000000,9.5700000000,59028284.0000000000,6150725.0000000000,0.0062700000,0.5902828400,AKShare stock_zh_a_spot / 新浪
300566,激智科技,28.9900000000,28.1000000000,623750376.0000000000,21833341.0000000000,0.0316700000,6.2375037600,AKShare stock_zh_a_spot / 新浪
300567,精测电子,217.0900000000,217.9000000000,1213335233.0000000000,5604371.0000000000,-0.0037200000,12.1333523300,AKShare stock_zh_a_spot / 新浪
300568,星源材质,14.4800000000,14.5700000000,712561090.0000000000,48581614.0000000000,-0.0061800000,7.1256109000,AKShare stock_zh_a_spot / 新浪
300569,天能重工,4.7200000000,4.6900000000,30855133.0000000000,6587838.0000000000,0.0064000000,0.3085513300,AKShare stock_zh_a_spot / 新浪
300570,太辰光,214.4600000000,213.4000000000,7667732234.0000000000,35216134.0000000000,0.0049700000,76.6773223400,AKShare stock_zh_a_spot / 新浪
300571,平治信息,30.7200000000,30.8800000000,150281452.0000000000,4920100.0000000000,-0.0051800000,1.5028145200,AKShare stock_zh_a_spot / 新浪
300572,安车检测,19.0600000000,18.9500000000,62882242.0000000000,3312783.0000000000,0.0058000000,0.6288224200,AKShare stock_zh_a_spot / 新浪
300573,兴齐眼药,39.7500000000,40.8800000000,333777619.0000000000,8436367.0000000000,-0.0276400000,3.3377761900,AKShare stock_zh_a_spot / 新浪
300575,中旗股份,5.8700000000,6.0300000000,100227109.0000000000,17152666.0000000000,-0.0265300000,1.0022710900,AKShare stock_zh_a_spot / 新浪
300576,容大感光,30.6100000000,30.8200000000,358542876.0000000000,11684063.0000000000,-0.0068100000,3.5854287600,AKShare stock_zh_a_spot / 新浪
300577,开润股份,17.5800000000,17.9200000000,29304574.0000000000,1669000.0000000000,-0.0189700000,0.2930457400,AKShare stock_zh_a_spot / 新浪
300578,会畅科技,15.7200000000,15.5300000000,55099070.0000000000,3539936.0000000000,0.0122300000,0.5509907000,AKShare stock_zh_a_spot / 新浪
300579,数字认证,21.6600000000,21.1600000000,113308106.0000000000,5232820.0000000000,0.0236300000,1.1330810600,AKShare stock_zh_a_spot / 新浪
300580,贝斯特,20.0400000000,19.8500000000,133452430.0000000000,6708760.0000000000,0.0095700000,1.3345243000,AKShare stock_zh_a_spot / 新浪
300581,晨曦航空,9.8700000000,9.7800000000,65086034.0000000000,6650200.0000000000,0.0092000000,0.6508603400,AKShare stock_zh_a_spot / 新浪
300582,英飞特,11.2300000000,11.2100000000,47736379.0000000000,4297351.0000000000,0.0017800000,0.4773637900,AKShare stock_zh_a_spot / 新浪
300583,赛托生物,12.8900000000,13.1400000000,41175456.0000000000,3210969.0000000000,-0.0190300000,0.4117545600,AKShare stock_zh_a_spot / 新浪
300584,海辰药业,32.9000000000,34.5000000000,174142897.0000000000,5295096.0000000000,-0.0463800000,1.7414289700,AKShare stock_zh_a_spot / 新浪
300585,奥联电子,15.6500000000,15.4800000000,74658311.0000000000,4834500.0000000000,0.0109800000,0.7465831100,AKShare stock_zh_a_spot / 新浪
300586,美联新材,9.0900000000,8.9100000000,122038598.0000000000,13570609.0000000000,0.0202000000,1.2203859800,AKShare stock_zh_a_spot / 新浪
300587,天铁科技,5.2200000000,5.1000000000,131693447.0000000000,25409141.0000000000,0.0235300000,1.3169344700,AKShare stock_zh_a_spot / 新浪
300588,熙菱信息,22.4500000000,20.1400000000,194978021.0000000000,8990180.0000000000,0.1147000000,1.9497802100,AKShare stock_zh_a_spot / 新浪
300589,江龙船艇,13.1300000000,12.9200000000,146350579.0000000000,11286059.0000000000,0.0162500000,1.4635057900,AKShare stock_zh_a_spot / 新浪
300590,移为通信,10.9300000000,10.9500000000,83925406.0000000000,7705782.0000000000,-0.0018300000,0.8392540600,AKShare stock_zh_a_spot / 新浪
300591,万里马,6.6700000000,6.6600000000,212151006.0000000000,31990850.0000000000,0.0015000000,2.1215100600,AKShare stock_zh_a_spot / 新浪
300592,华凯易佰,14.9100000000,14.8100000000,136683406.0000000000,9281770.0000000000,0.0067500000,1.3668340600,AKShare stock_zh_a_spot / 新浪
300593,新雷能,30.9200000000,29.3000000000,776167993.0000000000,25141784.0000000000,0.0552900000,7.7616799300,AKShare stock_zh_a_spot / 新浪
300595,欧普康视,11.0000000000,11.3700000000,122124598.0000000000,11048893.0000000000,-0.0325400000,1.2212459800,AKShare stock_zh_a_spot / 新浪
300596,利安隆,43.3000000000,45.0000000000,208227030.0000000000,4774304.0000000000,-0.0377800000,2.0822703000,AKShare stock_zh_a_spot / 新浪
300597,吉大通信,7.7900000000,7.7600000000,27940849.0000000000,3613200.0000000000,0.0038700000,0.2794084900,AKShare stock_zh_a_spot / 新浪
300598,诚迈科技,32.9300000000,36.5000000000,785309198.0000000000,23619454.0000000000,-0.0978100000,7.8530919800,AKShare stock_zh_a_spot / 新浪
300599,雄塑科技,12.0100000000,11.9500000000,61597319.0000000000,5189092.0000000000,0.0050200000,0.6159731900,AKShare stock_zh_a_spot / 新浪
300600,国瑞科技,9.9600000000,9.9200000000,27835367.0000000000,2818100.0000000000,0.0040300000,0.2783536700,AKShare stock_zh_a_spot / 新浪
300601,康泰生物,13.0300000000,14.4700000000,1081016659.0000000000,82383844.0000000000,-0.0995200000,10.8101665900,AKShare stock_zh_a_spot / 新浪
300602,飞荣达,41.5700000000,40.5200000000,847437768.0000000000,20304000.0000000000,0.0259100000,8.4743776800,AKShare stock_zh_a_spot / 新浪
300603,立昂技术,7.7300000000,7.7200000000,97868817.0000000000,12795622.0000000000,0.0013000000,0.9786881700,AKShare stock_zh_a_spot / 新浪
300604,长川科技,279.4200000000,275.7400000000,3587691576.0000000000,12882692.0000000000,0.0133500000,35.8769157600,AKShare stock_zh_a_spot / 新浪
300605,恒锋信息,10.2200000000,10.1100000000,60238517.0000000000,5969138.0000000000,0.0108800000,0.6023851700,AKShare stock_zh_a_spot / 新浪
300606,金太阳,36.2000000000,35.4100000000,219585446.0000000000,6180109.0000000000,0.0223100000,2.1958544600,AKShare stock_zh_a_spot / 新浪
300607,拓斯达,35.5700000000,32.6900000000,1429623176.0000000000,41538203.0000000000,0.0881000000,14.2962317600,AKShare stock_zh_a_spot / 新浪
300608,思特奇,10.1500000000,10.0200000000,61891271.0000000000,6179259.0000000000,0.0129700000,0.6189127100,AKShare stock_zh_a_spot / 新浪
300609,汇纳科技,25.1600000000,24.9100000000,67667684.0000000000,2714300.0000000000,0.0100400000,0.6766768400,AKShare stock_zh_a_spot / 新浪
300610,晨化股份,10.4200000000,10.4100000000,31340527.0000000000,3037107.0000000000,0.0009600000,0.3134052700,AKShare stock_zh_a_spot / 新浪
300611,美力科技,22.9200000000,22.6600000000,36641409.0000000000,1598913.0000000000,0.0114700000,0.3664140900,AKShare stock_zh_a_spot / 新浪
300612,宣亚国际,11.6900000000,11.8000000000,53039902.0000000000,4555278.0000000000,-0.0093200000,0.5303990200,AKShare stock_zh_a_spot / 新浪
300613,富瀚微,70.5300000000,70.8500000000,531198911.0000000000,7528021.0000000000,-0.0045200000,5.3119891100,AKShare stock_zh_a_spot / 新浪
300614,百川畅银,10.7500000000,10.7100000000,20148528.0000000000,1890329.0000000000,0.0037300000,0.2014852800,AKShare stock_zh_a_spot / 新浪
300615,欣天科技,16.1500000000,16.5300000000,918089575.0000000000,51431885.0000000000,-0.0229900000,9.1808957500,AKShare stock_zh_a_spot / 新浪
300616,尚品宅配,10.5600000000,10.6000000000,42689597.0000000000,4058422.0000000000,-0.0037700000,0.4268959700,AKShare stock_zh_a_spot / 新浪
300617,安靠智电,40.7300000000,40.5000000000,128312600.0000000000,3158502.0000000000,0.0056800000,1.2831260000,AKShare stock_zh_a_spot / 新浪
300618,寒锐钴业,34.9900000000,34.3400000000,274023153.0000000000,7866236.0000000000,0.0189300000,2.7402315300,AKShare stock_zh_a_spot / 新浪
300619,金银河,26.7000000000,25.6500000000,137263667.0000000000,5238855.0000000000,0.0409400000,1.3726366700,AKShare stock_zh_a_spot / 新浪
300620,光库科技,305.0300000000,310.9600000000,3090545115.0000000000,10031838.0000000000,-0.0190700000,30.9054511500,AKShare stock_zh_a_spot / 新浪
300621,维业股份,7.3500000000,7.2400000000,31507807.0000000000,4341700.0000000000,0.0151900000,0.3150780700,AKShare stock_zh_a_spot / 新浪
300622,博士眼镜,14.7300000000,14.7300000000,121860424.0000000000,8304345.0000000000,0.0000000000,1.2186042400,AKShare stock_zh_a_spot / 新浪
300623,捷捷微电,29.6200000000,29.4300000000,1080030314.0000000000,36334219.0000000000,0.0064600000,10.8003031400,AKShare stock_zh_a_spot / 新浪
300624,万兴科技,51.2400000000,52.0400000000,257492574.0000000000,5035195.0000000000,-0.0153700000,2.5749257400,AKShare stock_zh_a_spot / 新浪
300625,三雄极光,9.7900000000,9.7000000000,17569290.0000000000,1810800.0000000000,0.0092800000,0.1756929000,AKShare stock_zh_a_spot / 新浪
300626,华瑞股份,31.2400000000,30.6800000000,152016646.0000000000,4951500.0000000000,0.0182500000,1.5201664600,AKShare stock_zh_a_spot / 新浪
300627,华测导航,27.1300000000,27.2500000000,135296583.0000000000,4989198.0000000000,-0.0044000000,1.3529658300,AKShare stock_zh_a_spot / 新浪
300628,亿联网络,41.7300000000,42.4000000000,678608829.0000000000,16295624.0000000000,-0.0158000000,6.7860882900,AKShare stock_zh_a_spot / 新浪
300629,新劲刚,16.9300000000,16.6600000000,61029086.0000000000,3623005.0000000000,0.0162100000,0.6102908600,AKShare stock_zh_a_spot / 新浪
300631,久吾高科,21.6500000000,21.4800000000,30744870.0000000000,1431957.0000000000,0.0079100000,0.3074487000,AKShare stock_zh_a_spot / 新浪
300632,光莆股份,18.7400000000,18.4900000000,195486512.0000000000,10513976.0000000000,0.0135200000,1.9548651200,AKShare stock_zh_a_spot / 新浪
300633,开立医疗,20.6900000000,20.7000000000,122544233.0000000000,5904600.0000000000,-0.0004800000,1.2254423300,AKShare stock_zh_a_spot / 新浪
300634,彩讯股份,19.4800000000,19.6500000000,140485006.0000000000,7247893.0000000000,-0.0086500000,1.4048500600,AKShare stock_zh_a_spot / 新浪
300635,中达安,12.2400000000,12.2800000000,43779227.0000000000,3622500.0000000000,-0.0032600000,0.4377922700,AKShare stock_zh_a_spot / 新浪
300636,同和药业,6.9500000000,7.1600000000,65722689.0000000000,9510320.0000000000,-0.0293300000,0.6572268900,AKShare stock_zh_a_spot / 新浪
300637,扬帆新材,9.0500000000,9.0100000000,26389515.0000000000,2940700.0000000000,0.0044400000,0.2638951500,AKShare stock_zh_a_spot / 新浪
300638,广和通,18.8800000000,18.8300000000,144527042.0000000000,7682293.0000000000,0.0026600000,1.4452704200,AKShare stock_zh_a_spot / 新浪
300639,凯普生物,6.1800000000,6.2900000000,142080880.0000000000,22961294.0000000000,-0.0174900000,1.4208088000,AKShare stock_zh_a_spot / 新浪
300640,德艺文创,6.8300000000,6.7100000000,52462331.0000000000,7803270.0000000000,0.0178800000,0.5246233100,AKShare stock_zh_a_spot / 新浪
300641,正丹股份,13.9500000000,14.1500000000,66551947.0000000000,4760600.0000000000,-0.0141300000,0.6655194700,AKShare stock_zh_a_spot / 新浪
300642,透景生命,13.7100000000,13.9400000000,57762466.0000000000,4240840.0000000000,-0.0165000000,0.5776246600,AKShare stock_zh_a_spot / 新浪
300643,万通智控,18.0800000000,17.9800000000,64898173.0000000000,3593958.0000000000,0.0055600000,0.6489817300,AKShare stock_zh_a_spot / 新浪
300644,南京聚隆,21.2800000000,21.0300000000,30462529.0000000000,1451700.0000000000,0.0118900000,0.3046252900,AKShare stock_zh_a_spot / 新浪
300645,正元智慧,12.9700000000,12.9400000000,30181610.0000000000,2356900.0000000000,0.0023200000,0.3018161000,AKShare stock_zh_a_spot / 新浪
300647,超频三,5.6300000000,5.6500000000,60494021.0000000000,10790350.0000000000,-0.0035400000,0.6049402100,AKShare stock_zh_a_spot / 新浪
300648,星云股份,40.6500000000,38.3500000000,117861593.0000000000,2932584.0000000000,0.0599700000,1.1786159300,AKShare stock_zh_a_spot / 新浪
300649,杭州园林,25.3600000000,25.8700000000,148153495.0000000000,5723900.0000000000,-0.0197100000,1.4815349500,AKShare stock_zh_a_spot / 新浪
300650,太龙股份,11.7700000000,11.6100000000,45954695.0000000000,3943000.0000000000,0.0137800000,0.4595469500,AKShare stock_zh_a_spot / 新浪
300651,金陵体育,17.1100000000,17.0900000000,46482840.0000000000,2743900.0000000000,0.0011700000,0.4648284000,AKShare stock_zh_a_spot / 新浪
300652,雷迪克,28.9600000000,28.5600000000,33791617.0000000000,1176500.0000000000,0.0140100000,0.3379161700,AKShare stock_zh_a_spot / 新浪
300653,正海生物,15.0700000000,15.7700000000,60692069.0000000000,4024986.0000000000,-0.0443900000,0.6069206900,AKShare stock_zh_a_spot / 新浪
300654,世纪天鸿,10.1700000000,10.0000000000,80493726.0000000000,8000817.0000000000,0.0170000000,0.8049372600,AKShare stock_zh_a_spot / 新浪
300655,晶瑞电材,12.8000000000,12.7000000000,352471811.0000000000,27563703.0000000000,0.0078700000,3.5247181100,AKShare stock_zh_a_spot / 新浪
300656,民德电子,26.9500000000,27.1300000000,149301476.0000000000,5461456.0000000000,-0.0066300000,1.4930147600,AKShare stock_zh_a_spot / 新浪
300657,弘信电子,35.0300000000,35.3700000000,945152109.0000000000,27633266.0000000000,-0.0096100000,9.4515210900,AKShare stock_zh_a_spot / 新浪
300658,延江股份,10.5800000000,10.5900000000,56957272.0000000000,5410434.0000000000,-0.0009400000,0.5695727200,AKShare stock_zh_a_spot / 新浪
300659,中孚信息,10.2000000000,10.2400000000,26393195.0000000000,2608600.0000000000,-0.0039100000,0.2639319500,AKShare stock_zh_a_spot / 新浪
300660,江苏雷利,24.1800000000,24.3700000000,127422505.0000000000,5287413.0000000000,-0.0078000000,1.2742250500,AKShare stock_zh_a_spot / 新浪
300661,圣邦股份,116.6000000000,116.5800000000,997675115.0000000000,8611144.0000000000,0.0001700000,9.9767511500,AKShare stock_zh_a_spot / 新浪
300662,科锐国际,19.9000000000,20.1500000000,29729988.0000000000,1497421.0000000000,-0.0124100000,0.2972998800,AKShare stock_zh_a_spot / 新浪
300663,科蓝软件,8.1500000000,8.0000000000,189711880.0000000000,23632884.0000000000,0.0187500000,1.8971188000,AKShare stock_zh_a_spot / 新浪
300664,鹏鹞环保,4.5500000000,4.6300000000,36105707.0000000000,7973338.0000000000,-0.0172800000,0.3610570700,AKShare stock_zh_a_spot / 新浪
300665,飞鹿股份,9.4200000000,9.4900000000,47853053.0000000000,5078000.0000000000,-0.0073800000,0.4785305300,AKShare stock_zh_a_spot / 新浪
300666,江丰电子,246.7000000000,249.0500000000,2559848899.0000000000,10347109.0000000000,-0.0094400000,25.5984889900,AKShare stock_zh_a_spot / 新浪
300667,必创科技,14.6200000000,14.9300000000,122683999.0000000000,8364500.0000000000,-0.0207600000,1.2268399900,AKShare stock_zh_a_spot / 新浪
300668,杰恩股份,33.5000000000,34.3900000000,206673672.0000000000,6151200.0000000000,-0.0258800000,2.0667367200,AKShare stock_zh_a_spot / 新浪
300669,沪宁股份,23.8800000000,23.4900000000,30539662.0000000000,1294100.0000000000,0.0166000000,0.3053966200,AKShare stock_zh_a_spot / 新浪
300670,大烨智能,6.3600000000,6.3500000000,33824527.0000000000,5350900.0000000000,0.0015700000,0.3382452700,AKShare stock_zh_a_spot / 新浪
300671,富满微,59.4700000000,60.0800000000,739559681.0000000000,12395159.0000000000,-0.0101500000,7.3955968100,AKShare stock_zh_a_spot / 新浪
300672,国科微,163.3200000000,163.5500000000,1226097947.0000000000,7521139.0000000000,-0.0014100000,12.2609794700,AKShare stock_zh_a_spot / 新浪
300673,佩蒂股份,12.9000000000,13.0200000000,24657144.0000000000,1925802.0000000000,-0.0092200000,0.2465714400,AKShare stock_zh_a_spot / 新浪
300674,宇信科技,15.8200000000,15.2400000000,382124675.0000000000,24317090.0000000000,0.0380600000,3.8212467500,AKShare stock_zh_a_spot / 新浪
300675,建科院,12.8500000000,12.8200000000,21814820.0000000000,1724400.0000000000,0.0023400000,0.2181482000,AKShare stock_zh_a_spot / 新浪
300676,华大基因,42.2000000000,43.7800000000,1362387728.0000000000,32103903.0000000000,-0.0360900000,13.6238772800,AKShare stock_zh_a_spot / 新浪
300677,英科医疗,48.4100000000,48.9800000000,293188542.0000000000,6043487.0000000000,-0.0116400000,2.9318854200,AKShare stock_zh_a_spot / 新浪
300678,中科信息,21.6400000000,21.8100000000,64567534.0000000000,3000796.0000000000,-0.0077900000,0.6456753400,AKShare stock_zh_a_spot / 新浪
300679,电连技术,51.4500000000,50.4500000000,1661810951.0000000000,32351892.0000000000,0.0198200000,16.6181095100,AKShare stock_zh_a_spot / 新浪
300680,隆盛科技,20.4900000000,20.0700000000,126989338.0000000000,6218788.0000000000,0.0209300000,1.2698933800,AKShare stock_zh_a_spot / 新浪
300681,英搏尔,21.4000000000,21.1800000000,95997828.0000000000,4526999.0000000000,0.0103900000,0.9599782800,AKShare stock_zh_a_spot / 新浪
300682,朗新科技,9.3500000000,9.4700000000,132915540.0000000000,14184200.0000000000,-0.0126700000,1.3291554000,AKShare stock_zh_a_spot / 新浪
300683,海特生物,29.1000000000,30.3800000000,256710977.0000000000,8799701.0000000000,-0.0421300000,2.5671097700,AKShare stock_zh_a_spot / 新浪
300684,中石科技,84.1000000000,90.6700000000,2086649394.0000000000,24548126.0000000000,-0.0724600000,20.8664939400,AKShare stock_zh_a_spot / 新浪
300685,艾德生物,18.9900000000,19.7100000000,250813402.0000000000,13059380.0000000000,-0.0365300000,2.5081340200,AKShare stock_zh_a_spot / 新浪
300686,智动力,14.6700000000,14.0200000000,190463316.0000000000,13253300.0000000000,0.0463600000,1.9046331600,AKShare stock_zh_a_spot / 新浪
300687,赛意信息,26.8400000000,27.9800000000,870429990.0000000000,31930962.0000000000,-0.0407400000,8.7042999000,AKShare stock_zh_a_spot / 新浪
300688,创业黑马,29.6700000000,30.2800000000,320850147.0000000000,10929709.0000000000,-0.0201500000,3.2085014700,AKShare stock_zh_a_spot / 新浪
300689,澄天伟业,53.8900000000,53.3500000000,138463987.0000000000,2571289.0000000000,0.0101200000,1.3846398700,AKShare stock_zh_a_spot / 新浪
300690,双一科技,20.6200000000,20.5800000000,34320461.0000000000,1677324.0000000000,0.0019400000,0.3432046100,AKShare stock_zh_a_spot / 新浪
300691,联合光电,14.4700000000,14.1000000000,64343854.0000000000,4524697.0000000000,0.0262400000,0.6434385400,AKShare stock_zh_a_spot / 新浪
300692,中赋科技,9.5500000000,9.5600000000,225891879.0000000000,24018296.0000000000,-0.0010500000,2.2589187900,AKShare stock_zh_a_spot / 新浪
300693,盛弘股份,42.9000000000,41.3000000000,602707350.0000000000,14123534.0000000000,0.0387400000,6.0270735000,AKShare stock_zh_a_spot / 新浪
300694,蠡湖股份,10.5300000000,10.6400000000,38944218.0000000000,3720100.0000000000,-0.0103400000,0.3894421800,AKShare stock_zh_a_spot / 新浪
300695,兆丰股份,49.0600000000,49.1800000000,32627068.0000000000,665293.0000000000,-0.0024400000,0.3262706800,AKShare stock_zh_a_spot / 新浪
300696,爱乐达,20.2300000000,20.0400000000,76865077.0000000000,3817036.0000000000,0.0094800000,0.7686507700,AKShare stock_zh_a_spot / 新浪
300697,电工合金,16.2200000000,15.1600000000,437041332.0000000000,27772836.0000000000,0.0699200000,4.3704133200,AKShare stock_zh_a_spot / 新浪
300698,万马科技,24.8700000000,25.0000000000,53742778.0000000000,2168000.0000000000,-0.0052000000,0.5374277800,AKShare stock_zh_a_spot / 新浪
300699,光威复材,24.3900000000,24.3800000000,171131428.0000000000,7020139.0000000000,0.0004100000,1.7113142800,AKShare stock_zh_a_spot / 新浪
300700,岱勒新材,19.0800000000,19.2800000000,142615572.0000000000,7477929.0000000000,-0.0103700000,1.4261557200,AKShare stock_zh_a_spot / 新浪
300701,森霸传感,9.7200000000,9.7700000000,28895938.0000000000,2989281.0000000000,-0.0051200000,0.2889593800,AKShare stock_zh_a_spot / 新浪
300702,天宇股份,22.0300000000,22.4100000000,93188328.0000000000,4223157.0000000000,-0.0169600000,0.9318832800,AKShare stock_zh_a_spot / 新浪
300703,创源股份,13.4500000000,13.3100000000,41903621.0000000000,3158228.0000000000,0.0105200000,0.4190362100,AKShare stock_zh_a_spot / 新浪
300705,九典制药,11.5700000000,12.4300000000,284803374.0000000000,24481098.0000000000,-0.0691900000,2.8480337400,AKShare stock_zh_a_spot / 新浪
300706,阿石创,52.4200000000,52.2800000000,299182664.0000000000,5711700.0000000000,0.0026800000,2.9918266400,AKShare stock_zh_a_spot / 新浪
300707,威唐工业,12.1000000000,11.9800000000,36415349.0000000000,3041795.0000000000,0.0100200000,0.3641534900,AKShare stock_zh_a_spot / 新浪
300708,聚灿光电,7.8500000000,7.8100000000,106506491.0000000000,13673165.0000000000,0.0051200000,1.0650649100,AKShare stock_zh_a_spot / 新浪
300709,精研科技,40.7600000000,40.2100000000,573531447.0000000000,14169920.0000000000,0.0136800000,5.7353144700,AKShare stock_zh_a_spot / 新浪
300710,万隆光电,31.8200000000,32.2700000000,448925323.0000000000,13334267.0000000000,-0.0139400000,4.4892532300,AKShare stock_zh_a_spot / 新浪
300711,广哈通信,17.5900000000,16.9900000000,131848161.0000000000,7660458.0000000000,0.0353100000,1.3184816100,AKShare stock_zh_a_spot / 新浪
300712,永福股份,20.6300000000,20.4700000000,26901214.0000000000,1313659.0000000000,0.0078200000,0.2690121400,AKShare stock_zh_a_spot / 新浪
300713,英可瑞,13.1200000000,13.0800000000,21896904.0000000000,1686400.0000000000,0.0030600000,0.2189690400,AKShare stock_zh_a_spot / 新浪
300715,凯伦股份,14.4800000000,14.0600000000,154380494.0000000000,10610723.0000000000,0.0298700000,1.5438049400,AKShare stock_zh_a_spot / 新浪
300717,华信新材,18.2300000000,18.2200000000,32754739.0000000000,1814300.0000000000,0.0005500000,0.3275473900,AKShare stock_zh_a_spot / 新浪
300718,长盛轴承,57.6300000000,57.0500000000,446732615.0000000000,7757765.0000000000,0.0101700000,4.4673261500,AKShare stock_zh_a_spot / 新浪
300719,安达维尔,11.5300000000,11.4300000000,25887594.0000000000,2266081.0000000000,0.0087500000,0.2588759400,AKShare stock_zh_a_spot / 新浪
300720,海川智能,76.5900000000,78.6100000000,791043885.0000000000,10206589.0000000000,-0.0257000000,7.9104388500,AKShare stock_zh_a_spot / 新浪
300721,怡达股份,22.7400000000,22.5600000000,161694234.0000000000,7168682.0000000000,0.0079800000,1.6169423400,AKShare stock_zh_a_spot / 新浪
300722,新余国科,20.8800000000,20.6800000000,31800609.0000000000,1536852.0000000000,0.0096700000,0.3180060900,AKShare stock_zh_a_spot / 新浪
300723,一品红,36.7500000000,38.3400000000,582346887.0000000000,15911502.0000000000,-0.0414700000,5.8234688700,AKShare stock_zh_a_spot / 新浪
300724,捷佳伟创,57.7300000000,58.3100000000,458243317.0000000000,7951762.0000000000,-0.0099500000,4.5824331700,AKShare stock_zh_a_spot / 新浪
300725,药石科技,51.4600000000,54.3800000000,1612258584.0000000000,30840402.0000000000,-0.0537000000,16.1225858400,AKShare stock_zh_a_spot / 新浪
300726,宏达电子,52.8400000000,51.9000000000,411221806.0000000000,7835018.0000000000,0.0181100000,4.1122180600,AKShare stock_zh_a_spot / 新浪
300727,润禾材料,27.1700000000,26.7400000000,55088428.0000000000,2037213.0000000000,0.0160800000,0.5508842800,AKShare stock_zh_a_spot / 新浪
300729,乐歌股份,10.1000000000,10.2100000000,22308168.0000000000,2216860.0000000000,-0.0107700000,0.2230816800,AKShare stock_zh_a_spot / 新浪
300730,科创信息,11.3500000000,11.2700000000,31252733.0000000000,2769645.0000000000,0.0071000000,0.3125273300,AKShare stock_zh_a_spot / 新浪
300731,科创新源,39.0400000000,36.5600000000,277659688.0000000000,7284289.0000000000,0.0678300000,2.7765968800,AKShare stock_zh_a_spot / 新浪
300732,设研院,6.0200000000,6.0200000000,39458834.0000000000,6643101.0000000000,0.0000000000,0.3945883400,AKShare stock_zh_a_spot / 新浪
300733,西菱动力,14.1100000000,14.1100000000,41866162.0000000000,2976293.0000000000,0.0000000000,0.4186616200,AKShare stock_zh_a_spot / 新浪
300735,光弘科技,20.1700000000,19.7000000000,236482113.0000000000,11753782.0000000000,0.0238600000,2.3648211300,AKShare stock_zh_a_spot / 新浪
300736,百邦科技,29.6400000000,28.9600000000,147441216.0000000000,5047200.0000000000,0.0234800000,1.4744121600,AKShare stock_zh_a_spot / 新浪
300737,科顺股份,4.8100000000,4.8700000000,84074390.0000000000,17518645.0000000000,-0.0123200000,0.8407439000,AKShare stock_zh_a_spot / 新浪
300738,奥飞数据,20.8300000000,20.9600000000,728102249.0000000000,35243166.0000000000,-0.0062000000,7.2810224900,AKShare stock_zh_a_spot / 新浪
300739,明阳电路,22.8000000000,22.5600000000,162753355.0000000000,7152947.0000000000,0.0106400000,1.6275335500,AKShare stock_zh_a_spot / 新浪
300740,水羊股份,21.0700000000,20.8100000000,593808456.0000000000,28288124.0000000000,0.0124900000,5.9380845600,AKShare stock_zh_a_spot / 新浪
300741,华宝股份,13.4300000000,13.6400000000,33327705.0000000000,2493873.0000000000,-0.0154000000,0.3332770500,AKShare stock_zh_a_spot / 新浪
300743,天地数码,14.7300000000,14.8700000000,25392678.0000000000,1728400.0000000000,-0.0094100000,0.2539267800,AKShare stock_zh_a_spot / 新浪
300745,欣锐科技,28.9700000000,28.5400000000,141226562.0000000000,4890662.0000000000,0.0150700000,1.4122656200,AKShare stock_zh_a_spot / 新浪
300746,汉嘉数智,13.5000000000,13.5100000000,55587183.0000000000,4198697.0000000000,-0.0007400000,0.5558718300,AKShare stock_zh_a_spot / 新浪
300747,锐科激光,36.6300000000,35.3800000000,711511897.0000000000,19445802.0000000000,0.0353300000,7.1151189700,AKShare stock_zh_a_spot / 新浪
300748,金力永磁,27.5700000000,27.2400000000,513230540.0000000000,18760523.0000000000,0.0121100000,5.1323054000,AKShare stock_zh_a_spot / 新浪
300749,顶固集创,23.9400000000,23.3800000000,159219102.0000000000,6617380.0000000000,0.0239500000,1.5921910200,AKShare stock_zh_a_spot / 新浪
300750,宁德时代,391.1500000000,385.0000000000,8013769872.0000000000,20449615.0000000000,0.0159700000,80.1376987200,AKShare stock_zh_a_spot / 新浪
300751,迈为股份,193.6600000000,196.0400000000,1180698362.0000000000,6119944.0000000000,-0.0121400000,11.8069836200,AKShare stock_zh_a_spot / 新浪
300752,隆利科技,11.2000000000,10.9600000000,113764898.0000000000,10258486.0000000000,0.0219000000,1.1376489800,AKShare stock_zh_a_spot / 新浪
300753,爱朋医疗,22.1500000000,23.1800000000,149616313.0000000000,6750462.0000000000,-0.0444300000,1.4961631300,AKShare stock_zh_a_spot / 新浪
300755,华致酒行,11.1100000000,11.2700000000,26962515.0000000000,2431700.0000000000,-0.0142000000,0.2696251500,AKShare stock_zh_a_spot / 新浪
300756,金马游乐,28.9500000000,28.9100000000,115028282.0000000000,3986660.0000000000,0.0013800000,1.1502828200,AKShare stock_zh_a_spot / 新浪
300757,罗博特科,504.6000000000,503.1100000000,2822376853.0000000000,5507811.0000000000,0.0029600000,28.2237685300,AKShare stock_zh_a_spot / 新浪
300758,七彩化学,10.7800000000,10.6800000000,46593922.0000000000,4363229.0000000000,0.0093600000,0.4659392200,AKShare stock_zh_a_spot / 新浪
300759,康龙化成,47.9800000000,50.9000000000,4492983648.0000000000,92851253.0000000000,-0.0573700000,44.9298364800,AKShare stock_zh_a_spot / 新浪
300760,迈瑞医疗,154.4500000000,158.0700000000,1240797634.0000000000,7971103.0000000000,-0.0229000000,12.4079763400,AKShare stock_zh_a_spot / 新浪
300761,立华股份,18.7700000000,18.7100000000,141530248.0000000000,7543269.0000000000,0.0032100000,1.4153024800,AKShare stock_zh_a_spot / 新浪
300762,上海瀚讯,28.4900000000,28.7000000000,578435825.0000000000,20246454.0000000000,-0.0073200000,5.7843582500,AKShare stock_zh_a_spot / 新浪
300763,锦浪科技,63.1600000000,60.9000000000,648549412.0000000000,10332625.0000000000,0.0371100000,6.4854941200,AKShare stock_zh_a_spot / 新浪
300765,石药创新,49.0000000000,51.7800000000,2962139563.0000000000,60463541.0000000000,-0.0536900000,29.6213956300,AKShare stock_zh_a_spot / 新浪
300766,每日互动,21.6200000000,21.6000000000,238565096.0000000000,11153743.0000000000,0.0009300000,2.3856509600,AKShare stock_zh_a_spot / 新浪
300767,震安科技,18.9300000000,18.8400000000,144037561.0000000000,7580335.0000000000,0.0047800000,1.4403756100,AKShare stock_zh_a_spot / 新浪
300768,迪普科技,14.6200000000,14.7400000000,68327138.0000000000,4706032.0000000000,-0.0081400000,0.6832713800,AKShare stock_zh_a_spot / 新浪
300769,德方纳米,47.1500000000,45.3500000000,682366312.0000000000,14542631.0000000000,0.0396900000,6.8236631200,AKShare stock_zh_a_spot / 新浪
300770,新媒股份,33.6100000000,34.3800000000,57258245.0000000000,1697631.0000000000,-0.0224000000,0.5725824500,AKShare stock_zh_a_spot / 新浪
300771,智莱科技,11.2700000000,11.3800000000,32046548.0000000000,2849794.0000000000,-0.0096700000,0.3204654800,AKShare stock_zh_a_spot / 新浪
300772,运达股份,11.3300000000,11.3400000000,75834290.0000000000,6705836.0000000000,-0.0008800000,0.7583429000,AKShare stock_zh_a_spot / 新浪
300773,拉卡拉,15.4100000000,14.7900000000,1178637524.0000000000,76816281.0000000000,0.0419200000,11.7863752400,AKShare stock_zh_a_spot / 新浪
300774,倍杰特,11.1600000000,11.0000000000,75671021.0000000000,6871919.0000000000,0.0145500000,0.7567102100,AKShare stock_zh_a_spot / 新浪
300775,三角防务,20.8500000000,20.8900000000,133680992.0000000000,6439625.0000000000,-0.0019100000,1.3368099200,AKShare stock_zh_a_spot / 新浪
300776,帝尔激光,114.0000000000,114.8500000000,748648696.0000000000,6576851.0000000000,-0.0074000000,7.4864869600,AKShare stock_zh_a_spot / 新浪
300777,中简科技,23.1800000000,23.1500000000,109558100.0000000000,4734366.0000000000,0.0013000000,1.0955810000,AKShare stock_zh_a_spot / 新浪
300778,新城市,10.3600000000,10.3500000000,20119838.0000000000,1956654.0000000000,0.0009700000,0.2011983800,AKShare stock_zh_a_spot / 新浪
300779,惠城环保,68.2000000000,67.4000000000,558593245.0000000000,8095331.0000000000,0.0118700000,5.5859324500,AKShare stock_zh_a_spot / 新浪
300780,德恩精工,19.8100000000,19.7200000000,97207614.0000000000,4935484.0000000000,0.0045600000,0.9720761400,AKShare stock_zh_a_spot / 新浪
300781,因赛集团,26.9000000000,27.1600000000,55958373.0000000000,2096878.0000000000,-0.0095700000,0.5595837300,AKShare stock_zh_a_spot / 新浪
300782,卓胜微,77.1400000000,76.7000000000,568210615.0000000000,7366268.0000000000,0.0057400000,5.6821061500,AKShare stock_zh_a_spot / 新浪
300783,三只松鼠,16.8000000000,17.1300000000,81013974.0000000000,4832800.0000000000,-0.0192600000,0.8101397400,AKShare stock_zh_a_spot / 新浪
300784,利安科技,40.9500000000,41.1700000000,31279085.0000000000,771901.0000000000,-0.0053400000,0.3127908500,AKShare stock_zh_a_spot / 新浪
300785,值得买,35.8000000000,36.4100000000,159509309.0000000000,4472340.0000000000,-0.0167500000,1.5950930900,AKShare stock_zh_a_spot / 新浪
300786,国林科技,15.5700000000,15.5600000000,85446993.0000000000,5509900.0000000000,0.0006400000,0.8544699300,AKShare stock_zh_a_spot / 新浪
300787,海能实业,10.0400000000,10.1400000000,48214564.0000000000,4814199.0000000000,-0.0098600000,0.4821456400,AKShare stock_zh_a_spot / 新浪
300788,中信出版,23.9000000000,23.9800000000,143088229.0000000000,6055269.0000000000,-0.0033400000,1.4308822900,AKShare stock_zh_a_spot / 新浪
300789,唐源电气,17.3900000000,17.7000000000,49697316.0000000000,2872366.0000000000,-0.0175100000,0.4969731600,AKShare stock_zh_a_spot / 新浪
300790,宇瞳光学,20.2000000000,19.7100000000,528398197.0000000000,26393683.0000000000,0.0248600000,5.2839819700,AKShare stock_zh_a_spot / 新浪
300791,仙乐健康,16.5400000000,17.1800000000,44846697.0000000000,2699839.0000000000,-0.0372500000,0.4484669700,AKShare stock_zh_a_spot / 新浪
300792,壹网壹创,23.2800000000,23.4500000000,81020585.0000000000,3500497.0000000000,-0.0072500000,0.8102058500,AKShare stock_zh_a_spot / 新浪
300793,佳禾智能,11.0000000000,10.8800000000,44341012.0000000000,4069616.0000000000,0.0110300000,0.4434101200,AKShare stock_zh_a_spot / 新浪
300795,米奥会展,13.7000000000,14.0200000000,330317737.0000000000,24111324.0000000000,-0.0228200000,3.3031773700,AKShare stock_zh_a_spot / 新浪
300796,贝斯美,6.7000000000,6.7300000000,23764688.0000000000,3574289.0000000000,-0.0044600000,0.2376468800,AKShare stock_zh_a_spot / 新浪
300797,钢研纳克,14.5000000000,14.6300000000,113170870.0000000000,7859850.0000000000,-0.0088900000,1.1317087000,AKShare stock_zh_a_spot / 新浪
300798,锦鸡股份,7.1300000000,7.1600000000,66645334.0000000000,9416894.0000000000,-0.0041900000,0.6664533400,AKShare stock_zh_a_spot / 新浪
300800,力合科技,10.0000000000,10.0800000000,29062463.0000000000,2917500.0000000000,-0.0079400000,0.2906246300,AKShare stock_zh_a_spot / 新浪
300801,泰和科技,22.7700000000,22.8200000000,94066267.0000000000,4160223.0000000000,-0.0021900000,0.9406626700,AKShare stock_zh_a_spot / 新浪
300802,矩子科技,23.6000000000,22.3500000000,205751610.0000000000,9024000.0000000000,0.0559300000,2.0575161000,AKShare stock_zh_a_spot / 新浪
300803,指南针,81.8800000000,79.3200000000,1312906620.0000000000,16220945.0000000000,0.0322700000,13.1290662000,AKShare stock_zh_a_spot / 新浪
300804,广康生化,43.1500000000,43.1600000000,31186246.0000000000,728400.0000000000,-0.0002300000,0.3118624600,AKShare stock_zh_a_spot / 新浪
300805,电声股份,7.8900000000,7.9500000000,44773765.0000000000,5725701.0000000000,-0.0075500000,0.4477376500,AKShare stock_zh_a_spot / 新浪
300806,斯迪克,50.0500000000,46.9000000000,1630736537.0000000000,33328561.0000000000,0.0671600000,16.3073653700,AKShare stock_zh_a_spot / 新浪
300807,天迈科技,35.9200000000,35.5700000000,29205436.0000000000,820800.0000000000,0.0098400000,0.2920543600,AKShare stock_zh_a_spot / 新浪
300808,久量股份,19.1800000000,19.0200000000,26355969.0000000000,1386000.0000000000,0.0084100000,0.2635596900,AKShare stock_zh_a_spot / 新浪
300809,华辰装备,23.7500000000,23.6700000000,89875763.0000000000,3797329.0000000000,0.0033800000,0.8987576300,AKShare stock_zh_a_spot / 新浪
300810,中科海讯,23.9300000000,23.6600000000,29333048.0000000000,1238900.0000000000,0.0114100000,0.2933304800,AKShare stock_zh_a_spot / 新浪
300811,铂科新材,77.3000000000,76.9300000000,714276402.0000000000,9232617.0000000000,0.0048100000,7.1427640200,AKShare stock_zh_a_spot / 新浪
300812,易天股份,19.4400000000,19.4000000000,118637920.0000000000,6134960.0000000000,0.0020600000,1.1863792000,AKShare stock_zh_a_spot / 新浪
300813,泰林生物,21.1300000000,21.7100000000,99677602.0000000000,4733552.0000000000,-0.0267200000,0.9967760200,AKShare stock_zh_a_spot / 新浪
300814,中富电路,139.4500000000,137.2000000000,909942078.0000000000,6492828.0000000000,0.0164000000,9.0994207800,AKShare stock_zh_a_spot / 新浪
300815,玉禾田,15.8900000000,16.0600000000,49920041.0000000000,3151225.0000000000,-0.0105900000,0.4992004100,AKShare stock_zh_a_spot / 新浪
300816,艾可蓝,51.4000000000,50.7800000000,106509922.0000000000,2102161.0000000000,0.0122100000,1.0650992200,AKShare stock_zh_a_spot / 新浪
300817,双飞集团,15.2300000000,15.3000000000,30246257.0000000000,1995290.0000000000,-0.0045800000,0.3024625700,AKShare stock_zh_a_spot / 新浪
300818,耐普矿机,19.2900000000,18.9600000000,69854608.0000000000,3621178.0000000000,0.0174100000,0.6985460800,AKShare stock_zh_a_spot / 新浪
300819,聚杰微纤,46.8900000000,46.0200000000,144157040.0000000000,3090000.0000000000,0.0189000000,1.4415704000,AKShare stock_zh_a_spot / 新浪
300820,英杰电气,52.7100000000,52.2600000000,137520274.0000000000,2619992.0000000000,0.0086100000,1.3752027400,AKShare stock_zh_a_spot / 新浪
300821,东岳硅材,16.9500000000,17.3100000000,1255854520.0000000000,73814560.0000000000,-0.0208000000,12.5585452000,AKShare stock_zh_a_spot / 新浪
300822,贝仕达克,11.4200000000,11.5800000000,26626442.0000000000,2339899.0000000000,-0.0138200000,0.2662644200,AKShare stock_zh_a_spot / 新浪
300823,建科智能,15.0500000000,15.0700000000,34533233.0000000000,2313800.0000000000,-0.0013300000,0.3453323300,AKShare stock_zh_a_spot / 新浪
300824,北鼎股份,7.6300000000,7.7500000000,26603897.0000000000,3492656.0000000000,-0.0154800000,0.2660389700,AKShare stock_zh_a_spot / 新浪
300825,阿尔特,10.5700000000,10.5800000000,108578146.0000000000,10340951.0000000000,-0.0009500000,1.0857814600,AKShare stock_zh_a_spot / 新浪
300826,测绘股份,14.7500000000,15.0200000000,102329658.0000000000,6903858.0000000000,-0.0179800000,1.0232965800,AKShare stock_zh_a_spot / 新浪
300827,上能电气,25.8900000000,25.4100000000,244945487.0000000000,9475131.0000000000,0.0188900000,2.4494548700,AKShare stock_zh_a_spot / 新浪
300828,锐新科技,16.9700000000,16.9200000000,98839740.0000000000,5862800.0000000000,0.0029600000,0.9883974000,AKShare stock_zh_a_spot / 新浪
300829,金丹科技,15.0400000000,15.0800000000,54660989.0000000000,3670274.0000000000,-0.0026500000,0.5466098900,AKShare stock_zh_a_spot / 新浪
300830,金现代,8.0100000000,8.0500000000,52192880.0000000000,6559271.0000000000,-0.0049700000,0.5219288000,AKShare stock_zh_a_spot / 新浪
300832,新产业,51.8700000000,54.5700000000,516499363.0000000000,9806367.0000000000,-0.0494800000,5.1649936300,AKShare stock_zh_a_spot / 新浪
300833,浩洋股份,36.2400000000,35.8000000000,19734822.0000000000,553865.0000000000,0.0122900000,0.1973482200,AKShare stock_zh_a_spot / 新浪
300834,星辉环材,39.3600000000,38.6000000000,39389995.0000000000,1007643.0000000000,0.0196900000,0.3938999500,AKShare stock_zh_a_spot / 新浪
300835,龙磁科技,159.3200000000,157.2600000000,296981801.0000000000,1872672.0000000000,0.0131000000,2.9698180100,AKShare stock_zh_a_spot / 新浪
300836,佰奥智能,48.4200000000,49.3000000000,86696516.0000000000,1790246.0000000000,-0.0178500000,0.8669651600,AKShare stock_zh_a_spot / 新浪
300837,浙矿股份,23.1200000000,23.2500000000,36130576.0000000000,1579239.0000000000,-0.0055900000,0.3613057600,AKShare stock_zh_a_spot / 新浪
300838,浙江力诺,13.9000000000,13.7500000000,27400490.0000000000,1988400.0000000000,0.0109100000,0.2740049000,AKShare stock_zh_a_spot / 新浪
300839,博汇股份,12.4700000000,10.3900000000,225948952.0000000000,19090840.0000000000,0.2001900000,2.2594895200,AKShare stock_zh_a_spot / 新浪
300840,酷特智能,18.9600000000,19.0200000000,106223606.0000000000,5616809.0000000000,-0.0031500000,1.0622360600,AKShare stock_zh_a_spot / 新浪
300841,康华生物,56.5000000000,60.3100000000,690292382.0000000000,12159944.0000000000,-0.0631700000,6.9029238200,AKShare stock_zh_a_spot / 新浪
300842,帝科股份,62.6000000000,61.4700000000,190396146.0000000000,3072126.0000000000,0.0183800000,1.9039614600,AKShare stock_zh_a_spot / 新浪
300843,胜蓝股份,139.5000000000,145.3800000000,1328542306.0000000000,9443173.0000000000,-0.0404500000,13.2854230600,AKShare stock_zh_a_spot / 新浪
300844,山水比德,23.5000000000,23.4700000000,20191059.0000000000,868096.0000000000,0.0012800000,0.2019105900,AKShare stock_zh_a_spot / 新浪
300845,捷安高科,12.3200000000,12.2700000000,80759407.0000000000,6630682.0000000000,0.0040700000,0.8075940700,AKShare stock_zh_a_spot / 新浪
300846,首都在线,19.4100000000,18.8500000000,569525138.0000000000,30129783.0000000000,0.0297100000,5.6952513800,AKShare stock_zh_a_spot / 新浪
300847,中船汉光,13.8000000000,13.8200000000,31520078.0000000000,2298500.0000000000,-0.0014500000,0.3152007800,AKShare stock_zh_a_spot / 新浪
300848,美瑞新材,12.6200000000,12.5900000000,31168785.0000000000,2486688.0000000000,0.0023800000,0.3116878500,AKShare stock_zh_a_spot / 新浪
300849,锦盛新材,20.6700000000,20.5200000000,54783130.0000000000,2687700.0000000000,0.0073100000,0.5478313000,AKShare stock_zh_a_spot / 新浪
300850,新强联,25.2800000000,25.3000000000,154332848.0000000000,6107321.0000000000,-0.0007900000,1.5433284800,AKShare stock_zh_a_spot / 新浪
300851,交大思诺,24.4000000000,24.2600000000,22550161.0000000000,935800.0000000000,0.0057700000,0.2255016100,AKShare stock_zh_a_spot / 新浪
300852,四会富仕,46.4900000000,45.3600000000,306917506.0000000000,6621422.0000000000,0.0249100000,3.0691750600,AKShare stock_zh_a_spot / 新浪
300853,申昊科技,27.5000000000,27.2000000000,140704379.0000000000,5171934.0000000000,0.0110300000,1.4070437900,AKShare stock_zh_a_spot / 新浪
300854,中兰环保,17.8000000000,18.2100000000,86165778.0000000000,4861561.0000000000,-0.0225200000,0.8616577800,AKShare stock_zh_a_spot / 新浪
300855,图南股份,33.8200000000,32.3100000000,387345640.0000000000,11691736.0000000000,0.0467300000,3.8734564000,AKShare stock_zh_a_spot / 新浪
300856,科思股份,10.9300000000,11.0300000000,58934843.0000000000,5425641.0000000000,-0.0090700000,0.5893484300,AKShare stock_zh_a_spot / 新浪
300857,协创数据,247.4100000000,247.3800000000,2815551888.0000000000,11339136.0000000000,0.0001200000,28.1555188800,AKShare stock_zh_a_spot / 新浪
300858,科拓生物,15.4000000000,15.8500000000,102607021.0000000000,6607410.0000000000,-0.0283900000,1.0260702100,AKShare stock_zh_a_spot / 新浪
300859,西域旅游,26.4400000000,26.5500000000,48855105.0000000000,1860655.0000000000,-0.0041400000,0.4885510500,AKShare stock_zh_a_spot / 新浪
300860,锋尚文化,27.2300000000,27.0500000000,30190388.0000000000,1122784.0000000000,0.0066500000,0.3019038800,AKShare stock_zh_a_spot / 新浪
300861,美畅股份,16.8000000000,16.8500000000,136206482.0000000000,8129427.0000000000,-0.0029700000,1.3620648200,AKShare stock_zh_a_spot / 新浪
300863,卡倍亿,42.8800000000,41.2700000000,292113967.0000000000,6876118.0000000000,0.0390100000,2.9211396700,AKShare stock_zh_a_spot / 新浪
300864,南大环境,24.1000000000,20.9600000000,230377874.0000000000,10095588.0000000000,0.1498100000,2.3037787400,AKShare stock_zh_a_spot / 新浪
300865,大宏立,28.8400000000,29.3200000000,191884974.0000000000,6708582.0000000000,-0.0163700000,1.9188497400,AKShare stock_zh_a_spot / 新浪
300866,安克创新,118.5000000000,115.5800000000,318507591.0000000000,2684005.0000000000,0.0252600000,3.1850759100,AKShare stock_zh_a_spot / 新浪
300867,圣元环保,18.1800000000,17.8000000000,290955498.0000000000,15994841.0000000000,0.0213500000,2.9095549800,AKShare stock_zh_a_spot / 新浪
300868,杰美特,88.0000000000,87.8200000000,297569639.0000000000,3428825.0000000000,0.0020500000,2.9756963900,AKShare stock_zh_a_spot / 新浪
300869,康泰医学,11.5200000000,11.7900000000,55882719.0000000000,4862851.0000000000,-0.0229000000,0.5588271900,AKShare stock_zh_a_spot / 新浪
300870,欧陆通,210.6900000000,214.1500000000,1291311314.0000000000,6139841.0000000000,-0.0161600000,12.9131131400,AKShare stock_zh_a_spot / 新浪
300871,回盛生物,23.3400000000,23.9900000000,147296624.0000000000,6312867.0000000000,-0.0270900000,1.4729662400,AKShare stock_zh_a_spot / 新浪
300872,天阳科技,15.1600000000,14.7500000000,300778233.0000000000,19840721.0000000000,0.0278000000,3.0077823300,AKShare stock_zh_a_spot / 新浪
300873,海晨股份,15.4000000000,15.4900000000,121971922.0000000000,7884660.0000000000,-0.0058100000,1.2197192200,AKShare stock_zh_a_spot / 新浪
300875,捷强装备,32.2400000000,32.3700000000,62562985.0000000000,1950499.0000000000,-0.0040200000,0.6256298500,AKShare stock_zh_a_spot / 新浪
300876,蒙泰高新,15.6500000000,15.4300000000,31989978.0000000000,2066901.0000000000,0.0142600000,0.3198997800,AKShare stock_zh_a_spot / 新浪
300877,金春股份,31.2100000000,29.3700000000,143415059.0000000000,4804805.0000000000,0.0626500000,1.4341505900,AKShare stock_zh_a_spot / 新浪
300878,维康药业,33.3200000000,33.3300000000,79686595.0000000000,2391300.0000000000,-0.0003000000,0.7968659500,AKShare stock_zh_a_spot / 新浪
300879,大叶股份,16.6300000000,16.7200000000,28867141.0000000000,1738171.0000000000,-0.0053800000,0.2886714100,AKShare stock_zh_a_spot / 新浪
300880,迦南智能,19.4600000000,19.3900000000,31211671.0000000000,1620658.0000000000,0.0036100000,0.3121167100,AKShare stock_zh_a_spot / 新浪
300881,盛德鑫泰,33.0400000000,33.1000000000,35479825.0000000000,1080620.0000000000,-0.0018100000,0.3547982500,AKShare stock_zh_a_spot / 新浪
300882,万胜智能,14.4000000000,14.3400000000,20547679.0000000000,1438318.0000000000,0.0041800000,0.2054767900,AKShare stock_zh_a_spot / 新浪
300883,龙利得,6.5500000000,6.4400000000,115638291.0000000000,17895832.0000000000,0.0170800000,1.1563829100,AKShare stock_zh_a_spot / 新浪
300884,狄耐克,12.3500000000,12.3800000000,46745430.0000000000,3812494.0000000000,-0.0024200000,0.4674543000,AKShare stock_zh_a_spot / 新浪
300885,海昌新材,19.8900000000,19.6100000000,52086861.0000000000,2646279.0000000000,0.0142800000,0.5208686100,AKShare stock_zh_a_spot / 新浪
300886,华业香料,24.5400000000,24.8000000000,55672405.0000000000,2290100.0000000000,-0.0104800000,0.5567240500,AKShare stock_zh_a_spot / 新浪
300887,谱尼测试,7.1400000000,7.2800000000,71856280.0000000000,10123300.0000000000,-0.0192300000,0.7185628000,AKShare stock_zh_a_spot / 新浪
300888,稳健医疗,29.0200000000,29.9300000000,107974629.0000000000,3702849.0000000000,-0.0304000000,1.0797462900,AKShare stock_zh_a_spot / 新浪
300889,爱克股份,21.2100000000,21.0700000000,57401106.0000000000,2730184.0000000000,0.0066400000,0.5740110600,AKShare stock_zh_a_spot / 新浪
300890,翔丰华,26.7800000000,26.1500000000,104535190.0000000000,3950952.0000000000,0.0240900000,1.0453519000,AKShare stock_zh_a_spot / 新浪
300891,惠云钛业,7.2900000000,7.1900000000,38405435.0000000000,5328705.0000000000,0.0139100000,0.3840543500,AKShare stock_zh_a_spot / 新浪
300892,品渥食品,22.6400000000,23.0000000000,50148086.0000000000,2223450.0000000000,-0.0156500000,0.5014808600,AKShare stock_zh_a_spot / 新浪
300893,松原安全,14.9500000000,15.1500000000,40118279.0000000000,2691304.0000000000,-0.0132000000,0.4011827900,AKShare stock_zh_a_spot / 新浪
300894,火星人,11.1500000000,11.1200000000,55101106.0000000000,4951179.0000000000,0.0027000000,0.5510110600,AKShare stock_zh_a_spot / 新浪
300895,铜牛信息,52.4900000000,54.7300000000,319076542.0000000000,6107771.0000000000,-0.0409300000,3.1907654200,AKShare stock_zh_a_spot / 新浪
300896,爱美客,92.3600000000,97.1200000000,480594548.0000000000,5130936.0000000000,-0.0490100000,4.8059454800,AKShare stock_zh_a_spot / 新浪
300897,山科智能,15.8100000000,15.6500000000,28349073.0000000000,1804337.0000000000,0.0102200000,0.2834907300,AKShare stock_zh_a_spot / 新浪
300898,熊猫乳品,20.7100000000,21.2500000000,51426543.0000000000,2476532.0000000000,-0.0254100000,0.5142654300,AKShare stock_zh_a_spot / 新浪
300899,上海凯鑫,29.1500000000,29.1500000000,12544900.0000000000,433200.0000000000,0.0000000000,0.1254490000,AKShare stock_zh_a_spot / 新浪
300900,广联航空,22.0400000000,21.8600000000,338210147.0000000000,15392524.0000000000,0.0082300000,3.3821014700,AKShare stock_zh_a_spot / 新浪
300901,中胤时尚,18.1600000000,18.5700000000,120877391.0000000000,6730300.0000000000,-0.0220800000,1.2087739100,AKShare stock_zh_a_spot / 新浪
300902,国安达,15.9100000000,16.1000000000,52242990.0000000000,3314369.0000000000,-0.0118000000,0.5224299000,AKShare stock_zh_a_spot / 新浪
300903,科翔股份,78.6200000000,78.8200000000,1811862659.0000000000,23220921.0000000000,-0.0025400000,18.1186265900,AKShare stock_zh_a_spot / 新浪
300904,威力传动,41.1700000000,40.9500000000,21704858.0000000000,532896.0000000000,0.0053700000,0.2170485800,AKShare stock_zh_a_spot / 新浪
300905,宝丽迪,36.2000000000,36.0000000000,186116963.0000000000,5171558.0000000000,0.0055600000,1.8611696300,AKShare stock_zh_a_spot / 新浪
300906,日月明,30.5800000000,30.7400000000,158353198.0000000000,4966179.0000000000,-0.0052000000,1.5835319800,AKShare stock_zh_a_spot / 新浪
300907,康平科技,51.3000000000,51.0800000000,163978783.0000000000,3237200.0000000000,0.0043100000,1.6397878300,AKShare stock_zh_a_spot / 新浪
300908,仲景食品,24.5100000000,25.0000000000,52615422.0000000000,2151417.0000000000,-0.0196000000,0.5261542200,AKShare stock_zh_a_spot / 新浪
300909,汇创达,54.7900000000,55.7500000000,254910413.0000000000,4707527.0000000000,-0.0172200000,2.5491041300,AKShare stock_zh_a_spot / 新浪
300910,瑞丰新材,25.1500000000,26.4600000000,194367244.0000000000,7602283.0000000000,-0.0495100000,1.9436724400,AKShare stock_zh_a_spot / 新浪
300911,亿田智能,24.3900000000,24.6600000000,390434891.0000000000,16155807.0000000000,-0.0109500000,3.9043489100,AKShare stock_zh_a_spot / 新浪
300912,凯龙高科,19.6900000000,19.1200000000,83060806.0000000000,4317400.0000000000,0.0298100000,0.8306080600,AKShare stock_zh_a_spot / 新浪
300913,兆龙互连,35.9100000000,35.3400000000,274526015.0000000000,7670705.0000000000,0.0161300000,2.7452601500,AKShare stock_zh_a_spot / 新浪
300915,海融科技,20.2500000000,20.5700000000,16654289.0000000000,828900.0000000000,-0.0155600000,0.1665428900,AKShare stock_zh_a_spot / 新浪
300916,朗特智能,26.0000000000,25.3000000000,202257658.0000000000,7804436.0000000000,0.0276700000,2.0225765800,AKShare stock_zh_a_spot / 新浪
300917,特发服务,26.4700000000,26.9000000000,282179127.0000000000,10815175.0000000000,-0.0159900000,2.8217912700,AKShare stock_zh_a_spot / 新浪
300918,南山智尚,10.2700000000,10.2100000000,37061672.0000000000,3621280.0000000000,0.0058800000,0.3706167200,AKShare stock_zh_a_spot / 新浪
300919,中伟新材,40.4700000000,39.7500000000,485943776.0000000000,11972895.0000000000,0.0181100000,4.8594377600,AKShare stock_zh_a_spot / 新浪
300920,润阳科技,33.7600000000,33.7000000000,42932970.0000000000,1276430.0000000000,0.0017800000,0.4293297000,AKShare stock_zh_a_spot / 新浪
300921,南凌科技,15.2400000000,15.3300000000,73224069.0000000000,4821656.0000000000,-0.0058700000,0.7322406900,AKShare stock_zh_a_spot / 新浪
300922,天秦装备,17.0700000000,17.0900000000,35354246.0000000000,2077100.0000000000,-0.0011700000,0.3535424600,AKShare stock_zh_a_spot / 新浪
300923,研奥股份,24.7000000000,24.6800000000,21680271.0000000000,887200.0000000000,0.0008100000,0.2168027100,AKShare stock_zh_a_spot / 新浪
300925,法本信息,14.4300000000,14.3100000000,77034078.0000000000,5359100.0000000000,0.0083900000,0.7703407800,AKShare stock_zh_a_spot / 新浪
300926,博俊科技,17.1900000000,17.4500000000,40948139.0000000000,2380200.0000000000,-0.0149000000,0.4094813900,AKShare stock_zh_a_spot / 新浪
300927,江天化学,27.0100000000,25.9400000000,628114759.0000000000,22555535.0000000000,0.0412500000,6.2811475900,AKShare stock_zh_a_spot / 新浪
300928,华安鑫创,25.1300000000,25.3100000000,23892356.0000000000,949500.0000000000,-0.0071100000,0.2389235600,AKShare stock_zh_a_spot / 新浪
300929,华骐环保,15.3500000000,15.3300000000,100713802.0000000000,6645240.0000000000,0.0013000000,1.0071380200,AKShare stock_zh_a_spot / 新浪
300930,屹通新材,25.3300000000,25.1800000000,26389629.0000000000,1049000.0000000000,0.0059600000,0.2638962900,AKShare stock_zh_a_spot / 新浪
300931,通用电梯,15.3300000000,15.6500000000,108955512.0000000000,6960598.0000000000,-0.0204500000,1.0895551200,AKShare stock_zh_a_spot / 新浪
300932,三友联众,10.4200000000,10.6200000000,95058599.0000000000,9132647.0000000000,-0.0188300000,0.9505859900,AKShare stock_zh_a_spot / 新浪
300933,中辰股份,6.2700000000,6.3000000000,39229772.0000000000,6269493.0000000000,-0.0047600000,0.3922977200,AKShare stock_zh_a_spot / 新浪
300935,盈建科,30.1800000000,30.9600000000,69084044.0000000000,2281924.0000000000,-0.0251900000,0.6908404400,AKShare stock_zh_a_spot / 新浪
300936,中英科技,86.8600000000,88.1400000000,760273930.0000000000,8501350.0000000000,-0.0145200000,7.6027393000,AKShare stock_zh_a_spot / 新浪
300937,药易购,26.1200000000,27.7500000000,211079940.0000000000,7998651.0000000000,-0.0587400000,2.1107994000,AKShare stock_zh_a_spot / 新浪
300938,信测标准,28.0000000000,27.7500000000,254768211.0000000000,9155350.0000000000,0.0090100000,2.5476821100,AKShare stock_zh_a_spot / 新浪
300939,秋田微,61.7000000000,62.5500000000,181910568.0000000000,2936229.0000000000,-0.0135900000,1.8191056800,AKShare stock_zh_a_spot / 新浪
300940,南极光,13.7400000000,13.7400000000,35411496.0000000000,2598892.0000000000,0.0000000000,0.3541149600,AKShare stock_zh_a_spot / 新浪
300941,创识科技,15.0400000000,14.4000000000,125681059.0000000000,8463846.0000000000,0.0444400000,1.2568105900,AKShare stock_zh_a_spot / 新浪
300942,易瑞生物,6.7200000000,6.9100000000,48127459.0000000000,7176580.0000000000,-0.0275000000,0.4812745900,AKShare stock_zh_a_spot / 新浪
300943,春晖智控,30.7800000000,31.0000000000,287783783.0000000000,9271769.0000000000,-0.0071000000,2.8778378300,AKShare stock_zh_a_spot / 新浪
300945,曼卡龙,12.7200000000,12.3600000000,236862425.0000000000,18822686.0000000000,0.0291300000,2.3686242500,AKShare stock_zh_a_spot / 新浪
300946,恒而达,38.8700000000,36.6000000000,68784238.0000000000,1832603.0000000000,0.0620200000,0.6878423800,AKShare stock_zh_a_spot / 新浪
300947,德必集团,14.1700000000,14.2300000000,41883837.0000000000,2980824.0000000000,-0.0042200000,0.4188383700,AKShare stock_zh_a_spot / 新浪
300948,冠中生态,20.4800000000,20.9900000000,78764494.0000000000,3835800.0000000000,-0.0243000000,0.7876449400,AKShare stock_zh_a_spot / 新浪
300949,奥雅股份,22.4500000000,22.5400000000,20956028.0000000000,942100.0000000000,-0.0039900000,0.2095602800,AKShare stock_zh_a_spot / 新浪
300950,德固特,16.7100000000,16.6700000000,20302454.0000000000,1226100.0000000000,0.0024000000,0.2030245400,AKShare stock_zh_a_spot / 新浪
300951,博硕科技,70.9700000000,70.7000000000,384882544.0000000000,5395533.0000000000,0.0038200000,3.8488254400,AKShare stock_zh_a_spot / 新浪
300952,恒辉安防,16.4600000000,16.3000000000,49354802.0000000000,3025590.0000000000,0.0098200000,0.4935480200,AKShare stock_zh_a_spot / 新浪
300953,震裕科技,100.0100000000,99.5100000000,363388245.0000000000,3637836.0000000000,0.0050200000,3.6338824500,AKShare stock_zh_a_spot / 新浪
300955,嘉亨家化,30.7500000000,30.8900000000,42460046.0000000000,1377000.0000000000,-0.0045300000,0.4246004600,AKShare stock_zh_a_spot / 新浪
300956,英力股份,11.1600000000,11.1000000000,35436598.0000000000,3209818.0000000000,0.0054100000,0.3543659800,AKShare stock_zh_a_spot / 新浪
300957,贝泰妮,31.6800000000,32.3500000000,150704307.0000000000,4749562.0000000000,-0.0207100000,1.5070430700,AKShare stock_zh_a_spot / 新浪
300958,建工修复,12.4700000000,12.0000000000,82378426.0000000000,6720684.0000000000,0.0391700000,0.8237842600,AKShare stock_zh_a_spot / 新浪
300959,线上线下,94.0600000000,93.6200000000,163987679.0000000000,1762572.0000000000,0.0047000000,1.6398767900,AKShare stock_zh_a_spot / 新浪
300960,通业科技,16.3700000000,16.3100000000,22833889.0000000000,1406317.0000000000,0.0036800000,0.2283388900,AKShare stock_zh_a_spot / 新浪
300961,深水海纳,11.5700000000,11.5300000000,47589088.0000000000,4156000.0000000000,0.0034700000,0.4758908800,AKShare stock_zh_a_spot / 新浪
300962,中金辐照,12.7600000000,12.8600000000,34184452.0000000000,2696134.0000000000,-0.0077800000,0.3418445200,AKShare stock_zh_a_spot / 新浪
300963,中洲特材,11.2000000000,11.1300000000,55532572.0000000000,5005220.0000000000,0.0062900000,0.5553257200,AKShare stock_zh_a_spot / 新浪
300964,本川智能,56.9200000000,56.6400000000,151614337.0000000000,2668540.0000000000,0.0049400000,1.5161433700,AKShare stock_zh_a_spot / 新浪
300965,恒宇信通,43.4600000000,43.1600000000,27244506.0000000000,631100.0000000000,0.0069500000,0.2724450600,AKShare stock_zh_a_spot / 新浪
300966,共同药业,25.1700000000,25.9500000000,54949368.0000000000,2175633.0000000000,-0.0300600000,0.5494936800,AKShare stock_zh_a_spot / 新浪
300967,晓鸣股份,16.4500000000,16.7400000000,163164098.0000000000,9993029.0000000000,-0.0173200000,1.6316409800,AKShare stock_zh_a_spot / 新浪
300968,格林精密,10.3100000000,10.2700000000,70171947.0000000000,6864087.0000000000,0.0038900000,0.7017194700,AKShare stock_zh_a_spot / 新浪
300969,恒帅股份,73.5500000000,72.1800000000,109461474.0000000000,1487767.0000000000,0.0189800000,1.0946147400,AKShare stock_zh_a_spot / 新浪
300970,华绿生物,19.1800000000,21.7400000000,577699766.0000000000,30032607.0000000000,-0.1177600000,5.7769976600,AKShare stock_zh_a_spot / 新浪
300971,博亚精工,18.8000000000,18.9400000000,45075347.0000000000,2416095.0000000000,-0.0073900000,0.4507534700,AKShare stock_zh_a_spot / 新浪
300972,万辰集团,201.0600000000,201.6800000000,202544165.0000000000,1012810.0000000000,-0.0030700000,2.0254416500,AKShare stock_zh_a_spot / 新浪
300973,立高食品,24.4400000000,25.1700000000,90971739.0000000000,3721419.0000000000,-0.0290000000,0.9097173900,AKShare stock_zh_a_spot / 新浪
300975,商络电子,25.6000000000,25.4500000000,819076019.0000000000,32168964.0000000000,0.0058900000,8.1907601900,AKShare stock_zh_a_spot / 新浪
300976,达瑞电子,58.0000000000,60.0000000000,433080148.0000000000,7414533.0000000000,-0.0333300000,4.3308014800,AKShare stock_zh_a_spot / 新浪
300977,深圳瑞捷,16.3800000000,16.2200000000,27106623.0000000000,1681783.0000000000,0.0098600000,0.2710662300,AKShare stock_zh_a_spot / 新浪
300978,东箭科技,8.5400000000,8.5600000000,20586988.0000000000,2424100.0000000000,-0.0023400000,0.2058698800,AKShare stock_zh_a_spot / 新浪
300979,华利集团,33.2400000000,34.4100000000,197309345.0000000000,5961330.0000000000,-0.0340000000,1.9730934500,AKShare stock_zh_a_spot / 新浪
300980,祥源新材,22.6000000000,21.8100000000,107802165.0000000000,4822518.0000000000,0.0362200000,1.0780216500,AKShare stock_zh_a_spot / 新浪
300981,中红医疗,14.7300000000,15.4000000000,192937403.0000000000,12978664.0000000000,-0.0435100000,1.9293740300,AKShare stock_zh_a_spot / 新浪
300982,苏文电能,14.7800000000,14.7600000000,25339031.0000000000,1723900.0000000000,0.0013600000,0.2533903100,AKShare stock_zh_a_spot / 新浪
300983,尤安设计,39.9400000000,40.1000000000,30824003.0000000000,776276.0000000000,-0.0039900000,0.3082400300,AKShare stock_zh_a_spot / 新浪
300984,金沃股份,32.2400000000,31.0000000000,94541866.0000000000,2977077.0000000000,0.0400000000,0.9454186600,AKShare stock_zh_a_spot / 新浪
300985,致远新能,39.5500000000,39.1300000000,162568118.0000000000,4179870.0000000000,0.0107300000,1.6256811800,AKShare stock_zh_a_spot / 新浪
300986,志特新材,11.9000000000,12.2700000000,293120263.0000000000,24654885.0000000000,-0.0301500000,2.9312026300,AKShare stock_zh_a_spot / 新浪
300987,川网传媒,13.2400000000,13.3000000000,29402145.0000000000,2235400.0000000000,-0.0045100000,0.2940214500,AKShare stock_zh_a_spot / 新浪
300988,津荣天宇,14.6600000000,14.5100000000,33637276.0000000000,2324324.0000000000,0.0103400000,0.3363727600,AKShare stock_zh_a_spot / 新浪
300989,蕾奥规划,14.4000000000,13.4300000000,135509763.0000000000,9578748.0000000000,0.0722300000,1.3550976300,AKShare stock_zh_a_spot / 新浪
300990,同飞股份,73.1300000000,68.8500000000,555634318.0000000000,7625806.0000000000,0.0621600000,5.5563431800,AKShare stock_zh_a_spot / 新浪
300991,创益通,28.7500000000,29.4100000000,133323334.0000000000,4631341.0000000000,-0.0224400000,1.3332333400,AKShare stock_zh_a_spot / 新浪
300992,泰福泵业,24.1700000000,24.0400000000,19580746.0000000000,815904.0000000000,0.0054100000,0.1958074600,AKShare stock_zh_a_spot / 新浪
300993,玉马科技,9.9400000000,9.9900000000,16442329.0000000000,1664480.0000000000,-0.0050100000,0.1644232900,AKShare stock_zh_a_spot / 新浪
300994,久祺股份,11.1700000000,11.2500000000,16302107.0000000000,1466300.0000000000,-0.0071100000,0.1630210700,AKShare stock_zh_a_spot / 新浪
300995,奇德新材,26.1200000000,25.9900000000,21863929.0000000000,845181.0000000000,0.0050000000,0.2186392900,AKShare stock_zh_a_spot / 新浪
300996,普联软件,14.3700000000,14.5000000000,363171365.0000000000,25384839.0000000000,-0.0089700000,3.6317136500,AKShare stock_zh_a_spot / 新浪
300997,欢乐家,16.3900000000,16.8000000000,98132143.0000000000,5994679.0000000000,-0.0244000000,0.9813214300,AKShare stock_zh_a_spot / 新浪
300998,宁波方正,26.4000000000,26.4000000000,89818123.0000000000,3430200.0000000000,0.0000000000,0.8981812300,AKShare stock_zh_a_spot / 新浪
300999,金龙鱼,25.0100000000,25.5100000000,279601671.0000000000,11146659.0000000000,-0.0196000000,2.7960167100,AKShare stock_zh_a_spot / 新浪
301000,肇民科技,23.8900000000,23.5200000000,63190901.0000000000,2665578.0000000000,0.0157300000,0.6319090100,AKShare stock_zh_a_spot / 新浪
301001,凯淳股份,23.6900000000,23.8400000000,19711844.0000000000,838607.0000000000,-0.0062900000,0.1971184400,AKShare stock_zh_a_spot / 新浪
301002,崧盛股份,27.9600000000,27.4500000000,211439378.0000000000,7584744.0000000000,0.0185800000,2.1143937800,AKShare stock_zh_a_spot / 新浪
301003,江苏博云,55.9600000000,56.4000000000,94410540.0000000000,1691810.0000000000,-0.0078000000,0.9441054000,AKShare stock_zh_a_spot / 新浪
301004,嘉益股份,33.7600000000,34.6600000000,23021838.0000000000,682360.0000000000,-0.0259700000,0.2302183800,AKShare stock_zh_a_spot / 新浪
301005,超捷股份,73.0100000000,71.9200000000,1009727149.0000000000,13871738.0000000000,0.0151600000,10.0972714900,AKShare stock_zh_a_spot / 新浪
301006,迈拓股份,13.7500000000,13.8000000000,18655813.0000000000,1370800.0000000000,-0.0036200000,0.1865581300,AKShare stock_zh_a_spot / 新浪
301007,德迈仕,27.1600000000,26.8300000000,52018135.0000000000,1949900.0000000000,0.0123000000,0.5201813500,AKShare stock_zh_a_spot / 新浪
301008,宏昌科技,40.3000000000,39.6600000000,434446355.0000000000,10754827.0000000000,0.0161400000,4.3444635500,AKShare stock_zh_a_spot / 新浪
301009,可靠股份,9.0300000000,9.1500000000,26775423.0000000000,2981908.0000000000,-0.0131100000,0.2677542300,AKShare stock_zh_a_spot / 新浪
301010,晶雪节能,17.4700000000,17.4800000000,19005903.0000000000,1098800.0000000000,-0.0005700000,0.1900590300,AKShare stock_zh_a_spot / 新浪
301011,华立科技,14.8000000000,15.0700000000,23348391.0000000000,1578166.0000000000,-0.0179200000,0.2334839100,AKShare stock_zh_a_spot / 新浪
301012,扬电科技,25.2500000000,25.2000000000,141849301.0000000000,5650973.0000000000,0.0019800000,1.4184930100,AKShare stock_zh_a_spot / 新浪
301013,利和兴,41.9600000000,41.0000000000,786522275.0000000000,18774786.0000000000,0.0234100000,7.8652227500,AKShare stock_zh_a_spot / 新浪
301015,百洋医药,25.8600000000,26.2000000000,280663574.0000000000,10964555.0000000000,-0.0129800000,2.8066357400,AKShare stock_zh_a_spot / 新浪
301016,雷尔伟,11.9600000000,11.8300000000,36926623.0000000000,3125456.0000000000,0.0109900000,0.3692662300,AKShare stock_zh_a_spot / 新浪
301017,漱玉平民,13.2000000000,13.3600000000,89755106.0000000000,6857250.0000000000,-0.0119800000,0.8975510600,AKShare stock_zh_a_spot / 新浪
301018,申菱环境,89.6000000000,86.5000000000,1308096396.0000000000,14549074.0000000000,0.0358400000,13.0809639600,AKShare stock_zh_a_spot / 新浪
301019,宁波色母,15.0700000000,14.9100000000,27165222.0000000000,1826393.0000000000,0.0107300000,0.2716522200,AKShare stock_zh_a_spot / 新浪
301020,密封科技,20.4000000000,20.4100000000,23622023.0000000000,1161300.0000000000,-0.0004900000,0.2362202300,AKShare stock_zh_a_spot / 新浪
301021,英诺激光,75.8000000000,77.3300000000,757680646.0000000000,10106765.0000000000,-0.0197900000,7.5768064600,AKShare stock_zh_a_spot / 新浪
301022,海泰科,23.1200000000,22.9500000000,30709198.0000000000,1350308.0000000000,0.0074100000,0.3070919800,AKShare stock_zh_a_spot / 新浪
301023,奕帆传动,29.3100000000,29.2400000000,30007145.0000000000,1026421.0000000000,0.0023900000,0.3000714500,AKShare stock_zh_a_spot / 新浪
301024,霍普股份,31.4600000000,31.7300000000,19481111.0000000000,622600.0000000000,-0.0085100000,0.1948111100,AKShare stock_zh_a_spot / 新浪
301025,读客文化,9.0100000000,9.1800000000,80040032.0000000000,8891656.0000000000,-0.0185200000,0.8004003200,AKShare stock_zh_a_spot / 新浪
301026,浩通科技,21.4800000000,21.1300000000,214263040.0000000000,9966794.0000000000,0.0165600000,2.1426304000,AKShare stock_zh_a_spot / 新浪
301027,华蓝集团,19.9700000000,18.8000000000,103279442.0000000000,5340590.0000000000,0.0622300000,1.0327944200,AKShare stock_zh_a_spot / 新浪
301028,鼎熔岩,13.2500000000,12.6800000000,112792492.0000000000,8645365.0000000000,0.0449500000,1.1279249200,AKShare stock_zh_a_spot / 新浪
301029,怡合达,24.7600000000,24.8400000000,189112837.0000000000,7642600.0000000000,-0.0032200000,1.8911283700,AKShare stock_zh_a_spot / 新浪
301031,中熔电气,92.7800000000,89.7100000000,193864103.0000000000,2122200.0000000000,0.0342200000,1.9386410300,AKShare stock_zh_a_spot / 新浪
301032,新柴股份,10.0400000000,10.0600000000,24136416.0000000000,2428912.0000000000,-0.0019900000,0.2413641600,AKShare stock_zh_a_spot / 新浪
301033,迈普医学,56.8200000000,60.3200000000,184763364.0000000000,3157389.0000000000,-0.0580200000,1.8476336400,AKShare stock_zh_a_spot / 新浪
301035,润丰股份,52.4800000000,52.7500000000,54290807.0000000000,1036710.0000000000,-0.0051200000,0.5429080700,AKShare stock_zh_a_spot / 新浪
301036,双乐股份,22.3300000000,22.2900000000,17659141.0000000000,800462.0000000000,0.0017900000,0.1765914100,AKShare stock_zh_a_spot / 新浪
301037,保立佳,13.5100000000,13.1000000000,34241110.0000000000,2587116.0000000000,0.0313000000,0.3424111000,AKShare stock_zh_a_spot / 新浪
301038,深水规院,15.8900000000,15.9500000000,25711689.0000000000,1632430.0000000000,-0.0037600000,0.2571168900,AKShare stock_zh_a_spot / 新浪
301039,中集车辆,7.9800000000,8.0600000000,96765768.0000000000,12176384.0000000000,-0.0099300000,0.9676576800,AKShare stock_zh_a_spot / 新浪
301040,中环海陆,27.3300000000,26.9400000000,41689590.0000000000,1546200.0000000000,0.0144800000,0.4168959000,AKShare stock_zh_a_spot / 新浪
301041,金百泽,25.6000000000,25.1800000000,72898078.0000000000,2882700.0000000000,0.0166800000,0.7289807800,AKShare stock_zh_a_spot / 新浪
301042,安联锐视,32.8700000000,32.3700000000,124472937.0000000000,3841080.0000000000,0.0154500000,1.2447293700,AKShare stock_zh_a_spot / 新浪
301043,绿岛风,43.9800000000,43.8800000000,38274462.0000000000,877569.0000000000,0.0022800000,0.3827446200,AKShare stock_zh_a_spot / 新浪
301045,天禄科技,65.8300000000,65.2000000000,173453056.0000000000,2648863.0000000000,0.0096600000,1.7345305600,AKShare stock_zh_a_spot / 新浪
301046,能辉科技,21.8500000000,21.9400000000,76719815.0000000000,3550959.0000000000,-0.0041000000,0.7671981500,AKShare stock_zh_a_spot / 新浪
301047,义翘神州,118.8000000000,131.5100000000,2084355925.0000000000,16942111.0000000000,-0.0966500000,20.8435592500,AKShare stock_zh_a_spot / 新浪
301048,金鹰重工,9.4600000000,9.1900000000,119855411.0000000000,12830377.0000000000,0.0293800000,1.1985541100,AKShare stock_zh_a_spot / 新浪
301049,超越科技,20.3000000000,20.1400000000,24948039.0000000000,1248400.0000000000,0.0079400000,0.2494803900,AKShare stock_zh_a_spot / 新浪
301050,雷电微力,31.0800000000,30.7800000000,96067728.0000000000,3091100.0000000000,0.0097500000,0.9606772800,AKShare stock_zh_a_spot / 新浪
301051,信濠光电,20.6000000000,20.3400000000,221941460.0000000000,10947662.0000000000,0.0127800000,2.2194146000,AKShare stock_zh_a_spot / 新浪
301052,果麦文化,22.8100000000,23.0000000000,47950144.0000000000,2123576.0000000000,-0.0082600000,0.4795014400,AKShare stock_zh_a_spot / 新浪
301053,远信工业,41.1800000000,41.9000000000,248953933.0000000000,6062420.0000000000,-0.0171800000,2.4895393300,AKShare stock_zh_a_spot / 新浪
301055,张小泉,29.2000000000,29.3400000000,58044475.0000000000,1992594.0000000000,-0.0047700000,0.5804447500,AKShare stock_zh_a_spot / 新浪
301056,森赫股份,10.9800000000,10.8800000000,25484097.0000000000,2344400.0000000000,0.0091900000,0.2548409700,AKShare stock_zh_a_spot / 新浪
301057,汇隆新材,21.5500000000,21.4400000000,37734985.0000000000,1764200.0000000000,0.0051300000,0.3773498500,AKShare stock_zh_a_spot / 新浪
301058,中粮科工,8.2600000000,8.5300000000,82244167.0000000000,9949900.0000000000,-0.0316500000,0.8224416700,AKShare stock_zh_a_spot / 新浪
301059,金三江,11.3000000000,11.4200000000,21423022.0000000000,1907900.0000000000,-0.0105100000,0.2142302200,AKShare stock_zh_a_spot / 新浪
301060,兰卫医学,11.5000000000,12.1600000000,438667826.0000000000,37599308.0000000000,-0.0542800000,4.3866782600,AKShare stock_zh_a_spot / 新浪
301061,匠心家居,34.7100000000,35.0000000000,116463713.0000000000,3391343.0000000000,-0.0082900000,1.1646371300,AKShare stock_zh_a_spot / 新浪
301062,上海艾录,7.3000000000,6.6900000000,118975582.0000000000,16833450.0000000000,0.0911800000,1.1897558200,AKShare stock_zh_a_spot / 新浪
301063,海锅股份,18.0300000000,18.0300000000,19353899.0000000000,1085400.0000000000,0.0000000000,0.1935389900,AKShare stock_zh_a_spot / 新浪
301065,本立科技,19.1800000000,19.4300000000,26646807.0000000000,1404817.0000000000,-0.0128700000,0.2664680700,AKShare stock_zh_a_spot / 新浪
301066,万事利,11.9300000000,12.0100000000,29468974.0000000000,2480693.0000000000,-0.0066600000,0.2946897400,AKShare stock_zh_a_spot / 新浪
301067,显盈科技,29.2500000000,29.1500000000,52003015.0000000000,1780339.0000000000,0.0034300000,0.5200301500,AKShare stock_zh_a_spot / 新浪
301068,大地海洋,27.0200000000,28.3200000000,31595248.0000000000,1160950.0000000000,-0.0459000000,0.3159524800,AKShare stock_zh_a_spot / 新浪
301069,凯盛新材,16.2600000000,16.1600000000,61764148.0000000000,3818550.0000000000,0.0061900000,0.6176414800,AKShare stock_zh_a_spot / 新浪
301070,开勒股份,69.0700000000,63.8200000000,342206368.0000000000,5095575.0000000000,0.0822600000,3.4220636800,AKShare stock_zh_a_spot / 新浪
301071,力量钻石,59.1900000000,58.5700000000,601328086.0000000000,10197088.0000000000,0.0105900000,6.0132808600,AKShare stock_zh_a_spot / 新浪
301072,中捷精工,43.4300000000,42.5400000000,122236620.0000000000,2893900.0000000000,0.0209200000,1.2223662000,AKShare stock_zh_a_spot / 新浪
301073,君亭酒店,18.0400000000,18.3400000000,88890188.0000000000,4926047.0000000000,-0.0163600000,0.8889018800,AKShare stock_zh_a_spot / 新浪
301075,多瑞医药,53.7000000000,54.4200000000,47650336.0000000000,899439.0000000000,-0.0132300000,0.4765033600,AKShare stock_zh_a_spot / 新浪
301076,新瀚新材,20.4000000000,20.1900000000,47773819.0000000000,2365924.0000000000,0.0104000000,0.4777381900,AKShare stock_zh_a_spot / 新浪
301077,星华新材,21.0500000000,21.2300000000,39581218.0000000000,1889603.0000000000,-0.0084800000,0.3958121800,AKShare stock_zh_a_spot / 新浪
301078,孩子王,6.9600000000,7.1000000000,104957515.0000000000,15063867.0000000000,-0.0197200000,1.0495751500,AKShare stock_zh_a_spot / 新浪
301079,邵阳液压,27.9000000000,27.6300000000,65560741.0000000000,2366151.0000000000,0.0097700000,0.6556074100,AKShare stock_zh_a_spot / 新浪
301080,百普赛斯,98.9200000000,96.6600000000,2614848648.0000000000,27197043.0000000000,0.0233800000,26.1484864800,AKShare stock_zh_a_spot / 新浪
301081,严牌股份,13.3800000000,13.4700000000,119956282.0000000000,9035275.0000000000,-0.0066800000,1.1995628200,AKShare stock_zh_a_spot / 新浪
301082,久盛电气,9.4600000000,9.5000000000,60745801.0000000000,6449162.0000000000,-0.0042100000,0.6074580100,AKShare stock_zh_a_spot / 新浪
301083,百胜智能,14.0300000000,14.0800000000,17317703.0000000000,1241910.0000000000,-0.0035500000,0.1731770300,AKShare stock_zh_a_spot / 新浪
301085,亚康股份,58.3900000000,59.9500000000,253780129.0000000000,4427049.0000000000,-0.0260200000,2.5378012900,AKShare stock_zh_a_spot / 新浪
301086,鸿富瀚,123.8900000000,119.9700000000,321591184.0000000000,2616280.0000000000,0.0326700000,3.2159118400,AKShare stock_zh_a_spot / 新浪
301087,可孚医疗,48.0300000000,50.0900000000,79971383.0000000000,1648800.0000000000,-0.0411300000,0.7997138300,AKShare stock_zh_a_spot / 新浪
301088,戎美股份,12.4800000000,12.7100000000,15471003.0000000000,1244438.0000000000,-0.0181000000,0.1547100300,AKShare stock_zh_a_spot / 新浪
301089,拓新药业,24.2000000000,25.7500000000,178910088.0000000000,7347648.0000000000,-0.0601900000,1.7891008800,AKShare stock_zh_a_spot / 新浪
301090,华润材料,6.8000000000,6.7800000000,76285950.0000000000,11287414.0000000000,0.0029500000,0.7628595000,AKShare stock_zh_a_spot / 新浪
301091,深城交,18.2300000000,18.4800000000,85712967.0000000000,4712087.0000000000,-0.0135300000,0.8571296700,AKShare stock_zh_a_spot / 新浪
301092,争光股份,44.4500000000,44.8400000000,88262968.0000000000,1992359.0000000000,-0.0087000000,0.8826296800,AKShare stock_zh_a_spot / 新浪
301093,华兰股份,81.9900000000,82.9600000000,725594750.0000000000,8908659.0000000000,-0.0116900000,7.2559475000,AKShare stock_zh_a_spot / 新浪
301095,广立微,74.3100000000,73.8500000000,299628901.0000000000,4039277.0000000000,0.0062300000,2.9962890100,AKShare stock_zh_a_spot / 新浪
301096,百诚医药,49.7700000000,50.9000000000,122380683.0000000000,2471508.0000000000,-0.0222000000,1.2238068300,AKShare stock_zh_a_spot / 新浪
301097,天益医疗,34.5800000000,35.9200000000,39431313.0000000000,1141370.0000000000,-0.0373100000,0.3943131300,AKShare stock_zh_a_spot / 新浪
301098,金埔园林,8.8800000000,8.6200000000,93487973.0000000000,10644724.0000000000,0.0301600000,0.9348797300,AKShare stock_zh_a_spot / 新浪
301099,雅创电子,49.8000000000,49.4500000000,253528374.0000000000,5089841.0000000000,0.0070800000,2.5352837400,AKShare stock_zh_a_spot / 新浪
301100,风光股份,16.1200000000,16.1200000000,17080884.0000000000,1068700.0000000000,0.0000000000,0.1708088400,AKShare stock_zh_a_spot / 新浪
301101,明月镜片,29.4500000000,29.6400000000,54716165.0000000000,1860500.0000000000,-0.0064100000,0.5471616500,AKShare stock_zh_a_spot / 新浪
301102,兆讯传媒,9.3400000000,9.4900000000,12488432.0000000000,1335165.0000000000,-0.0158100000,0.1248843200,AKShare stock_zh_a_spot / 新浪
301103,何氏眼科,16.7400000000,17.3200000000,45204425.0000000000,2696430.0000000000,-0.0334900000,0.4520442500,AKShare stock_zh_a_spot / 新浪
301105,鸿铭股份,47.3500000000,47.2900000000,17675211.0000000000,376800.0000000000,0.0012700000,0.1767521100,AKShare stock_zh_a_spot / 新浪
301106,骏成科技,23.3500000000,22.5400000000,395349507.0000000000,18093535.0000000000,0.0359400000,3.9534950700,AKShare stock_zh_a_spot / 新浪
301107,瑜欣电子,20.1100000000,20.0100000000,26852823.0000000000,1349820.0000000000,0.0050000000,0.2685282300,AKShare stock_zh_a_spot / 新浪
301108,洁雅股份,37.7900000000,37.1500000000,66968214.0000000000,1781560.0000000000,0.0172300000,0.6696821400,AKShare stock_zh_a_spot / 新浪
301109,军信股份,13.3300000000,13.4900000000,39281132.0000000000,2940750.0000000000,-0.0118600000,0.3928113200,AKShare stock_zh_a_spot / 新浪
301110,青木科技,34.9000000000,35.0700000000,46683994.0000000000,1347204.0000000000,-0.0048500000,0.4668399400,AKShare stock_zh_a_spot / 新浪
301111,粤万年青,21.7300000000,21.7700000000,134224862.0000000000,6197155.0000000000,-0.0018400000,1.3422486200,AKShare stock_zh_a_spot / 新浪
301112,信邦智能,30.5800000000,30.3400000000,23445353.0000000000,775800.0000000000,0.0079100000,0.2344535300,AKShare stock_zh_a_spot / 新浪
301113,雅艺科技,16.6600000000,16.7400000000,22273414.0000000000,1350495.0000000000,-0.0047800000,0.2227341400,AKShare stock_zh_a_spot / 新浪
301115,联检科技,29.9200000000,30.5800000000,182775262.0000000000,6198896.0000000000,-0.0215800000,1.8277526200,AKShare stock_zh_a_spot / 新浪
301116,益客食品,9.3300000000,9.5100000000,99678773.0000000000,10754300.0000000000,-0.0189300000,0.9967877300,AKShare stock_zh_a_spot / 新浪
301117,佳缘科技,17.7200000000,17.7600000000,85356119.0000000000,4839784.0000000000,-0.0022500000,0.8535611900,AKShare stock_zh_a_spot / 新浪
301118,恒光股份,22.3600000000,22.1400000000,38115388.0000000000,1718600.0000000000,0.0099400000,0.3811538800,AKShare stock_zh_a_spot / 新浪
301119,正强股份,22.7900000000,21.4400000000,98485357.0000000000,4405253.0000000000,0.0629700000,0.9848535700,AKShare stock_zh_a_spot / 新浪
301120,新特电气,14.7800000000,14.5800000000,99199874.0000000000,6730133.0000000000,0.0137200000,0.9919987400,AKShare stock_zh_a_spot / 新浪
301121,紫建电子,34.8300000000,34.4500000000,22155066.0000000000,641857.0000000000,0.0110300000,0.2215506600,AKShare stock_zh_a_spot / 新浪
301122,采纳股份,39.5000000000,39.0000000000,360441059.0000000000,9187524.0000000000,0.0128200000,3.6044105900,AKShare stock_zh_a_spot / 新浪
301123,奕东电子,75.4500000000,72.3700000000,691402207.0000000000,9153355.0000000000,0.0425600000,6.9140220700,AKShare stock_zh_a_spot / 新浪
301125,腾亚精工,12.2000000000,12.0400000000,46106248.0000000000,3796644.0000000000,0.0132900000,0.4610624800,AKShare stock_zh_a_spot / 新浪
301126,达嘉维康,10.1700000000,10.3300000000,41583070.0000000000,4131075.0000000000,-0.0154900000,0.4158307000,AKShare stock_zh_a_spot / 新浪
301127,武汉天源,18.8200000000,18.4500000000,555192136.0000000000,29774107.0000000000,0.0200500000,5.5519213600,AKShare stock_zh_a_spot / 新浪
301128,强瑞技术,109.4800000000,108.0000000000,568082806.0000000000,5221643.0000000000,0.0137000000,5.6808280600,AKShare stock_zh_a_spot / 新浪
301129,瑞纳智能,25.5500000000,23.9800000000,291113801.0000000000,11562287.0000000000,0.0654700000,2.9111380100,AKShare stock_zh_a_spot / 新浪
301130,西点药业,31.3800000000,33.4500000000,430611251.0000000000,14043916.0000000000,-0.0618800000,4.3061125100,AKShare stock_zh_a_spot / 新浪
301131,聚赛龙,34.2000000000,34.1300000000,27347177.0000000000,809458.0000000000,0.0020500000,0.2734717700,AKShare stock_zh_a_spot / 新浪
301132,满坤科技,36.6400000000,36.5000000000,157725754.0000000000,4326822.0000000000,0.0038400000,1.5772575400,AKShare stock_zh_a_spot / 新浪
301133,金钟股份,28.1800000000,27.5500000000,70071135.0000000000,2507429.0000000000,0.0228700000,0.7007113500,AKShare stock_zh_a_spot / 新浪
301135,瑞德智能,16.8800000000,16.8300000000,22727379.0000000000,1358003.0000000000,0.0029700000,0.2272737900,AKShare stock_zh_a_spot / 新浪
301136,招标股份,11.3700000000,11.3900000000,42804666.0000000000,3790100.0000000000,-0.0017600000,0.4280466600,AKShare stock_zh_a_spot / 新浪
301137,哈焊华通,31.5000000000,31.5300000000,70489206.0000000000,2248890.0000000000,-0.0009500000,0.7048920600,AKShare stock_zh_a_spot / 新浪
301138,华研精机,26.7300000000,26.9100000000,22629599.0000000000,844696.0000000000,-0.0066900000,0.2262959900,AKShare stock_zh_a_spot / 新浪
301141,中科磁业,41.1600000000,40.7300000000,67004537.0000000000,1644382.0000000000,0.0105600000,0.6700453700,AKShare stock_zh_a_spot / 新浪
301148,嘉戎技术,51.8900000000,51.4900000000,41619694.0000000000,813300.0000000000,0.0077700000,0.4161969400,AKShare stock_zh_a_spot / 新浪
301149,隆华新材,7.8000000000,7.8000000000,32425169.0000000000,4185526.0000000000,0.0000000000,0.3242516900,AKShare stock_zh_a_spot / 新浪
301150,中一科技,39.4500000000,38.1000000000,557102009.0000000000,14238908.0000000000,0.0354300000,5.5710200900,AKShare stock_zh_a_spot / 新浪
301151,冠龙节能,16.2500000000,16.2800000000,31515150.0000000000,1948000.0000000000,-0.0018400000,0.3151515000,AKShare stock_zh_a_spot / 新浪
301152,天力锂能,19.4300000000,19.0600000000,54852125.0000000000,2853200.0000000000,0.0194100000,0.5485212500,AKShare stock_zh_a_spot / 新浪
301153,中科江南,16.9500000000,16.8500000000,45679982.0000000000,2710906.0000000000,0.0059300000,0.4567998200,AKShare stock_zh_a_spot / 新浪
301155,海力风电,42.0300000000,42.4900000000,78379490.0000000000,1866675.0000000000,-0.0108300000,0.7837949000,AKShare stock_zh_a_spot / 新浪
301156,美农生物,11.7400000000,11.9100000000,109797734.0000000000,9453417.0000000000,-0.0142700000,1.0979773400,AKShare stock_zh_a_spot / 新浪
301157,华塑科技,62.9500000000,61.6900000000,52227462.0000000000,834748.0000000000,0.0204200000,0.5222746200,AKShare stock_zh_a_spot / 新浪
301158,德石股份,15.3500000000,15.4600000000,100968838.0000000000,6556299.0000000000,-0.0071200000,1.0096883800,AKShare stock_zh_a_spot / 新浪
301159,三维天地,31.8600000000,32.5700000000,62009854.0000000000,1947997.0000000000,-0.0218000000,0.6200985400,AKShare stock_zh_a_spot / 新浪
301160,翔楼新材,45.4200000000,44.6500000000,185371388.0000000000,4139181.0000000000,0.0172500000,1.8537138800,AKShare stock_zh_a_spot / 新浪
301161,唯万密封,28.4900000000,28.4100000000,70690130.0000000000,2505939.0000000000,0.0028200000,0.7069013000,AKShare stock_zh_a_spot / 新浪
301162,国能日新,36.2700000000,36.9000000000,60142752.0000000000,1653058.0000000000,-0.0170700000,0.6014275200,AKShare stock_zh_a_spot / 新浪
301163,宏德股份,23.6400000000,23.5400000000,25706798.0000000000,1102200.0000000000,0.0042500000,0.2570679800,AKShare stock_zh_a_spot / 新浪
301165,锐捷网络,126.9700000000,123.3000000000,2922812323.0000000000,23041145.0000000000,0.0297600000,29.2281232300,AKShare stock_zh_a_spot / 新浪
301166,优宁维,30.6400000000,34.0600000000,336265241.0000000000,10729078.0000000000,-0.1004100000,3.3626524100,AKShare stock_zh_a_spot / 新浪
301167,建研设计,14.3700000000,14.0700000000,32600433.0000000000,2302261.0000000000,0.0213200000,0.3260043300,AKShare stock_zh_a_spot / 新浪
301168,通灵股份,42.7300000000,41.0800000000,60758393.0000000000,1434178.0000000000,0.0401700000,0.6075839300,AKShare stock_zh_a_spot / 新浪
301169,零点有数,52.0200000000,51.5900000000,51929878.0000000000,1007207.0000000000,0.0083300000,0.5192987800,AKShare stock_zh_a_spot / 新浪
301170,锡南科技,22.9300000000,23.1500000000,14383087.0000000000,629396.0000000000,-0.0095000000,0.1438308700,AKShare stock_zh_a_spot / 新浪
301171,易点天下,36.3400000000,36.5100000000,1923549060.0000000000,53502335.0000000000,-0.0046600000,19.2354906000,AKShare stock_zh_a_spot / 新浪
301172,君逸数码,17.5400000000,17.5600000000,63592457.0000000000,3657332.0000000000,-0.0011400000,0.6359245700,AKShare stock_zh_a_spot / 新浪
301173,毓恬冠佳,32.0400000000,31.9400000000,18129494.0000000000,574517.0000000000,0.0031300000,0.1812949400,AKShare stock_zh_a_spot / 新浪
301175,中科环保,5.4400000000,5.4300000000,55555353.0000000000,10272900.0000000000,0.0018400000,0.5555535300,AKShare stock_zh_a_spot / 新浪
301176,逸豪新材,46.8500000000,45.9100000000,230481378.0000000000,4964176.0000000000,0.0204700000,2.3048137800,AKShare stock_zh_a_spot / 新浪
301177,迪阿股份,23.1900000000,22.9400000000,71399368.0000000000,3094255.0000000000,0.0109000000,0.7139936800,AKShare stock_zh_a_spot / 新浪
301178,天亿马,34.8500000000,36.0500000000,114459269.0000000000,3289398.0000000000,-0.0332900000,1.1445926900,AKShare stock_zh_a_spot / 新浪
301179,泽宇智能,20.0200000000,19.9500000000,39491251.0000000000,1981185.0000000000,0.0035100000,0.3949125100,AKShare stock_zh_a_spot / 新浪
301180,万祥科技,11.7300000000,11.6300000000,31015036.0000000000,2681222.0000000000,0.0086000000,0.3101503600,AKShare stock_zh_a_spot / 新浪
301181,标榜股份,22.8000000000,22.5200000000,26817751.0000000000,1191608.0000000000,0.0124300000,0.2681775100,AKShare stock_zh_a_spot / 新浪
301182,凯旺科技,68.1000000000,65.7000000000,167565824.0000000000,2476956.0000000000,0.0365300000,1.6756582400,AKShare stock_zh_a_spot / 新浪
301183,东田微,242.4100000000,225.3800000000,2898747224.0000000000,11581632.0000000000,0.0755600000,28.9874722400,AKShare stock_zh_a_spot / 新浪
301185,鸥玛软件,16.3000000000,16.3500000000,22405894.0000000000,1381795.0000000000,-0.0030600000,0.2240589400,AKShare stock_zh_a_spot / 新浪
301186,超达装备,34.4200000000,34.0700000000,32862728.0000000000,966865.0000000000,0.0102700000,0.3286272800,AKShare stock_zh_a_spot / 新浪
301187,欧圣电气,14.6500000000,14.7900000000,18116488.0000000000,1240684.0000000000,-0.0094700000,0.1811648800,AKShare stock_zh_a_spot / 新浪
301188,力诺药包,39.0000000000,38.5400000000,549003677.0000000000,14227731.0000000000,0.0119400000,5.4900367700,AKShare stock_zh_a_spot / 新浪
301189,奥尼电子,52.9000000000,51.3400000000,195701035.0000000000,3787754.0000000000,0.0303900000,1.9570103500,AKShare stock_zh_a_spot / 新浪
301190,善水科技,19.7400000000,20.8500000000,253511608.0000000000,13009240.0000000000,-0.0532400000,2.5351160800,AKShare stock_zh_a_spot / 新浪
301191,菲菱科思,92.9500000000,90.7000000000,374044325.0000000000,4028669.0000000000,0.0248100000,3.7404432500,AKShare stock_zh_a_spot / 新浪
301192,泰祥股份,19.9400000000,20.0700000000,22439005.0000000000,1133600.0000000000,-0.0064800000,0.2243900500,AKShare stock_zh_a_spot / 新浪
301193,家联科技,18.0600000000,18.1100000000,33598606.0000000000,1865200.0000000000,-0.0027600000,0.3359860600,AKShare stock_zh_a_spot / 新浪
301195,北路智控,26.4000000000,26.4100000000,16169630.0000000000,616824.0000000000,-0.0003800000,0.1616963000,AKShare stock_zh_a_spot / 新浪
301196,唯科科技,87.3700000000,90.3400000000,645040458.0000000000,7323847.0000000000,-0.0328800000,6.4504045800,AKShare stock_zh_a_spot / 新浪
301197,工大科雅,25.3800000000,24.4200000000,127023490.0000000000,4996616.0000000000,0.0393100000,1.2702349000,AKShare stock_zh_a_spot / 新浪
301198,喜悦智行,12.4300000000,12.3300000000,34238597.0000000000,2783200.0000000000,0.0081100000,0.3423859700,AKShare stock_zh_a_spot / 新浪
301199,迈赫股份,17.8100000000,17.8000000000,21835442.0000000000,1235640.0000000000,0.0005600000,0.2183544200,AKShare stock_zh_a_spot / 新浪
301200,大族数控,282.0100000000,286.9300000000,793462710.0000000000,2779769.0000000000,-0.0171500000,7.9346271000,AKShare stock_zh_a_spot / 新浪
301201,诚达药业,35.8000000000,38.7700000000,571285318.0000000000,15623379.0000000000,-0.0766100000,5.7128531800,AKShare stock_zh_a_spot / 新浪
301202,朗威股份,39.7700000000,36.6800000000,212774168.0000000000,5539256.0000000000,0.0842400000,2.1277416800,AKShare stock_zh_a_spot / 新浪
301203,国泰环保,34.1200000000,34.0800000000,19837606.0000000000,586757.0000000000,0.0011700000,0.1983760600,AKShare stock_zh_a_spot / 新浪
301205,联特科技,302.8000000000,299.5000000000,2797866044.0000000000,9173189.0000000000,0.0110200000,27.9786604400,AKShare stock_zh_a_spot / 新浪
301206,三元生物,23.9400000000,24.7800000000,45964188.0000000000,1909350.0000000000,-0.0339000000,0.4596418800,AKShare stock_zh_a_spot / 新浪
301207,华兰疫苗,17.8500000000,20.2500000000,400390293.0000000000,22152730.0000000000,-0.1185200000,4.0039029300,AKShare stock_zh_a_spot / 新浪
301208,中亦科技,29.8500000000,29.5000000000,41506041.0000000000,1406500.0000000000,0.0118600000,0.4150604100,AKShare stock_zh_a_spot / 新浪
301209,联合化学,59.7600000000,59.8200000000,124853056.0000000000,2104454.0000000000,-0.0010000000,1.2485305600,AKShare stock_zh_a_spot / 新浪
301210,金杨精密,24.0600000000,24.2900000000,77303632.0000000000,3213025.0000000000,-0.0094700000,0.7730363200,AKShare stock_zh_a_spot / 新浪
301211,亨迪药业,12.4700000000,13.4800000000,438375033.0000000000,35227436.0000000000,-0.0749300000,4.3837503300,AKShare stock_zh_a_spot / 新浪
301212,联盛化学,24.8700000000,24.0300000000,187291713.0000000000,7652301.0000000000,0.0349600000,1.8729171300,AKShare stock_zh_a_spot / 新浪
301213,观想科技,43.6200000000,43.2500000000,41414192.0000000000,960182.0000000000,0.0085500000,0.4141419200,AKShare stock_zh_a_spot / 新浪
301215,中汽股份,5.2200000000,5.1200000000,58939055.0000000000,11428315.0000000000,0.0195300000,0.5893905500,AKShare stock_zh_a_spot / 新浪
301216,万凯新材,16.5100000000,16.5700000000,177936470.0000000000,10811850.0000000000,-0.0036200000,1.7793647000,AKShare stock_zh_a_spot / 新浪
301217,铜冠铜箔,114.8000000000,113.1900000000,3115052432.0000000000,27359425.0000000000,0.0142200000,31.1505243200,AKShare stock_zh_a_spot / 新浪
301218,华是科技,42.2700000000,40.7000000000,234466218.0000000000,5636636.0000000000,0.0385700000,2.3446621800,AKShare stock_zh_a_spot / 新浪
301219,腾远钴业,46.8100000000,47.4600000000,609325482.0000000000,13228071.0000000000,-0.0137000000,6.0932548200,AKShare stock_zh_a_spot / 新浪
301220,亚香股份,27.6700000000,27.7100000000,21437208.0000000000,779758.0000000000,-0.0014400000,0.2143720800,AKShare stock_zh_a_spot / 新浪
301221,光庭信息,27.2300000000,26.8300000000,44285556.0000000000,1647886.0000000000,0.0149100000,0.4428555600,AKShare stock_zh_a_spot / 新浪
301222,浙江恒威,24.5800000000,24.4600000000,30369700.0000000000,1247420.0000000000,0.0049100000,0.3036970000,AKShare stock_zh_a_spot / 新浪
301223,中荣股份,16.5400000000,16.7800000000,15390812.0000000000,932688.0000000000,-0.0143000000,0.1539081200,AKShare stock_zh_a_spot / 新浪
301225,恒勃股份,58.7000000000,56.9000000000,198304876.0000000000,3408979.0000000000,0.0316300000,1.9830487600,AKShare stock_zh_a_spot / 新浪
301226,祥明智能,28.6500000000,28.8000000000,33068127.0000000000,1154820.0000000000,-0.0052100000,0.3306812700,AKShare stock_zh_a_spot / 新浪
301227,森鹰窗业,30.4000000000,28.8800000000,122875823.0000000000,4148259.0000000000,0.0526300000,1.2287582300,AKShare stock_zh_a_spot / 新浪
301228,实朴检测,58.8200000000,57.4900000000,105304389.0000000000,1821178.0000000000,0.0231300000,1.0530438900,AKShare stock_zh_a_spot / 新浪
301229,纽泰格,12.1100000000,12.0600000000,30894514.0000000000,2570761.0000000000,0.0041500000,0.3089451400,AKShare stock_zh_a_spot / 新浪
301230,泓博医药,35.7200000000,37.5300000000,853706840.0000000000,23862451.0000000000,-0.0482300000,8.5370684000,AKShare stock_zh_a_spot / 新浪
301231,荣信文化,27.0900000000,27.5200000000,102896055.0000000000,3800100.0000000000,-0.0156300000,1.0289605500,AKShare stock_zh_a_spot / 新浪
301232,飞沃科技,103.3600000000,102.1600000000,852573737.0000000000,8286002.0000000000,0.0117500000,8.5257373700,AKShare stock_zh_a_spot / 新浪
301233,盛帮股份,33.0700000000,32.8300000000,22593672.0000000000,686440.0000000000,0.0073100000,0.2259367200,AKShare stock_zh_a_spot / 新浪
301234,五洲医疗,96.1000000000,92.4800000000,262043486.0000000000,2819118.0000000000,0.0391400000,2.6204348600,AKShare stock_zh_a_spot / 新浪
301235,华康洁净,43.3500000000,43.7300000000,289929291.0000000000,6639941.0000000000,-0.0086900000,2.8992929100,AKShare stock_zh_a_spot / 新浪
301236,软通动力,37.1800000000,37.3600000000,464094089.0000000000,12519659.0000000000,-0.0048200000,4.6409408900,AKShare stock_zh_a_spot / 新浪
301237,和顺科技,53.7600000000,53.4800000000,48859351.0000000000,918700.0000000000,0.0052400000,0.4885935100,AKShare stock_zh_a_spot / 新浪
301238,瑞泰新材,15.9000000000,15.9700000000,142143784.0000000000,8953859.0000000000,-0.0043800000,1.4214378400,AKShare stock_zh_a_spot / 新浪
301239,普瑞眼科,35.0000000000,35.1700000000,97173447.0000000000,2768486.0000000000,-0.0048300000,0.9717344700,AKShare stock_zh_a_spot / 新浪
301246,宏源药业,21.1100000000,21.2200000000,163603098.0000000000,7769885.0000000000,-0.0051800000,1.6360309800,AKShare stock_zh_a_spot / 新浪
301248,杰创智能,61.4500000000,61.8900000000,216026355.0000000000,3524418.0000000000,-0.0071100000,2.1602635500,AKShare stock_zh_a_spot / 新浪
301251,威尔高,47.7500000000,48.4200000000,341446686.0000000000,7132831.0000000000,-0.0138400000,3.4144668600,AKShare stock_zh_a_spot / 新浪
301252,同星科技,34.0200000000,32.9100000000,94335107.0000000000,2804561.0000000000,0.0337300000,0.9433510700,AKShare stock_zh_a_spot / 新浪
301255,通力科技,20.3600000000,20.2300000000,18523152.0000000000,915533.0000000000,0.0064300000,0.1852315200,AKShare stock_zh_a_spot / 新浪
301256,华融化学,10.0900000000,10.0400000000,32741859.0000000000,3277893.0000000000,0.0049800000,0.3274185900,AKShare stock_zh_a_spot / 新浪
301257,普蕊斯,48.5200000000,52.2100000000,289991107.0000000000,5856819.0000000000,-0.0706800000,2.8999110700,AKShare stock_zh_a_spot / 新浪
301258,富士莱,26.4900000000,27.0100000000,31715283.0000000000,1211694.0000000000,-0.0192500000,0.3171528300,AKShare stock_zh_a_spot / 新浪
301259,艾布鲁,23.3000000000,23.5400000000,134379550.0000000000,5772871.0000000000,-0.0102000000,1.3437955000,AKShare stock_zh_a_spot / 新浪
301260,格力博,13.4700000000,13.4800000000,20782497.0000000000,1550808.0000000000,-0.0007400000,0.2078249700,AKShare stock_zh_a_spot / 新浪
301261,恒工精密,55.2900000000,54.8500000000,88281176.0000000000,1610478.0000000000,0.0080200000,0.8828117600,AKShare stock_zh_a_spot / 新浪
301262,海看股份,18.5700000000,18.9300000000,70512795.0000000000,3795461.0000000000,-0.0190200000,0.7051279500,AKShare stock_zh_a_spot / 新浪
301263,泰恩康,19.0300000000,19.8300000000,104153898.0000000000,5421060.0000000000,-0.0403400000,1.0415389800,AKShare stock_zh_a_spot / 新浪
301265,华新科技,19.7300000000,19.7000000000,84012101.0000000000,4277962.0000000000,0.0015200000,0.8401210100,AKShare stock_zh_a_spot / 新浪
301266,宇邦新材,23.4500000000,23.3000000000,143038327.0000000000,6157120.0000000000,0.0064400000,1.4303832700,AKShare stock_zh_a_spot / 新浪
301267,华厦眼科,16.0400000000,16.6000000000,79964355.0000000000,4945350.0000000000,-0.0337300000,0.7996435500,AKShare stock_zh_a_spot / 新浪
301268,铭利达,13.2000000000,13.2000000000,28984181.0000000000,2205981.0000000000,0.0000000000,0.2898418100,AKShare stock_zh_a_spot / 新浪
301269,华大九天,95.2000000000,94.6400000000,485021073.0000000000,5079935.0000000000,0.0059200000,4.8502107300,AKShare stock_zh_a_spot / 新浪
301270,汉仪股份,32.1000000000,31.7400000000,67952177.0000000000,2148034.0000000000,0.0113400000,0.6795217700,AKShare stock_zh_a_spot / 新浪
301272,英华特,34.3500000000,34.2800000000,20129055.0000000000,590500.0000000000,0.0020400000,0.2012905500,AKShare stock_zh_a_spot / 新浪
301273,瑞晨环保,40.1300000000,38.4500000000,121312703.0000000000,3106215.0000000000,0.0436900000,1.2131270300,AKShare stock_zh_a_spot / 新浪
301275,汉朔科技,41.4400000000,41.3700000000,123653892.0000000000,2992645.0000000000,0.0016900000,1.2365389200,AKShare stock_zh_a_spot / 新浪
301276,嘉曼服饰,20.2100000000,20.9000000000,47027581.0000000000,2322908.0000000000,-0.0330100000,0.4702758100,AKShare stock_zh_a_spot / 新浪
301277,新天地,10.5900000000,11.1900000000,116424930.0000000000,10901675.0000000000,-0.0536200000,1.1642493000,AKShare stock_zh_a_spot / 新浪
301278,快可电子,27.8300000000,27.4300000000,23663985.0000000000,860823.0000000000,0.0145800000,0.2366398500,AKShare stock_zh_a_spot / 新浪
301279,金道科技,20.3900000000,20.0700000000,26928961.0000000000,1335720.0000000000,0.0159400000,0.2692896100,AKShare stock_zh_a_spot / 新浪
301280,珠城科技,42.1800000000,42.2000000000,74404112.0000000000,1762690.0000000000,-0.0004700000,0.7440411200,AKShare stock_zh_a_spot / 新浪
301281,科源制药,44.0600000000,44.1600000000,99672151.0000000000,2271021.0000000000,-0.0022600000,0.9967215100,AKShare stock_zh_a_spot / 新浪
301282,金禄电子,35.7700000000,36.7100000000,848681449.0000000000,23723756.0000000000,-0.0256100000,8.4868144900,AKShare stock_zh_a_spot / 新浪
301283,聚胶股份,26.0100000000,26.3100000000,27809391.0000000000,1071904.0000000000,-0.0114000000,0.2780939100,AKShare stock_zh_a_spot / 新浪
301285,鸿日达,87.7800000000,87.6800000000,209404645.0000000000,2412414.0000000000,0.0011400000,2.0940464500,AKShare stock_zh_a_spot / 新浪
301286,侨源股份,43.0600000000,43.1400000000,63646366.0000000000,1466390.0000000000,-0.0018500000,0.6364636600,AKShare stock_zh_a_spot / 新浪
301287,康力源,40.6200000000,40.0300000000,35382706.0000000000,888600.0000000000,0.0147400000,0.3538270600,AKShare stock_zh_a_spot / 新浪
301288,清研环境,17.0000000000,17.1800000000,32966689.0000000000,1937900.0000000000,-0.0104800000,0.3296668900,AKShare stock_zh_a_spot / 新浪
301289,国缆检测,43.0700000000,42.9500000000,24922639.0000000000,585238.0000000000,0.0027900000,0.2492263900,AKShare stock_zh_a_spot / 新浪
301290,东星医疗,29.0700000000,29.5000000000,54222227.0000000000,1866650.0000000000,-0.0145800000,0.5422222700,AKShare stock_zh_a_spot / 新浪
301291,明阳电气,38.0400000000,37.3600000000,202842207.0000000000,5362133.0000000000,0.0182000000,2.0284220700,AKShare stock_zh_a_spot / 新浪
301292,海科新源,66.6800000000,65.4900000000,640091526.0000000000,9598409.0000000000,0.0181700000,6.4009152600,AKShare stock_zh_a_spot / 新浪
301293,三博脑科,51.9700000000,53.0500000000,316632868.0000000000,6119272.0000000000,-0.0203600000,3.1663286800,AKShare stock_zh_a_spot / 新浪
301295,美硕科技,38.4700000000,38.2600000000,77641284.0000000000,2031500.0000000000,0.0054900000,0.7764128400,AKShare stock_zh_a_spot / 新浪
301296,新巨丰,6.3600000000,6.4300000000,15664377.0000000000,2467100.0000000000,-0.0108900000,0.1566437700,AKShare stock_zh_a_spot / 新浪
301297,富乐德,34.9600000000,34.6600000000,319559044.0000000000,9165052.0000000000,0.0086600000,3.1955904400,AKShare stock_zh_a_spot / 新浪
301298,东利机械,12.9200000000,12.7600000000,18117933.0000000000,1418998.0000000000,0.0125400000,0.1811793300,AKShare stock_zh_a_spot / 新浪
301299,卓创资讯,43.4100000000,43.9700000000,36388362.0000000000,839683.0000000000,-0.0127400000,0.3638836200,AKShare stock_zh_a_spot / 新浪
301300,远翔新材,32.2300000000,32.2300000000,14263589.0000000000,445900.0000000000,0.0000000000,0.1426358900,AKShare stock_zh_a_spot / 新浪
301301,川宁生物,9.0200000000,9.4500000000,235351341.0000000000,26182631.0000000000,-0.0455000000,2.3535134100,AKShare stock_zh_a_spot / 新浪
301302,华如科技,21.6600000000,21.7300000000,66165227.0000000000,3063864.0000000000,-0.0032200000,0.6616522700,AKShare stock_zh_a_spot / 新浪
301303,真兰仪表,14.0100000000,14.0800000000,43999778.0000000000,3166700.0000000000,-0.0049700000,0.4399977800,AKShare stock_zh_a_spot / 新浪
301305,朗坤科技,24.4000000000,24.3900000000,138397155.0000000000,5731516.0000000000,0.0004100000,1.3839715500,AKShare stock_zh_a_spot / 新浪
301306,西测测试,88.9800000000,87.0000000000,334466499.0000000000,3795782.0000000000,0.0227600000,3.3446649900,AKShare stock_zh_a_spot / 新浪
301307,美利信,52.7100000000,51.9600000000,261271663.0000000000,4988714.0000000000,0.0144300000,2.6127166300,AKShare stock_zh_a_spot / 新浪
301308,江波龙,380.6600000000,379.0100000000,3971121805.0000000000,10466432.0000000000,0.0043500000,39.7112180500,AKShare stock_zh_a_spot / 新浪
301309,万得凯,29.6600000000,29.8800000000,23904724.0000000000,805497.0000000000,-0.0073600000,0.2390472400,AKShare stock_zh_a_spot / 新浪
301310,鑫宏业,52.6200000000,51.3700000000,308170132.0000000000,5952158.0000000000,0.0243300000,3.0817013200,AKShare stock_zh_a_spot / 新浪
301311,昆船智能,13.4800000000,13.2800000000,19061132.0000000000,1430000.0000000000,0.0150600000,0.1906113200,AKShare stock_zh_a_spot / 新浪
301312,智立方,70.0300000000,69.6300000000,280052619.0000000000,3986910.0000000000,0.0057400000,2.8005261900,AKShare stock_zh_a_spot / 新浪
301313,凡拓数创,34.0800000000,33.8200000000,124789825.0000000000,3691791.0000000000,0.0076900000,1.2478982500,AKShare stock_zh_a_spot / 新浪
301314,科瑞思,43.4400000000,42.7100000000,24300539.0000000000,566380.0000000000,0.0170900000,0.2430053900,AKShare stock_zh_a_spot / 新浪
301315,威士顿,40.5900000000,40.2100000000,104938830.0000000000,2609546.0000000000,0.0094500000,1.0493883000,AKShare stock_zh_a_spot / 新浪
301316,慧博云通,39.1800000000,39.1500000000,289996371.0000000000,7440178.0000000000,0.0007700000,2.8999637100,AKShare stock_zh_a_spot / 新浪
301317,鑫磊股份,43.1600000000,42.5600000000,79636959.0000000000,1856805.0000000000,0.0141000000,0.7963695900,AKShare stock_zh_a_spot / 新浪
301318,维海德,20.6500000000,20.6600000000,14957076.0000000000,726400.0000000000,-0.0004800000,0.1495707600,AKShare stock_zh_a_spot / 新浪
301319,唯特偶,110.1500000000,112.6200000000,1216806068.0000000000,10864603.0000000000,-0.0219300000,12.1680606800,AKShare stock_zh_a_spot / 新浪
301320,豪江智能,13.1900000000,13.0700000000,25499355.0000000000,1942088.0000000000,0.0091800000,0.2549935500,AKShare stock_zh_a_spot / 新浪
301321,翰博高新,39.0700000000,37.3200000000,304610728.0000000000,7778307.0000000000,0.0468900000,3.0461072800,AKShare stock_zh_a_spot / 新浪
301322,绿通科技,41.8400000000,40.1000000000,169509830.0000000000,4113373.0000000000,0.0433900000,1.6950983000,AKShare stock_zh_a_spot / 新浪
301323,新莱福,72.9800000000,70.0900000000,131457787.0000000000,1809281.0000000000,0.0412300000,1.3145778700,AKShare stock_zh_a_spot / 新浪
301325,曼恩斯特,30.1400000000,29.7600000000,33802038.0000000000,1127000.0000000000,0.0127700000,0.3380203800,AKShare stock_zh_a_spot / 新浪
301326,捷邦科技,109.7200000000,108.2800000000,224266795.0000000000,2029629.0000000000,0.0133000000,2.2426679500,AKShare stock_zh_a_spot / 新浪
301327,华宝新能,43.7200000000,43.4300000000,30109083.0000000000,690226.0000000000,0.0066800000,0.3010908300,AKShare stock_zh_a_spot / 新浪
301328,维峰电子,59.0000000000,59.4300000000,122523274.0000000000,2079427.0000000000,-0.0072400000,1.2252327400,AKShare stock_zh_a_spot / 新浪
301329,信音电子,19.3200000000,19.4500000000,44301423.0000000000,2301080.0000000000,-0.0066800000,0.4430142300,AKShare stock_zh_a_spot / 新浪
301330,熵基科技,23.9000000000,24.1600000000,33224119.0000000000,1392406.0000000000,-0.0107600000,0.3322411900,AKShare stock_zh_a_spot / 新浪
301331,恩威医药,22.1300000000,22.8100000000,44083301.0000000000,1988778.0000000000,-0.0298100000,0.4408330100,AKShare stock_zh_a_spot / 新浪
301332,德尔玛,7.8100000000,7.8900000000,17620832.0000000000,2263497.0000000000,-0.0101400000,0.1762083200,AKShare stock_zh_a_spot / 新浪
301333,诺思格,58.7500000000,61.1600000000,169238203.0000000000,2850336.0000000000,-0.0394000000,1.6923820300,AKShare stock_zh_a_spot / 新浪
301335,天元宠物,24.5500000000,24.1700000000,120408443.0000000000,5016050.0000000000,0.0157200000,1.2040844300,AKShare stock_zh_a_spot / 新浪
301336,趣睡科技,42.1900000000,42.2800000000,33005310.0000000000,787980.0000000000,-0.0021300000,0.3300531000,AKShare stock_zh_a_spot / 新浪
301337,亚华电子,26.3800000000,26.6800000000,32728475.0000000000,1250042.0000000000,-0.0112400000,0.3272847500,AKShare stock_zh_a_spot / 新浪
301338,凯格精机,101.5100000000,96.6600000000,631836766.0000000000,6342889.0000000000,0.0501800000,6.3183676600,AKShare stock_zh_a_spot / 新浪
301339,通行宝,10.9500000000,10.9300000000,28769263.0000000000,2649293.0000000000,0.0018300000,0.2876926300,AKShare stock_zh_a_spot / 新浪
301345,涛涛车业,250.1700000000,250.1000000000,175511221.0000000000,710104.0000000000,0.0002800000,1.7551122100,AKShare stock_zh_a_spot / 新浪
301348,蓝箭电子,20.8500000000,20.7900000000,137918792.0000000000,6645667.0000000000,0.0028900000,1.3791879200,AKShare stock_zh_a_spot / 新浪
301349,信德新材,44.3900000000,43.9800000000,144428476.0000000000,3291339.0000000000,0.0093200000,1.4442847600,AKShare stock_zh_a_spot / 新浪
301353,普莱得,19.0300000000,19.0900000000,25399280.0000000000,1344219.0000000000,-0.0031400000,0.2539928000,AKShare stock_zh_a_spot / 新浪
301355,南王科技,10.0900000000,10.1000000000,19231546.0000000000,1917924.0000000000,-0.0009900000,0.1923154600,AKShare stock_zh_a_spot / 新浪
301356,天振股份,19.9800000000,19.7000000000,29300970.0000000000,1479048.0000000000,0.0142100000,0.2930097000,AKShare stock_zh_a_spot / 新浪
301357,北方长龙,88.6800000000,89.8200000000,176945886.0000000000,2000458.0000000000,-0.0126900000,1.7694588600,AKShare stock_zh_a_spot / 新浪
301358,湖南裕能,67.2800000000,64.9600000000,2197166889.0000000000,32571135.0000000000,0.0357100000,21.9716688900,AKShare stock_zh_a_spot / 新浪
301359,东南电子,16.7600000000,16.8000000000,23267958.0000000000,1400105.0000000000,-0.0023800000,0.2326795800,AKShare stock_zh_a_spot / 新浪
301360,荣旗科技,57.1400000000,55.7900000000,404758026.0000000000,7118416.0000000000,0.0242000000,4.0475802600,AKShare stock_zh_a_spot / 新浪
301361,众智科技,26.5100000000,26.6200000000,18935794.0000000000,716509.0000000000,-0.0041300000,0.1893579400,AKShare stock_zh_a_spot / 新浪
301362,民爆光电,120.3700000000,119.6700000000,272116087.0000000000,2267022.0000000000,0.0058500000,2.7211608700,AKShare stock_zh_a_spot / 新浪
301363,美好医疗,16.8600000000,17.0000000000,275115638.0000000000,16285434.0000000000,-0.0082400000,2.7511563800,AKShare stock_zh_a_spot / 新浪
301365,矩阵股份,39.1800000000,38.4600000000,115653764.0000000000,2975513.0000000000,0.0187200000,1.1565376400,AKShare stock_zh_a_spot / 新浪
301366,一博科技,56.3800000000,56.7600000000,514529159.0000000000,9080730.0000000000,-0.0066900000,5.1452915900,AKShare stock_zh_a_spot / 新浪
301367,瑞迈特,43.6200000000,44.3500000000,55364221.0000000000,1276463.0000000000,-0.0164600000,0.5536422100,AKShare stock_zh_a_spot / 新浪
301368,丰立智能,39.9400000000,39.6300000000,48666160.0000000000,1232868.0000000000,0.0078200000,0.4866616000,AKShare stock_zh_a_spot / 新浪
301369,联动科技,134.5000000000,134.6000000000,219432630.0000000000,1629768.0000000000,-0.0007400000,2.1943263000,AKShare stock_zh_a_spot / 新浪
301370,国科恒泰,8.8200000000,9.0600000000,35273432.0000000000,4011600.0000000000,-0.0264900000,0.3527343200,AKShare stock_zh_a_spot / 新浪
301371,敷尔佳,22.2900000000,23.5000000000,157865396.0000000000,7008985.0000000000,-0.0514900000,1.5786539600,AKShare stock_zh_a_spot / 新浪
301372,科净源,29.7200000000,30.3300000000,31250993.0000000000,1055800.0000000000,-0.0201100000,0.3125099300,AKShare stock_zh_a_spot / 新浪
301373,凌玮科技,98.3600000000,95.4900000000,559277683.0000000000,5725818.0000000000,0.0300600000,5.5927768300,AKShare stock_zh_a_spot / 新浪
301376,致欧科技,20.3700000000,20.5500000000,31746577.0000000000,1564300.0000000000,-0.0087600000,0.3174657700,AKShare stock_zh_a_spot / 新浪
301377,鼎泰高科,416.5000000000,412.0000000000,1232890213.0000000000,2963793.0000000000,0.0109200000,12.3289021300,AKShare stock_zh_a_spot / 新浪
301378,通达海,24.6000000000,24.7200000000,35792152.0000000000,1462659.0000000000,-0.0048500000,0.3579215200,AKShare stock_zh_a_spot / 新浪
301379,天山电子,22.0400000000,21.7700000000,287407815.0000000000,13140420.0000000000,0.0124000000,2.8740781500,AKShare stock_zh_a_spot / 新浪
301380,挖金客,30.1500000000,30.6000000000,82424245.0000000000,2753186.0000000000,-0.0147100000,0.8242424500,AKShare stock_zh_a_spot / 新浪
301381,赛维时代,22.8100000000,23.3700000000,97932530.0000000000,4276700.0000000000,-0.0239600000,0.9793253000,AKShare stock_zh_a_spot / 新浪
301382,蜂助手,40.9100000000,42.0900000000,410333824.0000000000,9943730.0000000000,-0.0280400000,4.1033382400,AKShare stock_zh_a_spot / 新浪
301383,天键股份,22.4300000000,22.4000000000,27751014.0000000000,1246020.0000000000,0.0013400000,0.2775101400,AKShare stock_zh_a_spot / 新浪
301386,未来电器,20.2300000000,20.4100000000,12817712.0000000000,635249.0000000000,-0.0088200000,0.1281771200,AKShare stock_zh_a_spot / 新浪
301387,光大同创,58.0200000000,56.2000000000,148866839.0000000000,2583962.0000000000,0.0323800000,1.4886683900,AKShare stock_zh_a_spot / 新浪
301388,欣灵电气,23.8100000000,24.0400000000,15839561.0000000000,666289.0000000000,-0.0095700000,0.1583956100,AKShare stock_zh_a_spot / 新浪
301389,隆扬电子,56.1300000000,53.8000000000,720877512.0000000000,13169188.0000000000,0.0433100000,7.2087751200,AKShare stock_zh_a_spot / 新浪
301390,经纬股份,31.3000000000,31.1600000000,15249684.0000000000,493100.0000000000,0.0044900000,0.1524968400,AKShare stock_zh_a_spot / 新浪
301391,卡莱特,47.4800000000,47.1000000000,40581808.0000000000,862250.0000000000,0.0080700000,0.4058180800,AKShare stock_zh_a_spot / 新浪
301392,汇成真空,168.5200000000,160.0900000000,722556762.0000000000,4327300.0000000000,0.0526600000,7.2255676200,AKShare stock_zh_a_spot / 新浪
301393,昊帆生物,65.4300000000,68.9000000000,243694664.0000000000,3686804.0000000000,-0.0503600000,2.4369466400,AKShare stock_zh_a_spot / 新浪
301395,仁信新材,12.2600000000,12.1600000000,33393474.0000000000,2739712.0000000000,0.0082200000,0.3339347400,AKShare stock_zh_a_spot / 新浪
301396,宏景科技,186.0600000000,190.0000000000,2325301310.0000000000,12525535.0000000000,-0.0207400000,23.2530131000,AKShare stock_zh_a_spot / 新浪
301397,溯联股份,25.4100000000,25.4100000000,82410820.0000000000,3278807.0000000000,0.0000000000,0.8241082000,AKShare stock_zh_a_spot / 新浪
301398,星源卓镁,31.4100000000,31.2600000000,26619563.0000000000,853407.0000000000,0.0048000000,0.2661956300,AKShare stock_zh_a_spot / 新浪
301399,英特科技,17.3400000000,17.0600000000,32211712.0000000000,1882891.0000000000,0.0164100000,0.3221171200,AKShare stock_zh_a_spot / 新浪
301408,华人健康,15.4900000000,16.3100000000,214027798.0000000000,13736940.0000000000,-0.0502800000,2.1402779800,AKShare stock_zh_a_spot / 新浪
301413,安培龙,62.0900000000,62.4300000000,184080226.0000000000,2959053.0000000000,-0.0054500000,1.8408022600,AKShare stock_zh_a_spot / 新浪
301418,协昌科技,37.6100000000,37.4700000000,47335438.0000000000,1269200.0000000000,0.0037400000,0.4733543800,AKShare stock_zh_a_spot / 新浪
301419,阿莱德,40.3900000000,40.2000000000,375903046.0000000000,9463704.0000000000,0.0047300000,3.7590304600,AKShare stock_zh_a_spot / 新浪
301421,波长光电,76.8000000000,76.5500000000,289078569.0000000000,3756652.0000000000,0.0032700000,2.8907856900,AKShare stock_zh_a_spot / 新浪
301428,世纪恒通,28.1400000000,28.1800000000,48685124.0000000000,1737440.0000000000,-0.0014200000,0.4868512400,AKShare stock_zh_a_spot / 新浪
301429,森泰股份,17.2900000000,17.3400000000,17770051.0000000000,1033200.0000000000,-0.0028800000,0.1777005100,AKShare stock_zh_a_spot / 新浪
301439,泓淋电力,14.8800000000,14.8700000000,52760037.0000000000,3570484.0000000000,0.0006700000,0.5276003700,AKShare stock_zh_a_spot / 新浪
301446,福事特,36.1600000000,35.5400000000,35769012.0000000000,1010500.0000000000,0.0174500000,0.3576901200,AKShare stock_zh_a_spot / 新浪
301448,开创电气,41.5200000000,41.7900000000,45014934.0000000000,1093410.0000000000,-0.0064600000,0.4501493400,AKShare stock_zh_a_spot / 新浪
301449,天溯计量,41.0000000000,39.8400000000,93738869.0000000000,2348253.0000000000,0.0291200000,0.9373886900,AKShare stock_zh_a_spot / 新浪
301456,盘古智能,23.0200000000,22.9600000000,17246287.0000000000,753700.0000000000,0.0026100000,0.1724628700,AKShare stock_zh_a_spot / 新浪
301458,钧崴电子,37.9000000000,38.1000000000,196437501.0000000000,5179323.0000000000,-0.0052500000,1.9643750100,AKShare stock_zh_a_spot / 新浪
301459,丰茂股份,31.3500000000,31.2300000000,48981052.0000000000,1586243.0000000000,0.0038400000,0.4898105200,AKShare stock_zh_a_spot / 新浪
301468,博盈特焊,33.6800000000,33.1900000000,97951416.0000000000,2936109.0000000000,0.0147600000,0.9795141600,AKShare stock_zh_a_spot / 新浪
301469,恒达新材,28.4200000000,28.5700000000,20795329.0000000000,734700.0000000000,-0.0052500000,0.2079532900,AKShare stock_zh_a_spot / 新浪
301479,弘景光电,48.2800000000,48.7700000000,73911493.0000000000,1535702.0000000000,-0.0100500000,0.7391149300,AKShare stock_zh_a_spot / 新浪
301486,致尚科技,173.1000000000,175.0000000000,1039595258.0000000000,5907834.0000000000,-0.0108600000,10.3959525800,AKShare stock_zh_a_spot / 新浪
301487,盟固利,16.2000000000,15.9700000000,131649771.0000000000,8176863.0000000000,0.0144000000,1.3164977100,AKShare stock_zh_a_spot / 新浪
301488,豪恩汽电,97.3200000000,96.4400000000,87768542.0000000000,906622.0000000000,0.0091200000,0.8776854200,AKShare stock_zh_a_spot / 新浪
301489,思泉新材,105.2500000000,102.0500000000,559478997.0000000000,5321729.0000000000,0.0313600000,5.5947899700,AKShare stock_zh_a_spot / 新浪
301491,汉桑科技,39.2100000000,39.8400000000,21376113.0000000000,545699.0000000000,-0.0158100000,0.2137611300,AKShare stock_zh_a_spot / 新浪
301498,乖宝宠物,38.4100000000,39.3000000000,130324216.0000000000,3389812.0000000000,-0.0226500000,1.3032421600,AKShare stock_zh_a_spot / 新浪
301499,维科精密,24.6400000000,24.6500000000,30179378.0000000000,1236044.0000000000,-0.0004100000,0.3017937800,AKShare stock_zh_a_spot / 新浪
301500,飞南资源,23.1500000000,22.7300000000,259148491.0000000000,11332674.0000000000,0.0184800000,2.5914849100,AKShare stock_zh_a_spot / 新浪
301501,恒鑫生活,28.1000000000,28.9700000000,47219374.0000000000,1676862.0000000000,-0.0300300000,0.4721937400,AKShare stock_zh_a_spot / 新浪
301502,华阳智能,51.7100000000,51.3000000000,34425763.0000000000,675700.0000000000,0.0079900000,0.3442576300,AKShare stock_zh_a_spot / 新浪
301503,智迪科技,22.0700000000,22.3300000000,19757277.0000000000,903500.0000000000,-0.0116400000,0.1975727700,AKShare stock_zh_a_spot / 新浪
301505,苏州规划,16.4700000000,16.5100000000,21790096.0000000000,1335976.0000000000,-0.0024200000,0.2179009600,AKShare stock_zh_a_spot / 新浪
301507,民生健康,12.8800000000,13.2300000000,59677345.0000000000,4614788.0000000000,-0.0264600000,0.5967734500,AKShare stock_zh_a_spot / 新浪
301508,中机认检,23.6900000000,23.8400000000,17166400.0000000000,729238.0000000000,-0.0062900000,0.1716640000,AKShare stock_zh_a_spot / 新浪
301509,金凯生科,30.8200000000,32.6900000000,190796489.0000000000,6206948.0000000000,-0.0572000000,1.9079648900,AKShare stock_zh_a_spot / 新浪
301510,固高科技,26.1600000000,26.4500000000,127154059.0000000000,4868400.0000000000,-0.0109600000,1.2715405900,AKShare stock_zh_a_spot / 新浪
301511,德福科技,90.6400000000,88.4100000000,2467029876.0000000000,27556082.0000000000,0.0252200000,24.6702987600,AKShare stock_zh_a_spot / 新浪
301512,智信精密,31.1600000000,31.0200000000,27440665.0000000000,888960.0000000000,0.0045100000,0.2744066500,AKShare stock_zh_a_spot / 新浪
301513,尚水智能,48.5600000000,47.8100000000,35083617.0000000000,730343.0000000000,0.0156900000,0.3508361700,AKShare stock_zh_a_spot / 新浪
301515,港通医疗,19.5200000000,19.7100000000,27428945.0000000000,1421294.0000000000,-0.0096400000,0.2742894500,AKShare stock_zh_a_spot / 新浪
301516,中远通,24.2200000000,23.5000000000,468404350.0000000000,19176960.0000000000,0.0306400000,4.6840435000,AKShare stock_zh_a_spot / 新浪
301517,陕西华达,38.3800000000,37.9600000000,76315966.0000000000,1995347.0000000000,0.0110600000,0.7631596600,AKShare stock_zh_a_spot / 新浪
301518,长华化学,25.4400000000,25.7100000000,39614613.0000000000,1559397.0000000000,-0.0105000000,0.3961461300,AKShare stock_zh_a_spot / 新浪
301519,舜禹股份,12.0500000000,12.1400000000,31490239.0000000000,2629519.0000000000,-0.0074100000,0.3149023900,AKShare stock_zh_a_spot / 新浪
301520,万邦医药,71.1500000000,74.0000000000,793862468.0000000000,11370430.0000000000,-0.0385100000,7.9386246800,AKShare stock_zh_a_spot / 新浪
301522,上大股份,22.7600000000,22.6100000000,71006800.0000000000,3128000.0000000000,0.0066300000,0.7100680000,AKShare stock_zh_a_spot / 新浪
301525,儒竞科技,39.7400000000,39.6900000000,22234577.0000000000,563545.0000000000,0.0012600000,0.2223457700,AKShare stock_zh_a_spot / 新浪
301526,国际复材,32.4300000000,32.4900000000,4052831746.0000000000,125944987.0000000000,-0.0018500000,40.5283174600,AKShare stock_zh_a_spot / 新浪
301528,多浦乐,56.0600000000,55.5400000000,88910692.0000000000,1612834.0000000000,0.0093600000,0.8891069200,AKShare stock_zh_a_spot / 新浪
301529,福赛科技,107.3100000000,99.1500000000,552169977.0000000000,5282480.0000000000,0.0823000000,5.5216997700,AKShare stock_zh_a_spot / 新浪
301531,春光集团,49.8500000000,50.3500000000,92257344.0000000000,1858263.0000000000,-0.0099300000,0.9225734400,AKShare stock_zh_a_spot / 新浪
301533,威马农机,26.9400000000,26.9800000000,21873039.0000000000,817756.0000000000,-0.0014800000,0.2187303900,AKShare stock_zh_a_spot / 新浪
301535,浙江华远,14.7000000000,14.2500000000,67325224.0000000000,4632733.0000000000,0.0315800000,0.6732522400,AKShare stock_zh_a_spot / 新浪
301536,星宸科技,117.1000000000,117.4000000000,981838227.0000000000,8388474.0000000000,-0.0025600000,9.8183822700,AKShare stock_zh_a_spot / 新浪
301538,骏鼎达,38.0000000000,38.3000000000,81754532.0000000000,2159360.0000000000,-0.0078300000,0.8175453200,AKShare stock_zh_a_spot / 新浪
301539,宏鑫科技,14.6000000000,14.7300000000,13370309.0000000000,919900.0000000000,-0.0088300000,0.1337030900,AKShare stock_zh_a_spot / 新浪
301548,崇德科技,61.9100000000,60.9000000000,74939320.0000000000,1209961.0000000000,0.0165800000,0.7493932000,AKShare stock_zh_a_spot / 新浪
301550,斯菱智驱,88.2200000000,84.0300000000,1109684262.0000000000,12764459.0000000000,0.0498600000,11.0968426200,AKShare stock_zh_a_spot / 新浪
301551,无线传媒,20.0300000000,20.2500000000,87040061.0000000000,4365200.0000000000,-0.0108600000,0.8704006100,AKShare stock_zh_a_spot / 新浪
301552,科力装备,24.3900000000,25.0500000000,30740261.0000000000,1261494.0000000000,-0.0263500000,0.3074026100,AKShare stock_zh_a_spot / 新浪
301555,惠柏新材,31.0000000000,30.6200000000,40247257.0000000000,1306000.0000000000,0.0124100000,0.4024725700,AKShare stock_zh_a_spot / 新浪
301556,托普云农,58.0000000000,59.8000000000,121909016.0000000000,2108559.0000000000,-0.0301000000,1.2190901600,AKShare stock_zh_a_spot / 新浪
301557,常友科技,86.8000000000,86.9600000000,106840050.0000000000,1240548.0000000000,-0.0018400000,1.0684005000,AKShare stock_zh_a_spot / 新浪
301558,三态股份,6.5700000000,6.6100000000,30438118.0000000000,4675759.0000000000,-0.0060500000,0.3043811800,AKShare stock_zh_a_spot / 新浪
301559,中集环科,13.0500000000,13.0900000000,13977013.0000000000,1074288.0000000000,-0.0030600000,0.1397701300,AKShare stock_zh_a_spot / 新浪
301560,众捷汽车,22.6400000000,22.6100000000,25743424.0000000000,1146308.0000000000,0.0013300000,0.2574342400,AKShare stock_zh_a_spot / 新浪
301563,云汉芯城,122.8300000000,122.8200000000,164932698.0000000000,1350203.0000000000,0.0000800000,1.6493269800,AKShare stock_zh_a_spot / 新浪
301565,中仑新材,19.6900000000,19.4900000000,53639288.0000000000,2742960.0000000000,0.0102600000,0.5363928800,AKShare stock_zh_a_spot / 新浪
301566,达利凯普,25.6000000000,25.3500000000,461276687.0000000000,18060411.0000000000,0.0098600000,4.6127668700,AKShare stock_zh_a_spot / 新浪
301567,贝隆精密,35.8000000000,36.0200000000,32434714.0000000000,914462.0000000000,-0.0061100000,0.3243471400,AKShare stock_zh_a_spot / 新浪
301568,思泰克,72.9000000000,69.6500000000,223257614.0000000000,3146023.0000000000,0.0466600000,2.2325761400,AKShare stock_zh_a_spot / 新浪
301571,国科天成,65.5200000000,65.8600000000,171326211.0000000000,2611433.0000000000,-0.0051600000,1.7132621100,AKShare stock_zh_a_spot / 新浪
301575,艾芬达,25.5800000000,26.0800000000,19061530.0000000000,747629.0000000000,-0.0191700000,0.1906153000,AKShare stock_zh_a_spot / 新浪
301577,美信科技,56.6100000000,56.4200000000,105002148.0000000000,1876164.0000000000,0.0033700000,1.0500214800,AKShare stock_zh_a_spot / 新浪
301578,辰奕智能,22.7500000000,22.9200000000,16542670.0000000000,731843.0000000000,-0.0074200000,0.1654267000,AKShare stock_zh_a_spot / 新浪
301580,爱迪特,51.3400000000,50.1900000000,238469684.0000000000,4696691.0000000000,0.0229100000,2.3846968400,AKShare stock_zh_a_spot / 新浪
301581,黄山谷捷,37.2000000000,36.5800000000,24680786.0000000000,667210.0000000000,0.0169500000,0.2468078600,AKShare stock_zh_a_spot / 新浪
301583,托伦斯,130.1100000000,130.8600000000,751932359.0000000000,5695310.0000000000,-0.0057300000,7.5193235900,AKShare stock_zh_a_spot / 新浪
301584,建发致新,22.0500000000,23.3000000000,105240237.0000000000,4736666.0000000000,-0.0536500000,1.0524023700,AKShare stock_zh_a_spot / 新浪
301585,蓝宇股份,26.9000000000,26.5500000000,23563749.0000000000,886902.0000000000,0.0131800000,0.2356374900,AKShare stock_zh_a_spot / 新浪
301586,佳力奇,31.2300000000,31.2500000000,15491548.0000000000,499712.0000000000,-0.0006400000,0.1549154800,AKShare stock_zh_a_spot / 新浪
301587,中瑞股份,21.1700000000,20.9200000000,41975143.0000000000,2003745.0000000000,0.0119500000,0.4197514300,AKShare stock_zh_a_spot / 新浪
301588,美新科技,27.5000000000,27.6100000000,105822898.0000000000,3860479.0000000000,-0.0039800000,1.0582289800,AKShare stock_zh_a_spot / 新浪
301589,诺瓦星云,136.9000000000,136.9000000000,59282720.0000000000,433883.0000000000,0.0000000000,0.5928272000,AKShare stock_zh_a_spot / 新浪
301590,优优绿能,74.4800000000,73.9500000000,28048681.0000000000,379645.0000000000,0.0071700000,0.2804868100,AKShare stock_zh_a_spot / 新浪
301591,肯特股份,37.7800000000,31.4800000000,381200707.0000000000,11130499.0000000000,0.2001300000,3.8120070700,AKShare stock_zh_a_spot / 新浪
301592,六九一二,104.2000000000,105.7100000000,77787687.0000000000,741600.0000000000,-0.0142800000,0.7778768700,AKShare stock_zh_a_spot / 新浪
301595,太力科技,38.6000000000,38.7000000000,27094108.0000000000,704647.0000000000,-0.0025800000,0.2709410800,AKShare stock_zh_a_spot / 新浪
301596,瑞迪智驱,48.2500000000,47.8000000000,75315287.0000000000,1576932.0000000000,0.0094100000,0.7531528700,AKShare stock_zh_a_spot / 新浪
301598,博科测试,47.3700000000,47.8900000000,16227136.0000000000,343103.0000000000,-0.0108600000,0.1622713600,AKShare stock_zh_a_spot / 新浪
301599,理奇智能,34.0800000000,34.6100000000,194267556.0000000000,5636261.0000000000,-0.0153100000,1.9426755600,AKShare stock_zh_a_spot / 新浪
301600,慧翰股份,85.0000000000,83.8000000000,65497225.0000000000,774645.0000000000,0.0143200000,0.6549722500,AKShare stock_zh_a_spot / 新浪
301601,惠通科技,16.1600000000,16.2600000000,16105403.0000000000,1003161.0000000000,-0.0061500000,0.1610540300,AKShare stock_zh_a_spot / 新浪
301602,超研股份,16.6400000000,17.9800000000,194258621.0000000000,11577593.0000000000,-0.0745300000,1.9425862100,AKShare stock_zh_a_spot / 新浪
301603,乔锋智能,120.0100000000,120.7600000000,226272844.0000000000,1878100.0000000000,-0.0062100000,2.2627284400,AKShare stock_zh_a_spot / 新浪
301606,绿联科技,50.5900000000,50.5100000000,89803983.0000000000,1771200.0000000000,0.0015800000,0.8980398300,AKShare stock_zh_a_spot / 新浪
301607,富特科技,44.8600000000,43.5000000000,409923565.0000000000,9355505.0000000000,0.0312600000,4.0992356500,AKShare stock_zh_a_spot / 新浪
301608,博实结,46.7500000000,46.3800000000,48605863.0000000000,1050565.0000000000,0.0079800000,0.4860586300,AKShare stock_zh_a_spot / 新浪
301609,山大电力,32.2800000000,32.6900000000,48318839.0000000000,1498197.0000000000,-0.0125400000,0.4831883900,AKShare stock_zh_a_spot / 新浪
301611,珂玛科技,98.2700000000,99.8000000000,1060395107.0000000000,10777950.0000000000,-0.0153300000,10.6039510700,AKShare stock_zh_a_spot / 新浪
301613,新铝时代,36.9900000000,37.4300000000,31340059.0000000000,846300.0000000000,-0.0117600000,0.3134005900,AKShare stock_zh_a_spot / 新浪
301616,浙江华业,34.4800000000,34.5300000000,11726783.0000000000,340800.0000000000,-0.0014500000,0.1172678300,AKShare stock_zh_a_spot / 新浪
301617,博苑新材,49.5000000000,49.0100000000,104078058.0000000000,2105760.0000000000,0.0100000000,1.0407805800,AKShare stock_zh_a_spot / 新浪
301618,长联科技,33.2000000000,34.3900000000,80752175.0000000000,2459566.0000000000,-0.0346000000,0.8075217500,AKShare stock_zh_a_spot / 新浪
301622,英思特,40.2900000000,40.5300000000,31999858.0000000000,796777.0000000000,-0.0059200000,0.3199985800,AKShare stock_zh_a_spot / 新浪
301626,苏州天脉,255.8900000000,259.5900000000,387349301.0000000000,1515838.0000000000,-0.0142500000,3.8734930100,AKShare stock_zh_a_spot / 新浪
301628,强达电路,90.7000000000,91.0600000000,184042688.0000000000,2051184.0000000000,-0.0039500000,1.8404268800,AKShare stock_zh_a_spot / 新浪
301629,矽电股份,255.0100000000,251.8100000000,214504460.0000000000,843795.0000000000,0.0127100000,2.1450446000,AKShare stock_zh_a_spot / 新浪
301630,同宇新材,166.2200000000,167.2500000000,153673013.0000000000,926974.0000000000,-0.0061600000,1.5367301300,AKShare stock_zh_a_spot / 新浪
301631,壹连科技,66.8300000000,67.0900000000,175997311.0000000000,2634012.0000000000,-0.0038800000,1.7599731100,AKShare stock_zh_a_spot / 新浪
301632,广东建科,13.8700000000,14.1300000000,47458322.0000000000,3415943.0000000000,-0.0184000000,0.4745832200,AKShare stock_zh_a_spot / 新浪
301633,港迪技术,55.0900000000,54.9600000000,35081474.0000000000,643189.0000000000,0.0023700000,0.3508147400,AKShare stock_zh_a_spot / 新浪
301636,泽润新能,40.0200000000,39.1400000000,35383283.0000000000,893872.0000000000,0.0224800000,0.3538328300,AKShare stock_zh_a_spot / 新浪
301638,南网数字,22.2300000000,22.1600000000,111574987.0000000000,5042981.0000000000,0.0031600000,1.1157498700,AKShare stock_zh_a_spot / 新浪
301656,联合动力,16.5800000000,16.7300000000,42434208.0000000000,2563271.0000000000,-0.0089700000,0.4243420800,AKShare stock_zh_a_spot / 新浪
301658,首航新能,23.7000000000,23.6300000000,59503716.0000000000,2515465.0000000000,0.0029600000,0.5950371600,AKShare stock_zh_a_spot / 新浪
301662,宏工科技,67.7800000000,66.9000000000,91833866.0000000000,1367654.0000000000,0.0131500000,0.9183386600,AKShare stock_zh_a_spot / 新浪
301665,泰禾股份,24.0100000000,23.9000000000,83306310.0000000000,3507963.0000000000,0.0046000000,0.8330631000,AKShare stock_zh_a_spot / 新浪
301666,大普微,422.6600000000,418.1300000000,757415474.0000000000,1809630.0000000000,0.0108300000,7.5741547400,AKShare stock_zh_a_spot / 新浪
301667,纳百川,63.2000000000,63.0600000000,107481228.0000000000,1712337.0000000000,0.0022200000,1.0748122800,AKShare stock_zh_a_spot / 新浪
301668,昊创瑞通,33.8500000000,35.6700000000,55874757.0000000000,1638656.0000000000,-0.0510200000,0.5587475700,AKShare stock_zh_a_spot / 新浪
301669,高特电子,27.9700000000,27.9400000000,104112797.0000000000,3734763.0000000000,0.0010700000,1.0411279700,AKShare stock_zh_a_spot / 新浪
301677,欣兴工具,55.0300000000,55.4500000000,124351706.0000000000,2264510.0000000000,-0.0075700000,1.2435170600,AKShare stock_zh_a_spot / 新浪
301678,新恒汇,44.4700000000,44.6800000000,126171217.0000000000,2846937.0000000000,-0.0047000000,1.2617121700,AKShare stock_zh_a_spot / 新浪
301680,固德电材,93.7900000000,93.2700000000,77148032.0000000000,832564.0000000000,0.0055800000,0.7714803200,AKShare stock_zh_a_spot / 新浪
301682,宏明电子,123.4000000000,124.4600000000,155643466.0000000000,1262777.0000000000,-0.0085200000,1.5564346600,AKShare stock_zh_a_spot / 新浪
301683,慧谷新材,98.7800000000,98.7000000000,52505527.0000000000,535756.0000000000,0.0008100000,0.5250552700,AKShare stock_zh_a_spot / 新浪
301687,新广益,49.3300000000,49.6500000000,92104265.0000000000,1863191.0000000000,-0.0064500000,0.9210426500,AKShare stock_zh_a_spot / 新浪
301696,三瑞智能,99.1400000000,98.5300000000,144345224.0000000000,1458394.0000000000,0.0061900000,1.4434522400,AKShare stock_zh_a_spot / 新浪
301707,展芯股份,80.0200000000,79.7200000000,434690025.0000000000,5473263.0000000000,0.0037600000,4.3469002500,AKShare stock_zh_a_spot / 新浪
301717,超纯应材,385.1400000000,389.2900000000,1699065401.0000000000,4341551.0000000000,-0.0106600000,16.9906540100,AKShare stock_zh_a_spot / 新浪
302132,中航成飞,56.8400000000,57.0900000000,254040080.0000000000,4479600.0000000000,-0.0043800000,2.5404008000,AKShare stock_zh_a_spot / 新浪
