stock_code,stock_name,close,prev_close,amount_yuan,volume,return,amount_100m,snapshot_source
920000,安徽凤凰,13.6500000000,14.1600000000,17656721.0000000000,1270350.0000000000,-0.0360200000,0.1765672100,AKShare stock_zh_a_spot / 新浪
920001,纬达光电,11.8100000000,12.1900000000,20340656.0000000000,1713185.0000000000,-0.0311700000,0.2034065600,AKShare stock_zh_a_spot / 新浪
920002,万达轴承,55.0200000000,62.1200000000,164336383.0000000000,2887351.0000000000,-0.1142900000,1.6433638300,AKShare stock_zh_a_spot / 新浪
920003,中诚咨询,16.4300000000,16.9500000000,6290767.0000000000,379098.0000000000,-0.0306800000,0.0629076700,AKShare stock_zh_a_spot / 新浪
920005,鼎佳精密,23.5000000000,25.0000000000,17848120.0000000000,739757.0000000000,-0.0600000000,0.1784812000,AKShare stock_zh_a_spot / 新浪
920006,晟楠科技,16.1400000000,16.6400000000,36054272.0000000000,2149757.0000000000,-0.0300500000,0.3605427200,AKShare stock_zh_a_spot / 新浪
920007,酉立智能,36.3300000000,37.3700000000,6574155.0000000000,179650.0000000000,-0.0278300000,0.0657415500,AKShare stock_zh_a_spot / 新浪
920008,成电光信,19.2400000000,20.1300000000,14181872.0000000000,726144.0000000000,-0.0442100000,0.1418187200,AKShare stock_zh_a_spot / 新浪
920009,丹娜生物,35.2200000000,36.7100000000,9234495.0000000000,258160.0000000000,-0.0405900000,0.0923449500,AKShare stock_zh_a_spot / 新浪
920010,凯添燃气,8.4900000000,8.6300000000,69844468.0000000000,8064055.0000000000,-0.0162200000,0.6984446800,AKShare stock_zh_a_spot / 新浪
920011,晨光电机,19.2000000000,20.3900000000,28568080.0000000000,1474006.0000000000,-0.0583600000,0.2856808000,AKShare stock_zh_a_spot / 新浪
920012,创达新材,58.5000000000,56.7900000000,172535120.0000000000,2982993.0000000000,0.0301100000,1.7253512000,AKShare stock_zh_a_spot / 新浪
920014,特瑞斯,8.7000000000,8.9400000000,17901105.0000000000,2026831.0000000000,-0.0268500000,0.1790110500,AKShare stock_zh_a_spot / 新浪
920015,锦华新材,39.7100000000,42.6200000000,91357273.0000000000,2250527.0000000000,-0.0682800000,0.9135727300,AKShare stock_zh_a_spot / 新浪
920016,中草香料,12.7500000000,13.2100000000,10441811.0000000000,808245.0000000000,-0.0348200000,0.1044181100,AKShare stock_zh_a_spot / 新浪
920017,星昊医药,16.7500000000,17.3600000000,49565807.0000000000,2899213.0000000000,-0.0351400000,0.4956580700,AKShare stock_zh_a_spot / 新浪
920018,宏远股份,14.8100000000,15.5600000000,24695490.0000000000,1642062.0000000000,-0.0482000000,0.2469549000,AKShare stock_zh_a_spot / 新浪
920019,铜冠矿建,14.4600000000,14.9800000000,26933537.0000000000,1844003.0000000000,-0.0347100000,0.2693353700,AKShare stock_zh_a_spot / 新浪
920020,泰凯英,15.1900000000,15.5900000000,4827412.0000000000,315845.0000000000,-0.0256600000,0.0482741200,AKShare stock_zh_a_spot / 新浪
920021,流金科技,6.5100000000,6.8700000000,75172926.0000000000,11361161.0000000000,-0.0524000000,0.7517292600,AKShare stock_zh_a_spot / 新浪
920022,世昌股份,19.1800000000,19.7600000000,2867384.0000000000,148760.0000000000,-0.0293500000,0.0286738400,AKShare stock_zh_a_spot / 新浪
920026,卓兆点胶,18.8100000000,19.1400000000,40758346.0000000000,2152978.0000000000,-0.0172400000,0.4075834600,AKShare stock_zh_a_spot / 新浪
920027,交大铁发,11.5000000000,11.7100000000,11164935.0000000000,966316.0000000000,-0.0179300000,0.1116493500,AKShare stock_zh_a_spot / 新浪
920028,新恒泰,14.1200000000,13.9500000000,31917579.0000000000,2240710.0000000000,0.0121900000,0.3191757900,AKShare stock_zh_a_spot / 新浪
920029,开发科技,34.7600000000,35.8400000000,33935636.0000000000,966340.0000000000,-0.0301300000,0.3393563600,AKShare stock_zh_a_spot / 新浪
920030,德众汽车,4.3700000000,4.5300000000,5859293.0000000000,1319670.0000000000,-0.0353200000,0.0585929300,AKShare stock_zh_a_spot / 新浪
920033,康普化学,14.0300000000,14.5600000000,8660681.0000000000,611896.0000000000,-0.0364000000,0.0866068100,AKShare stock_zh_a_spot / 新浪
920035,精创电气,23.4500000000,25.1700000000,23504864.0000000000,981315.0000000000,-0.0683400000,0.2350486400,AKShare stock_zh_a_spot / 新浪
920036,觅睿科技,28.7100000000,30.6800000000,17522703.0000000000,595211.0000000000,-0.0642100000,0.1752270300,AKShare stock_zh_a_spot / 新浪
920037,广信科技,39.7500000000,41.5100000000,34164815.0000000000,850505.0000000000,-0.0424000000,0.3416481500,AKShare stock_zh_a_spot / 新浪
920038,森合高科,35.2000000000,38.0700000000,135351796.0000000000,3727976.0000000000,-0.0753900000,1.3535179600,AKShare stock_zh_a_spot / 新浪
920039,国义招标,8.8800000000,9.1200000000,18296029.0000000000,2058573.0000000000,-0.0263200000,0.1829602900,AKShare stock_zh_a_spot / 新浪
920045,蘅东光,344.0000000000,377.4000000000,505779247.0000000000,1451457.0000000000,-0.0885000000,5.0577924700,AKShare stock_zh_a_spot / 新浪
920046,亿能电力,20.0200000000,21.5300000000,88542921.0000000000,4315834.0000000000,-0.0701300000,0.8854292100,AKShare stock_zh_a_spot / 新浪
920047,诺思兰德,16.9400000000,17.7900000000,72295856.0000000000,4199868.0000000000,-0.0477800000,0.7229585600,AKShare stock_zh_a_spot / 新浪
920050,爱伦医疗,28.9300000000,29.7700000000,9548603.0000000000,326143.0000000000,-0.0282200000,0.0954860300,AKShare stock_zh_a_spot / 新浪
920055,隆源股份,26.3700000000,27.3600000000,10349830.0000000000,389273.0000000000,-0.0361800000,0.1034983000,AKShare stock_zh_a_spot / 新浪
920056,能之光,16.1000000000,16.7100000000,6514135.0000000000,398712.0000000000,-0.0365100000,0.0651413500,AKShare stock_zh_a_spot / 新浪
920057,百甲科技,4.8700000000,5.0200000000,4807336.0000000000,975039.0000000000,-0.0298800000,0.0480733600,AKShare stock_zh_a_spot / 新浪
920058,华洋赛车,28.8000000000,28.9800000000,41035855.0000000000,1426795.0000000000,-0.0062100000,0.4103585500,AKShare stock_zh_a_spot / 新浪
920060,万源通,21.4600000000,23.0300000000,47209049.0000000000,2140861.0000000000,-0.0681700000,0.4720904900,AKShare stock_zh_a_spot / 新浪
920061,西磁科技,17.2300000000,18.2700000000,16653082.0000000000,948930.0000000000,-0.0569200000,0.1665308200,AKShare stock_zh_a_spot / 新浪
920062,科润智控,7.3200000000,7.7100000000,15576483.0000000000,2097870.0000000000,-0.0505800000,0.1557648300,AKShare stock_zh_a_spot / 新浪
920065,千岸科技,33.4500000000,35.6200000000,73496050.0000000000,2164245.0000000000,-0.0609200000,0.7349605000,AKShare stock_zh_a_spot / 新浪
920066,科拜尔,16.5600000000,17.1600000000,6204861.0000000000,370548.0000000000,-0.0349700000,0.0620486100,AKShare stock_zh_a_spot / 新浪
920068,天工股份,15.0600000000,15.2900000000,16220809.0000000000,1074923.0000000000,-0.0150400000,0.1622080900,AKShare stock_zh_a_spot / 新浪
920069,普昂医疗,32.9500000000,34.2900000000,13941973.0000000000,416639.0000000000,-0.0390800000,0.1394197300,AKShare stock_zh_a_spot / 新浪
920072,科莱瑞迪,25.4000000000,27.0500000000,44466977.0000000000,1718527.0000000000,-0.0610000000,0.4446697700,AKShare stock_zh_a_spot / 新浪
920075,柏星龙,15.1300000000,15.8600000000,12696165.0000000000,828211.0000000000,-0.0460300000,0.1269616500,AKShare stock_zh_a_spot / 新浪
920076,国亮新材,12.6700000000,13.1000000000,7030371.0000000000,549255.0000000000,-0.0328200000,0.0703037100,AKShare stock_zh_a_spot / 新浪
920077,吉林碳谷,14.0100000000,14.6300000000,46541670.0000000000,3278061.0000000000,-0.0423800000,0.4654167000,AKShare stock_zh_a_spot / 新浪
920078,族兴新材,18.0000000000,19.3000000000,37240492.0000000000,2022798.0000000000,-0.0673600000,0.3724049200,AKShare stock_zh_a_spot / 新浪
920079,乔路铭,13.9100000000,14.0800000000,77926639.0000000000,5547463.0000000000,-0.0120700000,0.7792663900,AKShare stock_zh_a_spot / 新浪
920080,奥美森,21.4200000000,21.7600000000,10116538.0000000000,468753.0000000000,-0.0156300000,0.1011653800,AKShare stock_zh_a_spot / 新浪
920081,欧伦电气,40.9000000000,41.8100000000,62943495.0000000000,1533072.0000000000,-0.0217700000,0.6294349500,AKShare stock_zh_a_spot / 新浪
920082,方正阀门,8.0800000000,8.3800000000,7578290.0000000000,927128.0000000000,-0.0358000000,0.0757829000,AKShare stock_zh_a_spot / 新浪
920083,金戈新材,42.0200000000,38.9500000000,434976396.0000000000,10365487.0000000000,0.0788200000,4.3497639600,AKShare stock_zh_a_spot / 新浪
920086,科马材料,20.5000000000,21.2200000000,11129403.0000000000,537095.0000000000,-0.0339300000,0.1112940300,AKShare stock_zh_a_spot / 新浪
920087,秋乐种业,16.2000000000,15.6100000000,601261581.0000000000,36582392.0000000000,0.0378000000,6.0126158100,AKShare stock_zh_a_spot / 新浪
920088,科力股份,47.0700000000,45.9600000000,384835117.0000000000,8000723.0000000000,0.0241500000,3.8483511700,AKShare stock_zh_a_spot / 新浪
920089,禾昌聚合,10.0000000000,10.3100000000,13373526.0000000000,1325988.0000000000,-0.0300700000,0.1337352600,AKShare stock_zh_a_spot / 新浪
920091,大鹏工业,29.3700000000,31.8700000000,36527106.0000000000,1210439.0000000000,-0.0784400000,0.3652710600,AKShare stock_zh_a_spot / 新浪
920092,汉鑫科技,28.1000000000,28.6600000000,64652625.0000000000,2302157.0000000000,-0.0195400000,0.6465262500,AKShare stock_zh_a_spot / 新浪
920096,嘉晨智能,35.3400000000,39.5400000000,79448403.0000000000,2169838.0000000000,-0.1062200000,0.7944840300,AKShare stock_zh_a_spot / 新浪
920098,科隆新材,17.0700000000,17.6800000000,12289084.0000000000,709848.0000000000,-0.0345000000,0.1228908400,AKShare stock_zh_a_spot / 新浪
920099,瑞华技术,17.8200000000,18.1600000000,17019718.0000000000,958036.0000000000,-0.0187200000,0.1701971800,AKShare stock_zh_a_spot / 新浪
920100,三协电机,32.3800000000,37.2400000000,108686472.0000000000,3231565.0000000000,-0.1305000000,1.0868647200,AKShare stock_zh_a_spot / 新浪
920101,志高机械,16.5400000000,17.4100000000,8366345.0000000000,497626.0000000000,-0.0499700000,0.0836634500,AKShare stock_zh_a_spot / 新浪
920106,林泰新材,36.0700000000,37.8300000000,20552929.0000000000,559945.0000000000,-0.0465200000,0.2055292900,AKShare stock_zh_a_spot / 新浪
920107,恒兴股份,22.1400000000,24.0700000000,149510203.0000000000,6618012.0000000000,-0.0801800000,1.4951020300,AKShare stock_zh_a_spot / 新浪
920108,宏海科技,9.1200000000,9.3600000000,4104391.0000000000,448344.0000000000,-0.0256400000,0.0410439100,AKShare stock_zh_a_spot / 新浪
920110,雷特科技,25.7800000000,26.5500000000,1939823.0000000000,74663.0000000000,-0.0290000000,0.0193982300,AKShare stock_zh_a_spot / 新浪
920111,聚星科技,31.1700000000,31.1500000000,126185939.0000000000,4037700.0000000000,0.0006400000,1.2618593900,AKShare stock_zh_a_spot / 新浪
920112,巴兰仕,15.6700000000,16.5400000000,6100629.0000000000,383184.0000000000,-0.0526000000,0.0610062900,AKShare stock_zh_a_spot / 新浪
920116,星图测控,47.6900000000,50.9000000000,251561912.0000000000,4934006.0000000000,-0.0630600000,2.5156191200,AKShare stock_zh_a_spot / 新浪
920117,龙鑫智能,31.3700000000,32.4700000000,148384227.0000000000,4763941.0000000000,-0.0338800000,1.4838422700,AKShare stock_zh_a_spot / 新浪
920118,太湖远大,19.9900000000,20.6900000000,13821800.0000000000,687702.0000000000,-0.0338300000,0.1382180000,AKShare stock_zh_a_spot / 新浪
920119,美德乐,48.0000000000,49.2200000000,13756644.0000000000,283859.0000000000,-0.0247900000,0.1375664400,AKShare stock_zh_a_spot / 新浪
920121,江天科技,28.0500000000,28.4000000000,6048017.0000000000,214968.0000000000,-0.0123200000,0.0604801700,AKShare stock_zh_a_spot / 新浪
920122,中纺标,23.8300000000,23.2400000000,57230065.0000000000,2394337.0000000000,0.0253900000,0.5723006500,AKShare stock_zh_a_spot / 新浪
920123,芭薇股份,10.3200000000,10.7800000000,11762502.0000000000,1126388.0000000000,-0.0426700000,0.1176250200,AKShare stock_zh_a_spot / 新浪
920124,南特科技,12.6200000000,13.2800000000,21527407.0000000000,1682780.0000000000,-0.0497000000,0.2152740700,AKShare stock_zh_a_spot / 新浪
920125,鸿仕达,118.7400000000,134.8900000000,294681475.0000000000,2370585.0000000000,-0.1197300000,2.9468147500,AKShare stock_zh_a_spot / 新浪
920126,永大股份,10.2200000000,10.6000000000,28256641.0000000000,2730061.0000000000,-0.0358500000,0.2825664100,AKShare stock_zh_a_spot / 新浪
920128,胜业电气,17.6800000000,18.5200000000,16845265.0000000000,943751.0000000000,-0.0453600000,0.1684526500,AKShare stock_zh_a_spot / 新浪
920130,立方控股,18.0400000000,17.9000000000,66344465.0000000000,3696688.0000000000,0.0078200000,0.6634446500,AKShare stock_zh_a_spot / 新浪
920132,泰鹏智能,8.5900000000,8.8500000000,5058873.0000000000,580127.0000000000,-0.0293800000,0.0505887300,AKShare stock_zh_a_spot / 新浪
920136,永励精密,20.2500000000,21.3500000000,45319121.0000000000,2196832.0000000000,-0.0515200000,0.4531912100,AKShare stock_zh_a_spot / 新浪
920138,杰理科技,40.0300000000,44.8900000000,326951299.0000000000,7805413.0000000000,-0.1082600000,3.2695129900,AKShare stock_zh_a_spot / 新浪
920139,华岭股份,14.8400000000,15.5900000000,61183727.0000000000,4054592.0000000000,-0.0481100000,0.6118372700,AKShare stock_zh_a_spot / 新浪
920145,恒合股份,9.9100000000,10.3900000000,4827433.0000000000,478686.0000000000,-0.0462000000,0.0482743300,AKShare stock_zh_a_spot / 新浪
920146,华阳变速,5.0000000000,5.2200000000,7203295.0000000000,1427706.0000000000,-0.0421500000,0.0720329500,AKShare stock_zh_a_spot / 新浪
920149,旭杰科技,7.7300000000,8.0900000000,6182244.0000000000,790932.0000000000,-0.0445000000,0.0618224400,AKShare stock_zh_a_spot / 新浪
920152,昆工科技,13.1800000000,13.8000000000,15298770.0000000000,1139310.0000000000,-0.0449300000,0.1529877000,AKShare stock_zh_a_spot / 新浪
920156,海昌智能,39.1400000000,40.9600000000,49150332.0000000000,1241334.0000000000,-0.0444300000,0.4915033200,AKShare stock_zh_a_spot / 新浪
920158,长江能科,7.9500000000,8.2500000000,12920662.0000000000,1604831.0000000000,-0.0363600000,0.1292066200,AKShare stock_zh_a_spot / 新浪
920159,农大科技,30.5800000000,32.2400000000,68272588.0000000000,2241152.0000000000,-0.0514900000,0.6827258800,AKShare stock_zh_a_spot / 新浪
920160,北矿检测,19.9000000000,20.3400000000,9464720.0000000000,473225.0000000000,-0.0216300000,0.0946472000,AKShare stock_zh_a_spot / 新浪
920161,龙辰科技,28.0500000000,27.1200000000,242365527.0000000000,8683014.0000000000,0.0342900000,2.4236552700,AKShare stock_zh_a_spot / 新浪
920163,方大新材,11.1800000000,11.1500000000,9222262.0000000000,836057.0000000000,0.0026900000,0.0922226200,AKShare stock_zh_a_spot / 新浪
920165,珈凯生物,36.4800000000,39.2500000000,68260803.0000000000,1844445.0000000000,-0.0705700000,0.6826080300,AKShare stock_zh_a_spot / 新浪
920166,海圣医疗,21.0100000000,21.7900000000,13772478.0000000000,634817.0000000000,-0.0358000000,0.1377247800,AKShare stock_zh_a_spot / 新浪
920167,同享科技,14.6400000000,15.1000000000,16569621.0000000000,1129004.0000000000,-0.0304600000,0.1656962100,AKShare stock_zh_a_spot / 新浪
920168,通宝光电,15.3100000000,16.0000000000,6109830.0000000000,393345.0000000000,-0.0431300000,0.0610983000,AKShare stock_zh_a_spot / 新浪
920169,七丰精工,22.1700000000,18.9000000000,223049178.0000000000,10350124.0000000000,0.1730200000,2.2304917800,AKShare stock_zh_a_spot / 新浪
920171,志晟信息,16.2600000000,17.1500000000,22692100.0000000000,1372571.0000000000,-0.0519000000,0.2269210000,AKShare stock_zh_a_spot / 新浪
920174,五新智能,28.8100000000,29.5500000000,42754736.0000000000,1470965.0000000000,-0.0250400000,0.4275473600,AKShare stock_zh_a_spot / 新浪
920175,东方碳素,7.7700000000,8.1800000000,11795168.0000000000,1497329.0000000000,-0.0501200000,0.1179516800,AKShare stock_zh_a_spot / 新浪
920176,维琪科技,55.3500000000,62.8500000000,128513124.0000000000,2241909.0000000000,-0.1193300000,1.2851312400,AKShare stock_zh_a_spot / 新浪
920177,恒道科技,25.3900000000,25.5700000000,22336831.0000000000,868545.0000000000,-0.0070400000,0.2233683100,AKShare stock_zh_a_spot / 新浪
920178,锐翔智能,92.9800000000,101.5800000000,121284103.0000000000,1268038.0000000000,-0.0846600000,1.2128410300,AKShare stock_zh_a_spot / 新浪
920179,凯德石英,53.6400000000,58.5000000000,216106974.0000000000,3926684.0000000000,-0.0830800000,2.1610697400,AKShare stock_zh_a_spot / 新浪
920180,爱得科技,11.9700000000,12.4800000000,5376654.0000000000,441241.0000000000,-0.0408700000,0.0537665400,AKShare stock_zh_a_spot / 新浪
920181,赛英电子,75.3000000000,76.9100000000,68707922.0000000000,911494.0000000000,-0.0209300000,0.6870792200,AKShare stock_zh_a_spot / 新浪
920183,海菲曼,28.2500000000,29.4900000000,8768305.0000000000,304899.0000000000,-0.0420500000,0.0876830500,AKShare stock_zh_a_spot / 新浪
920184,国源科技,10.9700000000,11.4900000000,17361493.0000000000,1557702.0000000000,-0.0452600000,0.1736149300,AKShare stock_zh_a_spot / 新浪
920185,贝特瑞,20.2200000000,21.0000000000,78340966.0000000000,3826581.0000000000,-0.0371400000,0.7834096600,AKShare stock_zh_a_spot / 新浪
920186,中科仪,70.5400000000,76.7200000000,370527323.0000000000,5109479.0000000000,-0.0805500000,3.7052732300,AKShare stock_zh_a_spot / 新浪
920187,通领科技,18.7700000000,19.4200000000,16467343.0000000000,868032.0000000000,-0.0334700000,0.1646734300,AKShare stock_zh_a_spot / 新浪
920188,悦龙科技,21.4800000000,22.1600000000,12638170.0000000000,584089.0000000000,-0.0306900000,0.1263817000,AKShare stock_zh_a_spot / 新浪
920189,康美特,20.3700000000,22.2000000000,128982897.0000000000,6225383.0000000000,-0.0824300000,1.2898289700,AKShare stock_zh_a_spot / 新浪
920190,雷神科技,24.1400000000,26.1600000000,129683112.0000000000,5270837.0000000000,-0.0772200000,1.2968311200,AKShare stock_zh_a_spot / 新浪
920191,瑞尔竞达,8.7800000000,9.1200000000,11359257.0000000000,1279449.0000000000,-0.0372800000,0.1135925700,AKShare stock_zh_a_spot / 新浪
920193,吉和昌,33.7800000000,34.3500000000,214169322.0000000000,6266130.0000000000,-0.0165900000,2.1416932200,AKShare stock_zh_a_spot / 新浪
920195,三祥科技,12.0200000000,12.7300000000,10223565.0000000000,829513.0000000000,-0.0557700000,0.1022356500,AKShare stock_zh_a_spot / 新浪
920198,微创光电,7.3600000000,7.8400000000,23297753.0000000000,3102531.0000000000,-0.0612200000,0.2329775300,AKShare stock_zh_a_spot / 新浪
920199,倍益康,25.8200000000,27.1200000000,43336183.0000000000,1651301.0000000000,-0.0479400000,0.4333618300,AKShare stock_zh_a_spot / 新浪
920200,振宏股份,27.6700000000,30.1200000000,61132586.0000000000,2147992.0000000000,-0.0813400000,0.6113258600,AKShare stock_zh_a_spot / 新浪
920204,沪江材料,12.8000000000,13.1500000000,7770806.0000000000,607173.0000000000,-0.0266200000,0.0777080600,AKShare stock_zh_a_spot / 新浪
920206,彩客科技,39.5800000000,35.5700000000,172793829.0000000000,4316491.0000000000,0.1127400000,1.7279382900,AKShare stock_zh_a_spot / 新浪
920207,众诚科技,21.5900000000,23.5900000000,66339928.0000000000,2995197.0000000000,-0.0847800000,0.6633992800,AKShare stock_zh_a_spot / 新浪
920208,青矩技术,12.1600000000,12.4600000000,15647304.0000000000,1283792.0000000000,-0.0240800000,0.1564730400,AKShare stock_zh_a_spot / 新浪
920211,新睿电子,113.0800000000,129.7500000000,161811515.0000000000,1411827.0000000000,-0.1284800000,1.6181151500,AKShare stock_zh_a_spot / 新浪
920212,智新电子,9.5200000000,9.7300000000,7169629.0000000000,752932.0000000000,-0.0215800000,0.0716962900,AKShare stock_zh_a_spot / 新浪
920218,新天力,17.1800000000,18.3100000000,33490400.0000000000,1908868.0000000000,-0.0617100000,0.3349040000,AKShare stock_zh_a_spot / 新浪
920220,朗信电气,40.7500000000,45.0000000000,72207304.0000000000,1729254.0000000000,-0.0944400000,0.7220730400,AKShare stock_zh_a_spot / 新浪
920221,易实精密,12.8000000000,13.3500000000,18820463.0000000000,1458737.0000000000,-0.0412000000,0.1882046300,AKShare stock_zh_a_spot / 新浪
920222,益坤电气,25.3000000000,27.7500000000,64443756.0000000000,2455142.0000000000,-0.0882900000,0.6444375600,AKShare stock_zh_a_spot / 新浪
920223,荣亿精密,10.6500000000,11.3500000000,16183587.0000000000,1489709.0000000000,-0.0616700000,0.1618358700,AKShare stock_zh_a_spot / 新浪
920225,利通科技,14.9400000000,15.6800000000,33883853.0000000000,2250754.0000000000,-0.0471900000,0.3388385300,AKShare stock_zh_a_spot / 新浪
920227,美登科技,47.8600000000,50.3800000000,18507621.0000000000,381995.0000000000,-0.0500200000,0.1850762100,AKShare stock_zh_a_spot / 新浪
920230,欧康医药,10.6500000000,10.9200000000,24418822.0000000000,2240135.0000000000,-0.0247300000,0.2441882200,AKShare stock_zh_a_spot / 新浪
920237,力佳科技,11.9800000000,12.5800000000,8014259.0000000000,658736.0000000000,-0.0476900000,0.0801425900,AKShare stock_zh_a_spot / 新浪
920238,长鹰硬科,62.2800000000,64.5700000000,137696184.0000000000,2192403.0000000000,-0.0354700000,1.3769618400,AKShare stock_zh_a_spot / 新浪
920239,长虹能源,21.1000000000,22.1700000000,18781413.0000000000,872729.0000000000,-0.0482600000,0.1878141300,AKShare stock_zh_a_spot / 新浪
920242,建邦科技,14.0000000000,14.1800000000,9591877.0000000000,680045.0000000000,-0.0126900000,0.0959187700,AKShare stock_zh_a_spot / 新浪
920245,威博液压,13.0200000000,13.3300000000,10291866.0000000000,776727.0000000000,-0.0232600000,0.1029186600,AKShare stock_zh_a_spot / 新浪
920247,华密新材,14.4100000000,15.2600000000,36529457.0000000000,2491361.0000000000,-0.0557000000,0.3652945700,AKShare stock_zh_a_spot / 新浪
920249,利尔达,10.1400000000,9.9000000000,95012895.0000000000,9680107.0000000000,0.0242400000,0.9501289500,AKShare stock_zh_a_spot / 新浪
920252,天宏锂电,15.5500000000,16.1600000000,22901911.0000000000,1454423.0000000000,-0.0377500000,0.2290191100,AKShare stock_zh_a_spot / 新浪
920258,聚仁新材,12.5000000000,12.3100000000,90800530.0000000000,7235212.0000000000,0.0154300000,0.9080053000,AKShare stock_zh_a_spot / 新浪
920260,中寰股份,8.0300000000,8.1600000000,4689905.0000000000,589343.0000000000,-0.0159300000,0.0468990500,AKShare stock_zh_a_spot / 新浪
920261,一诺威,13.8100000000,13.7500000000,29267069.0000000000,2119926.0000000000,0.0043600000,0.2926706900,AKShare stock_zh_a_spot / 新浪
920262,太湖雪,13.6300000000,14.4000000000,9511291.0000000000,686186.0000000000,-0.0534700000,0.0951129100,AKShare stock_zh_a_spot / 新浪
920263,中航泰达,6.8200000000,7.1900000000,4414632.0000000000,635808.0000000000,-0.0514600000,0.0441463200,AKShare stock_zh_a_spot / 新浪
920266,生物谷,7.8300000000,7.7900000000,64191359.0000000000,7987810.0000000000,0.0051300000,0.6419135900,AKShare stock_zh_a_spot / 新浪
920267,鑫汇科,16.2500000000,17.2500000000,19498902.0000000000,1179679.0000000000,-0.0579700000,0.1949890200,AKShare stock_zh_a_spot / 新浪
920270,天铭科技,12.2100000000,12.4800000000,22676363.0000000000,1849455.0000000000,-0.0216300000,0.2267636300,AKShare stock_zh_a_spot / 新浪
920271,邦德股份,9.2200000000,9.6000000000,7644348.0000000000,819799.0000000000,-0.0395800000,0.0764434800,AKShare stock_zh_a_spot / 新浪
920273,一致魔芋,18.0900000000,19.1500000000,77334455.0000000000,4093621.0000000000,-0.0553500000,0.7733445500,AKShare stock_zh_a_spot / 新浪
920274,宏裕包材,15.2600000000,15.8300000000,21836722.0000000000,1403694.0000000000,-0.0360100000,0.2183672200,AKShare stock_zh_a_spot / 新浪
920275,驱动力,6.7100000000,6.9200000000,7982371.0000000000,1174669.0000000000,-0.0303500000,0.0798237100,AKShare stock_zh_a_spot / 新浪
920278,鹿得医疗,6.3400000000,6.6300000000,13252483.0000000000,2068786.0000000000,-0.0437400000,0.1325248300,AKShare stock_zh_a_spot / 新浪
920284,灵鸽科技,17.0800000000,18.3000000000,38239008.0000000000,2196012.0000000000,-0.0666700000,0.3823900800,AKShare stock_zh_a_spot / 新浪
920299,灿能电力,14.7700000000,15.5300000000,21887448.0000000000,1457014.0000000000,-0.0489400000,0.2188744800,AKShare stock_zh_a_spot / 新浪
920300,辰光医疗,9.4500000000,9.8000000000,10806507.0000000000,1134955.0000000000,-0.0357100000,0.1080650700,AKShare stock_zh_a_spot / 新浪
920304,迪尔化工,9.4800000000,9.0400000000,49728240.0000000000,5269424.0000000000,0.0486700000,0.4972824000,AKShare stock_zh_a_spot / 新浪
920339,恒太照明,11.0600000000,11.3000000000,11407274.0000000000,1038581.0000000000,-0.0212400000,0.1140727400,AKShare stock_zh_a_spot / 新浪
920344,三元基因,19.0500000000,20.1900000000,30014380.0000000000,1527978.0000000000,-0.0564600000,0.3001438000,AKShare stock_zh_a_spot / 新浪
920346,威贸电子,14.6000000000,15.4100000000,7055174.0000000000,472896.0000000000,-0.0525600000,0.0705517400,AKShare stock_zh_a_spot / 新浪
920351,华光源海,12.1600000000,12.2400000000,41477871.0000000000,3390793.0000000000,-0.0065400000,0.4147787100,AKShare stock_zh_a_spot / 新浪
920357,雅葆轩,15.4000000000,16.5200000000,32290624.0000000000,2058863.0000000000,-0.0678000000,0.3229062400,AKShare stock_zh_a_spot / 新浪
920363,莱赛激光,10.1400000000,10.6500000000,16038584.0000000000,1557514.0000000000,-0.0478900000,0.1603858400,AKShare stock_zh_a_spot / 新浪
920367,新赣江,29.7500000000,29.1200000000,308620588.0000000000,9916341.0000000000,0.0216300000,3.0862058800,AKShare stock_zh_a_spot / 新浪
920368,连城数控,23.6700000000,25.4600000000,106753024.0000000000,4389854.0000000000,-0.0703100000,1.0675302400,AKShare stock_zh_a_spot / 新浪
920370,新安洁,2.7800000000,2.8800000000,6062949.0000000000,2156407.0000000000,-0.0347200000,0.0606294900,AKShare stock_zh_a_spot / 新浪
920371,欧福蛋业,7.9500000000,7.7600000000,74537661.0000000000,9226540.0000000000,0.0244800000,0.7453766100,AKShare stock_zh_a_spot / 新浪
920374,云里物里,14.7100000000,15.5500000000,6895335.0000000000,461046.0000000000,-0.0540200000,0.0689533500,AKShare stock_zh_a_spot / 新浪
920375,派诺科技,6.9200000000,7.3400000000,22523499.0000000000,3196531.0000000000,-0.0572200000,0.2252349900,AKShare stock_zh_a_spot / 新浪
920378,泰德股份,7.0900000000,7.3400000000,7004481.0000000000,989712.0000000000,-0.0340600000,0.0700448100,AKShare stock_zh_a_spot / 新浪
920392,佳合科技,13.5400000000,14.0000000000,7990899.0000000000,578174.0000000000,-0.0328600000,0.0799089900,AKShare stock_zh_a_spot / 新浪
920394,民士达,43.5000000000,46.9000000000,117153851.0000000000,2587897.0000000000,-0.0724900000,1.1715385100,AKShare stock_zh_a_spot / 新浪
920395,朗鸿科技,6.9000000000,7.2000000000,4046553.0000000000,577147.0000000000,-0.0416700000,0.0404655300,AKShare stock_zh_a_spot / 新浪
920396,常辅股份,19.2600000000,20.8200000000,39225956.0000000000,1988656.0000000000,-0.0749300000,0.3922595600,AKShare stock_zh_a_spot / 新浪
920402,硅烷科技,8.9800000000,9.3300000000,66104982.0000000000,7267916.0000000000,-0.0375100000,0.6610498200,AKShare stock_zh_a_spot / 新浪
920403,康农种业,21.3100000000,23.6500000000,260066120.0000000000,11290025.0000000000,-0.0989400000,2.6006612000,AKShare stock_zh_a_spot / 新浪
920405,海希通讯,18.1400000000,19.1400000000,26279174.0000000000,1417752.0000000000,-0.0522500000,0.2627917400,AKShare stock_zh_a_spot / 新浪
920407,驰诚股份,11.0400000000,11.5900000000,16268614.0000000000,1463113.0000000000,-0.0474500000,0.1626861400,AKShare stock_zh_a_spot / 新浪
920414,欧普泰,7.8800000000,8.2800000000,9071256.0000000000,1132475.0000000000,-0.0483100000,0.0907125600,AKShare stock_zh_a_spot / 新浪
920415,恒拓开源,8.7200000000,9.1100000000,16021541.0000000000,1812866.0000000000,-0.0428100000,0.1602154100,AKShare stock_zh_a_spot / 新浪
920418,苏轴股份,18.4000000000,19.8100000000,51945039.0000000000,2739305.0000000000,-0.0711800000,0.5194503900,AKShare stock_zh_a_spot / 新浪
920419,路斯股份,10.7100000000,11.0600000000,15855378.0000000000,1451810.0000000000,-0.0316500000,0.1585537800,AKShare stock_zh_a_spot / 新浪
920422,润普食品,9.3800000000,9.8000000000,10863384.0000000000,1141773.0000000000,-0.0428600000,0.1086338400,AKShare stock_zh_a_spot / 新浪
920425,乐创技术,14.7400000000,15.2500000000,32223368.0000000000,2179671.0000000000,-0.0334400000,0.3222336800,AKShare stock_zh_a_spot / 新浪
920427,华维设计,8.5300000000,8.8200000000,9790662.0000000000,1138448.0000000000,-0.0328800000,0.0979066200,AKShare stock_zh_a_spot / 新浪
920429,康比特,10.5500000000,10.8700000000,52005227.0000000000,4882478.0000000000,-0.0294400000,0.5200522700,AKShare stock_zh_a_spot / 新浪
920433,大唐药业,4.9300000000,5.0900000000,25344031.0000000000,4986033.0000000000,-0.0314300000,0.2534403100,AKShare stock_zh_a_spot / 新浪
920436,大地电气,10.1200000000,10.5200000000,7456138.0000000000,727983.0000000000,-0.0380200000,0.0745613800,AKShare stock_zh_a_spot / 新浪
920438,戈碧迦,127.0500000000,132.3300000000,823545051.0000000000,6466876.0000000000,-0.0399000000,8.2354505100,AKShare stock_zh_a_spot / 新浪
920445,龙竹科技,7.0000000000,7.3600000000,31753867.0000000000,4431911.0000000000,-0.0489100000,0.3175386700,AKShare stock_zh_a_spot / 新浪
920454,同心传动,10.9500000000,11.3400000000,7485755.0000000000,679387.0000000000,-0.0343900000,0.0748575500,AKShare stock_zh_a_spot / 新浪
920455,汇隆活塞,5.9200000000,6.1300000000,7302601.0000000000,1216577.0000000000,-0.0342600000,0.0730260100,AKShare stock_zh_a_spot / 新浪
920469,富恒新材,5.5000000000,5.7800000000,9594868.0000000000,1720622.0000000000,-0.0484400000,0.0959486800,AKShare stock_zh_a_spot / 新浪
920471,美邦科技,11.7500000000,11.4700000000,47613595.0000000000,4039689.0000000000,0.0244100000,0.4761359500,AKShare stock_zh_a_spot / 新浪
920475,三友科技,11.9100000000,12.5000000000,13809550.0000000000,1132086.0000000000,-0.0472000000,0.1380955000,AKShare stock_zh_a_spot / 新浪
920476,海能技术,24.9600000000,24.3800000000,101644854.0000000000,4029619.0000000000,0.0237900000,1.0164485400,AKShare stock_zh_a_spot / 新浪
920478,峆一药业,11.4000000000,11.8400000000,83597760.0000000000,6930168.0000000000,-0.0371600000,0.8359776000,AKShare stock_zh_a_spot / 新浪
920489,佳先股份,13.6600000000,14.3300000000,42339646.0000000000,3048436.0000000000,-0.0467600000,0.4233964600,AKShare stock_zh_a_spot / 新浪
920491,奥迪威,21.5200000000,23.0900000000,65021451.0000000000,2959657.0000000000,-0.0679900000,0.6502145100,AKShare stock_zh_a_spot / 新浪
920493,并行科技,112.5000000000,121.4000000000,218926445.0000000000,1892740.0000000000,-0.0733100000,2.1892644500,AKShare stock_zh_a_spot / 新浪
920496,许昌智能,6.2200000000,6.4600000000,9877910.0000000000,1568996.0000000000,-0.0371500000,0.0987791000,AKShare stock_zh_a_spot / 新浪
920504,博迅生物,17.4500000000,18.3800000000,12112297.0000000000,680021.0000000000,-0.0506000000,0.1211229700,AKShare stock_zh_a_spot / 新浪
920505,九菱科技,27.0000000000,29.3200000000,34148104.0000000000,1207891.0000000000,-0.0791300000,0.3414810400,AKShare stock_zh_a_spot / 新浪
920508,殷图网联,14.3000000000,14.7000000000,8847851.0000000000,620820.0000000000,-0.0272100000,0.0884785100,AKShare stock_zh_a_spot / 新浪
920509,同惠电子,20.1500000000,21.5300000000,52591022.0000000000,2560672.0000000000,-0.0641000000,0.5259102200,AKShare stock_zh_a_spot / 新浪
920510,丰光精密,23.0100000000,28.1300000000,297702636.0000000000,12421944.0000000000,-0.1820100000,2.9770263600,AKShare stock_zh_a_spot / 新浪
920519,万德股份,9.6800000000,10.0300000000,5867002.0000000000,599179.0000000000,-0.0349000000,0.0586700200,AKShare stock_zh_a_spot / 新浪
920522,纳科诺尔,19.3600000000,20.5300000000,119652016.0000000000,6072778.0000000000,-0.0569900000,1.1965201600,AKShare stock_zh_a_spot / 新浪
920523,德瑞锂电,15.2200000000,15.7200000000,14740221.0000000000,962777.0000000000,-0.0318100000,0.1474022100,AKShare stock_zh_a_spot / 新浪
920526,凯华材料,20.0100000000,21.2400000000,43488392.0000000000,2137562.0000000000,-0.0579100000,0.4348839200,AKShare stock_zh_a_spot / 新浪
920527,夜光明,13.8800000000,14.3900000000,13928634.0000000000,999457.0000000000,-0.0354400000,0.1392863400,AKShare stock_zh_a_spot / 新浪
920533,骏创科技,17.6300000000,19.3100000000,42947415.0000000000,2366575.0000000000,-0.0870000000,0.4294741500,AKShare stock_zh_a_spot / 新浪
920541,铁大科技,9.5800000000,9.9300000000,5547044.0000000000,571576.0000000000,-0.0352500000,0.0554704400,AKShare stock_zh_a_spot / 新浪
920547,无锡晶海,18.2000000000,19.0400000000,8895938.0000000000,478061.0000000000,-0.0441200000,0.0889593800,AKShare stock_zh_a_spot / 新浪
920553,凯腾精工,7.4100000000,7.8000000000,22679094.0000000000,3023197.0000000000,-0.0500000000,0.2267909400,AKShare stock_zh_a_spot / 新浪
920556,雅达股份,6.6200000000,6.9100000000,8638238.0000000000,1290350.0000000000,-0.0419700000,0.0863823800,AKShare stock_zh_a_spot / 新浪
920564,天润科技,13.9700000000,14.4700000000,16294199.0000000000,1145688.0000000000,-0.0345500000,0.1629419900,AKShare stock_zh_a_spot / 新浪
920566,梓橦宫,9.8600000000,10.0200000000,31210066.0000000000,3118458.0000000000,-0.0159700000,0.3121006600,AKShare stock_zh_a_spot / 新浪
920570,坤博精工,24.2100000000,25.4700000000,14604527.0000000000,594689.0000000000,-0.0494700000,0.1460452700,AKShare stock_zh_a_spot / 新浪
920571,国航远洋,9.0400000000,9.0800000000,310348161.0000000000,33710962.0000000000,-0.0044100000,3.1034816100,AKShare stock_zh_a_spot / 新浪
920576,天力复合,42.0000000000,46.6200000000,197121723.0000000000,4242162.0000000000,-0.0991000000,1.9712172300,AKShare stock_zh_a_spot / 新浪
920578,巨能股份,16.4800000000,18.6000000000,45739171.0000000000,2684318.0000000000,-0.1139800000,0.4573917100,AKShare stock_zh_a_spot / 新浪
920579,机科股份,14.9400000000,15.6600000000,18172786.0000000000,1193186.0000000000,-0.0459800000,0.1817278600,AKShare stock_zh_a_spot / 新浪
920580,科创新材,10.7500000000,11.4300000000,16715830.0000000000,1521130.0000000000,-0.0594900000,0.1671583000,AKShare stock_zh_a_spot / 新浪
920592,华信永道,21.1000000000,20.9000000000,87683673.0000000000,4079862.0000000000,0.0095700000,0.8768367300,AKShare stock_zh_a_spot / 新浪
920593,鼎智科技,24.3000000000,27.1500000000,109948817.0000000000,4368436.0000000000,-0.1049700000,1.0994881700,AKShare stock_zh_a_spot / 新浪
920599,同力股份,16.5900000000,16.8500000000,30644434.0000000000,1839740.0000000000,-0.0154300000,0.3064443400,AKShare stock_zh_a_spot / 新浪
920608,丰安股份,13.6700000000,14.2700000000,5611876.0000000000,405158.0000000000,-0.0420500000,0.0561187600,AKShare stock_zh_a_spot / 新浪
920627,力王股份,13.6500000000,14.3200000000,13956476.0000000000,1002706.0000000000,-0.0467900000,0.1395647600,AKShare stock_zh_a_spot / 新浪
920634,新威凌,16.3300000000,17.3300000000,16786816.0000000000,1006038.0000000000,-0.0577000000,0.1678681600,AKShare stock_zh_a_spot / 新浪
920639,晨光电缆,6.1500000000,6.3500000000,9487968.0000000000,1523573.0000000000,-0.0315000000,0.0948796800,AKShare stock_zh_a_spot / 新浪
920640,富士达,25.3500000000,27.4000000000,110523699.0000000000,4176824.0000000000,-0.0748200000,1.1052369900,AKShare stock_zh_a_spot / 新浪
920641,格利尔,13.9300000000,13.6200000000,64470308.0000000000,4698587.0000000000,0.0227600000,0.6447030800,AKShare stock_zh_a_spot / 新浪
920642,通易航天,10.0100000000,10.6500000000,42977906.0000000000,4125477.0000000000,-0.0600900000,0.4297790600,AKShare stock_zh_a_spot / 新浪
920651,天罡股份,25.9800000000,25.1700000000,31018951.0000000000,1213910.0000000000,0.0321800000,0.3101895100,AKShare stock_zh_a_spot / 新浪
920656,海昇药业,14.2600000000,14.5000000000,7808066.0000000000,545668.0000000000,-0.0165500000,0.0780806600,AKShare stock_zh_a_spot / 新浪
920662,方盛股份,18.7200000000,19.7500000000,44772995.0000000000,2346176.0000000000,-0.0521500000,0.4477299500,AKShare stock_zh_a_spot / 新浪
920663,明阳科技,12.5600000000,13.2100000000,10172881.0000000000,799009.0000000000,-0.0492100000,0.1017288100,AKShare stock_zh_a_spot / 新浪
920665,科强股份,8.6000000000,8.9200000000,10650543.0000000000,1213812.0000000000,-0.0358700000,0.1065054300,AKShare stock_zh_a_spot / 新浪
920670,数字人,12.4100000000,13.2800000000,22931841.0000000000,1797492.0000000000,-0.0655100000,0.2293184100,AKShare stock_zh_a_spot / 新浪
920675,秉扬科技,7.2500000000,7.5200000000,7312872.0000000000,991218.0000000000,-0.0359000000,0.0731287200,AKShare stock_zh_a_spot / 新浪
920679,前进科技,15.4900000000,15.9500000000,3429465.0000000000,220847.0000000000,-0.0288400000,0.0342946500,AKShare stock_zh_a_spot / 新浪
920682,球冠电缆,5.6900000000,5.8700000000,10127891.0000000000,1768759.0000000000,-0.0306600000,0.1012789100,AKShare stock_zh_a_spot / 新浪
920685,新芝生物,12.1000000000,12.6500000000,21991454.0000000000,1791696.0000000000,-0.0434800000,0.2199145400,AKShare stock_zh_a_spot / 新浪
920689,克莱特,19.5800000000,20.3600000000,15771959.0000000000,794859.0000000000,-0.0383100000,0.1577195900,AKShare stock_zh_a_spot / 新浪
920690,捷众科技,16.6500000000,18.5100000000,48725490.0000000000,2828219.0000000000,-0.1004900000,0.4872549000,AKShare stock_zh_a_spot / 新浪
920693,阿为特,22.2600000000,23.8000000000,21451655.0000000000,940606.0000000000,-0.0647100000,0.2145165500,AKShare stock_zh_a_spot / 新浪
920694,中裕科技,14.7500000000,15.0800000000,12356696.0000000000,836836.0000000000,-0.0218800000,0.1235669600,AKShare stock_zh_a_spot / 新浪
920699,海达尔,86.2000000000,91.8300000000,151639111.0000000000,1778793.0000000000,-0.0613100000,1.5163911100,AKShare stock_zh_a_spot / 新浪
920701,豪声电子,13.3200000000,13.3000000000,21455517.0000000000,1636272.0000000000,0.0015000000,0.2145551700,AKShare stock_zh_a_spot / 新浪
920703,广厦环能,9.6900000000,9.9500000000,5823737.0000000000,596758.0000000000,-0.0261300000,0.0582373700,AKShare stock_zh_a_spot / 新浪
920706,铁拓机械,13.7400000000,14.7200000000,17435886.0000000000,1234939.0000000000,-0.0665800000,0.1743588600,AKShare stock_zh_a_spot / 新浪
920717,瑞星股份,8.3200000000,8.4100000000,17592735.0000000000,2122208.0000000000,-0.0107000000,0.1759273500,AKShare stock_zh_a_spot / 新浪
920718,合肥高科,9.6600000000,9.9800000000,4956355.0000000000,509335.0000000000,-0.0320600000,0.0495635500,AKShare stock_zh_a_spot / 新浪
920719,宁新新材,7.5300000000,7.8800000000,9153502.0000000000,1201894.0000000000,-0.0444200000,0.0915350200,AKShare stock_zh_a_spot / 新浪
920720,吉冈精密,9.4400000000,9.8100000000,11638573.0000000000,1220662.0000000000,-0.0377200000,0.1163857300,AKShare stock_zh_a_spot / 新浪
920725,惠丰钻石,79.1100000000,81.9500000000,536788309.0000000000,6784072.0000000000,-0.0346600000,5.3678830900,AKShare stock_zh_a_spot / 新浪
920726,朱老六,16.1500000000,16.8300000000,53966360.0000000000,3254891.0000000000,-0.0404000000,0.5396636000,AKShare stock_zh_a_spot / 新浪
920729,永顺生物,7.0000000000,7.1800000000,12985696.0000000000,1827894.0000000000,-0.0250700000,0.1298569600,AKShare stock_zh_a_spot / 新浪
920735,德源药业,24.1100000000,25.1000000000,57979467.0000000000,2343084.0000000000,-0.0394400000,0.5797946700,AKShare stock_zh_a_spot / 新浪
920748,路桥信息,23.3500000000,24.5800000000,32673170.0000000000,1368599.0000000000,-0.0500400000,0.3267317000,AKShare stock_zh_a_spot / 新浪
920751,惠同新材,16.2000000000,16.6000000000,16697663.0000000000,1009191.0000000000,-0.0241000000,0.1669766300,AKShare stock_zh_a_spot / 新浪
920753,天纺标,15.7600000000,15.7900000000,27024516.0000000000,1693003.0000000000,-0.0019000000,0.2702451600,AKShare stock_zh_a_spot / 新浪
920765,美之高,13.6300000000,13.9000000000,19983651.0000000000,1453188.0000000000,-0.0194200000,0.1998365100,AKShare stock_zh_a_spot / 新浪
920768,拾比佰,7.0500000000,7.1300000000,6828514.0000000000,974422.0000000000,-0.0112200000,0.0682851400,AKShare stock_zh_a_spot / 新浪
920770,艾能聚,10.0300000000,10.5800000000,17734775.0000000000,1735698.0000000000,-0.0519800000,0.1773477500,AKShare stock_zh_a_spot / 新浪
920779,武汉蓝电,22.3400000000,23.5200000000,18772594.0000000000,816158.0000000000,-0.0501700000,0.1877259400,AKShare stock_zh_a_spot / 新浪
920781,瑞奇智造,5.5700000000,5.8700000000,10189501.0000000000,1797882.0000000000,-0.0511100000,0.1018950100,AKShare stock_zh_a_spot / 新浪
920786,骑士乳业,7.1200000000,7.4200000000,98110801.0000000000,13324574.0000000000,-0.0404300000,0.9811080100,AKShare stock_zh_a_spot / 新浪
920790,联迪信息,21.0000000000,22.4300000000,52087548.0000000000,2425766.0000000000,-0.0637500000,0.5208754800,AKShare stock_zh_a_spot / 新浪
920792,东和新材,9.5800000000,9.9600000000,3962597.0000000000,408201.0000000000,-0.0381500000,0.0396259700,AKShare stock_zh_a_spot / 新浪
920799,艾融软件,31.2600000000,31.7700000000,181633395.0000000000,5748843.0000000000,-0.0160500000,1.8163339500,AKShare stock_zh_a_spot / 新浪
920802,保丽洁,10.1200000000,10.7000000000,13814575.0000000000,1341501.0000000000,-0.0542100000,0.1381457500,AKShare stock_zh_a_spot / 新浪
920806,云星宇,10.0700000000,10.5500000000,20711507.0000000000,2032409.0000000000,-0.0455000000,0.2071150700,AKShare stock_zh_a_spot / 新浪
920807,奔朗新材,9.3100000000,9.7900000000,26166825.0000000000,2770749.0000000000,-0.0490300000,0.2616682500,AKShare stock_zh_a_spot / 新浪
920808,曙光数创,59.3800000000,63.2300000000,105871066.0000000000,1756072.0000000000,-0.0608900000,1.0587106600,AKShare stock_zh_a_spot / 新浪
920809,安达科技,7.5100000000,7.9500000000,68779706.0000000000,8966683.0000000000,-0.0553500000,0.6877970600,AKShare stock_zh_a_spot / 新浪
920810,春光智能,8.7600000000,8.9200000000,23005572.0000000000,2539585.0000000000,-0.0179400000,0.2300557200,AKShare stock_zh_a_spot / 新浪
920819,颖泰生物,3.0000000000,3.1000000000,44822840.0000000000,14785309.0000000000,-0.0322600000,0.4482284000,AKShare stock_zh_a_spot / 新浪
920821,则成电子,17.5700000000,18.5100000000,36400156.0000000000,2038544.0000000000,-0.0507800000,0.3640015600,AKShare stock_zh_a_spot / 新浪
920826,盖世食品,8.9500000000,9.3500000000,70778115.0000000000,7790610.0000000000,-0.0427800000,0.7077811500,AKShare stock_zh_a_spot / 新浪
920832,齐鲁华信,6.1300000000,6.3200000000,3532677.0000000000,574008.0000000000,-0.0300600000,0.0353267700,AKShare stock_zh_a_spot / 新浪
920833,美心翼申,9.6900000000,9.9000000000,13976790.0000000000,1441689.0000000000,-0.0212100000,0.1397679000,AKShare stock_zh_a_spot / 新浪
920834,三维装备,9.7700000000,9.8900000000,13291158.0000000000,1368604.0000000000,-0.0121300000,0.1329115800,AKShare stock_zh_a_spot / 新浪
920837,华原股份,9.5800000000,9.9800000000,6669569.0000000000,685555.0000000000,-0.0400800000,0.0666956900,AKShare stock_zh_a_spot / 新浪
920839,万通液压,24.4500000000,25.7600000000,24941194.0000000000,998821.0000000000,-0.0508500000,0.2494119400,AKShare stock_zh_a_spot / 新浪
920855,浙江大农,12.5000000000,13.2900000000,15586967.0000000000,1241587.0000000000,-0.0594400000,0.1558696700,AKShare stock_zh_a_spot / 新浪
920856,浩淼科技,14.0700000000,15.7200000000,88891015.0000000000,6276421.0000000000,-0.1049600000,0.8889101500,AKShare stock_zh_a_spot / 新浪
920857,泓禧科技,20.4000000000,20.8000000000,35542709.0000000000,1759608.0000000000,-0.0192300000,0.3554270900,AKShare stock_zh_a_spot / 新浪
920866,绿亨科技,6.2900000000,6.7700000000,55544510.0000000000,8531366.0000000000,-0.0709000000,0.5554451000,AKShare stock_zh_a_spot / 新浪
920870,恒进感应,11.5400000000,12.5800000000,25331786.0000000000,2139221.0000000000,-0.0826700000,0.2533178600,AKShare stock_zh_a_spot / 新浪
920871,派特尔,10.8300000000,11.3100000000,7307660.0000000000,663165.0000000000,-0.0424400000,0.0730766000,AKShare stock_zh_a_spot / 新浪
920873,中设咨询,6.7900000000,7.0800000000,11317871.0000000000,1647597.0000000000,-0.0409600000,0.1131787100,AKShare stock_zh_a_spot / 新浪
920876,慧为智能,16.0800000000,16.9500000000,24341639.0000000000,1500513.0000000000,-0.0513300000,0.2434163900,AKShare stock_zh_a_spot / 新浪
920879,基康技术,12.4800000000,13.0300000000,16844675.0000000000,1336066.0000000000,-0.0422100000,0.1684467500,AKShare stock_zh_a_spot / 新浪
920885,星辰科技,12.8600000000,13.4100000000,79809095.0000000000,5962351.0000000000,-0.0410100000,0.7980909500,AKShare stock_zh_a_spot / 新浪
920892,广咨国际,10.2200000000,10.5700000000,6024130.0000000000,579286.0000000000,-0.0331100000,0.0602413000,AKShare stock_zh_a_spot / 新浪
920895,花溪科技,12.7700000000,13.4500000000,16805412.0000000000,1287966.0000000000,-0.0505600000,0.1680541200,AKShare stock_zh_a_spot / 新浪
920896,旺成科技,12.0300000000,12.6000000000,7045673.0000000000,577284.0000000000,-0.0452400000,0.0704567300,AKShare stock_zh_a_spot / 新浪
920906,舜宇精工,16.0700000000,17.2000000000,13496214.0000000000,820698.0000000000,-0.0657000000,0.1349621400,AKShare stock_zh_a_spot / 新浪
920914,远航精密,17.2800000000,18.1600000000,20855081.0000000000,1184103.0000000000,-0.0484600000,0.2085508100,AKShare stock_zh_a_spot / 新浪
920924,广脉科技,14.4800000000,15.2800000000,32393516.0000000000,2187349.0000000000,-0.0523600000,0.3239351600,AKShare stock_zh_a_spot / 新浪
920925,锦好医疗,11.8500000000,12.3300000000,14132127.0000000000,1171421.0000000000,-0.0389300000,0.1413212700,AKShare stock_zh_a_spot / 新浪
920926,鸿智科技,10.1100000000,10.4900000000,5088514.0000000000,500760.0000000000,-0.0362200000,0.0508851400,AKShare stock_zh_a_spot / 新浪
920931,无锡鼎邦,10.9700000000,10.9000000000,30929614.0000000000,2848671.0000000000,0.0064200000,0.3092961400,AKShare stock_zh_a_spot / 新浪
920932,科达自控,12.0200000000,13.2800000000,43537451.0000000000,3501141.0000000000,-0.0948800000,0.4353745100,AKShare stock_zh_a_spot / 新浪
920942,恒立钻具,16.6400000000,17.7000000000,14056984.0000000000,826736.0000000000,-0.0598900000,0.1405698400,AKShare stock_zh_a_spot / 新浪
920943,优机股份,16.8100000000,19.3600000000,122509438.0000000000,6594997.0000000000,-0.1317100000,1.2250943800,AKShare stock_zh_a_spot / 新浪
920946,森萱医药,10.0200000000,9.9600000000,80020184.0000000000,7913579.0000000000,0.0060200000,0.8002018400,AKShare stock_zh_a_spot / 新浪
920950,迅安科技,12.6800000000,13.0200000000,3487438.0000000000,275277.0000000000,-0.0261100000,0.0348743800,AKShare stock_zh_a_spot / 新浪
920953,国子软件,23.2600000000,24.9100000000,102121917.0000000000,4301371.0000000000,-0.0662400000,1.0212191700,AKShare stock_zh_a_spot / 新浪
920957,汉维科技,9.1800000000,9.5300000000,5916637.0000000000,637075.0000000000,-0.0367300000,0.0591663700,AKShare stock_zh_a_spot / 新浪
920961,创远信科,19.2500000000,20.4700000000,59498570.0000000000,2959373.0000000000,-0.0596000000,0.5949857000,AKShare stock_zh_a_spot / 新浪
920964,润农节水,4.8200000000,5.1000000000,48877835.0000000000,9831618.0000000000,-0.0549000000,0.4887783500,AKShare stock_zh_a_spot / 新浪
920970,大禹生物,6.1800000000,6.5700000000,40343875.0000000000,6339338.0000000000,-0.0593600000,0.4034387500,AKShare stock_zh_a_spot / 新浪
920971,天马新材,26.1100000000,28.0800000000,114489374.0000000000,4263254.0000000000,-0.0701600000,1.1448937400,AKShare stock_zh_a_spot / 新浪
920974,凯大催化,6.1400000000,6.2700000000,8754253.0000000000,1427225.0000000000,-0.0207300000,0.0875425300,AKShare stock_zh_a_spot / 新浪
920976,视声智能,16.6400000000,17.8100000000,16439391.0000000000,967024.0000000000,-0.0656900000,0.1643939100,AKShare stock_zh_a_spot / 新浪
920978,开特股份,19.5400000000,20.6600000000,27857802.0000000000,1401215.0000000000,-0.0542100000,0.2785780200,AKShare stock_zh_a_spot / 新浪
920981,晶赛科技,29.4200000000,31.5100000000,61678380.0000000000,2053896.0000000000,-0.0663300000,0.6167838000,AKShare stock_zh_a_spot / 新浪
920982,锦波生物,120.2000000000,127.3700000000,145173773.0000000000,1187886.0000000000,-0.0562900000,1.4517377300,AKShare stock_zh_a_spot / 新浪
920985,海泰新能,4.6400000000,4.8600000000,17724854.0000000000,3739707.0000000000,-0.0452700000,0.1772485400,AKShare stock_zh_a_spot / 新浪
920992,中科美菱,11.3900000000,11.8000000000,8843394.0000000000,771923.0000000000,-0.0347500000,0.0884339400,AKShare stock_zh_a_spot / 新浪
600000,浦发银行,9.0800000000,8.9700000000,679878477.0000000000,75224827.0000000000,0.0122600000,6.7987847700,AKShare stock_zh_a_spot / 新浪
600004,白云机场,7.4400000000,7.4200000000,62233531.0000000000,8364789.0000000000,0.0027000000,0.6223353100,AKShare stock_zh_a_spot / 新浪
600006,东风股份,5.2100000000,5.3300000000,70304038.0000000000,13407581.0000000000,-0.0225100000,0.7030403800,AKShare stock_zh_a_spot / 新浪
600007,中国国贸,18.9100000000,18.5300000000,65405067.0000000000,3464299.0000000000,0.0205100000,0.6540506700,AKShare stock_zh_a_spot / 新浪
600008,首创环保,2.8000000000,2.8100000000,151921710.0000000000,54009300.0000000000,-0.0035600000,1.5192171000,AKShare stock_zh_a_spot / 新浪
600009,上海机场,22.9500000000,23.0000000000,212676689.0000000000,9259739.0000000000,-0.0021700000,2.1267668900,AKShare stock_zh_a_spot / 新浪
600010,包钢股份,2.1700000000,2.2200000000,783112715.0000000000,359069068.0000000000,-0.0225200000,7.8311271500,AKShare stock_zh_a_spot / 新浪
600011,华能国际,6.6800000000,6.8900000000,926394162.0000000000,138461517.0000000000,-0.0304800000,9.2639416200,AKShare stock_zh_a_spot / 新浪
600012,皖通高速,15.8700000000,15.8400000000,95873745.0000000000,5996997.0000000000,0.0018900000,0.9587374500,AKShare stock_zh_a_spot / 新浪
600015,华夏银行,6.5900000000,6.5900000000,698807219.0000000000,105938676.0000000000,0.0000000000,6.9880721900,AKShare stock_zh_a_spot / 新浪
600016,民生银行,3.4300000000,3.3900000000,731252726.0000000000,213729644.0000000000,0.0118000000,7.3125272600,AKShare stock_zh_a_spot / 新浪
600017,日照港,2.6700000000,2.6700000000,73588851.0000000000,27568230.0000000000,0.0000000000,0.7358885100,AKShare stock_zh_a_spot / 新浪
600018,上港集团,5.1700000000,5.1100000000,264102624.0000000000,51172771.0000000000,0.0117400000,2.6410262400,AKShare stock_zh_a_spot / 新浪
600019,宝钢股份,5.9100000000,5.8400000000,659393883.0000000000,112025363.0000000000,0.0119900000,6.5939388300,AKShare stock_zh_a_spot / 新浪
600020,中原高速,3.7400000000,3.7400000000,51352416.0000000000,13732678.0000000000,0.0000000000,0.5135241600,AKShare stock_zh_a_spot / 新浪
600021,上海电力,13.6300000000,13.9700000000,482192087.0000000000,34971829.0000000000,-0.0243400000,4.8219208700,AKShare stock_zh_a_spot / 新浪
600022,山东钢铁,1.3000000000,1.3200000000,112852358.0000000000,86729347.0000000000,-0.0151500000,1.1285235800,AKShare stock_zh_a_spot / 新浪
600023,浙能电力,4.8500000000,4.8700000000,140913917.0000000000,28971716.0000000000,-0.0041100000,1.4091391700,AKShare stock_zh_a_spot / 新浪
600025,华能水电,9.7600000000,9.6500000000,345762055.0000000000,35476005.0000000000,0.0114000000,3.4576205500,AKShare stock_zh_a_spot / 新浪
600026,中远海能,18.3200000000,18.0000000000,1635018355.0000000000,88638837.0000000000,0.0177800000,16.3501835500,AKShare stock_zh_a_spot / 新浪
600027,华电国际,4.5000000000,4.5500000000,335559092.0000000000,74108439.0000000000,-0.0109900000,3.3555909200,AKShare stock_zh_a_spot / 新浪
600028,中国石化,5.1600000000,5.0600000000,1649854018.0000000000,321963309.0000000000,0.0197600000,16.4985401800,AKShare stock_zh_a_spot / 新浪
600029,南方航空,4.9900000000,5.0100000000,299698505.0000000000,59996900.0000000000,-0.0039900000,2.9969850500,AKShare stock_zh_a_spot / 新浪
600030,中信证券,27.1500000000,27.3900000000,2682463646.0000000000,98755604.0000000000,-0.0087600000,26.8246364600,AKShare stock_zh_a_spot / 新浪
600031,三一重工,18.9300000000,18.9700000000,1159420369.0000000000,61608485.0000000000,-0.0021100000,11.5942036900,AKShare stock_zh_a_spot / 新浪
600032,浙江新能,6.7600000000,6.9400000000,133162677.0000000000,19550100.0000000000,-0.0259400000,1.3316267700,AKShare stock_zh_a_spot / 新浪
600033,福建高速,3.5400000000,3.5100000000,102354635.0000000000,28844600.0000000000,0.0085500000,1.0235463500,AKShare stock_zh_a_spot / 新浪
600035,楚天高速,3.3600000000,3.3800000000,30735908.0000000000,9131700.0000000000,-0.0059200000,0.3073590800,AKShare stock_zh_a_spot / 新浪
600036,招商银行,39.1500000000,38.2900000000,4850665980.0000000000,124893872.0000000000,0.0224600000,48.5066598000,AKShare stock_zh_a_spot / 新浪
600037,歌华有线,6.8200000000,6.9100000000,87865255.0000000000,12831266.0000000000,-0.0130200000,0.8786525500,AKShare stock_zh_a_spot / 新浪
600038,中直股份,25.8100000000,26.2500000000,150682117.0000000000,5810184.0000000000,-0.0167600000,1.5068211700,AKShare stock_zh_a_spot / 新浪
600039,四川路桥,8.5000000000,8.4400000000,140451856.0000000000,16447943.0000000000,0.0071100000,1.4045185600,AKShare stock_zh_a_spot / 新浪
600048,保利发展,5.2300000000,5.2400000000,573493320.0000000000,109093450.0000000000,-0.0019100000,5.7349332000,AKShare stock_zh_a_spot / 新浪
600050,中国联通,4.1700000000,4.3000000000,1094232097.0000000000,264198231.0000000000,-0.0302300000,10.9423209700,AKShare stock_zh_a_spot / 新浪
600051,宁波联合,6.2300000000,6.3600000000,30559327.0000000000,4878200.0000000000,-0.0204400000,0.3055932700,AKShare stock_zh_a_spot / 新浪
600052,东望时代,3.7400000000,3.9500000000,45547939.0000000000,11998000.0000000000,-0.0531600000,0.4554793900,AKShare stock_zh_a_spot / 新浪
600054,黄山旅游,11.0900000000,11.1600000000,65404253.0000000000,5863450.0000000000,-0.0062700000,0.6540425300,AKShare stock_zh_a_spot / 新浪
600055,万东医疗,10.8900000000,11.3000000000,71575459.0000000000,6508100.0000000000,-0.0362800000,0.7157545900,AKShare stock_zh_a_spot / 新浪
600056,中国医药,9.3600000000,9.4400000000,152057208.0000000000,16181179.0000000000,-0.0084700000,1.5205720800,AKShare stock_zh_a_spot / 新浪
600057,厦门象屿,6.3200000000,6.2800000000,133899095.0000000000,21162786.0000000000,0.0063700000,1.3389909500,AKShare stock_zh_a_spot / 新浪
600058,五矿发展,10.5900000000,10.7100000000,115216666.0000000000,10799581.0000000000,-0.0112000000,1.1521666600,AKShare stock_zh_a_spot / 新浪
600059,古越龙山,8.0300000000,8.1800000000,161875614.0000000000,19883189.0000000000,-0.0183400000,1.6187561400,AKShare stock_zh_a_spot / 新浪
600060,海信视像,25.9100000000,26.1600000000,192422775.0000000000,7409504.0000000000,-0.0095600000,1.9242277500,AKShare stock_zh_a_spot / 新浪
600061,国投资本,6.2000000000,6.2700000000,167234067.0000000000,26873720.0000000000,-0.0111600000,1.6723406700,AKShare stock_zh_a_spot / 新浪
600062,华润双鹤,15.8600000000,15.9700000000,111745499.0000000000,7044332.0000000000,-0.0068900000,1.1174549900,AKShare stock_zh_a_spot / 新浪
600063,皖维高新,5.8500000000,5.9800000000,319874012.0000000000,54307267.0000000000,-0.0217400000,3.1987401200,AKShare stock_zh_a_spot / 新浪
600064,南京高科,7.6200000000,7.5800000000,111709828.0000000000,14623731.0000000000,0.0052800000,1.1170982800,AKShare stock_zh_a_spot / 新浪
600066,宇通客车,29.8300000000,29.5900000000,627673066.0000000000,20976796.0000000000,0.0081100000,6.2767306600,AKShare stock_zh_a_spot / 新浪
600067,冠城新材,2.7200000000,2.8100000000,51619178.0000000000,18793900.0000000000,-0.0320300000,0.5161917800,AKShare stock_zh_a_spot / 新浪
600071,凤凰光学,15.5300000000,16.1200000000,40638570.0000000000,2595808.0000000000,-0.0366000000,0.4063857000,AKShare stock_zh_a_spot / 新浪
600072,中船科技,8.5500000000,8.8000000000,139989665.0000000000,16238517.0000000000,-0.0284100000,1.3998966500,AKShare stock_zh_a_spot / 新浪
600073,光明肉业,5.2600000000,5.4400000000,95647246.0000000000,17944000.0000000000,-0.0330900000,0.9564724600,AKShare stock_zh_a_spot / 新浪
600075,新疆天业,4.5800000000,4.5800000000,94971751.0000000000,20835235.0000000000,0.0000000000,0.9497175100,AKShare stock_zh_a_spot / 新浪
600076,康欣新材,3.0600000000,3.1600000000,53829689.0000000000,17309428.0000000000,-0.0316500000,0.5382968900,AKShare stock_zh_a_spot / 新浪
600078,澄星股份,10.6500000000,11.4700000000,332013852.0000000000,30440672.0000000000,-0.0714900000,3.3201385200,AKShare stock_zh_a_spot / 新浪
600081,XD东风科,9.9100000000,10.3400000000,31277101.0000000000,3114407.0000000000,-0.0415900000,0.3127710100,AKShare stock_zh_a_spot / 新浪
600085,同仁堂,24.0600000000,24.1700000000,120720322.0000000000,5003675.0000000000,-0.0045500000,1.2072032200,AKShare stock_zh_a_spot / 新浪
600088,中视传媒,11.2700000000,11.5600000000,45442475.0000000000,4013033.0000000000,-0.0250900000,0.4544247500,AKShare stock_zh_a_spot / 新浪
600089,特变电工,20.3100000000,20.7700000000,1606470206.0000000000,78841674.0000000000,-0.0221500000,16.0647020600,AKShare stock_zh_a_spot / 新浪
600094,大名城,3.9000000000,4.0300000000,81864479.0000000000,20708192.0000000000,-0.0322600000,0.8186447900,AKShare stock_zh_a_spot / 新浪
600095,湘财股份,7.6800000000,7.8700000000,177704023.0000000000,22913200.0000000000,-0.0241400000,1.7770402300,AKShare stock_zh_a_spot / 新浪
600096,云天化,29.7900000000,30.7100000000,1376457758.0000000000,45464022.0000000000,-0.0299600000,13.7645775800,AKShare stock_zh_a_spot / 新浪
600097,开创国际,8.4300000000,8.7400000000,48337035.0000000000,5667100.0000000000,-0.0354700000,0.4833703500,AKShare stock_zh_a_spot / 新浪
600098,广州发展,6.2000000000,6.2300000000,102692700.0000000000,16497108.0000000000,-0.0048200000,1.0269270000,AKShare stock_zh_a_spot / 新浪
600099,林海股份,8.8000000000,9.0600000000,25564792.0000000000,2882600.0000000000,-0.0287000000,0.2556479200,AKShare stock_zh_a_spot / 新浪
600100,同方股份,6.6000000000,6.8800000000,202451571.0000000000,30288112.0000000000,-0.0407000000,2.0245157100,AKShare stock_zh_a_spot / 新浪
600101,明星电力,7.8200000000,8.0000000000,77661638.0000000000,9857051.0000000000,-0.0225000000,0.7766163800,AKShare stock_zh_a_spot / 新浪
600103,青山纸业,2.8200000000,3.0000000000,279825770.0000000000,97486685.0000000000,-0.0600000000,2.7982577000,AKShare stock_zh_a_spot / 新浪
600104,上汽集团,9.9900000000,10.0100000000,353879030.0000000000,35380587.0000000000,-0.0020000000,3.5387903000,AKShare stock_zh_a_spot / 新浪
600105,永鼎股份,37.9400000000,42.1600000000,5777094248.0000000000,147258713.0000000000,-0.1000900000,57.7709424800,AKShare stock_zh_a_spot / 新浪
600106,重庆路桥,4.2300000000,4.3700000000,41576811.0000000000,9754654.0000000000,-0.0320400000,0.4157681100,AKShare stock_zh_a_spot / 新浪
600108,亚盛集团,3.4900000000,3.5600000000,1284954737.0000000000,351578336.0000000000,-0.0196600000,12.8495473700,AKShare stock_zh_a_spot / 新浪
600109,国金证券,8.4700000000,8.5500000000,155504798.0000000000,18330258.0000000000,-0.0093600000,1.5550479800,AKShare stock_zh_a_spot / 新浪
600110,诺德股份,9.8700000000,10.5800000000,1468389118.0000000000,144422211.0000000000,-0.0671100000,14.6838911800,AKShare stock_zh_a_spot / 新浪
600111,北方稀土,41.0700000000,42.0600000000,2128189816.0000000000,51884537.0000000000,-0.0235400000,21.2818981600,AKShare stock_zh_a_spot / 新浪
600113,浙江东日,31.6800000000,35.2000000000,539597270.0000000000,16526922.0000000000,-0.1000000000,5.3959727000,AKShare stock_zh_a_spot / 新浪
600114,东睦股份,28.2000000000,30.5900000000,610736244.0000000000,21134144.0000000000,-0.0781300000,6.1073624400,AKShare stock_zh_a_spot / 新浪
600115,中国东航,3.4500000000,3.5000000000,501961851.0000000000,144825785.0000000000,-0.0142900000,5.0196185100,AKShare stock_zh_a_spot / 新浪
600116,三峡水利,6.3600000000,6.3600000000,95192038.0000000000,14967900.0000000000,0.0000000000,0.9519203800,AKShare stock_zh_a_spot / 新浪
600117,西宁特钢,2.2200000000,2.3000000000,34515111.0000000000,15411802.0000000000,-0.0347800000,0.3451511100,AKShare stock_zh_a_spot / 新浪
600118,中国卫星,67.5100000000,69.0000000000,6378686527.0000000000,91457658.0000000000,-0.0215900000,63.7868652700,AKShare stock_zh_a_spot / 新浪
600120,浙江东方,4.7600000000,4.8900000000,239910767.0000000000,50191059.0000000000,-0.0265800000,2.3991076700,AKShare stock_zh_a_spot / 新浪
600121,郑州煤电,4.1700000000,3.9100000000,689011861.0000000000,166436849.0000000000,0.0665000000,6.8901186100,AKShare stock_zh_a_spot / 新浪
600123,兰花科创,7.2800000000,7.3300000000,191248167.0000000000,26100256.0000000000,-0.0068200000,1.9124816700,AKShare stock_zh_a_spot / 新浪
600125,铁龙物流,5.4000000000,5.4800000000,48764992.0000000000,8989818.0000000000,-0.0146000000,0.4876499200,AKShare stock_zh_a_spot / 新浪
600126,杭钢股份,6.8300000000,6.8800000000,592513849.0000000000,86546067.0000000000,-0.0072700000,5.9251384900,AKShare stock_zh_a_spot / 新浪
600127,金健米业,7.8200000000,7.1100000000,228896553.0000000000,29270659.0000000000,0.0998600000,2.2889655300,AKShare stock_zh_a_spot / 新浪
600128,苏豪弘业,8.1300000000,8.2800000000,28046730.0000000000,3440601.0000000000,-0.0181200000,0.2804673000,AKShare stock_zh_a_spot / 新浪
600129,太极集团,15.4000000000,16.4000000000,517547245.0000000000,32450263.0000000000,-0.0609800000,5.1754724500,AKShare stock_zh_a_spot / 新浪
600130,波导股份,4.3100000000,4.4600000000,128851917.0000000000,29344600.0000000000,-0.0336300000,1.2885191700,AKShare stock_zh_a_spot / 新浪
600131,国网信通,15.4300000000,15.7300000000,95949796.0000000000,6173990.0000000000,-0.0190700000,0.9594979600,AKShare stock_zh_a_spot / 新浪
600132,重庆啤酒,42.5100000000,42.6000000000,113127314.0000000000,2650973.0000000000,-0.0021100000,1.1312731400,AKShare stock_zh_a_spot / 新浪
600133,东湖高新,8.1700000000,8.3900000000,155055150.0000000000,18804337.0000000000,-0.0262200000,1.5505515000,AKShare stock_zh_a_spot / 新浪
600135,乐凯胶片,7.1300000000,7.5000000000,52236294.0000000000,7213858.0000000000,-0.0493300000,0.5223629400,AKShare stock_zh_a_spot / 新浪
600137,浪莎股份,17.6500000000,18.2000000000,25343537.0000000000,1423100.0000000000,-0.0302200000,0.2534353700,AKShare stock_zh_a_spot / 新浪
600138,中青旅,6.9000000000,7.0300000000,40706585.0000000000,5866499.0000000000,-0.0184900000,0.4070658500,AKShare stock_zh_a_spot / 新浪
600141,兴发集团,31.4300000000,33.4900000000,1383188581.0000000000,42907086.0000000000,-0.0615100000,13.8318858100,AKShare stock_zh_a_spot / 新浪
600143,金发科技,14.8300000000,16.4700000000,1412593347.0000000000,92764029.0000000000,-0.0995700000,14.1259334700,AKShare stock_zh_a_spot / 新浪
600148,长春一东,15.0600000000,15.5000000000,18584966.0000000000,1225500.0000000000,-0.0283900000,0.1858496600,AKShare stock_zh_a_spot / 新浪
600149,廊坊发展,4.8300000000,4.9300000000,32962827.0000000000,6794800.0000000000,-0.0202800000,0.3296282700,AKShare stock_zh_a_spot / 新浪
600150,中国船舶,33.1400000000,33.4900000000,2124149401.0000000000,64160134.0000000000,-0.0104500000,21.2414940100,AKShare stock_zh_a_spot / 新浪
600151,航天机电,9.7500000000,10.8300000000,558787749.0000000000,55358475.0000000000,-0.0997200000,5.5878774900,AKShare stock_zh_a_spot / 新浪
600152,维科技术,7.8700000000,8.1700000000,124820046.0000000000,15633800.0000000000,-0.0367200000,1.2482004600,AKShare stock_zh_a_spot / 新浪
600153,建发股份,8.8400000000,8.7200000000,158626852.0000000000,18009031.0000000000,0.0137600000,1.5862685200,AKShare stock_zh_a_spot / 新浪
600155,华创云信,5.7300000000,5.8100000000,112419134.0000000000,19546036.0000000000,-0.0137700000,1.1241913400,AKShare stock_zh_a_spot / 新浪
600156,华升股份,7.8800000000,8.2500000000,99241357.0000000000,12397078.0000000000,-0.0448500000,0.9924135700,AKShare stock_zh_a_spot / 新浪
600157,永泰能源,1.5400000000,1.5600000000,539509555.0000000000,347719586.0000000000,-0.0128200000,5.3950955500,AKShare stock_zh_a_spot / 新浪
600158,中体产业,6.8000000000,7.0100000000,180326547.0000000000,26260772.0000000000,-0.0299600000,1.8032654700,AKShare stock_zh_a_spot / 新浪
600159,大龙地产,2.4700000000,2.5100000000,33316333.0000000000,13367700.0000000000,-0.0159400000,0.3331633300,AKShare stock_zh_a_spot / 新浪
600160,巨化股份,38.8000000000,40.0000000000,1500226223.0000000000,38064361.0000000000,-0.0300000000,15.0022622300,AKShare stock_zh_a_spot / 新浪
600161,天坛生物,12.2700000000,12.3600000000,128955259.0000000000,10514468.0000000000,-0.0072800000,1.2895525900,AKShare stock_zh_a_spot / 新浪
600162,香江控股,4.0500000000,4.3000000000,740154961.0000000000,178350177.0000000000,-0.0581400000,7.4015496100,AKShare stock_zh_a_spot / 新浪
600163,中闽能源,4.9300000000,5.0500000000,88060052.0000000000,17707023.0000000000,-0.0237600000,0.8806005200,AKShare stock_zh_a_spot / 新浪
600166,福田汽车,2.9100000000,2.8900000000,358831863.0000000000,124153452.0000000000,0.0069200000,3.5883186300,AKShare stock_zh_a_spot / 新浪
600167,联美控股,5.5800000000,5.6200000000,40968400.0000000000,7344443.0000000000,-0.0071200000,0.4096840000,AKShare stock_zh_a_spot / 新浪
600168,武汉控股,4.4000000000,4.4000000000,24753016.0000000000,5642500.0000000000,0.0000000000,0.2475301600,AKShare stock_zh_a_spot / 新浪
600170,上海建工,2.2300000000,2.2600000000,230264143.0000000000,103154016.0000000000,-0.0132700000,2.3026414300,AKShare stock_zh_a_spot / 新浪
600171,上海贝岭,22.5100000000,23.4800000000,363769443.0000000000,15910386.0000000000,-0.0413100000,3.6376944300,AKShare stock_zh_a_spot / 新浪
600172,黄河旋风,14.4200000000,14.3200000000,4652065944.0000000000,324722516.0000000000,0.0069800000,46.5206594400,AKShare stock_zh_a_spot / 新浪
600173,卧龙新能,6.0500000000,6.2500000000,40206199.0000000000,6543041.0000000000,-0.0320000000,0.4020619900,AKShare stock_zh_a_spot / 新浪
600176,中国巨石,40.5600000000,44.9100000000,11435019089.0000000000,273704121.0000000000,-0.0968600000,114.3501908900,AKShare stock_zh_a_spot / 新浪
600177,雅戈尔,7.9100000000,7.8400000000,211162238.0000000000,26649380.0000000000,0.0089300000,2.1116223800,AKShare stock_zh_a_spot / 新浪
600178,东安动力,9.0900000000,9.4500000000,58607230.0000000000,6396231.0000000000,-0.0381000000,0.5860723000,AKShare stock_zh_a_spot / 新浪
600179,安通控股,4.3300000000,4.2900000000,176944478.0000000000,41109481.0000000000,0.0093200000,1.7694447800,AKShare stock_zh_a_spot / 新浪
600182,S佳通,13.5700000000,13.7400000000,30708097.0000000000,2273000.0000000000,-0.0123700000,0.3070809700,AKShare stock_zh_a_spot / 新浪
600183,生益科技,125.4700000000,139.4100000000,10133149458.0000000000,78292528.0000000000,-0.0999900000,101.3314945800,AKShare stock_zh_a_spot / 新浪
600184,光电股份,17.4300000000,18.6400000000,298169118.0000000000,16815882.0000000000,-0.0649100000,2.9816911800,AKShare stock_zh_a_spot / 新浪
600185,珠免集团,4.5000000000,4.6100000000,83269813.0000000000,18437100.0000000000,-0.0238600000,0.8326981300,AKShare stock_zh_a_spot / 新浪
600186,莲花控股,11.6100000000,12.9000000000,2924045628.0000000000,242988069.0000000000,-0.1000000000,29.2404562800,AKShare stock_zh_a_spot / 新浪
600188,兖矿能源,21.8000000000,22.4200000000,1300614650.0000000000,58957045.0000000000,-0.0276500000,13.0061465000,AKShare stock_zh_a_spot / 新浪
600189,泉阳泉,7.3400000000,7.5300000000,61836554.0000000000,8338879.0000000000,-0.0252300000,0.6183655400,AKShare stock_zh_a_spot / 新浪
600191,华资实业,10.6900000000,10.9100000000,155009383.0000000000,14314800.0000000000,-0.0201600000,1.5500938300,AKShare stock_zh_a_spot / 新浪
600192,长城电工,6.7800000000,7.0300000000,62379004.0000000000,9116438.0000000000,-0.0355600000,0.6237900400,AKShare stock_zh_a_spot / 新浪
600195,中牧股份,6.6800000000,6.8100000000,58058877.0000000000,8649900.0000000000,-0.0190900000,0.5805887700,AKShare stock_zh_a_spot / 新浪
600196,复星医药,23.6300000000,24.0300000000,543957755.0000000000,22885133.0000000000,-0.0166500000,5.4395775500,AKShare stock_zh_a_spot / 新浪
600197,伊力特,10.4000000000,10.4600000000,50589763.0000000000,4862763.0000000000,-0.0057400000,0.5058976300,AKShare stock_zh_a_spot / 新浪
600198,大唐电信,7.3600000000,7.7200000000,230537028.0000000000,30712344.0000000000,-0.0466300000,2.3053702800,AKShare stock_zh_a_spot / 新浪
600199,金种子酒,7.1000000000,7.4600000000,186448406.0000000000,25605781.0000000000,-0.0482600000,1.8644840600,AKShare stock_zh_a_spot / 新浪
600201,生物股份,13.1300000000,13.4700000000,203812429.0000000000,15446010.0000000000,-0.0252400000,2.0381242900,AKShare stock_zh_a_spot / 新浪
600202,哈空调,4.9000000000,5.0100000000,28651509.0000000000,5806100.0000000000,-0.0219600000,0.2865150900,AKShare stock_zh_a_spot / 新浪
600203,福日电子,9.6300000000,10.1500000000,169754089.0000000000,17378241.0000000000,-0.0512300000,1.6975408900,AKShare stock_zh_a_spot / 新浪
600206,有研新材,58.8700000000,57.7200000000,10645160626.0000000000,182955101.0000000000,0.0199200000,106.4516062600,AKShare stock_zh_a_spot / 新浪
600207,安彩高科,4.2500000000,4.4800000000,73633245.0000000000,17091600.0000000000,-0.0513400000,0.7363324500,AKShare stock_zh_a_spot / 新浪
600208,衢州发展,2.9200000000,2.9900000000,250640310.0000000000,85294660.0000000000,-0.0234100000,2.5064031000,AKShare stock_zh_a_spot / 新浪
600210,紫江企业,5.9600000000,6.0000000000,103165863.0000000000,17276238.0000000000,-0.0066700000,1.0316586300,AKShare stock_zh_a_spot / 新浪
600211,西藏药业,38.0500000000,38.8000000000,149675614.0000000000,3901390.0000000000,-0.0193300000,1.4967561400,AKShare stock_zh_a_spot / 新浪
600212,绿能慧充,5.4800000000,5.7400000000,55507048.0000000000,9990872.0000000000,-0.0453000000,0.5550704800,AKShare stock_zh_a_spot / 新浪
600215,派斯林,6.4000000000,6.7100000000,62786207.0000000000,9675856.0000000000,-0.0462000000,0.6278620700,AKShare stock_zh_a_spot / 新浪
600216,浙江医药,13.9300000000,13.7600000000,1014633794.0000000000,72981901.0000000000,0.0123500000,10.1463379400,AKShare stock_zh_a_spot / 新浪
600217,中再资环,3.0600000000,3.1100000000,31326621.0000000000,10208183.0000000000,-0.0160800000,0.3132662100,AKShare stock_zh_a_spot / 新浪
600218,全柴动力,7.4500000000,7.6900000000,39614158.0000000000,5273367.0000000000,-0.0312100000,0.3961415800,AKShare stock_zh_a_spot / 新浪
600219,南山铝业,5.1000000000,4.9100000000,2029328429.0000000000,404677606.0000000000,0.0387000000,20.2932842900,AKShare stock_zh_a_spot / 新浪
600221,海航控股,1.3100000000,1.3200000000,298590850.0000000000,227700205.0000000000,-0.0075800000,2.9859085000,AKShare stock_zh_a_spot / 新浪
600222,太龙药业,8.1000000000,8.3600000000,291595639.0000000000,35004505.0000000000,-0.0311000000,2.9159563900,AKShare stock_zh_a_spot / 新浪
600223,福瑞达,5.4300000000,5.5600000000,47329008.0000000000,8628901.0000000000,-0.0233800000,0.4732900800,AKShare stock_zh_a_spot / 新浪
600226,亨通股份,6.0500000000,6.4300000000,965313429.0000000000,156007987.0000000000,-0.0591000000,9.6531342900,AKShare stock_zh_a_spot / 新浪
600227,赤天化,3.7200000000,3.7500000000,1325276303.0000000000,355827358.0000000000,-0.0080000000,13.2527630300,AKShare stock_zh_a_spot / 新浪
600228,返利科技,8.3800000000,8.8200000000,282979931.0000000000,32733600.0000000000,-0.0498900000,2.8297993100,AKShare stock_zh_a_spot / 新浪
600229,城市传媒,5.0400000000,5.1100000000,13111736.0000000000,2594568.0000000000,-0.0137000000,0.1311173600,AKShare stock_zh_a_spot / 新浪
600230,沧州大化,14.6300000000,15.2200000000,196205633.0000000000,13222175.0000000000,-0.0387600000,1.9620563300,AKShare stock_zh_a_spot / 新浪
600231,凌钢股份,1.6500000000,1.6900000000,17921710.0000000000,10798100.0000000000,-0.0236700000,0.1792171000,AKShare stock_zh_a_spot / 新浪
600232,金鹰股份,6.3200000000,6.4300000000,31952280.0000000000,5045275.0000000000,-0.0171100000,0.3195228000,AKShare stock_zh_a_spot / 新浪
600233,圆通速递,18.6800000000,19.2500000000,373740054.0000000000,19857505.0000000000,-0.0296100000,3.7374005400,AKShare stock_zh_a_spot / 新浪
600234,科新发展,21.1500000000,22.4300000000,56979121.0000000000,2646110.0000000000,-0.0570700000,0.5697912100,AKShare stock_zh_a_spot / 新浪
600235,民丰特纸,5.6400000000,5.7400000000,21156798.0000000000,3760256.0000000000,-0.0174200000,0.2115679800,AKShare stock_zh_a_spot / 新浪
600236,桂冠电力,10.0600000000,10.3700000000,139920212.0000000000,13852338.0000000000,-0.0298900000,1.3992021200,AKShare stock_zh_a_spot / 新浪
600237,铜峰电子,8.2800000000,8.9200000000,272602809.0000000000,32116178.0000000000,-0.0717500000,2.7260280900,AKShare stock_zh_a_spot / 新浪
600241,时代万恒,7.1000000000,7.3900000000,23924188.0000000000,3330662.0000000000,-0.0392400000,0.2392418800,AKShare stock_zh_a_spot / 新浪
600246,万通发展,12.2000000000,13.5500000000,1203332423.0000000000,96178799.0000000000,-0.0996300000,12.0333242300,AKShare stock_zh_a_spot / 新浪
600248,陕建股份,2.8500000000,2.8700000000,50159997.0000000000,17524138.0000000000,-0.0069700000,0.5015999700,AKShare stock_zh_a_spot / 新浪
600249,两面针,5.1700000000,5.3600000000,50988066.0000000000,9740650.0000000000,-0.0354500000,0.5098806600,AKShare stock_zh_a_spot / 新浪
600250,南京商旅,8.4000000000,8.4700000000,44212571.0000000000,5280400.0000000000,-0.0082600000,0.4421257100,AKShare stock_zh_a_spot / 新浪
600251,冠农股份,9.9900000000,10.4300000000,227827209.0000000000,22461758.0000000000,-0.0421900000,2.2782720900,AKShare stock_zh_a_spot / 新浪
600252,中恒集团,2.2300000000,2.2700000000,110311799.0000000000,49194672.0000000000,-0.0176200000,1.1031179900,AKShare stock_zh_a_spot / 新浪
600255,鑫科材料,3.1600000000,3.3000000000,184731442.0000000000,57748621.0000000000,-0.0424200000,1.8473144200,AKShare stock_zh_a_spot / 新浪
600256,广汇能源,6.1600000000,6.1200000000,783022904.0000000000,126502790.0000000000,0.0065400000,7.8302290400,AKShare stock_zh_a_spot / 新浪
600257,大湖股份,5.5600000000,5.7000000000,135976412.0000000000,24282489.0000000000,-0.0245600000,1.3597641200,AKShare stock_zh_a_spot / 新浪
600258,首旅酒店,12.1000000000,12.0500000000,182264527.0000000000,15105812.0000000000,0.0041500000,1.8226452700,AKShare stock_zh_a_spot / 新浪
600259,中稀有色,85.7700000000,90.2000000000,1112006113.0000000000,12790582.0000000000,-0.0491100000,11.1200611300,AKShare stock_zh_a_spot / 新浪
600261,阳光照明,3.1500000000,3.2000000000,40756010.0000000000,12920430.0000000000,-0.0156300000,0.4075601000,AKShare stock_zh_a_spot / 新浪
600262,北方股份,14.3200000000,14.9200000000,84492079.0000000000,5834020.0000000000,-0.0402100000,0.8449207900,AKShare stock_zh_a_spot / 新浪
600266,城建发展,4.1600000000,4.2300000000,241058809.0000000000,56606490.0000000000,-0.0165500000,2.4105880900,AKShare stock_zh_a_spot / 新浪
600267,海正药业,13.7900000000,14.0500000000,733742883.0000000000,52777997.0000000000,-0.0185100000,7.3374288300,AKShare stock_zh_a_spot / 新浪
600268,国电南自,10.6100000000,11.0100000000,175497319.0000000000,16410640.0000000000,-0.0363300000,1.7549731900,AKShare stock_zh_a_spot / 新浪
600269,赣粤高速,3.7500000000,3.7700000000,67117183.0000000000,17878363.0000000000,-0.0053100000,0.6711718300,AKShare stock_zh_a_spot / 新浪
600271,航天信息,6.6400000000,6.8600000000,108205517.0000000000,16150541.0000000000,-0.0320700000,1.0820551700,AKShare stock_zh_a_spot / 新浪
600272,开开实业,19.5000000000,20.9300000000,964128501.0000000000,49075722.0000000000,-0.0683200000,9.6412850100,AKShare stock_zh_a_spot / 新浪
600273,嘉化能源,6.7900000000,6.8500000000,84399435.0000000000,12377435.0000000000,-0.0087600000,0.8439943500,AKShare stock_zh_a_spot / 新浪
600276,恒瑞医药,52.6600000000,52.3700000000,3340675782.0000000000,63799164.0000000000,0.0055400000,33.4067578200,AKShare stock_zh_a_spot / 新浪
600278,东方创业,6.1100000000,6.2600000000,24662320.0000000000,4004500.0000000000,-0.0239600000,0.2466232000,AKShare stock_zh_a_spot / 新浪
600279,重庆港,4.2500000000,4.2500000000,34876217.0000000000,8227720.0000000000,0.0000000000,0.3487621700,AKShare stock_zh_a_spot / 新浪
600280,中央商场,2.9500000000,3.0400000000,66906096.0000000000,22467900.0000000000,-0.0296100000,0.6690609600,AKShare stock_zh_a_spot / 新浪
600281,华阳新材,4.9400000000,4.8700000000,259223566.0000000000,54059800.0000000000,0.0143700000,2.5922356600,AKShare stock_zh_a_spot / 新浪
600282,南钢股份,4.7800000000,4.7200000000,223917272.0000000000,47266936.0000000000,0.0127100000,2.2391727200,AKShare stock_zh_a_spot / 新浪
600283,钱江水利,7.8000000000,7.9400000000,18550718.0000000000,2365300.0000000000,-0.0176300000,0.1855071800,AKShare stock_zh_a_spot / 新浪
600284,浦东建设,5.0200000000,5.0900000000,88436415.0000000000,17379207.0000000000,-0.0137500000,0.8843641500,AKShare stock_zh_a_spot / 新浪
600285,羚锐制药,19.9700000000,19.7300000000,368242484.0000000000,18492308.0000000000,0.0121600000,3.6824248400,AKShare stock_zh_a_spot / 新浪
600287,苏豪时尚,4.6900000000,4.8200000000,15036506.0000000000,3181300.0000000000,-0.0269700000,0.1503650600,AKShare stock_zh_a_spot / 新浪
600288,大恒科技,11.2700000000,11.9800000000,587168071.0000000000,51246078.0000000000,-0.0592700000,5.8716807100,AKShare stock_zh_a_spot / 新浪
600292,电投水电,11.9300000000,12.1200000000,129439918.0000000000,10747500.0000000000,-0.0156800000,1.2943991800,AKShare stock_zh_a_spot / 新浪
600293,三峡新材,2.7500000000,2.8700000000,72122246.0000000000,25903000.0000000000,-0.0418100000,0.7212224600,AKShare stock_zh_a_spot / 新浪
600295,鄂尔多斯,13.0100000000,12.8200000000,176622526.0000000000,13676548.0000000000,0.0148200000,1.7662252600,AKShare stock_zh_a_spot / 新浪
600298,安琪酵母,42.3300000000,42.7300000000,590652276.0000000000,13844203.0000000000,-0.0093600000,5.9065227600,AKShare stock_zh_a_spot / 新浪
600299,安迪苏,8.4700000000,8.6600000000,379360537.0000000000,44081031.0000000000,-0.0219400000,3.7936053700,AKShare stock_zh_a_spot / 新浪
600300,维维股份,3.2200000000,3.3200000000,112075754.0000000000,34608693.0000000000,-0.0301200000,1.1207575400,AKShare stock_zh_a_spot / 新浪
600301,华锡有色,47.1000000000,49.8200000000,552768603.0000000000,11575408.0000000000,-0.0546000000,5.5276860300,AKShare stock_zh_a_spot / 新浪
600303,曙光股份,2.7800000000,2.9100000000,66064642.0000000000,23476000.0000000000,-0.0446700000,0.6606464200,AKShare stock_zh_a_spot / 新浪
600305,恒顺醋业,6.7700000000,6.8600000000,53736027.0000000000,7886737.0000000000,-0.0131200000,0.5373602700,AKShare stock_zh_a_spot / 新浪
600307,酒钢宏兴,1.4100000000,1.4500000000,46226864.0000000000,32517720.0000000000,-0.0275900000,0.4622686400,AKShare stock_zh_a_spot / 新浪
600308,华泰股份,3.1900000000,3.2400000000,22706044.0000000000,7088192.0000000000,-0.0154300000,0.2270604400,AKShare stock_zh_a_spot / 新浪
600309,万华化学,73.8900000000,73.2700000000,2259285686.0000000000,30646111.0000000000,0.0084600000,22.5928568600,AKShare stock_zh_a_spot / 新浪
600310,广西能源,4.0900000000,4.1900000000,163804181.0000000000,39789953.0000000000,-0.0238700000,1.6380418100,AKShare stock_zh_a_spot / 新浪
600312,平高电气,19.5900000000,20.0600000000,367657197.0000000000,18573320.0000000000,-0.0234300000,3.6765719700,AKShare stock_zh_a_spot / 新浪
600313,农发种业,7.1300000000,6.7800000000,1660895884.0000000000,228500292.0000000000,0.0516200000,16.6089588400,AKShare stock_zh_a_spot / 新浪
600315,上海家化,17.2300000000,17.3700000000,105452505.0000000000,6104880.0000000000,-0.0080600000,1.0545250500,AKShare stock_zh_a_spot / 新浪
600316,洪都航空,28.1000000000,29.0100000000,299947222.0000000000,10553049.0000000000,-0.0313700000,2.9994722200,AKShare stock_zh_a_spot / 新浪
600318,新力金融,6.3300000000,6.5000000000,73003493.0000000000,11450400.0000000000,-0.0261500000,0.7300349300,AKShare stock_zh_a_spot / 新浪
600319,亚星化学,6.1200000000,6.2500000000,21499797.0000000000,3483600.0000000000,-0.0208000000,0.2149979700,AKShare stock_zh_a_spot / 新浪
600320,振华重工,4.0300000000,4.1000000000,142705502.0000000000,35259654.0000000000,-0.0170700000,1.4270550200,AKShare stock_zh_a_spot / 新浪
600322,津投城开,2.6100000000,2.7000000000,54430149.0000000000,20678300.0000000000,-0.0333300000,0.5443014900,AKShare stock_zh_a_spot / 新浪
600323,瀚蓝环境,29.9400000000,29.2100000000,247981059.0000000000,8312298.0000000000,0.0249900000,2.4798105900,AKShare stock_zh_a_spot / 新浪
600325,华发股份,2.3200000000,2.3500000000,127871712.0000000000,54834408.0000000000,-0.0127700000,1.2787171200,AKShare stock_zh_a_spot / 新浪
600326,西藏天路,7.3100000000,7.2200000000,380844885.0000000000,51766904.0000000000,0.0124700000,3.8084488500,AKShare stock_zh_a_spot / 新浪
600327,大东方,3.8500000000,3.9500000000,65971740.0000000000,17008068.0000000000,-0.0253200000,0.6597174000,AKShare stock_zh_a_spot / 新浪
600328,中盐化工,6.2700000000,6.3300000000,87266997.0000000000,13871933.0000000000,-0.0094800000,0.8726699700,AKShare stock_zh_a_spot / 新浪
600329,达仁堂,35.6500000000,35.8600000000,89947702.0000000000,2503921.0000000000,-0.0058600000,0.8994770200,AKShare stock_zh_a_spot / 新浪
600330,天通股份,26.6500000000,29.3900000000,4856960250.0000000000,177398996.0000000000,-0.0932300000,48.5696025000,AKShare stock_zh_a_spot / 新浪
600331,宏达股份,12.3100000000,12.7600000000,448003566.0000000000,35915912.0000000000,-0.0352700000,4.4800356600,AKShare stock_zh_a_spot / 新浪
600332,白云山,21.0600000000,21.0300000000,161154771.0000000000,7646120.0000000000,0.0014300000,1.6115477100,AKShare stock_zh_a_spot / 新浪
600333,长春燃气,6.2500000000,6.4100000000,88143768.0000000000,13986711.0000000000,-0.0249600000,0.8814376800,AKShare stock_zh_a_spot / 新浪
600335,国机汽车,4.9900000000,5.0300000000,49172053.0000000000,9844500.0000000000,-0.0079500000,0.4917205300,AKShare stock_zh_a_spot / 新浪
600336,澳柯玛,6.0900000000,6.2800000000,45894048.0000000000,7500960.0000000000,-0.0302500000,0.4589404800,AKShare stock_zh_a_spot / 新浪
600338,西藏珠峰,12.9900000000,13.5400000000,513722156.0000000000,39092032.0000000000,-0.0406200000,5.1372215600,AKShare stock_zh_a_spot / 新浪
600339,中油工程,3.3500000000,3.3900000000,254489469.0000000000,75342609.0000000000,-0.0118000000,2.5448946900,AKShare stock_zh_a_spot / 新浪
600343,航天动力,18.5900000000,20.4200000000,1186730287.0000000000,62208203.0000000000,-0.0896200000,11.8673028700,AKShare stock_zh_a_spot / 新浪
600345,长江通信,44.9300000000,48.8600000000,368105873.0000000000,7978054.0000000000,-0.0804300000,3.6810587300,AKShare stock_zh_a_spot / 新浪
600346,恒力石化,18.8600000000,17.9600000000,1395284827.0000000000,74428563.0000000000,0.0501100000,13.9528482700,AKShare stock_zh_a_spot / 新浪
600348,华阳股份,8.8500000000,8.9200000000,290290352.0000000000,32552690.0000000000,-0.0078500000,2.9029035200,AKShare stock_zh_a_spot / 新浪
600350,山东高速,10.5200000000,10.5400000000,138745322.0000000000,13134067.0000000000,-0.0019000000,1.3874532200,AKShare stock_zh_a_spot / 新浪
600351,亚宝药业,6.9900000000,7.0900000000,217555375.0000000000,30889027.0000000000,-0.0141000000,2.1755537500,AKShare stock_zh_a_spot / 新浪
600352,浙江龙盛,12.8000000000,13.0300000000,432710249.0000000000,33582611.0000000000,-0.0176500000,4.3271024900,AKShare stock_zh_a_spot / 新浪
600353,旭光电子,33.7900000000,37.5400000000,3793720028.0000000000,106494619.0000000000,-0.0998900000,37.9372002800,AKShare stock_zh_a_spot / 新浪
600354,敦煌种业,6.8500000000,6.9900000000,1126330150.0000000000,156026430.0000000000,-0.0200300000,11.2633015000,AKShare stock_zh_a_spot / 新浪
600356,恒丰纸业,8.7500000000,8.8800000000,37184438.0000000000,4236700.0000000000,-0.0146400000,0.3718443800,AKShare stock_zh_a_spot / 新浪
600358,国旅联合,4.9800000000,5.1500000000,23506233.0000000000,4656600.0000000000,-0.0330100000,0.2350623300,AKShare stock_zh_a_spot / 新浪
600359,新农开发,6.5800000000,6.9300000000,243774942.0000000000,36427286.0000000000,-0.0505100000,2.4377494200,AKShare stock_zh_a_spot / 新浪
600360,华微电子,10.6400000000,11.2300000000,757556089.0000000000,69746356.0000000000,-0.0525400000,7.5755608900,AKShare stock_zh_a_spot / 新浪
600361,创新新材,3.5800000000,3.6200000000,140025036.0000000000,38843500.0000000000,-0.0110500000,1.4002503600,AKShare stock_zh_a_spot / 新浪
600362,江西铜业,44.0200000000,46.6000000000,2453103888.0000000000,54977401.0000000000,-0.0553600000,24.5310388800,AKShare stock_zh_a_spot / 新浪
600363,联创光电,18.3500000000,20.1700000000,930733459.0000000000,49457514.0000000000,-0.0902300000,9.3073345900,AKShare stock_zh_a_spot / 新浪
600366,宁波韵升,11.7000000000,12.4200000000,580646689.0000000000,48803152.0000000000,-0.0579700000,5.8064668900,AKShare stock_zh_a_spot / 新浪
600367,红星发展,39.8800000000,38.2300000000,3610179041.0000000000,92557431.0000000000,0.0431600000,36.1017904100,AKShare stock_zh_a_spot / 新浪
600368,五洲交通,3.9400000000,3.9800000000,53140094.0000000000,13444401.0000000000,-0.0100500000,0.5314009400,AKShare stock_zh_a_spot / 新浪
600369,西南证券,3.9900000000,4.0400000000,124163492.0000000000,31027052.0000000000,-0.0123800000,1.2416349200,AKShare stock_zh_a_spot / 新浪
600371,万向德农,8.9500000000,8.1400000000,468331761.0000000000,53173255.0000000000,0.0995100000,4.6833176100,AKShare stock_zh_a_spot / 新浪
600372,中航机载,10.8700000000,11.1600000000,357860423.0000000000,32570068.0000000000,-0.0259900000,3.5786042300,AKShare stock_zh_a_spot / 新浪
600373,中文传媒,7.0000000000,7.0300000000,76444918.0000000000,10911520.0000000000,-0.0042700000,0.7644491800,AKShare stock_zh_a_spot / 新浪
600375,汉马科技,3.8500000000,3.9500000000,78148750.0000000000,20120600.0000000000,-0.0253200000,0.7814875000,AKShare stock_zh_a_spot / 新浪
600376,首开股份,3.9000000000,4.3300000000,545492774.0000000000,137396090.0000000000,-0.0993100000,5.4549277400,AKShare stock_zh_a_spot / 新浪
600377,宁沪高速,11.9200000000,11.8900000000,101295505.0000000000,8466425.0000000000,0.0025200000,1.0129550500,AKShare stock_zh_a_spot / 新浪
600378,昊华科技,45.6500000000,49.3600000000,2813404552.0000000000,59741359.0000000000,-0.0751600000,28.1340455200,AKShare stock_zh_a_spot / 新浪
600379,宝光股份,14.4400000000,15.3300000000,335611544.0000000000,22602880.0000000000,-0.0580600000,3.3561154400,AKShare stock_zh_a_spot / 新浪
600380,健康元,10.0400000000,10.1600000000,148065202.0000000000,14695651.0000000000,-0.0118100000,1.4806520200,AKShare stock_zh_a_spot / 新浪
600382,广东明珠,6.1400000000,6.2300000000,76779866.0000000000,12521804.0000000000,-0.0144500000,0.7677986600,AKShare stock_zh_a_spot / 新浪
600383,金地集团,2.1900000000,2.2000000000,135956256.0000000000,62112493.0000000000,-0.0045500000,1.3595625600,AKShare stock_zh_a_spot / 新浪
600386,北巴传媒,3.2900000000,3.3700000000,20394728.0000000000,6158900.0000000000,-0.0237400000,0.2039472800,AKShare stock_zh_a_spot / 新浪
600388,紫金龙净,17.4100000000,17.3000000000,297874721.0000000000,16950734.0000000000,0.0063600000,2.9787472100,AKShare stock_zh_a_spot / 新浪
600389,江山股份,19.1400000000,19.0500000000,273640674.0000000000,14285219.0000000000,0.0047200000,2.7364067400,AKShare stock_zh_a_spot / 新浪
600390,五矿资本,4.7400000000,4.8500000000,141675793.0000000000,29761721.0000000000,-0.0226800000,1.4167579300,AKShare stock_zh_a_spot / 新浪
600391,航发科技,29.4000000000,31.7000000000,383657066.0000000000,12774300.0000000000,-0.0725600000,3.8365706600,AKShare stock_zh_a_spot / 新浪
600392,盛和资源,22.3100000000,23.6300000000,1406252517.0000000000,62030755.0000000000,-0.0558600000,14.0625251700,AKShare stock_zh_a_spot / 新浪
600395,盘江股份,5.2300000000,5.1800000000,205067754.0000000000,39034196.0000000000,0.0096500000,2.0506775400,AKShare stock_zh_a_spot / 新浪
600396,华电辽能,14.5800000000,15.5900000000,2816510472.0000000000,184673024.0000000000,-0.0647900000,28.1651047200,AKShare stock_zh_a_spot / 新浪
600397,江钨装备,16.9600000000,18.8400000000,1704805710.0000000000,97748201.0000000000,-0.0997900000,17.0480571000,AKShare stock_zh_a_spot / 新浪
600398,海澜之家,6.0000000000,5.8600000000,191681846.0000000000,32135347.0000000000,0.0238900000,1.9168184600,AKShare stock_zh_a_spot / 新浪
600399,抚顺特钢,4.2000000000,4.3800000000,176301429.0000000000,41445860.0000000000,-0.0411000000,1.7630142900,AKShare stock_zh_a_spot / 新浪
600400,红豆股份,3.0700000000,3.3200000000,237553234.0000000000,75126433.0000000000,-0.0753000000,2.3755323400,AKShare stock_zh_a_spot / 新浪
600403,大有能源,6.8200000000,6.2000000000,825534995.0000000000,124376696.0000000000,0.1000000000,8.2553499500,AKShare stock_zh_a_spot / 新浪
600405,动力源,4.4000000000,4.6000000000,39257392.0000000000,8811220.0000000000,-0.0434800000,0.3925739200,AKShare stock_zh_a_spot / 新浪
600406,国电南瑞,23.5100000000,23.5400000000,973696364.0000000000,41574796.0000000000,-0.0012700000,9.7369636400,AKShare stock_zh_a_spot / 新浪
600408,安泰集团,3.0800000000,2.8700000000,515630376.0000000000,171314111.0000000000,0.0731700000,5.1563037600,AKShare stock_zh_a_spot / 新浪
600409,三友化工,6.7500000000,6.7400000000,202059282.0000000000,29711830.0000000000,0.0014800000,2.0205928200,AKShare stock_zh_a_spot / 新浪
600410,华胜天成,13.7300000000,15.0700000000,920628576.0000000000,65096969.0000000000,-0.0889200000,9.2062857600,AKShare stock_zh_a_spot / 新浪
600415,小商品城,12.0100000000,12.3000000000,849428339.0000000000,70089881.0000000000,-0.0235800000,8.4942833900,AKShare stock_zh_a_spot / 新浪
600416,湘电股份,8.4000000000,8.7900000000,180504634.0000000000,21186655.0000000000,-0.0443700000,1.8050463400,AKShare stock_zh_a_spot / 新浪
600418,江淮汽车,20.9400000000,22.1400000000,1449518695.0000000000,68282370.0000000000,-0.0542000000,14.4951869500,AKShare stock_zh_a_spot / 新浪
600419,天润乳业,8.8700000000,9.0900000000,55845812.0000000000,6245100.0000000000,-0.0242000000,0.5584581200,AKShare stock_zh_a_spot / 新浪
600420,国药现代,8.6300000000,8.6500000000,75635790.0000000000,8758000.0000000000,-0.0023100000,0.7563579000,AKShare stock_zh_a_spot / 新浪
600422,昆药集团,8.6400000000,8.6800000000,103369927.0000000000,11908620.0000000000,-0.0046100000,1.0336992700,AKShare stock_zh_a_spot / 新浪
600425,青松建化,3.5900000000,3.6200000000,57952815.0000000000,16062332.0000000000,-0.0082900000,0.5795281500,AKShare stock_zh_a_spot / 新浪
600426,华鲁恒升,20.9600000000,21.0400000000,799909482.0000000000,37967795.0000000000,-0.0038000000,7.9990948200,AKShare stock_zh_a_spot / 新浪
600428,中远海特,11.9200000000,12.0900000000,567386090.0000000000,47436570.0000000000,-0.0140600000,5.6738609000,AKShare stock_zh_a_spot / 新浪
600429,三元股份,4.5400000000,4.7300000000,67754076.0000000000,14797100.0000000000,-0.0401700000,0.6775407600,AKShare stock_zh_a_spot / 新浪
600433,冠豪高新,3.2400000000,3.3600000000,115103267.0000000000,35207591.0000000000,-0.0357100000,1.1510326700,AKShare stock_zh_a_spot / 新浪
600435,北方导航,10.7300000000,11.1700000000,362295815.0000000000,33192665.0000000000,-0.0393900000,3.6229581500,AKShare stock_zh_a_spot / 新浪
600436,片仔癀,127.3000000000,128.7600000000,400064945.0000000000,3129061.0000000000,-0.0113400000,4.0006494500,AKShare stock_zh_a_spot / 新浪
600438,通威股份,12.3000000000,12.7800000000,608159702.0000000000,48981707.0000000000,-0.0375600000,6.0815970200,AKShare stock_zh_a_spot / 新浪
600444,国机通用,14.3000000000,13.9500000000,157612069.0000000000,10785101.0000000000,0.0250900000,1.5761206900,AKShare stock_zh_a_spot / 新浪
600446,金证股份,10.4000000000,10.7400000000,172334687.0000000000,16463608.0000000000,-0.0316600000,1.7233468700,AKShare stock_zh_a_spot / 新浪
600448,华纺股份,2.8600000000,2.9200000000,29914370.0000000000,10438120.0000000000,-0.0205500000,0.2991437000,AKShare stock_zh_a_spot / 新浪
600449,宁夏建材,11.5400000000,11.9200000000,125245813.0000000000,10737904.0000000000,-0.0318800000,1.2524581300,AKShare stock_zh_a_spot / 新浪
600452,涪陵电力,8.9500000000,9.1000000000,240648439.0000000000,26738460.0000000000,-0.0164800000,2.4064843900,AKShare stock_zh_a_spot / 新浪
600455,博通股份,23.7900000000,24.2900000000,33970251.0000000000,1421500.0000000000,-0.0205800000,0.3397025100,AKShare stock_zh_a_spot / 新浪
600456,宝钛股份,26.5900000000,27.3700000000,218765880.0000000000,8098323.0000000000,-0.0285000000,2.1876588000,AKShare stock_zh_a_spot / 新浪
600458,时代新材,11.1500000000,11.6300000000,260394880.0000000000,23093140.0000000000,-0.0412700000,2.6039488000,AKShare stock_zh_a_spot / 新浪
600459,贵研铂业,21.6200000000,22.8200000000,853649645.0000000000,38577860.0000000000,-0.0525900000,8.5364964500,AKShare stock_zh_a_spot / 新浪
600460,士兰微,34.4900000000,34.8800000000,7079790636.0000000000,201916551.0000000000,-0.0111800000,70.7979063600,AKShare stock_zh_a_spot / 新浪
600461,洪城环境,8.9100000000,8.8400000000,83252139.0000000000,9365308.0000000000,0.0079200000,0.8325213900,AKShare stock_zh_a_spot / 新浪
600463,空港股份,7.9900000000,8.1300000000,22166445.0000000000,2754200.0000000000,-0.0172200000,0.2216644500,AKShare stock_zh_a_spot / 新浪
600467,好当家,2.3300000000,2.3900000000,104595434.0000000000,44570203.0000000000,-0.0251000000,1.0459543400,AKShare stock_zh_a_spot / 新浪
600468,百利电气,5.7800000000,6.0900000000,137308740.0000000000,23366440.0000000000,-0.0509000000,1.3730874000,AKShare stock_zh_a_spot / 新浪
600469,风神股份,5.1500000000,5.2600000000,37998349.0000000000,7340800.0000000000,-0.0209100000,0.3799834900,AKShare stock_zh_a_spot / 新浪
600470,六国化工,5.8000000000,5.7300000000,339732401.0000000000,58553874.0000000000,0.0122200000,3.3973240100,AKShare stock_zh_a_spot / 新浪
600475,华光环能,14.6800000000,14.9800000000,178417738.0000000000,12217323.0000000000,-0.0200300000,1.7841773800,AKShare stock_zh_a_spot / 新浪
600477,杭萧钢构,2.3300000000,2.4300000000,90469772.0000000000,38311011.0000000000,-0.0411500000,0.9046977200,AKShare stock_zh_a_spot / 新浪
600478,科力远,4.7900000000,4.9000000000,127734533.0000000000,26458718.0000000000,-0.0224500000,1.2773453300,AKShare stock_zh_a_spot / 新浪
600479,千金药业,9.8900000000,9.9100000000,55076031.0000000000,5555400.0000000000,-0.0020200000,0.5507603100,AKShare stock_zh_a_spot / 新浪
600480,凌云股份,8.2700000000,8.7800000000,168058310.0000000000,20029444.0000000000,-0.0580900000,1.6805831000,AKShare stock_zh_a_spot / 新浪
600481,双良节能,4.1600000000,4.4100000000,209217072.0000000000,49656611.0000000000,-0.0566900000,2.0921707200,AKShare stock_zh_a_spot / 新浪
600482,中国动力,31.8100000000,33.2300000000,673149117.0000000000,21099574.0000000000,-0.0427300000,6.7314911700,AKShare stock_zh_a_spot / 新浪
600483,福能股份,10.3000000000,10.3100000000,104992613.0000000000,10209632.0000000000,-0.0009700000,1.0499261300,AKShare stock_zh_a_spot / 新浪
600486,扬农化工,55.4400000000,55.8900000000,346679020.0000000000,6181809.0000000000,-0.0080500000,3.4667902000,AKShare stock_zh_a_spot / 新浪
600487,亨通光电,58.9100000000,65.4100000000,14023209580.0000000000,230701040.0000000000,-0.0993700000,140.2320958000,AKShare stock_zh_a_spot / 新浪
600488,津药药业,5.8600000000,6.1500000000,439953963.0000000000,73684200.0000000000,-0.0471500000,4.3995396300,AKShare stock_zh_a_spot / 新浪
600489,中金黄金,25.1900000000,25.3500000000,2301977287.0000000000,91345466.0000000000,-0.0063100000,23.0197728700,AKShare stock_zh_a_spot / 新浪
600490,鹏欣资源,7.0600000000,7.1400000000,340113046.0000000000,48120712.0000000000,-0.0112000000,3.4011304600,AKShare stock_zh_a_spot / 新浪
600493,凤竹纺织,5.9600000000,6.1000000000,33721242.0000000000,5648700.0000000000,-0.0229500000,0.3372124200,AKShare stock_zh_a_spot / 新浪
600495,晋西车轴,4.0700000000,4.1600000000,52276550.0000000000,12762337.0000000000,-0.0216300000,0.5227655000,AKShare stock_zh_a_spot / 新浪
600496,精工钢构,3.3100000000,3.2300000000,176991469.0000000000,54441623.0000000000,0.0247700000,1.7699146900,AKShare stock_zh_a_spot / 新浪
600497,驰宏锌锗,9.6700000000,10.1800000000,1225660712.0000000000,124734253.0000000000,-0.0501000000,12.2566071200,AKShare stock_zh_a_spot / 新浪
600498,烽火通信,37.3500000000,40.9500000000,3274091599.0000000000,85058682.0000000000,-0.0879100000,32.7409159900,AKShare stock_zh_a_spot / 新浪
600499,科达制造,14.0200000000,14.4300000000,353096234.0000000000,24938054.0000000000,-0.0284100000,3.5309623400,AKShare stock_zh_a_spot / 新浪
600500,中化国际,5.2300000000,5.5000000000,844448167.0000000000,157063366.0000000000,-0.0490900000,8.4444816700,AKShare stock_zh_a_spot / 新浪
600501,航天晨光,13.7800000000,14.8200000000,156005414.0000000000,11006031.0000000000,-0.0701800000,1.5600541400,AKShare stock_zh_a_spot / 新浪
600502,安徽建工,4.4500000000,4.4400000000,104686694.0000000000,23534043.0000000000,0.0022500000,1.0468669400,AKShare stock_zh_a_spot / 新浪
600503,华丽家族,2.0800000000,2.1500000000,45271378.0000000000,21547100.0000000000,-0.0325600000,0.4527137800,AKShare stock_zh_a_spot / 新浪
600505,西昌电力,10.5000000000,10.7400000000,65905337.0000000000,6242698.0000000000,-0.0223500000,0.6590533700,AKShare stock_zh_a_spot / 新浪
600506,统一股份,14.4400000000,15.0300000000,60116864.0000000000,4104964.0000000000,-0.0392500000,0.6011686400,AKShare stock_zh_a_spot / 新浪
600507,方大特钢,4.2200000000,4.2100000000,104952566.0000000000,25116338.0000000000,0.0023800000,1.0495256600,AKShare stock_zh_a_spot / 新浪
600508,上海能源,8.7600000000,8.7400000000,105540214.0000000000,12015211.0000000000,0.0022900000,1.0554021400,AKShare stock_zh_a_spot / 新浪
600509,天富能源,7.3600000000,7.5900000000,178209300.0000000000,24042978.0000000000,-0.0303000000,1.7820930000,AKShare stock_zh_a_spot / 新浪
600510,黑牡丹,6.4200000000,6.6100000000,40716872.0000000000,6273632.0000000000,-0.0287400000,0.4071687200,AKShare stock_zh_a_spot / 新浪
600511,国药股份,27.1500000000,27.0300000000,124897293.0000000000,4598700.0000000000,0.0044400000,1.2489729300,AKShare stock_zh_a_spot / 新浪
600512,腾达建设,2.0000000000,2.0400000000,35349738.0000000000,17587600.0000000000,-0.0196100000,0.3534973800,AKShare stock_zh_a_spot / 新浪
600513,联环药业,17.2700000000,18.2300000000,278259307.0000000000,15813214.0000000000,-0.0526600000,2.7825930700,AKShare stock_zh_a_spot / 新浪
600515,海南机场,2.7900000000,2.8500000000,195224814.0000000000,69599215.0000000000,-0.0210500000,1.9522481400,AKShare stock_zh_a_spot / 新浪
600516,方大炭素,5.0600000000,5.2300000000,296398908.0000000000,58091096.0000000000,-0.0325000000,2.9639890800,AKShare stock_zh_a_spot / 新浪
600517,国网英大,4.8700000000,4.9200000000,98427239.0000000000,20197805.0000000000,-0.0101600000,0.9842723900,AKShare stock_zh_a_spot / 新浪
600518,康美药业,1.3500000000,1.3900000000,235555485.0000000000,171706688.0000000000,-0.0287800000,2.3555548500,AKShare stock_zh_a_spot / 新浪
600519,贵州茅台,1307.8800000000,1297.9900000000,4876774762.0000000000,3754751.0000000000,0.0076200000,48.7677476200,AKShare stock_zh_a_spot / 新浪
600520,三佳科技,24.4600000000,26.0500000000,170288766.0000000000,6830210.0000000000,-0.0610400000,1.7028876600,AKShare stock_zh_a_spot / 新浪
600521,华海药业,17.1500000000,17.0900000000,839032213.0000000000,49052644.0000000000,0.0035100000,8.3903221300,AKShare stock_zh_a_spot / 新浪
600522,中天科技,32.0200000000,35.2900000000,8670207877.0000000000,263089377.0000000000,-0.0926600000,86.7020787700,AKShare stock_zh_a_spot / 新浪
600523,贵航股份,11.4700000000,11.9000000000,57451010.0000000000,4955351.0000000000,-0.0361300000,0.5745101000,AKShare stock_zh_a_spot / 新浪
600526,菲达环保,4.4300000000,4.5500000000,34159474.0000000000,7652000.0000000000,-0.0263700000,0.3415947400,AKShare stock_zh_a_spot / 新浪
600527,江南高纤,2.1000000000,2.1700000000,102016007.0000000000,48108700.0000000000,-0.0322600000,1.0201600700,AKShare stock_zh_a_spot / 新浪
600528,中铁工业,6.9700000000,6.9700000000,65074800.0000000000,9332705.0000000000,0.0000000000,0.6507480000,AKShare stock_zh_a_spot / 新浪
600529,山东药玻,19.0100000000,19.0100000000,168468203.0000000000,8841589.0000000000,0.0000000000,1.6846820300,AKShare stock_zh_a_spot / 新浪
600531,豫光金铅,12.8100000000,13.3600000000,513048266.0000000000,39624846.0000000000,-0.0411700000,5.1304826600,AKShare stock_zh_a_spot / 新浪
600533,栖霞建设,2.1000000000,2.1600000000,19409777.0000000000,9141000.0000000000,-0.0277800000,0.1940977700,AKShare stock_zh_a_spot / 新浪
600535,天士力,15.2400000000,15.3900000000,203553220.0000000000,13280161.0000000000,-0.0097500000,2.0355322000,AKShare stock_zh_a_spot / 新浪
600536,中国软件,34.6600000000,34.4500000000,3006271761.0000000000,85680967.0000000000,0.0061000000,30.0627176100,AKShare stock_zh_a_spot / 新浪
600538,国发股份,5.0300000000,5.2700000000,72707830.0000000000,14369048.0000000000,-0.0455400000,0.7270783000,AKShare stock_zh_a_spot / 新浪
600539,狮头股份,13.9600000000,14.5500000000,293209579.0000000000,20548794.0000000000,-0.0405500000,2.9320957900,AKShare stock_zh_a_spot / 新浪
600540,新赛股份,3.9800000000,4.2900000000,234563320.0000000000,58071169.0000000000,-0.0722600000,2.3456332000,AKShare stock_zh_a_spot / 新浪
600545,卓郎智能,4.1000000000,4.5300000000,476680741.0000000000,112402797.0000000000,-0.0949200000,4.7668074100,AKShare stock_zh_a_spot / 新浪
600546,山煤国际,13.0700000000,13.2300000000,331410543.0000000000,25123882.0000000000,-0.0120900000,3.3141054300,AKShare stock_zh_a_spot / 新浪
600547,山东黄金,32.6000000000,30.6100000000,5668465653.0000000000,176763187.0000000000,0.0650100000,56.6846565300,AKShare stock_zh_a_spot / 新浪
600548,深高速,8.3200000000,8.3100000000,27337884.0000000000,3276724.0000000000,0.0012000000,0.2733788400,AKShare stock_zh_a_spot / 新浪
600549,厦门钨业,53.7000000000,58.1100000000,3472687918.0000000000,62994104.0000000000,-0.0758900000,34.7268791800,AKShare stock_zh_a_spot / 新浪
600550,保变电气,11.2300000000,11.6700000000,318127812.0000000000,28005559.0000000000,-0.0377000000,3.1812781200,AKShare stock_zh_a_spot / 新浪
600551,时代出版,6.8700000000,6.9700000000,20636154.0000000000,2984981.0000000000,-0.0143500000,0.2063615400,AKShare stock_zh_a_spot / 新浪
600552,凯盛科技,18.0300000000,19.5800000000,1544931706.0000000000,83047226.0000000000,-0.0791600000,15.4493170600,AKShare stock_zh_a_spot / 新浪
600556,天下秀,4.6100000000,4.8100000000,185899221.0000000000,39923041.0000000000,-0.0415800000,1.8589922100,AKShare stock_zh_a_spot / 新浪
600557,康缘药业,12.3600000000,12.5200000000,92598576.0000000000,7446157.0000000000,-0.0127800000,0.9259857600,AKShare stock_zh_a_spot / 新浪
600558,大西洋,4.7100000000,4.8700000000,78131448.0000000000,16395328.0000000000,-0.0328500000,0.7813144800,AKShare stock_zh_a_spot / 新浪
600559,老白干酒,11.5500000000,11.7600000000,124411135.0000000000,10718028.0000000000,-0.0178600000,1.2441113500,AKShare stock_zh_a_spot / 新浪
600560,金自天正,10.9800000000,11.2300000000,25434433.0000000000,2301100.0000000000,-0.0222600000,0.2543443300,AKShare stock_zh_a_spot / 新浪
600561,江西长运,5.5700000000,5.6800000000,28604924.0000000000,5106300.0000000000,-0.0193700000,0.2860492400,AKShare stock_zh_a_spot / 新浪
600562,国睿科技,25.5300000000,26.5500000000,187749774.0000000000,7248104.0000000000,-0.0384200000,1.8774977400,AKShare stock_zh_a_spot / 新浪
600563,法拉电子,130.3200000000,136.2800000000,739863579.0000000000,5592892.0000000000,-0.0437300000,7.3986357900,AKShare stock_zh_a_spot / 新浪
600566,济川药业,24.8400000000,24.0100000000,283548631.0000000000,11439881.0000000000,0.0345700000,2.8354863100,AKShare stock_zh_a_spot / 新浪
600567,山鹰国际,1.3200000000,1.3400000000,92794261.0000000000,69333611.0000000000,-0.0149300000,0.9279426100,AKShare stock_zh_a_spot / 新浪
600569,安阳钢铁,1.7100000000,1.7600000000,23044844.0000000000,13329445.0000000000,-0.0284100000,0.2304484400,AKShare stock_zh_a_spot / 新浪
600570,恒生电子,20.9900000000,21.6900000000,538650609.0000000000,25467841.0000000000,-0.0322700000,5.3865060900,AKShare stock_zh_a_spot / 新浪
600571,信雅达,9.9200000000,10.3100000000,74238193.0000000000,7421531.0000000000,-0.0378300000,0.7423819300,AKShare stock_zh_a_spot / 新浪
600572,康恩贝,4.3500000000,4.5800000000,613962727.0000000000,138602560.0000000000,-0.0502200000,6.1396272700,AKShare stock_zh_a_spot / 新浪
600573,惠泉啤酒,9.8300000000,10.0200000000,97059744.0000000000,9725000.0000000000,-0.0189600000,0.9705974400,AKShare stock_zh_a_spot / 新浪
600575,淮河能源,3.3200000000,3.3300000000,130881473.0000000000,39304853.0000000000,-0.0030000000,1.3088147300,AKShare stock_zh_a_spot / 新浪
600576,祥源文旅,5.3300000000,5.4100000000,37345973.0000000000,6975400.0000000000,-0.0147900000,0.3734597300,AKShare stock_zh_a_spot / 新浪
600577,精达股份,7.9200000000,8.6300000000,872371867.0000000000,107530879.0000000000,-0.0822700000,8.7237186700,AKShare stock_zh_a_spot / 新浪
600578,京能电力,5.6000000000,5.7000000000,561282103.0000000000,98929239.0000000000,-0.0175400000,5.6128210300,AKShare stock_zh_a_spot / 新浪
600579,中化装备,6.9400000000,7.1600000000,50843629.0000000000,7201400.0000000000,-0.0307300000,0.5084362900,AKShare stock_zh_a_spot / 新浪
600580,卧龙电驱,34.0800000000,37.8700000000,2701312658.0000000000,77828738.0000000000,-0.1000800000,27.0131265800,AKShare stock_zh_a_spot / 新浪
600582,天地科技,4.8500000000,4.8200000000,114116009.0000000000,23510352.0000000000,0.0062200000,1.1411600900,AKShare stock_zh_a_spot / 新浪
600583,海油工程,6.1400000000,6.0200000000,859694424.0000000000,138803698.0000000000,0.0199300000,8.5969442400,AKShare stock_zh_a_spot / 新浪
600584,长电科技,77.7400000000,85.4200000000,12692138756.0000000000,159170816.0000000000,-0.0899100000,126.9213875600,AKShare stock_zh_a_spot / 新浪
600585,海螺水泥,17.4600000000,17.4300000000,347557364.0000000000,19907110.0000000000,0.0017200000,3.4755736400,AKShare stock_zh_a_spot / 新浪
600586,金晶科技,4.0600000000,4.2500000000,70574659.0000000000,17134800.0000000000,-0.0447100000,0.7057465900,AKShare stock_zh_a_spot / 新浪
600587,新华医疗,12.3600000000,12.3800000000,75697823.0000000000,6122420.0000000000,-0.0016200000,0.7569782300,AKShare stock_zh_a_spot / 新浪
600588,用友网络,10.8900000000,11.4400000000,641850081.0000000000,58159620.0000000000,-0.0480800000,6.4185008100,AKShare stock_zh_a_spot / 新浪
600589,大位科技,7.7400000000,8.2900000000,529926571.0000000000,67095008.0000000000,-0.0663400000,5.2992657100,AKShare stock_zh_a_spot / 新浪
600590,泰豪科技,8.2200000000,8.8400000000,278045636.0000000000,33167533.0000000000,-0.0701400000,2.7804563600,AKShare stock_zh_a_spot / 新浪
600592,龙溪股份,13.7400000000,15.0700000000,166919416.0000000000,11801712.0000000000,-0.0882500000,1.6691941600,AKShare stock_zh_a_spot / 新浪
600593,大连圣亚,39.2300000000,40.1000000000,140961944.0000000000,3562600.0000000000,-0.0217000000,1.4096194400,AKShare stock_zh_a_spot / 新浪
600594,益佰制药,3.8300000000,3.9300000000,116988841.0000000000,30385600.0000000000,-0.0254500000,1.1698884100,AKShare stock_zh_a_spot / 新浪
600595,中孚实业,6.0700000000,6.2500000000,451647460.0000000000,73811398.0000000000,-0.0288000000,4.5164746000,AKShare stock_zh_a_spot / 新浪
600596,新安股份,10.7100000000,11.2900000000,443117770.0000000000,40621949.0000000000,-0.0513700000,4.4311777000,AKShare stock_zh_a_spot / 新浪
600597,光明乳业,6.7000000000,6.7700000000,72444728.0000000000,10765300.0000000000,-0.0103400000,0.7244472800,AKShare stock_zh_a_spot / 新浪
600598,北大荒,13.8600000000,13.4600000000,2048671921.0000000000,149557359.0000000000,0.0297200000,20.4867192100,AKShare stock_zh_a_spot / 新浪
600600,青岛啤酒,51.3700000000,51.6300000000,223062951.0000000000,4327566.0000000000,-0.0050400000,2.2306295100,AKShare stock_zh_a_spot / 新浪
600601,方正科技,12.3000000000,13.1400000000,2726922869.0000000000,216721738.0000000000,-0.0639300000,27.2692286900,AKShare stock_zh_a_spot / 新浪
600602,云赛智联,18.7000000000,19.2700000000,820612035.0000000000,43627528.0000000000,-0.0295800000,8.2061203500,AKShare stock_zh_a_spot / 新浪
600603,广汇物流,4.5100000000,4.8100000000,98561550.0000000000,21347100.0000000000,-0.0623700000,0.9856155000,AKShare stock_zh_a_spot / 新浪
600604,市北高新,4.4400000000,4.6800000000,144472771.0000000000,31534623.0000000000,-0.0512800000,1.4447277100,AKShare stock_zh_a_spot / 新浪
600605,汇通能源,23.6200000000,25.7200000000,96325715.0000000000,3961084.0000000000,-0.0816500000,0.9632571500,AKShare stock_zh_a_spot / 新浪
600606,绿地控股,1.2500000000,1.2700000000,106301939.0000000000,84690913.0000000000,-0.0157500000,1.0630193900,AKShare stock_zh_a_spot / 新浪
600609,金杯汽车,3.1500000000,3.2300000000,54432298.0000000000,17160500.0000000000,-0.0247700000,0.5443229800,AKShare stock_zh_a_spot / 新浪
600610,中毅达,7.8000000000,7.0900000000,360766884.0000000000,47572795.0000000000,0.1001400000,3.6076688400,AKShare stock_zh_a_spot / 新浪
600611,大众交通,4.5600000000,4.6700000000,363544652.0000000000,77824812.0000000000,-0.0235500000,3.6354465200,AKShare stock_zh_a_spot / 新浪
600612,老凤祥,34.7600000000,34.4900000000,72925008.0000000000,2098670.0000000000,0.0078300000,0.7292500800,AKShare stock_zh_a_spot / 新浪
600613,神奇制药,7.7800000000,7.7600000000,1322600726.0000000000,162542796.0000000000,0.0025800000,13.2260072600,AKShare stock_zh_a_spot / 新浪
600615,鑫源智造,9.1400000000,9.4700000000,17611421.0000000000,1911460.0000000000,-0.0348500000,0.1761142100,AKShare stock_zh_a_spot / 新浪
600616,金枫酒业,4.2300000000,4.3300000000,36659047.0000000000,8564300.0000000000,-0.0230900000,0.3665904700,AKShare stock_zh_a_spot / 新浪
600617,国新能源,3.3600000000,3.5200000000,109451791.0000000000,32118883.0000000000,-0.0454500000,1.0945179100,AKShare stock_zh_a_spot / 新浪
600618,氯碱化工,10.1500000000,10.2300000000,65702688.0000000000,6450654.0000000000,-0.0078200000,0.6570268800,AKShare stock_zh_a_spot / 新浪
600619,海立股份,14.0900000000,14.4200000000,387678236.0000000000,26975261.0000000000,-0.0228800000,3.8767823600,AKShare stock_zh_a_spot / 新浪
600620,天宸股份,4.2600000000,4.3300000000,21518700.0000000000,5031250.0000000000,-0.0161700000,0.2151870000,AKShare stock_zh_a_spot / 新浪
600621,华鑫股份,12.6600000000,12.9500000000,114125451.0000000000,8945326.0000000000,-0.0223900000,1.1412545100,AKShare stock_zh_a_spot / 新浪
600622,光大嘉宝,2.1700000000,2.2100000000,36573153.0000000000,16711418.0000000000,-0.0181000000,0.3657315300,AKShare stock_zh_a_spot / 新浪
600623,华谊集团,8.2400000000,8.2700000000,83958624.0000000000,10186360.0000000000,-0.0036300000,0.8395862400,AKShare stock_zh_a_spot / 新浪
600626,申达股份,3.5000000000,3.5800000000,26177134.0000000000,7457100.0000000000,-0.0223500000,0.2617713400,AKShare stock_zh_a_spot / 新浪
600628,新世界,6.1000000000,6.2700000000,38608845.0000000000,6273100.0000000000,-0.0271100000,0.3860884500,AKShare stock_zh_a_spot / 新浪
600629,华建集团,16.4900000000,17.0200000000,770942716.0000000000,45508166.0000000000,-0.0311400000,7.7094271600,AKShare stock_zh_a_spot / 新浪
600630,龙头股份,6.5400000000,6.7300000000,57359890.0000000000,8705160.0000000000,-0.0282300000,0.5735989000,AKShare stock_zh_a_spot / 新浪
600633,浙数文化,10.1200000000,10.5000000000,221594239.0000000000,21693898.0000000000,-0.0361900000,2.2159423900,AKShare stock_zh_a_spot / 新浪
600635,大众公用,4.5000000000,4.6800000000,178840189.0000000000,39313476.0000000000,-0.0384600000,1.7884018900,AKShare stock_zh_a_spot / 新浪
600637,东方明珠,7.8800000000,8.0700000000,267675889.0000000000,33684735.0000000000,-0.0235400000,2.6767588900,AKShare stock_zh_a_spot / 新浪
600638,新黄浦,4.7900000000,4.9100000000,57366815.0000000000,11883600.0000000000,-0.0244400000,0.5736681500,AKShare stock_zh_a_spot / 新浪
600639,浦东金桥,9.4900000000,9.4400000000,37228457.0000000000,3916022.0000000000,0.0053000000,0.3722845700,AKShare stock_zh_a_spot / 新浪
600640,国脉文化,10.4200000000,10.7900000000,99933317.0000000000,9546071.0000000000,-0.0342900000,0.9993331700,AKShare stock_zh_a_spot / 新浪
600641,先导基电,33.1500000000,35.8000000000,3053857215.0000000000,88539506.0000000000,-0.0740200000,30.5385721500,AKShare stock_zh_a_spot / 新浪
600642,申能股份,8.3900000000,8.4700000000,160407386.0000000000,18990353.0000000000,-0.0094500000,1.6040738600,AKShare stock_zh_a_spot / 新浪
600643,爱建集团,3.8200000000,3.9100000000,51778195.0000000000,13501603.0000000000,-0.0230200000,0.5177819500,AKShare stock_zh_a_spot / 新浪
600644,乐山电力,8.7100000000,9.1300000000,209536007.0000000000,23676459.0000000000,-0.0460000000,2.0953600700,AKShare stock_zh_a_spot / 新浪
600645,中源协和,20.4200000000,22.4500000000,603837558.0000000000,28732235.0000000000,-0.0904200000,6.0383755800,AKShare stock_zh_a_spot / 新浪
600648,外高桥,8.9500000000,8.9900000000,14382280.0000000000,1606916.0000000000,-0.0044500000,0.1438228000,AKShare stock_zh_a_spot / 新浪
600649,城投控股,3.7800000000,3.7200000000,131582269.0000000000,35077663.0000000000,0.0161300000,1.3158226900,AKShare stock_zh_a_spot / 新浪
600650,锦江在线,10.3100000000,10.6900000000,49585485.0000000000,4746414.0000000000,-0.0355500000,0.4958548500,AKShare stock_zh_a_spot / 新浪
600651,飞乐音响,5.6900000000,5.9000000000,102420138.0000000000,17853812.0000000000,-0.0355900000,1.0242013800,AKShare stock_zh_a_spot / 新浪
600653,申华控股,1.6500000000,1.6800000000,32044412.0000000000,19374627.0000000000,-0.0178600000,0.3204441200,AKShare stock_zh_a_spot / 新浪
600654,中安科,2.8000000000,2.9100000000,159844820.0000000000,56263300.0000000000,-0.0378000000,1.5984482000,AKShare stock_zh_a_spot / 新浪
600655,豫园股份,4.5700000000,4.5900000000,52745692.0000000000,11563059.0000000000,-0.0043600000,0.5274569200,AKShare stock_zh_a_spot / 新浪
600657,信达地产,2.5500000000,2.5700000000,48748737.0000000000,19107933.0000000000,-0.0077800000,0.4874873700,AKShare stock_zh_a_spot / 新浪
600658,电子城,3.8300000000,3.9500000000,40548330.0000000000,10444784.0000000000,-0.0303800000,0.4054833000,AKShare stock_zh_a_spot / 新浪
600660,福耀玻璃,57.9000000000,56.1600000000,1841895111.0000000000,31940480.0000000000,0.0309800000,18.4189511100,AKShare stock_zh_a_spot / 新浪
600661,昂立教育,8.9200000000,9.1800000000,77753409.0000000000,8601994.0000000000,-0.0283200000,0.7775340900,AKShare stock_zh_a_spot / 新浪
600662,外服控股,4.2100000000,4.2500000000,46168602.0000000000,10953595.0000000000,-0.0094100000,0.4616860200,AKShare stock_zh_a_spot / 新浪
600663,陆家嘴,9.4300000000,9.5700000000,139865237.0000000000,14739194.0000000000,-0.0146300000,1.3986523700,AKShare stock_zh_a_spot / 新浪
600664,哈药股份,9.0600000000,9.1200000000,2695768286.0000000000,297542372.0000000000,-0.0065800000,26.9576828600,AKShare stock_zh_a_spot / 新浪
600665,天地源,3.4100000000,3.5400000000,41409412.0000000000,11960980.0000000000,-0.0367200000,0.4140941200,AKShare stock_zh_a_spot / 新浪
600666,奥瑞德,3.5200000000,3.8200000000,453168241.0000000000,125812000.0000000000,-0.0785300000,4.5316824100,AKShare stock_zh_a_spot / 新浪
600667,太极实业,21.1200000000,23.0000000000,6566387724.0000000000,305365952.0000000000,-0.0817400000,65.6638772400,AKShare stock_zh_a_spot / 新浪
600668,尖峰集团,7.2700000000,7.4700000000,37133543.0000000000,5056500.0000000000,-0.0267700000,0.3713354300,AKShare stock_zh_a_spot / 新浪
600671,天目药业,20.6900000000,21.2800000000,49687112.0000000000,2373300.0000000000,-0.0277300000,0.4968711200,AKShare stock_zh_a_spot / 新浪
600673,东阳光,34.8600000000,36.7000000000,1870839768.0000000000,52376921.0000000000,-0.0501400000,18.7083976800,AKShare stock_zh_a_spot / 新浪
600674,川投能源,15.5500000000,15.3300000000,507829052.0000000000,32755299.0000000000,0.0143500000,5.0782905200,AKShare stock_zh_a_spot / 新浪
600675,中华企业,2.2400000000,2.2700000000,67151368.0000000000,29847362.0000000000,-0.0132200000,0.6715136800,AKShare stock_zh_a_spot / 新浪
600676,久事动娱,6.4300000000,6.6400000000,49706898.0000000000,7636090.0000000000,-0.0316300000,0.4970689800,AKShare stock_zh_a_spot / 新浪
600679,上海凤凰,9.3600000000,9.6000000000,20293368.0000000000,2145000.0000000000,-0.0250000000,0.2029336800,AKShare stock_zh_a_spot / 新浪
600681,百川能源,3.4000000000,3.4900000000,62536611.0000000000,18234832.0000000000,-0.0257900000,0.6253661100,AKShare stock_zh_a_spot / 新浪
600682,南京新百,5.6700000000,5.8100000000,75523579.0000000000,13232450.0000000000,-0.0241000000,0.7552357900,AKShare stock_zh_a_spot / 新浪
600683,京投发展,9.6800000000,10.7600000000,521903593.0000000000,52115462.0000000000,-0.1003700000,5.2190359300,AKShare stock_zh_a_spot / 新浪
600684,珠江股份,3.4400000000,3.4200000000,97957218.0000000000,28190441.0000000000,0.0058500000,0.9795721800,AKShare stock_zh_a_spot / 新浪
600685,中船防务,25.1100000000,25.9200000000,227673699.0000000000,8993352.0000000000,-0.0312500000,2.2767369900,AKShare stock_zh_a_spot / 新浪
600686,金龙汽车,10.9300000000,11.4400000000,183395977.0000000000,16538554.0000000000,-0.0445800000,1.8339597700,AKShare stock_zh_a_spot / 新浪
600688,上海石化,2.8200000000,2.8300000000,159919284.0000000000,56710005.0000000000,-0.0035300000,1.5991928400,AKShare stock_zh_a_spot / 新浪
600689,上海三毛,10.4500000000,10.6700000000,27537750.0000000000,2615400.0000000000,-0.0206200000,0.2753775000,AKShare stock_zh_a_spot / 新浪
600690,海尔智家,21.9700000000,21.6500000000,1100900822.0000000000,50354488.0000000000,0.0147800000,11.0090082200,AKShare stock_zh_a_spot / 新浪
600691,潞化科技,2.5200000000,2.5300000000,106190113.0000000000,41644292.0000000000,-0.0039500000,1.0619011300,AKShare stock_zh_a_spot / 新浪
600692,亚通股份,6.0800000000,6.2100000000,40232215.0000000000,6559100.0000000000,-0.0209300000,0.4023221500,AKShare stock_zh_a_spot / 新浪
600693,东百集团,9.0600000000,9.7100000000,556214212.0000000000,59709068.0000000000,-0.0669400000,5.5621421200,AKShare stock_zh_a_spot / 新浪
600694,大商股份,14.3200000000,14.5200000000,34714925.0000000000,2410606.0000000000,-0.0137700000,0.3471492500,AKShare stock_zh_a_spot / 新浪
600697,欧亚集团,10.5300000000,10.8400000000,32924679.0000000000,3099300.0000000000,-0.0286000000,0.3292467900,AKShare stock_zh_a_spot / 新浪
600698,湖南天雁,6.5800000000,6.9100000000,117264566.0000000000,17579497.0000000000,-0.0477600000,1.1726456600,AKShare stock_zh_a_spot / 新浪
600699,均胜电子,19.4200000000,21.1000000000,768391693.0000000000,38619309.0000000000,-0.0796200000,7.6839169300,AKShare stock_zh_a_spot / 新浪
600702,舍得酒业,34.9100000000,36.0300000000,273929572.0000000000,7753743.0000000000,-0.0310900000,2.7392957200,AKShare stock_zh_a_spot / 新浪
600703,三安光电,13.5100000000,14.8300000000,2898291871.0000000000,208739836.0000000000,-0.0890100000,28.9829187100,AKShare stock_zh_a_spot / 新浪
600704,物产中大,4.8400000000,4.8700000000,162525594.0000000000,33423746.0000000000,-0.0061600000,1.6252559400,AKShare stock_zh_a_spot / 新浪
600706,曲江文旅,7.7300000000,8.0000000000,45037317.0000000000,5758372.0000000000,-0.0337500000,0.4503731700,AKShare stock_zh_a_spot / 新浪
600707,彩虹股份,10.3500000000,10.8000000000,3673704924.0000000000,343989695.0000000000,-0.0416700000,36.7370492400,AKShare stock_zh_a_spot / 新浪
600708,光明地产,3.0000000000,3.1500000000,56073553.0000000000,18365800.0000000000,-0.0476200000,0.5607355300,AKShare stock_zh_a_spot / 新浪
600710,苏美达,10.1500000000,10.2900000000,73276698.0000000000,7187658.0000000000,-0.0136100000,0.7327669800,AKShare stock_zh_a_spot / 新浪
600711,盛屯矿业,11.4500000000,11.9400000000,1100361399.0000000000,95654694.0000000000,-0.0410400000,11.0036139900,AKShare stock_zh_a_spot / 新浪
600712,南宁百货,5.2800000000,5.5100000000,68486368.0000000000,12727000.0000000000,-0.0417400000,0.6848636800,AKShare stock_zh_a_spot / 新浪
600713,南京医药,5.2800000000,5.3200000000,82871934.0000000000,15604100.0000000000,-0.0075200000,0.8287193400,AKShare stock_zh_a_spot / 新浪
600714,金瑞矿业,15.4100000000,16.4400000000,243752106.0000000000,15417000.0000000000,-0.0626500000,2.4375210600,AKShare stock_zh_a_spot / 新浪
600715,文投控股,1.5600000000,1.6200000000,49273269.0000000000,31277250.0000000000,-0.0370400000,0.4927326900,AKShare stock_zh_a_spot / 新浪
600716,凤凰股份,3.4600000000,3.5400000000,14013463.0000000000,4028000.0000000000,-0.0226000000,0.1401346300,AKShare stock_zh_a_spot / 新浪
600717,天津港,4.2500000000,4.2400000000,94441860.0000000000,22211672.0000000000,0.0023600000,0.9444186000,AKShare stock_zh_a_spot / 新浪
600718,东软集团,7.9900000000,8.1200000000,83074451.0000000000,10356562.0000000000,-0.0160100000,0.8307445100,AKShare stock_zh_a_spot / 新浪
600719,大连热电,6.9000000000,7.2000000000,80268558.0000000000,11452904.0000000000,-0.0416700000,0.8026855800,AKShare stock_zh_a_spot / 新浪
600720,中交设计,5.0200000000,5.1000000000,48058027.0000000000,9502748.0000000000,-0.0156900000,0.4805802700,AKShare stock_zh_a_spot / 新浪
600721,百花医药,13.7200000000,13.5000000000,1692323403.0000000000,122647012.0000000000,0.0163000000,16.9232340300,AKShare stock_zh_a_spot / 新浪
600722,金牛化工,12.8400000000,13.0200000000,2206092961.0000000000,171525696.0000000000,-0.0138200000,22.0609296100,AKShare stock_zh_a_spot / 新浪
600724,宁波富达,4.9200000000,5.1400000000,36923157.0000000000,7393000.0000000000,-0.0428000000,0.3692315700,AKShare stock_zh_a_spot / 新浪
600725,云维股份,3.2200000000,3.2600000000,109678912.0000000000,33770170.0000000000,-0.0122700000,1.0967891200,AKShare stock_zh_a_spot / 新浪
600726,华电能源,5.6500000000,5.9500000000,857202955.0000000000,148493473.0000000000,-0.0504200000,8.5720295500,AKShare stock_zh_a_spot / 新浪
600727,鲁北化工,7.3700000000,7.5600000000,97189373.0000000000,13070200.0000000000,-0.0251300000,0.9718937300,AKShare stock_zh_a_spot / 新浪
600728,佳都科技,4.4800000000,4.6100000000,127748357.0000000000,28310074.0000000000,-0.0282000000,1.2774835700,AKShare stock_zh_a_spot / 新浪
600729,重百集团,19.2000000000,19.3200000000,55803178.0000000000,2898100.0000000000,-0.0062100000,0.5580317800,AKShare stock_zh_a_spot / 新浪
600731,湖南海利,5.9600000000,6.0000000000,62871825.0000000000,10521581.0000000000,-0.0066700000,0.6287182500,AKShare stock_zh_a_spot / 新浪
600732,爱旭股份,11.8000000000,12.4500000000,449961231.0000000000,37551920.0000000000,-0.0522100000,4.4996123100,AKShare stock_zh_a_spot / 新浪
600733,北汽蓝谷,5.0200000000,5.1600000000,343060692.0000000000,67855263.0000000000,-0.0271300000,3.4306069200,AKShare stock_zh_a_spot / 新浪
600736,苏州高新,6.6200000000,6.9100000000,181752166.0000000000,27040596.0000000000,-0.0419700000,1.8175216600,AKShare stock_zh_a_spot / 新浪
600737,中粮糖业,14.9300000000,15.0800000000,2303288724.0000000000,150573277.0000000000,-0.0099500000,23.0328872400,AKShare stock_zh_a_spot / 新浪
600738,丽尚国潮,4.0800000000,4.1100000000,158423162.0000000000,37899529.0000000000,-0.0073000000,1.5842316200,AKShare stock_zh_a_spot / 新浪
600739,辽宁成大,10.4800000000,10.6400000000,146967826.0000000000,13981550.0000000000,-0.0150400000,1.4696782600,AKShare stock_zh_a_spot / 新浪
600740,山西焦化,3.7400000000,3.5900000000,415800498.0000000000,112125551.0000000000,0.0417800000,4.1580049800,AKShare stock_zh_a_spot / 新浪
600741,华域汽车,15.3300000000,15.3200000000,200617335.0000000000,13021655.0000000000,0.0006500000,2.0061733500,AKShare stock_zh_a_spot / 新浪
600742,富维股份,7.4000000000,7.6100000000,36142114.0000000000,4843233.0000000000,-0.0276000000,0.3614211400,AKShare stock_zh_a_spot / 新浪
600743,华远控股,2.2200000000,2.2600000000,62323718.0000000000,27704690.0000000000,-0.0177000000,0.6232371800,AKShare stock_zh_a_spot / 新浪
600744,华银电力,6.4200000000,6.7600000000,732525429.0000000000,110740257.0000000000,-0.0503000000,7.3252542900,AKShare stock_zh_a_spot / 新浪
600746,XD江苏索,6.5700000000,6.7300000000,80370875.0000000000,12117500.0000000000,-0.0237700000,0.8037087500,AKShare stock_zh_a_spot / 新浪
600748,上实发展,3.7900000000,3.9200000000,43964575.0000000000,11458630.0000000000,-0.0331600000,0.4396457500,AKShare stock_zh_a_spot / 新浪
600749,西藏旅游,13.3400000000,13.8000000000,66415401.0000000000,4933393.0000000000,-0.0333300000,0.6641540100,AKShare stock_zh_a_spot / 新浪
600750,华润江中,23.9900000000,23.7000000000,137395446.0000000000,5734860.0000000000,0.0122400000,1.3739544600,AKShare stock_zh_a_spot / 新浪
600751,海航科技,3.1100000000,3.1700000000,86164868.0000000000,27623100.0000000000,-0.0189300000,0.8616486800,AKShare stock_zh_a_spot / 新浪
600754,锦江酒店,18.8200000000,19.0300000000,165893696.0000000000,8817249.0000000000,-0.0110400000,1.6589369600,AKShare stock_zh_a_spot / 新浪
600755,厦门国贸,5.6100000000,5.6500000000,59983428.0000000000,10640521.0000000000,-0.0070800000,0.5998342800,AKShare stock_zh_a_spot / 新浪
600756,浪潮软件,14.6100000000,15.5400000000,400249143.0000000000,26761881.0000000000,-0.0598500000,4.0024914300,AKShare stock_zh_a_spot / 新浪
600757,长江传媒,7.6700000000,7.6300000000,71840525.0000000000,9325660.0000000000,0.0052400000,0.7184052500,AKShare stock_zh_a_spot / 新浪
600758,辽宁能源,3.5300000000,3.3500000000,470695740.0000000000,134217243.0000000000,0.0537300000,4.7069574000,AKShare stock_zh_a_spot / 新浪
600760,中航沈飞,43.5300000000,43.9400000000,682969880.0000000000,15764154.0000000000,-0.0093300000,6.8296988000,AKShare stock_zh_a_spot / 新浪
600761,安徽合力,16.5300000000,16.7600000000,179511658.0000000000,10810423.0000000000,-0.0137200000,1.7951165800,AKShare stock_zh_a_spot / 新浪
600763,通策医疗,35.2500000000,36.0000000000,356109527.0000000000,10010712.0000000000,-0.0208300000,3.5610952700,AKShare stock_zh_a_spot / 新浪
600764,中国海防,17.1800000000,17.9000000000,129920271.0000000000,7476299.0000000000,-0.0402200000,1.2992027100,AKShare stock_zh_a_spot / 新浪
600765,中航重机,13.0800000000,13.4000000000,201753396.0000000000,15291570.0000000000,-0.0238800000,2.0175339600,AKShare stock_zh_a_spot / 新浪
600768,富邦新材,14.8900000000,15.2700000000,91903379.0000000000,6104201.0000000000,-0.0248900000,0.9190337900,AKShare stock_zh_a_spot / 新浪
600769,祥龙电业,15.3300000000,16.3100000000,193165660.0000000000,12338000.0000000000,-0.0600900000,1.9316566000,AKShare stock_zh_a_spot / 新浪
600770,综艺股份,4.9700000000,5.2900000000,156886303.0000000000,31045504.0000000000,-0.0604900000,1.5688630300,AKShare stock_zh_a_spot / 新浪
600771,广誉远,13.5500000000,13.7100000000,98913123.0000000000,7265700.0000000000,-0.0116700000,0.9891312300,AKShare stock_zh_a_spot / 新浪
600773,西藏城投,10.5600000000,11.0600000000,203585928.0000000000,18928300.0000000000,-0.0452100000,2.0358592800,AKShare stock_zh_a_spot / 新浪
600774,汉商集团,7.1700000000,7.3000000000,28129132.0000000000,3902350.0000000000,-0.0178100000,0.2812913200,AKShare stock_zh_a_spot / 新浪
600775,南京熊猫,9.2200000000,9.8400000000,168455851.0000000000,17919401.0000000000,-0.0630100000,1.6845585100,AKShare stock_zh_a_spot / 新浪
600776,东方通信,12.1500000000,12.8900000000,194663981.0000000000,15716401.0000000000,-0.0574100000,1.9466398100,AKShare stock_zh_a_spot / 新浪
600777,新潮能源,4.1100000000,4.1800000000,79571289.0000000000,19292000.0000000000,-0.0167500000,0.7957128900,AKShare stock_zh_a_spot / 新浪
600778,友好集团,5.4400000000,5.6200000000,36647759.0000000000,6668000.0000000000,-0.0320300000,0.3664775900,AKShare stock_zh_a_spot / 新浪
600779,水井坊,26.9300000000,27.8900000000,76093815.0000000000,2789621.0000000000,-0.0344200000,0.7609381500,AKShare stock_zh_a_spot / 新浪
600780,通宝能源,5.7700000000,5.8800000000,43505295.0000000000,7489200.0000000000,-0.0187100000,0.4350529500,AKShare stock_zh_a_spot / 新浪
600782,新钢股份,2.6900000000,2.7100000000,75944078.0000000000,28300397.0000000000,-0.0073800000,0.7594407800,AKShare stock_zh_a_spot / 新浪
600783,鲁信创投,20.1900000000,18.3500000000,896876313.0000000000,44432372.0000000000,0.1002700000,8.9687631300,AKShare stock_zh_a_spot / 新浪
600784,鲁银投资,7.9200000000,8.2000000000,92266875.0000000000,11542000.0000000000,-0.0341500000,0.9226687500,AKShare stock_zh_a_spot / 新浪
600785,新华百货,8.7600000000,9.1700000000,78680971.0000000000,8834721.0000000000,-0.0447100000,0.7868097100,AKShare stock_zh_a_spot / 新浪
600787,中储股份,4.5600000000,4.5800000000,61233032.0000000000,13459933.0000000000,-0.0043700000,0.6123303200,AKShare stock_zh_a_spot / 新浪
600789,鲁抗医药,7.4000000000,7.5200000000,198908121.0000000000,26678229.0000000000,-0.0159600000,1.9890812100,AKShare stock_zh_a_spot / 新浪
600790,轻纺城,3.2900000000,3.3600000000,32660173.0000000000,9840972.0000000000,-0.0208300000,0.3266017300,AKShare stock_zh_a_spot / 新浪
600791,京能置业,7.2800000000,7.7700000000,102210176.0000000000,13705300.0000000000,-0.0630600000,1.0221017600,AKShare stock_zh_a_spot / 新浪
600792,云煤能源,3.7600000000,3.6500000000,251199349.0000000000,66707071.0000000000,0.0301400000,2.5119934900,AKShare stock_zh_a_spot / 新浪
600793,宜宾纸业,14.2700000000,14.7000000000,77363851.0000000000,5364200.0000000000,-0.0292500000,0.7736385100,AKShare stock_zh_a_spot / 新浪
600794,保税科技,3.1600000000,3.1800000000,64846940.0000000000,20366418.0000000000,-0.0062900000,0.6484694000,AKShare stock_zh_a_spot / 新浪
600795,国电电力,5.1300000000,5.0300000000,1249010685.0000000000,244550397.0000000000,0.0198800000,12.4901068500,AKShare stock_zh_a_spot / 新浪
600796,钱江生化,5.0600000000,5.1900000000,24368901.0000000000,4785300.0000000000,-0.0250500000,0.2436890100,AKShare stock_zh_a_spot / 新浪
600797,浙大网新,6.7400000000,7.0500000000,158077663.0000000000,23183704.0000000000,-0.0439700000,1.5807766300,AKShare stock_zh_a_spot / 新浪
600798,宁波海运,3.3600000000,3.2900000000,170354872.0000000000,50706450.0000000000,0.0212800000,1.7035487200,AKShare stock_zh_a_spot / 新浪
600800,渤海化学,3.2700000000,3.4300000000,150563725.0000000000,45403400.0000000000,-0.0466500000,1.5056372500,AKShare stock_zh_a_spot / 新浪
600801,华新建材,22.9800000000,22.7800000000,199460425.0000000000,8692833.0000000000,0.0087800000,1.9946042500,AKShare stock_zh_a_spot / 新浪
600802,福建水泥,4.4800000000,4.6200000000,28716265.0000000000,6351180.0000000000,-0.0303000000,0.2871626500,AKShare stock_zh_a_spot / 新浪
600803,新奥股份,17.9000000000,17.7000000000,113644961.0000000000,6373032.0000000000,0.0113000000,1.1364496100,AKShare stock_zh_a_spot / 新浪
600805,悦达投资,4.3300000000,4.4400000000,21266504.0000000000,4886800.0000000000,-0.0247700000,0.2126650400,AKShare stock_zh_a_spot / 新浪
600807,济高发展,2.5300000000,2.6000000000,37043772.0000000000,14530903.0000000000,-0.0269200000,0.3704377200,AKShare stock_zh_a_spot / 新浪
600808,马钢股份,2.4500000000,2.4900000000,125443376.0000000000,51102996.0000000000,-0.0160600000,1.2544337600,AKShare stock_zh_a_spot / 新浪
600809,山西汾酒,119.3000000000,120.5200000000,679780241.0000000000,5711820.0000000000,-0.0101200000,6.7978024100,AKShare stock_zh_a_spot / 新浪
600810,神马股份,6.1700000000,6.3800000000,55069212.0000000000,8825917.0000000000,-0.0329200000,0.5506921200,AKShare stock_zh_a_spot / 新浪
600812,华北制药,5.0600000000,5.1600000000,154531246.0000000000,30406512.0000000000,-0.0193800000,1.5453124600,AKShare stock_zh_a_spot / 新浪
600814,杭州解百,6.7000000000,6.8500000000,34253949.0000000000,5100040.0000000000,-0.0219000000,0.3425394900,AKShare stock_zh_a_spot / 新浪
600815,厦工股份,3.9200000000,3.9800000000,338169107.0000000000,84632600.0000000000,-0.0150800000,3.3816910700,AKShare stock_zh_a_spot / 新浪
600816,建元信托,2.4400000000,2.4900000000,153890203.0000000000,62685368.0000000000,-0.0200800000,1.5389020300,AKShare stock_zh_a_spot / 新浪
600817,宇通重工,9.3700000000,9.4000000000,26191106.0000000000,2791806.0000000000,-0.0031900000,0.2619110600,AKShare stock_zh_a_spot / 新浪
600819,耀皮玻璃,5.3500000000,5.5700000000,34413460.0000000000,6366800.0000000000,-0.0395000000,0.3441346000,AKShare stock_zh_a_spot / 新浪
600820,隧道股份,5.3900000000,5.3700000000,92259158.0000000000,17135650.0000000000,0.0037200000,0.9225915800,AKShare stock_zh_a_spot / 新浪
600821,金开新能,5.9400000000,6.3100000000,542631924.0000000000,89618594.0000000000,-0.0586400000,5.4263192400,AKShare stock_zh_a_spot / 新浪
600822,上海物贸,8.2100000000,8.4600000000,25120164.0000000000,3020388.0000000000,-0.0295500000,0.2512016400,AKShare stock_zh_a_spot / 新浪
600824,益民集团,3.6000000000,3.7500000000,89582311.0000000000,24648700.0000000000,-0.0400000000,0.8958231100,AKShare stock_zh_a_spot / 新浪
600825,新华传媒,4.8800000000,5.0400000000,43151215.0000000000,8740300.0000000000,-0.0317500000,0.4315121500,AKShare stock_zh_a_spot / 新浪
600826,兰生股份,7.7000000000,7.8700000000,31936396.0000000000,4129160.0000000000,-0.0216000000,0.3193639600,AKShare stock_zh_a_spot / 新浪
600827,百联股份,7.4900000000,7.6200000000,105973447.0000000000,14086501.0000000000,-0.0170600000,1.0597344700,AKShare stock_zh_a_spot / 新浪
600828,茂业商业,3.8700000000,4.0200000000,43039628.0000000000,10992400.0000000000,-0.0373100000,0.4303962800,AKShare stock_zh_a_spot / 新浪
600829,人民同泰,10.7100000000,11.9000000000,423044351.0000000000,38561400.0000000000,-0.1000000000,4.2304435100,AKShare stock_zh_a_spot / 新浪
600830,香溢融通,7.9900000000,8.1300000000,31748919.0000000000,3964935.0000000000,-0.0172200000,0.3174891900,AKShare stock_zh_a_spot / 新浪
600831,广电网络,3.2900000000,3.3600000000,30611068.0000000000,9301100.0000000000,-0.0208300000,0.3061106800,AKShare stock_zh_a_spot / 新浪
600833,第一医药,10.6900000000,11.2900000000,141698516.0000000000,13008001.0000000000,-0.0531400000,1.4169851600,AKShare stock_zh_a_spot / 新浪
600834,申通地铁,7.3600000000,7.3400000000,22050170.0000000000,2999187.0000000000,0.0027200000,0.2205017000,AKShare stock_zh_a_spot / 新浪
600835,上海机电,18.0200000000,19.0400000000,153161390.0000000000,8403724.0000000000,-0.0535700000,1.5316139000,AKShare stock_zh_a_spot / 新浪
600838,上海九百,7.3100000000,7.6200000000,67642175.0000000000,9190614.0000000000,-0.0406800000,0.6764217500,AKShare stock_zh_a_spot / 新浪
600839,四川长虹,6.8600000000,7.1100000000,515261958.0000000000,74278408.0000000000,-0.0351600000,5.1526195800,AKShare stock_zh_a_spot / 新浪
600841,动力新科,5.6000000000,5.9000000000,90886043.0000000000,16037900.0000000000,-0.0508500000,0.9088604300,AKShare stock_zh_a_spot / 新浪
600843,上工申贝,6.7600000000,7.0600000000,54348988.0000000000,7928000.0000000000,-0.0424900000,0.5434898800,AKShare stock_zh_a_spot / 新浪
600844,金煤科技,3.3800000000,3.5600000000,143497925.0000000000,41686900.0000000000,-0.0505600000,1.4349792500,AKShare stock_zh_a_spot / 新浪
600845,宝信软件,17.5500000000,18.0200000000,305159005.0000000000,17300206.0000000000,-0.0260800000,3.0515900500,AKShare stock_zh_a_spot / 新浪
600846,同济科技,12.0700000000,12.1700000000,61961988.0000000000,5104240.0000000000,-0.0082200000,0.6196198800,AKShare stock_zh_a_spot / 新浪
600847,万里股份,12.3900000000,12.8900000000,22153373.0000000000,1762400.0000000000,-0.0387900000,0.2215337300,AKShare stock_zh_a_spot / 新浪
600848,上海临港,8.4600000000,8.5200000000,49135317.0000000000,5802080.0000000000,-0.0070400000,0.4913531700,AKShare stock_zh_a_spot / 新浪
600850,电科数字,14.2800000000,14.8300000000,133491790.0000000000,9260912.0000000000,-0.0370900000,1.3349179000,AKShare stock_zh_a_spot / 新浪
600851,海欣股份,8.5700000000,8.8700000000,97778103.0000000000,11263501.0000000000,-0.0338200000,0.9777810300,AKShare stock_zh_a_spot / 新浪
600853,龙建股份,3.2300000000,3.2800000000,26323206.0000000000,8136900.0000000000,-0.0152400000,0.2632320600,AKShare stock_zh_a_spot / 新浪
600854,春兰股份,4.4700000000,4.5600000000,23626734.0000000000,5246900.0000000000,-0.0197400000,0.2362673400,AKShare stock_zh_a_spot / 新浪
600855,航天长峰,11.9500000000,12.7500000000,120381128.0000000000,9876703.0000000000,-0.0627500000,1.2038112800,AKShare stock_zh_a_spot / 新浪
600857,宁波中百,19.7200000000,21.0900000000,171930873.0000000000,8555030.0000000000,-0.0649600000,1.7193087300,AKShare stock_zh_a_spot / 新浪
600858,银座股份,4.8500000000,4.9800000000,30593698.0000000000,6259380.0000000000,-0.0261000000,0.3059369800,AKShare stock_zh_a_spot / 新浪
600859,王府井,9.7000000000,9.9200000000,121485074.0000000000,12436105.0000000000,-0.0221800000,1.2148507400,AKShare stock_zh_a_spot / 新浪
600860,京城股份,8.3600000000,8.8700000000,114845339.0000000000,13504035.0000000000,-0.0575000000,1.1484533900,AKShare stock_zh_a_spot / 新浪
600861,北京人力,12.8300000000,12.9400000000,31491656.0000000000,2447900.0000000000,-0.0085000000,0.3149165600,AKShare stock_zh_a_spot / 新浪
600862,中航高科,17.3600000000,17.8300000000,267549823.0000000000,15296881.0000000000,-0.0263600000,2.6754982300,AKShare stock_zh_a_spot / 新浪
600863,华能蒙电,4.7400000000,4.9200000000,659970507.0000000000,137935242.0000000000,-0.0365900000,6.5997050700,AKShare stock_zh_a_spot / 新浪
600864,哈投股份,5.3000000000,5.4500000000,201789192.0000000000,37803573.0000000000,-0.0275200000,2.0178919200,AKShare stock_zh_a_spot / 新浪
600865,百大集团,8.6000000000,8.9200000000,45804503.0000000000,5280200.0000000000,-0.0358700000,0.4580450300,AKShare stock_zh_a_spot / 新浪
600866,星湖科技,4.3500000000,4.4500000000,104120580.0000000000,23822000.0000000000,-0.0224700000,1.0412058000,AKShare stock_zh_a_spot / 新浪
600867,通化东宝,8.2400000000,8.3600000000,201468470.0000000000,24347427.0000000000,-0.0143500000,2.0146847000,AKShare stock_zh_a_spot / 新浪
600868,梅雁吉祥,2.6700000000,2.7400000000,133931672.0000000000,49713257.0000000000,-0.0255500000,1.3393167200,AKShare stock_zh_a_spot / 新浪
600869,远东股份,15.4000000000,17.1000000000,2190584512.0000000000,138198474.0000000000,-0.0994200000,21.9058451200,AKShare stock_zh_a_spot / 新浪
600871,石化油服,2.2300000000,2.2900000000,428897620.0000000000,189511618.0000000000,-0.0262000000,4.2889762000,AKShare stock_zh_a_spot / 新浪
600872,中炬高新,18.6100000000,18.8500000000,216930066.0000000000,11624699.0000000000,-0.0127300000,2.1693006600,AKShare stock_zh_a_spot / 新浪
600873,梅花生物,7.7500000000,7.8000000000,207894949.0000000000,26878682.0000000000,-0.0064100000,2.0789494900,AKShare stock_zh_a_spot / 新浪
600874,创业环保,5.6000000000,5.5900000000,40318920.0000000000,7197201.0000000000,0.0017900000,0.4031892000,AKShare stock_zh_a_spot / 新浪
600875,东方电气,25.9100000000,27.5800000000,1455843866.0000000000,55128140.0000000000,-0.0605500000,14.5584386600,AKShare stock_zh_a_spot / 新浪
600876,凯盛新能,6.9500000000,7.1300000000,24808182.0000000000,3524000.0000000000,-0.0252500000,0.2480818200,AKShare stock_zh_a_spot / 新浪
600877,电科芯片,12.3300000000,13.0900000000,243294336.0000000000,19303109.0000000000,-0.0580600000,2.4329433600,AKShare stock_zh_a_spot / 新浪
600879,航天电子,15.0100000000,16.3600000000,3351012646.0000000000,211569177.0000000000,-0.0825200000,33.5101264600,AKShare stock_zh_a_spot / 新浪
600880,博瑞传播,3.7800000000,3.9200000000,51036190.0000000000,13376300.0000000000,-0.0357100000,0.5103619000,AKShare stock_zh_a_spot / 新浪
600881,亚泰集团,1.8800000000,2.0300000000,525809708.0000000000,273373747.0000000000,-0.0738900000,5.2580970800,AKShare stock_zh_a_spot / 新浪
600882,妙可蓝多,21.0500000000,20.8600000000,214355107.0000000000,10229503.0000000000,0.0091100000,2.1435510700,AKShare stock_zh_a_spot / 新浪
600883,博闻科技,7.6300000000,7.9300000000,78033590.0000000000,10106499.0000000000,-0.0378300000,0.7803359000,AKShare stock_zh_a_spot / 新浪
600884,杉杉股份,11.6800000000,11.9900000000,523104187.0000000000,44369038.0000000000,-0.0258500000,5.2310418700,AKShare stock_zh_a_spot / 新浪
600885,宏发股份,35.2100000000,35.8400000000,524804799.0000000000,14828500.0000000000,-0.0175800000,5.2480479900,AKShare stock_zh_a_spot / 新浪
600886,国投电力,14.0600000000,13.7400000000,523914595.0000000000,37511015.0000000000,0.0232900000,5.2391459500,AKShare stock_zh_a_spot / 新浪
600887,伊利股份,25.2300000000,25.1500000000,1901669413.0000000000,75732789.0000000000,0.0031800000,19.0166941300,AKShare stock_zh_a_spot / 新浪
600888,新疆众和,9.7900000000,10.2700000000,501618954.0000000000,50525044.0000000000,-0.0467400000,5.0161895400,AKShare stock_zh_a_spot / 新浪
600892,大晟文化,3.6900000000,3.8200000000,107544537.0000000000,28926800.0000000000,-0.0340300000,1.0754453700,AKShare stock_zh_a_spot / 新浪
600893,航发动力,35.5700000000,37.0100000000,1232248700.0000000000,34276580.0000000000,-0.0389100000,12.3224870000,AKShare stock_zh_a_spot / 新浪
600894,广日股份,7.7800000000,7.8200000000,37024145.0000000000,4725500.0000000000,-0.0051200000,0.3702414500,AKShare stock_zh_a_spot / 新浪
600895,张江高科,31.5700000000,32.5100000000,1138134187.0000000000,35406680.0000000000,-0.0289100000,11.3813418700,AKShare stock_zh_a_spot / 新浪
600897,厦门空港,14.7000000000,14.7900000000,23029318.0000000000,1558100.0000000000,-0.0060900000,0.2302931800,AKShare stock_zh_a_spot / 新浪
600900,长江电力,28.4200000000,28.1200000000,3623005629.0000000000,128036154.0000000000,0.0106700000,36.2300562900,AKShare stock_zh_a_spot / 新浪
600901,江苏金租,6.5800000000,6.6400000000,356239986.0000000000,53714284.0000000000,-0.0090400000,3.5623998600,AKShare stock_zh_a_spot / 新浪
600903,贵州燃气,6.1200000000,6.4200000000,262106373.0000000000,42275057.0000000000,-0.0467300000,2.6210637300,AKShare stock_zh_a_spot / 新浪
600905,三峡能源,3.6900000000,3.7100000000,292541883.0000000000,78994580.0000000000,-0.0053900000,2.9254188300,AKShare stock_zh_a_spot / 新浪
600906,财达证券,6.3900000000,6.5400000000,178759270.0000000000,27782293.0000000000,-0.0229400000,1.7875927000,AKShare stock_zh_a_spot / 新浪
600908,无锡银行,5.3700000000,5.3200000000,104376936.0000000000,19433842.0000000000,0.0094000000,1.0437693600,AKShare stock_zh_a_spot / 新浪
600909,华安证券,8.0800000000,8.3200000000,1049419564.0000000000,127810142.0000000000,-0.0288500000,10.4941956400,AKShare stock_zh_a_spot / 新浪
600916,中国黄金,7.6400000000,7.6700000000,215138576.0000000000,28055691.0000000000,-0.0039100000,2.1513857600,AKShare stock_zh_a_spot / 新浪
600917,重庆燃气,4.7800000000,4.8300000000,16755527.0000000000,3496600.0000000000,-0.0103500000,0.1675552700,AKShare stock_zh_a_spot / 新浪
600918,中泰证券,5.4700000000,5.5400000000,141284207.0000000000,25742580.0000000000,-0.0126400000,1.4128420700,AKShare stock_zh_a_spot / 新浪
600919,江苏银行,11.9500000000,11.7100000000,1510112122.0000000000,127249232.0000000000,0.0205000000,15.1011212200,AKShare stock_zh_a_spot / 新浪
600925,苏能股份,4.3200000000,4.3300000000,30250047.0000000000,6972210.0000000000,-0.0023100000,0.3025004700,AKShare stock_zh_a_spot / 新浪
600926,杭州银行,16.7900000000,16.5600000000,755515174.0000000000,45123222.0000000000,0.0138900000,7.5551517400,AKShare stock_zh_a_spot / 新浪
600927,永安期货,12.6300000000,12.9100000000,59984447.0000000000,4718900.0000000000,-0.0216900000,0.5998444700,AKShare stock_zh_a_spot / 新浪
600928,西安银行,3.5200000000,3.5000000000,75324216.0000000000,21405003.0000000000,0.0057100000,0.7532421600,AKShare stock_zh_a_spot / 新浪
600929,雪天盐业,5.2400000000,5.3000000000,93968506.0000000000,17879739.0000000000,-0.0113200000,0.9396850600,AKShare stock_zh_a_spot / 新浪
600930,华电新能,3.9000000000,4.0300000000,788794350.0000000000,199854176.0000000000,-0.0322600000,7.8879435000,AKShare stock_zh_a_spot / 新浪
600933,爱柯迪,13.6500000000,14.1500000000,140685964.0000000000,10182011.0000000000,-0.0353400000,1.4068596400,AKShare stock_zh_a_spot / 新浪
600935,华塑股份,2.2400000000,2.2900000000,33099038.0000000000,14679699.0000000000,-0.0218300000,0.3309903800,AKShare stock_zh_a_spot / 新浪
600936,北投科技,4.7200000000,4.9100000000,358723408.0000000000,75479365.0000000000,-0.0387000000,3.5872340800,AKShare stock_zh_a_spot / 新浪
600938,中国海油,33.3500000000,33.5800000000,1493116684.0000000000,44351585.0000000000,-0.0068500000,14.9311668400,AKShare stock_zh_a_spot / 新浪
600939,重庆建工,2.5200000000,2.5700000000,17885409.0000000000,7044400.0000000000,-0.0194600000,0.1788540900,AKShare stock_zh_a_spot / 新浪
600941,中国移动,97.1700000000,95.7400000000,1186183367.0000000000,12278341.0000000000,0.0149400000,11.8618336700,AKShare stock_zh_a_spot / 新浪
600955,维远股份,12.6000000000,12.9500000000,54400133.0000000000,4291502.0000000000,-0.0270300000,0.5440013300,AKShare stock_zh_a_spot / 新浪
600956,新天绿能,7.1300000000,7.1900000000,49378726.0000000000,6937973.0000000000,-0.0083400000,0.4937872600,AKShare stock_zh_a_spot / 新浪
600958,东方证券,8.8800000000,9.0000000000,390926655.0000000000,43854863.0000000000,-0.0133300000,3.9092665500,AKShare stock_zh_a_spot / 新浪
600959,江苏有线,2.9800000000,3.0400000000,80759257.0000000000,26956362.0000000000,-0.0197400000,0.8075925700,AKShare stock_zh_a_spot / 新浪
600960,渤海汽车,3.8500000000,4.0100000000,37576532.0000000000,9635300.0000000000,-0.0399000000,0.3757653200,AKShare stock_zh_a_spot / 新浪
600961,株冶集团,27.4300000000,29.2600000000,1470705104.0000000000,52488527.0000000000,-0.0625400000,14.7070510400,AKShare stock_zh_a_spot / 新浪
600962,国投中鲁,24.9700000000,26.1300000000,168667578.0000000000,6635909.0000000000,-0.0443900000,1.6866757800,AKShare stock_zh_a_spot / 新浪
600963,岳阳林纸,3.3100000000,3.3600000000,88062372.0000000000,26490996.0000000000,-0.0148800000,0.8806237200,AKShare stock_zh_a_spot / 新浪
600966,博汇纸业,4.7200000000,4.8100000000,42634638.0000000000,8966496.0000000000,-0.0187100000,0.4263463800,AKShare stock_zh_a_spot / 新浪
600967,内蒙一机,10.7100000000,11.1900000000,258672967.0000000000,23815837.0000000000,-0.0429000000,2.5867296700,AKShare stock_zh_a_spot / 新浪
600968,海油发展,4.0600000000,4.0000000000,333340770.0000000000,81652400.0000000000,0.0150000000,3.3334077000,AKShare stock_zh_a_spot / 新浪
600969,郴电国际,8.5700000000,8.9100000000,56216153.0000000000,6497700.0000000000,-0.0381600000,0.5621615300,AKShare stock_zh_a_spot / 新浪
600970,中材国际,7.6800000000,7.7400000000,98406831.0000000000,12770041.0000000000,-0.0077500000,0.9840683100,AKShare stock_zh_a_spot / 新浪
600971,恒源煤电,8.5800000000,8.3600000000,278274031.0000000000,32453321.0000000000,0.0263200000,2.7827403100,AKShare stock_zh_a_spot / 新浪
600973,宝胜股份,5.9500000000,6.1300000000,108423613.0000000000,18055672.0000000000,-0.0293600000,1.0842361300,AKShare stock_zh_a_spot / 新浪
600975,新五丰,4.9100000000,5.0500000000,84741673.0000000000,17064352.0000000000,-0.0277200000,0.8474167300,AKShare stock_zh_a_spot / 新浪
600976,健民集团,28.3600000000,28.5100000000,77066842.0000000000,2695700.0000000000,-0.0052600000,0.7706684200,AKShare stock_zh_a_spot / 新浪
600977,中国电影,11.7800000000,12.0200000000,324026766.0000000000,27388601.0000000000,-0.0199700000,3.2402676600,AKShare stock_zh_a_spot / 新浪
600979,广安爱众,3.8100000000,3.9000000000,89401509.0000000000,23311500.0000000000,-0.0230800000,0.8940150900,AKShare stock_zh_a_spot / 新浪
600980,北矿科技,19.5900000000,20.0200000000,68314274.0000000000,3449700.0000000000,-0.0214800000,0.6831427400,AKShare stock_zh_a_spot / 新浪
600981,苏豪汇鸿,2.3700000000,2.4200000000,36346099.0000000000,15249600.0000000000,-0.0206600000,0.3634609900,AKShare stock_zh_a_spot / 新浪
600982,宁波能源,4.7600000000,4.9000000000,97478274.0000000000,20268700.0000000000,-0.0285700000,0.9747827400,AKShare stock_zh_a_spot / 新浪
600983,惠而浦,7.6300000000,7.6400000000,22734952.0000000000,2971100.0000000000,-0.0013100000,0.2273495200,AKShare stock_zh_a_spot / 新浪
600985,淮北矿业,17.1400000000,17.1300000000,601813731.0000000000,34707282.0000000000,0.0005800000,6.0181373100,AKShare stock_zh_a_spot / 新浪
600986,浙文互联,7.0500000000,7.4600000000,450859078.0000000000,63152625.0000000000,-0.0549600000,4.5085907800,AKShare stock_zh_a_spot / 新浪
600987,航民股份,6.5400000000,6.6700000000,66764174.0000000000,10197068.0000000000,-0.0194900000,0.6676417400,AKShare stock_zh_a_spot / 新浪
600988,赤峰黄金,42.7200000000,42.2100000000,2613005794.0000000000,61130192.0000000000,0.0120800000,26.1300579400,AKShare stock_zh_a_spot / 新浪
600989,宝丰能源,23.6600000000,23.5500000000,1972348999.0000000000,83315716.0000000000,0.0046700000,19.7234899900,AKShare stock_zh_a_spot / 新浪
600990,四创电子,17.4800000000,18.3300000000,79301450.0000000000,4460797.0000000000,-0.0463700000,0.7930145000,AKShare stock_zh_a_spot / 新浪
600992,贵绳股份,9.6000000000,10.0800000000,114129701.0000000000,11635427.0000000000,-0.0476200000,1.1412970100,AKShare stock_zh_a_spot / 新浪
600993,马应龙,23.1800000000,22.9300000000,116844887.0000000000,5045052.0000000000,0.0109000000,1.1684488700,AKShare stock_zh_a_spot / 新浪
600995,南网储能,12.3600000000,12.5700000000,125725600.0000000000,10118630.0000000000,-0.0167100000,1.2572560000,AKShare stock_zh_a_spot / 新浪
600996,贵广网络,6.5100000000,6.7500000000,141379353.0000000000,21290500.0000000000,-0.0355600000,1.4137935300,AKShare stock_zh_a_spot / 新浪
600997,开滦股份,5.5700000000,5.5100000000,98831324.0000000000,17714318.0000000000,0.0108900000,0.9883132400,AKShare stock_zh_a_spot / 新浪
600998,九州通,4.9500000000,4.9600000000,146543264.0000000000,29603272.0000000000,-0.0020200000,1.4654326400,AKShare stock_zh_a_spot / 新浪
600999,招商证券,17.8300000000,18.0500000000,943773165.0000000000,52577138.0000000000,-0.0121900000,9.4377316500,AKShare stock_zh_a_spot / 新浪
601000,唐山港,4.5900000000,4.5300000000,212940183.0000000000,46672744.0000000000,0.0132500000,2.1294018300,AKShare stock_zh_a_spot / 新浪
601001,晋控煤业,17.2000000000,17.3900000000,415373095.0000000000,23881901.0000000000,-0.0109300000,4.1537309500,AKShare stock_zh_a_spot / 新浪
601002,晋亿实业,5.2200000000,5.3400000000,61791416.0000000000,11682900.0000000000,-0.0224700000,0.6179141600,AKShare stock_zh_a_spot / 新浪
601003,柳钢股份,3.6000000000,3.7600000000,71173989.0000000000,19541905.0000000000,-0.0425500000,0.7117398900,AKShare stock_zh_a_spot / 新浪
601005,重庆钢铁,1.1800000000,1.2000000000,89459966.0000000000,75670905.0000000000,-0.0166700000,0.8945996600,AKShare stock_zh_a_spot / 新浪
601006,大秦铁路,4.7700000000,4.7400000000,520750527.0000000000,109161287.0000000000,0.0063300000,5.2075052700,AKShare stock_zh_a_spot / 新浪
601007,金陵饭店,6.6300000000,6.7600000000,26195421.0000000000,3930600.0000000000,-0.0192300000,0.2619542100,AKShare stock_zh_a_spot / 新浪
601008,连云港,4.5700000000,4.4000000000,212477450.0000000000,46562449.0000000000,0.0386400000,2.1247745000,AKShare stock_zh_a_spot / 新浪
601009,南京银行,11.7600000000,11.4700000000,1050052656.0000000000,89932392.0000000000,0.0252800000,10.5005265600,AKShare stock_zh_a_spot / 新浪
601011,宝泰隆,3.0400000000,2.7600000000,220941870.0000000000,72822739.0000000000,0.1014500000,2.2094187000,AKShare stock_zh_a_spot / 新浪
601012,隆基绿能,12.4500000000,12.8400000000,1231598255.0000000000,98516040.0000000000,-0.0303700000,12.3159825500,AKShare stock_zh_a_spot / 新浪
601015,陕西黑猫,3.7100000000,3.3700000000,565578257.0000000000,156893179.0000000000,0.1008900000,5.6557825700,AKShare stock_zh_a_spot / 新浪
601016,节能风电,3.3700000000,3.4300000000,328644021.0000000000,96720356.0000000000,-0.0174900000,3.2864402100,AKShare stock_zh_a_spot / 新浪
601018,宁波港,3.3900000000,3.3300000000,309768701.0000000000,91725895.0000000000,0.0180200000,3.0976870100,AKShare stock_zh_a_spot / 新浪
601019,山东出版,6.9700000000,6.8600000000,77552895.0000000000,11138741.0000000000,0.0160300000,0.7755289500,AKShare stock_zh_a_spot / 新浪
601020,华钰矿业,20.8500000000,21.7000000000,469917042.0000000000,22294654.0000000000,-0.0391700000,4.6991704200,AKShare stock_zh_a_spot / 新浪
601021,春秋航空,44.1400000000,44.2700000000,151889041.0000000000,3436895.0000000000,-0.0029400000,1.5188904100,AKShare stock_zh_a_spot / 新浪
601022,宁波远洋,8.3500000000,8.3500000000,136261895.0000000000,16293419.0000000000,0.0000000000,1.3626189500,AKShare stock_zh_a_spot / 新浪
601026,道生天合,16.0100000000,16.3700000000,169651804.0000000000,10376852.0000000000,-0.0219900000,1.6965180400,AKShare stock_zh_a_spot / 新浪
601033,永兴股份,14.4200000000,14.4300000000,49311134.0000000000,3423391.0000000000,-0.0006900000,0.4931113400,AKShare stock_zh_a_spot / 新浪
601038,一拖股份,12.6800000000,13.0300000000,89803896.0000000000,6982063.0000000000,-0.0268600000,0.8980389600,AKShare stock_zh_a_spot / 新浪
601058,赛轮轮胎,14.0600000000,13.8900000000,617505022.0000000000,43744774.0000000000,0.0122400000,6.1750502200,AKShare stock_zh_a_spot / 新浪
601059,信达证券,16.2900000000,16.3000000000,118423374.0000000000,7212693.0000000000,-0.0006100000,1.1842337400,AKShare stock_zh_a_spot / 新浪
601061,中信金属,11.5500000000,12.0500000000,160336487.0000000000,13689489.0000000000,-0.0414900000,1.6033648700,AKShare stock_zh_a_spot / 新浪
601065,江盐集团,6.7000000000,6.7900000000,26219130.0000000000,3895999.0000000000,-0.0132500000,0.2621913000,AKShare stock_zh_a_spot / 新浪
601066,中信建投,25.1200000000,25.4300000000,577211707.0000000000,22793341.0000000000,-0.0121900000,5.7721170700,AKShare stock_zh_a_spot / 新浪
601068,中铝国际,4.4000000000,4.5000000000,52447142.0000000000,11817702.0000000000,-0.0222200000,0.5244714200,AKShare stock_zh_a_spot / 新浪
601069,西部黄金,29.4600000000,28.5000000000,1085275281.0000000000,37492965.0000000000,0.0336800000,10.8527528100,AKShare stock_zh_a_spot / 新浪
601077,渝农商行,6.7600000000,6.6300000000,528890461.0000000000,78437855.0000000000,0.0196100000,5.2889046100,AKShare stock_zh_a_spot / 新浪
601083,锦江航运,11.4800000000,11.3400000000,129708317.0000000000,11276241.0000000000,0.0123500000,1.2970831700,AKShare stock_zh_a_spot / 新浪
601086,国芳集团,7.6300000000,7.9600000000,73296359.0000000000,9440625.0000000000,-0.0414600000,0.7329635900,AKShare stock_zh_a_spot / 新浪
601088,中国神华,46.5200000000,45.7000000000,1849501314.0000000000,40002953.0000000000,0.0179400000,18.4950131400,AKShare stock_zh_a_spot / 新浪
601089,福元医药,17.0100000000,17.1200000000,91740314.0000000000,5335748.0000000000,-0.0064300000,0.9174031400,AKShare stock_zh_a_spot / 新浪
601096,宏盛华源,4.1600000000,4.2600000000,90871860.0000000000,21738500.0000000000,-0.0234700000,0.9087186000,AKShare stock_zh_a_spot / 新浪
601098,中南传媒,10.2700000000,10.1700000000,85807550.0000000000,8362390.0000000000,0.0098300000,0.8580755000,AKShare stock_zh_a_spot / 新浪
601099,太平洋,3.3200000000,3.4200000000,452673358.0000000000,135036190.0000000000,-0.0292400000,4.5267335800,AKShare stock_zh_a_spot / 新浪
601100,恒立液压,101.0000000000,107.9900000000,1060043928.0000000000,10364373.0000000000,-0.0647300000,10.6004392800,AKShare stock_zh_a_spot / 新浪
601101,昊华能源,12.6100000000,13.0300000000,1140832038.0000000000,86430558.0000000000,-0.0322300000,11.4083203800,AKShare stock_zh_a_spot / 新浪
601106,中国一重,2.9800000000,3.0800000000,173531293.0000000000,57594496.0000000000,-0.0324700000,1.7353129300,AKShare stock_zh_a_spot / 新浪
601107,四川成渝,5.5700000000,5.5000000000,60922065.0000000000,10967129.0000000000,0.0127300000,0.6092206500,AKShare stock_zh_a_spot / 新浪
601108,财通证券,8.4700000000,8.8300000000,660832986.0000000000,76840387.0000000000,-0.0407700000,6.6083298600,AKShare stock_zh_a_spot / 新浪
601111,中国国航,5.8100000000,5.8600000000,309963699.0000000000,53244902.0000000000,-0.0085300000,3.0996369900,AKShare stock_zh_a_spot / 新浪
601112,振石股份,15.2600000000,15.7200000000,95288982.0000000000,6174151.0000000000,-0.0292600000,0.9528898200,AKShare stock_zh_a_spot / 新浪
601113,华鼎股份,3.3100000000,3.3800000000,28681671.0000000000,8605273.0000000000,-0.0207100000,0.2868167100,AKShare stock_zh_a_spot / 新浪
601116,三江购物,10.6200000000,11.7700000000,494656299.0000000000,45053539.0000000000,-0.0977100000,4.9465629900,AKShare stock_zh_a_spot / 新浪
601117,中国化学,7.4400000000,7.5000000000,358420779.0000000000,48088796.0000000000,-0.0080000000,3.5842077900,AKShare stock_zh_a_spot / 新浪
601118,海南橡胶,5.6400000000,5.6900000000,802344032.0000000000,140485313.0000000000,-0.0087900000,8.0234403200,AKShare stock_zh_a_spot / 新浪
601121,宝地矿业,7.3200000000,7.4300000000,78482544.0000000000,10677200.0000000000,-0.0148000000,0.7848254400,AKShare stock_zh_a_spot / 新浪
601126,四方股份,43.8800000000,47.1100000000,1388746698.0000000000,31032820.0000000000,-0.0685600000,13.8874669800,AKShare stock_zh_a_spot / 新浪
601127,赛力斯,50.4800000000,51.8400000000,1141028819.0000000000,22524675.0000000000,-0.0262300000,11.4102881900,AKShare stock_zh_a_spot / 新浪
601128,常熟银行,6.1900000000,6.1200000000,323699552.0000000000,52468269.0000000000,0.0114400000,3.2369955200,AKShare stock_zh_a_spot / 新浪
601133,柏诚股份,25.2600000000,27.9000000000,371589920.0000000000,14191847.0000000000,-0.0946200000,3.7158992000,AKShare stock_zh_a_spot / 新浪
601136,首创证券,13.7500000000,13.9800000000,131542085.0000000000,9519600.0000000000,-0.0164500000,1.3154208500,AKShare stock_zh_a_spot / 新浪
601137,博威合金,18.6800000000,18.6100000000,372174522.0000000000,20123527.0000000000,0.0037600000,3.7217452200,AKShare stock_zh_a_spot / 新浪
601138,工业富联,61.8300000000,66.2000000000,8731974574.0000000000,138926963.0000000000,-0.0660100000,87.3197457400,AKShare stock_zh_a_spot / 新浪
601139,深圳燃气,6.3500000000,6.2800000000,132241244.0000000000,20911630.0000000000,0.0111500000,1.3224124400,AKShare stock_zh_a_spot / 新浪
601155,新城控股,11.0800000000,11.1400000000,310647574.0000000000,27743212.0000000000,-0.0053900000,3.1064757400,AKShare stock_zh_a_spot / 新浪
601156,东航物流,18.3600000000,18.8300000000,156978395.0000000000,8474360.0000000000,-0.0249600000,1.5697839500,AKShare stock_zh_a_spot / 新浪
601158,重庆水务,4.1100000000,4.1000000000,20959041.0000000000,5108233.0000000000,0.0024400000,0.2095904100,AKShare stock_zh_a_spot / 新浪
601162,天风证券,3.5600000000,3.6400000000,470088556.0000000000,131295636.0000000000,-0.0219800000,4.7008855600,AKShare stock_zh_a_spot / 新浪
601163,三角轮胎,12.8100000000,13.0100000000,32694513.0000000000,2537234.0000000000,-0.0153700000,0.3269451300,AKShare stock_zh_a_spot / 新浪
601166,兴业银行,18.2400000000,17.8500000000,2600435556.0000000000,144079209.0000000000,0.0218500000,26.0043555600,AKShare stock_zh_a_spot / 新浪
601168,西部矿业,36.8300000000,38.9500000000,1943644814.0000000000,51957011.0000000000,-0.0544300000,19.4364481400,AKShare stock_zh_a_spot / 新浪
601169,北京银行,5.0200000000,4.9600000000,662755947.0000000000,132447545.0000000000,0.0121000000,6.6275594700,AKShare stock_zh_a_spot / 新浪
601177,杭齿前进,12.5800000000,13.6300000000,108425002.0000000000,8421364.0000000000,-0.0770400000,1.0842500200,AKShare stock_zh_a_spot / 新浪
601179,中国西电,13.0000000000,13.6200000000,1397336407.0000000000,105866705.0000000000,-0.0455200000,13.9733640700,AKShare stock_zh_a_spot / 新浪
601186,中国铁建,5.9700000000,6.0100000000,205183464.0000000000,34259756.0000000000,-0.0066600000,2.0518346400,AKShare stock_zh_a_spot / 新浪
601187,厦门银行,7.2800000000,7.1200000000,175682890.0000000000,24354300.0000000000,0.0224700000,1.7568289000,AKShare stock_zh_a_spot / 新浪
601188,龙江交通,2.8000000000,2.8600000000,46220115.0000000000,16418600.0000000000,-0.0209800000,0.4622011500,AKShare stock_zh_a_spot / 新浪
601198,东兴证券,13.5400000000,13.4800000000,420926090.0000000000,30764106.0000000000,0.0044500000,4.2092609000,AKShare stock_zh_a_spot / 新浪
601199,江南水务,6.2400000000,6.4600000000,113208898.0000000000,17891957.0000000000,-0.0340600000,1.1320889800,AKShare stock_zh_a_spot / 新浪
601200,上海环境,6.9200000000,6.9500000000,50227794.0000000000,7248219.0000000000,-0.0043200000,0.5022779400,AKShare stock_zh_a_spot / 新浪
601208,东材科技,45.0600000000,49.4800000000,4171084133.0000000000,88979055.0000000000,-0.0893300000,41.7108413300,AKShare stock_zh_a_spot / 新浪
601211,国泰海通,17.8600000000,17.7500000000,2333844892.0000000000,130673042.0000000000,0.0062000000,23.3384489200,AKShare stock_zh_a_spot / 新浪
601212,白银有色,5.4000000000,5.6000000000,611553119.0000000000,112033835.0000000000,-0.0357100000,6.1155311900,AKShare stock_zh_a_spot / 新浪
601216,君正集团,4.3700000000,4.4300000000,196752682.0000000000,44842624.0000000000,-0.0135400000,1.9675268200,AKShare stock_zh_a_spot / 新浪
601218,吉鑫科技,4.3600000000,4.5600000000,124726021.0000000000,28237500.0000000000,-0.0438600000,1.2472602100,AKShare stock_zh_a_spot / 新浪
601222,林洋能源,5.4700000000,5.5100000000,88235732.0000000000,16122395.0000000000,-0.0072600000,0.8823573200,AKShare stock_zh_a_spot / 新浪
601225,陕西煤业,25.5900000000,25.5000000000,1150888149.0000000000,44692745.0000000000,0.0035300000,11.5088814900,AKShare stock_zh_a_spot / 新浪
601226,华电科工,5.9900000000,6.2500000000,54624379.0000000000,8994200.0000000000,-0.0416000000,0.5462437900,AKShare stock_zh_a_spot / 新浪
601228,广州港,3.0200000000,3.0400000000,57818682.0000000000,19058692.0000000000,-0.0065800000,0.5781868200,AKShare stock_zh_a_spot / 新浪
601229,上海银行,9.7600000000,9.5300000000,1227167995.0000000000,126402398.0000000000,0.0241300000,12.2716799500,AKShare stock_zh_a_spot / 新浪
601231,环旭电子,26.8700000000,28.6900000000,983462272.0000000000,35987966.0000000000,-0.0634400000,9.8346227200,AKShare stock_zh_a_spot / 新浪
601233,桐昆股份,23.7100000000,23.9200000000,868694141.0000000000,36228552.0000000000,-0.0087800000,8.6869414100,AKShare stock_zh_a_spot / 新浪
601236,红塔证券,6.7600000000,6.8100000000,73574651.0000000000,10868650.0000000000,-0.0073400000,0.7357465100,AKShare stock_zh_a_spot / 新浪
601238,广汽集团,5.0100000000,5.1000000000,102123059.0000000000,20289412.0000000000,-0.0176500000,1.0212305900,AKShare stock_zh_a_spot / 新浪
601279,英利汽车,3.1300000000,3.2300000000,35879127.0000000000,11386900.0000000000,-0.0309600000,0.3587912700,AKShare stock_zh_a_spot / 新浪
601288,农业银行,6.7700000000,6.6000000000,4028517330.0000000000,598814928.0000000000,0.0257600000,40.2851733000,AKShare stock_zh_a_spot / 新浪
601298,青岛港,8.9300000000,8.7400000000,128872438.0000000000,14455134.0000000000,0.0217400000,1.2887243800,AKShare stock_zh_a_spot / 新浪
601311,骆驼股份,7.6300000000,7.7600000000,79153647.0000000000,10321271.0000000000,-0.0167500000,0.7915364700,AKShare stock_zh_a_spot / 新浪
601318,中国平安,52.0800000000,51.3200000000,4086762722.0000000000,78982601.0000000000,0.0148100000,40.8676272200,AKShare stock_zh_a_spot / 新浪
601319,中国人保,6.8800000000,6.9100000000,310131190.0000000000,44922728.0000000000,-0.0043400000,3.1013119000,AKShare stock_zh_a_spot / 新浪
601326,秦港股份,3.3800000000,3.3900000000,77722214.0000000000,22926737.0000000000,-0.0029500000,0.7772221400,AKShare stock_zh_a_spot / 新浪
601328,交通银行,7.1500000000,7.0100000000,1697378220.0000000000,238786873.0000000000,0.0199700000,16.9737822000,AKShare stock_zh_a_spot / 新浪
601330,绿色动力,7.0000000000,7.0200000000,56008914.0000000000,7979500.0000000000,-0.0028500000,0.5600891400,AKShare stock_zh_a_spot / 新浪
601333,广深铁路,2.9300000000,2.9100000000,190256361.0000000000,65091194.0000000000,0.0068700000,1.9025636100,AKShare stock_zh_a_spot / 新浪
601336,新华保险,57.6600000000,57.9400000000,853189317.0000000000,14770765.0000000000,-0.0048300000,8.5318931700,AKShare stock_zh_a_spot / 新浪
601339,百隆东方,7.8400000000,7.9000000000,81817308.0000000000,10302700.0000000000,-0.0075900000,0.8181730800,AKShare stock_zh_a_spot / 新浪
601360,三六零,8.8300000000,9.1600000000,849546493.0000000000,95782558.0000000000,-0.0360300000,8.4954649300,AKShare stock_zh_a_spot / 新浪
601366,利群股份,3.6000000000,3.7500000000,132864957.0000000000,36253542.0000000000,-0.0400000000,1.3286495700,AKShare stock_zh_a_spot / 新浪
601368,绿城水务,4.5200000000,4.5600000000,16413161.0000000000,3629880.0000000000,-0.0087700000,0.1641316100,AKShare stock_zh_a_spot / 新浪
601369,陕鼓动力,8.8000000000,8.9200000000,96987223.0000000000,10994300.0000000000,-0.0134500000,0.9698722300,AKShare stock_zh_a_spot / 新浪
601375,中原证券,3.9800000000,4.0400000000,130926681.0000000000,32678859.0000000000,-0.0148500000,1.3092668100,AKShare stock_zh_a_spot / 新浪
601377,兴业证券,5.7700000000,5.8200000000,309777719.0000000000,53576945.0000000000,-0.0085900000,3.0977771900,AKShare stock_zh_a_spot / 新浪
601388,怡球资源,3.2700000000,3.3600000000,90794267.0000000000,27540284.0000000000,-0.0267900000,0.9079426700,AKShare stock_zh_a_spot / 新浪
601390,中国中铁,4.3100000000,4.3400000000,343746976.0000000000,79632345.0000000000,-0.0069100000,3.4374697600,AKShare stock_zh_a_spot / 新浪
601398,工商银行,7.8000000000,7.6700000000,3594980093.0000000000,462590966.0000000000,0.0169500000,35.9498009300,AKShare stock_zh_a_spot / 新浪
601399,国机重装,3.0900000000,3.2100000000,235653518.0000000000,75540709.0000000000,-0.0373800000,2.3565351800,AKShare stock_zh_a_spot / 新浪
601456,国联民生,8.7500000000,8.8600000000,141193541.0000000000,16078383.0000000000,-0.0124200000,1.4119354100,AKShare stock_zh_a_spot / 新浪
601500,通用股份,3.9700000000,4.0500000000,43576707.0000000000,10906280.0000000000,-0.0197500000,0.4357670700,AKShare stock_zh_a_spot / 新浪
601512,中新集团,7.7200000000,7.8000000000,22888546.0000000000,2945907.0000000000,-0.0102600000,0.2288854600,AKShare stock_zh_a_spot / 新浪
601515,衢州东峰,3.2400000000,3.4000000000,55346542.0000000000,16854464.0000000000,-0.0470600000,0.5534654200,AKShare stock_zh_a_spot / 新浪
601518,吉林高速,2.7500000000,2.7800000000,37172511.0000000000,13488729.0000000000,-0.0107900000,0.3717251100,AKShare stock_zh_a_spot / 新浪
601519,大智慧,7.6800000000,7.9500000000,211661736.0000000000,27270401.0000000000,-0.0339600000,2.1166173600,AKShare stock_zh_a_spot / 新浪
601528,瑞丰银行,4.8900000000,4.8500000000,87920063.0000000000,18021324.0000000000,0.0082500000,0.8792006300,AKShare stock_zh_a_spot / 新浪
601555,东吴证券,7.9100000000,7.9800000000,254033163.0000000000,32056567.0000000000,-0.0087700000,2.5403316300,AKShare stock_zh_a_spot / 新浪
601566,九牧王,8.3700000000,8.7000000000,66664095.0000000000,7874829.0000000000,-0.0379300000,0.6666409500,AKShare stock_zh_a_spot / 新浪
601567,三星电气,15.1200000000,15.2200000000,220479649.0000000000,14457706.0000000000,-0.0065700000,2.2047964900,AKShare stock_zh_a_spot / 新浪
601568,北元化工,3.7000000000,3.7100000000,57011353.0000000000,15383620.0000000000,-0.0027000000,0.5701135300,AKShare stock_zh_a_spot / 新浪
601577,长沙银行,9.4300000000,9.2200000000,223292791.0000000000,23883641.0000000000,0.0227800000,2.2329279100,AKShare stock_zh_a_spot / 新浪
601579,会稽山,18.4700000000,18.7600000000,472261394.0000000000,24792833.0000000000,-0.0154600000,4.7226139400,AKShare stock_zh_a_spot / 新浪
601588,北辰实业,1.6900000000,1.7200000000,28610900.0000000000,16912302.0000000000,-0.0174400000,0.2861090000,AKShare stock_zh_a_spot / 新浪
601595,上海电影,16.1300000000,16.8200000000,87267917.0000000000,5349800.0000000000,-0.0410200000,0.8726791700,AKShare stock_zh_a_spot / 新浪
601598,中国外运,6.6100000000,6.6500000000,96711001.0000000000,14605487.0000000000,-0.0060200000,0.9671100100,AKShare stock_zh_a_spot / 新浪
601599,浙文影业,2.9800000000,3.0500000000,53146799.0000000000,17744400.0000000000,-0.0229500000,0.5314679900,AKShare stock_zh_a_spot / 新浪
601600,中国铝业,9.3500000000,9.4500000000,1225695376.0000000000,131493253.0000000000,-0.0105800000,12.2569537600,AKShare stock_zh_a_spot / 新浪
601601,中国太保,30.2000000000,29.9800000000,1259743513.0000000000,41926663.0000000000,0.0073400000,12.5974351300,AKShare stock_zh_a_spot / 新浪
601606,长城军工,30.8500000000,33.7000000000,1173192862.0000000000,36660154.0000000000,-0.0845700000,11.7319286200,AKShare stock_zh_a_spot / 新浪
601607,上海医药,16.3700000000,16.4300000000,194965742.0000000000,11902700.0000000000,-0.0036500000,1.9496574200,AKShare stock_zh_a_spot / 新浪
601608,中信重工,4.7100000000,4.9300000000,243998153.0000000000,51123520.0000000000,-0.0446200000,2.4399815300,AKShare stock_zh_a_spot / 新浪
601609,金田股份,12.9500000000,11.9500000000,2615213529.0000000000,203916463.0000000000,0.0836800000,26.1521352900,AKShare stock_zh_a_spot / 新浪
601611,中国核建,10.6900000000,11.0600000000,416425266.0000000000,38381904.0000000000,-0.0334500000,4.1642526600,AKShare stock_zh_a_spot / 新浪
601615,明阳智能,10.7800000000,11.4800000000,657942404.0000000000,59641799.0000000000,-0.0609800000,6.5794240400,AKShare stock_zh_a_spot / 新浪
601616,广电电气,3.7100000000,3.7600000000,55940847.0000000000,15128300.0000000000,-0.0133000000,0.5594084700,AKShare stock_zh_a_spot / 新浪
601618,中国中冶,2.5400000000,2.5600000000,180462495.0000000000,70883986.0000000000,-0.0078100000,1.8046249500,AKShare stock_zh_a_spot / 新浪
601619,嘉泽新能,4.1900000000,4.2800000000,188901509.0000000000,44826100.0000000000,-0.0210300000,1.8890150900,AKShare stock_zh_a_spot / 新浪
601628,中国人寿,36.8400000000,36.9500000000,915318771.0000000000,24888140.0000000000,-0.0029800000,9.1531877100,AKShare stock_zh_a_spot / 新浪
601633,长城汽车,15.2300000000,15.3300000000,162738558.0000000000,10657384.0000000000,-0.0065200000,1.6273855800,AKShare stock_zh_a_spot / 新浪
601636,旗滨集团,5.8800000000,6.3000000000,538031006.0000000000,89449972.0000000000,-0.0666700000,5.3803100600,AKShare stock_zh_a_spot / 新浪
601658,邮储银行,4.9800000000,4.9300000000,888228182.0000000000,178971079.0000000000,0.0101400000,8.8822818200,AKShare stock_zh_a_spot / 新浪
601665,齐鲁银行,6.4500000000,6.4000000000,275065616.0000000000,42826775.0000000000,0.0078100000,2.7506561600,AKShare stock_zh_a_spot / 新浪
601666,平煤股份,9.4200000000,9.2900000000,604697670.0000000000,63997930.0000000000,0.0139900000,6.0469767000,AKShare stock_zh_a_spot / 新浪
601668,中国建筑,4.4100000000,4.3600000000,1011516692.0000000000,230686593.0000000000,0.0114700000,10.1151669200,AKShare stock_zh_a_spot / 新浪
601669,中国电建,4.6200000000,4.6800000000,522839259.0000000000,112866535.0000000000,-0.0128200000,5.2283925900,AKShare stock_zh_a_spot / 新浪
601677,明泰铝业,16.9100000000,16.6400000000,632713346.0000000000,37708761.0000000000,0.0162300000,6.3271334600,AKShare stock_zh_a_spot / 新浪
601678,滨化股份,6.4700000000,6.8500000000,815017685.0000000000,124070521.0000000000,-0.0554700000,8.1501768500,AKShare stock_zh_a_spot / 新浪
601686,友发集团,5.1000000000,5.1500000000,20337010.0000000000,3983100.0000000000,-0.0097100000,0.2033701000,AKShare stock_zh_a_spot / 新浪
601688,华泰证券,18.9000000000,19.1000000000,1323084839.0000000000,70046948.0000000000,-0.0104700000,13.2308483900,AKShare stock_zh_a_spot / 新浪
601689,拓普集团,46.5000000000,51.1000000000,1735656096.0000000000,36367299.0000000000,-0.0900200000,17.3565609600,AKShare stock_zh_a_spot / 新浪
601696,XD中银证,11.4100000000,11.8400000000,358632489.0000000000,31075206.0000000000,-0.0363200000,3.5863248900,AKShare stock_zh_a_spot / 新浪
601698,中国卫通,25.8800000000,27.0600000000,1815049764.0000000000,68098031.0000000000,-0.0436100000,18.1504976400,AKShare stock_zh_a_spot / 新浪
601699,潞安环能,16.3700000000,16.4900000000,746806723.0000000000,45250465.0000000000,-0.0072800000,7.4680672300,AKShare stock_zh_a_spot / 新浪
601700,风范股份,6.8200000000,7.3100000000,1302409864.0000000000,188032602.0000000000,-0.0670300000,13.0240986400,AKShare stock_zh_a_spot / 新浪
601702,华峰铝业,16.6400000000,16.7000000000,369765908.0000000000,22208920.0000000000,-0.0035900000,3.6976590800,AKShare stock_zh_a_spot / 新浪
601717,中创智领,15.1400000000,15.1700000000,229738286.0000000000,15076513.0000000000,-0.0019800000,2.2973828600,AKShare stock_zh_a_spot / 新浪
601727,上海电气,6.5200000000,6.6900000000,447138325.0000000000,68124097.0000000000,-0.0254100000,4.4713832500,AKShare stock_zh_a_spot / 新浪
601728,中国电信,6.6500000000,6.5700000000,892351765.0000000000,135127848.0000000000,0.0121800000,8.9235176500,AKShare stock_zh_a_spot / 新浪
601766,中国中车,6.0900000000,6.0400000000,994671106.0000000000,163814092.0000000000,0.0082800000,9.9467110600,AKShare stock_zh_a_spot / 新浪
601777,千里科技,8.1000000000,8.1800000000,280096616.0000000000,34476300.0000000000,-0.0097800000,2.8009661600,AKShare stock_zh_a_spot / 新浪
601778,晶科科技,3.5700000000,3.8200000000,535113862.0000000000,147159035.0000000000,-0.0654500000,5.3511386200,AKShare stock_zh_a_spot / 新浪
601788,光大证券,14.2800000000,14.4500000000,272014290.0000000000,19023228.0000000000,-0.0117600000,2.7201429000,AKShare stock_zh_a_spot / 新浪
601789,宁波建工,4.1600000000,4.3500000000,206042953.0000000000,48906987.0000000000,-0.0436800000,2.0604295300,AKShare stock_zh_a_spot / 新浪
601798,蓝科高新,7.5200000000,7.8000000000,45880940.0000000000,6040100.0000000000,-0.0359000000,0.4588094000,AKShare stock_zh_a_spot / 新浪
601799,星宇股份,88.8300000000,92.8100000000,290356289.0000000000,3235651.0000000000,-0.0428800000,2.9035628900,AKShare stock_zh_a_spot / 新浪
601800,中国交建,5.8300000000,5.8700000000,174483728.0000000000,29820278.0000000000,-0.0068100000,1.7448372800,AKShare stock_zh_a_spot / 新浪
601801,皖新传媒,5.4800000000,5.4200000000,56165061.0000000000,10279404.0000000000,0.0110700000,0.5616506100,AKShare stock_zh_a_spot / 新浪
601808,中海油服,12.2900000000,12.2900000000,366002521.0000000000,29543785.0000000000,0.0000000000,3.6600252100,AKShare stock_zh_a_spot / 新浪
601811,新华文轩,11.9800000000,12.0200000000,16361060.0000000000,1360010.0000000000,-0.0033300000,0.1636106000,AKShare stock_zh_a_spot / 新浪
601816,京沪高铁,4.9500000000,4.9000000000,825319821.0000000000,166205807.0000000000,0.0102000000,8.2531982100,AKShare stock_zh_a_spot / 新浪
601818,光大银行,3.0000000000,2.9800000000,495049495.0000000000,165108123.0000000000,0.0067100000,4.9504949500,AKShare stock_zh_a_spot / 新浪
601825,沪农商行,8.6500000000,8.5600000000,271025659.0000000000,31367305.0000000000,0.0105100000,2.7102565900,AKShare stock_zh_a_spot / 新浪
601827,三峰环境,8.2300000000,8.3400000000,44017277.0000000000,5310733.0000000000,-0.0131900000,0.4401727700,AKShare stock_zh_a_spot / 新浪
601828,美凯龙,2.1400000000,2.1800000000,72345418.0000000000,33576050.0000000000,-0.0183500000,0.7234541800,AKShare stock_zh_a_spot / 新浪
601838,成都银行,18.4100000000,18.0000000000,575875722.0000000000,31431555.0000000000,0.0227800000,5.7587572200,AKShare stock_zh_a_spot / 新浪
601857,中国石油,11.2100000000,10.9200000000,2296151575.0000000000,206267075.0000000000,0.0265600000,22.9615157500,AKShare stock_zh_a_spot / 新浪
601858,中国科传,22.0800000000,23.6000000000,235938862.0000000000,10479738.0000000000,-0.0644100000,2.3593886200,AKShare stock_zh_a_spot / 新浪
601860,紫金银行,2.5200000000,2.5200000000,138975545.0000000000,55100790.0000000000,0.0000000000,1.3897554500,AKShare stock_zh_a_spot / 新浪
601865,福莱特,10.1200000000,10.5100000000,214569864.0000000000,20995869.0000000000,-0.0371100000,2.1456986400,AKShare stock_zh_a_spot / 新浪
601866,中远海发,2.3700000000,2.3900000000,157099803.0000000000,65788200.0000000000,-0.0083700000,1.5709980300,AKShare stock_zh_a_spot / 新浪
601868,中国能建,2.5000000000,2.5300000000,618627980.0000000000,246390764.0000000000,-0.0118600000,6.1862798000,AKShare stock_zh_a_spot / 新浪
601869,长飞光纤,345.2400000000,383.6000000000,4627481978.0000000000,13011565.0000000000,-0.1000000000,46.2748197800,AKShare stock_zh_a_spot / 新浪
601872,招商轮船,18.6000000000,17.9800000000,2899091638.0000000000,156809812.0000000000,0.0344800000,28.9909163800,AKShare stock_zh_a_spot / 新浪
601877,正泰电器,23.8900000000,24.7500000000,466079450.0000000000,19302630.0000000000,-0.0347500000,4.6607945000,AKShare stock_zh_a_spot / 新浪
601878,浙商证券,9.1500000000,9.2500000000,190639487.0000000000,20771488.0000000000,-0.0108100000,1.9063948700,AKShare stock_zh_a_spot / 新浪
601880,辽港股份,1.4500000000,1.4700000000,79534194.0000000000,54530937.0000000000,-0.0136100000,0.7953419400,AKShare stock_zh_a_spot / 新浪
601881,中国银河,11.9000000000,12.0500000000,294625757.0000000000,24699275.0000000000,-0.0124500000,2.9462575700,AKShare stock_zh_a_spot / 新浪
601882,海天精工,20.2100000000,21.1500000000,195919954.0000000000,9550282.0000000000,-0.0444400000,1.9591995400,AKShare stock_zh_a_spot / 新浪
601886,江河集团,12.7200000000,12.7300000000,533814162.0000000000,41352680.0000000000,-0.0007900000,5.3381416200,AKShare stock_zh_a_spot / 新浪
601888,中国中免,52.8800000000,53.8800000000,1258829227.0000000000,23753546.0000000000,-0.0185600000,12.5882922700,AKShare stock_zh_a_spot / 新浪
601890,亚星锚链,8.3700000000,8.8100000000,349512595.0000000000,40971666.0000000000,-0.0499400000,3.4951259500,AKShare stock_zh_a_spot / 新浪
601898,中煤能源,14.3400000000,14.3700000000,640294067.0000000000,44624520.0000000000,-0.0020900000,6.4029406700,AKShare stock_zh_a_spot / 新浪
601899,紫金矿业,32.7600000000,33.5600000000,6217951025.0000000000,189857553.0000000000,-0.0238400000,62.1795102500,AKShare stock_zh_a_spot / 新浪
601900,南方传媒,11.8400000000,12.0000000000,61476583.0000000000,5152700.0000000000,-0.0133300000,0.6147658300,AKShare stock_zh_a_spot / 新浪
601901,方正证券,6.7700000000,6.8400000000,260517902.0000000000,38342697.0000000000,-0.0102300000,2.6051790200,AKShare stock_zh_a_spot / 新浪
601908,京运通,2.9800000000,3.0800000000,125563171.0000000000,41881238.0000000000,-0.0324700000,1.2556317100,AKShare stock_zh_a_spot / 新浪
601916,浙商银行,2.9100000000,2.9000000000,330310882.0000000000,113499929.0000000000,0.0034500000,3.3031088200,AKShare stock_zh_a_spot / 新浪
601918,新集能源,10.0400000000,10.2700000000,363926440.0000000000,36030440.0000000000,-0.0224000000,3.6392644000,AKShare stock_zh_a_spot / 新浪
601919,中远海控,16.5500000000,16.3100000000,2068375857.0000000000,125486262.0000000000,0.0147100000,20.6837585700,AKShare stock_zh_a_spot / 新浪
601921,浙版传媒,7.6300000000,7.6700000000,155148714.0000000000,20212027.0000000000,-0.0052200000,1.5514871400,AKShare stock_zh_a_spot / 新浪
601928,凤凰传媒,9.3200000000,9.1900000000,110965083.0000000000,11906403.0000000000,0.0141500000,1.1096508300,AKShare stock_zh_a_spot / 新浪
601929,吉视传媒,2.2300000000,2.3500000000,177004356.0000000000,78442900.0000000000,-0.0510600000,1.7700435600,AKShare stock_zh_a_spot / 新浪
601933,永辉超市,3.1000000000,3.2700000000,536237194.0000000000,169867491.0000000000,-0.0519900000,5.3623719400,AKShare stock_zh_a_spot / 新浪
601939,建设银行,10.5500000000,10.4300000000,1774454092.0000000000,168388203.0000000000,0.0115100000,17.7445409200,AKShare stock_zh_a_spot / 新浪
601949,中国出版,5.1600000000,5.2500000000,46750834.0000000000,9014248.0000000000,-0.0171400000,0.4675083400,AKShare stock_zh_a_spot / 新浪
601952,苏垦农发,8.7900000000,9.3800000000,464997752.0000000000,51639261.0000000000,-0.0629000000,4.6499775200,AKShare stock_zh_a_spot / 新浪
601956,东贝集团,4.9000000000,5.0100000000,30833697.0000000000,6239300.0000000000,-0.0219600000,0.3083369700,AKShare stock_zh_a_spot / 新浪
601958,金钼股份,21.5500000000,22.5900000000,905440493.0000000000,41423809.0000000000,-0.0460400000,9.0544049300,AKShare stock_zh_a_spot / 新浪
601963,重庆银行,10.9800000000,10.7800000000,182509382.0000000000,16687381.0000000000,0.0185500000,1.8250938200,AKShare stock_zh_a_spot / 新浪
601965,中国汽研,13.9100000000,13.9400000000,81753050.0000000000,5875600.0000000000,-0.0021500000,0.8175305000,AKShare stock_zh_a_spot / 新浪
601966,玲珑轮胎,10.8800000000,10.9200000000,92234504.0000000000,8438702.0000000000,-0.0036600000,0.9223450400,AKShare stock_zh_a_spot / 新浪
601968,宝钢包装,4.3300000000,4.4300000000,20102163.0000000000,4609000.0000000000,-0.0225700000,0.2010216300,AKShare stock_zh_a_spot / 新浪
601969,海南矿业,9.2300000000,9.5000000000,146757253.0000000000,15764935.0000000000,-0.0284200000,1.4675725300,AKShare stock_zh_a_spot / 新浪
601975,招商南油,3.7700000000,3.7000000000,917347329.0000000000,243951752.0000000000,0.0189200000,9.1734732900,AKShare stock_zh_a_spot / 新浪
601985,中国核电,8.7600000000,8.8200000000,494206307.0000000000,56336676.0000000000,-0.0068000000,4.9420630700,AKShare stock_zh_a_spot / 新浪
601988,中国银行,6.0800000000,6.0300000000,2202170992.0000000000,362506806.0000000000,0.0082900000,22.0217099200,AKShare stock_zh_a_spot / 新浪
601990,南京证券,6.5400000000,6.6000000000,86388498.0000000000,13200610.0000000000,-0.0090900000,0.8638849800,AKShare stock_zh_a_spot / 新浪
601991,大唐发电,6.0300000000,6.1600000000,2072071806.0000000000,338814561.0000000000,-0.0211000000,20.7207180600,AKShare stock_zh_a_spot / 新浪
601992,金隅集团,1.3700000000,1.4000000000,47251657.0000000000,34293242.0000000000,-0.0214300000,0.4725165700,AKShare stock_zh_a_spot / 新浪
601995,中金公司,33.8300000000,34.3000000000,582317826.0000000000,17067238.0000000000,-0.0137000000,5.8231782600,AKShare stock_zh_a_spot / 新浪
601996,丰林集团,2.4200000000,2.5300000000,46731884.0000000000,19092094.0000000000,-0.0434800000,0.4673188400,AKShare stock_zh_a_spot / 新浪
601997,贵阳银行,5.6900000000,5.6100000000,290385495.0000000000,51256448.0000000000,0.0142600000,2.9038549500,AKShare stock_zh_a_spot / 新浪
601998,中信银行,8.1600000000,7.8100000000,797885741.0000000000,98703454.0000000000,0.0448100000,7.9788574100,AKShare stock_zh_a_spot / 新浪
601999,出版传媒,5.9700000000,6.3400000000,77860161.0000000000,12790093.0000000000,-0.0583600000,0.7786016100,AKShare stock_zh_a_spot / 新浪
603000,人民网,15.9200000000,16.3500000000,211935544.0000000000,13247790.0000000000,-0.0263000000,2.1193554400,AKShare stock_zh_a_spot / 新浪
603001,奥康国际,7.6300000000,7.8600000000,83409198.0000000000,10817700.0000000000,-0.0292600000,0.8340919800,AKShare stock_zh_a_spot / 新浪
603002,宏昌电子,16.4700000000,17.8400000000,1539751603.0000000000,90261010.0000000000,-0.0767900000,15.3975160300,AKShare stock_zh_a_spot / 新浪
603004,鼎龙科技,19.9600000000,20.3200000000,55451464.0000000000,2792454.0000000000,-0.0177200000,0.5545146400,AKShare stock_zh_a_spot / 新浪
603005,晶方科技,31.9600000000,34.7300000000,1598766465.0000000000,48659172.0000000000,-0.0797600000,15.9876646500,AKShare stock_zh_a_spot / 新浪
603006,联明股份,10.8700000000,11.3400000000,27724560.0000000000,2512200.0000000000,-0.0414500000,0.2772456000,AKShare stock_zh_a_spot / 新浪
603007,顺景科技,4.5400000000,4.8300000000,96945483.0000000000,20936388.0000000000,-0.0600400000,0.9694548300,AKShare stock_zh_a_spot / 新浪
603009,北特科技,43.2500000000,48.0600000000,516258726.0000000000,11585427.0000000000,-0.1000800000,5.1625872600,AKShare stock_zh_a_spot / 新浪
603010,万盛股份,11.6800000000,12.2500000000,128225221.0000000000,10768798.0000000000,-0.0465300000,1.2822522100,AKShare stock_zh_a_spot / 新浪
603011,合锻智能,23.0200000000,25.4400000000,1189051172.0000000000,50005547.0000000000,-0.0951300000,11.8905117200,AKShare stock_zh_a_spot / 新浪
603012,创力集团,8.8500000000,9.1500000000,275705071.0000000000,30715135.0000000000,-0.0327900000,2.7570507100,AKShare stock_zh_a_spot / 新浪
603013,亚普股份,16.0800000000,16.7300000000,36372573.0000000000,2231600.0000000000,-0.0388500000,0.3637257300,AKShare stock_zh_a_spot / 新浪
603014,威高血净,32.7000000000,33.3300000000,42234193.0000000000,1284766.0000000000,-0.0189000000,0.4223419300,AKShare stock_zh_a_spot / 新浪
603015,弘讯科技,11.0800000000,11.3300000000,94310279.0000000000,8416000.0000000000,-0.0220700000,0.9431027900,AKShare stock_zh_a_spot / 新浪
603016,新宏泰,27.8900000000,29.0400000000,55371329.0000000000,1965900.0000000000,-0.0396000000,0.5537132900,AKShare stock_zh_a_spot / 新浪
603017,中衡设计,9.2500000000,9.7000000000,65396607.0000000000,6935100.0000000000,-0.0463900000,0.6539660700,AKShare stock_zh_a_spot / 新浪
603018,华设集团,5.1400000000,5.2700000000,39916140.0000000000,7711217.0000000000,-0.0246700000,0.3991614000,AKShare stock_zh_a_spot / 新浪
603019,中科曙光,85.0000000000,89.8700000000,4618635765.0000000000,53924452.0000000000,-0.0541900000,46.1863576500,AKShare stock_zh_a_spot / 新浪
603020,爱普股份,9.8500000000,10.3100000000,73287115.0000000000,7363900.0000000000,-0.0446200000,0.7328711500,AKShare stock_zh_a_spot / 新浪
603022,新通联,8.5100000000,8.7700000000,24657183.0000000000,2866200.0000000000,-0.0296500000,0.2465718300,AKShare stock_zh_a_spot / 新浪
603023,威帝股份,4.0000000000,4.1700000000,47544882.0000000000,11741500.0000000000,-0.0407700000,0.4754488200,AKShare stock_zh_a_spot / 新浪
603025,大豪科技,13.8000000000,14.5000000000,266193648.0000000000,18973237.0000000000,-0.0482800000,2.6619364800,AKShare stock_zh_a_spot / 新浪
603026,石大胜华,65.1300000000,67.0600000000,539866830.0000000000,8155199.0000000000,-0.0287800000,5.3986683000,AKShare stock_zh_a_spot / 新浪
603027,千禾味业,7.2600000000,7.3600000000,93022752.0000000000,12773169.0000000000,-0.0135900000,0.9302275200,AKShare stock_zh_a_spot / 新浪
603028,赛福天,6.8300000000,7.0900000000,24299176.0000000000,3528800.0000000000,-0.0366700000,0.2429917600,AKShare stock_zh_a_spot / 新浪
603029,天鹅股份,15.6700000000,16.1500000000,64250654.0000000000,4011484.0000000000,-0.0297200000,0.6425065400,AKShare stock_zh_a_spot / 新浪
603030,全筑股份,2.0100000000,2.0800000000,55645653.0000000000,27438900.0000000000,-0.0336500000,0.5564565300,AKShare stock_zh_a_spot / 新浪
603031,安孚科技,38.2500000000,42.5000000000,565736895.0000000000,14352322.0000000000,-0.1000000000,5.6573689500,AKShare stock_zh_a_spot / 新浪
603032,德新科技,18.1600000000,19.5100000000,122884297.0000000000,6608592.0000000000,-0.0692000000,1.2288429700,AKShare stock_zh_a_spot / 新浪
603033,三维股份,7.3800000000,7.6500000000,58240500.0000000000,7817400.0000000000,-0.0352900000,0.5824050000,AKShare stock_zh_a_spot / 新浪
603035,常熟汽饰,10.8300000000,11.1100000000,42482594.0000000000,3886500.0000000000,-0.0252000000,0.4248259400,AKShare stock_zh_a_spot / 新浪
603036,如通股份,14.0800000000,13.7400000000,146899793.0000000000,10543500.0000000000,0.0247500000,1.4689979300,AKShare stock_zh_a_spot / 新浪
603037,凯众股份,9.9800000000,10.3400000000,48600531.0000000000,4818750.0000000000,-0.0348200000,0.4860053100,AKShare stock_zh_a_spot / 新浪
603038,华立股份,16.3000000000,16.0100000000,194660159.0000000000,11970301.0000000000,0.0181100000,1.9466015900,AKShare stock_zh_a_spot / 新浪
603039,泛微网络,43.6500000000,44.0700000000,1256557164.0000000000,28545420.0000000000,-0.0095300000,12.5655716400,AKShare stock_zh_a_spot / 新浪
603040,新坐标,53.8100000000,57.5600000000,131473147.0000000000,2378175.0000000000,-0.0651500000,1.3147314700,AKShare stock_zh_a_spot / 新浪
603041,美思德,10.8400000000,11.1900000000,26080887.0000000000,2378600.0000000000,-0.0312800000,0.2608088700,AKShare stock_zh_a_spot / 新浪
603042,华脉科技,13.2000000000,13.9500000000,106167590.0000000000,7919822.0000000000,-0.0537600000,1.0616759000,AKShare stock_zh_a_spot / 新浪
603043,广州酒家,13.9500000000,13.6900000000,80478617.0000000000,5822000.0000000000,0.0189900000,0.8047861700,AKShare stock_zh_a_spot / 新浪
603045,福达合金,52.3000000000,57.6000000000,495146677.0000000000,9147102.0000000000,-0.0920100000,4.9514667700,AKShare stock_zh_a_spot / 新浪
603048,浙江黎明,21.7500000000,22.2900000000,49472710.0000000000,2267500.0000000000,-0.0242300000,0.4947271000,AKShare stock_zh_a_spot / 新浪
603049,中策橡胶,49.5500000000,49.8800000000,208934024.0000000000,4182090.0000000000,-0.0066200000,2.0893402400,AKShare stock_zh_a_spot / 新浪
603050,科林电气,18.5700000000,19.1600000000,98091931.0000000000,5199768.0000000000,-0.0307900000,0.9809193100,AKShare stock_zh_a_spot / 新浪
603051,鹿山新材,20.4700000000,21.5400000000,104548128.0000000000,5025957.0000000000,-0.0496800000,1.0454812800,AKShare stock_zh_a_spot / 新浪
603052,可川科技,54.2700000000,60.3000000000,338540100.0000000000,6008000.0000000000,-0.1000000000,3.3854010000,AKShare stock_zh_a_spot / 新浪
603053,成都燃气,8.6700000000,8.7300000000,17907690.0000000000,2061700.0000000000,-0.0068700000,0.1790769000,AKShare stock_zh_a_spot / 新浪
603055,台华新材,8.8100000000,9.0200000000,76665578.0000000000,8646081.0000000000,-0.0232800000,0.7666557800,AKShare stock_zh_a_spot / 新浪
603057,紫燕食品,21.8400000000,22.4500000000,54115616.0000000000,2444451.0000000000,-0.0271700000,0.5411561600,AKShare stock_zh_a_spot / 新浪
603058,永吉股份,9.0200000000,9.5800000000,63807655.0000000000,6977000.0000000000,-0.0584600000,0.6380765500,AKShare stock_zh_a_spot / 新浪
603059,倍加洁,24.9200000000,25.2100000000,28189932.0000000000,1125925.0000000000,-0.0115000000,0.2818993200,AKShare stock_zh_a_spot / 新浪
603060,国检集团,5.4200000000,5.5400000000,27520592.0000000000,5039005.0000000000,-0.0216600000,0.2752059200,AKShare stock_zh_a_spot / 新浪
603061,金海通,330.1700000000,366.8500000000,1209450018.0000000000,3540700.0000000000,-0.0999900000,12.0945001800,AKShare stock_zh_a_spot / 新浪
603062,麦加芯彩,38.9500000000,39.1000000000,12590462.0000000000,321507.0000000000,-0.0038400000,0.1259046200,AKShare stock_zh_a_spot / 新浪
603063,禾望电气,31.5500000000,34.0700000000,797984664.0000000000,24811984.0000000000,-0.0739700000,7.9798466400,AKShare stock_zh_a_spot / 新浪
603065,宿迁联盛,16.3000000000,18.1100000000,813452535.0000000000,47311321.0000000000,-0.0999400000,8.1345253500,AKShare stock_zh_a_spot / 新浪
603066,音飞储存,8.9600000000,9.1900000000,30034624.0000000000,3322700.0000000000,-0.0250300000,0.3003462400,AKShare stock_zh_a_spot / 新浪
603067,振华股份,34.1800000000,37.9300000000,1151177776.0000000000,33059928.0000000000,-0.0988700000,11.5117777600,AKShare stock_zh_a_spot / 新浪
603068,博通集成,39.8800000000,42.3800000000,398843911.0000000000,9798533.0000000000,-0.0589900000,3.9884391100,AKShare stock_zh_a_spot / 新浪
603069,海汽集团,12.8300000000,13.3300000000,37648588.0000000000,2907600.0000000000,-0.0375100000,0.3764858800,AKShare stock_zh_a_spot / 新浪
603070,万控智造,11.3300000000,11.6700000000,23317757.0000000000,2041146.0000000000,-0.0291300000,0.2331775700,AKShare stock_zh_a_spot / 新浪
603071,物产环能,12.4400000000,13.2000000000,194567819.0000000000,15474330.0000000000,-0.0575800000,1.9456781900,AKShare stock_zh_a_spot / 新浪
603072,天和磁材,31.2700000000,32.5100000000,80973404.0000000000,2563419.0000000000,-0.0381400000,0.8097340400,AKShare stock_zh_a_spot / 新浪
603073,彩蝶实业,16.3300000000,16.6200000000,27804144.0000000000,1692203.0000000000,-0.0174500000,0.2780414400,AKShare stock_zh_a_spot / 新浪
603075,热威股份,18.6000000000,19.4800000000,57323121.0000000000,3032789.0000000000,-0.0451700000,0.5732312100,AKShare stock_zh_a_spot / 新浪
603076,乐惠国际,20.4600000000,21.2900000000,53816382.0000000000,2597823.0000000000,-0.0389900000,0.5381638200,AKShare stock_zh_a_spot / 新浪
603077,和邦生物,2.3500000000,2.4100000000,356270775.0000000000,150059258.0000000000,-0.0249000000,3.5627077500,AKShare stock_zh_a_spot / 新浪
603078,江化微,36.5200000000,38.1200000000,1443916489.0000000000,38486133.0000000000,-0.0419700000,14.4391648900,AKShare stock_zh_a_spot / 新浪
603079,圣达生物,13.2600000000,14.7300000000,142254064.0000000000,10644100.0000000000,-0.0998000000,1.4225406400,AKShare stock_zh_a_spot / 新浪
603080,新疆火炬,19.5700000000,19.8300000000,41446155.0000000000,2107300.0000000000,-0.0131100000,0.4144615500,AKShare stock_zh_a_spot / 新浪
603081,大丰实业,9.1900000000,9.4600000000,26213823.0000000000,2829000.0000000000,-0.0285400000,0.2621382300,AKShare stock_zh_a_spot / 新浪
603082,北自科技,39.7000000000,43.6100000000,221186901.0000000000,5414457.0000000000,-0.0896600000,2.2118690100,AKShare stock_zh_a_spot / 新浪
603083,剑桥科技,167.4500000000,186.0500000000,4295303333.0000000000,25019842.0000000000,-0.0999700000,42.9530333300,AKShare stock_zh_a_spot / 新浪
603085,天成自控,9.6000000000,10.0100000000,59527137.0000000000,6146260.0000000000,-0.0409600000,0.5952713700,AKShare stock_zh_a_spot / 新浪
603086,先达股份,5.6600000000,5.7700000000,41649578.0000000000,7327400.0000000000,-0.0190600000,0.4164957800,AKShare stock_zh_a_spot / 新浪
603087,甘李药业,71.2000000000,72.5800000000,858102167.0000000000,11984320.0000000000,-0.0190100000,8.5810216700,AKShare stock_zh_a_spot / 新浪
603088,宁波精达,8.7200000000,9.2800000000,77937927.0000000000,8756384.0000000000,-0.0603400000,0.7793792700,AKShare stock_zh_a_spot / 新浪
603089,正裕工业,10.6200000000,11.8000000000,91996243.0000000000,8600974.0000000000,-0.1000000000,0.9199624300,AKShare stock_zh_a_spot / 新浪
603090,宏盛股份,36.6200000000,39.8200000000,101815328.0000000000,2697850.0000000000,-0.0803600000,1.0181532800,AKShare stock_zh_a_spot / 新浪
603091,众鑫股份,48.5700000000,49.1300000000,41062164.0000000000,841161.0000000000,-0.0114000000,0.4106216400,AKShare stock_zh_a_spot / 新浪
603092,德力佳,47.1400000000,48.7300000000,64894974.0000000000,1363628.0000000000,-0.0326300000,0.6489497400,AKShare stock_zh_a_spot / 新浪
603093,南华期货,11.2200000000,11.8000000000,142766251.0000000000,12493555.0000000000,-0.0491500000,1.4276625100,AKShare stock_zh_a_spot / 新浪
603095,越剑智能,14.2000000000,15.5200000000,195081449.0000000000,13375066.0000000000,-0.0850500000,1.9508144900,AKShare stock_zh_a_spot / 新浪
603096,新经典,15.0900000000,15.3400000000,22561989.0000000000,1489100.0000000000,-0.0163000000,0.2256198900,AKShare stock_zh_a_spot / 新浪
603097,江苏华辰,18.7900000000,20.0800000000,47587449.0000000000,2478465.0000000000,-0.0642400000,0.4758744900,AKShare stock_zh_a_spot / 新浪
603098,森特股份,9.8400000000,10.4400000000,59250645.0000000000,5925300.0000000000,-0.0574700000,0.5925064500,AKShare stock_zh_a_spot / 新浪
603099,长白山,38.5200000000,39.1800000000,190447853.0000000000,4902236.0000000000,-0.0168500000,1.9044785300,AKShare stock_zh_a_spot / 新浪
603100,川仪股份,17.2700000000,17.6500000000,62198892.0000000000,3580700.0000000000,-0.0215300000,0.6219889200,AKShare stock_zh_a_spot / 新浪
603101,汇嘉时代,7.2900000000,7.3800000000,93599951.0000000000,12818503.0000000000,-0.0122000000,0.9359995100,AKShare stock_zh_a_spot / 新浪
603102,百合股份,45.7600000000,41.6000000000,332757576.0000000000,7344649.0000000000,0.1000000000,3.3275757600,AKShare stock_zh_a_spot / 新浪
603103,横店影视,14.6000000000,15.1500000000,60856851.0000000000,4140390.0000000000,-0.0363000000,0.6085685100,AKShare stock_zh_a_spot / 新浪
603105,芯能科技,6.8700000000,7.1000000000,42338612.0000000000,6110706.0000000000,-0.0323900000,0.4233861200,AKShare stock_zh_a_spot / 新浪
603106,恒银科技,7.2200000000,7.9000000000,269439624.0000000000,36470200.0000000000,-0.0860800000,2.6943962400,AKShare stock_zh_a_spot / 新浪
603107,上海汽配,11.7200000000,11.9900000000,22833799.0000000000,1936700.0000000000,-0.0225200000,0.2283379900,AKShare stock_zh_a_spot / 新浪
603108,润达医疗,9.6900000000,9.9800000000,146132010.0000000000,15001266.0000000000,-0.0290600000,1.4613201000,AKShare stock_zh_a_spot / 新浪
603109,神驰机电,17.4000000000,17.6500000000,34609099.0000000000,1997700.0000000000,-0.0141600000,0.3460909900,AKShare stock_zh_a_spot / 新浪
603110,东方材料,26.1700000000,27.7900000000,469923817.0000000000,17596400.0000000000,-0.0582900000,4.6992381700,AKShare stock_zh_a_spot / 新浪
603111,康尼机电,5.7000000000,5.7800000000,24495006.0000000000,4268700.0000000000,-0.0138400000,0.2449500600,AKShare stock_zh_a_spot / 新浪
603112,华翔股份,16.1500000000,16.5900000000,450258798.0000000000,27087476.0000000000,-0.0265200000,4.5025879800,AKShare stock_zh_a_spot / 新浪
603113,金能科技,5.1500000000,4.6800000000,187294643.0000000000,37887096.0000000000,0.1004300000,1.8729464300,AKShare stock_zh_a_spot / 新浪
603115,海星股份,76.9000000000,85.4400000000,791237448.0000000000,9999110.0000000000,-0.0999500000,7.9123744800,AKShare stock_zh_a_spot / 新浪
603116,红蜻蜓,6.2000000000,6.4500000000,45657138.0000000000,7247830.0000000000,-0.0387600000,0.4565713800,AKShare stock_zh_a_spot / 新浪
603117,万林物流,3.6900000000,3.7800000000,32537077.0000000000,8781180.0000000000,-0.0238100000,0.3253707700,AKShare stock_zh_a_spot / 新浪
603118,共进股份,17.1100000000,19.0100000000,2293372621.0000000000,128324283.0000000000,-0.0999500000,22.9337262100,AKShare stock_zh_a_spot / 新浪
603119,浙江荣泰,50.0000000000,55.5500000000,600133247.0000000000,11725260.0000000000,-0.0999100000,6.0013324700,AKShare stock_zh_a_spot / 新浪
603120,肯特催化,48.7000000000,51.1500000000,108320524.0000000000,2181300.0000000000,-0.0479000000,1.0832052400,AKShare stock_zh_a_spot / 新浪
603121,华培动力,12.0700000000,12.7300000000,56907382.0000000000,4671556.0000000000,-0.0518500000,0.5690738200,AKShare stock_zh_a_spot / 新浪
603122,合富中国,11.8600000000,12.6500000000,285877733.0000000000,23535300.0000000000,-0.0624500000,2.8587773300,AKShare stock_zh_a_spot / 新浪
603123,翠微股份,8.5200000000,8.8300000000,153623965.0000000000,17667898.0000000000,-0.0351100000,1.5362396500,AKShare stock_zh_a_spot / 新浪
603124,江南新材,130.4100000000,144.9000000000,525279172.0000000000,3887678.0000000000,-0.1000000000,5.2527917200,AKShare stock_zh_a_spot / 新浪
603125,常青科技,22.7100000000,24.6900000000,193780024.0000000000,8328412.0000000000,-0.0801900000,1.9378002400,AKShare stock_zh_a_spot / 新浪
603126,中材节能,5.9000000000,6.0600000000,39424681.0000000000,6614195.0000000000,-0.0264000000,0.3942468100,AKShare stock_zh_a_spot / 新浪
603127,昭衍新药,49.8000000000,53.9000000000,2376659960.0000000000,46308728.0000000000,-0.0760700000,23.7665996000,AKShare stock_zh_a_spot / 新浪
603128,华贸物流,5.3100000000,5.3800000000,33229421.0000000000,6225410.0000000000,-0.0130100000,0.3322942100,AKShare stock_zh_a_spot / 新浪
603129,春风动力,318.9000000000,306.9900000000,1034105196.0000000000,3275287.0000000000,0.0388000000,10.3410519600,AKShare stock_zh_a_spot / 新浪
603130,云中马,39.4600000000,42.0800000000,63519817.0000000000,1582000.0000000000,-0.0622600000,0.6351981700,AKShare stock_zh_a_spot / 新浪
603131,上海沪工,14.4000000000,15.6700000000,246189369.0000000000,16514127.0000000000,-0.0810500000,2.4618936900,AKShare stock_zh_a_spot / 新浪
603132,金徽股份,18.6400000000,19.1600000000,119771391.0000000000,6394900.0000000000,-0.0271400000,1.1977139100,AKShare stock_zh_a_spot / 新浪
603135,中重科技,8.8800000000,9.4600000000,67478378.0000000000,7453000.0000000000,-0.0613100000,0.6747837800,AKShare stock_zh_a_spot / 新浪
603136,天目湖,8.9400000000,9.0900000000,22244711.0000000000,2475505.0000000000,-0.0165000000,0.2224471100,AKShare stock_zh_a_spot / 新浪
603137,恒尚节能,24.0900000000,26.7700000000,422725694.0000000000,17260362.0000000000,-0.1001100000,4.2272569400,AKShare stock_zh_a_spot / 新浪
603138,海量数据,12.7100000000,13.5000000000,81238870.0000000000,6316125.0000000000,-0.0585200000,0.8123887000,AKShare stock_zh_a_spot / 新浪
603139,康惠股份,35.0400000000,36.9700000000,69479649.0000000000,1939600.0000000000,-0.0522000000,0.6947964900,AKShare stock_zh_a_spot / 新浪
603150,万朗磁塑,51.1100000000,54.4000000000,80750928.0000000000,1546300.0000000000,-0.0604800000,0.8075092800,AKShare stock_zh_a_spot / 新浪
603151,邦基科技,15.0800000000,15.2200000000,81058879.0000000000,5412095.0000000000,-0.0092000000,0.8105887900,AKShare stock_zh_a_spot / 新浪
603153,上海建科,12.8900000000,13.1100000000,17911094.0000000000,1382000.0000000000,-0.0167800000,0.1791109400,AKShare stock_zh_a_spot / 新浪
603155,新亚强,13.8200000000,14.6600000000,136047282.0000000000,9681715.0000000000,-0.0573000000,1.3604728200,AKShare stock_zh_a_spot / 新浪
603156,养元饮品,54.5700000000,53.7000000000,1461911983.0000000000,27012615.0000000000,0.0162000000,14.6191198300,AKShare stock_zh_a_spot / 新浪
603158,腾龙股份,9.5600000000,10.3600000000,218928141.0000000000,22321560.0000000000,-0.0772200000,2.1892814100,AKShare stock_zh_a_spot / 新浪
603159,上海亚虹,20.6900000000,21.4500000000,57910188.0000000000,2810700.0000000000,-0.0354300000,0.5791018800,AKShare stock_zh_a_spot / 新浪
603160,汇顶科技,49.1300000000,51.0300000000,267924093.0000000000,5403515.0000000000,-0.0372300000,2.6792409300,AKShare stock_zh_a_spot / 新浪
603161,科华控股,15.7000000000,16.9000000000,113451291.0000000000,7018874.0000000000,-0.0710100000,1.1345129100,AKShare stock_zh_a_spot / 新浪
603162,海通发展,11.8900000000,12.1700000000,295446296.0000000000,24670791.0000000000,-0.0230100000,2.9544629600,AKShare stock_zh_a_spot / 新浪
603163,圣晖集成,83.4500000000,90.5800000000,245417499.0000000000,2863716.0000000000,-0.0787100000,2.4541749900,AKShare stock_zh_a_spot / 新浪
603165,荣晟环保,13.4600000000,13.9900000000,56220923.0000000000,4127114.0000000000,-0.0378800000,0.5622092300,AKShare stock_zh_a_spot / 新浪
603166,福达股份,10.8100000000,12.0100000000,192611786.0000000000,17213997.0000000000,-0.0999200000,1.9261178600,AKShare stock_zh_a_spot / 新浪
603167,渤海轮渡,8.6800000000,8.7100000000,19217735.0000000000,2210600.0000000000,-0.0034400000,0.1921773500,AKShare stock_zh_a_spot / 新浪
603168,莎普爱思,5.4900000000,5.6000000000,31423490.0000000000,5681800.0000000000,-0.0196400000,0.3142349000,AKShare stock_zh_a_spot / 新浪
603169,兰石重装,6.3100000000,6.5600000000,77795704.0000000000,12215757.0000000000,-0.0381100000,0.7779570400,AKShare stock_zh_a_spot / 新浪
603170,宝立食品,12.3600000000,12.6000000000,27682136.0000000000,2221500.0000000000,-0.0190500000,0.2768213600,AKShare stock_zh_a_spot / 新浪
603171,税友股份,43.1300000000,44.4900000000,355589941.0000000000,8166072.0000000000,-0.0305700000,3.5558994100,AKShare stock_zh_a_spot / 新浪
603172,万丰股份,17.1200000000,17.9200000000,21920330.0000000000,1260600.0000000000,-0.0446400000,0.2192033000,AKShare stock_zh_a_spot / 新浪
603173,福斯达,31.2300000000,32.7000000000,36950256.0000000000,1166964.0000000000,-0.0449500000,0.3695025600,AKShare stock_zh_a_spot / 新浪
603175,超颖电子,91.0600000000,96.3700000000,334671588.0000000000,3636077.0000000000,-0.0551000000,3.3467158800,AKShare stock_zh_a_spot / 新浪
603176,汇通集团,4.7400000000,4.9000000000,13581578.0000000000,2839900.0000000000,-0.0326500000,0.1358157800,AKShare stock_zh_a_spot / 新浪
603177,德创环保,10.0000000000,10.7600000000,112210921.0000000000,10897500.0000000000,-0.0706300000,1.1221092100,AKShare stock_zh_a_spot / 新浪
603178,圣龙股份,16.0600000000,17.7500000000,224509235.0000000000,13582407.0000000000,-0.0952100000,2.2450923500,AKShare stock_zh_a_spot / 新浪
603179,新泉股份,35.6600000000,39.6200000000,1089949287.0000000000,29992435.0000000000,-0.0999500000,10.8994928700,AKShare stock_zh_a_spot / 新浪
603180,金牌家居,15.3300000000,15.5600000000,39203956.0000000000,2542955.0000000000,-0.0147800000,0.3920395600,AKShare stock_zh_a_spot / 新浪
603181,皇马科技,12.6000000000,12.9300000000,77155149.0000000000,6069100.0000000000,-0.0255200000,0.7715514900,AKShare stock_zh_a_spot / 新浪
603182,嘉华股份,13.1100000000,13.0600000000,84524890.0000000000,6335200.0000000000,0.0038300000,0.8452489000,AKShare stock_zh_a_spot / 新浪
603183,建研院,4.5700000000,4.7300000000,66895514.0000000000,14503423.0000000000,-0.0338300000,0.6689551400,AKShare stock_zh_a_spot / 新浪
603185,弘元绿能,16.6800000000,17.2900000000,118442798.0000000000,7021776.0000000000,-0.0352800000,1.1844279800,AKShare stock_zh_a_spot / 新浪
603186,华正新材,175.0000000000,184.2000000000,7285102453.0000000000,40453201.0000000000,-0.0499500000,72.8510245300,AKShare stock_zh_a_spot / 新浪
603187,海容冷链,11.1000000000,11.2400000000,149027131.0000000000,13418592.0000000000,-0.0124600000,1.4902713100,AKShare stock_zh_a_spot / 新浪
603188,亚邦股份,4.6200000000,4.6900000000,93242084.0000000000,19886230.0000000000,-0.0149300000,0.9324208400,AKShare stock_zh_a_spot / 新浪
603190,亚通精工,16.2300000000,16.7400000000,40190781.0000000000,2448140.0000000000,-0.0304700000,0.4019078100,AKShare stock_zh_a_spot / 新浪
603191,望变电气,14.6900000000,15.4500000000,191802519.0000000000,12878090.0000000000,-0.0491900000,1.9180251900,AKShare stock_zh_a_spot / 新浪
603192,汇得科技,19.6200000000,20.8500000000,34766967.0000000000,1726800.0000000000,-0.0589900000,0.3476696700,AKShare stock_zh_a_spot / 新浪
603193,润本股份,20.3400000000,21.3400000000,50309594.0000000000,2433300.0000000000,-0.0468600000,0.5030959400,AKShare stock_zh_a_spot / 新浪
603194,中力股份,33.2100000000,33.7900000000,43568407.0000000000,1307290.0000000000,-0.0171600000,0.4356840700,AKShare stock_zh_a_spot / 新浪
603195,公牛集团,39.0100000000,39.3500000000,159303845.0000000000,4064111.0000000000,-0.0086400000,1.5930384500,AKShare stock_zh_a_spot / 新浪
603196,璞源材料,19.5300000000,21.0000000000,61577939.0000000000,3066472.0000000000,-0.0700000000,0.6157793900,AKShare stock_zh_a_spot / 新浪
603197,保隆科技,29.8200000000,31.2500000000,87827814.0000000000,2902633.0000000000,-0.0457600000,0.8782781400,AKShare stock_zh_a_spot / 新浪
603198,迎驾贡酒,39.5000000000,40.1000000000,233419318.0000000000,5874108.0000000000,-0.0149600000,2.3341931800,AKShare stock_zh_a_spot / 新浪
603199,九华旅游,31.6800000000,32.6500000000,50795735.0000000000,1588103.0000000000,-0.0297100000,0.5079573500,AKShare stock_zh_a_spot / 新浪
603200,上海洗霸,35.0900000000,37.0200000000,110399541.0000000000,3084835.0000000000,-0.0521300000,1.1039954100,AKShare stock_zh_a_spot / 新浪
603201,常润股份,15.0100000000,16.1500000000,69936471.0000000000,4555984.0000000000,-0.0705900000,0.6993647100,AKShare stock_zh_a_spot / 新浪
603202,天有为,51.2800000000,52.4200000000,57320285.0000000000,1109829.0000000000,-0.0217500000,0.5732028500,AKShare stock_zh_a_spot / 新浪
603203,快克智能,42.7800000000,46.7100000000,450520537.0000000000,10214669.0000000000,-0.0841400000,4.5052053700,AKShare stock_zh_a_spot / 新浪
603205,健尔康,21.4600000000,22.0700000000,15550532.0000000000,717180.0000000000,-0.0276400000,0.1555053200,AKShare stock_zh_a_spot / 新浪
603206,嘉环科技,13.5000000000,14.2100000000,60247482.0000000000,4397988.0000000000,-0.0499600000,0.6024748200,AKShare stock_zh_a_spot / 新浪
603207,小方制药,25.3300000000,23.5400000000,242913690.0000000000,9571468.0000000000,0.0760400000,2.4291369000,AKShare stock_zh_a_spot / 新浪
603208,江山欧派,10.9400000000,11.2500000000,27600629.0000000000,2477700.0000000000,-0.0275600000,0.2760062900,AKShare stock_zh_a_spot / 新浪
603209,兴通股份,13.7000000000,13.4800000000,124389150.0000000000,9101970.0000000000,0.0163200000,1.2438915000,AKShare stock_zh_a_spot / 新浪
603210,泰鸿万立,13.4500000000,13.8300000000,41537165.0000000000,3058098.0000000000,-0.0274800000,0.4153716500,AKShare stock_zh_a_spot / 新浪
603211,晋拓股份,25.8300000000,28.7000000000,219206678.0000000000,8288700.0000000000,-0.1000000000,2.1920667800,AKShare stock_zh_a_spot / 新浪
603212,赛伍技术,11.4900000000,11.9200000000,116000677.0000000000,9983691.0000000000,-0.0360700000,1.1600067700,AKShare stock_zh_a_spot / 新浪
603213,镇洋发展,13.6200000000,13.6900000000,28496081.0000000000,2082900.0000000000,-0.0051100000,0.2849608100,AKShare stock_zh_a_spot / 新浪
603214,爱婴室,13.6100000000,13.9300000000,25477338.0000000000,1860700.0000000000,-0.0229700000,0.2547733800,AKShare stock_zh_a_spot / 新浪
603215,比依股份,14.0300000000,14.5900000000,14619586.0000000000,1031000.0000000000,-0.0383800000,0.1461958600,AKShare stock_zh_a_spot / 新浪
603216,梦天家居,19.7900000000,21.4300000000,102115465.0000000000,5017000.0000000000,-0.0765300000,1.0211546500,AKShare stock_zh_a_spot / 新浪
603217,元利科技,25.8800000000,26.7700000000,147556850.0000000000,5576291.0000000000,-0.0332500000,1.4755685000,AKShare stock_zh_a_spot / 新浪
603218,日月股份,9.6100000000,9.7800000000,64239309.0000000000,6667379.0000000000,-0.0173800000,0.6423930900,AKShare stock_zh_a_spot / 新浪
603219,富佳股份,13.4300000000,14.4100000000,60809837.0000000000,4439600.0000000000,-0.0680100000,0.6080983700,AKShare stock_zh_a_spot / 新浪
603220,中贝通信,18.2100000000,20.0300000000,630541568.0000000000,33589386.0000000000,-0.0908600000,6.3054156800,AKShare stock_zh_a_spot / 新浪
603221,爱丽家居,27.0000000000,30.0000000000,40127400.0000000000,1486200.0000000000,-0.1000000000,0.4012740000,AKShare stock_zh_a_spot / 新浪
603222,济民健康,8.4200000000,8.8100000000,135817492.0000000000,15810923.0000000000,-0.0442700000,1.3581749200,AKShare stock_zh_a_spot / 新浪
603223,恒通股份,10.4000000000,11.0400000000,100843422.0000000000,9499200.0000000000,-0.0579700000,1.0084342200,AKShare stock_zh_a_spot / 新浪
603225,新凤鸣,19.0000000000,19.1100000000,261117410.0000000000,13622930.0000000000,-0.0057600000,2.6111741000,AKShare stock_zh_a_spot / 新浪
603226,菲林格尔,44.0100000000,48.8500000000,256459641.0000000000,5628384.0000000000,-0.0990800000,2.5645964100,AKShare stock_zh_a_spot / 新浪
603227,雪峰科技,7.7500000000,7.9800000000,119910098.0000000000,15288465.0000000000,-0.0288200000,1.1991009800,AKShare stock_zh_a_spot / 新浪
603228,景旺电子,88.1100000000,97.9000000000,3783059884.0000000000,41494009.0000000000,-0.1000000000,37.8305988400,AKShare stock_zh_a_spot / 新浪
603229,奥翔药业,7.9700000000,8.1600000000,73709709.0000000000,9083650.0000000000,-0.0232800000,0.7370970900,AKShare stock_zh_a_spot / 新浪
603230,内蒙新华,9.0800000000,9.2600000000,12229855.0000000000,1338500.0000000000,-0.0194400000,0.1222985500,AKShare stock_zh_a_spot / 新浪
603231,索宝蛋白,15.9100000000,16.1800000000,36412241.0000000000,2277800.0000000000,-0.0166900000,0.3641224100,AKShare stock_zh_a_spot / 新浪
603232,格尔软件,14.5200000000,15.6100000000,145961824.0000000000,9871400.0000000000,-0.0698300000,1.4596182400,AKShare stock_zh_a_spot / 新浪
603233,大参林,17.9100000000,17.9100000000,105684909.0000000000,5882228.0000000000,0.0000000000,1.0568490900,AKShare stock_zh_a_spot / 新浪
603235,天新药业,23.1100000000,23.4100000000,11909318.0000000000,513500.0000000000,-0.0128200000,0.1190931800,AKShare stock_zh_a_spot / 新浪
603236,移远通信,59.1200000000,62.3200000000,1048636361.0000000000,17442115.0000000000,-0.0513500000,10.4863636100,AKShare stock_zh_a_spot / 新浪
603237,五芳斋,14.1400000000,14.4500000000,20089078.0000000000,1405840.0000000000,-0.0214500000,0.2008907800,AKShare stock_zh_a_spot / 新浪
603238,诺邦股份,12.1100000000,12.4200000000,25524993.0000000000,2088795.0000000000,-0.0249600000,0.2552499300,AKShare stock_zh_a_spot / 新浪
603239,浙江仙通,14.2400000000,14.9800000000,79618879.0000000000,5511800.0000000000,-0.0494000000,0.7961887900,AKShare stock_zh_a_spot / 新浪
603248,锡华科技,18.5100000000,19.6100000000,123560161.0000000000,6558233.0000000000,-0.0560900000,1.2356016100,AKShare stock_zh_a_spot / 新浪
603255,鼎际得,27.7600000000,28.9700000000,43813516.0000000000,1564299.0000000000,-0.0417700000,0.4381351600,AKShare stock_zh_a_spot / 新浪
603256,宏和科技,141.5000000000,157.2200000000,2679069073.0000000000,18424730.0000000000,-0.0999900000,26.7906907300,AKShare stock_zh_a_spot / 新浪
603257,中国瑞林,62.4500000000,64.2900000000,60468680.0000000000,964682.0000000000,-0.0286200000,0.6046868000,AKShare stock_zh_a_spot / 新浪
603258,电魂网络,12.3400000000,12.8200000000,33696279.0000000000,2709700.0000000000,-0.0374400000,0.3369627900,AKShare stock_zh_a_spot / 新浪
603259,药明康德,164.0000000000,167.1800000000,9187283094.0000000000,55791603.0000000000,-0.0190200000,91.8728309400,AKShare stock_zh_a_spot / 新浪
603260,合盛硅业,35.4100000000,36.1500000000,390308856.0000000000,10922475.0000000000,-0.0204700000,3.9030885600,AKShare stock_zh_a_spot / 新浪
603261,立航科技,50.4700000000,52.5300000000,96747890.0000000000,1879200.0000000000,-0.0392200000,0.9674789000,AKShare stock_zh_a_spot / 新浪
603262,技源集团,18.0000000000,18.7500000000,79263812.0000000000,4339401.0000000000,-0.0400000000,0.7926381200,AKShare stock_zh_a_spot / 新浪
603266,天龙股份,15.2800000000,16.0600000000,32754561.0000000000,2110500.0000000000,-0.0485700000,0.3275456100,AKShare stock_zh_a_spot / 新浪
603267,鸿远电子,48.8800000000,52.3000000000,484479469.0000000000,9677391.0000000000,-0.0653900000,4.8447946900,AKShare stock_zh_a_spot / 新浪
603268,松发股份,179.5000000000,184.8100000000,824539262.0000000000,4564858.0000000000,-0.0287300000,8.2453926200,AKShare stock_zh_a_spot / 新浪
603269,海鸥股份,17.8600000000,18.2100000000,409369711.0000000000,22827734.0000000000,-0.0192200000,4.0936971100,AKShare stock_zh_a_spot / 新浪
603270,金帝股份,27.6000000000,30.1400000000,149539143.0000000000,5301821.0000000000,-0.0842700000,1.4953914300,AKShare stock_zh_a_spot / 新浪
603271,永杰新材,43.0000000000,43.7300000000,70510845.0000000000,1625100.0000000000,-0.0166900000,0.7051084500,AKShare stock_zh_a_spot / 新浪
603273,天元智能,14.2300000000,14.6000000000,37954973.0000000000,2642005.0000000000,-0.0253400000,0.3795497300,AKShare stock_zh_a_spot / 新浪
603275,众辰科技,34.8200000000,36.9700000000,40874024.0000000000,1154600.0000000000,-0.0581600000,0.4087402400,AKShare stock_zh_a_spot / 新浪
603276,恒兴新材,16.0500000000,16.0900000000,57101699.0000000000,3529120.0000000000,-0.0024900000,0.5710169900,AKShare stock_zh_a_spot / 新浪
603277,银都股份,12.0800000000,11.5700000000,125955890.0000000000,10650582.0000000000,0.0440800000,1.2595589000,AKShare stock_zh_a_spot / 新浪
603278,大业股份,8.9000000000,9.7500000000,166325823.0000000000,18182200.0000000000,-0.0871800000,1.6632582300,AKShare stock_zh_a_spot / 新浪
603279,景津装备,12.4100000000,12.6300000000,72265407.0000000000,5797850.0000000000,-0.0174200000,0.7226540700,AKShare stock_zh_a_spot / 新浪
603280,南方路机,27.2000000000,29.2200000000,162457334.0000000000,5852617.0000000000,-0.0691300000,1.6245733400,AKShare stock_zh_a_spot / 新浪
603281,江瀚新材,19.1000000000,19.6300000000,160331856.0000000000,8292744.0000000000,-0.0270000000,1.6033185600,AKShare stock_zh_a_spot / 新浪
603282,亚光股份,14.9100000000,15.4600000000,19292281.0000000000,1266800.0000000000,-0.0355800000,0.1929228100,AKShare stock_zh_a_spot / 新浪
603283,赛腾股份,46.3700000000,51.5200000000,1499829560.0000000000,31157395.0000000000,-0.0999600000,14.9982956000,AKShare stock_zh_a_spot / 新浪
603284,林平发展,41.9200000000,43.0600000000,94637288.0000000000,2243092.0000000000,-0.0264700000,0.9463728800,AKShare stock_zh_a_spot / 新浪
603285,键邦股份,34.1000000000,37.8900000000,293902891.0000000000,8241442.0000000000,-0.1000300000,2.9390289100,AKShare stock_zh_a_spot / 新浪
603286,日盈电子,40.2800000000,44.7400000000,202677975.0000000000,4874200.0000000000,-0.0996900000,2.0267797500,AKShare stock_zh_a_spot / 新浪
603288,海天味业,35.3200000000,35.5500000000,353662404.0000000000,10008388.0000000000,-0.0064700000,3.5366240400,AKShare stock_zh_a_spot / 新浪
603289,泰瑞机器,8.5700000000,8.9500000000,47947390.0000000000,5503884.0000000000,-0.0424600000,0.4794739000,AKShare stock_zh_a_spot / 新浪
603290,斯达半导,100.3100000000,91.1900000000,2055796663.0000000000,20973181.0000000000,0.1000100000,20.5579666300,AKShare stock_zh_a_spot / 新浪
603291,联合水务,9.0200000000,9.0100000000,32186815.0000000000,3594400.0000000000,0.0011100000,0.3218681500,AKShare stock_zh_a_spot / 新浪
603293,埃泰克,35.0900000000,36.7400000000,64167272.0000000000,1798700.0000000000,-0.0449100000,0.6416727200,AKShare stock_zh_a_spot / 新浪
603296,华勤技术,78.1000000000,84.8500000000,2120733388.0000000000,26418347.0000000000,-0.0795500000,21.2073338800,AKShare stock_zh_a_spot / 新浪
603297,永新光学,102.4000000000,109.0000000000,176614397.0000000000,1691998.0000000000,-0.0605500000,1.7661439700,AKShare stock_zh_a_spot / 新浪
603298,杭叉集团,25.9100000000,26.2600000000,119757281.0000000000,4595696.0000000000,-0.0133300000,1.1975728100,AKShare stock_zh_a_spot / 新浪
603299,苏盐井神,9.1100000000,9.2000000000,43257347.0000000000,4744511.0000000000,-0.0097800000,0.4325734700,AKShare stock_zh_a_spot / 新浪
603300,海南华铁,4.7400000000,4.8900000000,164296637.0000000000,34337796.0000000000,-0.0306700000,1.6429663700,AKShare stock_zh_a_spot / 新浪
603301,振德医疗,81.7300000000,86.4000000000,206603653.0000000000,2462470.0000000000,-0.0540500000,2.0660365300,AKShare stock_zh_a_spot / 新浪
603303,得邦照明,22.0600000000,23.5900000000,56226732.0000000000,2494900.0000000000,-0.0648600000,0.5622673200,AKShare stock_zh_a_spot / 新浪
603305,旭升集团,11.1200000000,11.9800000000,301558246.0000000000,26538326.0000000000,-0.0717900000,3.0155824600,AKShare stock_zh_a_spot / 新浪
603306,华懋科技,70.1100000000,77.2000000000,1051401301.0000000000,14556591.0000000000,-0.0918400000,10.5140130100,AKShare stock_zh_a_spot / 新浪
603307,扬州金泉,24.9400000000,25.8000000000,20828299.0000000000,824255.0000000000,-0.0333300000,0.2082829900,AKShare stock_zh_a_spot / 新浪
603308,应流股份,46.3500000000,50.0200000000,867343550.0000000000,18281854.0000000000,-0.0733700000,8.6734355000,AKShare stock_zh_a_spot / 新浪
603309,维力医疗,11.6000000000,11.8400000000,64313843.0000000000,5522909.0000000000,-0.0202700000,0.6431384300,AKShare stock_zh_a_spot / 新浪
603310,巍华新材,14.6100000000,14.8500000000,26843823.0000000000,1823900.0000000000,-0.0161600000,0.2684382300,AKShare stock_zh_a_spot / 新浪
603311,金海高科,29.0000000000,31.1200000000,221386126.0000000000,7569200.0000000000,-0.0681200000,2.2138612600,AKShare stock_zh_a_spot / 新浪
603312,西典新能,30.3500000000,31.4700000000,41182301.0000000000,1346650.0000000000,-0.0355900000,0.4118230100,AKShare stock_zh_a_spot / 新浪
603313,梦百合,6.1000000000,6.2300000000,167155634.0000000000,27487870.0000000000,-0.0208700000,1.6715563400,AKShare stock_zh_a_spot / 新浪
603315,福鞍股份,11.3500000000,11.9600000000,76133659.0000000000,6596200.0000000000,-0.0510000000,0.7613365900,AKShare stock_zh_a_spot / 新浪
603316,诚邦股份,13.9800000000,14.9500000000,156844040.0000000000,10995230.0000000000,-0.0648800000,1.5684404000,AKShare stock_zh_a_spot / 新浪
603317,天味食品,14.5000000000,14.7500000000,182710122.0000000000,12477563.0000000000,-0.0169500000,1.8271012200,AKShare stock_zh_a_spot / 新浪
603318,水发燃气,9.0000000000,9.6000000000,521357532.0000000000,56521968.0000000000,-0.0625000000,5.2135753200,AKShare stock_zh_a_spot / 新浪
603319,美湖股份,25.7900000000,28.6600000000,427509278.0000000000,16021600.0000000000,-0.1001400000,4.2750927800,AKShare stock_zh_a_spot / 新浪
603320,迪贝电气,16.3100000000,16.9300000000,29388869.0000000000,1796300.0000000000,-0.0366200000,0.2938886900,AKShare stock_zh_a_spot / 新浪
603321,梅轮电梯,6.2300000000,6.3900000000,17064619.0000000000,2726200.0000000000,-0.0250400000,0.1706461900,AKShare stock_zh_a_spot / 新浪
603322,超讯科技,26.0200000000,27.3500000000,177672412.0000000000,6784900.0000000000,-0.0486300000,1.7767241200,AKShare stock_zh_a_spot / 新浪
603323,苏农银行,4.1800000000,4.1500000000,146610737.0000000000,35126508.0000000000,0.0072300000,1.4661073700,AKShare stock_zh_a_spot / 新浪
603324,盛剑科技,27.2500000000,29.4500000000,141311272.0000000000,5086762.0000000000,-0.0747000000,1.4131127200,AKShare stock_zh_a_spot / 新浪
603325,博隆技术,51.6000000000,53.2100000000,21485884.0000000000,412849.0000000000,-0.0302600000,0.2148588400,AKShare stock_zh_a_spot / 新浪
603326,我乐家居,6.8600000000,7.1400000000,50336396.0000000000,7192000.0000000000,-0.0392200000,0.5033639600,AKShare stock_zh_a_spot / 新浪
603327,福蓉科技,8.4800000000,8.8500000000,172872318.0000000000,20206723.0000000000,-0.0418100000,1.7287231800,AKShare stock_zh_a_spot / 新浪
603328,依顿电子,11.0800000000,11.6500000000,324965905.0000000000,28638183.0000000000,-0.0489300000,3.2496590500,AKShare stock_zh_a_spot / 新浪
603329,上海雅仕,10.4900000000,10.5400000000,34908289.0000000000,3328536.0000000000,-0.0047400000,0.3490828900,AKShare stock_zh_a_spot / 新浪
603330,天洋新材,10.0700000000,11.1900000000,615168342.0000000000,60873543.0000000000,-0.1000900000,6.1516834200,AKShare stock_zh_a_spot / 新浪
603331,百达精工,12.5600000000,13.3800000000,76907366.0000000000,6038300.0000000000,-0.0612900000,0.7690736600,AKShare stock_zh_a_spot / 新浪
603332,苏州龙杰,11.6600000000,11.4700000000,86532097.0000000000,7451107.0000000000,0.0165600000,0.8653209700,AKShare stock_zh_a_spot / 新浪
603333,福华尚纬,8.6800000000,8.9100000000,146749853.0000000000,16682600.0000000000,-0.0258100000,1.4674985300,AKShare stock_zh_a_spot / 新浪
603334,丰倍生物,32.2600000000,33.3800000000,75767755.0000000000,2300730.0000000000,-0.0335500000,0.7576775500,AKShare stock_zh_a_spot / 新浪
603335,迪生力,6.3800000000,6.7500000000,69335281.0000000000,10751700.0000000000,-0.0548100000,0.6933528100,AKShare stock_zh_a_spot / 新浪
603336,宏辉果蔬,8.8500000000,9.7200000000,371464570.0000000000,40221655.0000000000,-0.0895100000,3.7146457000,AKShare stock_zh_a_spot / 新浪
603337,杰克科技,37.7800000000,40.4900000000,262435611.0000000000,6829200.0000000000,-0.0669300000,2.6243561100,AKShare stock_zh_a_spot / 新浪
603338,浙江鼎力,55.3500000000,56.5600000000,174954861.0000000000,3119105.0000000000,-0.0213900000,1.7495486100,AKShare stock_zh_a_spot / 新浪
603339,四方科技,13.7800000000,14.2400000000,98800549.0000000000,7091613.0000000000,-0.0323000000,0.9880054900,AKShare stock_zh_a_spot / 新浪
603341,龙旗科技,36.2700000000,38.2400000000,554827627.0000000000,15008550.0000000000,-0.0515200000,5.5482762700,AKShare stock_zh_a_spot / 新浪
603344,星德胜,22.1300000000,23.7300000000,76557713.0000000000,3391300.0000000000,-0.0674300000,0.7655771300,AKShare stock_zh_a_spot / 新浪
603345,安井食品,81.0000000000,82.3100000000,376435610.0000000000,4590219.0000000000,-0.0159200000,3.7643561000,AKShare stock_zh_a_spot / 新浪
603348,文灿股份,13.9500000000,14.5000000000,34331153.0000000000,2431250.0000000000,-0.0379300000,0.3433115300,AKShare stock_zh_a_spot / 新浪
603350,安乃达,28.0000000000,28.9000000000,18768470.0000000000,663600.0000000000,-0.0311400000,0.1876847000,AKShare stock_zh_a_spot / 新浪
603351,威尔药业,26.7800000000,27.8300000000,52588955.0000000000,1936610.0000000000,-0.0377300000,0.5258895500,AKShare stock_zh_a_spot / 新浪
603352,至信股份,25.4400000000,26.8600000000,44384956.0000000000,1709207.0000000000,-0.0528700000,0.4438495600,AKShare stock_zh_a_spot / 新浪
603353,和顺石油,30.5500000000,33.1100000000,143849814.0000000000,4579900.0000000000,-0.0773200000,1.4384981400,AKShare stock_zh_a_spot / 新浪
603355,莱克电气,26.4200000000,27.1500000000,54438450.0000000000,2028384.0000000000,-0.0268900000,0.5443845000,AKShare stock_zh_a_spot / 新浪
603356,华菱精工,16.6400000000,17.4100000000,45249731.0000000000,2695944.0000000000,-0.0442300000,0.4524973100,AKShare stock_zh_a_spot / 新浪
603357,设计总院,5.9000000000,6.0000000000,25256249.0000000000,4267060.0000000000,-0.0166700000,0.2525624900,AKShare stock_zh_a_spot / 新浪
603358,华达科技,45.7000000000,47.9000000000,551827857.0000000000,11892944.0000000000,-0.0459300000,5.5182785700,AKShare stock_zh_a_spot / 新浪
603360,百傲化学,12.4900000000,13.4700000000,173768773.0000000000,13590500.0000000000,-0.0727500000,1.7376877300,AKShare stock_zh_a_spot / 新浪
603363,傲农生物,2.9000000000,3.0300000000,143523610.0000000000,48663900.0000000000,-0.0429000000,1.4352361000,AKShare stock_zh_a_spot / 新浪
603365,水星家纺,17.2600000000,17.4000000000,19260130.0000000000,1107960.0000000000,-0.0080500000,0.1926013000,AKShare stock_zh_a_spot / 新浪
603366,日出东方,7.6300000000,6.9400000000,296530383.0000000000,40131186.0000000000,0.0994200000,2.9653038300,AKShare stock_zh_a_spot / 新浪
603367,辰欣药业,14.5200000000,14.7800000000,224497371.0000000000,15174100.0000000000,-0.0175900000,2.2449737100,AKShare stock_zh_a_spot / 新浪
603368,柳药集团,16.2700000000,16.7600000000,102462234.0000000000,6231310.0000000000,-0.0292400000,1.0246223400,AKShare stock_zh_a_spot / 新浪
603369,今世缘,28.9200000000,30.0800000000,590267328.0000000000,20184413.0000000000,-0.0385600000,5.9026732800,AKShare stock_zh_a_spot / 新浪
603370,华新精科,33.0800000000,34.6200000000,27169187.0000000000,805686.0000000000,-0.0444800000,0.2716918700,AKShare stock_zh_a_spot / 新浪
603373,安邦护卫,38.9300000000,42.1100000000,128386203.0000000000,3246180.0000000000,-0.0755200000,1.2838620300,AKShare stock_zh_a_spot / 新浪
603375,盛景微,37.4100000000,39.6800000000,56419931.0000000000,1481410.0000000000,-0.0572100000,0.5641993100,AKShare stock_zh_a_spot / 新浪
603376,大明电子,25.8200000000,27.6000000000,69970904.0000000000,2646099.0000000000,-0.0644900000,0.6997090400,AKShare stock_zh_a_spot / 新浪
603379,三美股份,61.5300000000,63.3800000000,345000817.0000000000,5523698.0000000000,-0.0291900000,3.4500081700,AKShare stock_zh_a_spot / 新浪
603380,易德龙,32.5000000000,35.4900000000,104736821.0000000000,3137100.0000000000,-0.0842500000,1.0473682100,AKShare stock_zh_a_spot / 新浪
603381,永臻股份,14.7500000000,15.3200000000,48139167.0000000000,3238400.0000000000,-0.0372100000,0.4813916700,AKShare stock_zh_a_spot / 新浪
603382,海阳科技,23.1300000000,21.7800000000,261673380.0000000000,11649655.0000000000,0.0619800000,2.6167338000,AKShare stock_zh_a_spot / 新浪
603383,顶点软件,29.2200000000,29.9200000000,250096851.0000000000,8479228.0000000000,-0.0234000000,2.5009685100,AKShare stock_zh_a_spot / 新浪
603385,惠达卫浴,5.3700000000,5.5000000000,17836406.0000000000,3304900.0000000000,-0.0236400000,0.1783640600,AKShare stock_zh_a_spot / 新浪
603386,骏亚科技,13.4000000000,14.2700000000,116927579.0000000000,8540200.0000000000,-0.0609700000,1.1692757900,AKShare stock_zh_a_spot / 新浪
603387,基蛋生物,9.2500000000,9.4200000000,96622086.0000000000,10388860.0000000000,-0.0180500000,0.9662208600,AKShare stock_zh_a_spot / 新浪
603389,亚振家居,47.4800000000,47.9500000000,238043147.0000000000,4852700.0000000000,-0.0098000000,2.3804314700,AKShare stock_zh_a_spot / 新浪
603390,通达电气,9.9300000000,10.3000000000,55035562.0000000000,5492800.0000000000,-0.0359200000,0.5503556200,AKShare stock_zh_a_spot / 新浪
603391,力聚热能,67.8700000000,68.6400000000,295923947.0000000000,4304631.0000000000,-0.0112200000,2.9592394700,AKShare stock_zh_a_spot / 新浪
603392,万泰生物,28.0100000000,28.8000000000,129216281.0000000000,4573394.0000000000,-0.0274300000,1.2921628100,AKShare stock_zh_a_spot / 新浪
603393,新天然气,24.2400000000,24.0800000000,461033512.0000000000,18833000.0000000000,0.0066400000,4.6103351200,AKShare stock_zh_a_spot / 新浪
603395,红四方,29.0000000000,26.3600000000,340767017.0000000000,11771965.0000000000,0.1001500000,3.4076701700,AKShare stock_zh_a_spot / 新浪
603396,金辰股份,25.3800000000,26.5000000000,86795037.0000000000,3384630.0000000000,-0.0422600000,0.8679503700,AKShare stock_zh_a_spot / 新浪
603399,永杉锂业,14.0000000000,15.4000000000,864553874.0000000000,60203815.0000000000,-0.0909100000,8.6455387400,AKShare stock_zh_a_spot / 新浪
603400,华之杰,47.0700000000,48.1400000000,378055162.0000000000,8056863.0000000000,-0.0222300000,3.7805516200,AKShare stock_zh_a_spot / 新浪
603402,陕西旅游,60.6800000000,62.1000000000,80704103.0000000000,1330562.0000000000,-0.0228700000,0.8070410300,AKShare stock_zh_a_spot / 新浪
603406,天富龙,30.7200000000,29.5600000000,292347654.0000000000,9788768.0000000000,0.0392400000,2.9234765400,AKShare stock_zh_a_spot / 新浪
603407,长裕集团,66.9600000000,67.9000000000,896536812.0000000000,13097148.0000000000,-0.0138400000,8.9653681200,AKShare stock_zh_a_spot / 新浪
603408,建霖家居,10.2200000000,10.4400000000,19045501.0000000000,1849100.0000000000,-0.0210700000,0.1904550100,AKShare stock_zh_a_spot / 新浪
603409,汇通控股,17.6100000000,17.9500000000,40719427.0000000000,2308165.0000000000,-0.0189400000,0.4071942700,AKShare stock_zh_a_spot / 新浪
603416,信捷电气,45.1100000000,49.2600000000,252625438.0000000000,5469864.0000000000,-0.0842500000,2.5262543800,AKShare stock_zh_a_spot / 新浪
603418,友升股份,43.2100000000,44.5000000000,44130280.0000000000,1011865.0000000000,-0.0289900000,0.4413028000,AKShare stock_zh_a_spot / 新浪
603421,鼎信通讯,5.7200000000,6.0000000000,50531584.0000000000,8729040.0000000000,-0.0466700000,0.5053158400,AKShare stock_zh_a_spot / 新浪
603435,嘉德利,51.8500000000,55.5300000000,162893767.0000000000,3091866.0000000000,-0.0662700000,1.6289376700,AKShare stock_zh_a_spot / 新浪
603439,三力制药,12.6100000000,12.7200000000,181879165.0000000000,14273676.0000000000,-0.0086500000,1.8187916500,AKShare stock_zh_a_spot / 新浪
603444,吉比特,384.7900000000,382.9200000000,887856495.0000000000,2300936.0000000000,0.0048800000,8.8785649500,AKShare stock_zh_a_spot / 新浪
603456,九洲药业,16.3500000000,16.8200000000,479881532.0000000000,29044866.0000000000,-0.0279400000,4.7988153200,AKShare stock_zh_a_spot / 新浪
603458,勘设股份,9.5000000000,10.2600000000,212790575.0000000000,22057400.0000000000,-0.0740700000,2.1279057500,AKShare stock_zh_a_spot / 新浪
603459,红板科技,86.6000000000,94.8100000000,1095685614.0000000000,12321523.0000000000,-0.0865900000,10.9568561400,AKShare stock_zh_a_spot / 新浪
603466,风语筑,11.5200000000,12.2600000000,620107085.0000000000,52859552.0000000000,-0.0603600000,6.2010708500,AKShare stock_zh_a_spot / 新浪
603468,津富士达,24.3600000000,25.9000000000,174167536.0000000000,7014520.0000000000,-0.0594600000,1.7416753600,AKShare stock_zh_a_spot / 新浪
603477,巨星农牧,13.8700000000,14.8600000000,376043074.0000000000,26550016.0000000000,-0.0666200000,3.7604307400,AKShare stock_zh_a_spot / 新浪
603486,科沃斯,60.7000000000,61.9000000000,434720473.0000000000,7175590.0000000000,-0.0193900000,4.3472047300,AKShare stock_zh_a_spot / 新浪
603488,展鹏科技,8.0100000000,8.5600000000,68177996.0000000000,8357400.0000000000,-0.0642500000,0.6817799600,AKShare stock_zh_a_spot / 新浪
603489,八方股份,26.6900000000,28.1100000000,58449675.0000000000,2160136.0000000000,-0.0505200000,0.5844967500,AKShare stock_zh_a_spot / 新浪
603496,恒为科技,23.7000000000,25.5900000000,416486530.0000000000,17169245.0000000000,-0.0738600000,4.1648653000,AKShare stock_zh_a_spot / 新浪
603499,翔港科技,11.5800000000,12.4800000000,57220842.0000000000,4806672.0000000000,-0.0721200000,0.5722084200,AKShare stock_zh_a_spot / 新浪
603500,祥和实业,9.3500000000,9.7000000000,63140895.0000000000,6676194.0000000000,-0.0360800000,0.6314089500,AKShare stock_zh_a_spot / 新浪
603501,豪威集团,86.9000000000,90.5400000000,2036594045.0000000000,23268947.0000000000,-0.0402000000,20.3659404500,AKShare stock_zh_a_spot / 新浪
603505,金石资源,15.4800000000,16.1600000000,219250396.0000000000,13917812.0000000000,-0.0420800000,2.1925039600,AKShare stock_zh_a_spot / 新浪
603506,南都物业,11.8800000000,10.8000000000,89193465.0000000000,7518986.0000000000,0.1000000000,0.8919346500,AKShare stock_zh_a_spot / 新浪
603507,振江股份,23.0500000000,24.3000000000,179048192.0000000000,7641936.0000000000,-0.0514400000,1.7904819200,AKShare stock_zh_a_spot / 新浪
603508,思维列控,21.5600000000,21.5500000000,76756309.0000000000,3558046.0000000000,0.0004600000,0.7675630900,AKShare stock_zh_a_spot / 新浪
603511,爱慕股份,12.6800000000,12.7800000000,24470262.0000000000,1909777.0000000000,-0.0078200000,0.2447026200,AKShare stock_zh_a_spot / 新浪
603515,欧普照明,16.3300000000,16.5300000000,23879960.0000000000,1448612.0000000000,-0.0121000000,0.2387996000,AKShare stock_zh_a_spot / 新浪
603516,淳中科技,94.4500000000,102.0000000000,651472020.0000000000,6722902.0000000000,-0.0740200000,6.5147202000,AKShare stock_zh_a_spot / 新浪
603518,锦泓集团,8.0200000000,8.1700000000,33711205.0000000000,4179563.0000000000,-0.0183600000,0.3371120500,AKShare stock_zh_a_spot / 新浪
603519,立霸股份,15.0300000000,15.4300000000,128571171.0000000000,8356100.0000000000,-0.0259200000,1.2857117100,AKShare stock_zh_a_spot / 新浪
603520,司太立,8.8200000000,9.0800000000,79364897.0000000000,8909820.0000000000,-0.0286300000,0.7936489700,AKShare stock_zh_a_spot / 新浪
603527,众源新材,9.6400000000,10.0500000000,54524413.0000000000,5608000.0000000000,-0.0408000000,0.5452441300,AKShare stock_zh_a_spot / 新浪
603528,多伦科技,6.1000000000,6.3900000000,50274796.0000000000,8160807.0000000000,-0.0453800000,0.5027479600,AKShare stock_zh_a_spot / 新浪
603529,爱玛科技,20.9500000000,20.6300000000,137635370.0000000000,6589430.0000000000,0.0155100000,1.3763537000,AKShare stock_zh_a_spot / 新浪
603530,神马电力,50.6700000000,51.8800000000,268084935.0000000000,5202419.0000000000,-0.0233200000,2.6808493500,AKShare stock_zh_a_spot / 新浪
603533,掌阅科技,20.6800000000,21.4700000000,283006147.0000000000,13558300.0000000000,-0.0368000000,2.8300614700,AKShare stock_zh_a_spot / 新浪
603535,嘉诚国际,6.2500000000,6.3600000000,26702269.0000000000,4239300.0000000000,-0.0173000000,0.2670226900,AKShare stock_zh_a_spot / 新浪
603536,惠发食品,9.7100000000,10.1200000000,52653797.0000000000,5367400.0000000000,-0.0405100000,0.5265379700,AKShare stock_zh_a_spot / 新浪
603538,美诺华,29.9300000000,30.7500000000,2164264372.0000000000,70152635.0000000000,-0.0266700000,21.6426437200,AKShare stock_zh_a_spot / 新浪
603551,奥普科技,9.4500000000,9.3000000000,63182061.0000000000,6657500.0000000000,0.0161300000,0.6318206100,AKShare stock_zh_a_spot / 新浪
603556,海兴电力,27.9000000000,26.6000000000,797346528.0000000000,28659219.0000000000,0.0488700000,7.9734652800,AKShare stock_zh_a_spot / 新浪
603558,健盛集团,11.9800000000,12.2000000000,46433957.0000000000,3851100.0000000000,-0.0180300000,0.4643395700,AKShare stock_zh_a_spot / 新浪
603559,中通国脉,9.0700000000,9.5300000000,203494055.0000000000,21916043.0000000000,-0.0482700000,2.0349405500,AKShare stock_zh_a_spot / 新浪
603565,中谷物流,11.4800000000,10.8500000000,455027469.0000000000,40117576.0000000000,0.0580600000,4.5502746900,AKShare stock_zh_a_spot / 新浪
603566,普莱柯,10.4100000000,10.5700000000,29779813.0000000000,2857621.0000000000,-0.0151400000,0.2977981300,AKShare stock_zh_a_spot / 新浪
603567,珍宝岛,5.8400000000,6.2400000000,308914878.0000000000,51604082.0000000000,-0.0641000000,3.0891487800,AKShare stock_zh_a_spot / 新浪
603568,伟明环保,14.7600000000,14.9900000000,117971707.0000000000,7975903.0000000000,-0.0153400000,1.1797170700,AKShare stock_zh_a_spot / 新浪
603569,长久物流,5.7800000000,5.9300000000,17722740.0000000000,3043400.0000000000,-0.0253000000,0.1772274000,AKShare stock_zh_a_spot / 新浪
603577,汇金通,10.0100000000,10.3800000000,43605346.0000000000,4319200.0000000000,-0.0356500000,0.4360534600,AKShare stock_zh_a_spot / 新浪
603578,三星新材,12.5000000000,13.3400000000,55928534.0000000000,4381982.0000000000,-0.0629700000,0.5592853400,AKShare stock_zh_a_spot / 新浪
603579,荣泰健康,17.7900000000,18.5300000000,41061248.0000000000,2274100.0000000000,-0.0399400000,0.4106124800,AKShare stock_zh_a_spot / 新浪
603580,艾艾精工,67.9900000000,64.0200000000,1253760140.0000000000,18821852.0000000000,0.0620100000,12.5376014000,AKShare stock_zh_a_spot / 新浪
603583,捷昌驱动,23.0200000000,24.6500000000,165678868.0000000000,7063131.0000000000,-0.0661300000,1.6567886800,AKShare stock_zh_a_spot / 新浪
603585,苏利股份,10.0300000000,10.2900000000,35466954.0000000000,3509190.0000000000,-0.0252700000,0.3546695400,AKShare stock_zh_a_spot / 新浪
603586,金麒麟,13.4400000000,13.9500000000,43176245.0000000000,3190400.0000000000,-0.0365600000,0.4317624500,AKShare stock_zh_a_spot / 新浪
603587,地素时尚,11.6400000000,11.8700000000,23851587.0000000000,2038600.0000000000,-0.0193800000,0.2385158700,AKShare stock_zh_a_spot / 新浪
603588,高能环境,13.2800000000,13.9300000000,707432599.0000000000,52286770.0000000000,-0.0466600000,7.0743259900,AKShare stock_zh_a_spot / 新浪
603589,口子窖,18.9600000000,19.4100000000,84094195.0000000000,4403617.0000000000,-0.0231800000,0.8409419500,AKShare stock_zh_a_spot / 新浪
603590,康辰药业,31.2100000000,32.2700000000,70034639.0000000000,2210652.0000000000,-0.0328500000,0.7003463900,AKShare stock_zh_a_spot / 新浪
603596,伯特利,24.8500000000,26.0800000000,378222782.0000000000,15016046.0000000000,-0.0471600000,3.7822278200,AKShare stock_zh_a_spot / 新浪
603598,引力传媒,16.9700000000,17.8800000000,236837196.0000000000,13783300.0000000000,-0.0508900000,2.3683719600,AKShare stock_zh_a_spot / 新浪
603599,广信股份,10.1800000000,10.3000000000,80360173.0000000000,7862425.0000000000,-0.0116500000,0.8036017300,AKShare stock_zh_a_spot / 新浪
603600,永艺股份,9.5800000000,9.6500000000,39499695.0000000000,4098300.0000000000,-0.0072500000,0.3949969500,AKShare stock_zh_a_spot / 新浪
603601,再升科技,9.0000000000,10.0000000000,840206374.0000000000,90698698.0000000000,-0.1000000000,8.4020637400,AKShare stock_zh_a_spot / 新浪
603602,纵横通信,11.3100000000,11.5100000000,39663156.0000000000,3500996.0000000000,-0.0173800000,0.3966315600,AKShare stock_zh_a_spot / 新浪
603605,珀莱雅,55.6400000000,56.7000000000,307678447.0000000000,5473350.0000000000,-0.0186900000,3.0767844700,AKShare stock_zh_a_spot / 新浪
603606,东方电缆,37.4000000000,37.6500000000,451267546.0000000000,12032104.0000000000,-0.0066400000,4.5126754600,AKShare stock_zh_a_spot / 新浪
603607,京华激光,21.2400000000,22.4100000000,91929996.0000000000,4239689.0000000000,-0.0522100000,0.9192999600,AKShare stock_zh_a_spot / 新浪
603608,天创时尚,18.3200000000,20.3600000000,330618875.0000000000,17476300.0000000000,-0.1002000000,3.3061887500,AKShare stock_zh_a_spot / 新浪
603609,禾丰股份,6.2500000000,6.3800000000,25189678.0000000000,4000900.0000000000,-0.0203800000,0.2518967800,AKShare stock_zh_a_spot / 新浪
603610,麒盛科技,15.0000000000,15.8800000000,106117834.0000000000,6919820.0000000000,-0.0554200000,1.0611783400,AKShare stock_zh_a_spot / 新浪
603611,诺力股份,16.5200000000,17.0600000000,33451192.0000000000,2007700.0000000000,-0.0316500000,0.3345119200,AKShare stock_zh_a_spot / 新浪
603612,索通发展,16.5500000000,16.9000000000,146248539.0000000000,8817307.0000000000,-0.0207100000,1.4624853900,AKShare stock_zh_a_spot / 新浪
603613,国联股份,17.9500000000,18.4500000000,167840952.0000000000,9272829.0000000000,-0.0271000000,1.6784095200,AKShare stock_zh_a_spot / 新浪
603615,茶花股份,16.8500000000,17.2500000000,63887379.0000000000,3745100.0000000000,-0.0231900000,0.6388737900,AKShare stock_zh_a_spot / 新浪
603616,韩建河山,5.3000000000,5.5300000000,51464938.0000000000,9587700.0000000000,-0.0415900000,0.5146493800,AKShare stock_zh_a_spot / 新浪
603617,君禾股份,6.6700000000,6.9600000000,47861765.0000000000,7121796.0000000000,-0.0416700000,0.4786176500,AKShare stock_zh_a_spot / 新浪
603618,杭电股份,26.5500000000,29.5000000000,1834756986.0000000000,67143276.0000000000,-0.1000000000,18.3475698600,AKShare stock_zh_a_spot / 新浪
603619,中曼石油,22.2000000000,22.7400000000,660155793.0000000000,29236214.0000000000,-0.0237500000,6.6015579300,AKShare stock_zh_a_spot / 新浪
603626,科森科技,15.4100000000,16.9200000000,577482127.0000000000,36628619.0000000000,-0.0892400000,5.7748212700,AKShare stock_zh_a_spot / 新浪
603628,清源股份,9.4100000000,9.7600000000,32975635.0000000000,3488893.0000000000,-0.0358600000,0.3297563500,AKShare stock_zh_a_spot / 新浪
603629,利通电子,134.9500000000,136.4700000000,7072106976.0000000000,52534770.0000000000,-0.0111400000,70.7210697600,AKShare stock_zh_a_spot / 新浪
603630,拉芳家化,14.1800000000,14.8700000000,83682985.0000000000,5821300.0000000000,-0.0464000000,0.8368298500,AKShare stock_zh_a_spot / 新浪
603633,徕木股份,6.2400000000,6.5900000000,51757531.0000000000,8174350.0000000000,-0.0531100000,0.5175753100,AKShare stock_zh_a_spot / 新浪
603636,南威软件,6.8600000000,7.2000000000,79869943.0000000000,11508000.0000000000,-0.0472200000,0.7986994300,AKShare stock_zh_a_spot / 新浪
603637,镇海股份,12.7800000000,13.8600000000,157276527.0000000000,11982913.0000000000,-0.0779200000,1.5727652700,AKShare stock_zh_a_spot / 新浪
603638,艾迪精密,18.8000000000,20.2100000000,243327082.0000000000,12666696.0000000000,-0.0697700000,2.4332708200,AKShare stock_zh_a_spot / 新浪
603639,海利尔,10.5500000000,10.7100000000,15989339.0000000000,1507232.0000000000,-0.0149400000,0.1598933900,AKShare stock_zh_a_spot / 新浪
603648,畅联股份,8.9300000000,9.0800000000,19950254.0000000000,2221100.0000000000,-0.0165200000,0.1995025400,AKShare stock_zh_a_spot / 新浪
603650,彤程新材,68.0000000000,70.5700000000,2136362557.0000000000,30582931.0000000000,-0.0364200000,21.3636255700,AKShare stock_zh_a_spot / 新浪
603655,朗博科技,32.6200000000,33.7500000000,80571550.0000000000,2414500.0000000000,-0.0334800000,0.8057155000,AKShare stock_zh_a_spot / 新浪
603656,泰禾智能,17.3500000000,18.0600000000,42258405.0000000000,2401391.0000000000,-0.0393100000,0.4225840500,AKShare stock_zh_a_spot / 新浪
603657,春光科技,26.2800000000,27.2900000000,191761928.0000000000,6887900.0000000000,-0.0370100000,1.9176192800,AKShare stock_zh_a_spot / 新浪
603658,安图生物,34.0000000000,34.3600000000,218279772.0000000000,6384325.0000000000,-0.0104800000,2.1827977200,AKShare stock_zh_a_spot / 新浪
603659,璞泰来,24.0500000000,24.6100000000,834251090.0000000000,34144270.0000000000,-0.0227500000,8.3425109000,AKShare stock_zh_a_spot / 新浪
603660,苏州科达,11.6400000000,12.4700000000,340014970.0000000000,28502135.0000000000,-0.0665600000,3.4001497000,AKShare stock_zh_a_spot / 新浪
603661,恒林股份,32.8600000000,34.4700000000,92024492.0000000000,2759887.0000000000,-0.0467100000,0.9202449200,AKShare stock_zh_a_spot / 新浪
603662,柯力传感,49.5100000000,55.0100000000,512255830.0000000000,10059602.0000000000,-0.0999800000,5.1225583000,AKShare stock_zh_a_spot / 新浪
603663,三祥新材,41.2800000000,45.8700000000,1514944967.0000000000,35004519.0000000000,-0.1000700000,15.1494496700,AKShare stock_zh_a_spot / 新浪
603665,康隆达,20.4000000000,21.5500000000,46500840.0000000000,2237700.0000000000,-0.0533600000,0.4650084000,AKShare stock_zh_a_spot / 新浪
603666,亿嘉和,23.7000000000,26.3200000000,149477426.0000000000,6105400.0000000000,-0.0995400000,1.4947742600,AKShare stock_zh_a_spot / 新浪
603667,五洲新春,51.0300000000,56.7000000000,949259227.0000000000,18248646.0000000000,-0.1000000000,9.4925922700,AKShare stock_zh_a_spot / 新浪
603668,天马科技,10.2000000000,10.7100000000,127211076.0000000000,12282710.0000000000,-0.0476200000,1.2721107600,AKShare stock_zh_a_spot / 新浪
603669,灵康药业,5.9000000000,6.2000000000,107034591.0000000000,17792942.0000000000,-0.0483900000,1.0703459100,AKShare stock_zh_a_spot / 新浪
603676,卫信康,9.2800000000,9.3200000000,22884844.0000000000,2458500.0000000000,-0.0042900000,0.2288484400,AKShare stock_zh_a_spot / 新浪
603677,奇精机械,13.5600000000,13.9500000000,22479893.0000000000,1648400.0000000000,-0.0279600000,0.2247989300,AKShare stock_zh_a_spot / 新浪
603678,火炬电子,47.7300000000,53.0300000000,1238174244.0000000000,25349044.0000000000,-0.0999400000,12.3817424400,AKShare stock_zh_a_spot / 新浪
603679,华体科技,21.5600000000,22.7300000000,193171278.0000000000,8790716.0000000000,-0.0514700000,1.9317127800,AKShare stock_zh_a_spot / 新浪
603680,今创集团,10.2000000000,10.2500000000,101646475.0000000000,9793721.0000000000,-0.0048800000,1.0164647500,AKShare stock_zh_a_spot / 新浪
603681,永冠新材,18.0000000000,18.8700000000,112314455.0000000000,6118060.0000000000,-0.0461000000,1.1231445500,AKShare stock_zh_a_spot / 新浪
603682,锦和商管,11.7100000000,12.0100000000,244492215.0000000000,20724300.0000000000,-0.0249800000,2.4449221500,AKShare stock_zh_a_spot / 新浪
603683,晶华新材,15.6300000000,16.8800000000,518429480.0000000000,31895088.0000000000,-0.0740500000,5.1842948000,AKShare stock_zh_a_spot / 新浪
603685,晨丰科技,25.1000000000,27.1600000000,99389579.0000000000,3900200.0000000000,-0.0758500000,0.9938957900,AKShare stock_zh_a_spot / 新浪
603686,福龙马,12.6600000000,13.2500000000,157675668.0000000000,12243862.0000000000,-0.0445300000,1.5767566800,AKShare stock_zh_a_spot / 新浪
603687,大胜达,13.1400000000,14.3800000000,253918159.0000000000,18715200.0000000000,-0.0862300000,2.5391815900,AKShare stock_zh_a_spot / 新浪
603688,石英股份,47.4500000000,51.5000000000,693579563.0000000000,14225668.0000000000,-0.0786400000,6.9357956300,AKShare stock_zh_a_spot / 新浪
603689,皖天然气,7.4800000000,7.4900000000,24280181.0000000000,3246507.0000000000,-0.0013400000,0.2428018100,AKShare stock_zh_a_spot / 新浪
603690,至纯科技,25.9800000000,27.6600000000,942212848.0000000000,35510900.0000000000,-0.0607400000,9.4221284800,AKShare stock_zh_a_spot / 新浪
603693,江苏新能,11.2700000000,11.5900000000,65329227.0000000000,5757327.0000000000,-0.0276100000,0.6532922700,AKShare stock_zh_a_spot / 新浪
603696,安记食品,13.1200000000,14.4500000000,326709947.0000000000,24341180.0000000000,-0.0920400000,3.2670994700,AKShare stock_zh_a_spot / 新浪
603697,有友食品,9.4600000000,9.8900000000,68656218.0000000000,7186440.0000000000,-0.0434800000,0.6865621800,AKShare stock_zh_a_spot / 新浪
603698,航天工程,21.9500000000,24.2300000000,792938366.0000000000,35197488.0000000000,-0.0941000000,7.9293836600,AKShare stock_zh_a_spot / 新浪
603699,纽威股份,53.3300000000,53.1400000000,296869225.0000000000,5566897.0000000000,0.0035800000,2.9686922500,AKShare stock_zh_a_spot / 新浪
603700,宁水集团,11.4700000000,11.8300000000,43313187.0000000000,3744200.0000000000,-0.0304300000,0.4331318700,AKShare stock_zh_a_spot / 新浪
603701,德宏股份,18.8500000000,20.0000000000,64988175.0000000000,3404634.0000000000,-0.0575000000,0.6498817500,AKShare stock_zh_a_spot / 新浪
603703,盛洋科技,9.3800000000,10.1900000000,238828986.0000000000,24350994.0000000000,-0.0794900000,2.3882898600,AKShare stock_zh_a_spot / 新浪
603706,东方环宇,19.3700000000,19.6500000000,25146579.0000000000,1282300.0000000000,-0.0142500000,0.2514657900,AKShare stock_zh_a_spot / 新浪
603707,健友股份,8.0800000000,7.9600000000,122496395.0000000000,15114412.0000000000,0.0150800000,1.2249639500,AKShare stock_zh_a_spot / 新浪
603708,家家悦,9.3400000000,10.2700000000,320154449.0000000000,33725487.0000000000,-0.0905600000,3.2015444900,AKShare stock_zh_a_spot / 新浪
603709,中源家居,11.3600000000,11.9900000000,152078995.0000000000,13324580.0000000000,-0.0525400000,1.5207899500,AKShare stock_zh_a_spot / 新浪
603711,香飘飘,11.4000000000,11.8300000000,67784217.0000000000,5842086.0000000000,-0.0363500000,0.6778421700,AKShare stock_zh_a_spot / 新浪
603712,七一二,11.1600000000,11.7800000000,162440723.0000000000,14317788.0000000000,-0.0526300000,1.6244072300,AKShare stock_zh_a_spot / 新浪
603713,密尔克卫,64.6900000000,68.9800000000,227412894.0000000000,3428785.0000000000,-0.0621900000,2.2741289400,AKShare stock_zh_a_spot / 新浪
603716,塞力医疗,15.7300000000,16.6900000000,211543263.0000000000,13236400.0000000000,-0.0575200000,2.1154326300,AKShare stock_zh_a_spot / 新浪
603717,天域生物,6.2300000000,6.5200000000,107173691.0000000000,16963099.0000000000,-0.0444800000,1.0717369100,AKShare stock_zh_a_spot / 新浪
603719,良品铺子,9.6200000000,10.0900000000,46828802.0000000000,4800900.0000000000,-0.0465800000,0.4682880200,AKShare stock_zh_a_spot / 新浪
603721,中广天择,17.2500000000,18.3300000000,96257994.0000000000,5486000.0000000000,-0.0589200000,0.9625799400,AKShare stock_zh_a_spot / 新浪
603722,阿科力,29.1600000000,30.8500000000,44297654.0000000000,1487200.0000000000,-0.0547800000,0.4429765400,AKShare stock_zh_a_spot / 新浪
603725,天安新材,11.9900000000,12.6900000000,270837116.0000000000,22246158.0000000000,-0.0551600000,2.7083711600,AKShare stock_zh_a_spot / 新浪
603726,朗迪集团,22.9400000000,24.7400000000,128855101.0000000000,5500046.0000000000,-0.0727600000,1.2885510100,AKShare stock_zh_a_spot / 新浪
603727,博迈科,18.3000000000,18.9000000000,54941082.0000000000,2950900.0000000000,-0.0317500000,0.5494108200,AKShare stock_zh_a_spot / 新浪
603728,鸣志电器,49.0300000000,54.4800000000,469257608.0000000000,9371782.0000000000,-0.1000400000,4.6925760800,AKShare stock_zh_a_spot / 新浪
603730,岱美股份,9.7900000000,10.1900000000,133734575.0000000000,13592659.0000000000,-0.0392500000,1.3373457500,AKShare stock_zh_a_spot / 新浪
603733,仙鹤股份,21.7100000000,22.7900000000,280851458.0000000000,12770931.0000000000,-0.0473900000,2.8085145800,AKShare stock_zh_a_spot / 新浪
603737,三棵树,25.6600000000,24.6000000000,505096527.0000000000,19690562.0000000000,0.0430900000,5.0509652700,AKShare stock_zh_a_spot / 新浪
603738,泰晶科技,35.9000000000,39.8900000000,1486518580.0000000000,40305030.0000000000,-0.1000300000,14.8651858000,AKShare stock_zh_a_spot / 新浪
603739,蔚蓝生物,12.4300000000,13.8100000000,159349999.0000000000,12697639.0000000000,-0.0999300000,1.5934999900,AKShare stock_zh_a_spot / 新浪
603755,日辰股份,22.8700000000,23.6800000000,18293218.0000000000,787600.0000000000,-0.0342100000,0.1829321800,AKShare stock_zh_a_spot / 新浪
603757,大元泵业,57.5600000000,63.9600000000,552719098.0000000000,9282488.0000000000,-0.1000600000,5.5271909800,AKShare stock_zh_a_spot / 新浪
603758,秦安股份,11.5600000000,12.8400000000,190845639.0000000000,16274009.0000000000,-0.0996900000,1.9084563900,AKShare stock_zh_a_spot / 新浪
603759,海天股份,7.3200000000,7.5500000000,23131285.0000000000,3128261.0000000000,-0.0304600000,0.2313128500,AKShare stock_zh_a_spot / 新浪
603766,隆鑫通用,13.9700000000,13.6000000000,304889213.0000000000,21936880.0000000000,0.0272100000,3.0488921300,AKShare stock_zh_a_spot / 新浪
603767,中马传动,14.3300000000,15.9200000000,181220958.0000000000,12315800.0000000000,-0.0998700000,1.8122095800,AKShare stock_zh_a_spot / 新浪
603768,常青股份,10.9300000000,11.3200000000,27796541.0000000000,2512000.0000000000,-0.0344500000,0.2779654100,AKShare stock_zh_a_spot / 新浪
603773,沃格光电,107.9100000000,112.0000000000,4124550242.0000000000,37176033.0000000000,-0.0365200000,41.2455024200,AKShare stock_zh_a_spot / 新浪
603776,永安行,19.9600000000,21.1800000000,86892506.0000000000,4285279.0000000000,-0.0576000000,0.8689250600,AKShare stock_zh_a_spot / 新浪
603777,来伊份,13.6800000000,14.5000000000,113018802.0000000000,8066492.0000000000,-0.0565500000,1.1301880200,AKShare stock_zh_a_spot / 新浪
603778,国晟科技,9.5000000000,10.3800000000,385523307.0000000000,39571507.0000000000,-0.0847800000,3.8552330700,AKShare stock_zh_a_spot / 新浪
603779,威龙股份,7.6500000000,8.1000000000,100419450.0000000000,12869700.0000000000,-0.0555600000,1.0041945000,AKShare stock_zh_a_spot / 新浪
603786,科博达,40.0700000000,42.5200000000,111823177.0000000000,2741821.0000000000,-0.0576200000,1.1182317700,AKShare stock_zh_a_spot / 新浪
603787,新日股份,9.9800000000,10.2000000000,24083776.0000000000,2396000.0000000000,-0.0215700000,0.2408377600,AKShare stock_zh_a_spot / 新浪
603788,宁波高发,13.5700000000,14.0100000000,19550019.0000000000,1428880.0000000000,-0.0314100000,0.1955001900,AKShare stock_zh_a_spot / 新浪
603790,雅运股份,24.0000000000,26.6700000000,167634794.0000000000,6756100.0000000000,-0.1001100000,1.6763479400,AKShare stock_zh_a_spot / 新浪
603797,联泰环保,4.9000000000,4.9900000000,96391743.0000000000,19738460.0000000000,-0.0180400000,0.9639174300,AKShare stock_zh_a_spot / 新浪
603798,康普顿,12.8600000000,13.5300000000,51747427.0000000000,3961240.0000000000,-0.0495200000,0.5174742700,AKShare stock_zh_a_spot / 新浪
603799,华友钴业,39.5500000000,41.8700000000,3020516491.0000000000,75229695.0000000000,-0.0554100000,30.2051649100,AKShare stock_zh_a_spot / 新浪
603800,洪田股份,66.9300000000,73.0500000000,505138210.0000000000,7301500.0000000000,-0.0837800000,5.0513821000,AKShare stock_zh_a_spot / 新浪
603801,志邦家居,6.5700000000,5.9700000000,88350747.0000000000,13562492.0000000000,0.1005000000,0.8835074700,AKShare stock_zh_a_spot / 新浪
603803,瑞斯康达,10.0800000000,10.8800000000,208541384.0000000000,20176486.0000000000,-0.0735300000,2.0854138400,AKShare stock_zh_a_spot / 新浪
603806,福斯特,15.1600000000,15.7300000000,443071576.0000000000,28828210.0000000000,-0.0362400000,4.4307157600,AKShare stock_zh_a_spot / 新浪
603808,歌力思,8.3500000000,8.5900000000,18102951.0000000000,2141100.0000000000,-0.0279400000,0.1810295100,AKShare stock_zh_a_spot / 新浪
603809,豪能股份,8.8400000000,9.2900000000,138601090.0000000000,15458245.0000000000,-0.0484400000,1.3860109000,AKShare stock_zh_a_spot / 新浪
603810,丰山集团,12.0100000000,12.3400000000,20772547.0000000000,1710380.0000000000,-0.0267400000,0.2077254700,AKShare stock_zh_a_spot / 新浪
603811,诚意药业,7.5100000000,7.6600000000,78988194.0000000000,10298366.0000000000,-0.0195800000,0.7898819400,AKShare stock_zh_a_spot / 新浪
603813,原尚股份,31.1000000000,33.5500000000,35399403.0000000000,1098615.0000000000,-0.0730300000,0.3539940300,AKShare stock_zh_a_spot / 新浪
603815,交建股份,5.1300000000,5.3000000000,35998269.0000000000,6978900.0000000000,-0.0320800000,0.3599826900,AKShare stock_zh_a_spot / 新浪
603816,顾家家居,24.4000000000,23.8700000000,220884630.0000000000,9026833.0000000000,0.0222000000,2.2088463000,AKShare stock_zh_a_spot / 新浪
603817,海峡环保,5.6300000000,5.7100000000,35183336.0000000000,6240200.0000000000,-0.0140100000,0.3518333600,AKShare stock_zh_a_spot / 新浪
603818,曲美家居,3.6000000000,3.7100000000,99609097.0000000000,27066800.0000000000,-0.0296500000,0.9960909700,AKShare stock_zh_a_spot / 新浪
603819,神力股份,13.7300000000,14.4900000000,112399298.0000000000,8013700.0000000000,-0.0524500000,1.1239929800,AKShare stock_zh_a_spot / 新浪
603823,百合花,83.2700000000,85.9000000000,2677031929.0000000000,31100284.0000000000,-0.0306200000,26.7703192900,AKShare stock_zh_a_spot / 新浪
603826,坤彩科技,16.8600000000,17.6600000000,114825212.0000000000,6689619.0000000000,-0.0453000000,1.1482521200,AKShare stock_zh_a_spot / 新浪
603829,洛凯股份,14.6600000000,15.3700000000,51742841.0000000000,3489263.0000000000,-0.0461900000,0.5174284100,AKShare stock_zh_a_spot / 新浪
603833,欧派家居,32.5800000000,32.0100000000,242009483.0000000000,7397021.0000000000,0.0178100000,2.4200948300,AKShare stock_zh_a_spot / 新浪
603836,海程邦达,8.8500000000,8.9900000000,24008117.0000000000,2708713.0000000000,-0.0155700000,0.2400811700,AKShare stock_zh_a_spot / 新浪
603839,安正时尚,6.9500000000,7.1800000000,26879164.0000000000,3848140.0000000000,-0.0320300000,0.2687916400,AKShare stock_zh_a_spot / 新浪
603848,好太太,14.6600000000,13.3300000000,129214263.0000000000,8921565.0000000000,0.0997700000,1.2921426300,AKShare stock_zh_a_spot / 新浪
603855,华荣股份,15.9600000000,16.3000000000,22956475.0000000000,1430000.0000000000,-0.0208600000,0.2295647500,AKShare stock_zh_a_spot / 新浪
603856,东宏股份,11.3900000000,11.3500000000,49345278.0000000000,4328300.0000000000,0.0035200000,0.4934527800,AKShare stock_zh_a_spot / 新浪
603858,步长制药,15.5600000000,15.7900000000,83324006.0000000000,5342828.0000000000,-0.0145700000,0.8332400600,AKShare stock_zh_a_spot / 新浪
603859,能科科技,38.3100000000,41.8200000000,359382514.0000000000,9107934.0000000000,-0.0839300000,3.5938251400,AKShare stock_zh_a_spot / 新浪
603860,中公高科,25.7600000000,26.4200000000,21913327.0000000000,843100.0000000000,-0.0249800000,0.2191332700,AKShare stock_zh_a_spot / 新浪
603861,白云电器,11.9600000000,12.5500000000,107008967.0000000000,8834500.0000000000,-0.0470100000,1.0700896700,AKShare stock_zh_a_spot / 新浪
603863,松炀资源,12.3300000000,12.8000000000,64191783.0000000000,5200300.0000000000,-0.0367200000,0.6419178300,AKShare stock_zh_a_spot / 新浪
603866,桃李面包,4.2200000000,4.2800000000,46187881.0000000000,10912766.0000000000,-0.0140200000,0.4618788100,AKShare stock_zh_a_spot / 新浪
603867,新化股份,27.8300000000,29.3800000000,171474680.0000000000,6061278.0000000000,-0.0527600000,1.7147468000,AKShare stock_zh_a_spot / 新浪
603868,飞科电器,29.9800000000,30.8400000000,36115680.0000000000,1198142.0000000000,-0.0278900000,0.3611568000,AKShare stock_zh_a_spot / 新浪
603871,嘉友国际,12.2900000000,12.1600000000,173296161.0000000000,14101363.0000000000,0.0106900000,1.7329616100,AKShare stock_zh_a_spot / 新浪
603876,鼎胜新材,23.6100000000,22.8000000000,808452836.0000000000,34307519.0000000000,0.0355300000,8.0845283600,AKShare stock_zh_a_spot / 新浪
603877,太平鸟,12.6000000000,13.0300000000,24143659.0000000000,1894200.0000000000,-0.0330000000,0.2414365900,AKShare stock_zh_a_spot / 新浪
603878,武进不锈,4.8900000000,5.0800000000,49424082.0000000000,10010444.0000000000,-0.0374000000,0.4942408200,AKShare stock_zh_a_spot / 新浪
603879,永悦科技,5.2500000000,5.4500000000,45176149.0000000000,8473799.0000000000,-0.0367000000,0.4517614900,AKShare stock_zh_a_spot / 新浪
603880,南卫股份,8.4500000000,9.3900000000,185172448.0000000000,20920350.0000000000,-0.1001100000,1.8517244800,AKShare stock_zh_a_spot / 新浪
603881,数据港,28.6500000000,28.3500000000,2334942137.0000000000,83077816.0000000000,0.0105800000,23.3494213700,AKShare stock_zh_a_spot / 新浪
603882,金域医学,27.9600000000,28.9400000000,224761581.0000000000,7943858.0000000000,-0.0338600000,2.2476158100,AKShare stock_zh_a_spot / 新浪
603883,老百姓,13.0900000000,13.2700000000,213208799.0000000000,16145060.0000000000,-0.0135600000,2.1320879900,AKShare stock_zh_a_spot / 新浪
603885,吉祥航空,10.4700000000,10.5500000000,91664279.0000000000,8742800.0000000000,-0.0075800000,0.9166427900,AKShare stock_zh_a_spot / 新浪
603886,元祖股份,11.5100000000,11.2100000000,206384693.0000000000,18064490.0000000000,0.0267600000,2.0638469300,AKShare stock_zh_a_spot / 新浪
603887,城地香江,9.3000000000,10.3300000000,512090630.0000000000,53998721.0000000000,-0.0997100000,5.1209063000,AKShare stock_zh_a_spot / 新浪
603888,新华网,15.8700000000,16.2300000000,115841493.0000000000,7244610.0000000000,-0.0221800000,1.1584149300,AKShare stock_zh_a_spot / 新浪
603889,新澳股份,5.6100000000,5.7200000000,33483854.0000000000,5929039.0000000000,-0.0192300000,0.3348385400,AKShare stock_zh_a_spot / 新浪
603890,春秋电子,18.2900000000,20.2700000000,924863797.0000000000,49568771.0000000000,-0.0976800000,9.2486379700,AKShare stock_zh_a_spot / 新浪
603893,瑞芯微,182.1000000000,198.0500000000,3273694382.0000000000,17478762.0000000000,-0.0805400000,32.7369438200,AKShare stock_zh_a_spot / 新浪
603895,天永智能,25.1500000000,26.0800000000,50149213.0000000000,2021700.0000000000,-0.0356600000,0.5014921300,AKShare stock_zh_a_spot / 新浪
603896,寿仙谷,15.0100000000,15.2500000000,20791017.0000000000,1380620.0000000000,-0.0157400000,0.2079101700,AKShare stock_zh_a_spot / 新浪
603897,长城科技,28.8900000000,32.1000000000,478502706.0000000000,16219371.0000000000,-0.1000000000,4.7850270600,AKShare stock_zh_a_spot / 新浪
603898,好莱客,11.6100000000,11.6200000000,77226788.0000000000,6851500.0000000000,-0.0008600000,0.7722678800,AKShare stock_zh_a_spot / 新浪
603899,晨光股份,22.4300000000,22.4700000000,64297016.0000000000,2863391.0000000000,-0.0017800000,0.6429701600,AKShare stock_zh_a_spot / 新浪
603900,莱绅通灵,6.0000000000,6.1600000000,35721147.0000000000,5935344.0000000000,-0.0259700000,0.3572114700,AKShare stock_zh_a_spot / 新浪
603901,永创智能,9.2100000000,9.7400000000,83703046.0000000000,8942400.0000000000,-0.0544100000,0.8370304600,AKShare stock_zh_a_spot / 新浪
603903,中持股份,13.9600000000,14.7600000000,177586548.0000000000,12525140.0000000000,-0.0542000000,1.7758654800,AKShare stock_zh_a_spot / 新浪
603906,龙蟠科技,19.3500000000,20.0300000000,508299597.0000000000,25616478.0000000000,-0.0339500000,5.0829959700,AKShare stock_zh_a_spot / 新浪
603908,牧高笛,18.6300000000,19.1000000000,17946879.0000000000,960905.0000000000,-0.0246100000,0.1794687900,AKShare stock_zh_a_spot / 新浪
603909,建发合诚,9.3700000000,9.5600000000,20255064.0000000000,2140290.0000000000,-0.0198700000,0.2025506400,AKShare stock_zh_a_spot / 新浪
603912,佳力图,7.9200000000,8.5900000000,265804749.0000000000,32761682.0000000000,-0.0780000000,2.6580474900,AKShare stock_zh_a_spot / 新浪
603915,国茂股份,12.8700000000,13.8800000000,119857790.0000000000,9132347.0000000000,-0.0727700000,1.1985779000,AKShare stock_zh_a_spot / 新浪
603916,苏博特,11.7900000000,12.1400000000,177223433.0000000000,14830217.0000000000,-0.0288300000,1.7722343300,AKShare stock_zh_a_spot / 新浪
603917,合力科技,12.1600000000,12.5700000000,34121144.0000000000,2780308.0000000000,-0.0326200000,0.3412114400,AKShare stock_zh_a_spot / 新浪
603918,金桥信息,10.0400000000,10.5200000000,135571493.0000000000,13340983.0000000000,-0.0456300000,1.3557149300,AKShare stock_zh_a_spot / 新浪
603919,金徽酒,15.9500000000,16.5500000000,124898843.0000000000,7749561.0000000000,-0.0362500000,1.2489884300,AKShare stock_zh_a_spot / 新浪
603920,世运电路,37.7000000000,40.6900000000,1121257972.0000000000,28976343.0000000000,-0.0734800000,11.2125797200,AKShare stock_zh_a_spot / 新浪
603926,铁流股份,15.2500000000,16.7600000000,107552953.0000000000,6832730.0000000000,-0.0901000000,1.0755295300,AKShare stock_zh_a_spot / 新浪
603927,中科软,13.0400000000,13.3900000000,148239115.0000000000,11336856.0000000000,-0.0261400000,1.4823911500,AKShare stock_zh_a_spot / 新浪
603928,兴业股份,12.6500000000,13.4300000000,216161294.0000000000,16764470.0000000000,-0.0580800000,2.1616129400,AKShare stock_zh_a_spot / 新浪
603929,亚翔集成,167.4700000000,182.9500000000,1469290805.0000000000,8518047.0000000000,-0.0846100000,14.6929080500,AKShare stock_zh_a_spot / 新浪
603931,格林达,35.7500000000,38.7700000000,304947502.0000000000,8282900.0000000000,-0.0779000000,3.0494750200,AKShare stock_zh_a_spot / 新浪
603933,睿能科技,19.4800000000,20.8200000000,101171165.0000000000,5093800.0000000000,-0.0643600000,1.0117116500,AKShare stock_zh_a_spot / 新浪
603936,博敏电子,17.9100000000,19.1200000000,2676357447.0000000000,145507298.0000000000,-0.0632800000,26.7635744700,AKShare stock_zh_a_spot / 新浪
603937,丽岛新材,11.3300000000,11.7200000000,43992411.0000000000,3850500.0000000000,-0.0332800000,0.4399241100,AKShare stock_zh_a_spot / 新浪
603938,三孚股份,43.4000000000,46.5000000000,932696061.0000000000,20763676.0000000000,-0.0666700000,9.3269606100,AKShare stock_zh_a_spot / 新浪
603939,益丰药房,23.9700000000,24.0000000000,186072355.0000000000,7732568.0000000000,-0.0012500000,1.8607235500,AKShare stock_zh_a_spot / 新浪
603948,建业股份,20.1500000000,20.7600000000,20241105.0000000000,996200.0000000000,-0.0293800000,0.2024110500,AKShare stock_zh_a_spot / 新浪
603949,雪龙集团,13.8600000000,14.5700000000,34628139.0000000000,2465800.0000000000,-0.0487300000,0.3462813900,AKShare stock_zh_a_spot / 新浪
603950,长源东谷,57.8200000000,63.9200000000,544085986.0000000000,9161431.0000000000,-0.0954300000,5.4408598600,AKShare stock_zh_a_spot / 新浪
603955,大千生态,18.7100000000,19.7000000000,39450486.0000000000,2082100.0000000000,-0.0502500000,0.3945048600,AKShare stock_zh_a_spot / 新浪
603956,威派格,6.6800000000,7.0700000000,159959654.0000000000,23513918.0000000000,-0.0551600000,1.5995965400,AKShare stock_zh_a_spot / 新浪
603958,哈森股份,16.9800000000,18.4600000000,580712511.0000000000,30852547.0000000000,-0.0801700000,5.8071251100,AKShare stock_zh_a_spot / 新浪
603960,克来机电,15.4300000000,16.5600000000,112118289.0000000000,7099287.0000000000,-0.0682400000,1.1211828900,AKShare stock_zh_a_spot / 新浪
603966,法兰泰克,7.6700000000,7.8900000000,42067336.0000000000,5431155.0000000000,-0.0278800000,0.4206733600,AKShare stock_zh_a_spot / 新浪
603967,中创物流,11.3700000000,11.4700000000,20716200.0000000000,1817300.0000000000,-0.0087200000,0.2071620000,AKShare stock_zh_a_spot / 新浪
603968,醋化股份,10.2200000000,10.5400000000,24902664.0000000000,2410600.0000000000,-0.0303600000,0.2490266400,AKShare stock_zh_a_spot / 新浪
603969,银龙股份,7.1000000000,7.3700000000,101680386.0000000000,14218600.0000000000,-0.0366400000,1.0168038600,AKShare stock_zh_a_spot / 新浪
603970,中农立华,10.9000000000,10.8300000000,86855287.0000000000,7895729.0000000000,0.0064600000,0.8685528700,AKShare stock_zh_a_spot / 新浪
603976,正川股份,26.8500000000,28.3300000000,96484541.0000000000,3526422.0000000000,-0.0522400000,0.9648454100,AKShare stock_zh_a_spot / 新浪
603977,国泰集团,11.4700000000,12.0600000000,121369871.0000000000,10437140.0000000000,-0.0489200000,1.2136987100,AKShare stock_zh_a_spot / 新浪
603978,深圳新星,18.7200000000,19.6700000000,185934531.0000000000,9659688.0000000000,-0.0483000000,1.8593453100,AKShare stock_zh_a_spot / 新浪
603979,金诚信,72.8500000000,76.8800000000,693627232.0000000000,9303067.0000000000,-0.0524200000,6.9362723200,AKShare stock_zh_a_spot / 新浪
603980,吉华集团,6.7900000000,7.0800000000,141801262.0000000000,20705530.0000000000,-0.0409600000,1.4180126200,AKShare stock_zh_a_spot / 新浪
603982,泉峰汽车,5.9500000000,6.1500000000,30679140.0000000000,5120754.0000000000,-0.0325200000,0.3067914000,AKShare stock_zh_a_spot / 新浪
603983,丸美生物,26.8800000000,28.2300000000,78900557.0000000000,2881600.0000000000,-0.0478200000,0.7890055700,AKShare stock_zh_a_spot / 新浪
603985,恒润股份,16.8700000000,18.3300000000,236340147.0000000000,13626400.0000000000,-0.0796500000,2.3634014700,AKShare stock_zh_a_spot / 新浪
603986,兆易创新,403.7100000000,436.7400000000,26918983040.0000000000,66280613.0000000000,-0.0756300000,269.1898304000,AKShare stock_zh_a_spot / 新浪
603987,康德莱,7.4600000000,7.5900000000,29037728.0000000000,3876800.0000000000,-0.0171300000,0.2903772800,AKShare stock_zh_a_spot / 新浪
603988,中电电机,19.2700000000,20.3600000000,166988461.0000000000,8513800.0000000000,-0.0535400000,1.6698846100,AKShare stock_zh_a_spot / 新浪
603989,艾华集团,27.8800000000,30.9800000000,791395500.0000000000,27371215.0000000000,-0.1000600000,7.9139550000,AKShare stock_zh_a_spot / 新浪
603990,麦迪科技,22.3800000000,23.6600000000,399316299.0000000000,17579305.0000000000,-0.0541000000,3.9931629900,AKShare stock_zh_a_spot / 新浪
603991,领先股份,131.6500000000,140.5500000000,399532410.0000000000,2943500.0000000000,-0.0633200000,3.9953241000,AKShare stock_zh_a_spot / 新浪
603992,松霖科技,20.4900000000,21.8700000000,95974307.0000000000,4574300.0000000000,-0.0631000000,0.9597430700,AKShare stock_zh_a_spot / 新浪
603993,洛阳钼业,18.0000000000,18.8200000000,4302555828.0000000000,237818655.0000000000,-0.0435700000,43.0255582800,AKShare stock_zh_a_spot / 新浪
603995,甬金股份,26.2600000000,27.5300000000,304975665.0000000000,11409872.0000000000,-0.0461300000,3.0497566500,AKShare stock_zh_a_spot / 新浪
603997,继峰股份,11.7000000000,12.2100000000,280177560.0000000000,23631600.0000000000,-0.0417700000,2.8017756000,AKShare stock_zh_a_spot / 新浪
603998,方盛制药,10.1400000000,10.3700000000,164250718.0000000000,16012200.0000000000,-0.0221800000,1.6425071800,AKShare stock_zh_a_spot / 新浪
603999,读者传媒,5.5400000000,5.7100000000,33784200.0000000000,6034400.0000000000,-0.0297700000,0.3378420000,AKShare stock_zh_a_spot / 新浪
605001,威奥股份,5.7100000000,5.7500000000,36833450.0000000000,6466866.0000000000,-0.0069600000,0.3683345000,AKShare stock_zh_a_spot / 新浪
605003,众望布艺,21.5000000000,22.4300000000,60888953.0000000000,2767078.0000000000,-0.0414600000,0.6088895300,AKShare stock_zh_a_spot / 新浪
605005,合兴股份,15.3600000000,15.8500000000,14798940.0000000000,954925.0000000000,-0.0309100000,0.1479894000,AKShare stock_zh_a_spot / 新浪
605006,山东玻纤,14.2100000000,15.3700000000,516920893.0000000000,35308311.0000000000,-0.0754700000,5.1692089300,AKShare stock_zh_a_spot / 新浪
605007,五洲特纸,14.9600000000,15.7600000000,68560346.0000000000,4497700.0000000000,-0.0507600000,0.6856034600,AKShare stock_zh_a_spot / 新浪
605008,长鸿高科,12.7500000000,12.6200000000,89648948.0000000000,7075560.0000000000,0.0103000000,0.8964894800,AKShare stock_zh_a_spot / 新浪
605009,豪悦护理,23.5800000000,24.1200000000,22467643.0000000000,948108.0000000000,-0.0223900000,0.2246764300,AKShare stock_zh_a_spot / 新浪
605011,杭州热电,16.9400000000,17.3200000000,73904274.0000000000,4332200.0000000000,-0.0219400000,0.7390427400,AKShare stock_zh_a_spot / 新浪
605016,百龙创园,19.7300000000,20.4400000000,111396674.0000000000,5548423.0000000000,-0.0347400000,1.1139667400,AKShare stock_zh_a_spot / 新浪
605018,长华集团,12.0700000000,12.8500000000,60943726.0000000000,4940200.0000000000,-0.0607000000,0.6094372600,AKShare stock_zh_a_spot / 新浪
605020,永和股份,32.9300000000,34.6900000000,554686081.0000000000,16520715.0000000000,-0.0507400000,5.5468608100,AKShare stock_zh_a_spot / 新浪
605028,世茂能源,24.6500000000,25.2100000000,30719879.0000000000,1244700.0000000000,-0.0222100000,0.3071987900,AKShare stock_zh_a_spot / 新浪
605033,美邦股份,20.2400000000,19.7200000000,217383865.0000000000,10640194.0000000000,0.0263700000,2.1738386500,AKShare stock_zh_a_spot / 新浪
605050,福然德,10.1100000000,10.5600000000,31144811.0000000000,3016531.0000000000,-0.0426100000,0.3114481100,AKShare stock_zh_a_spot / 新浪
605055,迎丰股份,9.3400000000,9.7300000000,27295264.0000000000,2893300.0000000000,-0.0400800000,0.2729526400,AKShare stock_zh_a_spot / 新浪
605056,咸亨国际,13.8400000000,14.9100000000,100311544.0000000000,7071624.0000000000,-0.0717600000,1.0031154400,AKShare stock_zh_a_spot / 新浪
605058,澳弘电子,26.2400000000,27.9300000000,63584805.0000000000,2374300.0000000000,-0.0605100000,0.6358480500,AKShare stock_zh_a_spot / 新浪
605060,联德股份,42.3800000000,46.3800000000,248542113.0000000000,5726157.0000000000,-0.0862400000,2.4854211300,AKShare stock_zh_a_spot / 新浪
605066,天正电气,7.4900000000,7.7100000000,181640708.0000000000,23739400.0000000000,-0.0285300000,1.8164070800,AKShare stock_zh_a_spot / 新浪
605068,明新旭腾,17.2000000000,18.3800000000,96907479.0000000000,5540100.0000000000,-0.0642000000,0.9690747900,AKShare stock_zh_a_spot / 新浪
605069,正和生态,10.2900000000,10.8100000000,43287662.0000000000,4168100.0000000000,-0.0481000000,0.4328766200,AKShare stock_zh_a_spot / 新浪
605077,华康股份,10.8800000000,11.2100000000,51851860.0000000000,4721898.0000000000,-0.0294400000,0.5185186000,AKShare stock_zh_a_spot / 新浪
605080,浙江自然,20.3100000000,20.4500000000,46565900.0000000000,2304220.0000000000,-0.0068500000,0.4656590000,AKShare stock_zh_a_spot / 新浪
605086,龙高股份,22.8400000000,24.0200000000,30124249.0000000000,1299040.0000000000,-0.0491300000,0.3012424900,AKShare stock_zh_a_spot / 新浪
605088,冠盛股份,20.3700000000,21.5500000000,92919868.0000000000,4483670.0000000000,-0.0547600000,0.9291986800,AKShare stock_zh_a_spot / 新浪
605089,味知香,20.3000000000,20.7700000000,24346739.0000000000,1197544.0000000000,-0.0226300000,0.2434673900,AKShare stock_zh_a_spot / 新浪
605090,九丰能源,35.3100000000,37.2100000000,1005359439.0000000000,27477191.0000000000,-0.0510600000,10.0535943900,AKShare stock_zh_a_spot / 新浪
605098,行动教育,55.5200000000,56.6100000000,60353762.0000000000,1076999.0000000000,-0.0192500000,0.6035376200,AKShare stock_zh_a_spot / 新浪
605099,共创草坪,32.9200000000,33.3200000000,33777190.0000000000,1022700.0000000000,-0.0120000000,0.3377719000,AKShare stock_zh_a_spot / 新浪
605100,华丰股份,33.0000000000,35.2500000000,182404321.0000000000,5438500.0000000000,-0.0638300000,1.8240432100,AKShare stock_zh_a_spot / 新浪
605108,同庆楼,12.3300000000,12.6600000000,29884657.0000000000,2408830.0000000000,-0.0260700000,0.2988465700,AKShare stock_zh_a_spot / 新浪
605111,新洁能,60.2500000000,63.5000000000,2050495200.0000000000,33010157.0000000000,-0.0511800000,20.5049520000,AKShare stock_zh_a_spot / 新浪
605116,奥锐特,20.0000000000,20.3900000000,70896413.0000000000,3518600.0000000000,-0.0191300000,0.7089641300,AKShare stock_zh_a_spot / 新浪
605117,德业股份,94.8700000000,98.4200000000,1353919389.0000000000,14053738.0000000000,-0.0360700000,13.5391938900,AKShare stock_zh_a_spot / 新浪
605118,力鼎光电,29.0100000000,30.3600000000,93208120.0000000000,3159700.0000000000,-0.0444700000,0.9320812000,AKShare stock_zh_a_spot / 新浪
605122,四方新材,11.7000000000,11.7300000000,38075895.0000000000,3284077.0000000000,-0.0025600000,0.3807589500,AKShare stock_zh_a_spot / 新浪
605123,派克新材,77.8200000000,80.6900000000,397047472.0000000000,4923090.0000000000,-0.0355700000,3.9704747200,AKShare stock_zh_a_spot / 新浪
605128,上海沿浦,22.9000000000,25.1500000000,195882491.0000000000,8309657.0000000000,-0.0894600000,1.9588249100,AKShare stock_zh_a_spot / 新浪
605133,嵘泰股份,27.2000000000,29.0200000000,340937260.0000000000,12343026.0000000000,-0.0627200000,3.4093726000,AKShare stock_zh_a_spot / 新浪
605136,丽人丽妆,7.8400000000,8.1300000000,64260767.0000000000,8119199.0000000000,-0.0356700000,0.6426076700,AKShare stock_zh_a_spot / 新浪
605138,盛泰集团,5.8000000000,5.9100000000,18077398.0000000000,3107500.0000000000,-0.0186100000,0.1807739800,AKShare stock_zh_a_spot / 新浪
605151,西上海,18.9700000000,19.3300000000,30279595.0000000000,1581200.0000000000,-0.0186200000,0.3027959500,AKShare stock_zh_a_spot / 新浪
605155,西大门,13.9600000000,14.7100000000,43266118.0000000000,3045116.0000000000,-0.0509900000,0.4326611800,AKShare stock_zh_a_spot / 新浪
605158,华达新材,7.2800000000,7.3500000000,24900087.0000000000,3414650.0000000000,-0.0095200000,0.2490008700,AKShare stock_zh_a_spot / 新浪
605162,新中港,9.1400000000,9.7200000000,237344010.0000000000,25303163.0000000000,-0.0596700000,2.3734401000,AKShare stock_zh_a_spot / 新浪
605166,聚合顺,8.1000000000,8.4000000000,54166235.0000000000,6630201.0000000000,-0.0357100000,0.5416623500,AKShare stock_zh_a_spot / 新浪
605167,利柏特,14.7300000000,14.5300000000,155328341.0000000000,10560196.0000000000,0.0137600000,1.5532834100,AKShare stock_zh_a_spot / 新浪
605168,三人行,45.5700000000,47.2900000000,363767305.0000000000,7795093.0000000000,-0.0363700000,3.6376730500,AKShare stock_zh_a_spot / 新浪
605169,洪通燃气,10.7700000000,10.8400000000,84112051.0000000000,7751509.0000000000,-0.0064600000,0.8411205100,AKShare stock_zh_a_spot / 新浪
605177,东亚药业,19.3500000000,19.0000000000,110797340.0000000000,5707900.0000000000,0.0184200000,1.1079734000,AKShare stock_zh_a_spot / 新浪
605178,时空科技,65.0000000000,69.8900000000,335322374.0000000000,5062184.0000000000,-0.0699700000,3.3532237400,AKShare stock_zh_a_spot / 新浪
605179,一鸣食品,34.7500000000,38.6100000000,104260425.0000000000,3000300.0000000000,-0.0999700000,1.0426042500,AKShare stock_zh_a_spot / 新浪
605180,华生科技,12.0400000000,13.1000000000,130627517.0000000000,10911210.0000000000,-0.0809200000,1.3062751700,AKShare stock_zh_a_spot / 新浪
605183,确成股份,14.3500000000,14.6800000000,17820917.0000000000,1232000.0000000000,-0.0224800000,0.1782091700,AKShare stock_zh_a_spot / 新浪
605186,健麾信息,26.3000000000,27.7000000000,77867333.0000000000,2937800.0000000000,-0.0505400000,0.7786733300,AKShare stock_zh_a_spot / 新浪
605188,国光连锁,12.5500000000,13.2300000000,80780831.0000000000,6316300.0000000000,-0.0514000000,0.8078083100,AKShare stock_zh_a_spot / 新浪
605189,富春染织,14.3400000000,15.9300000000,240616326.0000000000,16312206.0000000000,-0.0998100000,2.4061632600,AKShare stock_zh_a_spot / 新浪
605196,华通线缆,34.5000000000,35.9100000000,385651304.0000000000,11019369.0000000000,-0.0392600000,3.8565130400,AKShare stock_zh_a_spot / 新浪
605198,安德利,62.2200000000,68.3900000000,275241604.0000000000,4285500.0000000000,-0.0902200000,2.7524160400,AKShare stock_zh_a_spot / 新浪
605208,永茂泰,13.9800000000,15.1200000000,192074370.0000000000,13530659.0000000000,-0.0754000000,1.9207437000,AKShare stock_zh_a_spot / 新浪
605218,伟时电子,14.0700000000,14.5300000000,40480403.0000000000,2847000.0000000000,-0.0316600000,0.4048040300,AKShare stock_zh_a_spot / 新浪
605222,起帆电缆,19.6400000000,20.9300000000,196329411.0000000000,9734600.0000000000,-0.0616300000,1.9632941100,AKShare stock_zh_a_spot / 新浪
605228,神通科技,10.4200000000,11.1700000000,65900210.0000000000,6190278.0000000000,-0.0671400000,0.6590021000,AKShare stock_zh_a_spot / 新浪
605255,天普股份,68.0000000000,73.3000000000,80982093.0000000000,1169411.0000000000,-0.0723100000,0.8098209300,AKShare stock_zh_a_spot / 新浪
605258,协和电子,26.3800000000,27.7400000000,39516253.0000000000,1470900.0000000000,-0.0490300000,0.3951625300,AKShare stock_zh_a_spot / 新浪
605259,绿田机械,17.7000000000,18.1800000000,22623057.0000000000,1272500.0000000000,-0.0264000000,0.2262305700,AKShare stock_zh_a_spot / 新浪
605266,健之佳,16.5000000000,16.8500000000,27863910.0000000000,1675500.0000000000,-0.0207700000,0.2786391000,AKShare stock_zh_a_spot / 新浪
605268,王力安防,9.4600000000,10.1600000000,121455931.0000000000,12581845.0000000000,-0.0689000000,1.2145593100,AKShare stock_zh_a_spot / 新浪
605277,新亚电子,14.3600000000,15.1100000000,85226864.0000000000,5845412.0000000000,-0.0496400000,0.8522686400,AKShare stock_zh_a_spot / 新浪
605286,同力天启,24.8600000000,27.5200000000,220866434.0000000000,8605508.0000000000,-0.0966600000,2.2086643400,AKShare stock_zh_a_spot / 新浪
605287,德才股份,38.3600000000,39.8900000000,145310937.0000000000,3793100.0000000000,-0.0383600000,1.4531093700,AKShare stock_zh_a_spot / 新浪
605288,凯迪股份,55.6200000000,61.8000000000,122766406.0000000000,2156900.0000000000,-0.1000000000,1.2276640600,AKShare stock_zh_a_spot / 新浪
605289,罗曼股份,105.0700000000,116.7400000000,505067159.0000000000,4605180.0000000000,-0.0999700000,5.0506715900,AKShare stock_zh_a_spot / 新浪
605296,神农集团,29.9600000000,31.1200000000,96567744.0000000000,3175570.0000000000,-0.0372800000,0.9656774400,AKShare stock_zh_a_spot / 新浪
605298,必得科技,45.1000000000,47.4700000000,52897226.0000000000,1158100.0000000000,-0.0499300000,0.5289722600,AKShare stock_zh_a_spot / 新浪
605299,舒华体育,12.4300000000,12.9400000000,185787788.0000000000,14575128.0000000000,-0.0394100000,1.8578778800,AKShare stock_zh_a_spot / 新浪
605300,佳禾食品,9.6700000000,10.0800000000,36300210.0000000000,3708868.0000000000,-0.0406700000,0.3630021000,AKShare stock_zh_a_spot / 新浪
605303,园林股份,20.4700000000,22.2300000000,66769071.0000000000,3186054.0000000000,-0.0791700000,0.6676907100,AKShare stock_zh_a_spot / 新浪
605305,中际联合,37.1600000000,38.7700000000,144246450.0000000000,3837051.0000000000,-0.0415300000,1.4424645000,AKShare stock_zh_a_spot / 新浪
605318,法狮龙,76.1100000000,84.5700000000,165630167.0000000000,2118296.0000000000,-0.1000400000,1.6563016700,AKShare stock_zh_a_spot / 新浪
605319,无锡振华,23.6500000000,25.0200000000,82627105.0000000000,3431396.0000000000,-0.0547600000,0.8262710500,AKShare stock_zh_a_spot / 新浪
605333,沪光股份,18.3000000000,18.6600000000,260996240.0000000000,13951362.0000000000,-0.0192900000,2.6099624000,AKShare stock_zh_a_spot / 新浪
605337,李子园,9.5800000000,9.8900000000,46440020.0000000000,4786210.0000000000,-0.0313400000,0.4644002000,AKShare stock_zh_a_spot / 新浪
605338,巴比食品,19.6400000000,20.0700000000,49313297.0000000000,2480200.0000000000,-0.0214300000,0.4931329700,AKShare stock_zh_a_spot / 新浪
605339,南侨食品,14.0000000000,14.8200000000,38228557.0000000000,2656900.0000000000,-0.0553300000,0.3822855700,AKShare stock_zh_a_spot / 新浪
605358,立昂微,45.0100000000,49.6200000000,3939890855.0000000000,83860178.0000000000,-0.0929100000,39.3989085500,AKShare stock_zh_a_spot / 新浪
605365,立达信,13.5200000000,14.1800000000,56598318.0000000000,4123400.0000000000,-0.0465400000,0.5659831800,AKShare stock_zh_a_spot / 新浪
605366,宏柏新材,7.9600000000,8.4800000000,176684450.0000000000,21758645.0000000000,-0.0613200000,1.7668445000,AKShare stock_zh_a_spot / 新浪
605368,蓝天燃气,6.6500000000,6.6700000000,22677446.0000000000,3403800.0000000000,-0.0030000000,0.2267744600,AKShare stock_zh_a_spot / 新浪
605369,拱东医疗,17.3500000000,17.4800000000,19504620.0000000000,1127900.0000000000,-0.0074400000,0.1950462000,AKShare stock_zh_a_spot / 新浪
605376,博迁新材,152.2400000000,169.1500000000,1992209448.0000000000,12742787.0000000000,-0.0999700000,19.9220944800,AKShare stock_zh_a_spot / 新浪
605377,华旺科技,8.8100000000,8.8800000000,99404705.0000000000,11136044.0000000000,-0.0078800000,0.9940470500,AKShare stock_zh_a_spot / 新浪
605378,野马电池,13.8000000000,14.3500000000,29370166.0000000000,2095200.0000000000,-0.0383300000,0.2937016600,AKShare stock_zh_a_spot / 新浪
605388,均瑶健康,5.9400000000,6.3100000000,124118277.0000000000,20451224.0000000000,-0.0586400000,1.2411827700,AKShare stock_zh_a_spot / 新浪
605389,长龄液压,69.8800000000,76.0200000000,103849905.0000000000,1440820.0000000000,-0.0807700000,1.0384990500,AKShare stock_zh_a_spot / 新浪
605398,新炬网络,19.9500000000,20.7800000000,35087174.0000000000,1746900.0000000000,-0.0399400000,0.3508717400,AKShare stock_zh_a_spot / 新浪
605399,晨光新材,10.7500000000,11.1100000000,41239251.0000000000,3771099.0000000000,-0.0324000000,0.4123925100,AKShare stock_zh_a_spot / 新浪
605488,福莱新材,27.8800000000,30.9800000000,275542076.0000000000,9526080.0000000000,-0.1000600000,2.7554207600,AKShare stock_zh_a_spot / 新浪
605499,东鹏饮料,122.7500000000,122.5700000000,924742789.0000000000,7510758.0000000000,0.0014700000,9.2474278900,AKShare stock_zh_a_spot / 新浪
605500,森林包装,6.8400000000,7.1200000000,35988024.0000000000,5209590.0000000000,-0.0393300000,0.3598802400,AKShare stock_zh_a_spot / 新浪
605507,国邦医药,15.7100000000,15.7400000000,72846735.0000000000,4614679.0000000000,-0.0019100000,0.7284673500,AKShare stock_zh_a_spot / 新浪
605555,德昌股份,11.7600000000,12.4600000000,54971715.0000000000,4603998.0000000000,-0.0561800000,0.5497171500,AKShare stock_zh_a_spot / 新浪
605566,福莱蒽特,25.4500000000,27.7100000000,111014081.0000000000,4247100.0000000000,-0.0815600000,1.1101408100,AKShare stock_zh_a_spot / 新浪
605567,春雪食品,9.0000000000,9.2300000000,30160876.0000000000,3335300.0000000000,-0.0249200000,0.3016087600,AKShare stock_zh_a_spot / 新浪
605577,龙版传媒,10.1400000000,10.7600000000,178945705.0000000000,17268635.0000000000,-0.0576200000,1.7894570500,AKShare stock_zh_a_spot / 新浪
605580,恒盛能源,17.8700000000,18.7500000000,71091866.0000000000,3928900.0000000000,-0.0469300000,0.7109186600,AKShare stock_zh_a_spot / 新浪
605588,冠石科技,46.8000000000,49.5100000000,73658923.0000000000,1540799.0000000000,-0.0547400000,0.7365892300,AKShare stock_zh_a_spot / 新浪
605589,圣泉集团,38.3600000000,42.6200000000,2135571288.0000000000,53539693.0000000000,-0.0999500000,21.3557128800,AKShare stock_zh_a_spot / 新浪
605598,上海港湾,26.0300000000,28.9200000000,194699022.0000000000,7219400.0000000000,-0.0999300000,1.9469902200,AKShare stock_zh_a_spot / 新浪
605599,菜百股份,15.7100000000,15.8900000000,74943950.0000000000,4760192.0000000000,-0.0113300000,0.7494395000,AKShare stock_zh_a_spot / 新浪
688001,华兴源创,52.0500000000,59.4500000000,689121540.0000000000,12701366.0000000000,-0.1244700000,6.8912154000,AKShare stock_zh_a_spot / 新浪
688002,睿创微纳,162.1700000000,174.8400000000,2842911653.0000000000,16914969.0000000000,-0.0724700000,28.4291165300,AKShare stock_zh_a_spot / 新浪
688003,天准科技,81.5100000000,90.2000000000,775484957.0000000000,9308425.0000000000,-0.0963400000,7.7548495700,AKShare stock_zh_a_spot / 新浪
688004,博汇科技,21.6600000000,23.2000000000,51078128.0000000000,2314658.0000000000,-0.0663800000,0.5107812800,AKShare stock_zh_a_spot / 新浪
688005,容百科技,26.4000000000,27.5000000000,348539388.0000000000,12999653.0000000000,-0.0400000000,3.4853938800,AKShare stock_zh_a_spot / 新浪
688006,杭可科技,23.8000000000,25.1000000000,460343277.0000000000,19260101.0000000000,-0.0517900000,4.6034327700,AKShare stock_zh_a_spot / 新浪
688007,光峰科技,10.4000000000,11.0800000000,58493774.0000000000,5534782.0000000000,-0.0613700000,0.5849377400,AKShare stock_zh_a_spot / 新浪
688008,澜起科技,200.0000000000,218.0000000000,10401047973.0000000000,51063762.0000000000,-0.0825700000,104.0104797300,AKShare stock_zh_a_spot / 新浪
688009,中国通号,4.9500000000,4.9100000000,180373066.0000000000,36471045.0000000000,0.0081500000,1.8037306600,AKShare stock_zh_a_spot / 新浪
688010,福光股份,25.6000000000,28.3200000000,131286303.0000000000,4979601.0000000000,-0.0960500000,1.3128630300,AKShare stock_zh_a_spot / 新浪
688011,新光光电,80.8000000000,88.3500000000,249313084.0000000000,2985449.0000000000,-0.0854600000,2.4931308400,AKShare stock_zh_a_spot / 新浪
688012,中微公司,372.0000000000,398.3300000000,9672852382.0000000000,25727075.0000000000,-0.0661000000,96.7285238200,AKShare stock_zh_a_spot / 新浪
688013,天臣医疗,25.4800000000,26.2400000000,30827459.0000000000,1210126.0000000000,-0.0289600000,0.3082745900,AKShare stock_zh_a_spot / 新浪
688015,交控科技,15.4100000000,15.9200000000,16538107.0000000000,1066520.0000000000,-0.0320400000,0.1653810700,AKShare stock_zh_a_spot / 新浪
688016,心脉医疗,90.7800000000,92.1600000000,133466968.0000000000,1465678.0000000000,-0.0149700000,1.3346696800,AKShare stock_zh_a_spot / 新浪
688017,绿的谐波,313.5300000000,380.8000000000,5211157123.0000000000,15567244.0000000000,-0.1766500000,52.1115712300,AKShare stock_zh_a_spot / 新浪
688018,乐鑫科技,110.8300000000,113.5800000000,591424823.0000000000,5317908.0000000000,-0.0242100000,5.9142482300,AKShare stock_zh_a_spot / 新浪
688019,安集科技,248.6400000000,272.9800000000,2758126425.0000000000,10737962.0000000000,-0.0891600000,27.5812642500,AKShare stock_zh_a_spot / 新浪
688020,方邦股份,128.7300000000,149.6400000000,671773542.0000000000,4998583.0000000000,-0.1397400000,6.7177354200,AKShare stock_zh_a_spot / 新浪
688021,奥福科技,20.4200000000,21.2500000000,30393359.0000000000,1459151.0000000000,-0.0390600000,0.3039335900,AKShare stock_zh_a_spot / 新浪
688023,安恒信息,37.9400000000,39.8000000000,96902269.0000000000,2520356.0000000000,-0.0467300000,0.9690226900,AKShare stock_zh_a_spot / 新浪
688025,杰普特,387.4200000000,419.9900000000,1988147857.0000000000,4995670.0000000000,-0.0775500000,19.8814785700,AKShare stock_zh_a_spot / 新浪
688026,洁特生物,16.2400000000,16.7400000000,106668261.0000000000,6586638.0000000000,-0.0298700000,1.0666826100,AKShare stock_zh_a_spot / 新浪
688027,国盾量子,390.1700000000,415.2000000000,734216693.0000000000,1843002.0000000000,-0.0602800000,7.3421669300,AKShare stock_zh_a_spot / 新浪
688028,沃尔德,87.8200000000,97.6900000000,767797504.0000000000,8471776.0000000000,-0.1010300000,7.6779750400,AKShare stock_zh_a_spot / 新浪
688029,南微医学,72.5500000000,73.1600000000,143860474.0000000000,1983083.0000000000,-0.0083400000,1.4386047400,AKShare stock_zh_a_spot / 新浪
688030,山石网科,16.4900000000,17.5800000000,54540669.0000000000,3257452.0000000000,-0.0620000000,0.5454066900,AKShare stock_zh_a_spot / 新浪
688031,星环科技,107.0000000000,115.5000000000,668422414.0000000000,6102395.0000000000,-0.0735900000,6.6842241400,AKShare stock_zh_a_spot / 新浪
688032,禾迈股份,74.8600000000,77.7000000000,74471106.0000000000,985202.0000000000,-0.0365500000,0.7447110600,AKShare stock_zh_a_spot / 新浪
688035,德邦科技,65.2600000000,71.6500000000,553377486.0000000000,8203051.0000000000,-0.0891800000,5.5337748600,AKShare stock_zh_a_spot / 新浪
688036,传音控股,57.2500000000,56.2700000000,1379883785.0000000000,24395995.0000000000,0.0174200000,13.7988378500,AKShare stock_zh_a_spot / 新浪
688037,芯源微,344.6900000000,356.5000000000,3099916606.0000000000,8917750.0000000000,-0.0331300000,30.9991660600,AKShare stock_zh_a_spot / 新浪
688038,中科通达,18.2400000000,18.9900000000,38412768.0000000000,2096183.0000000000,-0.0394900000,0.3841276800,AKShare stock_zh_a_spot / 新浪
688039,当虹科技,32.9200000000,35.5800000000,64928991.0000000000,1927692.0000000000,-0.0747600000,0.6492899100,AKShare stock_zh_a_spot / 新浪
688041,海光信息,259.7400000000,280.0800000000,7548279448.0000000000,28599040.0000000000,-0.0726200000,75.4827944800,AKShare stock_zh_a_spot / 新浪
688045,必易微,60.9600000000,66.2100000000,177276436.0000000000,2834607.0000000000,-0.0792900000,1.7727643600,AKShare stock_zh_a_spot / 新浪
688046,药康生物,36.0000000000,40.0000000000,896626519.0000000000,23998062.0000000000,-0.1000000000,8.9662651900,AKShare stock_zh_a_spot / 新浪
688047,龙芯中科,106.7500000000,113.7700000000,580597690.0000000000,5336624.0000000000,-0.0617000000,5.8059769000,AKShare stock_zh_a_spot / 新浪
688048,长光华芯,293.1200000000,336.9500000000,4568647724.0000000000,15002593.0000000000,-0.1300800000,45.6864772400,AKShare stock_zh_a_spot / 新浪
688049,炬芯科技,39.7800000000,42.0600000000,343481293.0000000000,8528936.0000000000,-0.0542100000,3.4348129300,AKShare stock_zh_a_spot / 新浪
688050,爱博医疗,40.4600000000,41.5800000000,123655859.0000000000,3031320.0000000000,-0.0269400000,1.2365585900,AKShare stock_zh_a_spot / 新浪
688051,佳华科技,24.1600000000,25.0100000000,27199408.0000000000,1118667.0000000000,-0.0339900000,0.2719940800,AKShare stock_zh_a_spot / 新浪
688052,纳芯微,222.3000000000,237.0700000000,919430428.0000000000,4020297.0000000000,-0.0623000000,9.1943042800,AKShare stock_zh_a_spot / 新浪
688055,龙腾光电,3.7100000000,3.9800000000,64824520.0000000000,17037102.0000000000,-0.0678400000,0.6482452000,AKShare stock_zh_a_spot / 新浪
688056,莱伯泰科,41.8100000000,45.8800000000,55789462.0000000000,1301758.0000000000,-0.0887100000,0.5578946200,AKShare stock_zh_a_spot / 新浪
688057,金达莱,17.4500000000,18.7800000000,97775508.0000000000,5392374.0000000000,-0.0708200000,0.9777550800,AKShare stock_zh_a_spot / 新浪
688058,宝兰德,22.4400000000,23.5800000000,22126547.0000000000,980491.0000000000,-0.0483500000,0.2212654700,AKShare stock_zh_a_spot / 新浪
688059,华锐精密,90.2000000000,96.9000000000,581056968.0000000000,6329844.0000000000,-0.0691400000,5.8105696800,AKShare stock_zh_a_spot / 新浪
688060,云涌科技,33.8200000000,35.1600000000,13120107.0000000000,386041.0000000000,-0.0381100000,0.1312010700,AKShare stock_zh_a_spot / 新浪
688061,灿瑞科技,36.5800000000,39.6400000000,67436146.0000000000,1807786.0000000000,-0.0771900000,0.6743614600,AKShare stock_zh_a_spot / 新浪
688062,迈威生物,31.3800000000,33.1900000000,254108972.0000000000,7941431.0000000000,-0.0545300000,2.5410897200,AKShare stock_zh_a_spot / 新浪
688063,派能科技,43.6000000000,45.3900000000,238139218.0000000000,5374287.0000000000,-0.0394400000,2.3813921800,AKShare stock_zh_a_spot / 新浪
688065,凯赛生物,46.2500000000,46.8800000000,241162292.0000000000,5234173.0000000000,-0.0134400000,2.4116229200,AKShare stock_zh_a_spot / 新浪
688067,爱威科技,22.1300000000,22.8300000000,22522149.0000000000,1007581.0000000000,-0.0306600000,0.2252214900,AKShare stock_zh_a_spot / 新浪
688068,热景生物,104.1400000000,111.2100000000,370815364.0000000000,3485935.0000000000,-0.0635700000,3.7081536400,AKShare stock_zh_a_spot / 新浪
688069,德林海,31.7700000000,31.5900000000,88444827.0000000000,2795461.0000000000,0.0057000000,0.8844482700,AKShare stock_zh_a_spot / 新浪
688070,纵横股份,34.0000000000,37.0900000000,91956455.0000000000,2659478.0000000000,-0.0833100000,0.9195645500,AKShare stock_zh_a_spot / 新浪
688071,华依科技,33.2900000000,36.6400000000,93435718.0000000000,2719875.0000000000,-0.0914300000,0.9343571800,AKShare stock_zh_a_spot / 新浪
688072,拓荆科技,690.0000000000,755.4600000000,5222557690.0000000000,7386980.0000000000,-0.0866500000,52.2255769000,AKShare stock_zh_a_spot / 新浪
688073,毕得医药,70.4800000000,79.6500000000,529899580.0000000000,7197935.0000000000,-0.1151300000,5.2989958000,AKShare stock_zh_a_spot / 新浪
688075,安旭生物,29.0800000000,29.8500000000,15682938.0000000000,536707.0000000000,-0.0258000000,0.1568293800,AKShare stock_zh_a_spot / 新浪
688077,大地熊,29.7500000000,32.2600000000,253584763.0000000000,8347245.0000000000,-0.0778100000,2.5358476300,AKShare stock_zh_a_spot / 新浪
688078,龙软科技,22.7000000000,23.0200000000,20028068.0000000000,883157.0000000000,-0.0139000000,0.2002806800,AKShare stock_zh_a_spot / 新浪
688079,美迪凯,15.7000000000,17.3700000000,252753898.0000000000,15650389.0000000000,-0.0961400000,2.5275389800,AKShare stock_zh_a_spot / 新浪
688080,映翰通,35.6800000000,37.2600000000,41501600.0000000000,1150005.0000000000,-0.0424000000,0.4150160000,AKShare stock_zh_a_spot / 新浪
688081,兴图新科,28.1000000000,29.8900000000,55161740.0000000000,1930017.0000000000,-0.0598900000,0.5516174000,AKShare stock_zh_a_spot / 新浪
688082,盛美上海,295.9600000000,337.4000000000,3203781849.0000000000,10400382.0000000000,-0.1228200000,32.0378184900,AKShare stock_zh_a_spot / 新浪
688083,中望软件,53.6600000000,56.0000000000,291236346.0000000000,5445364.0000000000,-0.0417900000,2.9123634600,AKShare stock_zh_a_spot / 新浪
688084,晶品特装,43.4700000000,47.0800000000,78740105.0000000000,1774699.0000000000,-0.0766800000,0.7874010500,AKShare stock_zh_a_spot / 新浪
688085,三友医疗,13.0600000000,13.4700000000,40601448.0000000000,3092336.0000000000,-0.0304400000,0.4060144800,AKShare stock_zh_a_spot / 新浪
688087,英科再生,40.6600000000,40.3400000000,95247901.0000000000,2327924.0000000000,0.0079300000,0.9524790100,AKShare stock_zh_a_spot / 新浪
688088,虹软科技,31.7400000000,33.3800000000,210226733.0000000000,6535858.0000000000,-0.0491300000,2.1022673300,AKShare stock_zh_a_spot / 新浪
688090,瑞松科技,68.8000000000,73.4200000000,642108890.0000000000,9171905.0000000000,-0.0629300000,6.4210889000,AKShare stock_zh_a_spot / 新浪
688091,上海谊众,39.6500000000,41.2600000000,131718463.0000000000,3278336.0000000000,-0.0390200000,1.3171846300,AKShare stock_zh_a_spot / 新浪
688092,爱科科技,22.0800000000,22.8700000000,13588939.0000000000,612355.0000000000,-0.0345400000,0.1358893900,AKShare stock_zh_a_spot / 新浪
688093,世华科技,25.4400000000,26.7200000000,61368665.0000000000,2383933.0000000000,-0.0479000000,0.6136866500,AKShare stock_zh_a_spot / 新浪
688095,福昕软件,60.2300000000,64.2600000000,260567641.0000000000,4280376.0000000000,-0.0627100000,2.6056764100,AKShare stock_zh_a_spot / 新浪
688096,京源环保,8.3000000000,8.9300000000,61975915.0000000000,7324268.0000000000,-0.0705500000,0.6197591500,AKShare stock_zh_a_spot / 新浪
688097,博众精工,46.1600000000,50.6500000000,405147968.0000000000,8551879.0000000000,-0.0886500000,4.0514796800,AKShare stock_zh_a_spot / 新浪
688098,申联生物,8.0700000000,8.4100000000,30368389.0000000000,3716376.0000000000,-0.0404300000,0.3036838900,AKShare stock_zh_a_spot / 新浪
688099,晶晨股份,93.3800000000,98.3500000000,1335467573.0000000000,14002295.0000000000,-0.0505300000,13.3546757300,AKShare stock_zh_a_spot / 新浪
688100,威胜信息,26.1000000000,26.6100000000,184563137.0000000000,7118427.0000000000,-0.0191700000,1.8456313700,AKShare stock_zh_a_spot / 新浪
688101,三达膜,15.0300000000,15.5500000000,52768283.0000000000,3477271.0000000000,-0.0334400000,0.5276828300,AKShare stock_zh_a_spot / 新浪
688102,斯瑞新材,36.5600000000,40.0000000000,1910308190.0000000000,48475959.0000000000,-0.0860000000,19.1030819000,AKShare stock_zh_a_spot / 新浪
688103,国力电子,71.0100000000,77.1500000000,243507240.0000000000,3343884.0000000000,-0.0795900000,2.4350724000,AKShare stock_zh_a_spot / 新浪
688105,诺唯赞,21.2700000000,23.1500000000,375028664.0000000000,17168980.0000000000,-0.0812100000,3.7502866400,AKShare stock_zh_a_spot / 新浪
688106,金宏气体,27.9600000000,29.9900000000,713543254.0000000000,24979550.0000000000,-0.0676900000,7.1354325400,AKShare stock_zh_a_spot / 新浪
688107,安路科技,30.9800000000,33.9900000000,258611402.0000000000,8111560.0000000000,-0.0885600000,2.5861140200,AKShare stock_zh_a_spot / 新浪
688108,赛诺医疗,17.7100000000,18.8200000000,227297992.0000000000,12539912.0000000000,-0.0589800000,2.2729799200,AKShare stock_zh_a_spot / 新浪
688109,品茗科技,73.1000000000,76.0900000000,71792012.0000000000,976952.0000000000,-0.0393000000,0.7179201200,AKShare stock_zh_a_spot / 新浪
688110,东芯股份,114.5100000000,124.1500000000,2641227497.0000000000,22173729.0000000000,-0.0776500000,26.4122749700,AKShare stock_zh_a_spot / 新浪
688111,金山办公,247.1300000000,258.6000000000,2652958155.0000000000,10607272.0000000000,-0.0443500000,26.5295815500,AKShare stock_zh_a_spot / 新浪
688112,鼎阳科技,67.8400000000,69.8300000000,715169273.0000000000,10396662.0000000000,-0.0285000000,7.1516927300,AKShare stock_zh_a_spot / 新浪
688113,联测科技,34.7900000000,36.1300000000,21335573.0000000000,605780.0000000000,-0.0370900000,0.2133557300,AKShare stock_zh_a_spot / 新浪
688114,华大智造,57.5900000000,62.7000000000,643216755.0000000000,10815808.0000000000,-0.0815000000,6.4321675500,AKShare stock_zh_a_spot / 新浪
688115,思林杰,68.0800000000,72.6500000000,236511711.0000000000,3438979.0000000000,-0.0629000000,2.3651171100,AKShare stock_zh_a_spot / 新浪
688116,天奈科技,31.4500000000,32.9600000000,222190157.0000000000,6947209.0000000000,-0.0458100000,2.2219015700,AKShare stock_zh_a_spot / 新浪
688117,圣诺生物,26.9000000000,27.3500000000,397464312.0000000000,14536912.0000000000,-0.0164500000,3.9746431200,AKShare stock_zh_a_spot / 新浪
688118,普元信息,20.2400000000,21.4600000000,58466970.0000000000,2860775.0000000000,-0.0568500000,0.5846697000,AKShare stock_zh_a_spot / 新浪
688119,中钢洛耐,3.7900000000,4.0100000000,53038241.0000000000,13677701.0000000000,-0.0548600000,0.5303824100,AKShare stock_zh_a_spot / 新浪
688120,华海清科,271.5400000000,288.6800000000,3744466985.0000000000,13512598.0000000000,-0.0593700000,37.4446698500,AKShare stock_zh_a_spot / 新浪
688122,西部超导,48.8300000000,51.1900000000,613264854.0000000000,12340523.0000000000,-0.0461000000,6.1326485400,AKShare stock_zh_a_spot / 新浪
688123,聚辰股份,141.4000000000,150.0000000000,2185493451.0000000000,15113611.0000000000,-0.0573300000,21.8549345100,AKShare stock_zh_a_spot / 新浪
688125,安达智能,117.7900000000,134.5200000000,211810806.0000000000,1707616.0000000000,-0.1243700000,2.1181080600,AKShare stock_zh_a_spot / 新浪
688126,沪硅产业,26.7000000000,27.7900000000,3382212873.0000000000,125130107.0000000000,-0.0392200000,33.8221287300,AKShare stock_zh_a_spot / 新浪
688127,蓝特光学,65.6300000000,72.0100000000,615767135.0000000000,9083444.0000000000,-0.0886000000,6.1576713500,AKShare stock_zh_a_spot / 新浪
688128,中国电研,21.6300000000,22.4800000000,55875805.0000000000,2555811.0000000000,-0.0378100000,0.5587580500,AKShare stock_zh_a_spot / 新浪
688129,东来技术,20.8000000000,21.3100000000,28100944.0000000000,1332553.0000000000,-0.0239300000,0.2810094400,AKShare stock_zh_a_spot / 新浪
688130,晶华微,24.0600000000,25.3200000000,79088516.0000000000,3237696.0000000000,-0.0497600000,0.7908851600,AKShare stock_zh_a_spot / 新浪
688131,皓元医药,97.0000000000,100.4000000000,772893181.0000000000,7742945.0000000000,-0.0338600000,7.7289318100,AKShare stock_zh_a_spot / 新浪
688132,邦彦技术,13.0000000000,13.5400000000,15780467.0000000000,1206408.0000000000,-0.0398800000,0.1578046700,AKShare stock_zh_a_spot / 新浪
688133,泰坦科技,22.7800000000,23.8700000000,98679017.0000000000,4283513.0000000000,-0.0456600000,0.9867901700,AKShare stock_zh_a_spot / 新浪
688135,利扬芯片,25.1400000000,27.2500000000,369495687.0000000000,14290158.0000000000,-0.0774300000,3.6949568700,AKShare stock_zh_a_spot / 新浪
688136,科兴制药,19.7100000000,20.5600000000,69327320.0000000000,3464997.0000000000,-0.0413400000,0.6932732000,AKShare stock_zh_a_spot / 新浪
688137,近岸蛋白,56.2400000000,59.9900000000,421206968.0000000000,7174669.0000000000,-0.0625100000,4.2120696800,AKShare stock_zh_a_spot / 新浪
688138,清溢光电,35.2800000000,36.7500000000,425631881.0000000000,11969070.0000000000,-0.0400000000,4.2563188100,AKShare stock_zh_a_spot / 新浪
688139,海尔生物,28.3300000000,28.9700000000,84027053.0000000000,2951370.0000000000,-0.0220900000,0.8402705300,AKShare stock_zh_a_spot / 新浪
688141,杰华特,120.0000000000,143.5800000000,3173529470.0000000000,24934988.0000000000,-0.1642300000,31.7352947000,AKShare stock_zh_a_spot / 新浪
688143,长盈通,126.2600000000,145.8000000000,2554991284.0000000000,19347975.0000000000,-0.1340200000,25.5499128400,AKShare stock_zh_a_spot / 新浪
688146,中船特气,275.3300000000,290.2800000000,5368584473.0000000000,18943795.0000000000,-0.0515000000,53.6858447300,AKShare stock_zh_a_spot / 新浪
688147,微导纳米,117.3200000000,129.6600000000,1609923517.0000000000,13333010.0000000000,-0.0951700000,16.0992351700,AKShare stock_zh_a_spot / 新浪
688148,芳源股份,6.3100000000,6.6700000000,137855858.0000000000,21403046.0000000000,-0.0539700000,1.3785585800,AKShare stock_zh_a_spot / 新浪
688150,莱特光电,38.3000000000,43.2300000000,470593561.0000000000,11845409.0000000000,-0.1140400000,4.7059356100,AKShare stock_zh_a_spot / 新浪
688151,华强科技,15.8900000000,16.6700000000,53708894.0000000000,3340189.0000000000,-0.0467900000,0.5370889400,AKShare stock_zh_a_spot / 新浪
688152,麒麟信安,37.9300000000,34.9800000000,489060794.0000000000,13226462.0000000000,0.0843300000,4.8906079400,AKShare stock_zh_a_spot / 新浪
688153,唯捷创芯,25.5200000000,27.1600000000,123752208.0000000000,4761066.0000000000,-0.0603800000,1.2375220800,AKShare stock_zh_a_spot / 新浪
688155,先惠技术,57.7300000000,61.7100000000,138884303.0000000000,2351675.0000000000,-0.0645000000,1.3888430300,AKShare stock_zh_a_spot / 新浪
688156,路德科技,19.1100000000,20.7100000000,48923910.0000000000,2491795.0000000000,-0.0772600000,0.4892391000,AKShare stock_zh_a_spot / 新浪
688157,松井股份,18.5000000000,19.3600000000,38710777.0000000000,2047501.0000000000,-0.0444200000,0.3871077700,AKShare stock_zh_a_spot / 新浪
688158,优刻得,32.5000000000,35.0000000000,812903145.0000000000,24454389.0000000000,-0.0714300000,8.1290314500,AKShare stock_zh_a_spot / 新浪
688159,有方科技,31.6100000000,34.6200000000,155679403.0000000000,4821340.0000000000,-0.0869400000,1.5567940300,AKShare stock_zh_a_spot / 新浪
688160,步科股份,100.5600000000,116.3900000000,306139102.0000000000,2901488.0000000000,-0.1360100000,3.0613910200,AKShare stock_zh_a_spot / 新浪
688161,威高骨科,21.7500000000,22.2400000000,18196161.0000000000,832771.0000000000,-0.0220300000,0.1819616100,AKShare stock_zh_a_spot / 新浪
688162,巨一科技,22.2600000000,23.2900000000,30084599.0000000000,1336472.0000000000,-0.0442200000,0.3008459900,AKShare stock_zh_a_spot / 新浪
688163,赛伦生物,33.0600000000,35.2700000000,56743850.0000000000,1663314.0000000000,-0.0626600000,0.5674385000,AKShare stock_zh_a_spot / 新浪
688165,埃夫特,16.4500000000,18.1200000000,250342948.0000000000,14771909.0000000000,-0.0921600000,2.5034294800,AKShare stock_zh_a_spot / 新浪
688166,博瑞医药,37.4900000000,38.6500000000,513529599.0000000000,13590004.0000000000,-0.0300100000,5.1352959900,AKShare stock_zh_a_spot / 新浪
688167,炬光科技,266.9000000000,288.5000000000,3601572391.0000000000,13104416.0000000000,-0.0748700000,36.0157239100,AKShare stock_zh_a_spot / 新浪
688168,安博通,35.8100000000,39.4600000000,184836713.0000000000,5040143.0000000000,-0.0925000000,1.8483671300,AKShare stock_zh_a_spot / 新浪
688169,石头科技,118.0000000000,120.8000000000,841495613.0000000000,7080574.0000000000,-0.0231800000,8.4149561300,AKShare stock_zh_a_spot / 新浪
688170,德龙激光,51.7800000000,56.2700000000,291827308.0000000000,5445950.0000000000,-0.0797900000,2.9182730800,AKShare stock_zh_a_spot / 新浪
688171,纬德信息,26.8800000000,28.3000000000,46813156.0000000000,1726992.0000000000,-0.0501800000,0.4681315600,AKShare stock_zh_a_spot / 新浪
688172,燕东微,53.5700000000,58.9600000000,784486649.0000000000,14138970.0000000000,-0.0914200000,7.8448664900,AKShare stock_zh_a_spot / 新浪
688173,希荻微,13.1300000000,14.2600000000,139592623.0000000000,10349496.0000000000,-0.0792400000,1.3959262300,AKShare stock_zh_a_spot / 新浪
688175,高凌信息,18.9800000000,19.9400000000,61685059.0000000000,3189457.0000000000,-0.0481400000,0.6168505900,AKShare stock_zh_a_spot / 新浪
688176,亚虹医药,12.2000000000,12.9400000000,178385436.0000000000,14376835.0000000000,-0.0571900000,1.7838543600,AKShare stock_zh_a_spot / 新浪
688177,百奥泰,20.5700000000,20.7400000000,109205299.0000000000,5264942.0000000000,-0.0082000000,1.0920529900,AKShare stock_zh_a_spot / 新浪
688178,万德斯,28.2000000000,29.5200000000,43756237.0000000000,1520905.0000000000,-0.0447200000,0.4375623700,AKShare stock_zh_a_spot / 新浪
688179,阿拉丁,23.4500000000,23.6400000000,556806251.0000000000,23917757.0000000000,-0.0080400000,5.5680625100,AKShare stock_zh_a_spot / 新浪
688180,君实生物,37.3000000000,39.1000000000,732445886.0000000000,19351597.0000000000,-0.0460400000,7.3244588600,AKShare stock_zh_a_spot / 新浪
688181,八亿时空,38.8300000000,41.3800000000,270884130.0000000000,6810915.0000000000,-0.0616200000,2.7088413000,AKShare stock_zh_a_spot / 新浪
688182,灿勤科技,28.0700000000,31.4000000000,323689680.0000000000,11042475.0000000000,-0.1060500000,3.2368968000,AKShare stock_zh_a_spot / 新浪
688183,生益电子,103.3900000000,114.7600000000,1964126778.0000000000,18427440.0000000000,-0.0990800000,19.6412677800,AKShare stock_zh_a_spot / 新浪
688185,康希诺,53.6900000000,55.9400000000,100223285.0000000000,1845084.0000000000,-0.0402200000,1.0022328500,AKShare stock_zh_a_spot / 新浪
688186,广大特材,13.5200000000,14.2100000000,62893027.0000000000,4574185.0000000000,-0.0485600000,0.6289302700,AKShare stock_zh_a_spot / 新浪
688187,时代电气,49.1100000000,49.8300000000,359363567.0000000000,7274792.0000000000,-0.0144500000,3.5936356700,AKShare stock_zh_a_spot / 新浪
688188,柏楚电子,102.4000000000,107.1500000000,432341480.0000000000,4168110.0000000000,-0.0443300000,4.3234148000,AKShare stock_zh_a_spot / 新浪
688190,云路股份,74.2000000000,76.6200000000,97746287.0000000000,1306758.0000000000,-0.0315800000,0.9774628700,AKShare stock_zh_a_spot / 新浪
688191,智洋创新,21.2000000000,23.2500000000,177837100.0000000000,8160920.0000000000,-0.0881700000,1.7783710000,AKShare stock_zh_a_spot / 新浪
688192,迪哲医药,59.0000000000,61.2400000000,407822226.0000000000,6815515.0000000000,-0.0365800000,4.0782222600,AKShare stock_zh_a_spot / 新浪
688193,仁度生物,46.9600000000,48.1700000000,25687565.0000000000,541939.0000000000,-0.0251200000,0.2568756500,AKShare stock_zh_a_spot / 新浪
688195,腾景科技,161.8800000000,185.9000000000,2520041858.0000000000,14910966.0000000000,-0.1292100000,25.2004185800,AKShare stock_zh_a_spot / 新浪
688196,卓越新能,34.8000000000,36.1100000000,146006777.0000000000,4017681.0000000000,-0.0362800000,1.4600677700,AKShare stock_zh_a_spot / 新浪
688197,首药控股,35.9300000000,37.1600000000,91774701.0000000000,2567751.0000000000,-0.0331000000,0.9177470100,AKShare stock_zh_a_spot / 新浪
688198,佰仁医疗,77.7400000000,79.2900000000,52859117.0000000000,675835.0000000000,-0.0195500000,0.5285911700,AKShare stock_zh_a_spot / 新浪
688199,久日新材,23.1300000000,24.2800000000,110493118.0000000000,4737693.0000000000,-0.0473600000,1.1049311800,AKShare stock_zh_a_spot / 新浪
688200,华峰测控,406.9300000000,437.9000000000,1849694031.0000000000,4467885.0000000000,-0.0707200000,18.4969403100,AKShare stock_zh_a_spot / 新浪
688202,美迪西,99.8600000000,108.5000000000,1013610546.0000000000,9821778.0000000000,-0.0796300000,10.1361054600,AKShare stock_zh_a_spot / 新浪
688203,海正生材,11.5600000000,12.0200000000,59170728.0000000000,5089027.0000000000,-0.0382700000,0.5917072800,AKShare stock_zh_a_spot / 新浪
688205,德科立,153.2900000000,175.5000000000,2259763022.0000000000,14226061.0000000000,-0.1265500000,22.5976302200,AKShare stock_zh_a_spot / 新浪
688206,概伦电子,39.7100000000,41.9000000000,401019798.0000000000,9807315.0000000000,-0.0522700000,4.0101979800,AKShare stock_zh_a_spot / 新浪
688207,格灵深瞳,19.4000000000,21.2100000000,281334578.0000000000,14216798.0000000000,-0.0853400000,2.8133457800,AKShare stock_zh_a_spot / 新浪
688208,道通科技,25.0900000000,26.6300000000,332009776.0000000000,12996871.0000000000,-0.0578300000,3.3200977600,AKShare stock_zh_a_spot / 新浪
688209,英集芯,21.0900000000,23.0800000000,243631059.0000000000,11230979.0000000000,-0.0862200000,2.4363105900,AKShare stock_zh_a_spot / 新浪
688210,统联精密,28.5300000000,31.5600000000,153151159.0000000000,5172003.0000000000,-0.0960100000,1.5315115900,AKShare stock_zh_a_spot / 新浪
688211,中科微至,30.0600000000,31.6800000000,25382761.0000000000,830065.0000000000,-0.0511400000,0.2538276100,AKShare stock_zh_a_spot / 新浪
688212,澳华内镜,29.4300000000,30.7000000000,102594649.0000000000,3441319.0000000000,-0.0413700000,1.0259464900,AKShare stock_zh_a_spot / 新浪
688213,思特威,94.5800000000,99.8400000000,877272396.0000000000,9152562.0000000000,-0.0526800000,8.7727239600,AKShare stock_zh_a_spot / 新浪
688215,瑞晟智能,43.0800000000,46.7200000000,81553493.0000000000,1836407.0000000000,-0.0779100000,0.8155349300,AKShare stock_zh_a_spot / 新浪
688216,气派科技,30.4500000000,33.1300000000,144246494.0000000000,4628584.0000000000,-0.0808900000,1.4424649400,AKShare stock_zh_a_spot / 新浪
688217,睿昂基因,23.6000000000,23.9600000000,27302515.0000000000,1151484.0000000000,-0.0150300000,0.2730251500,AKShare stock_zh_a_spot / 新浪
688218,江苏北人,39.0800000000,47.2500000000,387169807.0000000000,9455492.0000000000,-0.1729100000,3.8716980700,AKShare stock_zh_a_spot / 新浪
688219,会通股份,10.0900000000,10.6300000000,69721948.0000000000,6791505.0000000000,-0.0508000000,0.6972194800,AKShare stock_zh_a_spot / 新浪
688220,翱捷科技,95.4700000000,103.5000000000,880121638.0000000000,9041057.0000000000,-0.0775800000,8.8012163800,AKShare stock_zh_a_spot / 新浪
688221,前沿生物,20.6600000000,21.8300000000,340780451.0000000000,16186584.0000000000,-0.0536000000,3.4078045100,AKShare stock_zh_a_spot / 新浪
688222,成都先导,35.1500000000,37.6600000000,747391522.0000000000,20723868.0000000000,-0.0666500000,7.4739152200,AKShare stock_zh_a_spot / 新浪
688223,晶科能源,4.3200000000,4.4800000000,355841243.0000000000,81584224.0000000000,-0.0357100000,3.5584124300,AKShare stock_zh_a_spot / 新浪
688225,亚信安全,11.8300000000,12.5400000000,64320656.0000000000,5331028.0000000000,-0.0566200000,0.6432065600,AKShare stock_zh_a_spot / 新浪
688226,威腾电气,28.6700000000,30.9100000000,171494068.0000000000,5843371.0000000000,-0.0724700000,1.7149406800,AKShare stock_zh_a_spot / 新浪
688227,品高股份,73.8000000000,81.1700000000,290162681.0000000000,3797844.0000000000,-0.0908000000,2.9016268100,AKShare stock_zh_a_spot / 新浪
688228,开普云,73.2700000000,78.7300000000,171178664.0000000000,2288097.0000000000,-0.0693500000,1.7117866400,AKShare stock_zh_a_spot / 新浪
688229,博睿数据,65.4800000000,69.8000000000,60746401.0000000000,915314.0000000000,-0.0618900000,0.6074640100,AKShare stock_zh_a_spot / 新浪
688230,芯导科技,54.0900000000,57.7800000000,91004720.0000000000,1643624.0000000000,-0.0638600000,0.9100472000,AKShare stock_zh_a_spot / 新浪
688231,隆达股份,29.0900000000,31.7600000000,123794613.0000000000,4149432.0000000000,-0.0840700000,1.2379461300,AKShare stock_zh_a_spot / 新浪
688232,新点软件,18.0300000000,18.6100000000,44334886.0000000000,2440194.0000000000,-0.0311700000,0.4433488600,AKShare stock_zh_a_spot / 新浪
688233,神工股份,116.5000000000,134.2000000000,1710135987.0000000000,14218347.0000000000,-0.1318900000,17.1013598700,AKShare stock_zh_a_spot / 新浪
688234,天岳先进,112.6300000000,120.6500000000,1815890683.0000000000,15831635.0000000000,-0.0664700000,18.1589068300,AKShare stock_zh_a_spot / 新浪
688235,百济神州,287.5600000000,293.7800000000,1647457569.0000000000,5646421.0000000000,-0.0211700000,16.4745756900,AKShare stock_zh_a_spot / 新浪
688236,春立医疗,14.4000000000,14.7500000000,31323624.0000000000,2159590.0000000000,-0.0237300000,0.3132362400,AKShare stock_zh_a_spot / 新浪
688237,超卓航科,56.8100000000,62.4400000000,216004014.0000000000,3754799.0000000000,-0.0901700000,2.1600401400,AKShare stock_zh_a_spot / 新浪
688238,和元生物,6.7500000000,7.1600000000,152461919.0000000000,22153443.0000000000,-0.0572600000,1.5246191900,AKShare stock_zh_a_spot / 新浪
688239,航宇科技,43.4400000000,48.6100000000,508131032.0000000000,11273473.0000000000,-0.1063600000,5.0813103200,AKShare stock_zh_a_spot / 新浪
688244,永信至诚,14.6300000000,15.3800000000,26845196.0000000000,1794722.0000000000,-0.0487600000,0.2684519600,AKShare stock_zh_a_spot / 新浪
688246,嘉和美康,17.1700000000,18.1000000000,43069989.0000000000,2468394.0000000000,-0.0513800000,0.4306998900,AKShare stock_zh_a_spot / 新浪
688247,宣泰医药,9.7800000000,10.0600000000,117740259.0000000000,11716872.0000000000,-0.0278300000,1.1774025900,AKShare stock_zh_a_spot / 新浪
688248,南网科技,42.5900000000,48.6300000000,371371795.0000000000,8395530.0000000000,-0.1242000000,3.7137179500,AKShare stock_zh_a_spot / 新浪
688249,晶合集成,39.7500000000,43.8600000000,1097497149.0000000000,26776229.0000000000,-0.0937100000,10.9749714900,AKShare stock_zh_a_spot / 新浪
688251,井松智能,21.1200000000,22.2500000000,33971517.0000000000,1580821.0000000000,-0.0507900000,0.3397151700,AKShare stock_zh_a_spot / 新浪
688252,XD天德钰,20.1400000000,21.4200000000,151121650.0000000000,7339967.0000000000,-0.0597600000,1.5112165000,AKShare stock_zh_a_spot / 新浪
688253,英诺特,55.7400000000,60.9300000000,160121827.0000000000,2777836.0000000000,-0.0851800000,1.6012182700,AKShare stock_zh_a_spot / 新浪
688255,凯尔达,25.0900000000,27.8000000000,100945794.0000000000,3930325.0000000000,-0.0974800000,1.0094579400,AKShare stock_zh_a_spot / 新浪
688256,寒武纪,1050.4900000000,1162.5000000000,17003021919.0000000000,15746396.0000000000,-0.0963500000,170.0302191900,AKShare stock_zh_a_spot / 新浪
688257,新锐股份,57.1500000000,64.7800000000,1148377951.0000000000,19267982.0000000000,-0.1177800000,11.4837795100,AKShare stock_zh_a_spot / 新浪
688258,卓易信息,98.3900000000,109.6200000000,426398354.0000000000,4201970.0000000000,-0.1024400000,4.2639835400,AKShare stock_zh_a_spot / 新浪
688259,创耀科技,30.3100000000,32.0000000000,42987963.0000000000,1390896.0000000000,-0.0528100000,0.4298796300,AKShare stock_zh_a_spot / 新浪
688260,昀冢科技,104.0000000000,123.9000000000,922237243.0000000000,8271101.0000000000,-0.1606100000,9.2223724300,AKShare stock_zh_a_spot / 新浪
688261,东微半导,69.9000000000,76.1000000000,606535192.0000000000,8238315.0000000000,-0.0814700000,6.0653519200,AKShare stock_zh_a_spot / 新浪
688262,国芯科技,26.5900000000,29.1900000000,377683943.0000000000,13806103.0000000000,-0.0890700000,3.7768394300,AKShare stock_zh_a_spot / 新浪
688265,南模生物,41.4300000000,46.3000000000,180884141.0000000000,4194063.0000000000,-0.1051800000,1.8088414100,AKShare stock_zh_a_spot / 新浪
688266,泽璟制药,122.5400000000,120.0200000000,1120074799.0000000000,9222978.0000000000,0.0210000000,11.2007479900,AKShare stock_zh_a_spot / 新浪
688267,中触媒,18.8500000000,19.3300000000,48963561.0000000000,2590446.0000000000,-0.0248300000,0.4896356100,AKShare stock_zh_a_spot / 新浪
688268,华特气体,145.0200000000,159.8900000000,1051405456.0000000000,6982783.0000000000,-0.0930000000,10.5140545600,AKShare stock_zh_a_spot / 新浪
688269,凯立新材,30.4500000000,31.8800000000,42636745.0000000000,1377849.0000000000,-0.0448600000,0.4263674500,AKShare stock_zh_a_spot / 新浪
688271,联影医疗,108.6500000000,109.1700000000,603623718.0000000000,5526214.0000000000,-0.0047600000,6.0362371800,AKShare stock_zh_a_spot / 新浪
688272,富吉瑞,28.0500000000,29.8300000000,57186290.0000000000,1959285.0000000000,-0.0596700000,0.5718629000,AKShare stock_zh_a_spot / 新浪
688273,麦澜德,29.7500000000,31.7800000000,36167201.0000000000,1183946.0000000000,-0.0638800000,0.3616720100,AKShare stock_zh_a_spot / 新浪
688275,万润新能,80.3700000000,83.6600000000,369506152.0000000000,4473291.0000000000,-0.0393300000,3.6950615200,AKShare stock_zh_a_spot / 新浪
688276,百克生物,15.5900000000,15.6500000000,29173495.0000000000,1868207.0000000000,-0.0038300000,0.2917349500,AKShare stock_zh_a_spot / 新浪
688277,天智航,15.8800000000,17.0400000000,168918073.0000000000,10428399.0000000000,-0.0680800000,1.6891807300,AKShare stock_zh_a_spot / 新浪
688278,特宝生物,64.4000000000,60.1600000000,819908752.0000000000,12690760.0000000000,0.0704800000,8.1990875200,AKShare stock_zh_a_spot / 新浪
688279,峰岹科技,166.6600000000,185.4800000000,729027120.0000000000,4326916.0000000000,-0.1014700000,7.2902712000,AKShare stock_zh_a_spot / 新浪
688280,精进电动,5.3500000000,5.6700000000,70782958.0000000000,13002556.0000000000,-0.0564400000,0.7078295800,AKShare stock_zh_a_spot / 新浪
688281,华秦科技,46.0700000000,48.1900000000,164905174.0000000000,3520621.0000000000,-0.0439900000,1.6490517400,AKShare stock_zh_a_spot / 新浪
688282,理工导航,56.1300000000,64.2800000000,116120655.0000000000,1962847.0000000000,-0.1267900000,1.1612065500,AKShare stock_zh_a_spot / 新浪
688283,坤恒顺维,28.0600000000,29.6100000000,32215887.0000000000,1123932.0000000000,-0.0523500000,0.3221588700,AKShare stock_zh_a_spot / 新浪
688285,高铁电气,7.5300000000,7.6100000000,18152001.0000000000,2410231.0000000000,-0.0105100000,0.1815200100,AKShare stock_zh_a_spot / 新浪
688286,敏芯股份,46.4300000000,50.7500000000,310560817.0000000000,6486391.0000000000,-0.0851200000,3.1056081700,AKShare stock_zh_a_spot / 新浪
688288,鸿泉技术,17.8600000000,18.5000000000,19957470.0000000000,1110701.0000000000,-0.0345900000,0.1995747000,AKShare stock_zh_a_spot / 新浪
688289,圣湘生物,15.6500000000,15.8900000000,91984686.0000000000,5843810.0000000000,-0.0151000000,0.9198468600,AKShare stock_zh_a_spot / 新浪
688290,景业智能,65.6600000000,69.4000000000,96314363.0000000000,1447908.0000000000,-0.0538900000,0.9631436300,AKShare stock_zh_a_spot / 新浪
688291,金橙子,40.7800000000,43.8600000000,80865796.0000000000,1932625.0000000000,-0.0702200000,0.8086579600,AKShare stock_zh_a_spot / 新浪
688292,浩瀚深度,16.8300000000,17.7400000000,41866349.0000000000,2454354.0000000000,-0.0513000000,0.4186634900,AKShare stock_zh_a_spot / 新浪
688293,奥浦迈,60.3800000000,64.5500000000,328552186.0000000000,5317939.0000000000,-0.0646000000,3.2855218600,AKShare stock_zh_a_spot / 新浪
688295,中复神鹰,38.6800000000,42.1200000000,355887717.0000000000,8944745.0000000000,-0.0816700000,3.5588771700,AKShare stock_zh_a_spot / 新浪
688296,和达科技,26.0900000000,28.7000000000,260170336.0000000000,9743309.0000000000,-0.0909400000,2.6017033600,AKShare stock_zh_a_spot / 新浪
688297,中无人机,38.8300000000,40.5700000000,337232499.0000000000,8566675.0000000000,-0.0428900000,3.3723249900,AKShare stock_zh_a_spot / 新浪
688298,东方生物,18.9700000000,19.5400000000,28522384.0000000000,1489228.0000000000,-0.0291700000,0.2852238400,AKShare stock_zh_a_spot / 新浪
688299,长阳科技,12.8000000000,13.3400000000,66121096.0000000000,5094080.0000000000,-0.0404800000,0.6612109600,AKShare stock_zh_a_spot / 新浪
688300,联瑞新材,140.2500000000,160.0000000000,2294418069.0000000000,15623789.0000000000,-0.1234400000,22.9441806900,AKShare stock_zh_a_spot / 新浪
688301,奕瑞科技,96.3300000000,100.3000000000,674480655.0000000000,6976376.0000000000,-0.0395800000,6.7448065500,AKShare stock_zh_a_spot / 新浪
688302,海创药业,35.5100000000,37.8900000000,68816879.0000000000,1893786.0000000000,-0.0628100000,0.6881687900,AKShare stock_zh_a_spot / 新浪
688303,大全能源,17.8200000000,18.2600000000,217328130.0000000000,12135244.0000000000,-0.0241000000,2.1732813000,AKShare stock_zh_a_spot / 新浪
688305,科德数控,63.8800000000,68.7400000000,442496578.0000000000,6780573.0000000000,-0.0707000000,4.4249657800,AKShare stock_zh_a_spot / 新浪
688306,均普智能,8.7300000000,9.4300000000,149955114.0000000000,16830561.0000000000,-0.0742300000,1.4995511400,AKShare stock_zh_a_spot / 新浪
688307,中润光学,47.6900000000,53.3000000000,364845455.0000000000,7372978.0000000000,-0.1052500000,3.6484545500,AKShare stock_zh_a_spot / 新浪
688308,欧科亿,94.4800000000,107.3000000000,1197882885.0000000000,12207548.0000000000,-0.1194800000,11.9788288500,AKShare stock_zh_a_spot / 新浪
688309,恒誉科技,73.4700000000,75.8400000000,168127157.0000000000,2252628.0000000000,-0.0312500000,1.6812715700,AKShare stock_zh_a_spot / 新浪
688310,迈得医疗,14.7200000000,15.0400000000,18205619.0000000000,1227973.0000000000,-0.0212800000,0.1820561900,AKShare stock_zh_a_spot / 新浪
688311,盟升电子,22.6100000000,24.3300000000,218896362.0000000000,9418818.0000000000,-0.0706900000,2.1889636200,AKShare stock_zh_a_spot / 新浪
688312,燕麦科技,47.4000000000,53.1200000000,427452597.0000000000,8693442.0000000000,-0.1076800000,4.2745259700,AKShare stock_zh_a_spot / 新浪
688313,仕佳光子,151.4100000000,162.3000000000,4403630420.0000000000,28737500.0000000000,-0.0671000000,44.0363042000,AKShare stock_zh_a_spot / 新浪
688314,康拓医疗,31.5000000000,33.3600000000,27633771.0000000000,859129.0000000000,-0.0557600000,0.2763377100,AKShare stock_zh_a_spot / 新浪
688315,诺禾致源,14.8700000000,15.6600000000,111044395.0000000000,7323248.0000000000,-0.0504500000,1.1104439500,AKShare stock_zh_a_spot / 新浪
688316,青云科技,48.4800000000,52.4100000000,158984825.0000000000,3183858.0000000000,-0.0749900000,1.5898482500,AKShare stock_zh_a_spot / 新浪
688317,之江生物,17.3900000000,18.5000000000,64160070.0000000000,3625940.0000000000,-0.0600000000,0.6416007000,AKShare stock_zh_a_spot / 新浪
688318,财富趋势,76.3000000000,79.0300000000,431402988.0000000000,5609354.0000000000,-0.0345400000,4.3140298800,AKShare stock_zh_a_spot / 新浪
688319,欧林生物,27.3200000000,28.7100000000,298879257.0000000000,10658796.0000000000,-0.0484200000,2.9887925700,AKShare stock_zh_a_spot / 新浪
688320,禾川科技,32.6600000000,35.8300000000,162669064.0000000000,4864068.0000000000,-0.0884700000,1.6266906400,AKShare stock_zh_a_spot / 新浪
688321,微芯生物,28.8600000000,30.0400000000,409812684.0000000000,14098395.0000000000,-0.0392800000,4.0981268400,AKShare stock_zh_a_spot / 新浪
688322,奥比中光,98.5000000000,115.1100000000,2013193090.0000000000,19561148.0000000000,-0.1443000000,20.1319309000,AKShare stock_zh_a_spot / 新浪
688323,瑞华泰,29.5100000000,30.3100000000,989564533.0000000000,31546648.0000000000,-0.0263900000,9.8956453300,AKShare stock_zh_a_spot / 新浪
688325,赛微微电,109.0000000000,113.9000000000,141218527.0000000000,1293517.0000000000,-0.0430200000,1.4121852700,AKShare stock_zh_a_spot / 新浪
688326,经纬恒润,62.2900000000,66.0800000000,97719882.0000000000,1547950.0000000000,-0.0573500000,0.9771988200,AKShare stock_zh_a_spot / 新浪
688327,云从科技,10.1800000000,10.6700000000,205474684.0000000000,19921875.0000000000,-0.0459200000,2.0547468400,AKShare stock_zh_a_spot / 新浪
688328,深科达,74.3700000000,85.0000000000,699297908.0000000000,8994502.0000000000,-0.1250600000,6.9929790800,AKShare stock_zh_a_spot / 新浪
688329,艾隆科技,19.7800000000,20.4600000000,27298242.0000000000,1366569.0000000000,-0.0332400000,0.2729824200,AKShare stock_zh_a_spot / 新浪
688330,宏力达,32.2600000000,33.7300000000,44065153.0000000000,1348251.0000000000,-0.0435800000,0.4406515300,AKShare stock_zh_a_spot / 新浪
688331,荣昌生物,128.3100000000,133.5200000000,944314746.0000000000,7249459.0000000000,-0.0390200000,9.4431474600,AKShare stock_zh_a_spot / 新浪
688332,中科蓝讯,88.3100000000,103.1900000000,909185769.0000000000,9790877.0000000000,-0.1442000000,9.0918576900,AKShare stock_zh_a_spot / 新浪
688333,铂力特,97.9200000000,114.3500000000,2051868257.0000000000,20075295.0000000000,-0.1436800000,20.5186825700,AKShare stock_zh_a_spot / 新浪
688334,西高院,17.7900000000,18.2500000000,32277423.0000000000,1805762.0000000000,-0.0252100000,0.3227742300,AKShare stock_zh_a_spot / 新浪
688335,复洁科技,19.5900000000,21.0800000000,42838105.0000000000,2145366.0000000000,-0.0706800000,0.4283810500,AKShare stock_zh_a_spot / 新浪
688336,三生国健,46.9800000000,48.3400000000,487824254.0000000000,10241459.0000000000,-0.0281300000,4.8782425400,AKShare stock_zh_a_spot / 新浪
688337,普源精电,43.7900000000,48.3800000000,292666326.0000000000,6496001.0000000000,-0.0948700000,2.9266632600,AKShare stock_zh_a_spot / 新浪
688338,赛科希德,29.8500000000,30.9400000000,53315755.0000000000,1772079.0000000000,-0.0352300000,0.5331575500,AKShare stock_zh_a_spot / 新浪
688339,亿华通,16.5300000000,17.4800000000,52882759.0000000000,3137230.0000000000,-0.0543500000,0.5288275900,AKShare stock_zh_a_spot / 新浪
688343,云天励飞,56.2600000000,60.9000000000,643309937.0000000000,11182671.0000000000,-0.0761900000,6.4330993700,AKShare stock_zh_a_spot / 新浪
688345,博力威,54.2900000000,56.8000000000,112379058.0000000000,2036892.0000000000,-0.0441900000,1.1237905800,AKShare stock_zh_a_spot / 新浪
688347,华虹宏力,233.0000000000,264.5200000000,6858371808.0000000000,28285411.0000000000,-0.1191600000,68.5837180800,AKShare stock_zh_a_spot / 新浪
688348,昱能科技,31.3100000000,32.7400000000,44997967.0000000000,1421072.0000000000,-0.0436800000,0.4499796700,AKShare stock_zh_a_spot / 新浪
688349,三一重能,14.0800000000,14.4000000000,96836091.0000000000,6824523.0000000000,-0.0222200000,0.9683609100,AKShare stock_zh_a_spot / 新浪
688350,富淼科技,28.9200000000,30.5000000000,62878053.0000000000,2126191.0000000000,-0.0518000000,0.6287805300,AKShare stock_zh_a_spot / 新浪
688351,微电生理,19.4500000000,20.3000000000,66941284.0000000000,3386929.0000000000,-0.0418700000,0.6694128400,AKShare stock_zh_a_spot / 新浪
688352,颀中科技,18.1400000000,20.3100000000,889103624.0000000000,47379807.0000000000,-0.1068400000,8.8910362400,AKShare stock_zh_a_spot / 新浪
688353,华盛锂电,99.8900000000,104.3000000000,752465355.0000000000,7423366.0000000000,-0.0422800000,7.5246535500,AKShare stock_zh_a_spot / 新浪
688355,明志科技,17.3300000000,18.0500000000,23716239.0000000000,1350860.0000000000,-0.0398900000,0.2371623900,AKShare stock_zh_a_spot / 新浪
688356,键凯科技,74.5400000000,78.6900000000,111529889.0000000000,1468972.0000000000,-0.0527400000,1.1152988900,AKShare stock_zh_a_spot / 新浪
688357,建龙微纳,26.5400000000,27.3700000000,15724601.0000000000,589265.0000000000,-0.0303300000,0.1572460100,AKShare stock_zh_a_spot / 新浪
688358,祥生医疗,28.4500000000,29.6200000000,34757501.0000000000,1203641.0000000000,-0.0395000000,0.3475750100,AKShare stock_zh_a_spot / 新浪
688359,三孚新科,96.4000000000,108.8800000000,582582630.0000000000,5783049.0000000000,-0.1146200000,5.8258263000,AKShare stock_zh_a_spot / 新浪
688360,德马科技,15.1300000000,16.6600000000,105807448.0000000000,6823630.0000000000,-0.0918400000,1.0580744800,AKShare stock_zh_a_spot / 新浪
688361,中科飞测,342.0000000000,371.9600000000,3642620725.0000000000,10377753.0000000000,-0.0805500000,36.4262072500,AKShare stock_zh_a_spot / 新浪
688362,甬矽电子,64.5000000000,73.4000000000,2277763552.0000000000,33846766.0000000000,-0.1212500000,22.7776355200,AKShare stock_zh_a_spot / 新浪
688363,华熙生物,35.6800000000,36.6000000000,102169430.0000000000,2843034.0000000000,-0.0251400000,1.0216943000,AKShare stock_zh_a_spot / 新浪
688365,光云科技,14.5100000000,15.5500000000,161803216.0000000000,10866685.0000000000,-0.0668800000,1.6180321600,AKShare stock_zh_a_spot / 新浪
688366,昊海生科,31.1200000000,31.9500000000,20569466.0000000000,656058.0000000000,-0.0259800000,0.2056946600,AKShare stock_zh_a_spot / 新浪
688367,工大高科,29.6500000000,31.4000000000,41752733.0000000000,1380889.0000000000,-0.0557300000,0.4175273300,AKShare stock_zh_a_spot / 新浪
688368,晶丰明源,124.6500000000,137.5400000000,615394132.0000000000,4812121.0000000000,-0.0937200000,6.1539413200,AKShare stock_zh_a_spot / 新浪
688369,致远互联,19.8600000000,20.9600000000,69571412.0000000000,3453385.0000000000,-0.0524800000,0.6957141200,AKShare stock_zh_a_spot / 新浪
688370,丛麟科技,22.7100000000,23.7600000000,12216153.0000000000,530051.0000000000,-0.0441900000,0.1221615300,AKShare stock_zh_a_spot / 新浪
688371,菲沃泰,27.8500000000,31.5000000000,340034788.0000000000,11599817.0000000000,-0.1158700000,3.4003478800,AKShare stock_zh_a_spot / 新浪
688372,伟测科技,125.2000000000,135.0100000000,1084772783.0000000000,8501302.0000000000,-0.0726600000,10.8477278300,AKShare stock_zh_a_spot / 新浪
688373,盟科药业,5.1900000000,5.3900000000,52992950.0000000000,10090965.0000000000,-0.0371100000,0.5299295000,AKShare stock_zh_a_spot / 新浪
688375,国博电子,82.7400000000,85.5200000000,638875476.0000000000,7680854.0000000000,-0.0325100000,6.3887547600,AKShare stock_zh_a_spot / 新浪
688376,美埃科技,66.5100000000,73.4100000000,172905784.0000000000,2507104.0000000000,-0.0939900000,1.7290578400,AKShare stock_zh_a_spot / 新浪
688377,迪威尔,19.9800000000,21.0000000000,38753182.0000000000,1918324.0000000000,-0.0485700000,0.3875318200,AKShare stock_zh_a_spot / 新浪
688378,奥来德,45.6000000000,50.1400000000,603226476.0000000000,12800255.0000000000,-0.0905500000,6.0322647600,AKShare stock_zh_a_spot / 新浪
688379,华光新材,51.6500000000,56.8900000000,236094918.0000000000,4427904.0000000000,-0.0921100000,2.3609491800,AKShare stock_zh_a_spot / 新浪
688380,中微半导,43.0800000000,46.7500000000,789523285.0000000000,17827669.0000000000,-0.0785000000,7.8952328500,AKShare stock_zh_a_spot / 新浪
688381,帝奥微,32.2600000000,35.2500000000,356956482.0000000000,10659763.0000000000,-0.0848200000,3.5695648200,AKShare stock_zh_a_spot / 新浪
688382,益方生物,20.3700000000,21.5100000000,395423292.0000000000,19108862.0000000000,-0.0530000000,3.9542329200,AKShare stock_zh_a_spot / 新浪
688383,新益昌,121.1900000000,134.7800000000,396437769.0000000000,3162866.0000000000,-0.1008300000,3.9643776900,AKShare stock_zh_a_spot / 新浪
688385,复旦微电,53.9800000000,57.8600000000,1165544589.0000000000,20981141.0000000000,-0.0670600000,11.6554458900,AKShare stock_zh_a_spot / 新浪
688386,泛亚微透,51.0000000000,57.1000000000,157662268.0000000000,2981516.0000000000,-0.1068300000,1.5766226800,AKShare stock_zh_a_spot / 新浪
688387,信科移动,13.4900000000,14.7900000000,1530664777.0000000000,107527890.0000000000,-0.0879000000,15.3066477700,AKShare stock_zh_a_spot / 新浪
688388,嘉元科技,28.5300000000,30.4700000000,953362143.0000000000,32637444.0000000000,-0.0636700000,9.5336214300,AKShare stock_zh_a_spot / 新浪
688389,普门科技,10.9700000000,11.2000000000,21207386.0000000000,1925693.0000000000,-0.0205400000,0.2120738600,AKShare stock_zh_a_spot / 新浪
688390,固德威,65.3000000000,69.4800000000,511562649.0000000000,7661352.0000000000,-0.0601600000,5.1156264900,AKShare stock_zh_a_spot / 新浪
688391,钜泉科技,24.9000000000,26.3200000000,41615750.0000000000,1647816.0000000000,-0.0539500000,0.4161575000,AKShare stock_zh_a_spot / 新浪
688392,骄成超声,190.7900000000,204.7100000000,1578016027.0000000000,8168227.0000000000,-0.0680000000,15.7801602700,AKShare stock_zh_a_spot / 新浪
688393,安必平,19.5200000000,20.1800000000,38572936.0000000000,1955490.0000000000,-0.0327100000,0.3857293600,AKShare stock_zh_a_spot / 新浪
688395,正弦电气,22.0900000000,22.8600000000,37668005.0000000000,1696143.0000000000,-0.0336800000,0.3766800500,AKShare stock_zh_a_spot / 新浪
688396,华润微,61.5900000000,65.0100000000,2284508674.0000000000,36060422.0000000000,-0.0526100000,22.8450867400,AKShare stock_zh_a_spot / 新浪
688398,赛特新材,20.5600000000,22.1000000000,48979089.0000000000,2346370.0000000000,-0.0696800000,0.4897908900,AKShare stock_zh_a_spot / 新浪
688399,硕世生物,28.4700000000,29.3400000000,60019173.0000000000,2105751.0000000000,-0.0296500000,0.6001917300,AKShare stock_zh_a_spot / 新浪
688400,凌云光,46.0000000000,50.8500000000,673873194.0000000000,14264752.0000000000,-0.0953800000,6.7387319400,AKShare stock_zh_a_spot / 新浪
688401,路维光电,68.7500000000,74.9200000000,529847506.0000000000,7522684.0000000000,-0.0823500000,5.2984750600,AKShare stock_zh_a_spot / 新浪
688403,汇成股份,22.9400000000,25.9600000000,1580971400.0000000000,66453241.0000000000,-0.1163300000,15.8097140000,AKShare stock_zh_a_spot / 新浪
688408,中信博,24.9500000000,26.2800000000,100111252.0000000000,3964327.0000000000,-0.0506100000,1.0011125200,AKShare stock_zh_a_spot / 新浪
688409,富创精密,211.0000000000,230.0400000000,2138083749.0000000000,9890441.0000000000,-0.0827700000,21.3808374900,AKShare stock_zh_a_spot / 新浪
688410,山外山,10.8400000000,11.1700000000,69261698.0000000000,6323377.0000000000,-0.0295400000,0.6926169800,AKShare stock_zh_a_spot / 新浪
688411,海博思创,203.3000000000,211.0800000000,586436036.0000000000,2842430.0000000000,-0.0368600000,5.8643603600,AKShare stock_zh_a_spot / 新浪
688416,恒烁股份,72.8000000000,81.5100000000,475647125.0000000000,6283463.0000000000,-0.1068600000,4.7564712500,AKShare stock_zh_a_spot / 新浪
688418,震有科技,32.9600000000,37.3500000000,324902770.0000000000,9429628.0000000000,-0.1175400000,3.2490277000,AKShare stock_zh_a_spot / 新浪
688419,耐科装备,47.5500000000,53.1500000000,267419308.0000000000,5423421.0000000000,-0.1053600000,2.6741930800,AKShare stock_zh_a_spot / 新浪
688420,美腾科技,21.7900000000,22.4900000000,12901958.0000000000,587079.0000000000,-0.0311200000,0.1290195800,AKShare stock_zh_a_spot / 新浪
688425,铁建重工,4.0800000000,4.1200000000,68393429.0000000000,16699182.0000000000,-0.0097100000,0.6839342900,AKShare stock_zh_a_spot / 新浪
688426,康为世纪,19.0600000000,19.3200000000,22327884.0000000000,1162833.0000000000,-0.0134600000,0.2232788400,AKShare stock_zh_a_spot / 新浪
688428,诺诚健华,30.5800000000,31.7600000000,358921918.0000000000,11572029.0000000000,-0.0371500000,3.5892191800,AKShare stock_zh_a_spot / 新浪
688429,时创能源,10.3100000000,10.5700000000,15821581.0000000000,1535115.0000000000,-0.0246000000,0.1582158100,AKShare stock_zh_a_spot / 新浪
688432,有研硅,48.0300000000,49.4800000000,4484871899.0000000000,91918529.0000000000,-0.0293000000,44.8487189900,AKShare stock_zh_a_spot / 新浪
688433,华曙高科,86.0400000000,98.0800000000,866658289.0000000000,9571023.0000000000,-0.1227600000,8.6665828900,AKShare stock_zh_a_spot / 新浪
688435,英方软件,30.1900000000,32.1500000000,53060145.0000000000,1731108.0000000000,-0.0609600000,0.5306014500,AKShare stock_zh_a_spot / 新浪
688439,振华风光,38.2200000000,39.4700000000,121578949.0000000000,3187696.0000000000,-0.0316700000,1.2157894900,AKShare stock_zh_a_spot / 新浪
688443,智翔金泰,25.8800000000,26.4400000000,112942632.0000000000,4333727.0000000000,-0.0211800000,1.1294263200,AKShare stock_zh_a_spot / 新浪
688448,磁谷科技,62.7500000000,63.5800000000,230127747.0000000000,3634196.0000000000,-0.0130500000,2.3012774700,AKShare stock_zh_a_spot / 新浪
688449,联芸科技,67.3600000000,71.0300000000,1033570464.0000000000,14962418.0000000000,-0.0516700000,10.3357046400,AKShare stock_zh_a_spot / 新浪
688450,光格科技,32.9100000000,35.6200000000,70725192.0000000000,2101189.0000000000,-0.0760800000,0.7072519200,AKShare stock_zh_a_spot / 新浪
688455,科捷智能,14.6900000000,15.4400000000,23159816.0000000000,1552312.0000000000,-0.0485800000,0.2315981600,AKShare stock_zh_a_spot / 新浪
688456,有研粉材,82.1900000000,92.3100000000,1003714726.0000000000,11714674.0000000000,-0.1096300000,10.0371472600,AKShare stock_zh_a_spot / 新浪
688458,美芯晟,31.9300000000,34.6300000000,71259815.0000000000,2182997.0000000000,-0.0779700000,0.7125981500,AKShare stock_zh_a_spot / 新浪
688459,哈铁科技,7.8600000000,8.0700000000,11859770.0000000000,1494020.0000000000,-0.0260200000,0.1185977000,AKShare stock_zh_a_spot / 新浪
688466,金科环境,13.5500000000,13.9400000000,15603302.0000000000,1146837.0000000000,-0.0279800000,0.1560330200,AKShare stock_zh_a_spot / 新浪
688468,科美诊断,6.2000000000,6.3300000000,17628566.0000000000,2817736.0000000000,-0.0205400000,0.1762856600,AKShare stock_zh_a_spot / 新浪
688469,芯联集成,9.0200000000,9.4400000000,1594792631.0000000000,173907247.0000000000,-0.0444900000,15.9479263100,AKShare stock_zh_a_spot / 新浪
688472,阿特斯,10.1900000000,10.4800000000,398790812.0000000000,38931788.0000000000,-0.0276700000,3.9879081200,AKShare stock_zh_a_spot / 新浪
688475,萤石网络,29.2000000000,29.7100000000,146460650.0000000000,4965158.0000000000,-0.0171700000,1.4646065000,AKShare stock_zh_a_spot / 新浪
688478,晶升股份,49.7400000000,55.5400000000,418853690.0000000000,8118098.0000000000,-0.1044300000,4.1885369000,AKShare stock_zh_a_spot / 新浪
688479,友车科技,33.2000000000,35.5100000000,84114761.0000000000,2479122.0000000000,-0.0650500000,0.8411476100,AKShare stock_zh_a_spot / 新浪
688480,赛恩斯,76.0900000000,81.6000000000,102009421.0000000000,1305592.0000000000,-0.0675200000,1.0200942100,AKShare stock_zh_a_spot / 新浪
688484,南芯科技,35.0500000000,38.8200000000,423164239.0000000000,11727014.0000000000,-0.0971100000,4.2316423900,AKShare stock_zh_a_spot / 新浪
688485,九州一轨,86.0000000000,89.9900000000,1403746251.0000000000,16143738.0000000000,-0.0443400000,14.0374625100,AKShare stock_zh_a_spot / 新浪
688486,龙迅股份,43.3700000000,47.5400000000,255333086.0000000000,5722936.0000000000,-0.0877200000,2.5533308600,AKShare stock_zh_a_spot / 新浪
688488,艾迪药业,17.8500000000,17.3000000000,269749241.0000000000,15044906.0000000000,0.0317900000,2.6974924100,AKShare stock_zh_a_spot / 新浪
688489,三未信安,22.9000000000,24.2200000000,29037145.0000000000,1249833.0000000000,-0.0545000000,0.2903714500,AKShare stock_zh_a_spot / 新浪
688498,源杰科技,1518.1000000000,1613.5000000000,7387254503.0000000000,4766899.0000000000,-0.0591300000,73.8725450300,AKShare stock_zh_a_spot / 新浪
688499,利元亨,34.0700000000,36.1000000000,167233539.0000000000,4827454.0000000000,-0.0562300000,1.6723353900,AKShare stock_zh_a_spot / 新浪
688500,慧辰股份,37.1600000000,37.7600000000,92890331.0000000000,2431983.0000000000,-0.0158900000,0.9289033100,AKShare stock_zh_a_spot / 新浪
688501,青达环保,12.8800000000,13.4800000000,39382301.0000000000,3015037.0000000000,-0.0445100000,0.3938230100,AKShare stock_zh_a_spot / 新浪
688502,茂莱光学,459.9900000000,472.0000000000,1352667414.0000000000,2930327.0000000000,-0.0254400000,13.5266741400,AKShare stock_zh_a_spot / 新浪
688503,聚和材料,94.2900000000,102.1200000000,2952214645.0000000000,30593821.0000000000,-0.0766700000,29.5221464500,AKShare stock_zh_a_spot / 新浪
688505,复旦张江,8.5100000000,8.6800000000,136042022.0000000000,15770579.0000000000,-0.0195900000,1.3604202200,AKShare stock_zh_a_spot / 新浪
688506,百利天恒,289.7800000000,301.2400000000,470306182.0000000000,1595716.0000000000,-0.0380400000,4.7030618200,AKShare stock_zh_a_spot / 新浪
688507,索辰科技,157.7100000000,187.9800000000,1355839589.0000000000,8115242.0000000000,-0.1610300000,13.5583958900,AKShare stock_zh_a_spot / 新浪
688508,芯朋微,82.1300000000,94.2200000000,828098395.0000000000,9692231.0000000000,-0.1283200000,8.2809839500,AKShare stock_zh_a_spot / 新浪
688509,正元地信,4.1100000000,4.2200000000,30891812.0000000000,7495914.0000000000,-0.0260700000,0.3089181200,AKShare stock_zh_a_spot / 新浪
688510,航亚科技,23.0800000000,24.7600000000,179796183.0000000000,7789960.0000000000,-0.0678500000,1.7979618300,AKShare stock_zh_a_spot / 新浪
688511,天微电子,21.4500000000,23.1000000000,42605294.0000000000,1937391.0000000000,-0.0714300000,0.4260529400,AKShare stock_zh_a_spot / 新浪
688512,慧智微,14.0700000000,15.0000000000,220892430.0000000000,15393625.0000000000,-0.0620000000,2.2089243000,AKShare stock_zh_a_spot / 新浪
688513,苑东生物,45.1400000000,47.5600000000,127673300.0000000000,2773393.0000000000,-0.0508800000,1.2767330000,AKShare stock_zh_a_spot / 新浪
688515,裕太微,145.1500000000,161.9300000000,629743873.0000000000,4182181.0000000000,-0.1036300000,6.2974387300,AKShare stock_zh_a_spot / 新浪
688516,奥特维,40.8600000000,44.2500000000,395892126.0000000000,9453467.0000000000,-0.0766100000,3.9589212600,AKShare stock_zh_a_spot / 新浪
688517,金冠电气,15.6100000000,16.5000000000,54830008.0000000000,3432309.0000000000,-0.0539400000,0.5483000800,AKShare stock_zh_a_spot / 新浪
688518,联赢激光,19.2600000000,20.7600000000,278141214.0000000000,14076747.0000000000,-0.0722500000,2.7814121400,AKShare stock_zh_a_spot / 新浪
688519,南亚新材,278.5000000000,311.5000000000,2230372620.0000000000,7745327.0000000000,-0.1059400000,22.3037262000,AKShare stock_zh_a_spot / 新浪
688520,神州细胞,37.3800000000,38.4400000000,116476321.0000000000,3086141.0000000000,-0.0275800000,1.1647632100,AKShare stock_zh_a_spot / 新浪
688521,芯原股份,185.2900000000,213.3000000000,5298874023.0000000000,27351864.0000000000,-0.1313200000,52.9887402300,AKShare stock_zh_a_spot / 新浪
688522,纳睿雷达,18.3900000000,19.5200000000,104371420.0000000000,5571896.0000000000,-0.0578900000,1.0437142000,AKShare stock_zh_a_spot / 新浪
688523,航天环宇,43.8900000000,49.4500000000,580376191.0000000000,12465003.0000000000,-0.1124400000,5.8037619100,AKShare stock_zh_a_spot / 新浪
688525,佰维存储,231.7000000000,253.1800000000,7261552805.0000000000,30706623.0000000000,-0.0848400000,72.6155280500,AKShare stock_zh_a_spot / 新浪
688526,科前生物,13.1800000000,13.4700000000,22236618.0000000000,1677203.0000000000,-0.0215300000,0.2223661800,AKShare stock_zh_a_spot / 新浪
688528,秦川物联,9.4700000000,9.8600000000,20144791.0000000000,2109178.0000000000,-0.0395500000,0.2014479100,AKShare stock_zh_a_spot / 新浪
688529,豪森智能,15.3200000000,16.1400000000,24959260.0000000000,1603989.0000000000,-0.0508100000,0.2495926000,AKShare stock_zh_a_spot / 新浪
688530,欧莱新材,64.4200000000,69.0200000000,799907694.0000000000,12151225.0000000000,-0.0666500000,7.9990769400,AKShare stock_zh_a_spot / 新浪
688531,日联科技,133.0000000000,150.2300000000,984103389.0000000000,7166101.0000000000,-0.1146900000,9.8410338900,AKShare stock_zh_a_spot / 新浪
688533,上声电子,20.4700000000,21.4200000000,21092945.0000000000,1016736.0000000000,-0.0443500000,0.2109294500,AKShare stock_zh_a_spot / 新浪
688535,华海诚科,100.1500000000,111.2200000000,957495331.0000000000,9220463.0000000000,-0.0995300000,9.5749533100,AKShare stock_zh_a_spot / 新浪
688536,思瑞浦,268.8000000000,294.1800000000,1458025014.0000000000,5284224.0000000000,-0.0862700000,14.5802501400,AKShare stock_zh_a_spot / 新浪
688538,和辉光电,2.3100000000,2.3300000000,166460422.0000000000,71640747.0000000000,-0.0085800000,1.6646042200,AKShare stock_zh_a_spot / 新浪
688539,高华科技,26.5000000000,29.2500000000,202341711.0000000000,7181228.0000000000,-0.0940200000,2.0234171100,AKShare stock_zh_a_spot / 新浪
688543,国科军工,37.8000000000,39.4500000000,245231920.0000000000,6389807.0000000000,-0.0418300000,2.4523192000,AKShare stock_zh_a_spot / 新浪
688545,兴福电子,85.2600000000,94.6500000000,1780503005.0000000000,20185663.0000000000,-0.0992100000,17.8050300500,AKShare stock_zh_a_spot / 新浪
688548,广钢气体,37.8800000000,40.7300000000,1237579550.0000000000,31816840.0000000000,-0.0699700000,12.3757955000,AKShare stock_zh_a_spot / 新浪
688549,中巨芯,27.1900000000,29.2900000000,2605902148.0000000000,94904369.0000000000,-0.0717000000,26.0590214800,AKShare stock_zh_a_spot / 新浪
688550,瑞联新材,39.4500000000,42.2100000000,252289854.0000000000,6184212.0000000000,-0.0653900000,2.5228985400,AKShare stock_zh_a_spot / 新浪
688551,科威尔,38.2100000000,42.6200000000,170958070.0000000000,4304734.0000000000,-0.1034700000,1.7095807000,AKShare stock_zh_a_spot / 新浪
688552,航天南湖,25.5800000000,27.5900000000,109169394.0000000000,4164635.0000000000,-0.0728500000,1.0916939400,AKShare stock_zh_a_spot / 新浪
688553,汇宇制药,11.8900000000,12.4300000000,125144627.0000000000,10324043.0000000000,-0.0434400000,1.2514462700,AKShare stock_zh_a_spot / 新浪
688556,高测股份,8.1600000000,8.8800000000,225461000.0000000000,26917659.0000000000,-0.0810800000,2.2546100000,AKShare stock_zh_a_spot / 新浪
688557,兰剑智能,21.0500000000,22.8500000000,57616997.0000000000,2688888.0000000000,-0.0787700000,0.5761699700,AKShare stock_zh_a_spot / 新浪
688558,国盛智科,31.6000000000,33.3800000000,57899245.0000000000,1806686.0000000000,-0.0533300000,0.5789924500,AKShare stock_zh_a_spot / 新浪
688559,海目星,53.0500000000,56.5500000000,1035416877.0000000000,19199002.0000000000,-0.0618900000,10.3541687700,AKShare stock_zh_a_spot / 新浪
688560,明冠新材,11.7300000000,12.2000000000,35248014.0000000000,2973094.0000000000,-0.0385200000,0.3524801400,AKShare stock_zh_a_spot / 新浪
688561,奇安信,25.3300000000,26.1400000000,153758283.0000000000,6030287.0000000000,-0.0309900000,1.5375828300,AKShare stock_zh_a_spot / 新浪
688562,航天软件,13.6900000000,14.4300000000,69457850.0000000000,4948881.0000000000,-0.0512800000,0.6945785000,AKShare stock_zh_a_spot / 新浪
688563,航材股份,49.8000000000,50.9600000000,90305308.0000000000,1795084.0000000000,-0.0227600000,0.9030530800,AKShare stock_zh_a_spot / 新浪
688565,力源科技,10.7400000000,11.0500000000,20615574.0000000000,1894648.0000000000,-0.0280500000,0.2061557400,AKShare stock_zh_a_spot / 新浪
688566,吉贝尔,26.3900000000,26.7900000000,55069116.0000000000,2072384.0000000000,-0.0149300000,0.5506911600,AKShare stock_zh_a_spot / 新浪
688567,孚能科技,9.5300000000,9.8600000000,107995499.0000000000,11180027.0000000000,-0.0334700000,1.0799549900,AKShare stock_zh_a_spot / 新浪
688568,中科星图,34.0000000000,36.2600000000,627792384.0000000000,17890317.0000000000,-0.0623300000,6.2779238400,AKShare stock_zh_a_spot / 新浪
688569,铁科轨道,19.7000000000,17.3900000000,168085899.0000000000,8573271.0000000000,0.1328300000,1.6808589900,AKShare stock_zh_a_spot / 新浪
688570,天玛智控,15.1700000000,15.1400000000,27350293.0000000000,1804643.0000000000,0.0019800000,0.2735029300,AKShare stock_zh_a_spot / 新浪
688571,杭华股份,8.6400000000,9.0100000000,78902803.0000000000,9006037.0000000000,-0.0410700000,0.7890280300,AKShare stock_zh_a_spot / 新浪
688573,信宇人,15.6500000000,16.3900000000,33887647.0000000000,2137711.0000000000,-0.0451500000,0.3388764700,AKShare stock_zh_a_spot / 新浪
688575,亚辉龙,9.3900000000,9.6000000000,95070217.0000000000,10071283.0000000000,-0.0218700000,0.9507021700,AKShare stock_zh_a_spot / 新浪
688576,西山科技,41.0000000000,42.4200000000,17414547.0000000000,419074.0000000000,-0.0334700000,0.1741454700,AKShare stock_zh_a_spot / 新浪
688577,浙海德曼,41.0000000000,44.7100000000,75430062.0000000000,1803632.0000000000,-0.0829800000,0.7543006200,AKShare stock_zh_a_spot / 新浪
688578,艾力斯,116.4800000000,118.8400000000,918864319.0000000000,7816398.0000000000,-0.0198600000,9.1886431900,AKShare stock_zh_a_spot / 新浪
688579,地纬智能,7.7600000000,8.0400000000,30012272.0000000000,3834615.0000000000,-0.0348300000,0.3001227200,AKShare stock_zh_a_spot / 新浪
688580,伟思医疗,47.9100000000,49.7600000000,70438676.0000000000,1444741.0000000000,-0.0371800000,0.7043867600,AKShare stock_zh_a_spot / 新浪
688581,安杰思,52.1000000000,54.1500000000,42081103.0000000000,794934.0000000000,-0.0378600000,0.4208110300,AKShare stock_zh_a_spot / 新浪
688582,芯动联科,41.1500000000,45.0100000000,391073563.0000000000,9157739.0000000000,-0.0857600000,3.9107356300,AKShare stock_zh_a_spot / 新浪
688583,思看科技,81.1100000000,90.2100000000,245588322.0000000000,2913238.0000000000,-0.1008800000,2.4558832200,AKShare stock_zh_a_spot / 新浪
688584,上海合晶,29.8500000000,31.5900000000,635570703.0000000000,20868894.0000000000,-0.0550800000,6.3557070300,AKShare stock_zh_a_spot / 新浪
688585,上纬新材,152.5000000000,188.9700000000,1854754113.0000000000,11427665.0000000000,-0.1929900000,18.5475411300,AKShare stock_zh_a_spot / 新浪
688586,江航装备,10.1900000000,10.6100000000,67268116.0000000000,6543829.0000000000,-0.0395900000,0.6726811600,AKShare stock_zh_a_spot / 新浪
688588,凌志软件,9.2800000000,9.6500000000,32147719.0000000000,3438840.0000000000,-0.0383400000,0.3214771900,AKShare stock_zh_a_spot / 新浪
688589,力合微,18.0000000000,18.9400000000,57561345.0000000000,3148059.0000000000,-0.0496300000,0.5756134500,AKShare stock_zh_a_spot / 新浪
688590,新致软件,12.4400000000,13.1400000000,78149732.0000000000,6205948.0000000000,-0.0532700000,0.7814973200,AKShare stock_zh_a_spot / 新浪
688591,泰凌微,27.0900000000,28.5600000000,184089988.0000000000,6666564.0000000000,-0.0514700000,1.8408998800,AKShare stock_zh_a_spot / 新浪
688592,司南导航,24.0300000000,25.7000000000,30385998.0000000000,1218535.0000000000,-0.0649800000,0.3038599800,AKShare stock_zh_a_spot / 新浪
688593,新相微,32.1700000000,35.6300000000,870769046.0000000000,26055182.0000000000,-0.0971100000,8.7076904600,AKShare stock_zh_a_spot / 新浪
688595,芯海科技,27.3100000000,29.1900000000,96609968.0000000000,3455898.0000000000,-0.0644100000,0.9660996800,AKShare stock_zh_a_spot / 新浪
688596,正帆科技,65.1800000000,70.9500000000,1834574699.0000000000,27500733.0000000000,-0.0813200000,18.3457469900,AKShare stock_zh_a_spot / 新浪
688597,煜邦电力,6.7100000000,7.0600000000,43052109.0000000000,6305476.0000000000,-0.0495800000,0.4305210900,AKShare stock_zh_a_spot / 新浪
688598,金博股份,33.4500000000,38.3700000000,1058922062.0000000000,30113563.0000000000,-0.1282300000,10.5892206200,AKShare stock_zh_a_spot / 新浪
688599,天合光能,12.7700000000,13.1700000000,349064207.0000000000,27205998.0000000000,-0.0303700000,3.4906420700,AKShare stock_zh_a_spot / 新浪
688600,皖仪科技,26.6900000000,28.2800000000,75441556.0000000000,2785879.0000000000,-0.0562200000,0.7544155600,AKShare stock_zh_a_spot / 新浪
688601,力芯微,45.7100000000,49.4000000000,203288776.0000000000,4334790.0000000000,-0.0747000000,2.0328877600,AKShare stock_zh_a_spot / 新浪
688602,康鹏科技,6.7100000000,7.0300000000,36824674.0000000000,5401433.0000000000,-0.0455200000,0.3682467400,AKShare stock_zh_a_spot / 新浪
688603,天承科技,104.7500000000,118.1500000000,688179716.0000000000,6326473.0000000000,-0.1134200000,6.8817971600,AKShare stock_zh_a_spot / 新浪
688605,先锋精科,74.5200000000,80.7500000000,437536679.0000000000,5730499.0000000000,-0.0771500000,4.3753667900,AKShare stock_zh_a_spot / 新浪
688606,奥泰生物,47.2900000000,48.4000000000,17230345.0000000000,361777.0000000000,-0.0229300000,0.1723034500,AKShare stock_zh_a_spot / 新浪
688607,康众医疗,41.5100000000,44.1000000000,82140477.0000000000,1940693.0000000000,-0.0587300000,0.8214047700,AKShare stock_zh_a_spot / 新浪
688608,恒玄科技,105.1100000000,107.9600000000,461760493.0000000000,4402193.0000000000,-0.0264000000,4.6176049300,AKShare stock_zh_a_spot / 新浪
688609,九联科技,8.8900000000,9.5600000000,246311270.0000000000,27251836.0000000000,-0.0700800000,2.4631127000,AKShare stock_zh_a_spot / 新浪
688610,埃科光电,161.4500000000,185.0000000000,520846538.0000000000,3110979.0000000000,-0.1273000000,5.2084653800,AKShare stock_zh_a_spot / 新浪
688611,杭州柯林,61.8000000000,68.6500000000,158696876.0000000000,2426096.0000000000,-0.0997800000,1.5869687600,AKShare stock_zh_a_spot / 新浪
688612,威迈斯,33.6000000000,35.7300000000,307005463.0000000000,9090418.0000000000,-0.0596100000,3.0700546300,AKShare stock_zh_a_spot / 新浪
688613,奥精医疗,14.9600000000,15.4400000000,42738088.0000000000,2840468.0000000000,-0.0310900000,0.4273808800,AKShare stock_zh_a_spot / 新浪
688615,合合信息,111.4500000000,118.6300000000,666603704.0000000000,5881064.0000000000,-0.0605200000,6.6660370400,AKShare stock_zh_a_spot / 新浪
688616,西力科技,10.6500000000,10.8800000000,24265438.0000000000,2253572.0000000000,-0.0211400000,0.2426543800,AKShare stock_zh_a_spot / 新浪
688617,惠泰医疗,228.4900000000,224.6000000000,355285092.0000000000,1568210.0000000000,0.0173200000,3.5528509200,AKShare stock_zh_a_spot / 新浪
688618,三旺通信,29.2900000000,31.7900000000,96068784.0000000000,3163321.0000000000,-0.0786400000,0.9606878400,AKShare stock_zh_a_spot / 新浪
688619,罗普特,13.8800000000,14.9300000000,51600634.0000000000,3624920.0000000000,-0.0703300000,0.5160063400,AKShare stock_zh_a_spot / 新浪
688620,安凯微,15.0200000000,16.5200000000,248048134.0000000000,15921844.0000000000,-0.0908000000,2.4804813400,AKShare stock_zh_a_spot / 新浪
688621,阳光诺和,65.4000000000,67.9000000000,138107604.0000000000,2101643.0000000000,-0.0368200000,1.3810760400,AKShare stock_zh_a_spot / 新浪
688623,双元科技,58.9900000000,61.9600000000,63463530.0000000000,1071592.0000000000,-0.0479300000,0.6346353000,AKShare stock_zh_a_spot / 新浪
688625,呈和科技,57.2700000000,63.0000000000,363868515.0000000000,6177559.0000000000,-0.0909500000,3.6386851500,AKShare stock_zh_a_spot / 新浪
688626,翔宇医疗,43.1800000000,45.2300000000,108644903.0000000000,2485555.0000000000,-0.0453200000,1.0864490300,AKShare stock_zh_a_spot / 新浪
688627,精智达,491.9900000000,565.2200000000,3670384957.0000000000,7260117.0000000000,-0.1295600000,36.7038495700,AKShare stock_zh_a_spot / 新浪
688628,优利德,73.4000000000,78.8000000000,502599540.0000000000,6572013.0000000000,-0.0685300000,5.0259954000,AKShare stock_zh_a_spot / 新浪
688629,华丰科技,136.8000000000,156.2200000000,2716148174.0000000000,19032940.0000000000,-0.1243100000,27.1614817400,AKShare stock_zh_a_spot / 新浪
688630,芯碁微装,434.0000000000,471.2000000000,2982906116.0000000000,6666725.0000000000,-0.0789500000,29.8290611600,AKShare stock_zh_a_spot / 新浪
688631,莱斯信息,39.0300000000,41.1400000000,56398161.0000000000,1421436.0000000000,-0.0512900000,0.5639816100,AKShare stock_zh_a_spot / 新浪
688633,星球石墨,23.8800000000,24.7700000000,69206762.0000000000,2856994.0000000000,-0.0359300000,0.6920676200,AKShare stock_zh_a_spot / 新浪
688635,长进光子,315.2700000000,350.1000000000,981513805.0000000000,3014975.0000000000,-0.0994900000,9.8151380500,AKShare stock_zh_a_spot / 新浪
688636,智明达,19.2800000000,21.0500000000,177544866.0000000000,8959362.0000000000,-0.0840900000,1.7754486600,AKShare stock_zh_a_spot / 新浪
688638,誉辰智能,32.3800000000,33.1200000000,16804556.0000000000,513113.0000000000,-0.0223400000,0.1680455600,AKShare stock_zh_a_spot / 新浪
688639,华恒生物,16.5900000000,17.3600000000,107904005.0000000000,6397122.0000000000,-0.0443500000,1.0790400500,AKShare stock_zh_a_spot / 新浪
688646,逸飞激光,72.0000000000,76.3300000000,170988722.0000000000,2350081.0000000000,-0.0567300000,1.7098872200,AKShare stock_zh_a_spot / 新浪
688648,中邮科技,30.7500000000,33.2400000000,104335648.0000000000,3306989.0000000000,-0.0749100000,1.0433564800,AKShare stock_zh_a_spot / 新浪
688651,盛邦安全,22.6900000000,23.6500000000,33039750.0000000000,1451441.0000000000,-0.0405900000,0.3303975000,AKShare stock_zh_a_spot / 新浪
688652,京仪装备,142.3100000000,162.6300000000,1325548266.0000000000,8998951.0000000000,-0.1249500000,13.2554826600,AKShare stock_zh_a_spot / 新浪
688653,康希通信,13.2500000000,14.3500000000,193314201.0000000000,14294522.0000000000,-0.0766600000,1.9331420100,AKShare stock_zh_a_spot / 新浪
688655,迅捷兴,41.7800000000,45.0100000000,551560475.0000000000,12640463.0000000000,-0.0717600000,5.5156047500,AKShare stock_zh_a_spot / 新浪
688656,浩欧博,92.0500000000,101.2000000000,123207519.0000000000,1299168.0000000000,-0.0904200000,1.2320751900,AKShare stock_zh_a_spot / 新浪
688657,浩辰软件,32.9300000000,34.7200000000,84288399.0000000000,2526884.0000000000,-0.0515600000,0.8428839900,AKShare stock_zh_a_spot / 新浪
688658,悦康药业,12.9100000000,13.5100000000,164478298.0000000000,12537505.0000000000,-0.0444100000,1.6447829800,AKShare stock_zh_a_spot / 新浪
688659,元琛科技,10.5200000000,10.5700000000,45948560.0000000000,4356681.0000000000,-0.0047300000,0.4594856000,AKShare stock_zh_a_spot / 新浪
688660,电气风电,8.0300000000,8.5100000000,155382318.0000000000,18977520.0000000000,-0.0564000000,1.5538231800,AKShare stock_zh_a_spot / 新浪
688661,和林微纳,96.5200000000,107.0000000000,453057448.0000000000,4544286.0000000000,-0.0979400000,4.5305744800,AKShare stock_zh_a_spot / 新浪
688662,富信科技,92.2400000000,105.7600000000,1385936466.0000000000,14643076.0000000000,-0.1278400000,13.8593646600,AKShare stock_zh_a_spot / 新浪
688663,新风光,55.7200000000,58.3000000000,273749627.0000000000,4872670.0000000000,-0.0442500000,2.7374962700,AKShare stock_zh_a_spot / 新浪
688665,四方光电,43.9000000000,47.9100000000,36129718.0000000000,802654.0000000000,-0.0837000000,0.3612971800,AKShare stock_zh_a_spot / 新浪
688667,菱电电控,90.6600000000,97.7000000000,102375643.0000000000,1093062.0000000000,-0.0720600000,1.0237564300,AKShare stock_zh_a_spot / 新浪
688668,鼎通科技,242.5800000000,274.3000000000,1896795762.0000000000,7504969.0000000000,-0.1156400000,18.9679576200,AKShare stock_zh_a_spot / 新浪
688669,聚石化学,73.0100000000,81.2000000000,420038800.0000000000,5503282.0000000000,-0.1008600000,4.2003880000,AKShare stock_zh_a_spot / 新浪
688670,金迪克,15.3200000000,15.8500000000,22999046.0000000000,1487301.0000000000,-0.0334400000,0.2299904600,AKShare stock_zh_a_spot / 新浪
688671,碧兴物联,23.6000000000,24.6200000000,28073203.0000000000,1164751.0000000000,-0.0414300000,0.2807320300,AKShare stock_zh_a_spot / 新浪
688676,金盘科技,67.8800000000,73.9000000000,994048996.0000000000,14277564.0000000000,-0.0814600000,9.9404899600,AKShare stock_zh_a_spot / 新浪
688677,海泰新光,86.2300000000,96.5400000000,1411598708.0000000000,15826956.0000000000,-0.1068000000,14.1159870800,AKShare stock_zh_a_spot / 新浪
688678,福立旺,18.5700000000,20.0300000000,381570205.0000000000,20094686.0000000000,-0.0728900000,3.8157020500,AKShare stock_zh_a_spot / 新浪
688679,通源环境,38.0000000000,40.0500000000,328669584.0000000000,8318283.0000000000,-0.0511900000,3.2866958400,AKShare stock_zh_a_spot / 新浪
688680,海优新材,33.1100000000,35.0600000000,51061485.0000000000,1504957.0000000000,-0.0556200000,0.5106148500,AKShare stock_zh_a_spot / 新浪
688681,科汇股份,16.4200000000,16.9600000000,29121697.0000000000,1754499.0000000000,-0.0318400000,0.2912169700,AKShare stock_zh_a_spot / 新浪
688682,霍莱沃,30.9300000000,33.1500000000,50994915.0000000000,1614605.0000000000,-0.0669700000,0.5099491500,AKShare stock_zh_a_spot / 新浪
688683,莱尔科技,28.4000000000,33.2700000000,112192158.0000000000,3721406.0000000000,-0.1463800000,1.1219215800,AKShare stock_zh_a_spot / 新浪
688685,迈信林,40.1200000000,43.5000000000,204840752.0000000000,4964108.0000000000,-0.0777000000,2.0484075200,AKShare stock_zh_a_spot / 新浪
688686,奥普特,115.0000000000,123.6000000000,193116179.0000000000,1653828.0000000000,-0.0695800000,1.9311617900,AKShare stock_zh_a_spot / 新浪
688687,凯因科技,17.6700000000,18.2600000000,63933286.0000000000,3574844.0000000000,-0.0323100000,0.6393328600,AKShare stock_zh_a_spot / 新浪
688689,银河微电,39.9000000000,42.7800000000,349111816.0000000000,8552895.0000000000,-0.0673200000,3.4911181600,AKShare stock_zh_a_spot / 新浪
688690,纳微科技,42.6000000000,45.1000000000,466955360.0000000000,10728379.0000000000,-0.0554300000,4.6695536000,AKShare stock_zh_a_spot / 新浪
688691,灿芯股份,63.6300000000,69.9700000000,358004894.0000000000,5444969.0000000000,-0.0906100000,3.5800489400,AKShare stock_zh_a_spot / 新浪
688692,达梦数据,245.4300000000,257.8900000000,489041316.0000000000,1975301.0000000000,-0.0483200000,4.8904131600,AKShare stock_zh_a_spot / 新浪
688693,锴威特,77.8200000000,85.1800000000,266243810.0000000000,3338138.0000000000,-0.0864100000,2.6624381000,AKShare stock_zh_a_spot / 新浪
688695,中创股份,18.8300000000,19.6500000000,18402961.0000000000,967183.0000000000,-0.0417300000,0.1840296100,AKShare stock_zh_a_spot / 新浪
688696,极米科技,69.8900000000,71.4900000000,46418268.0000000000,660412.0000000000,-0.0223800000,0.4641826800,AKShare stock_zh_a_spot / 新浪
688697,纽威数控,13.9500000000,15.2400000000,192854927.0000000000,13506075.0000000000,-0.0846500000,1.9285492700,AKShare stock_zh_a_spot / 新浪
688698,伟创电气,44.5800000000,49.8300000000,254654237.0000000000,5520749.0000000000,-0.1053600000,2.5465423700,AKShare stock_zh_a_spot / 新浪
688699,明微电子,59.9900000000,65.0700000000,335415723.0000000000,5386602.0000000000,-0.0780700000,3.3541572300,AKShare stock_zh_a_spot / 新浪
688700,东威科技,56.1400000000,62.4500000000,962746042.0000000000,16453580.0000000000,-0.1010400000,9.6274604200,AKShare stock_zh_a_spot / 新浪
688701,卓锦股份,8.0400000000,8.3400000000,19660894.0000000000,2417556.0000000000,-0.0359700000,0.1966089400,AKShare stock_zh_a_spot / 新浪
688702,盛科通信,378.0000000000,435.8700000000,4708114986.0000000000,11788902.0000000000,-0.1327700000,47.0811498600,AKShare stock_zh_a_spot / 新浪
688707,振华新材,10.1600000000,10.4900000000,71001153.0000000000,6858516.0000000000,-0.0314600000,0.7100115300,AKShare stock_zh_a_spot / 新浪
688708,佳驰科技,41.8700000000,43.8600000000,82310916.0000000000,1946170.0000000000,-0.0453700000,0.8231091600,AKShare stock_zh_a_spot / 新浪
688709,成都华微,25.7000000000,27.6600000000,160456569.0000000000,6054718.0000000000,-0.0708600000,1.6045656900,AKShare stock_zh_a_spot / 新浪
688710,益诺思,91.0700000000,98.3000000000,339043188.0000000000,3631056.0000000000,-0.0735500000,3.3904318800,AKShare stock_zh_a_spot / 新浪
688711,宏微科技,25.1000000000,27.3500000000,312978644.0000000000,12167776.0000000000,-0.0822700000,3.1297864400,AKShare stock_zh_a_spot / 新浪
688712,北芯生命,32.5000000000,34.2700000000,94435400.0000000000,2850844.0000000000,-0.0516500000,0.9443540000,AKShare stock_zh_a_spot / 新浪
688716,中研股份,27.0600000000,29.2300000000,66444852.0000000000,2394384.0000000000,-0.0742400000,0.6644485200,AKShare stock_zh_a_spot / 新浪
688717,艾罗能源,58.7500000000,61.8300000000,448896584.0000000000,7492706.0000000000,-0.0498100000,4.4889658400,AKShare stock_zh_a_spot / 新浪
688718,唯赛勃,13.7500000000,14.3500000000,25111863.0000000000,1802540.0000000000,-0.0418100000,0.2511186300,AKShare stock_zh_a_spot / 新浪
688719,爱科赛博,48.0000000000,53.1200000000,230472377.0000000000,4658471.0000000000,-0.0963900000,2.3047237700,AKShare stock_zh_a_spot / 新浪
688720,艾森股份,67.3800000000,74.1000000000,459837647.0000000000,6563615.0000000000,-0.0906900000,4.5983764700,AKShare stock_zh_a_spot / 新浪
688721,龙图光罩,43.8800000000,45.6700000000,271243613.0000000000,6153538.0000000000,-0.0391900000,2.7124361300,AKShare stock_zh_a_spot / 新浪
688722,同益中,13.6900000000,14.5300000000,56998155.0000000000,4095749.0000000000,-0.0578100000,0.5699815500,AKShare stock_zh_a_spot / 新浪
688726,拉普拉斯,46.1600000000,48.3500000000,404644446.0000000000,8608772.0000000000,-0.0452900000,4.0464444600,AKShare stock_zh_a_spot / 新浪
688727,恒坤新材,48.3300000000,51.8700000000,215852494.0000000000,4353687.0000000000,-0.0682500000,2.1585249400,AKShare stock_zh_a_spot / 新浪
688728,格科微,15.9100000000,17.1100000000,700151277.0000000000,42647565.0000000000,-0.0701300000,7.0015127700,AKShare stock_zh_a_spot / 新浪
688729,屹唐股份,24.6000000000,27.3300000000,1042947136.0000000000,41094603.0000000000,-0.0998900000,10.4294713600,AKShare stock_zh_a_spot / 新浪
688733,壹石通,30.1600000000,33.2400000000,246983627.0000000000,7923845.0000000000,-0.0926600000,2.4698362700,AKShare stock_zh_a_spot / 新浪
688737,中自科技,17.3100000000,18.3500000000,19732202.0000000000,1116645.0000000000,-0.0566800000,0.1973220200,AKShare stock_zh_a_spot / 新浪
688739,成大生物,20.0900000000,20.4400000000,37021960.0000000000,1832851.0000000000,-0.0171200000,0.3702196000,AKShare stock_zh_a_spot / 新浪
688750,金天钛业,13.7900000000,14.5500000000,64394083.0000000000,4591969.0000000000,-0.0522300000,0.6439408300,AKShare stock_zh_a_spot / 新浪
688755,汉邦科技,27.2800000000,28.0000000000,33655704.0000000000,1228400.0000000000,-0.0257100000,0.3365570400,AKShare stock_zh_a_spot / 新浪
688757,胜科纳米,31.7700000000,35.0400000000,452777300.0000000000,13833554.0000000000,-0.0933200000,4.5277730000,AKShare stock_zh_a_spot / 新浪
688758,赛分科技,26.9200000000,28.6500000000,333331471.0000000000,12111242.0000000000,-0.0603800000,3.3333147100,AKShare stock_zh_a_spot / 新浪
688759,必贝特,26.4600000000,27.8900000000,117038746.0000000000,4319104.0000000000,-0.0512700000,1.1703874600,AKShare stock_zh_a_spot / 新浪
688765,禾元生物,36.7800000000,38.8200000000,138488295.0000000000,3701513.0000000000,-0.0525500000,1.3848829500,AKShare stock_zh_a_spot / 新浪
688766,普冉股份,447.2000000000,466.8100000000,7612575891.0000000000,17370411.0000000000,-0.0420100000,76.1257589100,AKShare stock_zh_a_spot / 新浪
688767,博拓生物,39.1000000000,41.8400000000,93333563.0000000000,2317775.0000000000,-0.0654900000,0.9333356300,AKShare stock_zh_a_spot / 新浪
688768,容知日新,40.8100000000,44.2300000000,38742727.0000000000,928400.0000000000,-0.0773200000,0.3874272700,AKShare stock_zh_a_spot / 新浪
688772,珠海冠宇,13.9100000000,14.7700000000,330270876.0000000000,23282497.0000000000,-0.0582300000,3.3027087600,AKShare stock_zh_a_spot / 新浪
688775,影石创新,118.0000000000,126.2700000000,634256785.0000000000,5217449.0000000000,-0.0654900000,6.3425678500,AKShare stock_zh_a_spot / 新浪
688776,国光电气,46.6400000000,49.6900000000,119173749.0000000000,2500457.0000000000,-0.0613800000,1.1917374900,AKShare stock_zh_a_spot / 新浪
688777,中控技术,89.3500000000,96.5500000000,1452523261.0000000000,15931303.0000000000,-0.0745700000,14.5252326100,AKShare stock_zh_a_spot / 新浪
688778,厦钨新能,46.4900000000,48.3500000000,232517426.0000000000,4925755.0000000000,-0.0384700000,2.3251742600,AKShare stock_zh_a_spot / 新浪
688779,五矿新能,8.1400000000,8.5500000000,359343746.0000000000,43054725.0000000000,-0.0479500000,3.5934374600,AKShare stock_zh_a_spot / 新浪
688781,视涯科技,37.6500000000,40.6000000000,87290129.0000000000,2259297.0000000000,-0.0726600000,0.8729012900,AKShare stock_zh_a_spot / 新浪
688783,西安奕材,34.3000000000,35.9600000000,2257676603.0000000000,63607904.0000000000,-0.0461600000,22.5767660300,AKShare stock_zh_a_spot / 新浪
688785,恒运昌,271.7500000000,294.2300000000,218898214.0000000000,782965.0000000000,-0.0764000000,2.1889821400,AKShare stock_zh_a_spot / 新浪
688786,悦安新材,27.3000000000,29.9700000000,219587547.0000000000,7818079.0000000000,-0.0890900000,2.1958754700,AKShare stock_zh_a_spot / 新浪
688787,海天瑞声,103.7000000000,114.5000000000,278091471.0000000000,2608157.0000000000,-0.0943200000,2.7809147100,AKShare stock_zh_a_spot / 新浪
688788,科思科技,27.9600000000,30.9000000000,117300677.0000000000,4067282.0000000000,-0.0951500000,1.1730067700,AKShare stock_zh_a_spot / 新浪
688789,宏华数科,46.6300000000,46.5800000000,144060853.0000000000,3057382.0000000000,0.0010700000,1.4406085300,AKShare stock_zh_a_spot / 新浪
688790,昂瑞微,96.5900000000,102.6000000000,38763890.0000000000,392753.0000000000,-0.0585800000,0.3876389000,AKShare stock_zh_a_spot / 新浪
688793,倍轻松,19.8500000000,21.1500000000,63277265.0000000000,3077283.0000000000,-0.0614700000,0.6327726500,AKShare stock_zh_a_spot / 新浪
688795,摩尔线程,548.0000000000,578.9000000000,844207009.0000000000,1521590.0000000000,-0.0533800000,8.4420700900,AKShare stock_zh_a_spot / 新浪
688796,百奥赛图,131.6000000000,140.9800000000,423714171.0000000000,3104194.0000000000,-0.0665300000,4.2371417100,AKShare stock_zh_a_spot / 新浪
688797,臻宝科技,311.0800000000,353.3000000000,1385825443.0000000000,4255484.0000000000,-0.1195000000,13.8582544300,AKShare stock_zh_a_spot / 新浪
688798,艾为电子,53.1400000000,56.0900000000,162569099.0000000000,3013001.0000000000,-0.0525900000,1.6256909900,AKShare stock_zh_a_spot / 新浪
688799,华纳药厂,42.9600000000,45.0200000000,93661890.0000000000,2146287.0000000000,-0.0457600000,0.9366189000,AKShare stock_zh_a_spot / 新浪
688800,瑞可达,57.5100000000,63.7000000000,836949735.0000000000,14033465.0000000000,-0.0971700000,8.3694973500,AKShare stock_zh_a_spot / 新浪
688802,沐曦股份,729.0000000000,770.1100000000,938676518.0000000000,1270078.0000000000,-0.0533800000,9.3867651800,AKShare stock_zh_a_spot / 新浪
688805,健信超导,38.3300000000,40.9000000000,50866668.0000000000,1299661.0000000000,-0.0628400000,0.5086666800,AKShare stock_zh_a_spot / 新浪
688806,泰诺麦博,25.6500000000,26.7500000000,137156890.0000000000,5256031.0000000000,-0.0411200000,1.3715689000,AKShare stock_zh_a_spot / 新浪
688807,优迅股份,289.7400000000,332.1000000000,1194596591.0000000000,3886741.0000000000,-0.1275500000,11.9459659100,AKShare stock_zh_a_spot / 新浪
688808,联讯仪器,2221.0200000000,2372.0000000000,2559538922.0000000000,1118736.0000000000,-0.0636500000,25.5953892200,AKShare stock_zh_a_spot / 新浪
688809,强一股份,465.1500000000,512.8000000000,919514773.0000000000,1890535.0000000000,-0.0929200000,9.1951477300,AKShare stock_zh_a_spot / 新浪
688811,有研复材,22.0200000000,23.4500000000,174675205.0000000000,7757309.0000000000,-0.0609800000,1.7467520500,AKShare stock_zh_a_spot / 新浪
688813,泰金新能,110.0800000000,127.5700000000,643686536.0000000000,5611477.0000000000,-0.1371000000,6.4368653600,AKShare stock_zh_a_spot / 新浪
688816,易思维,48.0100000000,50.8000000000,31762411.0000000000,649156.0000000000,-0.0549200000,0.3176241100,AKShare stock_zh_a_spot / 新浪
688818,电科蓝天,46.0800000000,51.2100000000,1140570689.0000000000,22900719.0000000000,-0.1001800000,11.4057068900,AKShare stock_zh_a_spot / 新浪
688819,天能股份,21.4000000000,21.8000000000,50914873.0000000000,2366315.0000000000,-0.0183500000,0.5091487300,AKShare stock_zh_a_spot / 新浪
688820,盛合晶微,141.0000000000,153.6200000000,2295106831.0000000000,15788251.0000000000,-0.0821500000,22.9510683100,AKShare stock_zh_a_spot / 新浪
688825,长鑫科技,57.5500000000,59.1900000000,26268310255.0000000000,460638573.0000000000,-0.0277100000,262.6831025500,AKShare stock_zh_a_spot / 新浪
688828,国仪公司,79.4200000000,97.1000000000,663949883.0000000000,7924170.0000000000,-0.1820800000,6.6394988300,AKShare stock_zh_a_spot / 新浪
688981,中芯国际,128.0100000000,134.9800000000,8553080096.0000000000,66595440.0000000000,-0.0516400000,85.5308009600,AKShare stock_zh_a_spot / 新浪
000001,平安银行,11.2700000000,11.0500000000,1596598790.0000000000,142649557.0000000000,0.0199100000,15.9659879000,AKShare stock_zh_a_spot / 新浪
000002,万 科Ａ,3.0700000000,3.1000000000,301574520.0000000000,97716970.0000000000,-0.0096800000,3.0157452000,AKShare stock_zh_a_spot / 新浪
000006,深振业Ａ,6.9100000000,7.3100000000,167688983.0000000000,23663540.0000000000,-0.0547200000,1.6768898300,AKShare stock_zh_a_spot / 新浪
000007,全新好,10.9900000000,11.6900000000,192674497.0000000000,17341833.0000000000,-0.0598800000,1.9267449700,AKShare stock_zh_a_spot / 新浪
000008,神州高铁,2.3800000000,2.4200000000,106597305.0000000000,43969298.0000000000,-0.0165300000,1.0659730500,AKShare stock_zh_a_spot / 新浪
000009,中国宝安,7.4100000000,7.6900000000,180472265.0000000000,24079517.0000000000,-0.0364100000,1.8047226500,AKShare stock_zh_a_spot / 新浪
000011,深物业A,8.0400000000,8.2400000000,81710649.0000000000,9940016.0000000000,-0.0242700000,0.8171064900,AKShare stock_zh_a_spot / 新浪
000012,南 玻Ａ,3.7300000000,3.8100000000,100377656.0000000000,26752763.0000000000,-0.0210000000,1.0037765600,AKShare stock_zh_a_spot / 新浪
000014,沙河股份,9.8500000000,10.1100000000,55859734.0000000000,5615200.0000000000,-0.0257200000,0.5585973400,AKShare stock_zh_a_spot / 新浪
000017,深中华A,5.8700000000,6.0300000000,43121706.0000000000,7237797.0000000000,-0.0265300000,0.4312170600,AKShare stock_zh_a_spot / 新浪
000019,深粮控股,6.7700000000,6.9600000000,427312611.0000000000,61151418.0000000000,-0.0273000000,4.2731261100,AKShare stock_zh_a_spot / 新浪
000020,深华发Ａ,13.7400000000,12.4900000000,260630962.0000000000,19140200.0000000000,0.1000800000,2.6063096200,AKShare stock_zh_a_spot / 新浪
000021,深科技,37.4400000000,41.6000000000,5516439874.0000000000,143119347.0000000000,-0.1000000000,55.1643987400,AKShare stock_zh_a_spot / 新浪
000025,特 力Ａ,15.6900000000,15.0800000000,412488442.0000000000,25780475.0000000000,0.0404500000,4.1248844200,AKShare stock_zh_a_spot / 新浪
000026,飞亚达,21.0500000000,23.1900000000,343710519.0000000000,15806400.0000000000,-0.0922800000,3.4371051900,AKShare stock_zh_a_spot / 新浪
000027,深圳能源,6.1100000000,6.1800000000,126612097.0000000000,20694500.0000000000,-0.0113300000,1.2661209700,AKShare stock_zh_a_spot / 新浪
000028,国药一致,19.9400000000,19.9000000000,55925159.0000000000,2807796.0000000000,0.0020100000,0.5592515900,AKShare stock_zh_a_spot / 新浪
000029,深深房Ａ,22.6000000000,22.9100000000,133612108.0000000000,5862382.0000000000,-0.0135300000,1.3361210800,AKShare stock_zh_a_spot / 新浪
000030,富奥股份,4.2700000000,4.3800000000,48103266.0000000000,11153741.0000000000,-0.0251100000,0.4810326600,AKShare stock_zh_a_spot / 新浪
000031,大悦城,2.1200000000,2.1600000000,72935933.0000000000,34005123.0000000000,-0.0185200000,0.7293593300,AKShare stock_zh_a_spot / 新浪
000032,深桑达Ａ,14.3000000000,15.8000000000,815403428.0000000000,55395257.0000000000,-0.0949400000,8.1540342800,AKShare stock_zh_a_spot / 新浪
000034,神州数码,23.8100000000,25.5300000000,1157371179.0000000000,47705588.0000000000,-0.0673700000,11.5737117900,AKShare stock_zh_a_spot / 新浪
000035,中国天楹,4.5800000000,4.7000000000,141463377.0000000000,30784418.0000000000,-0.0255300000,1.4146337700,AKShare stock_zh_a_spot / 新浪
000036,华联控股,3.9000000000,4.0400000000,107269215.0000000000,27119854.0000000000,-0.0346500000,1.0726921500,AKShare stock_zh_a_spot / 新浪
000037,深南电A,9.5600000000,9.8600000000,151495170.0000000000,15781860.0000000000,-0.0304300000,1.5149517000,AKShare stock_zh_a_spot / 新浪
000039,中集集团,9.3100000000,9.5600000000,396138127.0000000000,42235843.0000000000,-0.0261500000,3.9613812700,AKShare stock_zh_a_spot / 新浪
000042,中洲控股,8.8200000000,8.9700000000,41073745.0000000000,4618025.0000000000,-0.0167200000,0.4107374500,AKShare stock_zh_a_spot / 新浪
000045,深纺织Ａ,10.0400000000,10.1300000000,84308822.0000000000,8307793.0000000000,-0.0088800000,0.8430882200,AKShare stock_zh_a_spot / 新浪
000048,京基智农,22.4500000000,23.6100000000,392267487.0000000000,17132524.0000000000,-0.0491300000,3.9226748700,AKShare stock_zh_a_spot / 新浪
000049,德赛电池,23.5400000000,24.6000000000,275960889.0000000000,11528575.0000000000,-0.0430900000,2.7596088900,AKShare stock_zh_a_spot / 新浪
000050,深天马Ａ,6.4100000000,6.7200000000,179271011.0000000000,27564125.0000000000,-0.0461300000,1.7927101100,AKShare stock_zh_a_spot / 新浪
000055,方大集团,3.5000000000,3.5800000000,29372041.0000000000,8359449.0000000000,-0.0223500000,0.2937204100,AKShare stock_zh_a_spot / 新浪
000058,深 赛 格,6.5800000000,6.7700000000,42486082.0000000000,6385632.0000000000,-0.0280600000,0.4248608200,AKShare stock_zh_a_spot / 新浪
000059,华锦股份,5.0700000000,4.6100000000,403313485.0000000000,82289595.0000000000,0.0997800000,4.0331348500,AKShare stock_zh_a_spot / 新浪
000060,中金岭南,6.4300000000,6.6400000000,612673914.0000000000,94642980.0000000000,-0.0316300000,6.1267391400,AKShare stock_zh_a_spot / 新浪
000061,农 产 品,5.7900000000,6.1200000000,294347705.0000000000,49856190.0000000000,-0.0539200000,2.9434770500,AKShare stock_zh_a_spot / 新浪
000062,深圳华强,22.2000000000,23.8100000000,556956480.0000000000,24585840.0000000000,-0.0676200000,5.5695648000,AKShare stock_zh_a_spot / 新浪
000063,中兴通讯,33.6700000000,35.1100000000,4974965089.0000000000,146311745.0000000000,-0.0410100000,49.7496508900,AKShare stock_zh_a_spot / 新浪
000065,北方国际,8.7600000000,9.0800000000,162962859.0000000000,18384487.0000000000,-0.0352400000,1.6296285900,AKShare stock_zh_a_spot / 新浪
000066,中国长城,14.2800000000,15.2300000000,1792785865.0000000000,122676513.0000000000,-0.0623800000,17.9278586500,AKShare stock_zh_a_spot / 新浪
000068,华控赛格,3.0100000000,3.0800000000,49159596.0000000000,15980329.0000000000,-0.0227300000,0.4915959600,AKShare stock_zh_a_spot / 新浪
000069,华侨城Ａ,1.7600000000,1.7700000000,73997384.0000000000,41726734.0000000000,-0.0056500000,0.7399738400,AKShare stock_zh_a_spot / 新浪
000070,特发信息,14.2000000000,15.3500000000,713335133.0000000000,48914587.0000000000,-0.0749200000,7.1333513300,AKShare stock_zh_a_spot / 新浪
000088,盐 田 港,4.4300000000,4.4900000000,115497693.0000000000,25903328.0000000000,-0.0133600000,1.1549769300,AKShare stock_zh_a_spot / 新浪
000089,深圳机场,6.4300000000,6.4600000000,101429485.0000000000,15747661.0000000000,-0.0046400000,1.0142948500,AKShare stock_zh_a_spot / 新浪
000090,天健集团,3.4300000000,3.4800000000,54749586.0000000000,15890622.0000000000,-0.0143700000,0.5474958600,AKShare stock_zh_a_spot / 新浪
000096,广聚能源,7.8100000000,7.9500000000,51986840.0000000000,6611590.0000000000,-0.0176100000,0.5198684000,AKShare stock_zh_a_spot / 新浪
000099,中信海直,13.6500000000,13.9800000000,111091281.0000000000,8069410.0000000000,-0.0236100000,1.1109128100,AKShare stock_zh_a_spot / 新浪
000100,TCL科技,5.0500000000,5.2400000000,2856657950.0000000000,559917887.0000000000,-0.0362600000,28.5665795000,AKShare stock_zh_a_spot / 新浪
000151,中成股份,9.8600000000,10.1500000000,52519783.0000000000,5274400.0000000000,-0.0285700000,0.5251978300,AKShare stock_zh_a_spot / 新浪
000153,丰原药业,6.6100000000,6.6800000000,756400224.0000000000,106755912.0000000000,-0.0104800000,7.5640022400,AKShare stock_zh_a_spot / 新浪
000155,川能动力,11.7200000000,12.1500000000,393672520.0000000000,33235462.0000000000,-0.0353900000,3.9367252000,AKShare stock_zh_a_spot / 新浪
000156,华数传媒,6.6500000000,6.7300000000,57063952.0000000000,8555026.0000000000,-0.0118900000,0.5706395200,AKShare stock_zh_a_spot / 新浪
000157,中联重科,6.8700000000,6.9300000000,272433400.0000000000,39579199.0000000000,-0.0086600000,2.7243340000,AKShare stock_zh_a_spot / 新浪
000158,常山北明,13.0000000000,14.0700000000,888168467.0000000000,66777802.0000000000,-0.0760500000,8.8816846700,AKShare stock_zh_a_spot / 新浪
000159,国际实业,5.6700000000,5.8000000000,47848896.0000000000,8413000.0000000000,-0.0224100000,0.4784889600,AKShare stock_zh_a_spot / 新浪
000166,申万宏源,4.4100000000,4.4200000000,241163982.0000000000,54594293.0000000000,-0.0022600000,2.4116398200,AKShare stock_zh_a_spot / 新浪
000301,东方盛虹,13.3400000000,13.0100000000,591415972.0000000000,44142359.0000000000,0.0253700000,5.9141597200,AKShare stock_zh_a_spot / 新浪
000333,美的集团,84.7200000000,83.5800000000,2816516541.0000000000,33406706.0000000000,0.0136400000,28.1651654100,AKShare stock_zh_a_spot / 新浪
000338,潍柴动力,28.3800000000,30.5100000000,2344385791.0000000000,81124766.0000000000,-0.0698100000,23.4438579100,AKShare stock_zh_a_spot / 新浪
000400,许继电气,22.3300000000,22.2000000000,463466995.0000000000,20732011.0000000000,0.0058600000,4.6346699500,AKShare stock_zh_a_spot / 新浪
000401,金隅冀东,3.4900000000,3.5300000000,25954936.0000000000,7401447.0000000000,-0.0113300000,0.2595493600,AKShare stock_zh_a_spot / 新浪
000402,金 融 街,2.4300000000,2.4700000000,92333068.0000000000,37743314.0000000000,-0.0161900000,0.9233306800,AKShare stock_zh_a_spot / 新浪
000403,派林生物,10.7100000000,10.6800000000,98701712.0000000000,9243697.0000000000,0.0028100000,0.9870171200,AKShare stock_zh_a_spot / 新浪
000404,长虹华意,7.0800000000,7.1200000000,73336460.0000000000,10361908.0000000000,-0.0056200000,0.7333646000,AKShare stock_zh_a_spot / 新浪
000407,胜利股份,4.2300000000,4.1400000000,233190005.0000000000,55033012.0000000000,0.0217400000,2.3319000500,AKShare stock_zh_a_spot / 新浪
000408,藏格矿业,75.5600000000,78.7200000000,1182304168.0000000000,15461021.0000000000,-0.0401400000,11.8230416800,AKShare stock_zh_a_spot / 新浪
000409,云鼎科技,8.4200000000,8.7000000000,40607003.0000000000,4791800.0000000000,-0.0321800000,0.4060700300,AKShare stock_zh_a_spot / 新浪
000410,沈阳机床,5.0100000000,5.3900000000,227709637.0000000000,44284455.0000000000,-0.0705000000,2.2770963700,AKShare stock_zh_a_spot / 新浪
000411,英特集团,9.7200000000,9.8800000000,51253391.0000000000,5236835.0000000000,-0.0161900000,0.5125339100,AKShare stock_zh_a_spot / 新浪
000415,渤海租赁,4.5600000000,4.6300000000,223865824.0000000000,48859639.0000000000,-0.0151200000,2.2386582400,AKShare stock_zh_a_spot / 新浪
000417,合百集团,5.6100000000,5.9900000000,172465850.0000000000,30131509.0000000000,-0.0634400000,1.7246585000,AKShare stock_zh_a_spot / 新浪
000419,通程控股,4.9000000000,4.9900000000,25873013.0000000000,5262700.0000000000,-0.0180400000,0.2587301300,AKShare stock_zh_a_spot / 新浪
000420,吉林化纤,3.6000000000,3.7300000000,179124752.0000000000,49159086.0000000000,-0.0348500000,1.7912475200,AKShare stock_zh_a_spot / 新浪
000421,南京公用,5.5700000000,5.5700000000,51156089.0000000000,9205828.0000000000,0.0000000000,0.5115608900,AKShare stock_zh_a_spot / 新浪
000422,湖北宜化,12.6300000000,12.9300000000,317090917.0000000000,24859588.0000000000,-0.0232000000,3.1709091700,AKShare stock_zh_a_spot / 新浪
000423,东阿阿胶,51.7400000000,51.4900000000,273751319.0000000000,5274802.0000000000,0.0048600000,2.7375131900,AKShare stock_zh_a_spot / 新浪
000425,徐工机械,8.0600000000,8.0400000000,848740014.0000000000,105525529.0000000000,0.0024900000,8.4874001400,AKShare stock_zh_a_spot / 新浪
000426,兴业银锡,35.9600000000,38.8100000000,2960732560.0000000000,80820495.0000000000,-0.0734300000,29.6073256000,AKShare stock_zh_a_spot / 新浪
000428,华天酒店,3.9400000000,4.2800000000,145836818.0000000000,35867635.0000000000,-0.0794400000,1.4583681800,AKShare stock_zh_a_spot / 新浪
000429,粤高速Ａ,13.1000000000,13.1400000000,116589557.0000000000,8847881.0000000000,-0.0030400000,1.1658955700,AKShare stock_zh_a_spot / 新浪
000430,张家界,6.4600000000,6.7300000000,68035350.0000000000,10394000.0000000000,-0.0401200000,0.6803535000,AKShare stock_zh_a_spot / 新浪
000498,山东路桥,4.9500000000,4.9200000000,43646301.0000000000,8825900.0000000000,0.0061000000,0.4364630100,AKShare stock_zh_a_spot / 新浪
000501,武商集团,7.0500000000,7.2300000000,52334414.0000000000,7387900.0000000000,-0.0249000000,0.5233441400,AKShare stock_zh_a_spot / 新浪
000503,国新健康,6.7100000000,7.0100000000,103362475.0000000000,15219955.0000000000,-0.0428000000,1.0336247500,AKShare stock_zh_a_spot / 新浪
000504,南华生物,8.4300000000,8.5900000000,46846090.0000000000,5578900.0000000000,-0.0186300000,0.4684609000,AKShare stock_zh_a_spot / 新浪
000505,京粮控股,7.4700000000,6.7900000000,498300327.0000000000,67893663.0000000000,0.1001500000,4.9830032700,AKShare stock_zh_a_spot / 新浪
000506,招金黄金,18.3600000000,18.5200000000,1950921188.0000000000,105773363.0000000000,-0.0086400000,19.5092118800,AKShare stock_zh_a_spot / 新浪
000507,珠海港,4.9600000000,5.0300000000,60315641.0000000000,12091401.0000000000,-0.0139200000,0.6031564100,AKShare stock_zh_a_spot / 新浪
000509,华塑控股,3.2100000000,3.4300000000,80700824.0000000000,24588850.0000000000,-0.0641400000,0.8070082400,AKShare stock_zh_a_spot / 新浪
000510,新金路,15.4600000000,17.0100000000,726562351.0000000000,45990692.0000000000,-0.0911200000,7.2656235100,AKShare stock_zh_a_spot / 新浪
000513,丽珠集团,29.7200000000,29.7200000000,145440887.0000000000,4889003.0000000000,0.0000000000,1.4544088700,AKShare stock_zh_a_spot / 新浪
000514,渝 开 发,3.9100000000,3.9700000000,27690654.0000000000,7028867.0000000000,-0.0151100000,0.2769065400,AKShare stock_zh_a_spot / 新浪
000516,国际医学,4.1900000000,4.2200000000,102544528.0000000000,24491775.0000000000,-0.0071100000,1.0254452800,AKShare stock_zh_a_spot / 新浪
000517,荣安地产,2.2700000000,2.3000000000,79681974.0000000000,35040599.0000000000,-0.0130400000,0.7968197400,AKShare stock_zh_a_spot / 新浪
000518,四环生物,3.6800000000,3.6800000000,270013716.0000000000,74308201.0000000000,0.0000000000,2.7001371600,AKShare stock_zh_a_spot / 新浪
000519,中兵红箭,14.2900000000,15.0400000000,616517318.0000000000,42510428.0000000000,-0.0498700000,6.1651731800,AKShare stock_zh_a_spot / 新浪
000520,凤凰航运,4.0100000000,4.1900000000,141692161.0000000000,34820464.0000000000,-0.0429600000,1.4169216100,AKShare stock_zh_a_spot / 新浪
000521,长虹美菱,4.7400000000,4.8500000000,36341049.0000000000,7605900.0000000000,-0.0226800000,0.3634104900,AKShare stock_zh_a_spot / 新浪
000523,红棉股份,3.2100000000,3.0400000000,515164159.0000000000,158933743.0000000000,0.0559200000,5.1516415900,AKShare stock_zh_a_spot / 新浪
000524,岭南控股,9.5500000000,9.5000000000,76177617.0000000000,8024100.0000000000,0.0052600000,0.7617761700,AKShare stock_zh_a_spot / 新浪
000525,红太阳,4.9500000000,4.6800000000,465157136.0000000000,97198320.0000000000,0.0576900000,4.6515713600,AKShare stock_zh_a_spot / 新浪
000526,学大教育,39.0900000000,35.5400000000,359175437.0000000000,9347515.0000000000,0.0998900000,3.5917543700,AKShare stock_zh_a_spot / 新浪
000528,柳 工,8.0200000000,8.0800000000,222355547.0000000000,27733655.0000000000,-0.0074300000,2.2235554700,AKShare stock_zh_a_spot / 新浪
000529,广弘控股,4.9100000000,5.0400000000,26340127.0000000000,5336200.0000000000,-0.0257900000,0.2634012700,AKShare stock_zh_a_spot / 新浪
000530,冰山冷热,4.8300000000,4.9800000000,58780820.0000000000,12107300.0000000000,-0.0301200000,0.5878082000,AKShare stock_zh_a_spot / 新浪
000531,穗恒运Ａ,5.5700000000,5.7000000000,51422979.0000000000,9154388.0000000000,-0.0228100000,0.5142297900,AKShare stock_zh_a_spot / 新浪
000532,华金资本,10.7600000000,11.2500000000,52309854.0000000000,4799000.0000000000,-0.0435600000,0.5230985400,AKShare stock_zh_a_spot / 新浪
000533,顺钠股份,10.8000000000,11.6500000000,675640995.0000000000,61411362.0000000000,-0.0729600000,6.7564099500,AKShare stock_zh_a_spot / 新浪
000534,万泽股份,27.0200000000,29.2000000000,320667113.0000000000,11671266.0000000000,-0.0746600000,3.2066711300,AKShare stock_zh_a_spot / 新浪
000536,华映科技,3.0900000000,3.2600000000,154449085.0000000000,49336342.0000000000,-0.0521500000,1.5444908500,AKShare stock_zh_a_spot / 新浪
000537,绿发电力,8.0100000000,7.7900000000,325529587.0000000000,41217344.0000000000,0.0282400000,3.2552958700,AKShare stock_zh_a_spot / 新浪
000538,云南白药,49.7500000000,49.5000000000,421599183.0000000000,8467151.0000000000,0.0050500000,4.2159918300,AKShare stock_zh_a_spot / 新浪
000539,粤电力Ａ,5.3600000000,5.5200000000,342757865.0000000000,63156887.0000000000,-0.0289900000,3.4275786500,AKShare stock_zh_a_spot / 新浪
000541,佛山照明,4.8300000000,4.9100000000,32361841.0000000000,6661760.0000000000,-0.0162900000,0.3236184100,AKShare stock_zh_a_spot / 新浪
000543,皖能电力,7.4400000000,7.5400000000,185109542.0000000000,24750883.0000000000,-0.0132600000,1.8510954200,AKShare stock_zh_a_spot / 新浪
000544,中原环保,7.2400000000,7.3100000000,21946086.0000000000,3023311.0000000000,-0.0095800000,0.2194608600,AKShare stock_zh_a_spot / 新浪
000545,金浦钛业,2.4400000000,2.5200000000,71204013.0000000000,28938048.0000000000,-0.0317500000,0.7120401300,AKShare stock_zh_a_spot / 新浪
000546,金圆股份,4.5800000000,4.7400000000,54995296.0000000000,11871500.0000000000,-0.0337600000,0.5499529600,AKShare stock_zh_a_spot / 新浪
000547,航天发展,14.3300000000,15.9200000000,2261325587.0000000000,153308102.0000000000,-0.0998700000,22.6132558700,AKShare stock_zh_a_spot / 新浪
000548,湖南投资,4.3900000000,4.4700000000,22647083.0000000000,5115899.0000000000,-0.0179000000,0.2264708300,AKShare stock_zh_a_spot / 新浪
000550,江铃汽车,16.1700000000,16.2100000000,45337148.0000000000,2804727.0000000000,-0.0024700000,0.4533714800,AKShare stock_zh_a_spot / 新浪
000551,创元科技,12.8100000000,14.0000000000,544386445.0000000000,41519101.0000000000,-0.0850000000,5.4438644500,AKShare stock_zh_a_spot / 新浪
000552,甘肃能化,2.5400000000,2.5300000000,183730682.0000000000,71900800.0000000000,0.0039500000,1.8373068200,AKShare stock_zh_a_spot / 新浪
000553,安道麦A,5.5000000000,5.6000000000,51053281.0000000000,9255709.0000000000,-0.0178600000,0.5105328100,AKShare stock_zh_a_spot / 新浪
000554,泰山石油,6.3900000000,6.5300000000,98618710.0000000000,15227394.0000000000,-0.0214400000,0.9861871000,AKShare stock_zh_a_spot / 新浪
000555,神州信息,9.9300000000,10.5500000000,239372832.0000000000,23757549.0000000000,-0.0587700000,2.3937283200,AKShare stock_zh_a_spot / 新浪
000557,西部创业,3.5600000000,3.6400000000,26219078.0000000000,7317600.0000000000,-0.0219800000,0.2621907800,AKShare stock_zh_a_spot / 新浪
000558,天府文旅,3.3400000000,3.4500000000,70723080.0000000000,21001208.0000000000,-0.0318800000,0.7072308000,AKShare stock_zh_a_spot / 新浪
000559,万向钱潮,11.0100000000,12.0800000000,655186768.0000000000,58014277.0000000000,-0.0885800000,6.5518676800,AKShare stock_zh_a_spot / 新浪
000560,我爱我家,2.3800000000,2.1600000000,1011651400.0000000000,428624212.0000000000,0.1018500000,10.1165140000,AKShare stock_zh_a_spot / 新浪
000561,烽火电子,7.2500000000,7.5700000000,69486146.0000000000,9469800.0000000000,-0.0422700000,0.6948614600,AKShare stock_zh_a_spot / 新浪
000563,陕国投Ａ,2.9200000000,2.9600000000,108703381.0000000000,37079331.0000000000,-0.0135100000,1.0870338100,AKShare stock_zh_a_spot / 新浪
000564,供销大集,1.4900000000,1.5400000000,1016104190.0000000000,659705818.0000000000,-0.0324700000,10.1610419000,AKShare stock_zh_a_spot / 新浪
000565,渝三峡Ａ,6.2100000000,5.9700000000,156928877.0000000000,25484631.0000000000,0.0402000000,1.5692887700,AKShare stock_zh_a_spot / 新浪
000566,海南海药,5.0200000000,5.2900000000,588853847.0000000000,115762186.0000000000,-0.0510400000,5.8885384700,AKShare stock_zh_a_spot / 新浪
000567,海德股份,5.9600000000,6.1500000000,86250861.0000000000,14317210.0000000000,-0.0308900000,0.8625086100,AKShare stock_zh_a_spot / 新浪
000568,泸州老窖,84.5000000000,86.6200000000,874212125.0000000000,10307095.0000000000,-0.0244700000,8.7421212500,AKShare stock_zh_a_spot / 新浪
000570,苏常柴Ａ,4.9900000000,5.1100000000,56196568.0000000000,11198802.0000000000,-0.0234800000,0.5619656800,AKShare stock_zh_a_spot / 新浪
000571,新大洲A,5.8000000000,6.2200000000,209098470.0000000000,35097299.0000000000,-0.0675200000,2.0909847000,AKShare stock_zh_a_spot / 新浪
000572,海马汽车,3.7200000000,3.8900000000,135456562.0000000000,35964251.0000000000,-0.0437000000,1.3545656200,AKShare stock_zh_a_spot / 新浪
000573,粤宏远Ａ,3.5800000000,3.6800000000,54833851.0000000000,15230900.0000000000,-0.0271700000,0.5483385100,AKShare stock_zh_a_spot / 新浪
000576,甘化科工,7.0700000000,7.3400000000,48766277.0000000000,6837700.0000000000,-0.0367800000,0.4876627700,AKShare stock_zh_a_spot / 新浪
000581,威孚高科,17.2300000000,17.4900000000,104774444.0000000000,6058924.0000000000,-0.0148700000,1.0477444400,AKShare stock_zh_a_spot / 新浪
000582,北部湾港,10.7500000000,11.1700000000,444843017.0000000000,40955095.0000000000,-0.0376000000,4.4484301700,AKShare stock_zh_a_spot / 新浪
000586,汇源通信,12.1300000000,12.9400000000,67625104.0000000000,5461190.0000000000,-0.0626000000,0.6762510400,AKShare stock_zh_a_spot / 新浪
000589,贵州轮胎,4.2200000000,4.2700000000,93460430.0000000000,22074661.0000000000,-0.0117100000,0.9346043000,AKShare stock_zh_a_spot / 新浪
000590,古汉医药,8.8100000000,9.0600000000,34210121.0000000000,3838400.0000000000,-0.0275900000,0.3421012100,AKShare stock_zh_a_spot / 新浪
000591,太阳能,4.2300000000,4.2900000000,147579437.0000000000,34779200.0000000000,-0.0139900000,1.4757943700,AKShare stock_zh_a_spot / 新浪
000592,平潭发展,6.1800000000,6.8200000000,1690771763.0000000000,266153755.0000000000,-0.0938400000,16.9077176300,AKShare stock_zh_a_spot / 新浪
000593,德龙汇能,24.8100000000,26.9500000000,775464428.0000000000,30176286.0000000000,-0.0794100000,7.7546442800,AKShare stock_zh_a_spot / 新浪
000595,新能股份,5.4700000000,5.7600000000,182282054.0000000000,32783400.0000000000,-0.0503500000,1.8228205400,AKShare stock_zh_a_spot / 新浪
000596,古井贡酒,93.0000000000,96.3000000000,386614861.0000000000,4121107.0000000000,-0.0342700000,3.8661486100,AKShare stock_zh_a_spot / 新浪
000597,东北制药,5.2100000000,5.5100000000,446801651.0000000000,85831438.0000000000,-0.0544500000,4.4680165100,AKShare stock_zh_a_spot / 新浪
000598,兴蓉环境,7.1800000000,7.1300000000,101905708.0000000000,14202997.0000000000,0.0070100000,1.0190570800,AKShare stock_zh_a_spot / 新浪
000599,青岛双星,4.5800000000,4.7700000000,58793845.0000000000,12672603.0000000000,-0.0398300000,0.5879384500,AKShare stock_zh_a_spot / 新浪
000600,建投能源,7.9000000000,8.1100000000,186496625.0000000000,23437358.0000000000,-0.0258900000,1.8649662500,AKShare stock_zh_a_spot / 新浪
000601,韶能股份,6.0800000000,6.3800000000,270815856.0000000000,43872793.0000000000,-0.0470200000,2.7081585600,AKShare stock_zh_a_spot / 新浪
000603,盛达资源,31.2900000000,33.0700000000,1330620070.0000000000,41802412.0000000000,-0.0538300000,13.3062007000,AKShare stock_zh_a_spot / 新浪
000605,渤海股份,5.8800000000,6.0400000000,33991362.0000000000,5772899.0000000000,-0.0264900000,0.3399136200,AKShare stock_zh_a_spot / 新浪
000607,华媒控股,3.5700000000,3.6800000000,42402049.0000000000,11750200.0000000000,-0.0298900000,0.4240204900,AKShare stock_zh_a_spot / 新浪
000608,阳光股份,7.3900000000,7.8500000000,260818475.0000000000,34592264.0000000000,-0.0586000000,2.6081847500,AKShare stock_zh_a_spot / 新浪
000612,焦作万方,10.9400000000,11.2300000000,277450753.0000000000,25183212.0000000000,-0.0258200000,2.7745075300,AKShare stock_zh_a_spot / 新浪
000617,中油资本,6.6300000000,6.7900000000,394968255.0000000000,59070855.0000000000,-0.0235600000,3.9496825500,AKShare stock_zh_a_spot / 新浪
000619,海螺新材,4.7700000000,4.8400000000,24777433.0000000000,5195400.0000000000,-0.0144600000,0.2477743300,AKShare stock_zh_a_spot / 新浪
000620,盈新发展,3.5400000000,3.4100000000,3054811071.0000000000,898400702.0000000000,0.0381200000,30.5481107100,AKShare stock_zh_a_spot / 新浪
000623,吉林敖东,17.7800000000,17.9800000000,177411652.0000000000,9933169.0000000000,-0.0111200000,1.7741165200,AKShare stock_zh_a_spot / 新浪
000625,长安汽车,7.0400000000,7.1300000000,340604307.0000000000,48236488.0000000000,-0.0126200000,3.4060430700,AKShare stock_zh_a_spot / 新浪
000626,远大控股,7.8200000000,8.0400000000,133507977.0000000000,16799700.0000000000,-0.0273600000,1.3350797700,AKShare stock_zh_a_spot / 新浪
000628,高新发展,39.6200000000,43.3900000000,630317218.0000000000,15512050.0000000000,-0.0868900000,6.3031721800,AKShare stock_zh_a_spot / 新浪
000629,钒钛股份,2.9900000000,3.0600000000,336263862.0000000000,111708094.0000000000,-0.0228800000,3.3626386200,AKShare stock_zh_a_spot / 新浪
000630,铜陵有色,6.3700000000,6.6800000000,1702202784.0000000000,265327890.0000000000,-0.0464100000,17.0220278400,AKShare stock_zh_a_spot / 新浪
000631,顺发恒能,2.8700000000,2.9500000000,39094568.0000000000,13521300.0000000000,-0.0271200000,0.3909456800,AKShare stock_zh_a_spot / 新浪
000633,合金投资,5.2000000000,5.3800000000,39574680.0000000000,7565200.0000000000,-0.0334600000,0.3957468000,AKShare stock_zh_a_spot / 新浪
000635,英 力 特,6.2700000000,6.4800000000,31779593.0000000000,5012500.0000000000,-0.0324100000,0.3177959300,AKShare stock_zh_a_spot / 新浪
000636,风华高科,56.1100000000,62.3400000000,8585445517.0000000000,147443656.0000000000,-0.0999400000,85.8544551700,AKShare stock_zh_a_spot / 新浪
000637,茂化实华,3.9100000000,3.9700000000,30301871.0000000000,7702925.0000000000,-0.0151100000,0.3030187100,AKShare stock_zh_a_spot / 新浪
000650,仁和药业,5.4300000000,5.4600000000,125714028.0000000000,23083248.0000000000,-0.0054900000,1.2571402800,AKShare stock_zh_a_spot / 新浪
000651,格力电器,41.3200000000,40.0600000000,3110084340.0000000000,75719584.0000000000,0.0314500000,31.1008434000,AKShare stock_zh_a_spot / 新浪
000652,泰达股份,3.3600000000,3.4700000000,57451685.0000000000,17011637.0000000000,-0.0317000000,0.5745168500,AKShare stock_zh_a_spot / 新浪
000655,金岭矿业,6.8000000000,6.9100000000,30981246.0000000000,4541900.0000000000,-0.0159200000,0.3098124600,AKShare stock_zh_a_spot / 新浪
000656,金科股份,1.2300000000,1.2500000000,188146724.0000000000,150456262.0000000000,-0.0160000000,1.8814672400,AKShare stock_zh_a_spot / 新浪
000657,中钨高新,66.1600000000,72.9400000000,7105035077.0000000000,104844884.0000000000,-0.0929500000,71.0503507700,AKShare stock_zh_a_spot / 新浪
000659,珠海中富,2.6900000000,2.8200000000,73056551.0000000000,26654747.0000000000,-0.0461000000,0.7305655100,AKShare stock_zh_a_spot / 新浪
000661,长春高新,80.9600000000,82.8000000000,472439635.0000000000,5799803.0000000000,-0.0222200000,4.7243963500,AKShare stock_zh_a_spot / 新浪
000663,永安林业,5.5200000000,5.6900000000,46155773.0000000000,8252300.0000000000,-0.0298800000,0.4615577300,AKShare stock_zh_a_spot / 新浪
000665,湖北广电,3.8100000000,3.9900000000,94598589.0000000000,24436209.0000000000,-0.0451100000,0.9459858900,AKShare stock_zh_a_spot / 新浪
000668,荣丰控股,21.8700000000,22.7600000000,84523427.0000000000,3822600.0000000000,-0.0391000000,0.8452342700,AKShare stock_zh_a_spot / 新浪
000670,盈方微,7.2000000000,7.7400000000,582322866.0000000000,78792536.0000000000,-0.0697700000,5.8232286600,AKShare stock_zh_a_spot / 新浪
000672,上峰材料,13.6800000000,14.4900000000,307135710.0000000000,22098673.0000000000,-0.0559000000,3.0713571000,AKShare stock_zh_a_spot / 新浪
000676,智度股份,6.3800000000,6.6600000000,402921467.0000000000,62295673.0000000000,-0.0420400000,4.0292146700,AKShare stock_zh_a_spot / 新浪
000678,襄阳轴承,9.4600000000,10.5100000000,304512096.0000000000,31574460.0000000000,-0.0999000000,3.0451209600,AKShare stock_zh_a_spot / 新浪
000679,大连友谊,5.9100000000,6.0900000000,47926195.0000000000,8072513.0000000000,-0.0295600000,0.4792619500,AKShare stock_zh_a_spot / 新浪
000680,山推股份,10.3700000000,10.3600000000,165403803.0000000000,15992390.0000000000,0.0009700000,1.6540380300,AKShare stock_zh_a_spot / 新浪
000681,视觉中国,16.9400000000,17.7500000000,358630728.0000000000,20918222.0000000000,-0.0456300000,3.5863072800,AKShare stock_zh_a_spot / 新浪
000682,东方电子,11.5800000000,11.8300000000,169111375.0000000000,14541960.0000000000,-0.0211300000,1.6911137500,AKShare stock_zh_a_spot / 新浪
000683,博源化工,5.9100000000,6.0000000000,281971849.0000000000,47353960.0000000000,-0.0150000000,2.8197184900,AKShare stock_zh_a_spot / 新浪
000685,中山公用,10.8700000000,11.0200000000,161727567.0000000000,14847900.0000000000,-0.0136100000,1.6172756700,AKShare stock_zh_a_spot / 新浪
000686,东北证券,7.8300000000,7.9700000000,146631681.0000000000,18615012.0000000000,-0.0175700000,1.4663168100,AKShare stock_zh_a_spot / 新浪
000688,国城矿业,30.9700000000,32.1600000000,443187848.0000000000,14150586.0000000000,-0.0370000000,4.4318784800,AKShare stock_zh_a_spot / 新浪
000690,宝新能源,4.7100000000,4.6900000000,219176094.0000000000,46882517.0000000000,0.0042600000,2.1917609400,AKShare stock_zh_a_spot / 新浪
000691,亚太实业,9.9400000000,10.5700000000,104600471.0000000000,10341800.0000000000,-0.0596000000,1.0460047100,AKShare stock_zh_a_spot / 新浪
000692,惠天热电,4.0900000000,4.3400000000,153929739.0000000000,36615300.0000000000,-0.0576000000,1.5392973900,AKShare stock_zh_a_spot / 新浪
000695,滨海能源,14.3500000000,13.9800000000,269665985.0000000000,18769682.0000000000,0.0264700000,2.6966598500,AKShare stock_zh_a_spot / 新浪
000697,炼石航空,8.0900000000,8.5100000000,77238442.0000000000,9418800.0000000000,-0.0493500000,0.7723844200,AKShare stock_zh_a_spot / 新浪
000700,模塑科技,11.0200000000,12.2400000000,545120452.0000000000,48051853.0000000000,-0.0996700000,5.4512045200,AKShare stock_zh_a_spot / 新浪
000701,厦门信达,5.0100000000,5.1700000000,55594662.0000000000,11032943.0000000000,-0.0309500000,0.5559466200,AKShare stock_zh_a_spot / 新浪
000702,正虹科技,5.4100000000,5.5900000000,43598143.0000000000,7984195.0000000000,-0.0322000000,0.4359814300,AKShare stock_zh_a_spot / 新浪
000703,恒逸石化,19.0800000000,17.4700000000,3273908454.0000000000,174415605.0000000000,0.0921600000,32.7390845400,AKShare stock_zh_a_spot / 新浪
000705,浙江震元,6.9300000000,7.0800000000,70687055.0000000000,10067926.0000000000,-0.0211900000,0.7068705500,AKShare stock_zh_a_spot / 新浪
000707,双环科技,4.5700000000,4.6600000000,28316060.0000000000,6160800.0000000000,-0.0193100000,0.2831606000,AKShare stock_zh_a_spot / 新浪
000708,中信特钢,14.0400000000,14.1200000000,167067540.0000000000,11880243.0000000000,-0.0056700000,1.6706754000,AKShare stock_zh_a_spot / 新浪
000709,河钢股份,2.0500000000,2.0800000000,117071681.0000000000,56698555.0000000000,-0.0144200000,1.1707168100,AKShare stock_zh_a_spot / 新浪
000710,贝瑞基因,8.5200000000,8.9200000000,104836923.0000000000,12143300.0000000000,-0.0448400000,1.0483692300,AKShare stock_zh_a_spot / 新浪
000712,锦龙股份,8.4600000000,8.8500000000,223286644.0000000000,25988551.0000000000,-0.0440700000,2.2328664400,AKShare stock_zh_a_spot / 新浪
000713,国投丰乐,6.0500000000,6.5000000000,247749938.0000000000,40041760.0000000000,-0.0692300000,2.4774993800,AKShare stock_zh_a_spot / 新浪
000715,中兴商业,5.1400000000,5.2200000000,53483210.0000000000,10396880.0000000000,-0.0153300000,0.5348321000,AKShare stock_zh_a_spot / 新浪
000716,黑芝麻,5.2300000000,5.8100000000,461594019.0000000000,85483751.0000000000,-0.0998300000,4.6159401900,AKShare stock_zh_a_spot / 新浪
000717,中南股份,2.1600000000,2.2100000000,25265227.0000000000,11584424.0000000000,-0.0226200000,0.2526522700,AKShare stock_zh_a_spot / 新浪
000718,苏宁环球,1.8500000000,1.9000000000,36448071.0000000000,19484972.0000000000,-0.0263200000,0.3644807100,AKShare stock_zh_a_spot / 新浪
000719,中原传媒,12.5000000000,12.2700000000,61922733.0000000000,4977278.0000000000,0.0187400000,0.6192273300,AKShare stock_zh_a_spot / 新浪
000720,新能泰山,3.6200000000,3.8700000000,179628601.0000000000,48721800.0000000000,-0.0646000000,1.7962860100,AKShare stock_zh_a_spot / 新浪
000721,西安饮食,6.4900000000,6.6500000000,89109886.0000000000,13701000.0000000000,-0.0240600000,0.8910988600,AKShare stock_zh_a_spot / 新浪
000722,湖南发展,12.8900000000,13.3400000000,134283147.0000000000,10290600.0000000000,-0.0337300000,1.3428314700,AKShare stock_zh_a_spot / 新浪
000723,美锦能源,3.8900000000,3.5400000000,713626179.0000000000,186101987.0000000000,0.0988700000,7.1362617900,AKShare stock_zh_a_spot / 新浪
000725,京东方Ａ,6.0100000000,6.4700000000,16314023172.0000000000,2647315428.0000000000,-0.0711000000,163.1402317200,AKShare stock_zh_a_spot / 新浪
000726,鲁 泰Ａ,5.8700000000,5.8700000000,30612937.0000000000,5192119.0000000000,0.0000000000,0.3061293700,AKShare stock_zh_a_spot / 新浪
000727,冠捷科技,2.1500000000,2.2600000000,228075428.0000000000,104236450.0000000000,-0.0486700000,2.2807542800,AKShare stock_zh_a_spot / 新浪
000728,国元证券,6.9900000000,7.0800000000,145407684.0000000000,20718667.0000000000,-0.0127100000,1.4540768400,AKShare stock_zh_a_spot / 新浪
000729,燕京啤酒,12.1300000000,12.4700000000,355995452.0000000000,29084802.0000000000,-0.0272700000,3.5599545200,AKShare stock_zh_a_spot / 新浪
000731,四川美丰,6.1200000000,6.1600000000,69782114.0000000000,11355700.0000000000,-0.0064900000,0.6978211400,AKShare stock_zh_a_spot / 新浪
000733,振华科技,38.8500000000,40.8000000000,620112435.0000000000,15758885.0000000000,-0.0477900000,6.2011243500,AKShare stock_zh_a_spot / 新浪
000735,罗 牛 山,5.8700000000,6.1800000000,1176687523.0000000000,192563908.0000000000,-0.0501600000,11.7668752300,AKShare stock_zh_a_spot / 新浪
000736,中交发展,4.9000000000,4.4500000000,160065190.0000000000,33082587.0000000000,0.1011200000,1.6006519000,AKShare stock_zh_a_spot / 新浪
000737,北方铜业,13.8400000000,14.4200000000,847840605.0000000000,60528403.0000000000,-0.0402200000,8.4784060500,AKShare stock_zh_a_spot / 新浪
000738,航发控制,17.7900000000,18.3900000000,266236203.0000000000,14824977.0000000000,-0.0326300000,2.6623620300,AKShare stock_zh_a_spot / 新浪
000739,普洛药业,22.0900000000,22.3900000000,504106181.0000000000,22707429.0000000000,-0.0134000000,5.0410618100,AKShare stock_zh_a_spot / 新浪
000750,国海证券,3.6600000000,3.7200000000,144422756.0000000000,39225593.0000000000,-0.0161300000,1.4442275600,AKShare stock_zh_a_spot / 新浪
000751,锌业股份,4.8800000000,5.0800000000,207386659.0000000000,42123690.0000000000,-0.0393700000,2.0738665900,AKShare stock_zh_a_spot / 新浪
000753,漳州发展,4.6200000000,4.8200000000,86099578.0000000000,18491900.0000000000,-0.0414900000,0.8609957800,AKShare stock_zh_a_spot / 新浪
000755,山西高速,4.7500000000,4.7500000000,21926511.0000000000,4602835.0000000000,0.0000000000,0.2192651100,AKShare stock_zh_a_spot / 新浪
000756,新华制药,14.0900000000,13.9800000000,334237701.0000000000,23361571.0000000000,0.0078700000,3.3423770100,AKShare stock_zh_a_spot / 新浪
000757,浩物股份,4.2100000000,4.2900000000,44972637.0000000000,10608800.0000000000,-0.0186500000,0.4497263700,AKShare stock_zh_a_spot / 新浪
000758,中色股份,5.8900000000,6.0400000000,164052646.0000000000,27715950.0000000000,-0.0248300000,1.6405264600,AKShare stock_zh_a_spot / 新浪
000759,中百集团,6.5300000000,6.9900000000,512296660.0000000000,77460921.0000000000,-0.0658100000,5.1229666000,AKShare stock_zh_a_spot / 新浪
000761,本钢板材,2.2900000000,2.3200000000,24463461.0000000000,10653308.0000000000,-0.0129300000,0.2446346100,AKShare stock_zh_a_spot / 新浪
000762,西藏矿业,22.1700000000,23.1300000000,267580652.0000000000,11889876.0000000000,-0.0415000000,2.6758065200,AKShare stock_zh_a_spot / 新浪
000766,通化金马,16.0700000000,16.2700000000,252338652.0000000000,15714217.0000000000,-0.0122900000,2.5233865200,AKShare stock_zh_a_spot / 新浪
000767,晋控电力,3.4800000000,3.5400000000,364533857.0000000000,104382025.0000000000,-0.0169500000,3.6453385700,AKShare stock_zh_a_spot / 新浪
000768,中航西飞,20.8300000000,21.5000000000,481196082.0000000000,22819254.0000000000,-0.0311600000,4.8119608200,AKShare stock_zh_a_spot / 新浪
000776,广发证券,20.3900000000,21.1000000000,1352009118.0000000000,65531512.0000000000,-0.0336500000,13.5200911800,AKShare stock_zh_a_spot / 新浪
000777,中核科技,16.5200000000,17.5400000000,150326475.0000000000,8924282.0000000000,-0.0581500000,1.5032647500,AKShare stock_zh_a_spot / 新浪
000778,新兴铸管,3.7000000000,3.7600000000,164250464.0000000000,44249681.0000000000,-0.0159600000,1.6425046400,AKShare stock_zh_a_spot / 新浪
000779,甘咨询,10.1300000000,10.9900000000,1014643335.0000000000,99475843.0000000000,-0.0782500000,10.1464333500,AKShare stock_zh_a_spot / 新浪
000782,恒申新材,7.6000000000,7.7800000000,183781726.0000000000,23941800.0000000000,-0.0231400000,1.8378172600,AKShare stock_zh_a_spot / 新浪
000783,长江证券,8.5300000000,8.8900000000,986096048.0000000000,114031511.0000000000,-0.0404900000,9.8609604800,AKShare stock_zh_a_spot / 新浪
000785,居然智家,2.1900000000,2.2500000000,103983138.0000000000,47131100.0000000000,-0.0266700000,1.0398313800,AKShare stock_zh_a_spot / 新浪
000786,北新建材,18.5200000000,18.4400000000,354323938.0000000000,19007747.0000000000,0.0043400000,3.5432393800,AKShare stock_zh_a_spot / 新浪
000788,北大医药,5.9000000000,5.7300000000,431372821.0000000000,71972007.0000000000,0.0296700000,4.3137282100,AKShare stock_zh_a_spot / 新浪
000789,万年青,4.0400000000,4.1000000000,11651511.0000000000,2873801.0000000000,-0.0146300000,0.1165151100,AKShare stock_zh_a_spot / 新浪
000790,华神科技,4.0700000000,4.1500000000,65314021.0000000000,15876859.0000000000,-0.0192800000,0.6531402100,AKShare stock_zh_a_spot / 新浪
000791,甘肃能源,7.1900000000,7.3700000000,171469257.0000000000,23606523.0000000000,-0.0244200000,1.7146925700,AKShare stock_zh_a_spot / 新浪
000792,盐湖股份,27.8400000000,28.1900000000,1899633442.0000000000,67493281.0000000000,-0.0124200000,18.9963344200,AKShare stock_zh_a_spot / 新浪
000795,英洛华,8.2900000000,8.6000000000,110017655.0000000000,13126641.0000000000,-0.0360500000,1.1001765500,AKShare stock_zh_a_spot / 新浪
000796,凯撒旅业,3.7300000000,3.8500000000,93608154.0000000000,24933672.0000000000,-0.0311700000,0.9360815400,AKShare stock_zh_a_spot / 新浪
000797,中国武夷,2.3600000000,2.4100000000,52194730.0000000000,21850700.0000000000,-0.0207500000,0.5219473000,AKShare stock_zh_a_spot / 新浪
000798,中水渔业,8.5100000000,8.9000000000,252530518.0000000000,29223545.0000000000,-0.0438200000,2.5253051800,AKShare stock_zh_a_spot / 新浪
000799,酒鬼酒,38.2800000000,39.5400000000,304521327.0000000000,7864212.0000000000,-0.0318700000,3.0452132700,AKShare stock_zh_a_spot / 新浪
000800,一汽解放,6.1100000000,6.1500000000,62507958.0000000000,10228995.0000000000,-0.0065000000,0.6250795800,AKShare stock_zh_a_spot / 新浪
000801,四川九洲,10.9600000000,11.3800000000,145280628.0000000000,13135700.0000000000,-0.0369100000,1.4528062800,AKShare stock_zh_a_spot / 新浪
000802,北京文化,4.3600000000,4.8400000000,460327703.0000000000,104540000.0000000000,-0.0991700000,4.6032770300,AKShare stock_zh_a_spot / 新浪
000803,山高环能,7.0300000000,7.2800000000,51270962.0000000000,7195264.0000000000,-0.0343400000,0.5127096200,AKShare stock_zh_a_spot / 新浪
000807,云铝股份,25.9600000000,26.5700000000,1304612191.0000000000,50057033.0000000000,-0.0229600000,13.0461219100,AKShare stock_zh_a_spot / 新浪
000809,和展能源,3.3800000000,3.4200000000,46227293.0000000000,13613153.0000000000,-0.0117000000,0.4622729300,AKShare stock_zh_a_spot / 新浪
000810,创维数字,9.3400000000,9.7200000000,172123357.0000000000,18232267.0000000000,-0.0390900000,1.7212335700,AKShare stock_zh_a_spot / 新浪
000811,冰轮环境,39.3600000000,43.6700000000,1840742116.0000000000,45599330.0000000000,-0.0986900000,18.4074211600,AKShare stock_zh_a_spot / 新浪
000812,陕西金叶,3.5300000000,3.5900000000,41504452.0000000000,11709200.0000000000,-0.0167100000,0.4150445200,AKShare stock_zh_a_spot / 新浪
000813,德展健康,3.3500000000,3.4500000000,103042908.0000000000,30439015.0000000000,-0.0289900000,1.0304290800,AKShare stock_zh_a_spot / 新浪
000815,美利云,16.0800000000,17.8700000000,1425323364.0000000000,86929414.0000000000,-0.1001700000,14.2532336400,AKShare stock_zh_a_spot / 新浪
000816,智慧农业,2.7600000000,2.9100000000,141639029.0000000000,50408523.0000000000,-0.0515500000,1.4163902900,AKShare stock_zh_a_spot / 新浪
000818,航锦科技,12.0200000000,12.9000000000,309910806.0000000000,25271871.0000000000,-0.0682200000,3.0991080600,AKShare stock_zh_a_spot / 新浪
000819,岳阳兴长,11.9100000000,12.2200000000,56572855.0000000000,4700052.0000000000,-0.0253700000,0.5657285500,AKShare stock_zh_a_spot / 新浪
000820,神雾节能,3.3000000000,3.3700000000,75670963.0000000000,22700500.0000000000,-0.0207700000,0.7567096300,AKShare stock_zh_a_spot / 新浪
000822,山东海化,4.2900000000,4.3600000000,37729527.0000000000,8745603.0000000000,-0.0160600000,0.3772952700,AKShare stock_zh_a_spot / 新浪
000823,超声电子,14.4000000000,15.7700000000,753593892.0000000000,50799518.0000000000,-0.0868700000,7.5359389200,AKShare stock_zh_a_spot / 新浪
000825,太钢不锈,3.3500000000,3.3800000000,107783943.0000000000,32141639.0000000000,-0.0088800000,1.0778394300,AKShare stock_zh_a_spot / 新浪
000828,东莞控股,9.7200000000,9.7300000000,59142849.0000000000,6092407.0000000000,-0.0010300000,0.5914284900,AKShare stock_zh_a_spot / 新浪
000829,天音控股,7.9800000000,8.2700000000,167958079.0000000000,20904487.0000000000,-0.0350700000,1.6795807900,AKShare stock_zh_a_spot / 新浪
000830,鲁西化工,11.8800000000,12.0700000000,403346073.0000000000,33559505.0000000000,-0.0157400000,4.0334607300,AKShare stock_zh_a_spot / 新浪
000831,中国稀土,59.5400000000,62.4900000000,2490656781.0000000000,41199960.0000000000,-0.0472100000,24.9065678100,AKShare stock_zh_a_spot / 新浪
000833,粤桂股份,21.2400000000,21.7000000000,904943646.0000000000,41535562.0000000000,-0.0212000000,9.0494364600,AKShare stock_zh_a_spot / 新浪
000837,秦川机床,10.3300000000,11.4800000000,522951133.0000000000,49685746.0000000000,-0.1001700000,5.2295113300,AKShare stock_zh_a_spot / 新浪
000839,国安股份,2.6700000000,2.7600000000,173254778.0000000000,64221400.0000000000,-0.0326100000,1.7325477800,AKShare stock_zh_a_spot / 新浪
000848,承德露露,8.3600000000,8.3200000000,178708966.0000000000,21332000.0000000000,0.0048100000,1.7870896600,AKShare stock_zh_a_spot / 新浪
000850,华茂股份,4.0400000000,4.1400000000,39428356.0000000000,9737300.0000000000,-0.0241500000,0.3942835600,AKShare stock_zh_a_spot / 新浪
000852,石化机械,5.3800000000,5.7900000000,288034735.0000000000,52556227.0000000000,-0.0708100000,2.8803473500,AKShare stock_zh_a_spot / 新浪
000856,冀东装备,8.0100000000,8.2200000000,34799300.0000000000,4340600.0000000000,-0.0255500000,0.3479930000,AKShare stock_zh_a_spot / 新浪
000858,五 粮 液,71.8900000000,72.5600000000,1708666489.0000000000,23720052.0000000000,-0.0092300000,17.0866648900,AKShare stock_zh_a_spot / 新浪
000859,国风新材,8.8900000000,9.3300000000,389761316.0000000000,43088346.0000000000,-0.0471600000,3.8976131600,AKShare stock_zh_a_spot / 新浪
000860,顺鑫农业,10.3800000000,10.7800000000,122717252.0000000000,11666100.0000000000,-0.0371100000,1.2271725200,AKShare stock_zh_a_spot / 新浪
000862,银星能源,5.1000000000,5.2800000000,78435638.0000000000,15226900.0000000000,-0.0340900000,0.7843563800,AKShare stock_zh_a_spot / 新浪
000863,三湘印象,3.9400000000,4.1200000000,66764619.0000000000,16717205.0000000000,-0.0436900000,0.6676461900,AKShare stock_zh_a_spot / 新浪
000868,安凯客车,3.4100000000,3.5200000000,56751191.0000000000,16450802.0000000000,-0.0312500000,0.5675119100,AKShare stock_zh_a_spot / 新浪
000869,张 裕Ａ,16.9100000000,17.2100000000,15503131.0000000000,910686.0000000000,-0.0174300000,0.1550313100,AKShare stock_zh_a_spot / 新浪
000875,电投绿能,4.9500000000,5.0100000000,154559011.0000000000,31111950.0000000000,-0.0119800000,1.5455901100,AKShare stock_zh_a_spot / 新浪
000876,新 希 望,6.9500000000,7.1900000000,370992449.0000000000,52932461.0000000000,-0.0333800000,3.7099244900,AKShare stock_zh_a_spot / 新浪
000877,天山股份,3.6100000000,3.6800000000,45512370.0000000000,12506744.0000000000,-0.0190200000,0.4551237000,AKShare stock_zh_a_spot / 新浪
000878,云南铜业,15.9400000000,16.5600000000,568317351.0000000000,35348606.0000000000,-0.0374400000,5.6831735100,AKShare stock_zh_a_spot / 新浪
000880,潍柴重机,23.9100000000,25.2500000000,402258063.0000000000,16571811.0000000000,-0.0530700000,4.0225806300,AKShare stock_zh_a_spot / 新浪
000881,中广核技,6.3900000000,6.5600000000,50804103.0000000000,7907167.0000000000,-0.0259100000,0.5080410300,AKShare stock_zh_a_spot / 新浪
000882,华联股份,1.4200000000,1.4600000000,79102837.0000000000,55164400.0000000000,-0.0274000000,0.7910283700,AKShare stock_zh_a_spot / 新浪
000883,湖北能源,4.4400000000,4.4500000000,86081822.0000000000,19375700.0000000000,-0.0022500000,0.8608182200,AKShare stock_zh_a_spot / 新浪
000885,城发环境,12.9100000000,12.7400000000,65570022.0000000000,5117432.0000000000,0.0133400000,0.6557002200,AKShare stock_zh_a_spot / 新浪
000886,海南高速,4.4600000000,4.5800000000,48940204.0000000000,10878600.0000000000,-0.0262000000,0.4894020400,AKShare stock_zh_a_spot / 新浪
000887,中鼎股份,20.8900000000,22.3300000000,1720844486.0000000000,80062036.0000000000,-0.0644900000,17.2084448600,AKShare stock_zh_a_spot / 新浪
000888,峨眉山Ａ,9.5300000000,9.7300000000,55064540.0000000000,5733700.0000000000,-0.0205500000,0.5506454000,AKShare stock_zh_a_spot / 新浪
000889,中嘉博创,3.7200000000,3.9700000000,175493875.0000000000,46414900.0000000000,-0.0629700000,1.7549387500,AKShare stock_zh_a_spot / 新浪
000890,法尔胜,7.0400000000,7.3800000000,74985639.0000000000,10502933.0000000000,-0.0460700000,0.7498563900,AKShare stock_zh_a_spot / 新浪
000892,欢瑞世纪,3.7100000000,3.9400000000,121938356.0000000000,32329400.0000000000,-0.0583800000,1.2193835600,AKShare stock_zh_a_spot / 新浪
000893,亚钾国际,48.2200000000,47.4900000000,1354949313.0000000000,27822458.0000000000,0.0153700000,13.5494931300,AKShare stock_zh_a_spot / 新浪
000895,双汇发展,25.1300000000,24.9800000000,266602620.0000000000,10616552.0000000000,0.0060000000,2.6660262000,AKShare stock_zh_a_spot / 新浪
000897,津滨发展,1.7300000000,1.7700000000,48886562.0000000000,28053900.0000000000,-0.0226000000,0.4888656200,AKShare stock_zh_a_spot / 新浪
000898,鞍钢股份,1.9700000000,2.0000000000,54211879.0000000000,27449765.0000000000,-0.0150000000,0.5421187900,AKShare stock_zh_a_spot / 新浪
000899,赣能股份,10.0300000000,10.2800000000,115691429.0000000000,11462000.0000000000,-0.0243200000,1.1569142900,AKShare stock_zh_a_spot / 新浪
000900,现代投资,3.6400000000,3.6800000000,40848725.0000000000,11151366.0000000000,-0.0108700000,0.4084872500,AKShare stock_zh_a_spot / 新浪
000901,航天科技,13.7700000000,14.9500000000,504756702.0000000000,35691779.0000000000,-0.0789300000,5.0475670200,AKShare stock_zh_a_spot / 新浪
000902,新洋丰,13.3800000000,13.7800000000,286045900.0000000000,21060773.0000000000,-0.0290300000,2.8604590000,AKShare stock_zh_a_spot / 新浪
000905,厦门港务,8.4800000000,8.6700000000,91274238.0000000000,10702391.0000000000,-0.0219100000,0.9127423800,AKShare stock_zh_a_spot / 新浪
000906,浙商中拓,5.2300000000,5.3200000000,28625836.0000000000,5444393.0000000000,-0.0169200000,0.2862583600,AKShare stock_zh_a_spot / 新浪
000908,石药景峰,6.8100000000,7.0900000000,193139849.0000000000,28115777.0000000000,-0.0394900000,1.9313984900,AKShare stock_zh_a_spot / 新浪
000910,大亚圣象,5.2600000000,5.3400000000,25041095.0000000000,4736900.0000000000,-0.0149800000,0.2504109500,AKShare stock_zh_a_spot / 新浪
000912,泸天化,3.6800000000,3.7600000000,113036859.0000000000,30362700.0000000000,-0.0212800000,1.1303685900,AKShare stock_zh_a_spot / 新浪
000913,钱江摩托,11.2900000000,11.3700000000,47938302.0000000000,4237817.0000000000,-0.0070400000,0.4793830200,AKShare stock_zh_a_spot / 新浪
000915,华特达因,25.8100000000,25.9600000000,77989084.0000000000,3003800.0000000000,-0.0057800000,0.7798908400,AKShare stock_zh_a_spot / 新浪
000917,电广传媒,6.9200000000,7.1600000000,288418313.0000000000,40949221.0000000000,-0.0335200000,2.8841831300,AKShare stock_zh_a_spot / 新浪
000919,金陵药业,6.9000000000,6.8000000000,273801182.0000000000,39242447.0000000000,0.0147100000,2.7380118200,AKShare stock_zh_a_spot / 新浪
000920,沃顿科技,11.1500000000,11.7800000000,91772195.0000000000,8105301.0000000000,-0.0534800000,0.9177219500,AKShare stock_zh_a_spot / 新浪
000921,海信家电,25.7300000000,25.7400000000,252250339.0000000000,9785155.0000000000,-0.0003900000,2.5225033900,AKShare stock_zh_a_spot / 新浪
000922,佳电股份,11.5900000000,12.0200000000,84562375.0000000000,7240520.0000000000,-0.0357700000,0.8456237500,AKShare stock_zh_a_spot / 新浪
000923,河钢资源,15.1800000000,15.7100000000,220858683.0000000000,14445102.0000000000,-0.0337400000,2.2085868300,AKShare stock_zh_a_spot / 新浪
000925,众合科技,7.8100000000,8.2900000000,335982292.0000000000,41548380.0000000000,-0.0579000000,3.3598229200,AKShare stock_zh_a_spot / 新浪
000926,福星股份,2.1000000000,2.1500000000,50557961.0000000000,23876411.0000000000,-0.0232600000,0.5055796100,AKShare stock_zh_a_spot / 新浪
000927,中国铁物,2.4100000000,2.4200000000,102051482.0000000000,42303814.0000000000,-0.0041300000,1.0205148200,AKShare stock_zh_a_spot / 新浪
000928,中钢国际,4.9300000000,4.9900000000,63134476.0000000000,12791334.0000000000,-0.0120200000,0.6313447600,AKShare stock_zh_a_spot / 新浪
000929,兰州黄河,8.6500000000,8.9500000000,21363331.0000000000,2442900.0000000000,-0.0335200000,0.2136333100,AKShare stock_zh_a_spot / 新浪
000930,中粮科技,4.8600000000,5.1100000000,251646186.0000000000,51250862.0000000000,-0.0489200000,2.5164618600,AKShare stock_zh_a_spot / 新浪
000931,中 关 村,4.2100000000,4.2900000000,37637851.0000000000,8874483.0000000000,-0.0186500000,0.3763785100,AKShare stock_zh_a_spot / 新浪
000932,华菱钢铁,3.5800000000,3.6100000000,212510141.0000000000,59210385.0000000000,-0.0083100000,2.1251014100,AKShare stock_zh_a_spot / 新浪
000933,神火股份,25.8300000000,26.3800000000,821486563.0000000000,31714251.0000000000,-0.0208500000,8.2148656300,AKShare stock_zh_a_spot / 新浪
000935,四川双马,22.4300000000,23.1300000000,176376853.0000000000,7658696.0000000000,-0.0302600000,1.7637685300,AKShare stock_zh_a_spot / 新浪
000936,华西股份,5.5400000000,6.1500000000,410930381.0000000000,72441807.0000000000,-0.0991900000,4.1093038100,AKShare stock_zh_a_spot / 新浪
000937,冀中能源,4.6300000000,4.6000000000,108574066.0000000000,23461341.0000000000,0.0065200000,1.0857406600,AKShare stock_zh_a_spot / 新浪
000938,紫光股份,35.3300000000,39.2500000000,8844431532.0000000000,243972506.0000000000,-0.0998700000,88.4443153200,AKShare stock_zh_a_spot / 新浪
000948,南天信息,13.6300000000,14.0900000000,132211190.0000000000,9649826.0000000000,-0.0326500000,1.3221119000,AKShare stock_zh_a_spot / 新浪
000949,新乡化纤,6.3400000000,6.4500000000,289799616.0000000000,44918218.0000000000,-0.0170500000,2.8979961600,AKShare stock_zh_a_spot / 新浪
000950,重药控股,5.6600000000,5.8200000000,480857191.0000000000,82229600.0000000000,-0.0274900000,4.8085719100,AKShare stock_zh_a_spot / 新浪
000951,中国重汽,21.3000000000,21.2700000000,179161789.0000000000,8377772.0000000000,0.0014100000,1.7916178900,AKShare stock_zh_a_spot / 新浪
000952,广济药业,6.2500000000,6.4000000000,44409312.0000000000,7055240.0000000000,-0.0234400000,0.4440931200,AKShare stock_zh_a_spot / 新浪
000953,中哲精化,6.0800000000,6.1600000000,40748324.0000000000,6686500.0000000000,-0.0129900000,0.4074832400,AKShare stock_zh_a_spot / 新浪
000955,欣龙控股,4.2000000000,4.3000000000,46341856.0000000000,10980700.0000000000,-0.0232600000,0.4634185600,AKShare stock_zh_a_spot / 新浪
000957,中通客车,10.2500000000,10.5300000000,80053658.0000000000,7779207.0000000000,-0.0265900000,0.8005365800,AKShare stock_zh_a_spot / 新浪
000958,电投产融,5.2600000000,5.3600000000,107031666.0000000000,20226335.0000000000,-0.0186600000,1.0703166600,AKShare stock_zh_a_spot / 新浪
000959,首钢股份,3.4600000000,3.5100000000,82622131.0000000000,23763512.0000000000,-0.0142500000,0.8262213100,AKShare stock_zh_a_spot / 新浪
000960,锡业股份,36.1900000000,38.9300000000,2002364109.0000000000,54266413.0000000000,-0.0703800000,20.0236410900,AKShare stock_zh_a_spot / 新浪
000962,东方钽业,50.9500000000,56.3600000000,1636870819.0000000000,31164596.0000000000,-0.0959900000,16.3687081900,AKShare stock_zh_a_spot / 新浪
000963,华东医药,28.5000000000,28.9400000000,561777863.0000000000,19597917.0000000000,-0.0152000000,5.6177786300,AKShare stock_zh_a_spot / 新浪
000965,天保基建,3.1100000000,3.1900000000,40147656.0000000000,12763980.0000000000,-0.0250800000,0.4014765600,AKShare stock_zh_a_spot / 新浪
000966,长源电力,4.0100000000,4.0500000000,147208974.0000000000,36560000.0000000000,-0.0098800000,1.4720897400,AKShare stock_zh_a_spot / 新浪
000967,盈峰环境,8.3500000000,9.0700000000,943494456.0000000000,110774876.0000000000,-0.0793800000,9.4349445600,AKShare stock_zh_a_spot / 新浪
000968,蓝焰控股,6.9500000000,7.1000000000,197226693.0000000000,27885743.0000000000,-0.0211300000,1.9722669300,AKShare stock_zh_a_spot / 新浪
000969,安泰科技,16.5400000000,17.4700000000,455762008.0000000000,27165417.0000000000,-0.0532300000,4.5576200800,AKShare stock_zh_a_spot / 新浪
000970,中科三环,12.5300000000,13.3400000000,542637900.0000000000,42551492.0000000000,-0.0607200000,5.4263790000,AKShare stock_zh_a_spot / 新浪
000972,中基健康,3.6100000000,3.9100000000,171993114.0000000000,46777487.0000000000,-0.0767300000,1.7199311400,AKShare stock_zh_a_spot / 新浪
000973,佛塑科技,13.7800000000,13.7400000000,904933248.0000000000,64357279.0000000000,0.0029100000,9.0493324800,AKShare stock_zh_a_spot / 新浪
000975,山金国际,26.8000000000,26.9700000000,1476759890.0000000000,54549914.0000000000,-0.0063000000,14.7675989000,AKShare stock_zh_a_spot / 新浪
000977,浪潮信息,72.8700000000,80.9700000000,7440024832.0000000000,99013798.0000000000,-0.1000400000,74.4002483200,AKShare stock_zh_a_spot / 新浪
000978,桂林旅游,5.9900000000,6.1200000000,44913220.0000000000,7473672.0000000000,-0.0212400000,0.4491322000,AKShare stock_zh_a_spot / 新浪
000980,众泰汽车,1.5800000000,1.6800000000,159434782.0000000000,99404000.0000000000,-0.0595200000,1.5943478200,AKShare stock_zh_a_spot / 新浪
000981,山子高科,2.6000000000,2.7700000000,621678326.0000000000,234994014.0000000000,-0.0613700000,6.2167832600,AKShare stock_zh_a_spot / 新浪
000983,山西焦煤,6.8600000000,6.8100000000,503448191.0000000000,73025107.0000000000,0.0073400000,5.0344819100,AKShare stock_zh_a_spot / 新浪
000985,大庆华科,15.8300000000,16.0900000000,50046676.0000000000,3124700.0000000000,-0.0161600000,0.5004667600,AKShare stock_zh_a_spot / 新浪
000987,越秀资本,7.3700000000,7.5200000000,215220388.0000000000,28931563.0000000000,-0.0199500000,2.1522038800,AKShare stock_zh_a_spot / 新浪
000988,华工科技,102.3500000000,111.9500000000,5989031153.0000000000,56958602.0000000000,-0.0857500000,59.8903115300,AKShare stock_zh_a_spot / 新浪
000989,九芝堂,9.2400000000,9.4100000000,355031481.0000000000,37626650.0000000000,-0.0180700000,3.5503148100,AKShare stock_zh_a_spot / 新浪
000990,诚志股份,6.3900000000,6.6800000000,287786576.0000000000,44272959.0000000000,-0.0434100000,2.8778657600,AKShare stock_zh_a_spot / 新浪
000993,闽东电力,9.6300000000,9.9400000000,70159416.0000000000,7218983.0000000000,-0.0311900000,0.7015941600,AKShare stock_zh_a_spot / 新浪
000995,皇台酒业,10.5200000000,10.8100000000,88310978.0000000000,8315100.0000000000,-0.0268300000,0.8831097800,AKShare stock_zh_a_spot / 新浪
000997,新 大 陆,17.4700000000,17.9500000000,286266049.0000000000,16347495.0000000000,-0.0267400000,2.8626604900,AKShare stock_zh_a_spot / 新浪
000998,隆平高科,9.1000000000,9.2200000000,1261165272.0000000000,134470781.0000000000,-0.0130200000,12.6116527200,AKShare stock_zh_a_spot / 新浪
000999,华润三九,24.6100000000,24.4900000000,204474375.0000000000,8300685.0000000000,0.0049000000,2.0447437500,AKShare stock_zh_a_spot / 新浪
001201,东瑞股份,11.7100000000,12.0700000000,44119539.0000000000,3724600.0000000000,-0.0298300000,0.4411953900,AKShare stock_zh_a_spot / 新浪
001202,炬申股份,13.3100000000,13.8200000000,26596529.0000000000,1975835.0000000000,-0.0369000000,0.2659652900,AKShare stock_zh_a_spot / 新浪
001203,大中矿业,26.4100000000,27.1900000000,392926790.0000000000,14798346.0000000000,-0.0286900000,3.9292679000,AKShare stock_zh_a_spot / 新浪
001205,盛航股份,14.2000000000,14.5300000000,46690521.0000000000,3267700.0000000000,-0.0227100000,0.4669052100,AKShare stock_zh_a_spot / 新浪
001206,依依股份,16.4600000000,17.0000000000,65521619.0000000000,3942356.0000000000,-0.0317600000,0.6552161900,AKShare stock_zh_a_spot / 新浪
001207,联科科技,16.8700000000,17.2400000000,94193308.0000000000,5537580.0000000000,-0.0214600000,0.9419330800,AKShare stock_zh_a_spot / 新浪
001208,华菱线缆,14.9100000000,15.4200000000,452313688.0000000000,29783000.0000000000,-0.0330700000,4.5231368800,AKShare stock_zh_a_spot / 新浪
001209,洪兴股份,17.1500000000,17.7100000000,46487579.0000000000,2681900.0000000000,-0.0316200000,0.4648757900,AKShare stock_zh_a_spot / 新浪
001210,金房能源,27.0500000000,27.8700000000,439762271.0000000000,15722068.0000000000,-0.0294200000,4.3976227100,AKShare stock_zh_a_spot / 新浪
001211,双枪科技,22.6000000000,23.4700000000,88096845.0000000000,3869821.0000000000,-0.0370700000,0.8809684500,AKShare stock_zh_a_spot / 新浪
001212,中旗新材,32.9800000000,35.1800000000,122860846.0000000000,3640933.0000000000,-0.0625400000,1.2286084600,AKShare stock_zh_a_spot / 新浪
001213,中铁特货,3.4700000000,3.5100000000,26392905.0000000000,7575459.0000000000,-0.0114000000,0.2639290500,AKShare stock_zh_a_spot / 新浪
001215,千味央厨,31.3000000000,33.2700000000,67325330.0000000000,2104249.0000000000,-0.0592100000,0.6732533000,AKShare stock_zh_a_spot / 新浪
001216,华瓷股份,14.2900000000,14.9300000000,35613097.0000000000,2459700.0000000000,-0.0428700000,0.3561309700,AKShare stock_zh_a_spot / 新浪
001217,华尔泰,9.8700000000,10.0000000000,37666325.0000000000,3798150.0000000000,-0.0130000000,0.3766632500,AKShare stock_zh_a_spot / 新浪
001218,丽臣实业,24.5400000000,25.1300000000,61668133.0000000000,2489480.0000000000,-0.0234800000,0.6166813300,AKShare stock_zh_a_spot / 新浪
001219,青岛食品,12.6600000000,12.9400000000,42319737.0000000000,3320306.0000000000,-0.0216400000,0.4231973700,AKShare stock_zh_a_spot / 新浪
001220,世盟股份,31.0000000000,31.7000000000,22453050.0000000000,717389.0000000000,-0.0220800000,0.2245305000,AKShare stock_zh_a_spot / 新浪
001221,悍高集团,41.8900000000,41.7600000000,189751362.0000000000,4514768.0000000000,0.0031100000,1.8975136200,AKShare stock_zh_a_spot / 新浪
001222,源飞宠物,14.4600000000,15.0600000000,70124671.0000000000,4785892.0000000000,-0.0398400000,0.7012467100,AKShare stock_zh_a_spot / 新浪
001223,欧克科技,39.5500000000,41.9400000000,74932154.0000000000,1850400.0000000000,-0.0569900000,0.7493215400,AKShare stock_zh_a_spot / 新浪
001225,和泰机电,42.9000000000,45.6100000000,56691736.0000000000,1293800.0000000000,-0.0594200000,0.5669173600,AKShare stock_zh_a_spot / 新浪
001226,拓山重工,44.3800000000,46.8400000000,40965544.0000000000,915100.0000000000,-0.0525200000,0.4096554400,AKShare stock_zh_a_spot / 新浪
001227,兰州银行,2.1300000000,2.1100000000,145306899.0000000000,68481168.0000000000,0.0094800000,1.4530689900,AKShare stock_zh_a_spot / 新浪
001228,永泰运,26.2200000000,27.8300000000,39352023.0000000000,1474900.0000000000,-0.0578500000,0.3935202300,AKShare stock_zh_a_spot / 新浪
001229,魅视科技,46.3200000000,50.1900000000,435457972.0000000000,9192555.0000000000,-0.0771100000,4.3545797200,AKShare stock_zh_a_spot / 新浪
001230,劲旅环境,21.3400000000,21.6900000000,187059977.0000000000,8654980.0000000000,-0.0161400000,1.8705997700,AKShare stock_zh_a_spot / 新浪
001231,农心科技,21.0600000000,21.0900000000,35849745.0000000000,1718212.0000000000,-0.0014200000,0.3584974500,AKShare stock_zh_a_spot / 新浪
001232,嘉立创,151.6600000000,168.5100000000,1368384350.0000000000,8699404.0000000000,-0.0999900000,13.6838435000,AKShare stock_zh_a_spot / 新浪
001233,海安集团,46.6900000000,44.7000000000,207388822.0000000000,4494826.0000000000,0.0445200000,2.0738882200,AKShare stock_zh_a_spot / 新浪
001234,泰慕士,22.4500000000,22.7000000000,46757037.0000000000,2078600.0000000000,-0.0110100000,0.4675703700,AKShare stock_zh_a_spot / 新浪
001236,弘业期货,7.3200000000,7.4900000000,53407909.0000000000,7232900.0000000000,-0.0227000000,0.5340790900,AKShare stock_zh_a_spot / 新浪
001237,惠康科技,52.4000000000,54.7000000000,112940002.0000000000,2133115.0000000000,-0.0420500000,1.1294000200,AKShare stock_zh_a_spot / 新浪
001238,浙江正特,24.6600000000,25.4800000000,10655197.0000000000,428244.0000000000,-0.0321800000,0.1065519700,AKShare stock_zh_a_spot / 新浪
001239,永达股份,11.8000000000,12.1200000000,24797043.0000000000,2089900.0000000000,-0.0264000000,0.2479704300,AKShare stock_zh_a_spot / 新浪
001248,华润新能,12.2600000000,12.6800000000,850371146.0000000000,68676192.0000000000,-0.0331200000,8.5037114600,AKShare stock_zh_a_spot / 新浪
001255,博菲电气,25.3900000000,26.4700000000,33933320.0000000000,1325455.0000000000,-0.0408000000,0.3393332000,AKShare stock_zh_a_spot / 新浪
001256,炜冈科技,22.6900000000,25.1600000000,124638462.0000000000,5317500.0000000000,-0.0981700000,1.2463846200,AKShare stock_zh_a_spot / 新浪
001257,盛龙股份,24.0600000000,25.3100000000,264389468.0000000000,10860891.0000000000,-0.0493900000,2.6438946800,AKShare stock_zh_a_spot / 新浪
001258,立新能源,12.0200000000,13.3500000000,1241200057.0000000000,99836496.0000000000,-0.0996300000,12.4120005700,AKShare stock_zh_a_spot / 新浪
001259,利仁科技,45.1900000000,48.1500000000,53693627.0000000000,1171337.0000000000,-0.0614700000,0.5369362700,AKShare stock_zh_a_spot / 新浪
001260,坤泰股份,17.7400000000,19.7100000000,119990527.0000000000,6685600.0000000000,-0.0999500000,1.1999052700,AKShare stock_zh_a_spot / 新浪
001266,宏英智能,33.2000000000,35.8700000000,79258495.0000000000,2333980.0000000000,-0.0744400000,0.7925849500,AKShare stock_zh_a_spot / 新浪
001267,汇绿生态,36.6300000000,40.5900000000,1279392296.0000000000,33844158.0000000000,-0.0975600000,12.7939229600,AKShare stock_zh_a_spot / 新浪
001268,联合精密,19.7100000000,20.6200000000,63682696.0000000000,3149020.0000000000,-0.0441300000,0.6368269600,AKShare stock_zh_a_spot / 新浪
001269,欧晶科技,18.8700000000,19.7000000000,35255374.0000000000,1840460.0000000000,-0.0421300000,0.3525537400,AKShare stock_zh_a_spot / 新浪
001270,铖昌科技,109.4800000000,119.5500000000,2140728279.0000000000,18642704.0000000000,-0.0842300000,21.4072827900,AKShare stock_zh_a_spot / 新浪
001277,速达股份,32.9700000000,29.9700000000,82519112.0000000000,2526810.0000000000,0.1001000000,0.8251911200,AKShare stock_zh_a_spot / 新浪
001278,一彬科技,15.6300000000,16.3400000000,31655753.0000000000,1999280.0000000000,-0.0434500000,0.3165575300,AKShare stock_zh_a_spot / 新浪
001279,强邦新材,24.5800000000,25.2000000000,16798625.0000000000,677800.0000000000,-0.0246000000,0.1679862500,AKShare stock_zh_a_spot / 新浪
001280,中国铀业,67.8500000000,68.6000000000,629468103.0000000000,9331807.0000000000,-0.0109300000,6.2946810300,AKShare stock_zh_a_spot / 新浪
001282,三联锻造,15.5000000000,16.3100000000,41884802.0000000000,2659357.0000000000,-0.0496600000,0.4188480200,AKShare stock_zh_a_spot / 新浪
001283,豪鹏科技,42.1100000000,44.8100000000,122708437.0000000000,2845600.0000000000,-0.0602500000,1.2270843700,AKShare stock_zh_a_spot / 新浪
001285,瑞立科密,39.8600000000,41.4500000000,48208283.0000000000,1195590.0000000000,-0.0383600000,0.4820828300,AKShare stock_zh_a_spot / 新浪
001286,陕西能源,10.7900000000,10.6600000000,265403346.0000000000,24655859.0000000000,0.0122000000,2.6540334600,AKShare stock_zh_a_spot / 新浪
001287,中电港,23.0100000000,24.5400000000,541634556.0000000000,23102938.0000000000,-0.0623500000,5.4163455600,AKShare stock_zh_a_spot / 新浪
001288,运机集团,24.2000000000,25.9400000000,95091961.0000000000,3853310.0000000000,-0.0670800000,0.9509196100,AKShare stock_zh_a_spot / 新浪
001289,龙源电力,15.5200000000,15.6300000000,53708284.0000000000,3461932.0000000000,-0.0070400000,0.5370828400,AKShare stock_zh_a_spot / 新浪
001296,长江材料,19.0000000000,19.8200000000,38641363.0000000000,2006357.0000000000,-0.0413700000,0.3864136300,AKShare stock_zh_a_spot / 新浪
001298,好上好,17.0900000000,18.1800000000,143739660.0000000000,8249698.0000000000,-0.0599600000,1.4373966000,AKShare stock_zh_a_spot / 新浪
001299,美能能源,9.8300000000,10.0900000000,28854690.0000000000,2902650.0000000000,-0.0257700000,0.2885469000,AKShare stock_zh_a_spot / 新浪
001300,三柏硕,10.9100000000,11.5400000000,39289931.0000000000,3527400.0000000000,-0.0545900000,0.3928993100,AKShare stock_zh_a_spot / 新浪
001301,尚太科技,62.3300000000,56.6600000000,1006984586.0000000000,16234967.0000000000,0.1000700000,10.0698458600,AKShare stock_zh_a_spot / 新浪
001306,夏厦精密,52.1500000000,56.3000000000,49923805.0000000000,931512.0000000000,-0.0737100000,0.4992380500,AKShare stock_zh_a_spot / 新浪
001308,康冠科技,17.6600000000,18.3200000000,45897733.0000000000,2574500.0000000000,-0.0360300000,0.4589773300,AKShare stock_zh_a_spot / 新浪
001309,德明利,393.8000000000,437.3300000000,7813767198.0000000000,19345348.0000000000,-0.0995400000,78.1376719800,AKShare stock_zh_a_spot / 新浪
001311,多利科技,17.8000000000,18.3800000000,158874981.0000000000,8687341.0000000000,-0.0315600000,1.5887498100,AKShare stock_zh_a_spot / 新浪
001312,福恩股份,17.4000000000,18.0800000000,49258278.0000000000,2793700.0000000000,-0.0376100000,0.4925827800,AKShare stock_zh_a_spot / 新浪
001313,粤海饲料,7.9200000000,8.0700000000,172345538.0000000000,21598900.0000000000,-0.0185900000,1.7234553800,AKShare stock_zh_a_spot / 新浪
001314,亿道信息,54.6500000000,58.4300000000,183507150.0000000000,3276845.0000000000,-0.0646900000,1.8350715000,AKShare stock_zh_a_spot / 新浪
001316,润贝航科,25.7000000000,27.0200000000,61391301.0000000000,2347780.0000000000,-0.0488500000,0.6139130100,AKShare stock_zh_a_spot / 新浪
001317,三羊马,51.7300000000,54.4700000000,252785656.0000000000,4790786.0000000000,-0.0503000000,2.5278565600,AKShare stock_zh_a_spot / 新浪
001318,阳光乳业,11.2800000000,11.8600000000,92776978.0000000000,8064555.0000000000,-0.0489000000,0.9277697800,AKShare stock_zh_a_spot / 新浪
001319,铭科精技,19.3400000000,20.0800000000,31260988.0000000000,1614400.0000000000,-0.0368500000,0.3126098800,AKShare stock_zh_a_spot / 新浪
001322,箭牌家居,5.9600000000,6.1300000000,20424426.0000000000,3386400.0000000000,-0.0277300000,0.2042442600,AKShare stock_zh_a_spot / 新浪
001323,慕思股份,20.0500000000,18.9800000000,125231942.0000000000,6348499.0000000000,0.0563800000,1.2523194200,AKShare stock_zh_a_spot / 新浪
001324,长青科技,17.9200000000,19.2500000000,87680645.0000000000,4796888.0000000000,-0.0690900000,0.8768064500,AKShare stock_zh_a_spot / 新浪
001325,元创股份,37.2600000000,37.8200000000,51474509.0000000000,1359527.0000000000,-0.0148100000,0.5147450900,AKShare stock_zh_a_spot / 新浪
001326,联域股份,59.7700000000,64.5700000000,122920578.0000000000,1997100.0000000000,-0.0743400000,1.2292057800,AKShare stock_zh_a_spot / 新浪
001328,登康口腔,28.6500000000,29.4100000000,37231731.0000000000,1289400.0000000000,-0.0258400000,0.3723173100,AKShare stock_zh_a_spot / 新浪
001330,博纳影业,4.6500000000,4.9200000000,248725940.0000000000,52750300.0000000000,-0.0548800000,2.4872594000,AKShare stock_zh_a_spot / 新浪
001331,胜通能源,45.1200000000,50.1300000000,462368913.0000000000,9932911.0000000000,-0.0999400000,4.6236891300,AKShare stock_zh_a_spot / 新浪
001332,锡装股份,30.3100000000,31.8900000000,60419706.0000000000,1955869.0000000000,-0.0495500000,0.6041970600,AKShare stock_zh_a_spot / 新浪
001333,光华股份,20.1700000000,21.1600000000,52953861.0000000000,2575300.0000000000,-0.0467900000,0.5295386100,AKShare stock_zh_a_spot / 新浪
001335,信凯科技,31.2200000000,32.1500000000,23282942.0000000000,742135.0000000000,-0.0289300000,0.2328294200,AKShare stock_zh_a_spot / 新浪
001336,楚环科技,18.2000000000,18.7600000000,29802767.0000000000,1627130.0000000000,-0.0298500000,0.2980276700,AKShare stock_zh_a_spot / 新浪
001337,四川黄金,47.4800000000,48.1800000000,766146753.0000000000,15995896.0000000000,-0.0145300000,7.6614675300,AKShare stock_zh_a_spot / 新浪
001338,永顺泰,9.6300000000,8.7500000000,288564539.0000000000,30358424.0000000000,0.1005700000,2.8856453900,AKShare stock_zh_a_spot / 新浪
001339,智微智能,78.9700000000,86.0800000000,676435488.0000000000,8304687.0000000000,-0.0826000000,6.7643548800,AKShare stock_zh_a_spot / 新浪
001356,富岭股份,9.1100000000,9.2500000000,75937476.0000000000,8287442.0000000000,-0.0151400000,0.7593747600,AKShare stock_zh_a_spot / 新浪
001358,兴欣新材,25.9200000000,27.4400000000,95794198.0000000000,3636842.0000000000,-0.0553900000,0.9579419800,AKShare stock_zh_a_spot / 新浪
001359,平安电工,88.9000000000,96.2000000000,611415172.0000000000,6611457.0000000000,-0.0758800000,6.1141517200,AKShare stock_zh_a_spot / 新浪
001360,南矿集团,16.4600000000,17.5000000000,79621810.0000000000,4719700.0000000000,-0.0594300000,0.7962181000,AKShare stock_zh_a_spot / 新浪
001365,天海电子,35.3000000000,37.8900000000,213621875.0000000000,5934808.0000000000,-0.0683600000,2.1362187500,AKShare stock_zh_a_spot / 新浪
001366,播恩集团,12.5600000000,13.4900000000,175086908.0000000000,14058289.0000000000,-0.0689400000,1.7508690800,AKShare stock_zh_a_spot / 新浪
001367,海森药业,19.3300000000,19.7800000000,28420302.0000000000,1458600.0000000000,-0.0227500000,0.2842030200,AKShare stock_zh_a_spot / 新浪
001368,通达创智,22.8200000000,23.5200000000,45594951.0000000000,2007300.0000000000,-0.0297600000,0.4559495100,AKShare stock_zh_a_spot / 新浪
001369,双欣材料,12.3200000000,12.8400000000,104852931.0000000000,8377930.0000000000,-0.0405000000,1.0485293100,AKShare stock_zh_a_spot / 新浪
001373,翔腾新材,27.3700000000,28.5100000000,43890022.0000000000,1588456.0000000000,-0.0399900000,0.4389002200,AKShare stock_zh_a_spot / 新浪
001376,百通能源,10.3200000000,10.9600000000,165113649.0000000000,15748428.0000000000,-0.0583900000,1.6511364900,AKShare stock_zh_a_spot / 新浪
001378,德冠新材,19.6100000000,21.1100000000,117397631.0000000000,5807045.0000000000,-0.0710600000,1.1739763100,AKShare stock_zh_a_spot / 新浪
001379,腾达科技,16.1200000000,16.4600000000,36896857.0000000000,2280097.0000000000,-0.0206600000,0.3689685700,AKShare stock_zh_a_spot / 新浪
001380,华纬科技,16.2900000000,17.0900000000,37130158.0000000000,2244100.0000000000,-0.0468100000,0.3713015800,AKShare stock_zh_a_spot / 新浪
001382,新亚电缆,16.7200000000,16.9800000000,38945235.0000000000,2319477.0000000000,-0.0153100000,0.3894523500,AKShare stock_zh_a_spot / 新浪
001386,马可波罗,15.4800000000,15.8600000000,84240271.0000000000,5400199.0000000000,-0.0239600000,0.8424027100,AKShare stock_zh_a_spot / 新浪
001387,雪祺电气,11.9600000000,12.1400000000,37226618.0000000000,3112054.0000000000,-0.0148300000,0.3722661800,AKShare stock_zh_a_spot / 新浪
001388,信通电子,21.2500000000,22.3900000000,110122202.0000000000,5098578.0000000000,-0.0509200000,1.1012220200,AKShare stock_zh_a_spot / 新浪
001389,广合科技,152.0200000000,166.8500000000,1453565064.0000000000,9246742.0000000000,-0.0888800000,14.5356506400,AKShare stock_zh_a_spot / 新浪
001390,古麒绒材,17.7100000000,18.0100000000,19631728.0000000000,1103570.0000000000,-0.0166600000,0.1963172800,AKShare stock_zh_a_spot / 新浪
001391,国货航,4.0500000000,4.1300000000,120337413.0000000000,29479659.0000000000,-0.0193700000,1.2033741300,AKShare stock_zh_a_spot / 新浪
001393,维通利,41.8600000000,44.7800000000,143461189.0000000000,3358312.0000000000,-0.0652100000,1.4346118900,AKShare stock_zh_a_spot / 新浪
001395,亚联机械,29.0100000000,30.0200000000,40745843.0000000000,1393930.0000000000,-0.0336400000,0.4074584300,AKShare stock_zh_a_spot / 新浪
001396,誉帆科技,33.0300000000,34.4400000000,24722711.0000000000,737829.0000000000,-0.0409400000,0.2472271100,AKShare stock_zh_a_spot / 新浪
001399,惠科股份,23.3300000000,25.6200000000,1286838878.0000000000,53619402.0000000000,-0.0893800000,12.8683887800,AKShare stock_zh_a_spot / 新浪
001400,江顺科技,85.9400000000,78.1300000000,516813285.0000000000,6262513.0000000000,0.0999600000,5.1681328500,AKShare stock_zh_a_spot / 新浪
001696,宗申动力,15.1800000000,16.5900000000,1067852992.0000000000,68728701.0000000000,-0.0849900000,10.6785299200,AKShare stock_zh_a_spot / 新浪
001872,招商港口,22.5100000000,22.4700000000,71986885.0000000000,3188423.0000000000,0.0017800000,0.7198688500,AKShare stock_zh_a_spot / 新浪
001896,豫能控股,11.9900000000,12.7400000000,770386052.0000000000,63038633.0000000000,-0.0588700000,7.7038605200,AKShare stock_zh_a_spot / 新浪
001914,招商积余,8.7900000000,8.6300000000,120211602.0000000000,13550500.0000000000,0.0185400000,1.2021160200,AKShare stock_zh_a_spot / 新浪
001965,招商公路,9.2400000000,9.1900000000,149872936.0000000000,16262265.0000000000,0.0054400000,1.4987293600,AKShare stock_zh_a_spot / 新浪
001979,招商蛇口,7.5200000000,7.4700000000,633433261.0000000000,84088625.0000000000,0.0066900000,6.3343326100,AKShare stock_zh_a_spot / 新浪
002001,新 和 成,29.1400000000,29.0000000000,960123760.0000000000,32921775.0000000000,0.0048300000,9.6012376000,AKShare stock_zh_a_spot / 新浪
002003,伟星股份,10.2900000000,10.1300000000,142385186.0000000000,13876999.0000000000,0.0157900000,1.4238518600,AKShare stock_zh_a_spot / 新浪
002004,华邦健康,4.4500000000,4.5100000000,137537125.0000000000,30769612.0000000000,-0.0133000000,1.3753712500,AKShare stock_zh_a_spot / 新浪
002005,德豪润达,2.3800000000,2.4400000000,33262604.0000000000,13856078.0000000000,-0.0245900000,0.3326260400,AKShare stock_zh_a_spot / 新浪
002006,精工科技,13.0700000000,14.0000000000,132921806.0000000000,9950210.0000000000,-0.0664300000,1.3292180600,AKShare stock_zh_a_spot / 新浪
002007,华兰生物,13.0400000000,13.1200000000,120448304.0000000000,9228892.0000000000,-0.0061000000,1.2044830400,AKShare stock_zh_a_spot / 新浪
002008,大族激光,88.2000000000,98.0000000000,5245365766.0000000000,57609436.0000000000,-0.1000000000,52.4536576600,AKShare stock_zh_a_spot / 新浪
002009,天奇股份,16.3200000000,18.0700000000,361243268.0000000000,21483235.0000000000,-0.0968500000,3.6124326800,AKShare stock_zh_a_spot / 新浪
002010,传化智联,4.6300000000,4.7200000000,79243115.0000000000,17049110.0000000000,-0.0190700000,0.7924311500,AKShare stock_zh_a_spot / 新浪
002011,盾安环境,9.8700000000,10.0900000000,144229120.0000000000,14529940.0000000000,-0.0218000000,1.4422912000,AKShare stock_zh_a_spot / 新浪
002012,凯恩股份,6.5800000000,6.6700000000,94250236.0000000000,14103500.0000000000,-0.0134900000,0.9425023600,AKShare stock_zh_a_spot / 新浪
002014,永新股份,10.7000000000,10.7200000000,30945204.0000000000,2879608.0000000000,-0.0018700000,0.3094520400,AKShare stock_zh_a_spot / 新浪
002015,协鑫能科,14.0200000000,14.8100000000,823803199.0000000000,57851639.0000000000,-0.0533400000,8.2380319900,AKShare stock_zh_a_spot / 新浪
002016,世荣兆业,4.4400000000,4.4900000000,33736684.0000000000,7573700.0000000000,-0.0111400000,0.3373668400,AKShare stock_zh_a_spot / 新浪
002017,东信和平,12.7900000000,13.5200000000,140266081.0000000000,10784660.0000000000,-0.0539900000,1.4026608100,AKShare stock_zh_a_spot / 新浪
002019,亿帆医药,10.1700000000,10.3200000000,138164950.0000000000,13515377.0000000000,-0.0145300000,1.3816495000,AKShare stock_zh_a_spot / 新浪
002020,京新药业,13.4700000000,13.8600000000,217363984.0000000000,15979761.0000000000,-0.0281400000,2.1736398400,AKShare stock_zh_a_spot / 新浪
002021,中捷资源,2.5900000000,2.7000000000,74741708.0000000000,28607220.0000000000,-0.0407400000,0.7474170800,AKShare stock_zh_a_spot / 新浪
002022,科华生物,5.5000000000,5.5500000000,40960365.0000000000,7429500.0000000000,-0.0090100000,0.4096036500,AKShare stock_zh_a_spot / 新浪
002023,海特高新,10.0900000000,10.5800000000,233649742.0000000000,22799231.0000000000,-0.0463100000,2.3364974200,AKShare stock_zh_a_spot / 新浪
002025,航天电器,64.5100000000,71.6800000000,2467369563.0000000000,37278115.0000000000,-0.1000300000,24.6736956300,AKShare stock_zh_a_spot / 新浪
002026,山东威达,10.2400000000,10.7700000000,63156388.0000000000,6061500.0000000000,-0.0492100000,0.6315638800,AKShare stock_zh_a_spot / 新浪
002027,分众传媒,4.9800000000,4.9600000000,1106880289.0000000000,223453768.0000000000,0.0040300000,11.0688028900,AKShare stock_zh_a_spot / 新浪
002028,思源电气,171.0000000000,182.4400000000,2510045825.0000000000,14423766.0000000000,-0.0627100000,25.1004582500,AKShare stock_zh_a_spot / 新浪
002029,七 匹 狼,8.4900000000,8.9100000000,168594682.0000000000,19600283.0000000000,-0.0471400000,1.6859468200,AKShare stock_zh_a_spot / 新浪
002030,达安基因,5.4300000000,5.6200000000,142416391.0000000000,25961427.0000000000,-0.0338100000,1.4241639100,AKShare stock_zh_a_spot / 新浪
002031,巨轮智能,5.6300000000,6.2600000000,800693287.0000000000,140927053.0000000000,-0.1006400000,8.0069328700,AKShare stock_zh_a_spot / 新浪
002032,苏 泊 尔,40.9800000000,40.7200000000,62980368.0000000000,1536222.0000000000,0.0063900000,0.6298036800,AKShare stock_zh_a_spot / 新浪
002033,丽江股份,8.7900000000,8.9700000000,140220930.0000000000,15834079.0000000000,-0.0200700000,1.4022093000,AKShare stock_zh_a_spot / 新浪
002034,旺能环境,13.7000000000,14.1000000000,102149697.0000000000,7394599.0000000000,-0.0283700000,1.0214969700,AKShare stock_zh_a_spot / 新浪
002035,华帝股份,4.9600000000,4.8100000000,144334923.0000000000,29488516.0000000000,0.0311900000,1.4433492300,AKShare stock_zh_a_spot / 新浪
002036,联创电子,6.5700000000,6.8700000000,254179261.0000000000,38181124.0000000000,-0.0436700000,2.5417926100,AKShare stock_zh_a_spot / 新浪
002037,保利联合,6.6900000000,6.9200000000,42755927.0000000000,6337100.0000000000,-0.0332400000,0.4275592700,AKShare stock_zh_a_spot / 新浪
002038,双鹭药业,5.8500000000,6.0600000000,152278229.0000000000,25701164.0000000000,-0.0346500000,1.5227822900,AKShare stock_zh_a_spot / 新浪
002039,黔源电力,19.0500000000,19.1200000000,105827499.0000000000,5545419.0000000000,-0.0036600000,1.0582749900,AKShare stock_zh_a_spot / 新浪
002040,南 京 港,9.0600000000,8.2400000000,278959265.0000000000,31524710.0000000000,0.0995100000,2.7895926500,AKShare stock_zh_a_spot / 新浪
002041,登海种业,9.9000000000,9.8000000000,944951923.0000000000,93484473.0000000000,0.0102000000,9.4495192300,AKShare stock_zh_a_spot / 新浪
002042,华孚时尚,3.6900000000,3.8400000000,81946091.0000000000,21972601.0000000000,-0.0390600000,0.8194609100,AKShare stock_zh_a_spot / 新浪
002043,兔 宝 宝,12.9700000000,12.3900000000,379831964.0000000000,29288895.0000000000,0.0468100000,3.7983196400,AKShare stock_zh_a_spot / 新浪
002044,美年健康,4.6400000000,4.8100000000,389135585.0000000000,82882446.0000000000,-0.0353400000,3.8913558500,AKShare stock_zh_a_spot / 新浪
002045,国光电器,8.0000000000,8.1800000000,149966125.0000000000,18676859.0000000000,-0.0220000000,1.4996612500,AKShare stock_zh_a_spot / 新浪
002046,国机精工,47.8800000000,52.0800000000,887726237.0000000000,18147524.0000000000,-0.0806500000,8.8772623700,AKShare stock_zh_a_spot / 新浪
002047,宝鹰股份,3.1100000000,3.4100000000,266634098.0000000000,83423734.0000000000,-0.0879800000,2.6663409800,AKShare stock_zh_a_spot / 新浪
002048,宁波华翔,18.6700000000,20.3800000000,512852399.0000000000,26900647.0000000000,-0.0839100000,5.1285239900,AKShare stock_zh_a_spot / 新浪
002049,紫光国微,62.2700000000,66.3800000000,1889918516.0000000000,29756297.0000000000,-0.0619200000,18.8991851600,AKShare stock_zh_a_spot / 新浪
002050,三花智控,36.7900000000,39.6000000000,3472268342.0000000000,93076935.0000000000,-0.0709600000,34.7226834200,AKShare stock_zh_a_spot / 新浪
002051,中工国际,8.2500000000,8.6300000000,228299435.0000000000,27222055.0000000000,-0.0440300000,2.2829943500,AKShare stock_zh_a_spot / 新浪
002052,同洲电子,8.2000000000,8.7200000000,118001438.0000000000,14143100.0000000000,-0.0596300000,1.1800143800,AKShare stock_zh_a_spot / 新浪
002053,云南能投,9.3200000000,9.7900000000,167235121.0000000000,17592685.0000000000,-0.0480100000,1.6723512100,AKShare stock_zh_a_spot / 新浪
002054,德美化工,7.1700000000,7.2700000000,66962500.0000000000,9285800.0000000000,-0.0137600000,0.6696250000,AKShare stock_zh_a_spot / 新浪
002056,横店东磁,21.3000000000,23.1500000000,881779538.0000000000,40300883.0000000000,-0.0799100000,8.8177953800,AKShare stock_zh_a_spot / 新浪
002057,中钢天源,8.4700000000,8.8800000000,170201633.0000000000,19837100.0000000000,-0.0461700000,1.7020163300,AKShare stock_zh_a_spot / 新浪
002058,威尔泰,15.6900000000,16.5000000000,39749409.0000000000,2498600.0000000000,-0.0490900000,0.3974940900,AKShare stock_zh_a_spot / 新浪
002059,云南旅游,4.3700000000,4.4700000000,31404272.0000000000,7135500.0000000000,-0.0223700000,0.3140427200,AKShare stock_zh_a_spot / 新浪
002060,广东建工,3.2100000000,3.2300000000,50239624.0000000000,15641666.0000000000,-0.0061900000,0.5023962400,AKShare stock_zh_a_spot / 新浪
002061,浙江交科,3.4800000000,3.4700000000,60776980.0000000000,17509642.0000000000,0.0028800000,0.6077698000,AKShare stock_zh_a_spot / 新浪
002062,宏润建设,7.5800000000,8.3600000000,279190161.0000000000,35527635.0000000000,-0.0933000000,2.7919016100,AKShare stock_zh_a_spot / 新浪
002063,远光软件,5.2700000000,5.4200000000,130508670.0000000000,24605726.0000000000,-0.0276800000,1.3050867000,AKShare stock_zh_a_spot / 新浪
002064,华峰化学,11.4000000000,11.2200000000,651506322.0000000000,56707503.0000000000,0.0160400000,6.5150632200,AKShare stock_zh_a_spot / 新浪
002065,东华软件,6.8900000000,7.1600000000,330682299.0000000000,47620000.0000000000,-0.0377100000,3.3068229900,AKShare stock_zh_a_spot / 新浪
002066,瑞泰科技,21.4500000000,22.3300000000,104015285.0000000000,4808000.0000000000,-0.0394100000,1.0401528500,AKShare stock_zh_a_spot / 新浪
002067,景兴纸业,4.2600000000,4.7300000000,378298139.0000000000,86593307.0000000000,-0.0993700000,3.7829813900,AKShare stock_zh_a_spot / 新浪
002068,黑猫股份,7.7500000000,8.1600000000,215481777.0000000000,27332129.0000000000,-0.0502500000,2.1548177700,AKShare stock_zh_a_spot / 新浪
002069,獐子岛,3.4400000000,3.5100000000,57814677.0000000000,16744551.0000000000,-0.0199400000,0.5781467700,AKShare stock_zh_a_spot / 新浪
002072,凯瑞德,7.2300000000,7.4600000000,43971538.0000000000,6035000.0000000000,-0.0308300000,0.4397153800,AKShare stock_zh_a_spot / 新浪
002073,软控股份,5.5000000000,5.6000000000,77788177.0000000000,14099039.0000000000,-0.0178600000,0.7778817700,AKShare stock_zh_a_spot / 新浪
002074,国轩高科,26.2700000000,26.9800000000,558302385.0000000000,21061325.0000000000,-0.0263200000,5.5830238500,AKShare stock_zh_a_spot / 新浪
002075,沙钢股份,3.5800000000,3.7000000000,107272433.0000000000,29750534.0000000000,-0.0324300000,1.0727243300,AKShare stock_zh_a_spot / 新浪
002076,星光股份,2.0400000000,2.1200000000,59105925.0000000000,28782100.0000000000,-0.0377400000,0.5910592500,AKShare stock_zh_a_spot / 新浪
002077,大港股份,12.3200000000,13.0600000000,323137088.0000000000,25770617.0000000000,-0.0566600000,3.2313708800,AKShare stock_zh_a_spot / 新浪
002078,太阳纸业,13.8800000000,13.8400000000,158656939.0000000000,11418668.0000000000,0.0028900000,1.5865693900,AKShare stock_zh_a_spot / 新浪
002079,苏州固锝,9.4800000000,10.0800000000,334252983.0000000000,34559333.0000000000,-0.0595200000,3.3425298300,AKShare stock_zh_a_spot / 新浪
002080,中材科技,54.0900000000,60.1000000000,2770738311.0000000000,50158690.0000000000,-0.1000000000,27.7073831100,AKShare stock_zh_a_spot / 新浪
002081,金 螳 螂,5.6400000000,6.2700000000,1997582830.0000000000,349136906.0000000000,-0.1004800000,19.9758283000,AKShare stock_zh_a_spot / 新浪
002083,孚日股份,10.9300000000,11.3000000000,982759492.0000000000,86218209.0000000000,-0.0327400000,9.8275949200,AKShare stock_zh_a_spot / 新浪
002085,万丰奥威,10.1200000000,10.5100000000,282875195.0000000000,27642961.0000000000,-0.0371100000,2.8287519500,AKShare stock_zh_a_spot / 新浪
002086,东方海洋,1.9700000000,2.0600000000,227519763.0000000000,114502792.0000000000,-0.0436900000,2.2751976300,AKShare stock_zh_a_spot / 新浪
002088,鲁阳节能,8.1800000000,8.4000000000,36695012.0000000000,4477700.0000000000,-0.0261900000,0.3669501200,AKShare stock_zh_a_spot / 新浪
002090,金智科技,9.0000000000,9.4300000000,58911084.0000000000,6452800.0000000000,-0.0456000000,0.5891108400,AKShare stock_zh_a_spot / 新浪
002091,江苏国泰,7.7200000000,7.7800000000,106868887.0000000000,13748503.0000000000,-0.0077100000,1.0686888700,AKShare stock_zh_a_spot / 新浪
002092,中泰化学,4.3800000000,4.4400000000,188722610.0000000000,42891300.0000000000,-0.0135100000,1.8872261000,AKShare stock_zh_a_spot / 新浪
002093,国脉科技,6.5000000000,6.7700000000,84329891.0000000000,12850681.0000000000,-0.0398800000,0.8432989100,AKShare stock_zh_a_spot / 新浪
002094,青岛金王,4.5400000000,4.6700000000,64559748.0000000000,14124718.0000000000,-0.0278400000,0.6455974800,AKShare stock_zh_a_spot / 新浪
002095,生 意 宝,13.8900000000,14.2700000000,33226840.0000000000,2380120.0000000000,-0.0266300000,0.3322684000,AKShare stock_zh_a_spot / 新浪
002096,易普力,9.3600000000,9.5500000000,59132716.0000000000,6281700.0000000000,-0.0199000000,0.5913271600,AKShare stock_zh_a_spot / 新浪
002097,山河智能,7.0500000000,7.3900000000,163424962.0000000000,22837927.0000000000,-0.0460100000,1.6342496200,AKShare stock_zh_a_spot / 新浪
002098,浔兴股份,7.1600000000,7.0200000000,54158200.0000000000,7684500.0000000000,0.0199400000,0.5415820000,AKShare stock_zh_a_spot / 新浪
002099,海翔药业,5.1900000000,5.3900000000,78314662.0000000000,14869302.0000000000,-0.0371100000,0.7831466200,AKShare stock_zh_a_spot / 新浪
002100,天康生物,7.0900000000,7.2100000000,150441828.0000000000,21059902.0000000000,-0.0166400000,1.5044182800,AKShare stock_zh_a_spot / 新浪
002101,广东鸿图,8.5500000000,8.7800000000,41385934.0000000000,4806708.0000000000,-0.0262000000,0.4138593400,AKShare stock_zh_a_spot / 新浪
002103,广博股份,6.4400000000,6.5800000000,35821168.0000000000,5529200.0000000000,-0.0212800000,0.3582116800,AKShare stock_zh_a_spot / 新浪
002104,恒宝股份,9.4000000000,9.9800000000,297838057.0000000000,31075317.0000000000,-0.0581200000,2.9783805700,AKShare stock_zh_a_spot / 新浪
002105,信隆健康,5.6800000000,5.8500000000,37214918.0000000000,6507290.0000000000,-0.0290600000,0.3721491800,AKShare stock_zh_a_spot / 新浪
002106,莱宝高科,10.1700000000,10.8400000000,250566537.0000000000,24161037.0000000000,-0.0618100000,2.5056653700,AKShare stock_zh_a_spot / 新浪
002107,沃华医药,6.2200000000,6.3600000000,59094754.0000000000,9408780.0000000000,-0.0220100000,0.5909475400,AKShare stock_zh_a_spot / 新浪
002108,沧州明珠,4.2200000000,4.3500000000,92089474.0000000000,21591643.0000000000,-0.0298900000,0.9208947400,AKShare stock_zh_a_spot / 新浪
002110,三钢闽光,2.8900000000,2.9500000000,73858211.0000000000,25530770.0000000000,-0.0203400000,0.7385821100,AKShare stock_zh_a_spot / 新浪
002111,威海广泰,9.3200000000,9.6000000000,83364614.0000000000,8872100.0000000000,-0.0291700000,0.8336461400,AKShare stock_zh_a_spot / 新浪
002112,三变科技,15.8600000000,16.8500000000,316071114.0000000000,19523686.0000000000,-0.0587500000,3.1607111400,AKShare stock_zh_a_spot / 新浪
002114,罗平锌电,7.1200000000,7.3800000000,47822677.0000000000,6644400.0000000000,-0.0352300000,0.4782267700,AKShare stock_zh_a_spot / 新浪
002115,三维通信,10.5300000000,11.5800000000,804828424.0000000000,74411134.0000000000,-0.0906700000,8.0482842400,AKShare stock_zh_a_spot / 新浪
002116,中国海诚,6.9700000000,7.1700000000,25547833.0000000000,3632320.0000000000,-0.0278900000,0.2554783300,AKShare stock_zh_a_spot / 新浪
002117,东港股份,7.7600000000,8.0300000000,49110478.0000000000,6272400.0000000000,-0.0336200000,0.4911047800,AKShare stock_zh_a_spot / 新浪
002119,康强电子,23.8600000000,25.6600000000,1026633311.0000000000,41868521.0000000000,-0.0701500000,10.2663331100,AKShare stock_zh_a_spot / 新浪
002120,韵达股份,6.6300000000,6.7200000000,168552219.0000000000,25358710.0000000000,-0.0133900000,1.6855221900,AKShare stock_zh_a_spot / 新浪
002121,科陆电子,4.8800000000,5.0600000000,121884255.0000000000,24776500.0000000000,-0.0355700000,1.2188425500,AKShare stock_zh_a_spot / 新浪
002123,梦网科技,7.7600000000,8.1700000000,187372843.0000000000,23809056.0000000000,-0.0501800000,1.8737284300,AKShare stock_zh_a_spot / 新浪
002124,天邦食品,2.3300000000,2.5000000000,405654201.0000000000,170769760.0000000000,-0.0680000000,4.0565420100,AKShare stock_zh_a_spot / 新浪
002125,湘潭电化,12.5500000000,13.0400000000,231892347.0000000000,18216158.0000000000,-0.0375800000,2.3189234700,AKShare stock_zh_a_spot / 新浪
002126,银轮股份,40.1600000000,43.8700000000,743541125.0000000000,18059195.0000000000,-0.0845700000,7.4354112500,AKShare stock_zh_a_spot / 新浪
002127,南极电商,2.8000000000,2.9500000000,158735208.0000000000,55583545.0000000000,-0.0508500000,1.5873520800,AKShare stock_zh_a_spot / 新浪
002128,电投能源,27.2100000000,27.4900000000,202224872.0000000000,7376302.0000000000,-0.0101900000,2.0222487200,AKShare stock_zh_a_spot / 新浪
002129,TCL中环,9.8500000000,9.9500000000,1728366681.0000000000,176509760.0000000000,-0.0100500000,17.2836668100,AKShare stock_zh_a_spot / 新浪
002130,沃尔核材,16.1000000000,17.0500000000,451857767.0000000000,27628139.0000000000,-0.0557200000,4.5185776700,AKShare stock_zh_a_spot / 新浪
002131,利欧股份,4.6300000000,5.0600000000,2523134656.0000000000,534610947.0000000000,-0.0849800000,25.2313465600,AKShare stock_zh_a_spot / 新浪
002132,恒星科技,4.3800000000,4.6800000000,301331897.0000000000,66883445.0000000000,-0.0641000000,3.0133189700,AKShare stock_zh_a_spot / 新浪
002133,广宇集团,2.6600000000,2.7100000000,54881660.0000000000,20244900.0000000000,-0.0184500000,0.5488166000,AKShare stock_zh_a_spot / 新浪
002134,天津普林,21.1500000000,22.3900000000,184171759.0000000000,8519560.0000000000,-0.0553800000,1.8417175900,AKShare stock_zh_a_spot / 新浪
002135,东南网架,5.8000000000,6.1100000000,71750800.0000000000,12157800.0000000000,-0.0507400000,0.7175080000,AKShare stock_zh_a_spot / 新浪
002136,安 纳 达,11.7000000000,12.1100000000,59922073.0000000000,5053200.0000000000,-0.0338600000,0.5992207300,AKShare stock_zh_a_spot / 新浪
002137,实益达,7.6800000000,8.1600000000,213200067.0000000000,27370299.0000000000,-0.0588200000,2.1320006700,AKShare stock_zh_a_spot / 新浪
002138,顺络电子,47.4100000000,51.9300000000,2210219544.0000000000,45371499.0000000000,-0.0870400000,22.1021954400,AKShare stock_zh_a_spot / 新浪
002139,拓邦股份,9.7600000000,10.1800000000,250842596.0000000000,25632607.0000000000,-0.0412600000,2.5084259600,AKShare stock_zh_a_spot / 新浪
002140,东华科技,8.9000000000,9.1400000000,53118312.0000000000,5932420.0000000000,-0.0262600000,0.5311831200,AKShare stock_zh_a_spot / 新浪
002141,贤丰控股,6.4600000000,7.1800000000,998749847.0000000000,153457586.0000000000,-0.1002800000,9.9874984700,AKShare stock_zh_a_spot / 新浪
002142,宁波银行,32.9800000000,32.4600000000,1146482465.0000000000,34800030.0000000000,0.0160200000,11.4648246500,AKShare stock_zh_a_spot / 新浪
002144,宏达高科,10.6700000000,10.9300000000,38991257.0000000000,3622601.0000000000,-0.0237900000,0.3899125700,AKShare stock_zh_a_spot / 新浪
002145,钛能化学,4.3100000000,4.4400000000,206187211.0000000000,47349354.0000000000,-0.0292800000,2.0618721100,AKShare stock_zh_a_spot / 新浪
002146,荣盛发展,1.1300000000,1.1800000000,177171284.0000000000,153085199.0000000000,-0.0423700000,1.7717128400,AKShare stock_zh_a_spot / 新浪
002148,北纬科技,6.2500000000,6.5700000000,94168018.0000000000,14914543.0000000000,-0.0487100000,0.9416801800,AKShare stock_zh_a_spot / 新浪
002149,西部材料,37.5100000000,41.5000000000,1977338039.0000000000,50825037.0000000000,-0.0961400000,19.7733803900,AKShare stock_zh_a_spot / 新浪
002150,正泰电源,22.2800000000,24.1200000000,264629790.0000000000,11646900.0000000000,-0.0762900000,2.6462979000,AKShare stock_zh_a_spot / 新浪
002151,北斗星通,28.2200000000,29.9700000000,687999072.0000000000,23824100.0000000000,-0.0583900000,6.8799907200,AKShare stock_zh_a_spot / 新浪
002152,广电运通,9.3000000000,9.6500000000,289352594.0000000000,30839532.0000000000,-0.0362700000,2.8935259400,AKShare stock_zh_a_spot / 新浪
002153,石基信息,7.7100000000,8.1800000000,251138930.0000000000,31922088.0000000000,-0.0574600000,2.5113893000,AKShare stock_zh_a_spot / 新浪
002154,报 喜 鸟,4.2200000000,4.2400000000,139229183.0000000000,32617473.0000000000,-0.0047200000,1.3922918300,AKShare stock_zh_a_spot / 新浪
002155,湖南黄金,24.5600000000,25.0200000000,1185245797.0000000000,47735572.0000000000,-0.0183900000,11.8524579700,AKShare stock_zh_a_spot / 新浪
002156,通富微电,63.5900000000,70.6600000000,9894697916.0000000000,149921189.0000000000,-0.1000600000,98.9469791600,AKShare stock_zh_a_spot / 新浪
002157,正邦科技,2.9800000000,3.0500000000,452225735.0000000000,149976945.0000000000,-0.0229500000,4.5222573500,AKShare stock_zh_a_spot / 新浪
002158,汉钟精机,26.1800000000,28.4100000000,259617652.0000000000,9677619.0000000000,-0.0784900000,2.5961765200,AKShare stock_zh_a_spot / 新浪
002159,三特索道,13.1900000000,13.5300000000,30636821.0000000000,2307201.0000000000,-0.0251300000,0.3063682100,AKShare stock_zh_a_spot / 新浪
002160,常铝股份,3.8800000000,3.9900000000,55783612.0000000000,14291502.0000000000,-0.0275700000,0.5578361200,AKShare stock_zh_a_spot / 新浪
002161,远 望 谷,5.6700000000,5.9900000000,84314704.0000000000,14603263.0000000000,-0.0534200000,0.8431470400,AKShare stock_zh_a_spot / 新浪
002162,悦心健康,3.9800000000,4.1300000000,57812115.0000000000,14321003.0000000000,-0.0363200000,0.5781211500,AKShare stock_zh_a_spot / 新浪
002163,海南发展,7.9800000000,8.3600000000,170828107.0000000000,21076733.0000000000,-0.0454500000,1.7082810700,AKShare stock_zh_a_spot / 新浪
002164,宁波东力,11.0500000000,11.9500000000,198823460.0000000000,17527650.0000000000,-0.0753100000,1.9882346000,AKShare stock_zh_a_spot / 新浪
002165,红 宝 丽,7.4100000000,7.0000000000,1203172159.0000000000,165414700.0000000000,0.0585700000,12.0317215900,AKShare stock_zh_a_spot / 新浪
002166,莱茵生物,6.6900000000,6.9200000000,90788719.0000000000,13447784.0000000000,-0.0332400000,0.9078871900,AKShare stock_zh_a_spot / 新浪
002167,东方锆业,16.8800000000,18.0000000000,1209379277.0000000000,69605862.0000000000,-0.0622200000,12.0937927700,AKShare stock_zh_a_spot / 新浪
002169,智光电气,12.6500000000,13.0500000000,318132559.0000000000,24716056.0000000000,-0.0306500000,3.1813255900,AKShare stock_zh_a_spot / 新浪
002170,芭田股份,11.2600000000,11.5600000000,216790950.0000000000,19043865.0000000000,-0.0259500000,2.1679095000,AKShare stock_zh_a_spot / 新浪
002171,楚江新材,9.5100000000,10.0400000000,443063316.0000000000,45825374.0000000000,-0.0527900000,4.4306331600,AKShare stock_zh_a_spot / 新浪
002172,澳洋健康,4.0400000000,4.4900000000,1010261921.0000000000,228948001.0000000000,-0.1002200000,10.1026192100,AKShare stock_zh_a_spot / 新浪
002173,创新医疗,18.5500000000,20.0000000000,707370820.0000000000,37067787.0000000000,-0.0725000000,7.0737082000,AKShare stock_zh_a_spot / 新浪
002174,游族网络,12.0500000000,13.1600000000,595755583.0000000000,48015264.0000000000,-0.0843500000,5.9575558300,AKShare stock_zh_a_spot / 新浪
002176,江特电机,8.9200000000,9.3700000000,571647648.0000000000,62904419.0000000000,-0.0480300000,5.7164764800,AKShare stock_zh_a_spot / 新浪
002177,御银股份,5.3200000000,5.5600000000,118237920.0000000000,21937002.0000000000,-0.0431700000,1.1823792000,AKShare stock_zh_a_spot / 新浪
002178,延华智能,4.4000000000,4.5800000000,66873743.0000000000,15046880.0000000000,-0.0393000000,0.6687374300,AKShare stock_zh_a_spot / 新浪
002179,中航光电,34.3800000000,35.7100000000,923646518.0000000000,26436472.0000000000,-0.0372400000,9.2364651800,AKShare stock_zh_a_spot / 新浪
002180,奔图科技,17.7000000000,18.8500000000,421409982.0000000000,23540294.0000000000,-0.0610100000,4.2140998200,AKShare stock_zh_a_spot / 新浪
002181,粤 传 媒,8.3300000000,8.8600000000,242865427.0000000000,28640094.0000000000,-0.0598200000,2.4286542700,AKShare stock_zh_a_spot / 新浪
002182,宝武镁业,11.7200000000,12.3300000000,216155788.0000000000,18152565.0000000000,-0.0494700000,2.1615578800,AKShare stock_zh_a_spot / 新浪
002183,怡 亚 通,4.2600000000,4.5100000000,262622614.0000000000,60534000.0000000000,-0.0554300000,2.6262261400,AKShare stock_zh_a_spot / 新浪
002184,海得控制,9.6800000000,10.1300000000,51059870.0000000000,5212791.0000000000,-0.0444200000,0.5105987000,AKShare stock_zh_a_spot / 新浪
002185,华天科技,17.3600000000,18.7000000000,5666785056.0000000000,316686563.0000000000,-0.0716600000,56.6678505600,AKShare stock_zh_a_spot / 新浪
002186,全 聚 德,9.3500000000,9.6500000000,45019178.0000000000,4782002.0000000000,-0.0310900000,0.4501917800,AKShare stock_zh_a_spot / 新浪
002187,广百股份,5.2200000000,5.3700000000,45029780.0000000000,8544011.0000000000,-0.0279300000,0.4502978000,AKShare stock_zh_a_spot / 新浪
002188,中天服务,5.3900000000,5.5000000000,121113878.0000000000,21840410.0000000000,-0.0200000000,1.2111387800,AKShare stock_zh_a_spot / 新浪
002189,中光学,17.8200000000,18.8200000000,59356647.0000000000,3283049.0000000000,-0.0531300000,0.5935664700,AKShare stock_zh_a_spot / 新浪
002190,成飞集成,22.7300000000,24.1800000000,193781922.0000000000,8375500.0000000000,-0.0599700000,1.9378192200,AKShare stock_zh_a_spot / 新浪
002191,劲嘉股份,3.6700000000,3.6900000000,36093215.0000000000,9838111.0000000000,-0.0054200000,0.3609321500,AKShare stock_zh_a_spot / 新浪
002192,融捷股份,67.1400000000,70.6200000000,1179777291.0000000000,17244399.0000000000,-0.0492800000,11.7977729100,AKShare stock_zh_a_spot / 新浪
002194,武汉凡谷,9.6900000000,10.2800000000,311661513.0000000000,31497933.0000000000,-0.0573900000,3.1166151300,AKShare stock_zh_a_spot / 新浪
002195,岩山科技,6.2900000000,6.6400000000,884948157.0000000000,139394528.0000000000,-0.0527100000,8.8494815700,AKShare stock_zh_a_spot / 新浪
002196,方正电机,10.3800000000,11.4400000000,360625337.0000000000,33822220.0000000000,-0.0926600000,3.6062533700,AKShare stock_zh_a_spot / 新浪
002197,证通电子,6.5100000000,7.0400000000,190879037.0000000000,28642200.0000000000,-0.0752800000,1.9087903700,AKShare stock_zh_a_spot / 新浪
002199,东晶电子,11.8300000000,12.6200000000,92914956.0000000000,7702800.0000000000,-0.0626000000,0.9291495600,AKShare stock_zh_a_spot / 新浪
002200,交投生态,6.7700000000,6.9700000000,26808129.0000000000,3921700.0000000000,-0.0286900000,0.2680812900,AKShare stock_zh_a_spot / 新浪
002201,九鼎新材,8.0400000000,8.5000000000,131316574.0000000000,16024704.0000000000,-0.0541200000,1.3131657400,AKShare stock_zh_a_spot / 新浪
002202,金风科技,22.0300000000,22.0100000000,9464301960.0000000000,408222237.0000000000,0.0009100000,94.6430196000,AKShare stock_zh_a_spot / 新浪
002203,海亮股份,18.3700000000,19.1900000000,299757947.0000000000,16150278.0000000000,-0.0427300000,2.9975794700,AKShare stock_zh_a_spot / 新浪
002204,大连重工,5.1600000000,5.2700000000,108227493.0000000000,20846872.0000000000,-0.0208700000,1.0822749300,AKShare stock_zh_a_spot / 新浪
002205,国统股份,10.5600000000,10.8000000000,35512617.0000000000,3331100.0000000000,-0.0222200000,0.3551261700,AKShare stock_zh_a_spot / 新浪
002206,海 利 得,5.1600000000,5.2300000000,39772458.0000000000,7697603.0000000000,-0.0133800000,0.3977245800,AKShare stock_zh_a_spot / 新浪
002208,合肥城建,10.9000000000,11.7200000000,407968206.0000000000,36609160.0000000000,-0.0699700000,4.0796820600,AKShare stock_zh_a_spot / 新浪
002209,达 意 隆,11.8300000000,11.7700000000,77931058.0000000000,6655200.0000000000,0.0051000000,0.7793105800,AKShare stock_zh_a_spot / 新浪
002210,飞马国际,2.1600000000,2.2500000000,140997535.0000000000,64700292.0000000000,-0.0400000000,1.4099753500,AKShare stock_zh_a_spot / 新浪
002212,天融信,6.3000000000,6.3600000000,279354656.0000000000,43843964.0000000000,-0.0094300000,2.7935465600,AKShare stock_zh_a_spot / 新浪
002213,大为股份,28.8000000000,31.0300000000,345000535.0000000000,11708001.0000000000,-0.0718700000,3.4500053500,AKShare stock_zh_a_spot / 新浪
002214,大立科技,13.5100000000,14.1700000000,104414101.0000000000,7643471.0000000000,-0.0465800000,1.0441410100,AKShare stock_zh_a_spot / 新浪
002215,诺 普 信,9.1100000000,9.3900000000,340466738.0000000000,37162931.0000000000,-0.0298200000,3.4046673800,AKShare stock_zh_a_spot / 新浪
002216,三全食品,12.6100000000,12.7800000000,84215440.0000000000,6643176.0000000000,-0.0133000000,0.8421544000,AKShare stock_zh_a_spot / 新浪
002218,拓日新能,3.8000000000,4.0400000000,174297850.0000000000,45067728.0000000000,-0.0594100000,1.7429785000,AKShare stock_zh_a_spot / 新浪
002219,新里程,2.3300000000,2.5000000000,596696392.0000000000,251324884.0000000000,-0.0680000000,5.9669639200,AKShare stock_zh_a_spot / 新浪
002221,东华能源,5.4000000000,5.5000000000,109441689.0000000000,20129450.0000000000,-0.0181800000,1.0944168900,AKShare stock_zh_a_spot / 新浪
002222,福晶科技,61.9800000000,68.8700000000,2494060859.0000000000,39200354.0000000000,-0.1000400000,24.9406085900,AKShare stock_zh_a_spot / 新浪
002223,鱼跃医疗,25.8800000000,26.0200000000,179594924.0000000000,6933648.0000000000,-0.0053800000,1.7959492400,AKShare stock_zh_a_spot / 新浪
002224,三 力 士,3.5200000000,3.6100000000,35551869.0000000000,10006000.0000000000,-0.0249300000,0.3555186900,AKShare stock_zh_a_spot / 新浪
002225,濮耐股份,3.4700000000,3.7100000000,154521309.0000000000,43963523.0000000000,-0.0646900000,1.5452130900,AKShare stock_zh_a_spot / 新浪
002226,江南化工,5.0300000000,5.0600000000,123812335.0000000000,24644548.0000000000,-0.0059300000,1.2381233500,AKShare stock_zh_a_spot / 新浪
002228,合兴包装,3.0500000000,3.1200000000,58612629.0000000000,19130600.0000000000,-0.0224400000,0.5861262900,AKShare stock_zh_a_spot / 新浪
002229,鸿博股份,11.3200000000,12.5800000000,886135127.0000000000,76840393.0000000000,-0.1001600000,8.8613512700,AKShare stock_zh_a_spot / 新浪
002230,科大讯飞,39.8200000000,41.1800000000,1730875399.0000000000,43122240.0000000000,-0.0330300000,17.3087539900,AKShare stock_zh_a_spot / 新浪
002232,启明信息,13.8500000000,14.4800000000,50498432.0000000000,3602200.0000000000,-0.0435100000,0.5049843200,AKShare stock_zh_a_spot / 新浪
002233,塔牌集团,7.0600000000,7.1300000000,83380045.0000000000,11782120.0000000000,-0.0098200000,0.8338004500,AKShare stock_zh_a_spot / 新浪
002234,民和股份,7.5200000000,7.7100000000,50929771.0000000000,6694800.0000000000,-0.0246400000,0.5092977100,AKShare stock_zh_a_spot / 新浪
002235,安妮股份,8.7300000000,9.1800000000,350581969.0000000000,39296798.0000000000,-0.0490200000,3.5058196900,AKShare stock_zh_a_spot / 新浪
002236,大华股份,16.1400000000,16.6600000000,833882593.0000000000,51336068.0000000000,-0.0312100000,8.3388259300,AKShare stock_zh_a_spot / 新浪
002237,恒邦股份,14.3200000000,14.5400000000,354934234.0000000000,24666832.0000000000,-0.0151300000,3.5493423400,AKShare stock_zh_a_spot / 新浪
002238,天威视讯,5.9300000000,6.0200000000,32068316.0000000000,5382010.0000000000,-0.0149500000,0.3206831600,AKShare stock_zh_a_spot / 新浪
002239,奥特佳,2.4200000000,2.4900000000,143233082.0000000000,58561362.0000000000,-0.0281100000,1.4323308200,AKShare stock_zh_a_spot / 新浪
002240,盛新锂能,31.7800000000,33.2300000000,1176840769.0000000000,36318518.0000000000,-0.0436400000,11.7684076900,AKShare stock_zh_a_spot / 新浪
002241,歌尔股份,21.9800000000,22.4800000000,1328507851.0000000000,60119537.0000000000,-0.0222400000,13.2850785100,AKShare stock_zh_a_spot / 新浪
002242,九阳股份,8.9100000000,9.1300000000,56627750.0000000000,6303720.0000000000,-0.0241000000,0.5662775000,AKShare stock_zh_a_spot / 新浪
002243,力合科创,7.0800000000,7.3800000000,84799703.0000000000,11837813.0000000000,-0.0406500000,0.8479970300,AKShare stock_zh_a_spot / 新浪
002244,滨江集团,9.3900000000,9.1000000000,473312329.0000000000,50613390.0000000000,0.0318700000,4.7331232900,AKShare stock_zh_a_spot / 新浪
002245,蔚蓝锂芯,18.2800000000,19.1600000000,1812242131.0000000000,97121728.0000000000,-0.0459300000,18.1224213100,AKShare stock_zh_a_spot / 新浪
002246,北化股份,20.4700000000,21.2800000000,328619049.0000000000,15892546.0000000000,-0.0380600000,3.2861904900,AKShare stock_zh_a_spot / 新浪
002247,聚力文化,2.3200000000,2.3800000000,42320814.0000000000,18144900.0000000000,-0.0252100000,0.4232081400,AKShare stock_zh_a_spot / 新浪
002248,华东数控,11.2000000000,12.4400000000,148381168.0000000000,13186400.0000000000,-0.0996800000,1.4838116800,AKShare stock_zh_a_spot / 新浪
002249,大洋电机,6.9900000000,7.4500000000,375282658.0000000000,52796889.0000000000,-0.0617400000,3.7528265800,AKShare stock_zh_a_spot / 新浪
002250,联化科技,15.7500000000,16.1200000000,207042348.0000000000,13056073.0000000000,-0.0229500000,2.0704234800,AKShare stock_zh_a_spot / 新浪
002251,步步高,3.5500000000,3.7600000000,372024112.0000000000,102648124.0000000000,-0.0558500000,3.7202411200,AKShare stock_zh_a_spot / 新浪
002252,上海莱士,4.8900000000,4.8900000000,191607364.0000000000,39321576.0000000000,0.0000000000,1.9160736400,AKShare stock_zh_a_spot / 新浪
002253,川大智胜,9.3400000000,9.7200000000,38844156.0000000000,4126750.0000000000,-0.0390900000,0.3884415600,AKShare stock_zh_a_spot / 新浪
002254,泰和新材,12.1300000000,12.8100000000,289891121.0000000000,23588975.0000000000,-0.0530800000,2.8989112100,AKShare stock_zh_a_spot / 新浪
002255,海陆重工,8.1000000000,8.4900000000,128252401.0000000000,15602424.0000000000,-0.0459400000,1.2825240100,AKShare stock_zh_a_spot / 新浪
002256,兆新股份,3.3000000000,3.5300000000,227892592.0000000000,67453201.0000000000,-0.0651600000,2.2789259200,AKShare stock_zh_a_spot / 新浪
002258,利尔化学,14.6500000000,14.9700000000,467874203.0000000000,31472327.0000000000,-0.0213800000,4.6787420300,AKShare stock_zh_a_spot / 新浪
002259,升达林业,3.7000000000,3.8300000000,74884046.0000000000,20156156.0000000000,-0.0339400000,0.7488404600,AKShare stock_zh_a_spot / 新浪
002261,拓维信息,25.6600000000,27.1900000000,1651543908.0000000000,63514042.0000000000,-0.0562700000,16.5154390800,AKShare stock_zh_a_spot / 新浪
002262,恩华药业,22.8000000000,23.1000000000,298168555.0000000000,13066688.0000000000,-0.0129900000,2.9816855500,AKShare stock_zh_a_spot / 新浪
002263,大东南,2.9100000000,3.0300000000,127908858.0000000000,43243351.0000000000,-0.0396000000,1.2790885800,AKShare stock_zh_a_spot / 新浪
002264,新 华 都,6.4600000000,6.8700000000,186499635.0000000000,28404275.0000000000,-0.0596800000,1.8649963500,AKShare stock_zh_a_spot / 新浪
002265,建设工业,18.3000000000,19.4900000000,291315602.0000000000,15696703.0000000000,-0.0610600000,2.9131560200,AKShare stock_zh_a_spot / 新浪
002266,浙富控股,4.8700000000,5.0000000000,366309210.0000000000,74155949.0000000000,-0.0260000000,3.6630921000,AKShare stock_zh_a_spot / 新浪
002267,陕天然气,7.0400000000,7.0300000000,52864849.0000000000,7500300.0000000000,0.0014200000,0.5286484900,AKShare stock_zh_a_spot / 新浪
002268,电科网安,13.5300000000,13.9500000000,122419051.0000000000,8983608.0000000000,-0.0301100000,1.2241905100,AKShare stock_zh_a_spot / 新浪
002269,美邦服饰,1.4100000000,1.4600000000,50295565.0000000000,35224600.0000000000,-0.0342500000,0.5029556500,AKShare stock_zh_a_spot / 新浪
002270,华明装备,19.6800000000,20.4600000000,434093972.0000000000,22041225.0000000000,-0.0381200000,4.3409397200,AKShare stock_zh_a_spot / 新浪
002271,东方雨虹,11.8600000000,11.7800000000,942244034.0000000000,79274385.0000000000,0.0067900000,9.4224403400,AKShare stock_zh_a_spot / 新浪
002272,川润股份,14.7400000000,16.3800000000,672093483.0000000000,44423794.0000000000,-0.1001200000,6.7209348300,AKShare stock_zh_a_spot / 新浪
002273,水晶光电,26.6300000000,29.0000000000,1670190066.0000000000,61151331.0000000000,-0.0817200000,16.7019006600,AKShare stock_zh_a_spot / 新浪
002274,华昌化工,5.8400000000,5.9100000000,128730017.0000000000,22007617.0000000000,-0.0118400000,1.2873001700,AKShare stock_zh_a_spot / 新浪
002275,桂林三金,13.2800000000,13.4000000000,32390497.0000000000,2423400.0000000000,-0.0089600000,0.3239049700,AKShare stock_zh_a_spot / 新浪
002276,万马股份,9.8700000000,10.4000000000,196320294.0000000000,19595136.0000000000,-0.0509600000,1.9632029400,AKShare stock_zh_a_spot / 新浪
002277,友阿股份,5.5300000000,5.8100000000,91740788.0000000000,16351702.0000000000,-0.0481900000,0.9174078800,AKShare stock_zh_a_spot / 新浪
002278,神开股份,7.9200000000,8.2900000000,94351322.0000000000,11703600.0000000000,-0.0446300000,0.9435132200,AKShare stock_zh_a_spot / 新浪
002279,久其软件,6.3500000000,6.7500000000,283185554.0000000000,43955730.0000000000,-0.0592600000,2.8318555400,AKShare stock_zh_a_spot / 新浪
002281,光迅科技,177.8800000000,197.6400000000,7240906785.0000000000,39555203.0000000000,-0.0999800000,72.4090678500,AKShare stock_zh_a_spot / 新浪
002282,博深股份,5.8400000000,5.9600000000,23083794.0000000000,3922300.0000000000,-0.0201300000,0.2308379400,AKShare stock_zh_a_spot / 新浪
002283,天润工业,8.8700000000,9.5800000000,233539426.0000000000,25833700.0000000000,-0.0741100000,2.3353942600,AKShare stock_zh_a_spot / 新浪
002284,亚太股份,9.7400000000,10.2200000000,636057764.0000000000,64369708.0000000000,-0.0469700000,6.3605776400,AKShare stock_zh_a_spot / 新浪
002285,世联行,2.1300000000,2.1600000000,201384740.0000000000,91942629.0000000000,-0.0138900000,2.0138474000,AKShare stock_zh_a_spot / 新浪
002286,保龄宝,8.0100000000,8.3000000000,98574483.0000000000,12145940.0000000000,-0.0349400000,0.9857448300,AKShare stock_zh_a_spot / 新浪
002287,奇正藏药,20.0700000000,20.3400000000,51747257.0000000000,2565736.0000000000,-0.0132700000,0.5174725700,AKShare stock_zh_a_spot / 新浪
002289,宇顺电子,40.9500000000,43.1300000000,309777815.0000000000,7405600.0000000000,-0.0505400000,3.0977781500,AKShare stock_zh_a_spot / 新浪
002290,禾盛新材,62.4200000000,68.5500000000,640724993.0000000000,9954085.0000000000,-0.0894200000,6.4072499300,AKShare stock_zh_a_spot / 新浪
002291,遥望科技,5.1700000000,5.3700000000,133919509.0000000000,25682971.0000000000,-0.0372400000,1.3391950900,AKShare stock_zh_a_spot / 新浪
002292,奥飞娱乐,7.8700000000,8.1100000000,259076292.0000000000,32668192.0000000000,-0.0295900000,2.5907629200,AKShare stock_zh_a_spot / 新浪
002293,罗莱生活,11.2200000000,11.2500000000,65599978.0000000000,5792244.0000000000,-0.0026700000,0.6559997800,AKShare stock_zh_a_spot / 新浪
002294,信立泰,33.6400000000,34.7800000000,726000958.0000000000,21318100.0000000000,-0.0327800000,7.2600095800,AKShare stock_zh_a_spot / 新浪
002295,精艺股份,8.6900000000,8.9200000000,34535537.0000000000,3932700.0000000000,-0.0257800000,0.3453553700,AKShare stock_zh_a_spot / 新浪
002296,辉煌科技,8.6300000000,8.9700000000,90743959.0000000000,10446000.0000000000,-0.0379000000,0.9074395900,AKShare stock_zh_a_spot / 新浪
002297,博云新材,17.5800000000,19.5300000000,1142298333.0000000000,62520051.0000000000,-0.0998500000,11.4229833300,AKShare stock_zh_a_spot / 新浪
002298,中电鑫龙,8.0700000000,8.5700000000,320553897.0000000000,39129191.0000000000,-0.0583400000,3.2055389700,AKShare stock_zh_a_spot / 新浪
002299,圣农发展,16.2600000000,16.3900000000,234246325.0000000000,14280622.0000000000,-0.0079300000,2.3424632500,AKShare stock_zh_a_spot / 新浪
002300,太阳电缆,6.6700000000,7.0300000000,167251603.0000000000,24656204.0000000000,-0.0512100000,1.6725160300,AKShare stock_zh_a_spot / 新浪
002301,齐心集团,7.5500000000,7.8600000000,117029267.0000000000,15366100.0000000000,-0.0394400000,1.1702926700,AKShare stock_zh_a_spot / 新浪
002302,西部建设,4.6700000000,4.7400000000,40700312.0000000000,8648181.0000000000,-0.0147700000,0.4070031200,AKShare stock_zh_a_spot / 新浪
002303,美盈森,4.6200000000,5.1300000000,364099411.0000000000,75684371.0000000000,-0.0994200000,3.6409941100,AKShare stock_zh_a_spot / 新浪
002304,洋河股份,39.0200000000,39.6500000000,175440360.0000000000,4473698.0000000000,-0.0158900000,1.7544036000,AKShare stock_zh_a_spot / 新浪
002307,北新路桥,2.8700000000,2.9600000000,58610079.0000000000,20194600.0000000000,-0.0304100000,0.5861007900,AKShare stock_zh_a_spot / 新浪
002309,中利集团,2.9800000000,3.1800000000,519451820.0000000000,170375824.0000000000,-0.0628900000,5.1945182000,AKShare stock_zh_a_spot / 新浪
002310,东方新能,2.2800000000,2.3600000000,182348945.0000000000,79181005.0000000000,-0.0339000000,1.8234894500,AKShare stock_zh_a_spot / 新浪
002311,海大集团,45.2700000000,46.0100000000,366182333.0000000000,8023682.0000000000,-0.0160800000,3.6618233300,AKShare stock_zh_a_spot / 新浪
002312,川发龙蟒,8.3000000000,8.6400000000,258894150.0000000000,30776561.0000000000,-0.0393500000,2.5889415000,AKShare stock_zh_a_spot / 新浪
002313,日海智能,7.9800000000,8.4200000000,48714570.0000000000,6016700.0000000000,-0.0522600000,0.4871457000,AKShare stock_zh_a_spot / 新浪
002314,南山控股,2.0800000000,2.1300000000,37069527.0000000000,17673000.0000000000,-0.0234700000,0.3706952700,AKShare stock_zh_a_spot / 新浪
002315,焦点科技,24.6800000000,25.4800000000,170505331.0000000000,6865554.0000000000,-0.0314000000,1.7050533100,AKShare stock_zh_a_spot / 新浪
002316,亚联发展,4.3600000000,4.5200000000,46085035.0000000000,10503400.0000000000,-0.0354000000,0.4608503500,AKShare stock_zh_a_spot / 新浪
002317,众生药业,27.2300000000,28.4900000000,747198928.0000000000,27049805.0000000000,-0.0442300000,7.4719892800,AKShare stock_zh_a_spot / 新浪
002318,久立特材,19.4100000000,19.8300000000,141605335.0000000000,7290898.0000000000,-0.0211800000,1.4160533500,AKShare stock_zh_a_spot / 新浪
002319,乐通股份,10.5000000000,11.2900000000,107817411.0000000000,10031000.0000000000,-0.0699700000,1.0781741100,AKShare stock_zh_a_spot / 新浪
002320,海峡股份,6.4000000000,6.5900000000,103965929.0000000000,16163583.0000000000,-0.0288300000,1.0396592900,AKShare stock_zh_a_spot / 新浪
002321,华英农业,2.0300000000,2.0900000000,105763304.0000000000,51479300.0000000000,-0.0287100000,1.0576330400,AKShare stock_zh_a_spot / 新浪
002322,理工能科,12.1400000000,12.6800000000,291727739.0000000000,24136100.0000000000,-0.0425900000,2.9172773900,AKShare stock_zh_a_spot / 新浪
002324,普利特,8.8000000000,9.3200000000,183859963.0000000000,20508149.0000000000,-0.0557900000,1.8385996300,AKShare stock_zh_a_spot / 新浪
002326,永太科技,20.9700000000,21.2900000000,1201761003.0000000000,56123480.0000000000,-0.0150300000,12.0176100300,AKShare stock_zh_a_spot / 新浪
002327,富安娜,6.5900000000,6.6000000000,23778125.0000000000,3589700.0000000000,-0.0015200000,0.2377812500,AKShare stock_zh_a_spot / 新浪
002328,新朋股份,7.0300000000,7.3300000000,200894678.0000000000,28273731.0000000000,-0.0409300000,2.0089467800,AKShare stock_zh_a_spot / 新浪
002329,皇氏集团,3.8100000000,4.2300000000,525346679.0000000000,135077424.0000000000,-0.0992900000,5.2534667900,AKShare stock_zh_a_spot / 新浪
002330,得利斯,4.0500000000,4.2300000000,85456841.0000000000,20740250.0000000000,-0.0425500000,0.8545684100,AKShare stock_zh_a_spot / 新浪
002331,皖通科技,6.8600000000,6.9800000000,55838682.0000000000,8107300.0000000000,-0.0171900000,0.5583868200,AKShare stock_zh_a_spot / 新浪
002332,仙琚制药,8.4700000000,8.4400000000,87334399.0000000000,10374454.0000000000,0.0035500000,0.8733439900,AKShare stock_zh_a_spot / 新浪
002333,罗普斯金,6.3400000000,5.7600000000,89434468.0000000000,14106383.0000000000,0.1006900000,0.8943446800,AKShare stock_zh_a_spot / 新浪
002334,英威腾,6.3400000000,6.6400000000,85546768.0000000000,13346166.0000000000,-0.0451800000,0.8554676800,AKShare stock_zh_a_spot / 新浪
002335,科华数据,30.2000000000,32.2000000000,706593645.0000000000,22913612.0000000000,-0.0621100000,7.0659364500,AKShare stock_zh_a_spot / 新浪
002337,赛象科技,4.5300000000,4.7100000000,33277529.0000000000,7287000.0000000000,-0.0382200000,0.3327752900,AKShare stock_zh_a_spot / 新浪
002338,奥普光电,43.4900000000,46.2200000000,319453501.0000000000,7175278.0000000000,-0.0590700000,3.1945350100,AKShare stock_zh_a_spot / 新浪
002339,积成电子,6.9400000000,7.1900000000,70329331.0000000000,10032509.0000000000,-0.0347700000,0.7032933100,AKShare stock_zh_a_spot / 新浪
002340,格林美,6.4400000000,6.6100000000,567370786.0000000000,87556862.0000000000,-0.0257200000,5.6737078600,AKShare stock_zh_a_spot / 新浪
002342,巨力索具,7.4900000000,8.3200000000,629860917.0000000000,81557464.0000000000,-0.0997600000,6.2986091700,AKShare stock_zh_a_spot / 新浪
002343,慈文传媒,4.8700000000,5.0500000000,38946335.0000000000,7921860.0000000000,-0.0356400000,0.3894633500,AKShare stock_zh_a_spot / 新浪
002344,海宁皮城,3.8000000000,3.8800000000,33453653.0000000000,8788300.0000000000,-0.0206200000,0.3345365300,AKShare stock_zh_a_spot / 新浪
002345,潮宏基,9.5600000000,10.2500000000,282722333.0000000000,28881300.0000000000,-0.0673200000,2.8272233300,AKShare stock_zh_a_spot / 新浪
002346,柘中股份,26.3000000000,26.1000000000,462827155.0000000000,17312941.0000000000,0.0076600000,4.6282715500,AKShare stock_zh_a_spot / 新浪
002347,泰尔股份,5.8500000000,6.1100000000,83906331.0000000000,14175000.0000000000,-0.0425500000,0.8390633100,AKShare stock_zh_a_spot / 新浪
002348,高乐股份,11.5200000000,12.1800000000,258112901.0000000000,21944353.0000000000,-0.0541900000,2.5811290100,AKShare stock_zh_a_spot / 新浪
002349,精华制药,7.0300000000,7.0800000000,124436859.0000000000,17541460.0000000000,-0.0070600000,1.2443685900,AKShare stock_zh_a_spot / 新浪
002350,北京科锐,14.0400000000,15.0600000000,174979837.0000000000,12152478.0000000000,-0.0677300000,1.7497983700,AKShare stock_zh_a_spot / 新浪
002351,漫步者,9.5800000000,9.7900000000,64066306.0000000000,6649729.0000000000,-0.0214500000,0.6406630600,AKShare stock_zh_a_spot / 新浪
002352,顺丰控股,32.7800000000,32.7000000000,696128302.0000000000,21252305.0000000000,0.0024500000,6.9612830200,AKShare stock_zh_a_spot / 新浪
002353,杰瑞股份,150.5000000000,162.5500000000,3843348595.0000000000,24809967.0000000000,-0.0741300000,38.4334859500,AKShare stock_zh_a_spot / 新浪
002354,天娱数科,7.3800000000,7.9200000000,1554554425.0000000000,206904956.0000000000,-0.0681800000,15.5455442500,AKShare stock_zh_a_spot / 新浪
002355,兴民智通,4.7900000000,4.9500000000,94084057.0000000000,19436194.0000000000,-0.0323200000,0.9408405700,AKShare stock_zh_a_spot / 新浪
002356,鹏飞绿能,2.6500000000,2.7700000000,47335206.0000000000,17580100.0000000000,-0.0433200000,0.4733520600,AKShare stock_zh_a_spot / 新浪
002357,富临运业,10.5400000000,10.8400000000,142448186.0000000000,13209100.0000000000,-0.0276800000,1.4244818600,AKShare stock_zh_a_spot / 新浪
002358,森源电气,5.2600000000,5.5000000000,90616547.0000000000,17043600.0000000000,-0.0436400000,0.9061654700,AKShare stock_zh_a_spot / 新浪
002361,神剑股份,11.2700000000,12.1200000000,2971295964.0000000000,252814871.0000000000,-0.0701300000,29.7129596400,AKShare stock_zh_a_spot / 新浪
002362,汉王科技,15.4400000000,16.1300000000,46466230.0000000000,2971965.0000000000,-0.0427800000,0.4646623000,AKShare stock_zh_a_spot / 新浪
002363,隆基机械,6.3400000000,6.5400000000,35831350.0000000000,5620630.0000000000,-0.0305800000,0.3583135000,AKShare stock_zh_a_spot / 新浪
002364,中恒电气,39.5100000000,43.7200000000,1793092691.0000000000,43962960.0000000000,-0.0962900000,17.9309269100,AKShare stock_zh_a_spot / 新浪
002365,永安药业,14.3300000000,15.5500000000,846971783.0000000000,58443424.0000000000,-0.0784600000,8.4697178300,AKShare stock_zh_a_spot / 新浪
002366,融发核电,5.6200000000,5.8900000000,246251754.0000000000,43041900.0000000000,-0.0458400000,2.4625175400,AKShare stock_zh_a_spot / 新浪
002367,康力电梯,5.2800000000,5.4400000000,53530980.0000000000,10037500.0000000000,-0.0294100000,0.5353098000,AKShare stock_zh_a_spot / 新浪
002368,太极股份,13.6500000000,14.5200000000,228644563.0000000000,16531700.0000000000,-0.0599200000,2.2864456300,AKShare stock_zh_a_spot / 新浪
002369,卓翼科技,5.5300000000,5.8100000000,102353032.0000000000,18277635.0000000000,-0.0481900000,1.0235303200,AKShare stock_zh_a_spot / 新浪
002370,亚太药业,5.7200000000,6.0400000000,236629559.0000000000,40625673.0000000000,-0.0529800000,2.3662955900,AKShare stock_zh_a_spot / 新浪
002371,北方华创,712.9500000000,777.0000000000,7961986719.0000000000,10891933.0000000000,-0.0824300000,79.6198671900,AKShare stock_zh_a_spot / 新浪
002372,伟星新材,8.4700000000,8.4500000000,111826641.0000000000,13158161.0000000000,0.0023700000,1.1182664100,AKShare stock_zh_a_spot / 新浪
002373,千方科技,7.5000000000,7.7200000000,157956041.0000000000,20876550.0000000000,-0.0285000000,1.5795604100,AKShare stock_zh_a_spot / 新浪
002374,中锐股份,3.0500000000,3.1100000000,50324046.0000000000,16462828.0000000000,-0.0192900000,0.5032404600,AKShare stock_zh_a_spot / 新浪
002375,亚厦股份,3.5800000000,3.6600000000,52250610.0000000000,14435387.0000000000,-0.0218600000,0.5225061000,AKShare stock_zh_a_spot / 新浪
002376,新北洋,6.8400000000,6.8700000000,191463690.0000000000,27736025.0000000000,-0.0043700000,1.9146369000,AKShare stock_zh_a_spot / 新浪
002377,国创高新,2.6600000000,2.7500000000,61841769.0000000000,22980700.0000000000,-0.0327300000,0.6184176900,AKShare stock_zh_a_spot / 新浪
002378,章源钨业,25.4800000000,26.8300000000,810414839.0000000000,31393109.0000000000,-0.0503200000,8.1041483900,AKShare stock_zh_a_spot / 新浪
002379,宏桥控股,18.5500000000,19.2000000000,735388376.0000000000,39491416.0000000000,-0.0338500000,7.3538837600,AKShare stock_zh_a_spot / 新浪
002380,科远智慧,27.0900000000,29.1800000000,176586528.0000000000,6390700.0000000000,-0.0716200000,1.7658652800,AKShare stock_zh_a_spot / 新浪
002381,双箭股份,5.3900000000,5.4800000000,23032013.0000000000,4240000.0000000000,-0.0164200000,0.2303201300,AKShare stock_zh_a_spot / 新浪
002382,蓝帆医疗,5.7800000000,5.8900000000,71946924.0000000000,12355105.0000000000,-0.0186800000,0.7194692400,AKShare stock_zh_a_spot / 新浪
002383,合众思壮,6.7700000000,7.1200000000,87174892.0000000000,12715760.0000000000,-0.0491600000,0.8717489200,AKShare stock_zh_a_spot / 新浪
002384,东山精密,197.1000000000,213.8200000000,14750599926.0000000000,72944686.0000000000,-0.0782000000,147.5059992600,AKShare stock_zh_a_spot / 新浪
002385,大北农,3.2300000000,3.3800000000,1087029369.0000000000,323645430.0000000000,-0.0443800000,10.8702936900,AKShare stock_zh_a_spot / 新浪
002386,天原股份,5.6500000000,5.7700000000,76463029.0000000000,13464443.0000000000,-0.0208000000,0.7646302900,AKShare stock_zh_a_spot / 新浪
002387,维信诺,6.8100000000,7.1000000000,97180246.0000000000,14083674.0000000000,-0.0408500000,0.9718024600,AKShare stock_zh_a_spot / 新浪
002388,新亚制程,5.9000000000,6.2300000000,228149494.0000000000,37866250.0000000000,-0.0529700000,2.2814949400,AKShare stock_zh_a_spot / 新浪
002389,航天彩虹,17.7400000000,18.2100000000,295304118.0000000000,16491849.0000000000,-0.0258100000,2.9530411800,AKShare stock_zh_a_spot / 新浪
002390,信邦制药,3.0400000000,3.0900000000,79037702.0000000000,25726100.0000000000,-0.0161800000,0.7903770200,AKShare stock_zh_a_spot / 新浪
002391,长青股份,5.1000000000,5.2200000000,43000207.0000000000,8372400.0000000000,-0.0229900000,0.4300020700,AKShare stock_zh_a_spot / 新浪
002392,北京利尔,7.5100000000,7.7500000000,130861902.0000000000,17202780.0000000000,-0.0309700000,1.3086190200,AKShare stock_zh_a_spot / 新浪
002393,力生制药,14.4300000000,14.6900000000,45126076.0000000000,3103742.0000000000,-0.0177000000,0.4512607600,AKShare stock_zh_a_spot / 新浪
002394,联发股份,9.4800000000,9.6900000000,31814365.0000000000,3331200.0000000000,-0.0216700000,0.3181436500,AKShare stock_zh_a_spot / 新浪
002395,双象股份,12.0600000000,12.5900000000,46285344.0000000000,3786167.0000000000,-0.0421000000,0.4628534400,AKShare stock_zh_a_spot / 新浪
002396,星网锐捷,29.4800000000,32.7600000000,2457156414.0000000000,79944260.0000000000,-0.1001200000,24.5715641400,AKShare stock_zh_a_spot / 新浪
002397,梦洁股份,3.5700000000,3.5200000000,108053359.0000000000,30332427.0000000000,0.0142000000,1.0805335900,AKShare stock_zh_a_spot / 新浪
002398,垒知集团,4.0500000000,4.1200000000,45870806.0000000000,11281582.0000000000,-0.0169900000,0.4587080600,AKShare stock_zh_a_spot / 新浪
002399,海普瑞,10.2500000000,10.4600000000,49891575.0000000000,4826332.0000000000,-0.0200800000,0.4989157500,AKShare stock_zh_a_spot / 新浪
002400,省广集团,6.4400000000,6.7500000000,626842853.0000000000,96269108.0000000000,-0.0459300000,6.2684285300,AKShare stock_zh_a_spot / 新浪
002401,中远海科,11.8500000000,12.1600000000,37991223.0000000000,3192141.0000000000,-0.0254900000,0.3799122300,AKShare stock_zh_a_spot / 新浪
002402,和而泰,19.4900000000,21.6500000000,1116481261.0000000000,56517671.0000000000,-0.0997700000,11.1648126100,AKShare stock_zh_a_spot / 新浪
002403,爱仕达,9.3100000000,9.8200000000,42248144.0000000000,4487180.0000000000,-0.0519300000,0.4224814400,AKShare stock_zh_a_spot / 新浪
002404,嘉欣丝绸,5.9900000000,6.0700000000,48490057.0000000000,8040300.0000000000,-0.0131800000,0.4849005700,AKShare stock_zh_a_spot / 新浪
002405,四维图新,6.2200000000,6.4000000000,269801703.0000000000,43045879.0000000000,-0.0281300000,2.6980170300,AKShare stock_zh_a_spot / 新浪
002406,远东传动,6.5500000000,6.8800000000,100447904.0000000000,15160900.0000000000,-0.0479700000,1.0044790400,AKShare stock_zh_a_spot / 新浪
002407,多氟多,37.5200000000,37.4800000000,7450609509.0000000000,197703624.0000000000,0.0010700000,74.5060950900,AKShare stock_zh_a_spot / 新浪
002408,齐翔腾达,5.1800000000,5.1900000000,135456440.0000000000,26140220.0000000000,-0.0019300000,1.3545644000,AKShare stock_zh_a_spot / 新浪
002409,雅克科技,142.9700000000,158.8600000000,3991856297.0000000000,27139487.0000000000,-0.1000300000,39.9185629700,AKShare stock_zh_a_spot / 新浪
002410,广联达,8.8700000000,9.0700000000,209310268.0000000000,23443717.0000000000,-0.0220500000,2.0931026800,AKShare stock_zh_a_spot / 新浪
002412,汉森制药,8.4200000000,7.6500000000,262158048.0000000000,31759675.0000000000,0.1006500000,2.6215804800,AKShare stock_zh_a_spot / 新浪
002413,雷科防务,7.8100000000,8.6200000000,878994516.0000000000,109488940.0000000000,-0.0939700000,8.7899451600,AKShare stock_zh_a_spot / 新浪
002414,高德红外,13.1300000000,14.0200000000,982397473.0000000000,73164515.0000000000,-0.0634800000,9.8239747300,AKShare stock_zh_a_spot / 新浪
002415,海康威视,33.8900000000,34.6300000000,2602286291.0000000000,76434685.0000000000,-0.0213700000,26.0228629100,AKShare stock_zh_a_spot / 新浪
002416,爱施德,9.2800000000,9.5700000000,182734033.0000000000,19489330.0000000000,-0.0303000000,1.8273403300,AKShare stock_zh_a_spot / 新浪
002418,康盛股份,3.5700000000,3.9100000000,284054325.0000000000,77805310.0000000000,-0.0869600000,2.8405432500,AKShare stock_zh_a_spot / 新浪
002419,天虹股份,4.5700000000,4.7600000000,70447708.0000000000,15270893.0000000000,-0.0399200000,0.7044770800,AKShare stock_zh_a_spot / 新浪
002420,毅昌科技,5.8000000000,5.9300000000,49946704.0000000000,8596700.0000000000,-0.0219200000,0.4994670400,AKShare stock_zh_a_spot / 新浪
002421,达实智能,3.0700000000,3.3200000000,647343834.0000000000,206876347.0000000000,-0.0753000000,6.4734383400,AKShare stock_zh_a_spot / 新浪
002422,科伦药业,44.9700000000,46.2600000000,996757236.0000000000,21927455.0000000000,-0.0278900000,9.9675723600,AKShare stock_zh_a_spot / 新浪
002423,中粮资本,8.8300000000,9.0000000000,109422107.0000000000,12327793.0000000000,-0.0188900000,1.0942210700,AKShare stock_zh_a_spot / 新浪
002425,凯撒文化,2.9700000000,3.1200000000,124057849.0000000000,40999000.0000000000,-0.0480800000,1.2405784900,AKShare stock_zh_a_spot / 新浪
002426,胜利精密,2.5600000000,2.7300000000,259866266.0000000000,99661124.0000000000,-0.0622700000,2.5986626600,AKShare stock_zh_a_spot / 新浪
002427,尤夫股份,4.3600000000,4.3500000000,136696607.0000000000,31047505.0000000000,0.0023000000,1.3669660700,AKShare stock_zh_a_spot / 新浪
002428,云南锗业,104.7000000000,108.3000000000,10997893427.0000000000,103568539.0000000000,-0.0332400000,109.9789342700,AKShare stock_zh_a_spot / 新浪
002429,兆驰股份,8.0900000000,8.6200000000,662794256.0000000000,80416106.0000000000,-0.0614800000,6.6279425600,AKShare stock_zh_a_spot / 新浪
002430,杭氧股份,23.2000000000,23.9800000000,311869825.0000000000,13290657.0000000000,-0.0325300000,3.1186982500,AKShare stock_zh_a_spot / 新浪
002432,九安医疗,70.3800000000,74.3100000000,1658378807.0000000000,23054681.0000000000,-0.0528900000,16.5837880700,AKShare stock_zh_a_spot / 新浪
002434,万里扬,5.8000000000,5.9900000000,163154774.0000000000,27879092.0000000000,-0.0317200000,1.6315477400,AKShare stock_zh_a_spot / 新浪
002436,兴森科技,33.8000000000,37.5600000000,3989560994.0000000000,114705872.0000000000,-0.1001100000,39.8956099400,AKShare stock_zh_a_spot / 新浪
002437,誉衡药业,4.3000000000,4.7600000000,3387760605.0000000000,738255582.0000000000,-0.0966400000,33.8776060500,AKShare stock_zh_a_spot / 新浪
002438,江苏神通,13.7200000000,14.3400000000,124661322.0000000000,8958015.0000000000,-0.0432400000,1.2466132200,AKShare stock_zh_a_spot / 新浪
002439,启明星辰,13.2000000000,13.7000000000,271341688.0000000000,20259838.0000000000,-0.0365000000,2.7134168800,AKShare stock_zh_a_spot / 新浪
002440,闰土股份,12.5800000000,13.2300000000,495654381.0000000000,38758489.0000000000,-0.0491300000,4.9565438100,AKShare stock_zh_a_spot / 新浪
002441,众业达,7.7100000000,7.9200000000,36439940.0000000000,4694670.0000000000,-0.0265200000,0.3643994000,AKShare stock_zh_a_spot / 新浪
002442,龙星科技,4.9600000000,5.0500000000,39554634.0000000000,7998740.0000000000,-0.0178200000,0.3955463400,AKShare stock_zh_a_spot / 新浪
002443,金洲管道,9.1200000000,9.3300000000,207055557.0000000000,22442458.0000000000,-0.0225100000,2.0705555700,AKShare stock_zh_a_spot / 新浪
002444,巨星科技,30.1000000000,30.5400000000,302702266.0000000000,10079059.0000000000,-0.0144100000,3.0270226600,AKShare stock_zh_a_spot / 新浪
002446,盛路通信,8.3400000000,9.0500000000,341127965.0000000000,39830934.0000000000,-0.0784500000,3.4112796500,AKShare stock_zh_a_spot / 新浪
002448,中原内配,12.6800000000,13.8300000000,518202917.0000000000,39742450.0000000000,-0.0831500000,5.1820291700,AKShare stock_zh_a_spot / 新浪
002449,国星光电,6.2700000000,6.5000000000,57541354.0000000000,9067412.0000000000,-0.0353800000,0.5754135400,AKShare stock_zh_a_spot / 新浪
002451,摩恩电气,7.1600000000,7.3800000000,62738580.0000000000,8662500.0000000000,-0.0298100000,0.6273858000,AKShare stock_zh_a_spot / 新浪
002452,长高电气,11.0700000000,11.5600000000,135838012.0000000000,12121756.0000000000,-0.0423900000,1.3583801200,AKShare stock_zh_a_spot / 新浪
002453,华软科技,4.3000000000,4.4200000000,90722539.0000000000,20540190.0000000000,-0.0271500000,0.9072253900,AKShare stock_zh_a_spot / 新浪
002454,松芝股份,4.8500000000,5.0200000000,53636662.0000000000,10982827.0000000000,-0.0338600000,0.5363666200,AKShare stock_zh_a_spot / 新浪
002455,百川股份,7.2000000000,7.4000000000,188672447.0000000000,26027159.0000000000,-0.0270300000,1.8867244700,AKShare stock_zh_a_spot / 新浪
002456,欧菲光,6.7500000000,7.1300000000,761099974.0000000000,110985126.0000000000,-0.0533000000,7.6109997400,AKShare stock_zh_a_spot / 新浪
002457,青龙管业,10.5100000000,11.0600000000,186766920.0000000000,17440302.0000000000,-0.0497300000,1.8676692000,AKShare stock_zh_a_spot / 新浪
002458,益生股份,9.2200000000,9.6500000000,550534400.0000000000,58721061.0000000000,-0.0445600000,5.5053440000,AKShare stock_zh_a_spot / 新浪
002459,晶澳科技,7.2900000000,7.6500000000,275866064.0000000000,37345247.0000000000,-0.0470600000,2.7586606400,AKShare stock_zh_a_spot / 新浪
002460,赣锋锂业,51.7200000000,53.5900000000,1621800719.0000000000,30940595.0000000000,-0.0348900000,16.2180071900,AKShare stock_zh_a_spot / 新浪
002461,珠江啤酒,8.6700000000,8.6700000000,43750516.0000000000,5038831.0000000000,0.0000000000,0.4375051600,AKShare stock_zh_a_spot / 新浪
002462,嘉事堂,12.0000000000,12.2600000000,35938829.0000000000,2977100.0000000000,-0.0212100000,0.3593882900,AKShare stock_zh_a_spot / 新浪
002463,沪电股份,113.4100000000,123.5900000000,6083778821.0000000000,52233447.0000000000,-0.0823700000,60.8377882100,AKShare stock_zh_a_spot / 新浪
002465,海格通信,9.8900000000,10.6100000000,982276749.0000000000,96159903.0000000000,-0.0678600000,9.8227674900,AKShare stock_zh_a_spot / 新浪
002466,天齐锂业,46.1300000000,47.9300000000,1673056426.0000000000,35765704.0000000000,-0.0375500000,16.7305642600,AKShare stock_zh_a_spot / 新浪
002467,二六三,4.5100000000,4.7900000000,237783666.0000000000,51946519.0000000000,-0.0584600000,2.3778366600,AKShare stock_zh_a_spot / 新浪
002468,申通快递,14.6800000000,14.7700000000,260017301.0000000000,17636020.0000000000,-0.0060900000,2.6001730100,AKShare stock_zh_a_spot / 新浪
002469,三维化学,6.0500000000,6.0700000000,81712042.0000000000,13632434.0000000000,-0.0032900000,0.8171204200,AKShare stock_zh_a_spot / 新浪
002470,金正大,1.9800000000,2.0400000000,369010471.0000000000,185700900.0000000000,-0.0294100000,3.6901047100,AKShare stock_zh_a_spot / 新浪
002471,中超控股,5.3800000000,5.9100000000,618653964.0000000000,111651321.0000000000,-0.0896800000,6.1865396400,AKShare stock_zh_a_spot / 新浪
002472,双环传动,36.3000000000,39.9100000000,1389782660.0000000000,37281972.0000000000,-0.0904500000,13.8978266000,AKShare stock_zh_a_spot / 新浪
002474,榕基软件,6.1100000000,6.6800000000,266571538.0000000000,42454500.0000000000,-0.0853300000,2.6657153800,AKShare stock_zh_a_spot / 新浪
002475,立讯精密,53.5000000000,57.7400000000,8628638567.0000000000,158335376.0000000000,-0.0734300000,86.2863856700,AKShare stock_zh_a_spot / 新浪
002476,新叶股份,4.7900000000,4.9400000000,67895646.0000000000,14015680.0000000000,-0.0303600000,0.6789564600,AKShare stock_zh_a_spot / 新浪
002478,常宝股份,6.5000000000,6.8400000000,143025984.0000000000,21808841.0000000000,-0.0497100000,1.4302598400,AKShare stock_zh_a_spot / 新浪
002479,富春环保,5.6100000000,5.7500000000,83769762.0000000000,14817500.0000000000,-0.0243500000,0.8376976200,AKShare stock_zh_a_spot / 新浪
002480,新筑股份,5.5000000000,5.6700000000,48924784.0000000000,8794483.0000000000,-0.0299800000,0.4892478400,AKShare stock_zh_a_spot / 新浪
002481,双塔食品,4.2300000000,4.3700000000,93333451.0000000000,21916900.0000000000,-0.0320400000,0.9333345100,AKShare stock_zh_a_spot / 新浪
002482,广田集团,1.2400000000,1.2700000000,60097940.0000000000,47999740.0000000000,-0.0236200000,0.6009794000,AKShare stock_zh_a_spot / 新浪
002483,润邦股份,5.4500000000,5.5300000000,74924963.0000000000,13680300.0000000000,-0.0144700000,0.7492496300,AKShare stock_zh_a_spot / 新浪
002484,江海股份,60.6700000000,67.4100000000,3079076086.0000000000,49429890.0000000000,-0.0999900000,30.7907608600,AKShare stock_zh_a_spot / 新浪
002486,嘉麟杰,2.5100000000,2.5700000000,65860755.0000000000,26134400.0000000000,-0.0233500000,0.6586075500,AKShare stock_zh_a_spot / 新浪
002487,大金重工,38.8200000000,41.3400000000,862365767.0000000000,21777283.0000000000,-0.0609600000,8.6236576700,AKShare stock_zh_a_spot / 新浪
002488,金固股份,8.2900000000,8.6200000000,278107873.0000000000,33504272.0000000000,-0.0382800000,2.7810787300,AKShare stock_zh_a_spot / 新浪
002489,浙江永强,2.6500000000,2.7600000000,64753996.0000000000,24121721.0000000000,-0.0398600000,0.6475399600,AKShare stock_zh_a_spot / 新浪
002490,山东墨龙,7.7000000000,8.0200000000,515237697.0000000000,65298685.0000000000,-0.0399000000,5.1523769700,AKShare stock_zh_a_spot / 新浪
002491,通鼎互联,17.5200000000,19.4700000000,2714801871.0000000000,149661401.0000000000,-0.1001500000,27.1480187100,AKShare stock_zh_a_spot / 新浪
002492,恒基达鑫,5.4100000000,5.5400000000,38377027.0000000000,7046900.0000000000,-0.0234700000,0.3837702700,AKShare stock_zh_a_spot / 新浪
002493,荣盛石化,13.4100000000,12.8700000000,1212632386.0000000000,91286031.0000000000,0.0419600000,12.1263238600,AKShare stock_zh_a_spot / 新浪
002494,华斯股份,4.7100000000,4.8300000000,33835558.0000000000,7134900.0000000000,-0.0248400000,0.3383555800,AKShare stock_zh_a_spot / 新浪
002495,佳隆股份,2.3500000000,2.4200000000,48096883.0000000000,20260200.0000000000,-0.0289300000,0.4809688300,AKShare stock_zh_a_spot / 新浪
002496,辉丰股份,2.0500000000,2.1500000000,50175133.0000000000,24125900.0000000000,-0.0465100000,0.5017513300,AKShare stock_zh_a_spot / 新浪
002497,雅化集团,18.7200000000,19.4200000000,590071114.0000000000,31067469.0000000000,-0.0360500000,5.9007111400,AKShare stock_zh_a_spot / 新浪
002498,汉缆股份,6.2800000000,6.6000000000,494823679.0000000000,77355375.0000000000,-0.0484800000,4.9482367900,AKShare stock_zh_a_spot / 新浪
002500,山西证券,5.1800000000,5.2300000000,79202894.0000000000,15262666.0000000000,-0.0095600000,0.7920289400,AKShare stock_zh_a_spot / 新浪
002506,协鑫集成,2.5400000000,2.7200000000,600501132.0000000000,232131272.0000000000,-0.0661800000,6.0050113200,AKShare stock_zh_a_spot / 新浪
002507,涪陵榨菜,11.3800000000,11.3500000000,125292986.0000000000,11022490.0000000000,0.0026400000,1.2529298600,AKShare stock_zh_a_spot / 新浪
002508,老板电器,16.4300000000,15.7500000000,376063324.0000000000,22978767.0000000000,0.0431700000,3.7606332400,AKShare stock_zh_a_spot / 新浪
002510,天汽模,5.3600000000,5.6500000000,122144063.0000000000,22460100.0000000000,-0.0513300000,1.2214406300,AKShare stock_zh_a_spot / 新浪
002511,中顺洁柔,7.1100000000,7.1700000000,62970393.0000000000,8820682.0000000000,-0.0083700000,0.6297039300,AKShare stock_zh_a_spot / 新浪
002513,蓝丰生化,5.2300000000,5.3700000000,43322613.0000000000,8295352.0000000000,-0.0260700000,0.4332261300,AKShare stock_zh_a_spot / 新浪
002515,金字火腿,8.0900000000,8.7100000000,1142440935.0000000000,137750056.0000000000,-0.0711800000,11.4244093500,AKShare stock_zh_a_spot / 新浪
002516,旷达科技,5.2000000000,5.4300000000,81714116.0000000000,15518354.0000000000,-0.0423600000,0.8171411600,AKShare stock_zh_a_spot / 新浪
002517,恺英网络,16.7600000000,17.2400000000,924544406.0000000000,54515458.0000000000,-0.0278400000,9.2454440600,AKShare stock_zh_a_spot / 新浪
002518,科士达,32.8000000000,35.2700000000,393164410.0000000000,11722272.0000000000,-0.0700300000,3.9316441000,AKShare stock_zh_a_spot / 新浪
002519,银河电子,5.2400000000,5.5900000000,234109866.0000000000,43802936.0000000000,-0.0626100000,2.3410986600,AKShare stock_zh_a_spot / 新浪
002520,日发精机,6.1700000000,6.8500000000,375243616.0000000000,59908185.0000000000,-0.0992700000,3.7524361600,AKShare stock_zh_a_spot / 新浪
002521,齐峰新材,6.6600000000,6.7800000000,28631096.0000000000,4282934.0000000000,-0.0177000000,0.2863109600,AKShare stock_zh_a_spot / 新浪
002522,浙江众成,4.8100000000,5.0400000000,130400896.0000000000,26663916.0000000000,-0.0456300000,1.3040089600,AKShare stock_zh_a_spot / 新浪
002523,天桥起重,3.2800000000,3.4400000000,80720528.0000000000,24266502.0000000000,-0.0465100000,0.8072052800,AKShare stock_zh_a_spot / 新浪
002524,光正眼科,3.8900000000,4.0200000000,57888451.0000000000,14767600.0000000000,-0.0323400000,0.5788845100,AKShare stock_zh_a_spot / 新浪
002526,山东矿机,2.6600000000,2.7200000000,63125072.0000000000,23689259.0000000000,-0.0220600000,0.6312507200,AKShare stock_zh_a_spot / 新浪
002527,新时达,11.0000000000,11.9000000000,114531115.0000000000,10212385.0000000000,-0.0756300000,1.1453111500,AKShare stock_zh_a_spot / 新浪
002529,海源复材,6.9900000000,7.2400000000,35019593.0000000000,4980700.0000000000,-0.0345300000,0.3501959300,AKShare stock_zh_a_spot / 新浪
002530,金财互联,6.9100000000,7.1800000000,86632482.0000000000,12424741.0000000000,-0.0376000000,0.8663248200,AKShare stock_zh_a_spot / 新浪
002531,天顺风能,6.0800000000,6.3700000000,252253664.0000000000,40844532.0000000000,-0.0455300000,2.5225366400,AKShare stock_zh_a_spot / 新浪
002532,天山铝业,12.7600000000,12.9800000000,857097894.0000000000,67058157.0000000000,-0.0169500000,8.5709789400,AKShare stock_zh_a_spot / 新浪
002533,金杯电工,11.1000000000,11.4700000000,76910236.0000000000,6853770.0000000000,-0.0322600000,0.7691023600,AKShare stock_zh_a_spot / 新浪
002534,西子洁能,15.2400000000,16.0900000000,157024405.0000000000,10131381.0000000000,-0.0528300000,1.5702440500,AKShare stock_zh_a_spot / 新浪
002535,林州重机,2.4400000000,2.5200000000,30742382.0000000000,12418160.0000000000,-0.0317500000,0.3074238200,AKShare stock_zh_a_spot / 新浪
002536,飞龙股份,41.8000000000,45.9900000000,1759432487.0000000000,41106912.0000000000,-0.0911100000,17.5943248700,AKShare stock_zh_a_spot / 新浪
002537,海联金汇,5.5000000000,5.6600000000,105147693.0000000000,18969982.0000000000,-0.0282700000,1.0514769300,AKShare stock_zh_a_spot / 新浪
002539,云图控股,12.8100000000,12.7500000000,307038758.0000000000,23910389.0000000000,0.0047100000,3.0703875800,AKShare stock_zh_a_spot / 新浪
002540,亚太科技,5.0700000000,5.1500000000,37959884.0000000000,7440050.0000000000,-0.0155300000,0.3795988400,AKShare stock_zh_a_spot / 新浪
002541,鸿路钢构,19.8000000000,19.9800000000,149533863.0000000000,7539039.0000000000,-0.0090100000,1.4953386300,AKShare stock_zh_a_spot / 新浪
002543,万和电气,7.5700000000,6.8800000000,254631803.0000000000,34969589.0000000000,0.1002900000,2.5463180300,AKShare stock_zh_a_spot / 新浪
002544,普天科技,15.8500000000,17.1000000000,331449093.0000000000,20379505.0000000000,-0.0731000000,3.3144909300,AKShare stock_zh_a_spot / 新浪
002545,东方铁塔,17.8500000000,18.3100000000,373082911.0000000000,20503998.0000000000,-0.0251200000,3.7308291100,AKShare stock_zh_a_spot / 新浪
002546,新联电子,7.8200000000,8.3500000000,238474897.0000000000,29842580.0000000000,-0.0634700000,2.3847489700,AKShare stock_zh_a_spot / 新浪
002548,金新农,4.1700000000,4.2700000000,206255023.0000000000,49045866.0000000000,-0.0234200000,2.0625502300,AKShare stock_zh_a_spot / 新浪
002549,凯美特气,13.8000000000,14.3400000000,268606901.0000000000,19262342.0000000000,-0.0376600000,2.6860690100,AKShare stock_zh_a_spot / 新浪
002550,千红制药,6.9400000000,7.2900000000,338707982.0000000000,47959200.0000000000,-0.0480100000,3.3870798200,AKShare stock_zh_a_spot / 新浪
002551,尚荣医疗,3.2400000000,3.3200000000,72703935.0000000000,22217049.0000000000,-0.0241000000,0.7270393500,AKShare stock_zh_a_spot / 新浪
002552,宝鼎科技,51.8500000000,57.6000000000,2390429460.0000000000,42524270.0000000000,-0.0998300000,23.9042946000,AKShare stock_zh_a_spot / 新浪
002553,南方精工,16.0500000000,17.5100000000,552615853.0000000000,33355320.0000000000,-0.0833800000,5.5261585300,AKShare stock_zh_a_spot / 新浪
002554,惠博普,2.8000000000,2.9000000000,59432757.0000000000,20944000.0000000000,-0.0344800000,0.5943275700,AKShare stock_zh_a_spot / 新浪
002555,三七互娱,18.5600000000,19.1600000000,725497389.0000000000,38683710.0000000000,-0.0313200000,7.2549738900,AKShare stock_zh_a_spot / 新浪
002556,辉隆股份,5.1400000000,5.3000000000,100252577.0000000000,19475570.0000000000,-0.0301900000,1.0025257700,AKShare stock_zh_a_spot / 新浪
002557,洽洽食品,18.8100000000,19.1400000000,120030755.0000000000,6362921.0000000000,-0.0172400000,1.2003075500,AKShare stock_zh_a_spot / 新浪
002558,巨人网络,26.2800000000,27.0500000000,1615557101.0000000000,60696918.0000000000,-0.0284700000,16.1555710100,AKShare stock_zh_a_spot / 新浪
002559,亚威股份,9.4400000000,10.0800000000,264891005.0000000000,27555048.0000000000,-0.0634900000,2.6489100500,AKShare stock_zh_a_spot / 新浪
002560,通达股份,6.1200000000,6.5000000000,169356489.0000000000,27158855.0000000000,-0.0584600000,1.6935648900,AKShare stock_zh_a_spot / 新浪
002561,徐家汇,6.6800000000,6.8400000000,27132967.0000000000,4040700.0000000000,-0.0233900000,0.2713296700,AKShare stock_zh_a_spot / 新浪
002562,兄弟科技,4.8400000000,5.0000000000,191928002.0000000000,39128929.0000000000,-0.0320000000,1.9192800200,AKShare stock_zh_a_spot / 新浪
002563,森马服饰,5.9300000000,5.9300000000,136845130.0000000000,22982825.0000000000,0.0000000000,1.3684513000,AKShare stock_zh_a_spot / 新浪
002564,天沃科技,4.3300000000,4.5200000000,44896767.0000000000,10245200.0000000000,-0.0420400000,0.4489676700,AKShare stock_zh_a_spot / 新浪
002565,顺灏股份,8.6000000000,9.5500000000,666394706.0000000000,75749097.0000000000,-0.0994800000,6.6639470600,AKShare stock_zh_a_spot / 新浪
002566,益盛药业,6.8300000000,6.8700000000,75819521.0000000000,11027700.0000000000,-0.0058200000,0.7581952100,AKShare stock_zh_a_spot / 新浪
002567,唐人神,3.6100000000,3.7100000000,95251692.0000000000,26179412.0000000000,-0.0269500000,0.9525169200,AKShare stock_zh_a_spot / 新浪
002568,百润股份,18.2800000000,18.8400000000,212246099.0000000000,11498203.0000000000,-0.0297200000,2.1224609900,AKShare stock_zh_a_spot / 新浪
002570,贝因美,4.5000000000,4.6300000000,101386666.0000000000,22378700.0000000000,-0.0280800000,1.0138666600,AKShare stock_zh_a_spot / 新浪
002571,德力股份,10.4000000000,10.9200000000,85751548.0000000000,8209280.0000000000,-0.0476200000,0.8575154800,AKShare stock_zh_a_spot / 新浪
002572,索菲亚,8.1600000000,8.0800000000,139645159.0000000000,17050873.0000000000,0.0099000000,1.3964515900,AKShare stock_zh_a_spot / 新浪
002573,清新环境,3.1300000000,3.2400000000,54608317.0000000000,17270701.0000000000,-0.0339500000,0.5460831700,AKShare stock_zh_a_spot / 新浪
002574,明牌珠宝,4.5300000000,4.6400000000,23714163.0000000000,5201100.0000000000,-0.0237100000,0.2371416300,AKShare stock_zh_a_spot / 新浪
002575,群兴玩具,4.9300000000,5.2600000000,181924444.0000000000,36395447.0000000000,-0.0627400000,1.8192444400,AKShare stock_zh_a_spot / 新浪
002576,通达动力,13.7600000000,14.4300000000,53346394.0000000000,3822000.0000000000,-0.0464300000,0.5334639400,AKShare stock_zh_a_spot / 新浪
002577,雷柏科技,17.8500000000,19.8300000000,151449259.0000000000,8264406.0000000000,-0.0998500000,1.5144925900,AKShare stock_zh_a_spot / 新浪
002578,闽发铝业,3.9200000000,4.0100000000,301617817.0000000000,75130100.0000000000,-0.0224400000,3.0161781700,AKShare stock_zh_a_spot / 新浪
002579,中京电子,13.9000000000,15.1500000000,1105109394.0000000000,76887823.0000000000,-0.0825100000,11.0510939400,AKShare stock_zh_a_spot / 新浪
002580,圣阳股份,19.4500000000,20.0400000000,1202872730.0000000000,59903636.0000000000,-0.0294400000,12.0287273000,AKShare stock_zh_a_spot / 新浪
002582,好想你,10.5800000000,11.7600000000,503307803.0000000000,46680200.0000000000,-0.1003400000,5.0330780300,AKShare stock_zh_a_spot / 新浪
002583,海能达,7.8700000000,8.1800000000,179789178.0000000000,22593439.0000000000,-0.0379000000,1.7978917800,AKShare stock_zh_a_spot / 新浪
002584,西陇科学,7.9600000000,8.2500000000,186443978.0000000000,23142204.0000000000,-0.0351500000,1.8644397800,AKShare stock_zh_a_spot / 新浪
002585,双星新材,9.7700000000,10.5800000000,837873837.0000000000,83825917.0000000000,-0.0765600000,8.3787383700,AKShare stock_zh_a_spot / 新浪
002587,奥拓电子,5.2900000000,5.5500000000,93884812.0000000000,17476750.0000000000,-0.0468500000,0.9388481200,AKShare stock_zh_a_spot / 新浪
002588,史丹利,8.6000000000,8.7900000000,150257006.0000000000,17365480.0000000000,-0.0216200000,1.5025700600,AKShare stock_zh_a_spot / 新浪
002589,瑞康医药,3.2000000000,3.4700000000,564258565.0000000000,171106447.0000000000,-0.0778100000,5.6425856500,AKShare stock_zh_a_spot / 新浪
002590,万安科技,9.2200000000,9.8300000000,100852021.0000000000,10741453.0000000000,-0.0620500000,1.0085202100,AKShare stock_zh_a_spot / 新浪
002591,恒大高新,6.2200000000,6.4400000000,49765349.0000000000,7938500.0000000000,-0.0341600000,0.4976534900,AKShare stock_zh_a_spot / 新浪
002593,日上集团,4.4100000000,4.5100000000,56355607.0000000000,12732200.0000000000,-0.0221700000,0.5635560700,AKShare stock_zh_a_spot / 新浪
002594,比亚迪,88.6600000000,89.5300000000,1951515197.0000000000,21960557.0000000000,-0.0097200000,19.5151519700,AKShare stock_zh_a_spot / 新浪
002595,豪迈科技,50.0800000000,52.2800000000,268210271.0000000000,5280518.0000000000,-0.0420800000,2.6821027100,AKShare stock_zh_a_spot / 新浪
002596,海南瑞泽,3.1800000000,3.2300000000,62751288.0000000000,19787033.0000000000,-0.0154800000,0.6275128800,AKShare stock_zh_a_spot / 新浪
002597,金禾实业,19.7500000000,19.9000000000,109889942.0000000000,5531861.0000000000,-0.0075400000,1.0988994200,AKShare stock_zh_a_spot / 新浪
002599,盛通股份,5.7800000000,6.0300000000,47006625.0000000000,8050862.0000000000,-0.0414600000,0.4700662500,AKShare stock_zh_a_spot / 新浪
002600,领益智造,12.3100000000,12.9400000000,1753061166.0000000000,138821686.0000000000,-0.0486900000,17.5306116600,AKShare stock_zh_a_spot / 新浪
002601,龙佰集团,15.3300000000,15.3400000000,225094343.0000000000,14710522.0000000000,-0.0006500000,2.2509434300,AKShare stock_zh_a_spot / 新浪
002602,世纪华通,13.9000000000,14.2600000000,1068838235.0000000000,76659574.0000000000,-0.0252500000,10.6883823500,AKShare stock_zh_a_spot / 新浪
002603,以岭药业,16.5100000000,16.8000000000,335750628.0000000000,20235459.0000000000,-0.0172600000,3.3575062800,AKShare stock_zh_a_spot / 新浪
002605,姚记科技,17.3100000000,17.7600000000,92194399.0000000000,5293719.0000000000,-0.0253400000,0.9219439900,AKShare stock_zh_a_spot / 新浪
002606,大连电瓷,13.6000000000,14.5800000000,380266769.0000000000,27445114.0000000000,-0.0672200000,3.8026676900,AKShare stock_zh_a_spot / 新浪
002607,中公教育,2.0100000000,2.0900000000,321504982.0000000000,158216811.0000000000,-0.0382800000,3.2150498200,AKShare stock_zh_a_spot / 新浪
002608,江苏国信,6.9600000000,7.0400000000,115297155.0000000000,16511812.0000000000,-0.0113600000,1.1529715500,AKShare stock_zh_a_spot / 新浪
002609,捷顺科技,7.5500000000,7.7100000000,43338560.0000000000,5698051.0000000000,-0.0207500000,0.4333856000,AKShare stock_zh_a_spot / 新浪
002611,东方精工,14.9500000000,16.3500000000,704649176.0000000000,45864172.0000000000,-0.0856300000,7.0464917600,AKShare stock_zh_a_spot / 新浪
002612,朗姿股份,15.2800000000,15.7600000000,94796039.0000000000,6138500.0000000000,-0.0304600000,0.9479603900,AKShare stock_zh_a_spot / 新浪
002613,北玻股份,3.2800000000,3.4300000000,72959903.0000000000,21978500.0000000000,-0.0437300000,0.7295990300,AKShare stock_zh_a_spot / 新浪
002614,奥佳华,4.8600000000,4.9500000000,32150767.0000000000,6581900.0000000000,-0.0181800000,0.3215076700,AKShare stock_zh_a_spot / 新浪
002615,哈尔斯,6.5000000000,6.7000000000,45529549.0000000000,6966200.0000000000,-0.0298500000,0.4552954900,AKShare stock_zh_a_spot / 新浪
002616,长青集团,4.7400000000,4.8500000000,47412740.0000000000,9931400.0000000000,-0.0226800000,0.4741274000,AKShare stock_zh_a_spot / 新浪
002617,露笑科技,6.2700000000,6.5300000000,565206980.0000000000,89169754.0000000000,-0.0398200000,5.6520698000,AKShare stock_zh_a_spot / 新浪
002622,皓宸医疗,2.4200000000,2.5400000000,57059412.0000000000,23080454.0000000000,-0.0472400000,0.5705941200,AKShare stock_zh_a_spot / 新浪
002623,亚玛顿,15.0300000000,15.8800000000,57699409.0000000000,3785700.0000000000,-0.0535300000,0.5769940900,AKShare stock_zh_a_spot / 新浪
002624,完美世界,11.0800000000,11.4100000000,400890992.0000000000,35761006.0000000000,-0.0289200000,4.0089099200,AKShare stock_zh_a_spot / 新浪
002625,光启技术,28.2000000000,29.8600000000,781027773.0000000000,27233348.0000000000,-0.0555900000,7.8102777300,AKShare stock_zh_a_spot / 新浪
002626,金达威,15.9800000000,16.5300000000,132564262.0000000000,8212943.0000000000,-0.0332700000,1.3256426200,AKShare stock_zh_a_spot / 新浪
002627,三峡旅游,6.3300000000,6.4700000000,45600225.0000000000,7146134.0000000000,-0.0216400000,0.4560022500,AKShare stock_zh_a_spot / 新浪
002628,成都路桥,4.8100000000,4.9800000000,121057021.0000000000,24721993.0000000000,-0.0341400000,1.2105702100,AKShare stock_zh_a_spot / 新浪
002629,仁智股份,4.6700000000,4.8600000000,44457771.0000000000,9452600.0000000000,-0.0390900000,0.4445777100,AKShare stock_zh_a_spot / 新浪
002631,德尔未来,8.4300000000,9.0600000000,302762196.0000000000,35203693.0000000000,-0.0695400000,3.0276219600,AKShare stock_zh_a_spot / 新浪
002632,道明光学,8.1100000000,8.4500000000,107349460.0000000000,13091600.0000000000,-0.0402400000,1.0734946000,AKShare stock_zh_a_spot / 新浪
002633,申科股份,14.1600000000,14.6300000000,25048685.0000000000,1748500.0000000000,-0.0321300000,0.2504868500,AKShare stock_zh_a_spot / 新浪
002635,安洁科技,15.0200000000,15.9400000000,376491930.0000000000,24540770.0000000000,-0.0577200000,3.7649193000,AKShare stock_zh_a_spot / 新浪
002636,金安国纪,61.8400000000,68.7100000000,2559138929.0000000000,40096481.0000000000,-0.0999900000,25.5913892900,AKShare stock_zh_a_spot / 新浪
002637,赞宇科技,11.4400000000,11.4000000000,444222749.0000000000,38506827.0000000000,0.0035100000,4.4422274900,AKShare stock_zh_a_spot / 新浪
002638,勤上股份,3.6400000000,3.8500000000,210453782.0000000000,57379052.0000000000,-0.0545500000,2.1045378200,AKShare stock_zh_a_spot / 新浪
002639,雪人集团,11.3900000000,12.0100000000,306583345.0000000000,26532866.0000000000,-0.0516200000,3.0658334500,AKShare stock_zh_a_spot / 新浪
002640,跨境通,3.0900000000,3.2900000000,276385556.0000000000,88148100.0000000000,-0.0607900000,2.7638555600,AKShare stock_zh_a_spot / 新浪
002641,公元股份,3.8700000000,3.9300000000,28884103.0000000000,7435523.0000000000,-0.0152700000,0.2888410300,AKShare stock_zh_a_spot / 新浪
002642,荣联科技,6.9400000000,7.2400000000,99918025.0000000000,14240952.0000000000,-0.0414400000,0.9991802500,AKShare stock_zh_a_spot / 新浪
002643,万润股份,13.7100000000,14.3700000000,308577112.0000000000,22127255.0000000000,-0.0459300000,3.0857711200,AKShare stock_zh_a_spot / 新浪
002644,佛慈制药,8.1800000000,8.3400000000,141767486.0000000000,16888200.0000000000,-0.0191800000,1.4176748600,AKShare stock_zh_a_spot / 新浪
002645,华宏科技,19.2100000000,20.7200000000,792809765.0000000000,40025779.0000000000,-0.0728800000,7.9280976500,AKShare stock_zh_a_spot / 新浪
002646,天佑德酒,6.8000000000,6.9500000000,32321462.0000000000,4733627.0000000000,-0.0215800000,0.3232146200,AKShare stock_zh_a_spot / 新浪
002647,仁东控股,11.9900000000,11.9700000000,446761974.0000000000,37395500.0000000000,0.0016700000,4.4676197400,AKShare stock_zh_a_spot / 新浪
002648,卫星化学,26.8200000000,26.8300000000,1697503466.0000000000,62923896.0000000000,-0.0003700000,16.9750346600,AKShare stock_zh_a_spot / 新浪
002649,博彦科技,9.2500000000,9.7800000000,196552637.0000000000,20874173.0000000000,-0.0541900000,1.9655263700,AKShare stock_zh_a_spot / 新浪
002651,利君股份,8.0500000000,8.8100000000,309175717.0000000000,37317700.0000000000,-0.0862700000,3.0917571700,AKShare stock_zh_a_spot / 新浪
002652,扬子新材,3.9200000000,4.0800000000,59623506.0000000000,15077520.0000000000,-0.0392200000,0.5962350600,AKShare stock_zh_a_spot / 新浪
002653,海思科,67.2200000000,69.5600000000,368339063.0000000000,5397088.0000000000,-0.0336400000,3.6833906300,AKShare stock_zh_a_spot / 新浪
002654,万润科技,13.7200000000,14.2600000000,1131343568.0000000000,80545353.0000000000,-0.0378700000,11.3134356800,AKShare stock_zh_a_spot / 新浪
002655,共达电声,34.3900000000,38.0200000000,1683404007.0000000000,46915165.0000000000,-0.0954800000,16.8340400700,AKShare stock_zh_a_spot / 新浪
002656,摩登大道,2.8800000000,3.0000000000,39660547.0000000000,13498800.0000000000,-0.0400000000,0.3966054700,AKShare stock_zh_a_spot / 新浪
002657,中科金财,14.5100000000,15.3600000000,128398160.0000000000,8718295.0000000000,-0.0553400000,1.2839816000,AKShare stock_zh_a_spot / 新浪
002658,雪迪龙,7.9300000000,7.8200000000,157898945.0000000000,20105459.0000000000,0.0140700000,1.5789894500,AKShare stock_zh_a_spot / 新浪
002659,凯文教育,4.3800000000,4.5600000000,64916271.0000000000,14679700.0000000000,-0.0394700000,0.6491627100,AKShare stock_zh_a_spot / 新浪
002660,茂硕电源,7.3400000000,7.4200000000,50822102.0000000000,6823218.0000000000,-0.0107800000,0.5082210200,AKShare stock_zh_a_spot / 新浪
002661,克明食品,7.9500000000,8.0900000000,43068108.0000000000,5362900.0000000000,-0.0173100000,0.4306810800,AKShare stock_zh_a_spot / 新浪
002662,峰璟股份,3.0900000000,3.2300000000,44460649.0000000000,14180802.0000000000,-0.0433400000,0.4446064900,AKShare stock_zh_a_spot / 新浪
002663,普邦股份,1.6100000000,1.6700000000,38491830.0000000000,23646600.0000000000,-0.0359300000,0.3849183000,AKShare stock_zh_a_spot / 新浪
002664,信质集团,15.1000000000,16.1600000000,118663760.0000000000,7692387.0000000000,-0.0655900000,1.1866376000,AKShare stock_zh_a_spot / 新浪
002666,德联集团,4.1600000000,4.2800000000,39435413.0000000000,9406600.0000000000,-0.0280400000,0.3943541300,AKShare stock_zh_a_spot / 新浪
002668,TCL智家,8.8800000000,9.8500000000,501288775.0000000000,54591089.0000000000,-0.0984800000,5.0128877500,AKShare stock_zh_a_spot / 新浪
002669,康达新材,12.1000000000,12.8200000000,162964647.0000000000,13240300.0000000000,-0.0561600000,1.6296464700,AKShare stock_zh_a_spot / 新浪
002670,国盛证券,10.9000000000,11.0600000000,174436389.0000000000,15903327.0000000000,-0.0144700000,1.7443638900,AKShare stock_zh_a_spot / 新浪
002671,龙泉股份,3.8800000000,3.9600000000,34763309.0000000000,8890700.0000000000,-0.0202000000,0.3476330900,AKShare stock_zh_a_spot / 新浪
002672,东江环保,3.5600000000,3.6500000000,19460081.0000000000,5428308.0000000000,-0.0246600000,0.1946008100,AKShare stock_zh_a_spot / 新浪
002673,西部证券,6.4500000000,6.5600000000,153640019.0000000000,23715173.0000000000,-0.0167700000,1.5364001900,AKShare stock_zh_a_spot / 新浪
002674,兴业科技,28.0600000000,30.5500000000,675000112.0000000000,23481229.0000000000,-0.0815100000,6.7500011200,AKShare stock_zh_a_spot / 新浪
002675,东诚药业,13.3400000000,12.9600000000,254790965.0000000000,19140160.0000000000,0.0293200000,2.5479096500,AKShare stock_zh_a_spot / 新浪
002676,顺威股份,4.9800000000,5.2200000000,131314003.0000000000,26007112.0000000000,-0.0459800000,1.3131400300,AKShare stock_zh_a_spot / 新浪
002677,浙江美大,6.8200000000,7.0300000000,48036900.0000000000,6959700.0000000000,-0.0298700000,0.4803690000,AKShare stock_zh_a_spot / 新浪
002678,珠江钢琴,4.7100000000,4.6300000000,194809217.0000000000,40313444.0000000000,0.0172800000,1.9480921700,AKShare stock_zh_a_spot / 新浪
002679,福建金森,9.0700000000,9.2500000000,44558776.0000000000,4892000.0000000000,-0.0194600000,0.4455877600,AKShare stock_zh_a_spot / 新浪
002681,奋达科技,4.3300000000,4.5100000000,197030222.0000000000,44894256.0000000000,-0.0399100000,1.9703022200,AKShare stock_zh_a_spot / 新浪
002682,龙洲股份,4.4400000000,4.7700000000,253255840.0000000000,55955776.0000000000,-0.0691800000,2.5325584000,AKShare stock_zh_a_spot / 新浪
002683,广东宏大,29.0300000000,30.4900000000,330354967.0000000000,11171597.0000000000,-0.0478800000,3.3035496700,AKShare stock_zh_a_spot / 新浪
002685,华东重机,5.3500000000,5.8000000000,264230493.0000000000,48181688.0000000000,-0.0775900000,2.6423049300,AKShare stock_zh_a_spot / 新浪
002686,亿利达,6.0700000000,6.0600000000,79684213.0000000000,13139800.0000000000,0.0016500000,0.7968421300,AKShare stock_zh_a_spot / 新浪
002687,乔治白,6.2000000000,6.6000000000,168246113.0000000000,26688154.0000000000,-0.0606100000,1.6824611300,AKShare stock_zh_a_spot / 新浪
002688,金河生物,5.2200000000,5.3600000000,63286639.0000000000,12051835.0000000000,-0.0261200000,0.6328663900,AKShare stock_zh_a_spot / 新浪
002690,美亚光电,15.5000000000,15.6800000000,92760674.0000000000,5973252.0000000000,-0.0114800000,0.9276067400,AKShare stock_zh_a_spot / 新浪
002692,远程股份,4.0800000000,4.1400000000,70757244.0000000000,17117800.0000000000,-0.0144900000,0.7075724400,AKShare stock_zh_a_spot / 新浪
002693,双成药业,9.3200000000,9.8500000000,145566605.0000000000,15313050.0000000000,-0.0538100000,1.4556660500,AKShare stock_zh_a_spot / 新浪
002695,煌上煌,11.2100000000,11.4800000000,112887338.0000000000,9934036.0000000000,-0.0235200000,1.1288733800,AKShare stock_zh_a_spot / 新浪
002696,百洋股份,6.1000000000,6.2200000000,206125415.0000000000,32945300.0000000000,-0.0192900000,2.0612541500,AKShare stock_zh_a_spot / 新浪
002697,红旗连锁,4.5000000000,4.6900000000,107320204.0000000000,23620000.0000000000,-0.0405100000,1.0732020400,AKShare stock_zh_a_spot / 新浪
002698,博实股份,11.9300000000,12.7000000000,255551961.0000000000,21161381.0000000000,-0.0606300000,2.5555196100,AKShare stock_zh_a_spot / 新浪
002700,万憬能源,6.3300000000,6.4100000000,52940545.0000000000,8288176.0000000000,-0.0124800000,0.5294054500,AKShare stock_zh_a_spot / 新浪
002701,奥瑞金,4.7200000000,4.7300000000,108816824.0000000000,23025427.0000000000,-0.0021100000,1.0881682400,AKShare stock_zh_a_spot / 新浪
002702,海欣食品,4.9000000000,5.1700000000,139020974.0000000000,27944070.0000000000,-0.0522200000,1.3902097400,AKShare stock_zh_a_spot / 新浪
002703,浙江世宝,13.9500000000,15.5000000000,676628530.0000000000,47329544.0000000000,-0.1000000000,6.7662853000,AKShare stock_zh_a_spot / 新浪
002705,新宝股份,11.3200000000,11.4500000000,58837121.0000000000,5172483.0000000000,-0.0113500000,0.5883712100,AKShare stock_zh_a_spot / 新浪
002706,良信股份,9.9000000000,10.6600000000,607194929.0000000000,60437397.0000000000,-0.0712900000,6.0719492900,AKShare stock_zh_a_spot / 新浪
002707,众信旅游,5.0500000000,5.1800000000,65357513.0000000000,12870504.0000000000,-0.0251000000,0.6535751300,AKShare stock_zh_a_spot / 新浪
002708,光洋股份,10.7300000000,11.8700000000,255150044.0000000000,23048600.0000000000,-0.0960400000,2.5515004400,AKShare stock_zh_a_spot / 新浪
002709,天赐材料,37.9700000000,39.1700000000,2293101957.0000000000,59315760.0000000000,-0.0306400000,22.9310195700,AKShare stock_zh_a_spot / 新浪
002712,思美传媒,4.6000000000,4.7500000000,51095016.0000000000,10996350.0000000000,-0.0315800000,0.5109501600,AKShare stock_zh_a_spot / 新浪
002713,东易日盛,9.3300000000,9.9400000000,172613944.0000000000,18099393.0000000000,-0.0613700000,1.7261394400,AKShare stock_zh_a_spot / 新浪
002714,牧原股份,38.8400000000,39.9300000000,1979553465.0000000000,50462875.0000000000,-0.0273000000,19.7955346500,AKShare stock_zh_a_spot / 新浪
002715,登云股份,13.8800000000,14.4800000000,51730916.0000000000,3694000.0000000000,-0.0414400000,0.5173091600,AKShare stock_zh_a_spot / 新浪
002716,湖南白银,9.1000000000,9.4300000000,1214819416.0000000000,132533980.0000000000,-0.0349900000,12.1481941600,AKShare stock_zh_a_spot / 新浪
002718,友邦吊顶,85.6800000000,92.6300000000,151506139.0000000000,1719911.0000000000,-0.0750300000,1.5150613900,AKShare stock_zh_a_spot / 新浪
002721,金一文化,2.5200000000,2.6200000000,216085406.0000000000,85312100.0000000000,-0.0381700000,2.1608540600,AKShare stock_zh_a_spot / 新浪
002722,物产金轮,12.8500000000,13.1200000000,48627296.0000000000,3749374.0000000000,-0.0205800000,0.4862729600,AKShare stock_zh_a_spot / 新浪
002723,小崧股份,7.1800000000,7.4900000000,81624160.0000000000,11170950.0000000000,-0.0413900000,0.8162416000,AKShare stock_zh_a_spot / 新浪
002724,海洋王,5.8200000000,6.4700000000,267663457.0000000000,44905561.0000000000,-0.1004600000,2.6766345700,AKShare stock_zh_a_spot / 新浪
002725,跃岭股份,11.0100000000,11.5600000000,71419587.0000000000,6410500.0000000000,-0.0475800000,0.7141958700,AKShare stock_zh_a_spot / 新浪
002727,一心堂,11.5500000000,11.7300000000,93693088.0000000000,8042400.0000000000,-0.0153500000,0.9369308800,AKShare stock_zh_a_spot / 新浪
002728,特一药业,9.3100000000,9.5200000000,146387231.0000000000,15556540.0000000000,-0.0220600000,1.4638723100,AKShare stock_zh_a_spot / 新浪
002729,好利科技,13.3200000000,14.0300000000,62897371.0000000000,4656084.0000000000,-0.0506100000,0.6289737100,AKShare stock_zh_a_spot / 新浪
002730,电光科技,21.1900000000,22.4600000000,168967740.0000000000,7786300.0000000000,-0.0565400000,1.6896774000,AKShare stock_zh_a_spot / 新浪
002732,燕塘乳业,13.6900000000,14.1400000000,22472410.0000000000,1623800.0000000000,-0.0318200000,0.2247241000,AKShare stock_zh_a_spot / 新浪
002733,雄韬股份,18.4000000000,19.5900000000,211439656.0000000000,11248853.0000000000,-0.0607500000,2.1143965600,AKShare stock_zh_a_spot / 新浪
002734,利民股份,14.6700000000,15.0800000000,251946590.0000000000,17025282.0000000000,-0.0271900000,2.5194659000,AKShare stock_zh_a_spot / 新浪
002735,王子新材,11.1300000000,11.8800000000,158355957.0000000000,13966700.0000000000,-0.0631300000,1.5835595700,AKShare stock_zh_a_spot / 新浪
002736,国信证券,9.8200000000,9.9600000000,205065626.0000000000,20763018.0000000000,-0.0140600000,2.0506562600,AKShare stock_zh_a_spot / 新浪
002737,葵花药业,13.2600000000,13.3000000000,62317771.0000000000,4709494.0000000000,-0.0030100000,0.6231777100,AKShare stock_zh_a_spot / 新浪
002738,中矿资源,51.4800000000,53.7200000000,863639929.0000000000,16492229.0000000000,-0.0417000000,8.6363992900,AKShare stock_zh_a_spot / 新浪
002739,儒意电影,8.4600000000,8.8100000000,855949632.0000000000,100375823.0000000000,-0.0397300000,8.5594963200,AKShare stock_zh_a_spot / 新浪
002741,光华科技,25.7000000000,28.2600000000,1202186530.0000000000,45356974.0000000000,-0.0905900000,12.0218653000,AKShare stock_zh_a_spot / 新浪
002742,冀衡医药,4.2900000000,4.3100000000,138255657.0000000000,33077091.0000000000,-0.0046400000,1.3825565700,AKShare stock_zh_a_spot / 新浪
002743,富煌钢构,4.0200000000,4.4700000000,57131112.0000000000,13983300.0000000000,-0.1006700000,0.5713111200,AKShare stock_zh_a_spot / 新浪
002745,木林森,11.0900000000,11.7700000000,680937679.0000000000,60111350.0000000000,-0.0577700000,6.8093767900,AKShare stock_zh_a_spot / 新浪
002746,仙坛股份,6.1000000000,6.1300000000,108243956.0000000000,17624593.0000000000,-0.0048900000,1.0824395600,AKShare stock_zh_a_spot / 新浪
002747,埃斯顿,36.0400000000,40.0400000000,2424422632.0000000000,66652404.0000000000,-0.0999000000,24.2442263200,AKShare stock_zh_a_spot / 新浪
002748,世龙实业,11.7000000000,12.0100000000,44137199.0000000000,3760500.0000000000,-0.0258100000,0.4413719900,AKShare stock_zh_a_spot / 新浪
002749,国光股份,9.0200000000,8.8200000000,91925360.0000000000,10342956.0000000000,0.0226800000,0.9192536000,AKShare stock_zh_a_spot / 新浪
002752,昇兴股份,5.8300000000,6.0000000000,59303036.0000000000,10047100.0000000000,-0.0283300000,0.5930303600,AKShare stock_zh_a_spot / 新浪
002753,永东股份,6.6300000000,6.6600000000,40931403.0000000000,6174569.0000000000,-0.0045000000,0.4093140300,AKShare stock_zh_a_spot / 新浪
002755,奥赛康,13.1000000000,13.4500000000,109727135.0000000000,8299990.0000000000,-0.0260200000,1.0972713500,AKShare stock_zh_a_spot / 新浪
002756,永兴材料,46.2600000000,48.1800000000,565988646.0000000000,12043792.0000000000,-0.0398500000,5.6598864600,AKShare stock_zh_a_spot / 新浪
002757,南兴股份,16.3600000000,17.4100000000,257399634.0000000000,15495777.0000000000,-0.0603100000,2.5739963400,AKShare stock_zh_a_spot / 新浪
002758,浙农股份,8.0600000000,8.3000000000,97830178.0000000000,12039774.0000000000,-0.0289200000,0.9783017800,AKShare stock_zh_a_spot / 新浪
002760,凤形股份,17.3900000000,17.9500000000,48781267.0000000000,2785700.0000000000,-0.0312000000,0.4878126700,AKShare stock_zh_a_spot / 新浪
002761,浙江建投,7.1400000000,7.2200000000,67059742.0000000000,9351867.0000000000,-0.0110800000,0.6705974200,AKShare stock_zh_a_spot / 新浪
002762,金发拉比,10.0700000000,10.3300000000,109156296.0000000000,10682912.0000000000,-0.0251700000,1.0915629600,AKShare stock_zh_a_spot / 新浪
002763,汇洁股份,7.5700000000,7.6700000000,42408043.0000000000,5598000.0000000000,-0.0130400000,0.4240804300,AKShare stock_zh_a_spot / 新浪
002765,蓝黛科技,6.9700000000,7.2600000000,83635964.0000000000,11806935.0000000000,-0.0399400000,0.8363596400,AKShare stock_zh_a_spot / 新浪
002766,索菱股份,4.1700000000,4.3400000000,139753253.0000000000,32991100.0000000000,-0.0391700000,1.3975325300,AKShare stock_zh_a_spot / 新浪
002767,先锋电子,17.9000000000,18.4900000000,55339116.0000000000,3072699.0000000000,-0.0319100000,0.5533911600,AKShare stock_zh_a_spot / 新浪
002768,国恩股份,63.2000000000,66.5800000000,673475773.0000000000,10430074.0000000000,-0.0507700000,6.7347577300,AKShare stock_zh_a_spot / 新浪
002769,普路通,6.7700000000,6.9900000000,39253091.0000000000,5748200.0000000000,-0.0314700000,0.3925309100,AKShare stock_zh_a_spot / 新浪
002771,真视通,12.3000000000,12.9100000000,57426232.0000000000,4605700.0000000000,-0.0472500000,0.5742623200,AKShare stock_zh_a_spot / 新浪
002772,众兴菌业,10.6600000000,11.5700000000,306715679.0000000000,28233020.0000000000,-0.0786500000,3.0671567900,AKShare stock_zh_a_spot / 新浪
002773,康弘药业,21.9200000000,22.0700000000,166533844.0000000000,7598315.0000000000,-0.0068000000,1.6653384400,AKShare stock_zh_a_spot / 新浪
002774,快意电梯,16.5200000000,16.9800000000,261995889.0000000000,15562499.0000000000,-0.0270900000,2.6199588900,AKShare stock_zh_a_spot / 新浪
002775,文科股份,3.4400000000,3.6400000000,57824257.0000000000,16581555.0000000000,-0.0549500000,0.5782425700,AKShare stock_zh_a_spot / 新浪
002777,久远银海,12.3100000000,12.7200000000,90668970.0000000000,7310200.0000000000,-0.0322300000,0.9066897000,AKShare stock_zh_a_spot / 新浪
002778,中晟高科,15.3300000000,15.9200000000,32041719.0000000000,2071600.0000000000,-0.0370600000,0.3204171900,AKShare stock_zh_a_spot / 新浪
002779,中坚科技,71.9700000000,79.9100000000,339559321.0000000000,4554557.0000000000,-0.0993600000,3.3955932100,AKShare stock_zh_a_spot / 新浪
002780,三夫户外,12.8700000000,13.2800000000,44173145.0000000000,3405500.0000000000,-0.0308700000,0.4417314500,AKShare stock_zh_a_spot / 新浪
002782,可立克,14.9300000000,16.0300000000,199750315.0000000000,13045681.0000000000,-0.0686200000,1.9975031500,AKShare stock_zh_a_spot / 新浪
002783,凯龙股份,7.8600000000,8.0500000000,84669333.0000000000,10680700.0000000000,-0.0236000000,0.8466933300,AKShare stock_zh_a_spot / 新浪
002785,万里石,32.4000000000,34.9900000000,180480116.0000000000,5435000.0000000000,-0.0740200000,1.8048011600,AKShare stock_zh_a_spot / 新浪
002786,银宝山新,7.4400000000,7.7300000000,57439105.0000000000,7607040.0000000000,-0.0375200000,0.5743910500,AKShare stock_zh_a_spot / 新浪
002787,华源控股,20.8900000000,22.9300000000,337362853.0000000000,15705956.0000000000,-0.0889700000,3.3736285300,AKShare stock_zh_a_spot / 新浪
002788,鹭燕医药,11.3200000000,11.7100000000,175341893.0000000000,15348700.0000000000,-0.0333000000,1.7534189300,AKShare stock_zh_a_spot / 新浪
002790,瑞尔特,5.8300000000,5.9300000000,34699635.0000000000,5927812.0000000000,-0.0168600000,0.3469963500,AKShare stock_zh_a_spot / 新浪
002791,坚朗五金,14.4500000000,14.7800000000,57498148.0000000000,3901200.0000000000,-0.0223300000,0.5749814800,AKShare stock_zh_a_spot / 新浪
002792,通宇通讯,31.3400000000,34.8200000000,1686935001.0000000000,51113382.0000000000,-0.0999400000,16.8693500100,AKShare stock_zh_a_spot / 新浪
002793,罗欣药业,5.2000000000,5.3600000000,212268161.0000000000,40131778.0000000000,-0.0298500000,2.1226816100,AKShare stock_zh_a_spot / 新浪
002795,永和智控,6.8900000000,7.3100000000,108942674.0000000000,15510500.0000000000,-0.0574600000,1.0894267400,AKShare stock_zh_a_spot / 新浪
002796,世嘉科技,29.1200000000,32.3300000000,266073625.0000000000,8850404.0000000000,-0.0992900000,2.6607362500,AKShare stock_zh_a_spot / 新浪
002797,第一创业,6.2900000000,6.4100000000,274502443.0000000000,43371615.0000000000,-0.0187200000,2.7450244300,AKShare stock_zh_a_spot / 新浪
002798,帝欧水华,5.6500000000,5.8100000000,50174575.0000000000,8805900.0000000000,-0.0275400000,0.5017457500,AKShare stock_zh_a_spot / 新浪
002799,环球印务,6.6600000000,6.8600000000,30624437.0000000000,4565476.0000000000,-0.0291500000,0.3062443700,AKShare stock_zh_a_spot / 新浪
002800,天顺股份,13.3000000000,13.9600000000,55751236.0000000000,4163156.0000000000,-0.0472800000,0.5575123600,AKShare stock_zh_a_spot / 新浪
002801,微光股份,26.5300000000,28.2300000000,50275877.0000000000,1861315.0000000000,-0.0602200000,0.5027587700,AKShare stock_zh_a_spot / 新浪
002802,洪汇新材,11.4200000000,11.7200000000,25572109.0000000000,2222805.0000000000,-0.0256000000,0.2557210900,AKShare stock_zh_a_spot / 新浪
002803,吉宏股份,18.3000000000,19.6500000000,277002792.0000000000,14840445.0000000000,-0.0687000000,2.7700279200,AKShare stock_zh_a_spot / 新浪
002805,丰元股份,18.9400000000,19.8900000000,267059998.0000000000,13800469.0000000000,-0.0477600000,2.6705999800,AKShare stock_zh_a_spot / 新浪
002806,华锋股份,13.5700000000,14.2600000000,89320533.0000000000,6474916.0000000000,-0.0483900000,0.8932053300,AKShare stock_zh_a_spot / 新浪
002807,江阴银行,3.9500000000,3.9000000000,181532470.0000000000,46131582.0000000000,0.0128200000,1.8153247000,AKShare stock_zh_a_spot / 新浪
002809,红墙股份,8.3400000000,8.5400000000,103358104.0000000000,12156820.0000000000,-0.0234200000,1.0335810400,AKShare stock_zh_a_spot / 新浪
002810,山东赫达,21.2000000000,21.1400000000,175932219.0000000000,8241211.0000000000,0.0028400000,1.7593221900,AKShare stock_zh_a_spot / 新浪
002811,郑中设计,12.1100000000,12.1900000000,256747933.0000000000,21100353.0000000000,-0.0065600000,2.5674793300,AKShare stock_zh_a_spot / 新浪
002812,恩捷股份,56.0400000000,57.7100000000,1396222016.0000000000,24449331.0000000000,-0.0289400000,13.9622201600,AKShare stock_zh_a_spot / 新浪
002813,路畅科技,19.9200000000,20.6700000000,30742866.0000000000,1531100.0000000000,-0.0362800000,0.3074286600,AKShare stock_zh_a_spot / 新浪
002815,崇达技术,13.1400000000,14.4300000000,694718297.0000000000,51417599.0000000000,-0.0894000000,6.9471829700,AKShare stock_zh_a_spot / 新浪
002817,黄山胶囊,6.5300000000,6.6400000000,34125406.0000000000,5190300.0000000000,-0.0165700000,0.3412540600,AKShare stock_zh_a_spot / 新浪
002818,富森美,10.8900000000,10.8600000000,41866611.0000000000,3840210.0000000000,0.0027600000,0.4186661100,AKShare stock_zh_a_spot / 新浪
002819,东方中科,21.2500000000,22.7800000000,186043736.0000000000,8590635.0000000000,-0.0671600000,1.8604373600,AKShare stock_zh_a_spot / 新浪
002820,桂发祥,11.0400000000,12.2700000000,267437873.0000000000,23801100.0000000000,-0.1002400000,2.6743787300,AKShare stock_zh_a_spot / 新浪
002821,凯莱英,170.5900000000,177.2500000000,2090500382.0000000000,11994036.0000000000,-0.0375700000,20.9050038200,AKShare stock_zh_a_spot / 新浪
002823,凯中精密,12.6500000000,13.5800000000,118198620.0000000000,9158428.0000000000,-0.0684800000,1.1819862000,AKShare stock_zh_a_spot / 新浪
002824,和胜股份,23.5600000000,25.5700000000,352215272.0000000000,14560410.0000000000,-0.0786100000,3.5221527200,AKShare stock_zh_a_spot / 新浪
002825,纳尔股份,8.7500000000,9.1600000000,32590443.0000000000,3659014.0000000000,-0.0447600000,0.3259044300,AKShare stock_zh_a_spot / 新浪
002826,易明医药,17.2500000000,18.0600000000,80479306.0000000000,4592400.0000000000,-0.0448500000,0.8047930600,AKShare stock_zh_a_spot / 新浪
002827,高争民爆,56.0000000000,58.5000000000,1013747011.0000000000,17474450.0000000000,-0.0427400000,10.1374701100,AKShare stock_zh_a_spot / 新浪
002828,贝肯能源,11.7100000000,12.2100000000,152313608.0000000000,12785300.0000000000,-0.0409500000,1.5231360800,AKShare stock_zh_a_spot / 新浪
002829,星网宇达,19.7900000000,21.3000000000,211718031.0000000000,10399740.0000000000,-0.0708900000,2.1171803100,AKShare stock_zh_a_spot / 新浪
002830,名雕股份,13.3400000000,13.9800000000,69937712.0000000000,5109240.0000000000,-0.0457800000,0.6993771200,AKShare stock_zh_a_spot / 新浪
002831,裕同科技,25.6200000000,27.3000000000,281984999.0000000000,10770876.0000000000,-0.0615400000,2.8198499900,AKShare stock_zh_a_spot / 新浪
002832,比音勒芬,25.2000000000,26.3700000000,301282473.0000000000,11663100.0000000000,-0.0443700000,3.0128247300,AKShare stock_zh_a_spot / 新浪
002833,弘亚数控,17.9700000000,18.6100000000,68944940.0000000000,3807450.0000000000,-0.0343900000,0.6894494000,AKShare stock_zh_a_spot / 新浪
002835,同为股份,12.2100000000,12.4700000000,40716536.0000000000,3316900.0000000000,-0.0208500000,0.4071653600,AKShare stock_zh_a_spot / 新浪
002836,新宏泽,10.0600000000,10.4300000000,23295434.0000000000,2287044.0000000000,-0.0354700000,0.2329543400,AKShare stock_zh_a_spot / 新浪
002837,英维克,52.5900000000,57.5700000000,2342044673.0000000000,43299801.0000000000,-0.0865000000,23.4204467300,AKShare stock_zh_a_spot / 新浪
002838,道恩股份,23.9800000000,26.2500000000,355812774.0000000000,14422030.0000000000,-0.0864800000,3.5581277400,AKShare stock_zh_a_spot / 新浪
002839,张家港行,4.3100000000,4.2500000000,147527825.0000000000,34297380.0000000000,0.0141200000,1.4752782500,AKShare stock_zh_a_spot / 新浪
002840,华统股份,8.0700000000,8.6900000000,247556855.0000000000,29972089.0000000000,-0.0713500000,2.4755685500,AKShare stock_zh_a_spot / 新浪
002841,视源股份,49.3600000000,51.3000000000,317916765.0000000000,6334712.0000000000,-0.0378200000,3.1791676500,AKShare stock_zh_a_spot / 新浪
002842,翔鹭钨业,37.8800000000,40.8200000000,1456234605.0000000000,37475230.0000000000,-0.0720200000,14.5623460500,AKShare stock_zh_a_spot / 新浪
002843,泰嘉股份,15.5800000000,17.1200000000,179416282.0000000000,11228501.0000000000,-0.0899500000,1.7941628200,AKShare stock_zh_a_spot / 新浪
002845,同兴达,12.9600000000,13.6700000000,123438707.0000000000,9376961.0000000000,-0.0519400000,1.2343870700,AKShare stock_zh_a_spot / 新浪
002846,英联股份,10.1900000000,10.6700000000,53707390.0000000000,5194488.0000000000,-0.0449900000,0.5370739000,AKShare stock_zh_a_spot / 新浪
002847,盐津铺子,48.7300000000,48.9000000000,216741462.0000000000,4453001.0000000000,-0.0034800000,2.1674146200,AKShare stock_zh_a_spot / 新浪
002848,高斯贝尔,12.6900000000,13.0600000000,66812138.0000000000,5224400.0000000000,-0.0283300000,0.6681213800,AKShare stock_zh_a_spot / 新浪
002849,威星智能,17.7200000000,18.7500000000,181649453.0000000000,10016340.0000000000,-0.0549300000,1.8164945300,AKShare stock_zh_a_spot / 新浪
002850,科达利,181.8700000000,200.5600000000,1340320273.0000000000,7161378.0000000000,-0.0931900000,13.4032027300,AKShare stock_zh_a_spot / 新浪
002851,麦格米特,118.5300000000,131.7000000000,3798707032.0000000000,31212545.0000000000,-0.1000000000,37.9870703200,AKShare stock_zh_a_spot / 新浪
002852,道道全,8.2100000000,8.1200000000,187003456.0000000000,22709940.0000000000,0.0110800000,1.8700345600,AKShare stock_zh_a_spot / 新浪
002853,皮阿诺,20.4200000000,21.3900000000,29194042.0000000000,1412014.0000000000,-0.0453500000,0.2919404200,AKShare stock_zh_a_spot / 新浪
002855,捷荣技术,9.7700000000,10.1700000000,26549124.0000000000,2698503.0000000000,-0.0393300000,0.2654912400,AKShare stock_zh_a_spot / 新浪
002857,三晖电气,17.5400000000,18.7500000000,67043926.0000000000,3746700.0000000000,-0.0645300000,0.6704392600,AKShare stock_zh_a_spot / 新浪
002858,力盛体育,11.4000000000,11.7500000000,32448638.0000000000,2819000.0000000000,-0.0297900000,0.3244863800,AKShare stock_zh_a_spot / 新浪
002859,洁美科技,69.1500000000,76.8300000000,1248486545.0000000000,17629172.0000000000,-0.0999600000,12.4848654500,AKShare stock_zh_a_spot / 新浪
002860,星帅尔,16.5500000000,17.2100000000,292322569.0000000000,17448815.0000000000,-0.0383500000,2.9232256900,AKShare stock_zh_a_spot / 新浪
002861,瀛通通讯,15.4100000000,16.6000000000,82815137.0000000000,5235324.0000000000,-0.0716900000,0.8281513700,AKShare stock_zh_a_spot / 新浪
002862,实丰文化,13.1700000000,13.6400000000,36699012.0000000000,2759450.0000000000,-0.0344600000,0.3669901200,AKShare stock_zh_a_spot / 新浪
002863,今飞凯达,4.6300000000,4.9000000000,179506600.0000000000,38209328.0000000000,-0.0551000000,1.7950660000,AKShare stock_zh_a_spot / 新浪
002864,盘龙药业,22.3700000000,22.6800000000,74753547.0000000000,3317520.0000000000,-0.0136700000,0.7475354700,AKShare stock_zh_a_spot / 新浪
002865,钧达股份,42.2800000000,46.9800000000,887107512.0000000000,20142515.0000000000,-0.1000400000,8.8710751200,AKShare stock_zh_a_spot / 新浪
002866,传艺科技,14.6000000000,15.4000000000,133897590.0000000000,8978102.0000000000,-0.0519500000,1.3389759000,AKShare stock_zh_a_spot / 新浪
002867,周大生,12.3800000000,12.4300000000,90589977.0000000000,7312950.0000000000,-0.0040200000,0.9058997700,AKShare stock_zh_a_spot / 新浪
002868,绿康生化,22.6600000000,23.6800000000,50311953.0000000000,2189300.0000000000,-0.0430700000,0.5031195300,AKShare stock_zh_a_spot / 新浪
002869,金溢科技,15.5500000000,16.2700000000,38558914.0000000000,2445868.0000000000,-0.0442500000,0.3855891400,AKShare stock_zh_a_spot / 新浪
002870,香山股份,48.2000000000,48.7700000000,326037537.0000000000,6661717.0000000000,-0.0116900000,3.2603753700,AKShare stock_zh_a_spot / 新浪
002871,伟隆股份,16.5000000000,17.6300000000,51978067.0000000000,3086100.0000000000,-0.0641000000,0.5197806700,AKShare stock_zh_a_spot / 新浪
002873,新天药业,8.4200000000,8.4300000000,131548834.0000000000,15362460.0000000000,-0.0011900000,1.3154883400,AKShare stock_zh_a_spot / 新浪
002875,安奈儿,13.0500000000,13.6800000000,51594833.0000000000,3908050.0000000000,-0.0460500000,0.5159483300,AKShare stock_zh_a_spot / 新浪
002876,三利谱,29.0200000000,30.3500000000,133854865.0000000000,4556454.0000000000,-0.0438200000,1.3385486500,AKShare stock_zh_a_spot / 新浪
002877,智能自控,7.1800000000,7.4000000000,37419184.0000000000,5179200.0000000000,-0.0297300000,0.3741918400,AKShare stock_zh_a_spot / 新浪
002878,元隆雅图,12.1500000000,12.5000000000,50698364.0000000000,4151600.0000000000,-0.0280000000,0.5069836400,AKShare stock_zh_a_spot / 新浪
002879,长缆科技,15.7900000000,16.9900000000,208355348.0000000000,12959050.0000000000,-0.0706300000,2.0835534800,AKShare stock_zh_a_spot / 新浪
002880,卫光生物,19.9000000000,20.4200000000,28026893.0000000000,1392900.0000000000,-0.0254700000,0.2802689300,AKShare stock_zh_a_spot / 新浪
002881,美格智能,37.9700000000,40.1500000000,294000733.0000000000,7611263.0000000000,-0.0543000000,2.9400073300,AKShare stock_zh_a_spot / 新浪
002882,金龙羽,20.7200000000,21.6100000000,123725123.0000000000,5882000.0000000000,-0.0411800000,1.2372512300,AKShare stock_zh_a_spot / 新浪
002884,凌霄泵业,15.9700000000,16.0700000000,21510726.0000000000,1343180.0000000000,-0.0062200000,0.2151072600,AKShare stock_zh_a_spot / 新浪
002885,京泉华,28.4200000000,31.3000000000,554227614.0000000000,18920768.0000000000,-0.0920100000,5.5422761400,AKShare stock_zh_a_spot / 新浪
002886,沃特股份,19.4100000000,20.4400000000,199557976.0000000000,10076100.0000000000,-0.0503900000,1.9955797600,AKShare stock_zh_a_spot / 新浪
002887,绿茵生态,9.9400000000,10.7000000000,61437812.0000000000,6092150.0000000000,-0.0710300000,0.6143781200,AKShare stock_zh_a_spot / 新浪
002888,惠威科技,16.9000000000,17.7900000000,32915938.0000000000,1916032.0000000000,-0.0500300000,0.3291593800,AKShare stock_zh_a_spot / 新浪
002889,东方嘉盛,12.4800000000,12.5500000000,45338611.0000000000,3643981.0000000000,-0.0055800000,0.4533861100,AKShare stock_zh_a_spot / 新浪
002890,弘宇股份,14.0500000000,14.3000000000,24034960.0000000000,1696604.0000000000,-0.0174800000,0.2403496000,AKShare stock_zh_a_spot / 新浪
002891,中宠股份,29.7400000000,30.6400000000,204089079.0000000000,6828512.0000000000,-0.0293700000,2.0408907900,AKShare stock_zh_a_spot / 新浪
002892,科力尔,9.0000000000,9.5600000000,109986234.0000000000,12037990.0000000000,-0.0585800000,1.0998623400,AKShare stock_zh_a_spot / 新浪
002893,京能热力,9.6400000000,9.8700000000,59408028.0000000000,6121900.0000000000,-0.0233000000,0.5940802800,AKShare stock_zh_a_spot / 新浪
002895,川恒股份,33.3700000000,35.3800000000,505518900.0000000000,14889100.0000000000,-0.0568100000,5.0551890000,AKShare stock_zh_a_spot / 新浪
002896,中大力德,76.4000000000,84.8900000000,881417858.0000000000,11427918.0000000000,-0.1000100000,8.8141785800,AKShare stock_zh_a_spot / 新浪
002897,意华股份,55.6300000000,61.8100000000,554068610.0000000000,9612666.0000000000,-0.0999800000,5.5406861000,AKShare stock_zh_a_spot / 新浪
002899,英派斯,19.0100000000,19.9000000000,48950818.0000000000,2522286.0000000000,-0.0447200000,0.4895081800,AKShare stock_zh_a_spot / 新浪
002900,哈三联,15.6300000000,14.2100000000,321354309.0000000000,20752037.0000000000,0.0999300000,3.2135430900,AKShare stock_zh_a_spot / 新浪
002901,大博医疗,43.7000000000,44.0000000000,67777427.0000000000,1549355.0000000000,-0.0068200000,0.6777742700,AKShare stock_zh_a_spot / 新浪
002902,铭普光磁,24.1400000000,26.1400000000,307756020.0000000000,12373210.0000000000,-0.0765100000,3.0775602000,AKShare stock_zh_a_spot / 新浪
002903,宇环数控,27.8800000000,29.7900000000,355738745.0000000000,12602593.0000000000,-0.0641200000,3.5573874500,AKShare stock_zh_a_spot / 新浪
002905,金逸影视,7.4300000000,7.6100000000,36793676.0000000000,4918460.0000000000,-0.0236500000,0.3679367600,AKShare stock_zh_a_spot / 新浪
002907,华森制药,16.1500000000,15.8200000000,610489798.0000000000,38452603.0000000000,0.0208600000,6.1048979800,AKShare stock_zh_a_spot / 新浪
002908,德生科技,6.8300000000,7.0800000000,35866709.0000000000,5203738.0000000000,-0.0353100000,0.3586670900,AKShare stock_zh_a_spot / 新浪
002909,集泰股份,5.0800000000,5.2300000000,37537134.0000000000,7324298.0000000000,-0.0286800000,0.3753713400,AKShare stock_zh_a_spot / 新浪
002910,庄园牧场,9.3600000000,9.7700000000,70824432.0000000000,7479300.0000000000,-0.0419700000,0.7082443200,AKShare stock_zh_a_spot / 新浪
002911,佛燃能源,10.7700000000,10.9100000000,48983905.0000000000,4521358.0000000000,-0.0128300000,0.4898390500,AKShare stock_zh_a_spot / 新浪
002912,中新赛克,18.6700000000,19.6300000000,70048926.0000000000,3699741.0000000000,-0.0489000000,0.7004892600,AKShare stock_zh_a_spot / 新浪
002913,奥士康,57.4700000000,61.3000000000,530344617.0000000000,8941762.0000000000,-0.0624800000,5.3034461700,AKShare stock_zh_a_spot / 新浪
002915,中欣氟材,17.2100000000,17.7100000000,172467668.0000000000,9761060.0000000000,-0.0282300000,1.7246766800,AKShare stock_zh_a_spot / 新浪
002916,深南电路,343.9300000000,381.8500000000,4995253951.0000000000,14003767.0000000000,-0.0993100000,49.9525395100,AKShare stock_zh_a_spot / 新浪
002917,金奥博,10.0800000000,10.4400000000,36878981.0000000000,3617100.0000000000,-0.0344800000,0.3687898100,AKShare stock_zh_a_spot / 新浪
002918,蒙娜丽莎,9.7800000000,10.0700000000,146503920.0000000000,14690800.0000000000,-0.0288000000,1.4650392000,AKShare stock_zh_a_spot / 新浪
002919,名臣健康,17.3500000000,18.0600000000,67874047.0000000000,3864363.0000000000,-0.0393100000,0.6787404700,AKShare stock_zh_a_spot / 新浪
002920,德赛西威,84.6600000000,89.0900000000,633432722.0000000000,7375638.0000000000,-0.0497200000,6.3343272200,AKShare stock_zh_a_spot / 新浪
002921,联诚精密,21.5900000000,22.9700000000,128943406.0000000000,5865392.0000000000,-0.0600800000,1.2894340600,AKShare stock_zh_a_spot / 新浪
002922,伊戈尔,25.2000000000,27.1400000000,507488000.0000000000,19677831.0000000000,-0.0714800000,5.0748800000,AKShare stock_zh_a_spot / 新浪
002923,润都股份,11.4400000000,11.6600000000,89266743.0000000000,7740800.0000000000,-0.0188700000,0.8926674300,AKShare stock_zh_a_spot / 新浪
002925,盈趣科技,22.3900000000,23.7600000000,379683046.0000000000,16577617.0000000000,-0.0576600000,3.7968304600,AKShare stock_zh_a_spot / 新浪
002926,华西证券,8.2100000000,8.3100000000,109891965.0000000000,13345768.0000000000,-0.0120300000,1.0989196500,AKShare stock_zh_a_spot / 新浪
002927,泰永长征,16.3200000000,17.0600000000,94680967.0000000000,5723684.0000000000,-0.0433800000,0.9468096700,AKShare stock_zh_a_spot / 新浪
002928,华夏航空,6.0900000000,6.2600000000,127387674.0000000000,20708000.0000000000,-0.0271600000,1.2738767400,AKShare stock_zh_a_spot / 新浪
002929,润建股份,52.9800000000,57.9000000000,923251503.0000000000,16989811.0000000000,-0.0849700000,9.2325150300,AKShare stock_zh_a_spot / 新浪
002930,宏川智慧,8.5600000000,8.9600000000,59025508.0000000000,6810152.0000000000,-0.0446400000,0.5902550800,AKShare stock_zh_a_spot / 新浪
002931,锋龙股份,49.3300000000,54.8100000000,608959495.0000000000,12000806.0000000000,-0.0999800000,6.0895949500,AKShare stock_zh_a_spot / 新浪
002933,新兴装备,26.6700000000,28.0100000000,53563222.0000000000,1974000.0000000000,-0.0478400000,0.5356322200,AKShare stock_zh_a_spot / 新浪
002935,天奥电子,15.9900000000,17.0800000000,119119085.0000000000,7282006.0000000000,-0.0638200000,1.1911908500,AKShare stock_zh_a_spot / 新浪
002936,郑州银行,1.7600000000,1.7500000000,186652302.0000000000,105997068.0000000000,0.0057100000,1.8665230200,AKShare stock_zh_a_spot / 新浪
002937,兴瑞科技,29.6300000000,32.9200000000,314984389.0000000000,10288298.0000000000,-0.0999400000,3.1498438900,AKShare stock_zh_a_spot / 新浪
002938,鹏鼎控股,87.3600000000,94.7700000000,2364852927.0000000000,26410315.0000000000,-0.0781900000,23.6485292700,AKShare stock_zh_a_spot / 新浪
002939,长城证券,7.9400000000,8.1200000000,226433333.0000000000,28310029.0000000000,-0.0221700000,2.2643333300,AKShare stock_zh_a_spot / 新浪
002940,昂利康,25.8300000000,26.9200000000,188902184.0000000000,7203628.0000000000,-0.0404900000,1.8890218400,AKShare stock_zh_a_spot / 新浪
002941,新疆交建,10.2700000000,10.4600000000,89592653.0000000000,8679036.0000000000,-0.0181600000,0.8959265300,AKShare stock_zh_a_spot / 新浪
002942,新农股份,15.6500000000,15.9200000000,35535592.0000000000,2253580.0000000000,-0.0169600000,0.3553559200,AKShare stock_zh_a_spot / 新浪
002943,宇晶股份,32.7300000000,36.1600000000,353634640.0000000000,10442035.0000000000,-0.0948600000,3.5363464000,AKShare stock_zh_a_spot / 新浪
002945,华林证券,13.9200000000,14.0500000000,191624581.0000000000,13580893.0000000000,-0.0092500000,1.9162458100,AKShare stock_zh_a_spot / 新浪
002946,新乳业,15.8100000000,15.8400000000,126885765.0000000000,7985801.0000000000,-0.0018900000,1.2688576500,AKShare stock_zh_a_spot / 新浪
002947,恒铭达,55.9600000000,61.3700000000,498203164.0000000000,8631864.0000000000,-0.0881500000,4.9820316400,AKShare stock_zh_a_spot / 新浪
002948,青岛银行,5.8900000000,5.7500000000,362732952.0000000000,62300963.0000000000,0.0243500000,3.6273295200,AKShare stock_zh_a_spot / 新浪
002949,华阳国际,10.4500000000,10.7300000000,30036576.0000000000,2855923.0000000000,-0.0261000000,0.3003657600,AKShare stock_zh_a_spot / 新浪
002950,奥美医疗,9.2600000000,9.4600000000,53143350.0000000000,5711583.0000000000,-0.0211400000,0.5314335000,AKShare stock_zh_a_spot / 新浪
002951,金时科技,15.8000000000,16.7900000000,262221667.0000000000,16234669.0000000000,-0.0589600000,2.6222166700,AKShare stock_zh_a_spot / 新浪
002952,亚世光电,19.5300000000,20.2700000000,50599042.0000000000,2565375.0000000000,-0.0365100000,0.5059904200,AKShare stock_zh_a_spot / 新浪
002953,日丰股份,11.7300000000,10.6600000000,274830856.0000000000,23433086.0000000000,0.1003800000,2.7483085600,AKShare stock_zh_a_spot / 新浪
002955,鸿合科技,34.6900000000,35.0100000000,286079199.0000000000,8055790.0000000000,-0.0091400000,2.8607919900,AKShare stock_zh_a_spot / 新浪
002956,西麦食品,17.5100000000,18.7000000000,110030575.0000000000,6189367.0000000000,-0.0636400000,1.1003057500,AKShare stock_zh_a_spot / 新浪
002957,科瑞技术,39.4000000000,43.7800000000,1035779477.0000000000,25450903.0000000000,-0.1000500000,10.3577947700,AKShare stock_zh_a_spot / 新浪
002958,青农商行,2.9500000000,2.9200000000,233384500.0000000000,79456025.0000000000,0.0102700000,2.3338450000,AKShare stock_zh_a_spot / 新浪
002959,小熊电器,33.2800000000,33.9300000000,31507022.0000000000,939018.0000000000,-0.0191600000,0.3150702200,AKShare stock_zh_a_spot / 新浪
002960,青鸟智控,8.5400000000,8.6800000000,125369941.0000000000,14643786.0000000000,-0.0161300000,1.2536994100,AKShare stock_zh_a_spot / 新浪
002961,瑞达期货,17.9300000000,18.7000000000,100482790.0000000000,5534800.0000000000,-0.0411800000,1.0048279000,AKShare stock_zh_a_spot / 新浪
002962,五方光电,12.8300000000,13.5500000000,206643259.0000000000,15799800.0000000000,-0.0531400000,2.0664325900,AKShare stock_zh_a_spot / 新浪
002963,豪尔赛,17.0000000000,18.1900000000,93135924.0000000000,5318200.0000000000,-0.0654200000,0.9313592400,AKShare stock_zh_a_spot / 新浪
002965,祥鑫科技,30.8600000000,34.2900000000,502128789.0000000000,15837224.0000000000,-0.1000300000,5.0212878900,AKShare stock_zh_a_spot / 新浪
002966,苏州银行,8.6100000000,8.5400000000,311178861.0000000000,36249667.0000000000,0.0082000000,3.1117886100,AKShare stock_zh_a_spot / 新浪
002967,广电计量,17.1800000000,17.7300000000,92808988.0000000000,5347500.0000000000,-0.0310200000,0.9280898800,AKShare stock_zh_a_spot / 新浪
002968,新大正,9.0700000000,9.1900000000,43345240.0000000000,4713440.0000000000,-0.0130600000,0.4334524000,AKShare stock_zh_a_spot / 新浪
002969,嘉美包装,13.1500000000,14.4500000000,531779964.0000000000,39291871.0000000000,-0.0899700000,5.3177996400,AKShare stock_zh_a_spot / 新浪
002970,锐明技术,49.3800000000,53.4100000000,225607118.0000000000,4447291.0000000000,-0.0754500000,2.2560711800,AKShare stock_zh_a_spot / 新浪
002971,和远气体,43.5000000000,46.6200000000,842463388.0000000000,18918418.0000000000,-0.0669200000,8.4246338800,AKShare stock_zh_a_spot / 新浪
002972,科安达,13.7500000000,14.9400000000,115121343.0000000000,8119840.0000000000,-0.0796500000,1.1512134300,AKShare stock_zh_a_spot / 新浪
002973,侨银股份,11.1700000000,11.7100000000,83376814.0000000000,7391399.0000000000,-0.0461100000,0.8337681400,AKShare stock_zh_a_spot / 新浪
002975,博杰股份,94.4100000000,104.9000000000,1207809086.0000000000,12349662.0000000000,-0.1000000000,12.0780908600,AKShare stock_zh_a_spot / 新浪
002976,瑞玛精密,21.9300000000,23.5600000000,119055184.0000000000,5292570.0000000000,-0.0691900000,1.1905518400,AKShare stock_zh_a_spot / 新浪
002978,安宁股份,25.5500000000,26.0500000000,83522640.0000000000,3246151.0000000000,-0.0191900000,0.8352264000,AKShare stock_zh_a_spot / 新浪
002979,雷赛智能,55.8500000000,62.0600000000,1032670961.0000000000,18154302.0000000000,-0.1000600000,10.3267096100,AKShare stock_zh_a_spot / 新浪
002980,华盛昌,94.7300000000,105.2600000000,1042652361.0000000000,10625100.0000000000,-0.1000400000,10.4265236100,AKShare stock_zh_a_spot / 新浪
002981,朝阳科技,22.9700000000,23.2500000000,85145177.0000000000,3713600.0000000000,-0.0120400000,0.8514517700,AKShare stock_zh_a_spot / 新浪
002982,湘佳股份,12.5200000000,12.7200000000,72087999.0000000000,5717672.0000000000,-0.0157200000,0.7208799900,AKShare stock_zh_a_spot / 新浪
002983,芯瑞达,19.3500000000,20.2300000000,46685076.0000000000,2376116.0000000000,-0.0435000000,0.4668507600,AKShare stock_zh_a_spot / 新浪
002984,森麒麟,13.8700000000,13.8500000000,199306483.0000000000,14258740.0000000000,0.0014400000,1.9930648300,AKShare stock_zh_a_spot / 新浪
002985,北摩高科,25.1500000000,26.2300000000,117379405.0000000000,4589730.0000000000,-0.0411700000,1.1737940500,AKShare stock_zh_a_spot / 新浪
002986,宇新股份,12.9400000000,13.2400000000,79379627.0000000000,6079585.0000000000,-0.0226600000,0.7937962700,AKShare stock_zh_a_spot / 新浪
002987,京北方,10.4500000000,10.8300000000,122311448.0000000000,11596697.0000000000,-0.0350900000,1.2231144800,AKShare stock_zh_a_spot / 新浪
002988,豪美新材,22.1000000000,24.0500000000,240137376.0000000000,10587972.0000000000,-0.0810800000,2.4013737600,AKShare stock_zh_a_spot / 新浪
002989,中天精装,23.6400000000,24.9100000000,204114038.0000000000,8425520.0000000000,-0.0509800000,2.0411403800,AKShare stock_zh_a_spot / 新浪
002990,盛视科技,50.4200000000,55.7100000000,602873846.0000000000,11609500.0000000000,-0.0949600000,6.0287384600,AKShare stock_zh_a_spot / 新浪
002991,甘源食品,42.0000000000,43.2000000000,36257684.0000000000,853936.0000000000,-0.0277800000,0.3625768400,AKShare stock_zh_a_spot / 新浪
002992,宝明科技,33.7600000000,36.0500000000,65704026.0000000000,1919056.0000000000,-0.0635200000,0.6570402600,AKShare stock_zh_a_spot / 新浪
002993,奥海科技,37.1900000000,40.7600000000,336710338.0000000000,8813204.0000000000,-0.0875900000,3.3671033800,AKShare stock_zh_a_spot / 新浪
002995,天地在线,16.7600000000,17.5800000000,85267119.0000000000,5029572.0000000000,-0.0466400000,0.8526711900,AKShare stock_zh_a_spot / 新浪
002996,顺博合金,6.1000000000,6.2200000000,47082705.0000000000,7684100.0000000000,-0.0192900000,0.4708270500,AKShare stock_zh_a_spot / 新浪
002997,瑞鹄模具,26.5000000000,27.7900000000,104190170.0000000000,3866314.0000000000,-0.0464200000,1.0419017000,AKShare stock_zh_a_spot / 新浪
002998,优彩资源,7.7300000000,8.0200000000,65537134.0000000000,8397300.0000000000,-0.0361600000,0.6553713400,AKShare stock_zh_a_spot / 新浪
002999,天禾股份,6.0000000000,6.1000000000,74007557.0000000000,12261800.0000000000,-0.0163900000,0.7400755700,AKShare stock_zh_a_spot / 新浪
003000,劲仔食品,10.3700000000,10.5500000000,39563774.0000000000,3794100.0000000000,-0.0170600000,0.3956377400,AKShare stock_zh_a_spot / 新浪
003001,中岩大地,16.0900000000,17.5500000000,190346676.0000000000,11514923.0000000000,-0.0831900000,1.9034667600,AKShare stock_zh_a_spot / 新浪
003002,壶化股份,16.3700000000,17.1200000000,67051984.0000000000,4031481.0000000000,-0.0438100000,0.6705198400,AKShare stock_zh_a_spot / 新浪
003003,天元股份,10.8400000000,11.1200000000,32650541.0000000000,2989803.0000000000,-0.0251800000,0.3265054100,AKShare stock_zh_a_spot / 新浪
003004,声迅股份,68.1900000000,74.6200000000,115201387.0000000000,1633900.0000000000,-0.0861700000,1.1520138700,AKShare stock_zh_a_spot / 新浪
003005,竞业达,13.3000000000,13.7500000000,53597078.0000000000,4010540.0000000000,-0.0327300000,0.5359707800,AKShare stock_zh_a_spot / 新浪
003006,百亚股份,13.3900000000,13.5300000000,75706289.0000000000,5639675.0000000000,-0.0103500000,0.7570628900,AKShare stock_zh_a_spot / 新浪
003007,直真科技,35.9000000000,38.5000000000,112183572.0000000000,3075167.0000000000,-0.0675300000,1.1218357200,AKShare stock_zh_a_spot / 新浪
003008,开普检测,19.3500000000,19.5700000000,25015993.0000000000,1290600.0000000000,-0.0112400000,0.2501599300,AKShare stock_zh_a_spot / 新浪
003009,中天火箭,48.1500000000,51.8500000000,428774930.0000000000,8548625.0000000000,-0.0713600000,4.2877493000,AKShare stock_zh_a_spot / 新浪
003010,若羽臣,26.5100000000,28.0000000000,287257959.0000000000,10669282.0000000000,-0.0532100000,2.8725795900,AKShare stock_zh_a_spot / 新浪
003011,海象新材,20.2200000000,21.1900000000,54687161.0000000000,2674300.0000000000,-0.0457800000,0.5468716100,AKShare stock_zh_a_spot / 新浪
003012,东鹏控股,4.6600000000,4.7600000000,39905403.0000000000,8465450.0000000000,-0.0210100000,0.3990540300,AKShare stock_zh_a_spot / 新浪
003013,地铁设计,18.5400000000,19.5700000000,168096526.0000000000,9001263.0000000000,-0.0526300000,1.6809652600,AKShare stock_zh_a_spot / 新浪
003015,日久光电,12.4300000000,12.6000000000,91580486.0000000000,7345700.0000000000,-0.0134900000,0.9158048600,AKShare stock_zh_a_spot / 新浪
003016,欣贺股份,6.8600000000,7.0200000000,21609074.0000000000,3137100.0000000000,-0.0227900000,0.2160907400,AKShare stock_zh_a_spot / 新浪
003017,大洋生物,22.3600000000,23.3100000000,66778945.0000000000,2950001.0000000000,-0.0407600000,0.6677894500,AKShare stock_zh_a_spot / 新浪
003018,金富科技,39.7000000000,43.0500000000,457548001.0000000000,11286744.0000000000,-0.0778200000,4.5754800100,AKShare stock_zh_a_spot / 新浪
003019,宸展光电,23.2500000000,25.1900000000,133609548.0000000000,5597155.0000000000,-0.0770100000,1.3360954800,AKShare stock_zh_a_spot / 新浪
003020,立方制药,19.1700000000,19.4100000000,303011790.0000000000,15518838.0000000000,-0.0123600000,3.0301179000,AKShare stock_zh_a_spot / 新浪
003021,兆威机电,73.6200000000,81.8000000000,430770625.0000000000,5715706.0000000000,-0.1000000000,4.3077062500,AKShare stock_zh_a_spot / 新浪
003022,联泓新科,20.7000000000,20.8900000000,283565208.0000000000,13592594.0000000000,-0.0091000000,2.8356520800,AKShare stock_zh_a_spot / 新浪
003023,彩虹集团,27.9300000000,27.7500000000,281679637.0000000000,10129428.0000000000,0.0064900000,2.8167963700,AKShare stock_zh_a_spot / 新浪
003025,思进智能,12.0700000000,12.5800000000,54715217.0000000000,4495094.0000000000,-0.0405400000,0.5471521700,AKShare stock_zh_a_spot / 新浪
003026,中晶科技,29.9100000000,31.2500000000,319894893.0000000000,10483770.0000000000,-0.0428800000,3.1989489300,AKShare stock_zh_a_spot / 新浪
003027,同兴科技,16.1400000000,16.6900000000,30350572.0000000000,1860400.0000000000,-0.0329500000,0.3035057200,AKShare stock_zh_a_spot / 新浪
003028,振邦智能,21.9300000000,23.0600000000,21109755.0000000000,948920.0000000000,-0.0490000000,0.2110975500,AKShare stock_zh_a_spot / 新浪
003029,吉大正元,16.0400000000,16.6900000000,50272691.0000000000,3098600.0000000000,-0.0389500000,0.5027269100,AKShare stock_zh_a_spot / 新浪
003030,祖名股份,21.9600000000,22.8400000000,91054330.0000000000,4045700.0000000000,-0.0385300000,0.9105433000,AKShare stock_zh_a_spot / 新浪
003031,中瓷电子,129.2500000000,143.6100000000,2223899276.0000000000,16526617.0000000000,-0.0999900000,22.2389927600,AKShare stock_zh_a_spot / 新浪
003032,传智教育,13.2800000000,13.1400000000,1040169612.0000000000,82218498.0000000000,0.0106500000,10.4016961200,AKShare stock_zh_a_spot / 新浪
003033,征和工业,65.8800000000,71.0100000000,212650406.0000000000,3173000.0000000000,-0.0722400000,2.1265040600,AKShare stock_zh_a_spot / 新浪
003035,南网能源,5.1600000000,5.3600000000,129585086.0000000000,24874969.0000000000,-0.0373100000,1.2958508600,AKShare stock_zh_a_spot / 新浪
003036,泰坦股份,53.8500000000,59.5700000000,486659675.0000000000,8697516.0000000000,-0.0960200000,4.8665967500,AKShare stock_zh_a_spot / 新浪
003037,三和管桩,5.5000000000,5.6400000000,17640311.0000000000,3180600.0000000000,-0.0248200000,0.1764031100,AKShare stock_zh_a_spot / 新浪
003038,鑫铂股份,10.4500000000,10.8800000000,47779448.0000000000,4522781.0000000000,-0.0395200000,0.4777944800,AKShare stock_zh_a_spot / 新浪
003039,顺控发展,11.7000000000,11.8700000000,28468927.0000000000,2431900.0000000000,-0.0143200000,0.2846892700,AKShare stock_zh_a_spot / 新浪
003040,楚天龙,10.8500000000,11.5300000000,142872078.0000000000,12933167.0000000000,-0.0589800000,1.4287207800,AKShare stock_zh_a_spot / 新浪
003041,真爱美家,40.5500000000,43.0300000000,75533023.0000000000,1835000.0000000000,-0.0576300000,0.7553302300,AKShare stock_zh_a_spot / 新浪
003042,中农联合,14.0200000000,13.9200000000,222161013.0000000000,15432024.0000000000,0.0071800000,2.2216101300,AKShare stock_zh_a_spot / 新浪
003043,华亚智能,71.5800000000,79.5300000000,547416728.0000000000,7339522.0000000000,-0.0999600000,5.4741672800,AKShare stock_zh_a_spot / 新浪
003816,中国广核,3.9200000000,3.8700000000,516124956.0000000000,132729781.0000000000,0.0129200000,5.1612495600,AKShare stock_zh_a_spot / 新浪
300001,特锐德,36.1400000000,37.5300000000,708555926.0000000000,19456244.0000000000,-0.0370400000,7.0855592600,AKShare stock_zh_a_spot / 新浪
300002,神州泰岳,7.9600000000,8.1700000000,299922088.0000000000,37405935.0000000000,-0.0257000000,2.9992208800,AKShare stock_zh_a_spot / 新浪
300003,乐普医疗,12.2000000000,12.5800000000,321136312.0000000000,26060700.0000000000,-0.0302100000,3.2113631200,AKShare stock_zh_a_spot / 新浪
300004,南风股份,8.2900000000,9.1500000000,453807818.0000000000,52307646.0000000000,-0.0939900000,4.5380781800,AKShare stock_zh_a_spot / 新浪
300005,探路者,10.8200000000,11.8700000000,740317098.0000000000,67031802.0000000000,-0.0884600000,7.4031709800,AKShare stock_zh_a_spot / 新浪
300006,莱美药业,4.9500000000,5.1600000000,113642826.0000000000,22679400.0000000000,-0.0407000000,1.1364282600,AKShare stock_zh_a_spot / 新浪
300007,汉威科技,31.6200000000,35.5100000000,539238010.0000000000,16409087.0000000000,-0.1095500000,5.3923801000,AKShare stock_zh_a_spot / 新浪
300008,天海防务,6.0000000000,6.2700000000,333953826.0000000000,54813995.0000000000,-0.0430600000,3.3395382600,AKShare stock_zh_a_spot / 新浪
300009,安科生物,8.4600000000,8.6800000000,222244319.0000000000,26009623.0000000000,-0.0253500000,2.2224431900,AKShare stock_zh_a_spot / 新浪
300011,鼎汉技术,6.1500000000,5.9600000000,122185571.0000000000,20044701.0000000000,0.0318800000,1.2218557100,AKShare stock_zh_a_spot / 新浪
300012,华测检测,15.0400000000,15.2200000000,799398279.0000000000,52604905.0000000000,-0.0118300000,7.9939827900,AKShare stock_zh_a_spot / 新浪
300013,新宁物流,3.9300000000,4.0700000000,55958104.0000000000,14188700.0000000000,-0.0344000000,0.5595810400,AKShare stock_zh_a_spot / 新浪
300014,亿纬锂能,55.4000000000,56.6600000000,2015592557.0000000000,36135520.0000000000,-0.0222400000,20.1559255700,AKShare stock_zh_a_spot / 新浪
300015,爱尔眼科,8.4300000000,8.5700000000,511935607.0000000000,60300135.0000000000,-0.0163400000,5.1193560700,AKShare stock_zh_a_spot / 新浪
300016,北陆药业,8.3000000000,8.5900000000,139978205.0000000000,16649500.0000000000,-0.0337600000,1.3997820500,AKShare stock_zh_a_spot / 新浪
300017,网宿科技,15.6500000000,16.8500000000,3432378969.0000000000,216034289.0000000000,-0.0712200000,34.3237896900,AKShare stock_zh_a_spot / 新浪
300018,中元股份,11.1700000000,11.9400000000,142290039.0000000000,12489000.0000000000,-0.0644900000,1.4229003900,AKShare stock_zh_a_spot / 新浪
300019,硅宝科技,14.6200000000,15.1600000000,95560293.0000000000,6428740.0000000000,-0.0356200000,0.9556029300,AKShare stock_zh_a_spot / 新浪
300021,大禹节水,3.9500000000,4.1500000000,137249526.0000000000,34192841.0000000000,-0.0481900000,1.3724952600,AKShare stock_zh_a_spot / 新浪
300022,吉峰科技,8.1000000000,8.2200000000,61257094.0000000000,7540000.0000000000,-0.0146000000,0.6125709400,AKShare stock_zh_a_spot / 新浪
300024,机器人,15.2500000000,16.6600000000,1050908013.0000000000,67382885.0000000000,-0.0846300000,10.5090801300,AKShare stock_zh_a_spot / 新浪
300025,华星创业,5.1100000000,5.2900000000,53861369.0000000000,10390300.0000000000,-0.0340300000,0.5386136900,AKShare stock_zh_a_spot / 新浪
300026,红日药业,3.4100000000,3.5200000000,306907757.0000000000,89186010.0000000000,-0.0312500000,3.0690775700,AKShare stock_zh_a_spot / 新浪
300030,阳普医疗,6.7000000000,6.8300000000,62444455.0000000000,9250101.0000000000,-0.0190300000,0.6244445500,AKShare stock_zh_a_spot / 新浪
300031,宝通科技,20.8700000000,22.1600000000,353320522.0000000000,16582935.0000000000,-0.0582100000,3.5332052200,AKShare stock_zh_a_spot / 新浪
300032,金龙机电,3.6000000000,3.7700000000,61362073.0000000000,16832700.0000000000,-0.0450900000,0.6136207300,AKShare stock_zh_a_spot / 新浪
300033,同花顺,223.0000000000,231.9000000000,2640349910.0000000000,11704436.0000000000,-0.0383800000,26.4034991000,AKShare stock_zh_a_spot / 新浪
300034,钢研高纳,15.3800000000,16.1700000000,255480010.0000000000,16316440.0000000000,-0.0488600000,2.5548001000,AKShare stock_zh_a_spot / 新浪
300035,中科电气,14.6900000000,13.5500000000,1014174774.0000000000,69725275.0000000000,0.0841300000,10.1417477400,AKShare stock_zh_a_spot / 新浪
300036,超图软件,10.8400000000,11.3600000000,124150213.0000000000,11303892.0000000000,-0.0457700000,1.2415021300,AKShare stock_zh_a_spot / 新浪
300037,新宙邦,64.1500000000,67.9700000000,973062030.0000000000,14880182.0000000000,-0.0562000000,9.7306203000,AKShare stock_zh_a_spot / 新浪
300039,上海凯宝,5.6300000000,5.9000000000,330858411.0000000000,57014205.0000000000,-0.0457600000,3.3085841100,AKShare stock_zh_a_spot / 新浪
300040,九洲集团,5.7900000000,6.0400000000,191604908.0000000000,32702780.0000000000,-0.0413900000,1.9160490800,AKShare stock_zh_a_spot / 新浪
300041,回天新材,10.7900000000,11.3500000000,262048356.0000000000,23874407.0000000000,-0.0493400000,2.6204835600,AKShare stock_zh_a_spot / 新浪
300042,朗科科技,39.8600000000,44.1200000000,821765721.0000000000,20193122.0000000000,-0.0965500000,8.2176572100,AKShare stock_zh_a_spot / 新浪
300043,星辉娱乐,4.4200000000,4.6500000000,121193718.0000000000,27002700.0000000000,-0.0494600000,1.2119371800,AKShare stock_zh_a_spot / 新浪
300045,华力创通,12.6200000000,13.6300000000,315969275.0000000000,24316994.0000000000,-0.0741000000,3.1596927500,AKShare stock_zh_a_spot / 新浪
300046,台基股份,26.1400000000,25.3200000000,459054616.0000000000,17820722.0000000000,0.0323900000,4.5905461600,AKShare stock_zh_a_spot / 新浪
300047,天源迪科,9.0300000000,9.5100000000,155106742.0000000000,17006599.0000000000,-0.0504700000,1.5510674200,AKShare stock_zh_a_spot / 新浪
300048,合康新能,4.8700000000,4.9800000000,47035251.0000000000,9658200.0000000000,-0.0220900000,0.4703525100,AKShare stock_zh_a_spot / 新浪
300049,福瑞医科,41.0600000000,43.9100000000,422982409.0000000000,10105133.0000000000,-0.0649100000,4.2298240900,AKShare stock_zh_a_spot / 新浪
300050,世纪鼎利,6.6200000000,6.9400000000,204821617.0000000000,29884200.0000000000,-0.0461100000,2.0482161700,AKShare stock_zh_a_spot / 新浪
300051,琏升科技,8.1100000000,8.6700000000,206650339.0000000000,25132400.0000000000,-0.0645900000,2.0665033900,AKShare stock_zh_a_spot / 新浪
300052,中青宝,10.7200000000,11.2400000000,139182218.0000000000,12805800.0000000000,-0.0462600000,1.3918221800,AKShare stock_zh_a_spot / 新浪
300053,航宇微,11.9000000000,12.9500000000,401996005.0000000000,32514167.0000000000,-0.0810800000,4.0199600500,AKShare stock_zh_a_spot / 新浪
300054,鼎龙股份,74.5400000000,81.4800000000,2948278487.0000000000,38361144.0000000000,-0.0851700000,29.4827848700,AKShare stock_zh_a_spot / 新浪
300055,万邦达,5.7600000000,6.0500000000,95833533.0000000000,16384433.0000000000,-0.0479300000,0.9583353300,AKShare stock_zh_a_spot / 新浪
300056,中创环保,8.4000000000,8.5000000000,107850942.0000000000,12654808.0000000000,-0.0117600000,1.0785094200,AKShare stock_zh_a_spot / 新浪
300057,万顺新材,6.3600000000,6.5900000000,196220522.0000000000,30291200.0000000000,-0.0349000000,1.9622052200,AKShare stock_zh_a_spot / 新浪
300058,蓝色光标,13.7400000000,14.8100000000,4366860961.0000000000,310321720.0000000000,-0.0722500000,43.6686096100,AKShare stock_zh_a_spot / 新浪
300059,东方财富,18.7300000000,19.2300000000,4361765121.0000000000,230475759.0000000000,-0.0260000000,43.6176512100,AKShare stock_zh_a_spot / 新浪
300061,旗天科技,6.2000000000,6.5200000000,97204218.0000000000,15523946.0000000000,-0.0490800000,0.9720421800,AKShare stock_zh_a_spot / 新浪
300062,中能电气,6.2100000000,6.5500000000,165886174.0000000000,26296200.0000000000,-0.0519100000,1.6588617400,AKShare stock_zh_a_spot / 新浪
300063,天龙集团,8.8800000000,9.3400000000,342760400.0000000000,38151000.0000000000,-0.0492500000,3.4276040000,AKShare stock_zh_a_spot / 新浪
300065,海兰信,15.6100000000,17.6500000000,1209744550.0000000000,74373340.0000000000,-0.1155800000,12.0974455000,AKShare stock_zh_a_spot / 新浪
300066,三川智慧,4.9000000000,5.1900000000,90460130.0000000000,18142800.0000000000,-0.0558800000,0.9046013000,AKShare stock_zh_a_spot / 新浪
300067,安诺其,5.1400000000,5.4900000000,280161527.0000000000,53551848.0000000000,-0.0637500000,2.8016152700,AKShare stock_zh_a_spot / 新浪
300069,金利华电,34.6600000000,28.8800000000,615058698.0000000000,19311375.0000000000,0.2001400000,6.1505869800,AKShare stock_zh_a_spot / 新浪
300070,碧水源,3.3800000000,3.4200000000,95111191.0000000000,28117111.0000000000,-0.0117000000,0.9511119100,AKShare stock_zh_a_spot / 新浪
300071,福石控股,3.9500000000,4.2200000000,239131090.0000000000,59589400.0000000000,-0.0639800000,2.3913109000,AKShare stock_zh_a_spot / 新浪
300072,海新能科,3.6200000000,3.7600000000,148719276.0000000000,40065912.0000000000,-0.0372300000,1.4871927600,AKShare stock_zh_a_spot / 新浪
300073,当升科技,40.7100000000,42.0900000000,435758351.0000000000,10577263.0000000000,-0.0327900000,4.3575835100,AKShare stock_zh_a_spot / 新浪
300074,华平股份,3.7300000000,3.8500000000,51558331.0000000000,13728640.0000000000,-0.0311700000,0.5155833100,AKShare stock_zh_a_spot / 新浪
300075,数字政通,10.6800000000,11.3100000000,191879779.0000000000,17667927.0000000000,-0.0557000000,1.9187977900,AKShare stock_zh_a_spot / 新浪
300077,国民技术,19.3700000000,20.7800000000,818014324.0000000000,41167116.0000000000,-0.0678500000,8.1801432400,AKShare stock_zh_a_spot / 新浪
300078,思创智联,3.0300000000,3.1400000000,71464165.0000000000,23431913.0000000000,-0.0350300000,0.7146416500,AKShare stock_zh_a_spot / 新浪
300079,数码视讯,4.2900000000,4.4800000000,97552111.0000000000,22453845.0000000000,-0.0424100000,0.9755211100,AKShare stock_zh_a_spot / 新浪
300080,易成新能,3.6400000000,3.7400000000,44175261.0000000000,12064098.0000000000,-0.0267400000,0.4417526100,AKShare stock_zh_a_spot / 新浪
300082,奥克股份,7.5000000000,7.7600000000,37402229.0000000000,4937100.0000000000,-0.0335100000,0.3740222900,AKShare stock_zh_a_spot / 新浪
300083,创世纪,12.7300000000,13.9800000000,1290011781.0000000000,98351134.0000000000,-0.0894100000,12.9001178100,AKShare stock_zh_a_spot / 新浪
300084,海默科技,10.3400000000,11.1200000000,137977573.0000000000,13043500.0000000000,-0.0701400000,1.3797757300,AKShare stock_zh_a_spot / 新浪
300085,银之杰,28.3800000000,30.2000000000,1040192474.0000000000,35924806.0000000000,-0.0602600000,10.4019247400,AKShare stock_zh_a_spot / 新浪
300086,康芝药业,6.6400000000,6.8300000000,124687891.0000000000,18529200.0000000000,-0.0278200000,1.2468789100,AKShare stock_zh_a_spot / 新浪
300088,长信科技,7.2000000000,7.8700000000,1192698107.0000000000,160405971.0000000000,-0.0851300000,11.9269810700,AKShare stock_zh_a_spot / 新浪
300092,科新机电,11.4400000000,11.8700000000,56279293.0000000000,4879500.0000000000,-0.0362300000,0.5627929300,AKShare stock_zh_a_spot / 新浪
300093,金刚光伏,22.7900000000,25.7500000000,398318508.0000000000,16765700.0000000000,-0.1149500000,3.9831850800,AKShare stock_zh_a_spot / 新浪
300094,国联水产,2.8800000000,3.1200000000,313940664.0000000000,106466217.0000000000,-0.0769200000,3.1394066400,AKShare stock_zh_a_spot / 新浪
300095,华伍股份,7.8300000000,8.2100000000,57101035.0000000000,7209000.0000000000,-0.0462900000,0.5710103500,AKShare stock_zh_a_spot / 新浪
300097,智云股份,9.9600000000,9.8000000000,382357187.0000000000,38102082.0000000000,0.0163300000,3.8235718700,AKShare stock_zh_a_spot / 新浪
300098,高新兴,4.3900000000,4.6100000000,162444450.0000000000,36502079.0000000000,-0.0477200000,1.6244445000,AKShare stock_zh_a_spot / 新浪
300099,尤洛卡,5.8900000000,6.1800000000,93422716.0000000000,15663500.0000000000,-0.0469300000,0.9342271600,AKShare stock_zh_a_spot / 新浪
300100,双林股份,21.2000000000,23.4500000000,286286884.0000000000,13085231.0000000000,-0.0959500000,2.8628688400,AKShare stock_zh_a_spot / 新浪
300101,振芯科技,13.9900000000,14.9200000000,174527317.0000000000,12216197.0000000000,-0.0623300000,1.7452731700,AKShare stock_zh_a_spot / 新浪
300102,乾照光电,17.8700000000,20.1600000000,1135372145.0000000000,61251130.0000000000,-0.1135900000,11.3537214500,AKShare stock_zh_a_spot / 新浪
300103,达刚控股,7.6800000000,8.2000000000,47870242.0000000000,6093550.0000000000,-0.0634100000,0.4787024200,AKShare stock_zh_a_spot / 新浪
300105,龙源技术,7.6700000000,8.4400000000,294058314.0000000000,37340900.0000000000,-0.0912300000,2.9405831400,AKShare stock_zh_a_spot / 新浪
300106,西部牧业,9.7800000000,10.8900000000,259946708.0000000000,25853360.0000000000,-0.1019300000,2.5994670800,AKShare stock_zh_a_spot / 新浪
300107,建新股份,6.2500000000,6.4100000000,56046828.0000000000,8887060.0000000000,-0.0249600000,0.5604682800,AKShare stock_zh_a_spot / 新浪
300109,新开源,13.3200000000,14.0300000000,133824751.0000000000,9898708.0000000000,-0.0506100000,1.3382475100,AKShare stock_zh_a_spot / 新浪
300110,华仁药业,2.8300000000,2.8900000000,60988336.0000000000,21457507.0000000000,-0.0207600000,0.6098833600,AKShare stock_zh_a_spot / 新浪
300111,向日葵,2.9800000000,3.1000000000,102359824.0000000000,33934800.0000000000,-0.0387100000,1.0235982400,AKShare stock_zh_a_spot / 新浪
300112,万讯自控,8.4900000000,9.2200000000,184272219.0000000000,21218619.0000000000,-0.0791800000,1.8427221900,AKShare stock_zh_a_spot / 新浪
300113,顺网科技,16.7300000000,18.0500000000,451852229.0000000000,26436133.0000000000,-0.0731300000,4.5185222900,AKShare stock_zh_a_spot / 新浪
300115,长盈精密,25.6000000000,28.8800000000,1525270318.0000000000,57369331.0000000000,-0.1135700000,15.2527031800,AKShare stock_zh_a_spot / 新浪
300118,东方日升,9.6700000000,10.4800000000,423019997.0000000000,42583994.0000000000,-0.0772900000,4.2301999700,AKShare stock_zh_a_spot / 新浪
300119,瑞普生物,18.4100000000,18.8400000000,159065696.0000000000,8546214.0000000000,-0.0228200000,1.5906569600,AKShare stock_zh_a_spot / 新浪
300120,经纬辉开,8.7000000000,9.1600000000,548361668.0000000000,61830041.0000000000,-0.0502200000,5.4836166800,AKShare stock_zh_a_spot / 新浪
300121,阳谷华泰,9.4600000000,9.8500000000,112480438.0000000000,11769930.0000000000,-0.0395900000,1.1248043800,AKShare stock_zh_a_spot / 新浪
300122,智飞生物,12.0700000000,12.4800000000,274620123.0000000000,22512499.0000000000,-0.0328500000,2.7462012300,AKShare stock_zh_a_spot / 新浪
300124,汇川技术,59.7500000000,62.1800000000,1644919145.0000000000,27382647.0000000000,-0.0390800000,16.4491914500,AKShare stock_zh_a_spot / 新浪
300125,聆达股份,8.1300000000,8.8000000000,71123552.0000000000,8476802.0000000000,-0.0761400000,0.7112355200,AKShare stock_zh_a_spot / 新浪
300126,锐奇股份,6.2500000000,6.3700000000,32171843.0000000000,5145600.0000000000,-0.0188400000,0.3217184300,AKShare stock_zh_a_spot / 新浪
300127,银河磁体,24.7100000000,25.7800000000,107694038.0000000000,4319161.0000000000,-0.0415100000,1.0769403800,AKShare stock_zh_a_spot / 新浪
300128,锦富技术,4.3800000000,4.6700000000,131661905.0000000000,29512120.0000000000,-0.0621000000,1.3166190500,AKShare stock_zh_a_spot / 新浪
300129,泰胜风能,7.5600000000,8.2900000000,325747689.0000000000,41449207.0000000000,-0.0880600000,3.2574768900,AKShare stock_zh_a_spot / 新浪
300130,新国都,17.9300000000,18.9200000000,163667616.0000000000,8964644.0000000000,-0.0523300000,1.6366761600,AKShare stock_zh_a_spot / 新浪
300131,英唐智控,15.8900000000,17.6500000000,1359617787.0000000000,82952603.0000000000,-0.0997200000,13.5961778700,AKShare stock_zh_a_spot / 新浪
300132,诺斯贝尔,6.2100000000,6.4100000000,81988206.0000000000,13099100.0000000000,-0.0312000000,0.8198820600,AKShare stock_zh_a_spot / 新浪
300133,华策影视,6.6500000000,7.0100000000,348054593.0000000000,51556533.0000000000,-0.0513600000,3.4805459300,AKShare stock_zh_a_spot / 新浪
300134,大富科技,7.7900000000,8.3800000000,126097599.0000000000,15858912.0000000000,-0.0704100000,1.2609759900,AKShare stock_zh_a_spot / 新浪
300135,宝利国际,3.2200000000,3.3400000000,45189070.0000000000,13840800.0000000000,-0.0359300000,0.4518907000,AKShare stock_zh_a_spot / 新浪
300136,信维通信,60.3300000000,69.6500000000,6109856862.0000000000,96440144.0000000000,-0.1338100000,61.0985686200,AKShare stock_zh_a_spot / 新浪
300137,先河环保,11.6700000000,12.5800000000,254196139.0000000000,21189900.0000000000,-0.0723400000,2.5419613900,AKShare stock_zh_a_spot / 新浪
300138,晨光生物,11.0700000000,11.2800000000,68276593.0000000000,6125300.0000000000,-0.0186200000,0.6827659300,AKShare stock_zh_a_spot / 新浪
300139,晓程科技,46.6800000000,46.4400000000,2158968847.0000000000,46008111.0000000000,0.0051700000,21.5896884700,AKShare stock_zh_a_spot / 新浪
300140,节能环境,5.2800000000,5.3900000000,62034966.0000000000,11675909.0000000000,-0.0204100000,0.6203496600,AKShare stock_zh_a_spot / 新浪
300141,和顺电气,9.7200000000,10.3500000000,91185679.0000000000,9056600.0000000000,-0.0608700000,0.9118567900,AKShare stock_zh_a_spot / 新浪
300142,沃森生物,12.6000000000,13.0800000000,816374521.0000000000,64047117.0000000000,-0.0367000000,8.1637452100,AKShare stock_zh_a_spot / 新浪
300143,盈康生命,7.6700000000,8.2300000000,163386417.0000000000,20821542.0000000000,-0.0680400000,1.6338641700,AKShare stock_zh_a_spot / 新浪
300144,宋城演艺,5.8900000000,5.9900000000,157258934.0000000000,26673286.0000000000,-0.0166900000,1.5725893400,AKShare stock_zh_a_spot / 新浪
300145,南方泵业,4.0100000000,4.2600000000,328165015.0000000000,80260938.0000000000,-0.0586900000,3.2816501500,AKShare stock_zh_a_spot / 新浪
300146,汤臣倍健,9.7000000000,9.8900000000,118964959.0000000000,12176671.0000000000,-0.0192100000,1.1896495900,AKShare stock_zh_a_spot / 新浪
300148,天舟文化,3.3100000000,3.4500000000,67594457.0000000000,20170800.0000000000,-0.0405800000,0.6759445700,AKShare stock_zh_a_spot / 新浪
300149,睿智医药,10.2800000000,10.7700000000,312397291.0000000000,29697560.0000000000,-0.0455000000,3.1239729100,AKShare stock_zh_a_spot / 新浪
300150,世纪瑞尔,4.1900000000,4.3200000000,23649608.0000000000,5570900.0000000000,-0.0300900000,0.2364960800,AKShare stock_zh_a_spot / 新浪
300151,昌红科技,15.5100000000,17.0300000000,298924066.0000000000,18660516.0000000000,-0.0892500000,2.9892406600,AKShare stock_zh_a_spot / 新浪
300153,科泰电源,22.2100000000,23.9500000000,324590773.0000000000,14401806.0000000000,-0.0726500000,3.2459077300,AKShare stock_zh_a_spot / 新浪
300154,瑞凌股份,11.7900000000,11.7900000000,251741528.0000000000,21816227.0000000000,0.0000000000,2.5174152800,AKShare stock_zh_a_spot / 新浪
300155,安居宝,4.6400000000,4.2900000000,239903849.0000000000,50278778.0000000000,0.0815900000,2.3990384900,AKShare stock_zh_a_spot / 新浪
300157,新锦动力,3.8200000000,4.0500000000,145891425.0000000000,37329484.0000000000,-0.0567900000,1.4589142500,AKShare stock_zh_a_spot / 新浪
300158,振东制药,5.4300000000,5.5800000000,158741212.0000000000,29165490.0000000000,-0.0268800000,1.5874121200,AKShare stock_zh_a_spot / 新浪
300159,新研股份,2.8600000000,3.0300000000,149707262.0000000000,51450700.0000000000,-0.0561100000,1.4970726200,AKShare stock_zh_a_spot / 新浪
300160,秀强股份,4.2600000000,4.4100000000,31592462.0000000000,7343233.0000000000,-0.0340100000,0.3159246200,AKShare stock_zh_a_spot / 新浪
300161,华中数控,26.9600000000,30.7000000000,297109539.0000000000,10643000.0000000000,-0.1218200000,2.9710953900,AKShare stock_zh_a_spot / 新浪
300162,雷曼光电,7.5200000000,8.1200000000,192218276.0000000000,24913650.0000000000,-0.0738900000,1.9221827600,AKShare stock_zh_a_spot / 新浪
300163,先锋新材,6.6200000000,6.9500000000,294225523.0000000000,44271701.0000000000,-0.0474800000,2.9422552300,AKShare stock_zh_a_spot / 新浪
300164,通源石油,10.9600000000,10.8500000000,1998173512.0000000000,178660604.0000000000,0.0101400000,19.9817351200,AKShare stock_zh_a_spot / 新浪
300165,天瑞仪器,4.9000000000,5.1200000000,88470823.0000000000,17904126.0000000000,-0.0429700000,0.8847082300,AKShare stock_zh_a_spot / 新浪
300166,东方国信,13.2000000000,14.2200000000,698221592.0000000000,51515469.0000000000,-0.0717300000,6.9822159200,AKShare stock_zh_a_spot / 新浪
300168,万达信息,4.9300000000,5.1400000000,97864469.0000000000,19659292.0000000000,-0.0408600000,0.9786446900,AKShare stock_zh_a_spot / 新浪
300169,天晟新材,5.5200000000,5.7300000000,50458180.0000000000,9056100.0000000000,-0.0366500000,0.5045818000,AKShare stock_zh_a_spot / 新浪
300170,汉得信息,15.7000000000,16.7500000000,753062526.0000000000,47084942.0000000000,-0.0626900000,7.5306252600,AKShare stock_zh_a_spot / 新浪
300171,东富龙,13.3100000000,13.6800000000,192566174.0000000000,14302400.0000000000,-0.0270500000,1.9256617400,AKShare stock_zh_a_spot / 新浪
300172,中电环保,4.5300000000,4.6300000000,52177842.0000000000,11483400.0000000000,-0.0216000000,0.5217784200,AKShare stock_zh_a_spot / 新浪
300174,元力股份,19.2200000000,20.6600000000,351373527.0000000000,17866861.0000000000,-0.0697000000,3.5137352700,AKShare stock_zh_a_spot / 新浪
300175,朗源股份,6.0000000000,6.2900000000,76148800.0000000000,12581422.0000000000,-0.0461000000,0.7614880000,AKShare stock_zh_a_spot / 新浪
300177,中海达,6.0800000000,6.3600000000,70774151.0000000000,11508707.0000000000,-0.0440300000,0.7077415100,AKShare stock_zh_a_spot / 新浪
300179,四方达,35.7800000000,39.1200000000,1828964930.0000000000,49960281.0000000000,-0.0853800000,18.2896493000,AKShare stock_zh_a_spot / 新浪
300180,华峰超纤,4.1200000000,4.2400000000,79077039.0000000000,19083417.0000000000,-0.0283000000,0.7907703900,AKShare stock_zh_a_spot / 新浪
300181,佐力药业,14.4200000000,14.5000000000,301565804.0000000000,20861739.0000000000,-0.0055200000,3.0156580400,AKShare stock_zh_a_spot / 新浪
300182,捷成股份,4.7900000000,5.0400000000,495588531.0000000000,101830369.0000000000,-0.0496000000,4.9558853100,AKShare stock_zh_a_spot / 新浪
300183,东软载波,10.0300000000,10.5700000000,49376871.0000000000,4857700.0000000000,-0.0510900000,0.4937687100,AKShare stock_zh_a_spot / 新浪
300184,力源信息,11.8600000000,12.7900000000,823664115.0000000000,68044321.0000000000,-0.0727100000,8.2366411500,AKShare stock_zh_a_spot / 新浪
300185,通裕重工,2.6500000000,2.7100000000,178897075.0000000000,67038552.0000000000,-0.0221400000,1.7889707500,AKShare stock_zh_a_spot / 新浪
300187,永清环保,4.5100000000,4.6400000000,41788102.0000000000,9196701.0000000000,-0.0280200000,0.4178810200,AKShare stock_zh_a_spot / 新浪
300188,国投智能,10.2100000000,10.6500000000,117699271.0000000000,11360968.0000000000,-0.0413100000,1.1769927100,AKShare stock_zh_a_spot / 新浪
300189,神农种业,6.2400000000,6.2300000000,2841380824.0000000000,444658348.0000000000,0.0016100000,28.4138082400,AKShare stock_zh_a_spot / 新浪
300190,维尔利,3.6000000000,3.7100000000,45415566.0000000000,12612800.0000000000,-0.0296500000,0.4541556600,AKShare stock_zh_a_spot / 新浪
300191,潜能恒信,32.0800000000,33.6400000000,581930073.0000000000,17585259.0000000000,-0.0463700000,5.8193007300,AKShare stock_zh_a_spot / 新浪
300192,科德教育,14.1500000000,14.6000000000,381714940.0000000000,25894740.0000000000,-0.0308200000,3.8171494000,AKShare stock_zh_a_spot / 新浪
300193,佳士科技,7.6200000000,7.8800000000,53561956.0000000000,6923068.0000000000,-0.0329900000,0.5356195600,AKShare stock_zh_a_spot / 新浪
300194,福安药业,3.9600000000,4.0000000000,94794187.0000000000,23771200.0000000000,-0.0100000000,0.9479418700,AKShare stock_zh_a_spot / 新浪
300195,长荣股份,5.3700000000,5.5500000000,41410941.0000000000,7654300.0000000000,-0.0324300000,0.4141094100,AKShare stock_zh_a_spot / 新浪
300196,长海股份,17.6100000000,18.8900000000,248146238.0000000000,13805051.0000000000,-0.0677600000,2.4814623800,AKShare stock_zh_a_spot / 新浪
300197,节能铁汉,2.0000000000,2.1100000000,254879327.0000000000,126083380.0000000000,-0.0521300000,2.5487932700,AKShare stock_zh_a_spot / 新浪
300199,翰宇药业,23.8000000000,25.7400000000,1228719368.0000000000,50319252.0000000000,-0.0753700000,12.2871936800,AKShare stock_zh_a_spot / 新浪
300200,高盟新材,8.6100000000,8.9200000000,95205958.0000000000,10915031.0000000000,-0.0347500000,0.9520595800,AKShare stock_zh_a_spot / 新浪
300201,海伦哲,14.3500000000,15.2800000000,521349713.0000000000,35741009.0000000000,-0.0608600000,5.2134971300,AKShare stock_zh_a_spot / 新浪
300203,聚光科技,12.7000000000,13.0400000000,100401485.0000000000,7829500.0000000000,-0.0260700000,1.0040148500,AKShare stock_zh_a_spot / 新浪
300204,舒泰神,22.9100000000,24.2400000000,614556673.0000000000,26296773.0000000000,-0.0548700000,6.1455667300,AKShare stock_zh_a_spot / 新浪
300206,理邦仪器,11.7800000000,12.0500000000,46448228.0000000000,3914900.0000000000,-0.0224100000,0.4644822800,AKShare stock_zh_a_spot / 新浪
300207,欣旺达,17.7200000000,18.2200000000,647765883.0000000000,36187218.0000000000,-0.0274400000,6.4776588300,AKShare stock_zh_a_spot / 新浪
300209,行云科技,32.5100000000,36.4700000000,3955661577.0000000000,117028448.0000000000,-0.1085800000,39.5566157700,AKShare stock_zh_a_spot / 新浪
300210,森远股份,8.3000000000,8.8700000000,94574420.0000000000,11154002.0000000000,-0.0642600000,0.9457442000,AKShare stock_zh_a_spot / 新浪
300213,佳讯飞鸿,6.0600000000,6.3500000000,79905699.0000000000,13009118.0000000000,-0.0456700000,0.7990569900,AKShare stock_zh_a_spot / 新浪
300214,日科化学,11.3600000000,12.6500000000,704729177.0000000000,58983761.0000000000,-0.1019800000,7.0472917700,AKShare stock_zh_a_spot / 新浪
300215,电科院,5.9500000000,6.2100000000,69806967.0000000000,11622500.0000000000,-0.0418700000,0.6980696700,AKShare stock_zh_a_spot / 新浪
300217,东方电热,4.2600000000,4.4800000000,102386866.0000000000,23680400.0000000000,-0.0491100000,1.0238686600,AKShare stock_zh_a_spot / 新浪
300218,安利股份,12.3200000000,12.8100000000,32084877.0000000000,2576900.0000000000,-0.0382500000,0.3208487700,AKShare stock_zh_a_spot / 新浪
300219,鸿利智汇,6.7000000000,7.0700000000,101325608.0000000000,14877609.0000000000,-0.0523300000,1.0132560800,AKShare stock_zh_a_spot / 新浪
300220,金运激光,10.5800000000,10.8800000000,22504804.0000000000,2113000.0000000000,-0.0275700000,0.2250480400,AKShare stock_zh_a_spot / 新浪
300221,银禧科技,12.8500000000,13.8700000000,302686854.0000000000,23077693.0000000000,-0.0735400000,3.0268685400,AKShare stock_zh_a_spot / 新浪
300222,科大智能,9.9500000000,10.7800000000,258029035.0000000000,25348381.0000000000,-0.0769900000,2.5802903500,AKShare stock_zh_a_spot / 新浪
300223,君正股份,137.2500000000,152.7500000000,6160938436.0000000000,43808608.0000000000,-0.1014700000,61.6093843600,AKShare stock_zh_a_spot / 新浪
300224,正海磁材,10.8900000000,11.4100000000,159499303.0000000000,14461405.0000000000,-0.0455700000,1.5949930300,AKShare stock_zh_a_spot / 新浪
300225,金力泰,7.3000000000,7.8600000000,148940150.0000000000,19865300.0000000000,-0.0712500000,1.4894015000,AKShare stock_zh_a_spot / 新浪
300226,上海钢联,15.5700000000,16.2400000000,88898076.0000000000,5632554.0000000000,-0.0412600000,0.8889807600,AKShare stock_zh_a_spot / 新浪
300227,光韵达,11.2500000000,12.1100000000,262433509.0000000000,22733330.0000000000,-0.0710200000,2.6243350900,AKShare stock_zh_a_spot / 新浪
300228,富瑞特装,7.1500000000,7.4900000000,111455765.0000000000,15320400.0000000000,-0.0453900000,1.1145576500,AKShare stock_zh_a_spot / 新浪
300229,拓尔思,13.3500000000,14.2300000000,362256480.0000000000,26661423.0000000000,-0.0618400000,3.6225648000,AKShare stock_zh_a_spot / 新浪
300230,永利股份,4.2000000000,4.3000000000,40941000.0000000000,9692640.0000000000,-0.0232600000,0.4094100000,AKShare stock_zh_a_spot / 新浪
300231,银信科技,8.0300000000,8.5700000000,113507610.0000000000,13906618.0000000000,-0.0630100000,1.1350761000,AKShare stock_zh_a_spot / 新浪
300232,洲明科技,4.9600000000,5.2000000000,87124743.0000000000,17319592.0000000000,-0.0461500000,0.8712474300,AKShare stock_zh_a_spot / 新浪
300233,金城医药,13.7700000000,14.2000000000,164895319.0000000000,11816569.0000000000,-0.0302800000,1.6489531900,AKShare stock_zh_a_spot / 新浪
300234,开尔新材,8.9000000000,9.7000000000,159264271.0000000000,17448844.0000000000,-0.0824700000,1.5926427100,AKShare stock_zh_a_spot / 新浪
300235,方直科技,10.5100000000,11.3700000000,82183071.0000000000,7629200.0000000000,-0.0756400000,0.8218307100,AKShare stock_zh_a_spot / 新浪
300236,上海新阳,93.8500000000,103.4100000000,1275097218.0000000000,13188277.0000000000,-0.0924500000,12.7509721800,AKShare stock_zh_a_spot / 新浪
300238,冠昊生物,11.6400000000,12.0400000000,63906325.0000000000,5427700.0000000000,-0.0332200000,0.6390632500,AKShare stock_zh_a_spot / 新浪
300239,东宝生物,5.0100000000,5.1400000000,44248443.0000000000,8755300.0000000000,-0.0252900000,0.4424844300,AKShare stock_zh_a_spot / 新浪
300240,飞力达,5.9800000000,6.0800000000,88865940.0000000000,14699433.0000000000,-0.0164500000,0.8886594000,AKShare stock_zh_a_spot / 新浪
300241,瑞丰光电,5.6700000000,5.9400000000,161875290.0000000000,28112640.0000000000,-0.0454500000,1.6187529000,AKShare stock_zh_a_spot / 新浪
300242,佳云科技,4.0300000000,4.2300000000,84129556.0000000000,20596200.0000000000,-0.0472800000,0.8412955600,AKShare stock_zh_a_spot / 新浪
300243,瑞丰高材,18.8100000000,19.3800000000,1491545174.0000000000,76495587.0000000000,-0.0294100000,14.9154517400,AKShare stock_zh_a_spot / 新浪
300244,迪安诊断,19.4200000000,20.4700000000,478181918.0000000000,24184700.0000000000,-0.0512900000,4.7818191800,AKShare stock_zh_a_spot / 新浪
300246,宝莱特,18.5800000000,18.2900000000,383648754.0000000000,20632300.0000000000,0.0158600000,3.8364875400,AKShare stock_zh_a_spot / 新浪
300247,融捷健康,3.6300000000,3.7600000000,52878692.0000000000,14379068.0000000000,-0.0345700000,0.5287869200,AKShare stock_zh_a_spot / 新浪
300248,新开普,8.5900000000,8.9900000000,144378588.0000000000,16448083.0000000000,-0.0444900000,1.4437858800,AKShare stock_zh_a_spot / 新浪
300249,依米康,12.3800000000,13.1800000000,212673036.0000000000,16848005.0000000000,-0.0607000000,2.1267303600,AKShare stock_zh_a_spot / 新浪
300250,初灵信息,14.7400000000,15.5200000000,100210909.0000000000,6745300.0000000000,-0.0502600000,1.0021090900,AKShare stock_zh_a_spot / 新浪
300251,光线传媒,10.8500000000,11.1900000000,436941415.0000000000,39822867.0000000000,-0.0303800000,4.3694141500,AKShare stock_zh_a_spot / 新浪
300252,金信诺,11.0200000000,11.9000000000,303158900.0000000000,26854400.0000000000,-0.0739500000,3.0315890000,AKShare stock_zh_a_spot / 新浪
300253,卫宁健康,7.0600000000,7.4400000000,400126564.0000000000,55868116.0000000000,-0.0510800000,4.0012656400,AKShare stock_zh_a_spot / 新浪
300254,仟源医药,8.7300000000,9.1800000000,185122687.0000000000,20725095.0000000000,-0.0490200000,1.8512268700,AKShare stock_zh_a_spot / 新浪
300255,常山药业,25.0200000000,26.5500000000,887591611.0000000000,34832519.0000000000,-0.0576300000,8.8759161100,AKShare stock_zh_a_spot / 新浪
300256,星星科技,2.6000000000,2.7100000000,50326315.0000000000,19163200.0000000000,-0.0405900000,0.5032631500,AKShare stock_zh_a_spot / 新浪
300257,开山股份,17.2100000000,19.3500000000,264366157.0000000000,14817394.0000000000,-0.1105900000,2.6436615700,AKShare stock_zh_a_spot / 新浪
300258,精锻科技,9.8000000000,10.7200000000,153539099.0000000000,15260134.0000000000,-0.0858200000,1.5353909900,AKShare stock_zh_a_spot / 新浪
300259,新天科技,3.9600000000,4.2900000000,171225757.0000000000,42324600.0000000000,-0.0769200000,1.7122575700,AKShare stock_zh_a_spot / 新浪
300260,新莱应材,57.9600000000,62.2700000000,1127134736.0000000000,18975151.0000000000,-0.0692100000,11.2713473600,AKShare stock_zh_a_spot / 新浪
300261,雅本化学,4.9900000000,5.1800000000,71221694.0000000000,14158441.0000000000,-0.0366800000,0.7122169400,AKShare stock_zh_a_spot / 新浪
300263,隆华科技,9.8600000000,10.6800000000,588057549.0000000000,58258411.0000000000,-0.0767800000,5.8805754900,AKShare stock_zh_a_spot / 新浪
300264,佳创视讯,6.3600000000,6.6800000000,71988479.0000000000,11169258.0000000000,-0.0479000000,0.7198847900,AKShare stock_zh_a_spot / 新浪
300265,通光线缆,13.5300000000,14.7900000000,333176581.0000000000,24021446.0000000000,-0.0851900000,3.3317658100,AKShare stock_zh_a_spot / 新浪
300266,兴源环境,1.8000000000,1.8800000000,30439244.0000000000,16668400.0000000000,-0.0425500000,0.3043924400,AKShare stock_zh_a_spot / 新浪
300267,尔康制药,3.1700000000,3.2700000000,93968445.0000000000,29309455.0000000000,-0.0305800000,0.9396844500,AKShare stock_zh_a_spot / 新浪
300268,佳沃食品,11.6900000000,12.9800000000,111877631.0000000000,9368267.0000000000,-0.0993800000,1.1187763100,AKShare stock_zh_a_spot / 新浪
300269,联建光电,4.6700000000,4.9100000000,72086158.0000000000,15218500.0000000000,-0.0488800000,0.7208615800,AKShare stock_zh_a_spot / 新浪
300270,中威电子,12.0300000000,12.9700000000,198968357.0000000000,16215900.0000000000,-0.0724700000,1.9896835700,AKShare stock_zh_a_spot / 新浪
300271,华宇软件,5.3100000000,5.5500000000,63436703.0000000000,11821000.0000000000,-0.0432400000,0.6343670300,AKShare stock_zh_a_spot / 新浪
300272,开能健康,5.8300000000,6.0200000000,61582641.0000000000,10487384.0000000000,-0.0315600000,0.6158264100,AKShare stock_zh_a_spot / 新浪
300274,阳光电源,111.4900000000,118.0400000000,5946735287.0000000000,52541944.0000000000,-0.0554900000,59.4673528700,AKShare stock_zh_a_spot / 新浪
300275,梅安森,8.6400000000,9.0100000000,72572480.0000000000,8290100.0000000000,-0.0410700000,0.7257248000,AKShare stock_zh_a_spot / 新浪
300276,三丰智能,6.4100000000,6.9200000000,271407245.0000000000,41592631.0000000000,-0.0737000000,2.7140724500,AKShare stock_zh_a_spot / 新浪
300277,汽轮科技,11.7000000000,12.4100000000,162271401.0000000000,13581513.0000000000,-0.0572100000,1.6227140100,AKShare stock_zh_a_spot / 新浪
300278,华昌达,3.7100000000,3.9600000000,73597375.0000000000,19497300.0000000000,-0.0631300000,0.7359737500,AKShare stock_zh_a_spot / 新浪
300279,和晶科技,5.4500000000,5.7500000000,50135501.0000000000,9043100.0000000000,-0.0521700000,0.5013550100,AKShare stock_zh_a_spot / 新浪
300281,金明精机,6.1100000000,6.3500000000,41288107.0000000000,6694000.0000000000,-0.0378000000,0.4128810700,AKShare stock_zh_a_spot / 新浪
300283,温州宏丰,13.1700000000,14.6100000000,611480986.0000000000,45033865.0000000000,-0.0985600000,6.1148098600,AKShare stock_zh_a_spot / 新浪
300284,苏交科,5.2000000000,5.3500000000,69968313.0000000000,13361988.0000000000,-0.0280400000,0.6996831300,AKShare stock_zh_a_spot / 新浪
300285,国瓷材料,64.1200000000,74.2600000000,9618691617.0000000000,142500868.0000000000,-0.1365500000,96.1869161700,AKShare stock_zh_a_spot / 新浪
300286,安科瑞,19.7000000000,20.9400000000,121113012.0000000000,6036500.0000000000,-0.0592200000,1.2111301200,AKShare stock_zh_a_spot / 新浪
300287,飞利信,3.4900000000,3.7100000000,127948268.0000000000,36035500.0000000000,-0.0593000000,1.2794826800,AKShare stock_zh_a_spot / 新浪
300288,朗玛信息,9.6000000000,9.9500000000,40193546.0000000000,4155467.0000000000,-0.0351800000,0.4019354600,AKShare stock_zh_a_spot / 新浪
300289,利德曼,5.7700000000,5.9300000000,26620223.0000000000,4567700.0000000000,-0.0269800000,0.2662022300,AKShare stock_zh_a_spot / 新浪
300291,百纳千成,4.8300000000,5.1100000000,112725388.0000000000,23059800.0000000000,-0.0547900000,1.1272538800,AKShare stock_zh_a_spot / 新浪
300292,吴通控股,4.0700000000,4.3200000000,218829779.0000000000,52744418.0000000000,-0.0578700000,2.1882977900,AKShare stock_zh_a_spot / 新浪
300293,蓝英装备,15.4900000000,16.0500000000,76942875.0000000000,4911300.0000000000,-0.0348900000,0.7694287500,AKShare stock_zh_a_spot / 新浪
300294,博雅生物,14.8900000000,15.1500000000,84093381.0000000000,5620668.0000000000,-0.0171600000,0.8409338100,AKShare stock_zh_a_spot / 新浪
300296,利亚德,5.0700000000,5.3500000000,421186821.0000000000,81907854.0000000000,-0.0523400000,4.2118682100,AKShare stock_zh_a_spot / 新浪
300298,三诺生物,15.7600000000,15.9200000000,78981725.0000000000,4992300.0000000000,-0.0100500000,0.7898172500,AKShare stock_zh_a_spot / 新浪
300299,富春股份,5.1800000000,5.3900000000,78075275.0000000000,14896200.0000000000,-0.0389600000,0.7807527500,AKShare stock_zh_a_spot / 新浪
300300,海峡创新,7.5200000000,8.0500000000,564319069.0000000000,73006449.0000000000,-0.0658400000,5.6431906900,AKShare stock_zh_a_spot / 新浪
300302,同有科技,28.9700000000,32.1900000000,943890316.0000000000,31593356.0000000000,-0.1000300000,9.4389031600,AKShare stock_zh_a_spot / 新浪
300303,聚飞光电,6.9400000000,7.4700000000,409559858.0000000000,57638257.0000000000,-0.0709500000,4.0955985800,AKShare stock_zh_a_spot / 新浪
300304,云意电气,11.5400000000,12.5300000000,277305812.0000000000,23413900.0000000000,-0.0790100000,2.7730581200,AKShare stock_zh_a_spot / 新浪
300305,裕兴股份,6.0600000000,6.3100000000,104564037.0000000000,17142648.0000000000,-0.0396200000,1.0456403700,AKShare stock_zh_a_spot / 新浪
300306,远方信息,9.7700000000,10.1600000000,27297439.0000000000,2758100.0000000000,-0.0383900000,0.2729743900,AKShare stock_zh_a_spot / 新浪
300307,慈星股份,7.2200000000,8.1400000000,528338058.0000000000,70602756.0000000000,-0.1130200000,5.2833805800,AKShare stock_zh_a_spot / 新浪
300308,中际旭创,895.6000000000,988.1000000000,32882411980.0000000000,35801170.0000000000,-0.0936100000,328.8241198000,AKShare stock_zh_a_spot / 新浪
300310,宜通世纪,4.1700000000,4.3700000000,99816646.0000000000,23638300.0000000000,-0.0457700000,0.9981664600,AKShare stock_zh_a_spot / 新浪
300311,任子行,6.2500000000,5.9800000000,640915267.0000000000,103136616.0000000000,0.0451500000,6.4091526700,AKShare stock_zh_a_spot / 新浪
300313,天山生物,14.4500000000,12.8800000000,887516325.0000000000,61820001.0000000000,0.1218900000,8.8751632500,AKShare stock_zh_a_spot / 新浪
300314,戴维医疗,13.8400000000,15.3500000000,407099286.0000000000,27985135.0000000000,-0.0983700000,4.0709928600,AKShare stock_zh_a_spot / 新浪
300315,掌趣科技,3.9700000000,4.1300000000,261313998.0000000000,65196569.0000000000,-0.0387400000,2.6131399800,AKShare stock_zh_a_spot / 新浪
300316,晶盛机电,43.8300000000,46.1500000000,847869066.0000000000,19092067.0000000000,-0.0502700000,8.4786906600,AKShare stock_zh_a_spot / 新浪
300317,珈伟新能,4.3000000000,4.2600000000,292249979.0000000000,68905800.0000000000,0.0093900000,2.9224997900,AKShare stock_zh_a_spot / 新浪
300318,博晖创新,4.9600000000,5.0700000000,42784450.0000000000,8552600.0000000000,-0.0217000000,0.4278445000,AKShare stock_zh_a_spot / 新浪
300319,麦捷科技,17.0000000000,19.5000000000,2335097749.0000000000,132363757.0000000000,-0.1282100000,23.3509774900,AKShare stock_zh_a_spot / 新浪
300320,海达股份,8.4600000000,8.8800000000,69646000.0000000000,8129700.0000000000,-0.0473000000,0.6964600000,AKShare stock_zh_a_spot / 新浪
300321,同大股份,32.0000000000,34.4900000000,82510381.0000000000,2517400.0000000000,-0.0721900000,0.8251038100,AKShare stock_zh_a_spot / 新浪
300322,硕贝德,17.3300000000,18.8900000000,463328572.0000000000,26073054.0000000000,-0.0825800000,4.6332857200,AKShare stock_zh_a_spot / 新浪
300323,华灿光电,11.6300000000,12.9500000000,852529361.0000000000,71111699.0000000000,-0.1019300000,8.5252936100,AKShare stock_zh_a_spot / 新浪
300324,旋极信息,3.5000000000,3.7300000000,131756061.0000000000,37017814.0000000000,-0.0616600000,1.3175606100,AKShare stock_zh_a_spot / 新浪
300327,中颖电子,22.3000000000,23.6600000000,221029309.0000000000,9755798.0000000000,-0.0574800000,2.2102930900,AKShare stock_zh_a_spot / 新浪
300328,宜安科技,14.1100000000,15.2500000000,610540041.0000000000,42238891.0000000000,-0.0747500000,6.1054004100,AKShare stock_zh_a_spot / 新浪
300329,海伦钢琴,11.8100000000,12.1000000000,30478616.0000000000,2553600.0000000000,-0.0239700000,0.3047861600,AKShare stock_zh_a_spot / 新浪
300331,苏大维格,46.1300000000,52.0200000000,789615473.0000000000,16432419.0000000000,-0.1132300000,7.8961547300,AKShare stock_zh_a_spot / 新浪
300332,天壕能源,4.7500000000,4.8500000000,76477428.0000000000,15997958.0000000000,-0.0206200000,0.7647742800,AKShare stock_zh_a_spot / 新浪
300333,兆日科技,11.2900000000,11.8100000000,536878332.0000000000,47729098.0000000000,-0.0440300000,5.3687833200,AKShare stock_zh_a_spot / 新浪
300334,津膜科技,8.2800000000,8.7800000000,57259825.0000000000,6830200.0000000000,-0.0569500000,0.5725982500,AKShare stock_zh_a_spot / 新浪
300335,迪森股份,5.1600000000,5.3200000000,68957811.0000000000,13247700.0000000000,-0.0300800000,0.6895781100,AKShare stock_zh_a_spot / 新浪
300337,银邦股份,9.6500000000,10.2000000000,237751552.0000000000,24048664.0000000000,-0.0539200000,2.3775155200,AKShare stock_zh_a_spot / 新浪
300339,润和软件,37.5300000000,39.6700000000,1931217310.0000000000,50600844.0000000000,-0.0539500000,19.3121731000,AKShare stock_zh_a_spot / 新浪
300340,科恒股份,8.3500000000,8.6500000000,30778875.0000000000,3642160.0000000000,-0.0346800000,0.3077887500,AKShare stock_zh_a_spot / 新浪
300341,麦克奥迪,12.4000000000,12.8700000000,49209293.0000000000,3929300.0000000000,-0.0365200000,0.4920929300,AKShare stock_zh_a_spot / 新浪
300342,天银机电,33.1900000000,37.5000000000,1482623672.0000000000,42641171.0000000000,-0.1149300000,14.8262367200,AKShare stock_zh_a_spot / 新浪
300343,联创股份,6.0300000000,5.8400000000,363629830.0000000000,60450414.0000000000,0.0325300000,3.6362983000,AKShare stock_zh_a_spot / 新浪
300345,华民股份,8.0700000000,9.3700000000,850868970.0000000000,100260900.0000000000,-0.1387400000,8.5086897000,AKShare stock_zh_a_spot / 新浪
300346,南大光电,58.2600000000,61.8700000000,3120991909.0000000000,52440499.0000000000,-0.0583500000,31.2099190900,AKShare stock_zh_a_spot / 新浪
300347,泰格医药,51.7800000000,53.9500000000,879924355.0000000000,16796923.0000000000,-0.0402200000,8.7992435500,AKShare stock_zh_a_spot / 新浪
300348,长亮科技,8.8300000000,9.1700000000,125202503.0000000000,14066451.0000000000,-0.0370800000,1.2520250300,AKShare stock_zh_a_spot / 新浪
300349,金卡智能,10.1800000000,10.5300000000,69493119.0000000000,6774937.0000000000,-0.0332400000,0.6949311900,AKShare stock_zh_a_spot / 新浪
300350,华鹏飞,4.2400000000,4.3400000000,40462520.0000000000,9493000.0000000000,-0.0230400000,0.4046252000,AKShare stock_zh_a_spot / 新浪
300351,永贵电器,13.4000000000,14.3900000000,137629580.0000000000,10020269.0000000000,-0.0688000000,1.3762958000,AKShare stock_zh_a_spot / 新浪
300353,东土科技,18.1000000000,19.7300000000,378875050.0000000000,20466650.0000000000,-0.0826200000,3.7887505000,AKShare stock_zh_a_spot / 新浪
300354,东华测试,28.8800000000,30.7800000000,85130140.0000000000,2840800.0000000000,-0.0617300000,0.8513014000,AKShare stock_zh_a_spot / 新浪
300355,蒙草生态,2.8600000000,2.9900000000,77504360.0000000000,26727860.0000000000,-0.0434800000,0.7750436000,AKShare stock_zh_a_spot / 新浪
300357,我武生物,24.2600000000,24.7100000000,248724137.0000000000,10195930.0000000000,-0.0182100000,2.4872413700,AKShare stock_zh_a_spot / 新浪
300358,楚天科技,8.5500000000,8.9500000000,191580386.0000000000,22085713.0000000000,-0.0446900000,1.9158038600,AKShare stock_zh_a_spot / 新浪
300359,全通教育,3.9900000000,4.1800000000,83242915.0000000000,20667300.0000000000,-0.0454500000,0.8324291500,AKShare stock_zh_a_spot / 新浪
300360,炬华科技,11.7300000000,11.9400000000,60473436.0000000000,5112106.0000000000,-0.0175900000,0.6047343600,AKShare stock_zh_a_spot / 新浪
300363,博腾股份,20.4000000000,21.5600000000,610530631.0000000000,29243817.0000000000,-0.0538000000,6.1053063100,AKShare stock_zh_a_spot / 新浪
300364,中文在线,22.7000000000,24.2200000000,925844175.0000000000,39995753.0000000000,-0.0627600000,9.2584417500,AKShare stock_zh_a_spot / 新浪
300365,恒华科技,4.4700000000,4.8200000000,81626953.0000000000,17968300.0000000000,-0.0726100000,0.8162695300,AKShare stock_zh_a_spot / 新浪
300368,汇金股份,7.4800000000,8.1000000000,232372158.0000000000,30361100.0000000000,-0.0765400000,2.3237215800,AKShare stock_zh_a_spot / 新浪
300369,绿盟科技,7.0900000000,7.6100000000,386325122.0000000000,53060978.0000000000,-0.0683300000,3.8632512200,AKShare stock_zh_a_spot / 新浪
300370,安控科技,2.1300000000,2.2400000000,46661440.0000000000,21627900.0000000000,-0.0491100000,0.4666144000,AKShare stock_zh_a_spot / 新浪
300371,汇中股份,10.2300000000,10.5100000000,19225268.0000000000,1866140.0000000000,-0.0266400000,0.1922526800,AKShare stock_zh_a_spot / 新浪
300373,扬杰科技,101.4900000000,102.2000000000,3370730547.0000000000,32785777.0000000000,-0.0069500000,33.7073054700,AKShare stock_zh_a_spot / 新浪
300374,中铁装配,10.5700000000,10.8600000000,29998856.0000000000,2813430.0000000000,-0.0267000000,0.2999885600,AKShare stock_zh_a_spot / 新浪
300375,鹏翎股份,3.8900000000,4.0100000000,46828108.0000000000,11948582.0000000000,-0.0299300000,0.4682810800,AKShare stock_zh_a_spot / 新浪
300376,易事特,4.4700000000,4.6400000000,91366968.0000000000,20219912.0000000000,-0.0366400000,0.9136696800,AKShare stock_zh_a_spot / 新浪
300377,赢时胜,13.3600000000,14.0600000000,318469556.0000000000,23428587.0000000000,-0.0497900000,3.1846955600,AKShare stock_zh_a_spot / 新浪
300378,鼎捷数智,32.9200000000,35.3100000000,341479652.0000000000,10162211.0000000000,-0.0676900000,3.4147965200,AKShare stock_zh_a_spot / 新浪
300380,安硕信息,27.4900000000,28.9300000000,69854199.0000000000,2504200.0000000000,-0.0497800000,0.6985419900,AKShare stock_zh_a_spot / 新浪
300381,溢多利,6.2900000000,6.5900000000,75472076.0000000000,11867100.0000000000,-0.0455200000,0.7547207600,AKShare stock_zh_a_spot / 新浪
300382,斯莱克,15.5700000000,16.5700000000,598321533.0000000000,36720136.0000000000,-0.0603500000,5.9832153300,AKShare stock_zh_a_spot / 新浪
300383,光环新网,12.2300000000,12.8200000000,731368318.0000000000,58892202.0000000000,-0.0460200000,7.3136831800,AKShare stock_zh_a_spot / 新浪
300384,三联虹普,12.4100000000,12.6300000000,62179357.0000000000,5068234.0000000000,-0.0174200000,0.6217935700,AKShare stock_zh_a_spot / 新浪
300386,飞天诚信,11.5800000000,12.3500000000,240327779.0000000000,20409545.0000000000,-0.0623500000,2.4032777900,AKShare stock_zh_a_spot / 新浪
300387,富邦科技,7.4600000000,7.7300000000,123350440.0000000000,16369585.0000000000,-0.0349300000,1.2335044000,AKShare stock_zh_a_spot / 新浪
300388,节能国祯,6.7300000000,6.8600000000,48310199.0000000000,7102492.0000000000,-0.0189500000,0.4831019900,AKShare stock_zh_a_spot / 新浪
300389,艾比森,11.9600000000,12.4500000000,54586004.0000000000,4497300.0000000000,-0.0393600000,0.5458600400,AKShare stock_zh_a_spot / 新浪
300390,天华新能,61.9900000000,63.8200000000,2336946584.0000000000,37013341.0000000000,-0.0286700000,23.3694658400,AKShare stock_zh_a_spot / 新浪
300393,中来股份,5.9800000000,6.3700000000,119339320.0000000000,19601200.0000000000,-0.0612200000,1.1933932000,AKShare stock_zh_a_spot / 新浪
300394,天孚通信,277.4000000000,291.4400000000,17560184987.0000000000,63165195.0000000000,-0.0481700000,175.6018498700,AKShare stock_zh_a_spot / 新浪
300395,菲利华,87.2300000000,93.6500000000,2093762836.0000000000,23449716.0000000000,-0.0685500000,20.9376283600,AKShare stock_zh_a_spot / 新浪
300397,天和防务,10.9500000000,11.6700000000,298632534.0000000000,26757408.0000000000,-0.0617000000,2.9863253400,AKShare stock_zh_a_spot / 新浪
300398,飞凯材料,35.2300000000,38.4000000000,1382986642.0000000000,38400326.0000000000,-0.0825500000,13.8298664200,AKShare stock_zh_a_spot / 新浪
300399,天利科技,16.5500000000,17.4500000000,49726817.0000000000,2950000.0000000000,-0.0515800000,0.4972681700,AKShare stock_zh_a_spot / 新浪
300400,劲拓股份,28.2800000000,30.6000000000,376667399.0000000000,12969679.0000000000,-0.0758200000,3.7666739900,AKShare stock_zh_a_spot / 新浪
300401,花园生物,14.4700000000,15.5600000000,544513182.0000000000,36614561.0000000000,-0.0700500000,5.4451318200,AKShare stock_zh_a_spot / 新浪
300402,宝色股份,14.1100000000,14.6400000000,35963921.0000000000,2521039.0000000000,-0.0362000000,0.3596392100,AKShare stock_zh_a_spot / 新浪
300403,汉宇集团,9.1500000000,9.9700000000,148544168.0000000000,15847800.0000000000,-0.0822500000,1.4854416800,AKShare stock_zh_a_spot / 新浪
300404,博济医药,15.3500000000,16.6400000000,1039117738.0000000000,66113638.0000000000,-0.0775200000,10.3911773800,AKShare stock_zh_a_spot / 新浪
300405,科隆股份,5.5400000000,5.7000000000,45571107.0000000000,8145970.0000000000,-0.0280700000,0.4557110700,AKShare stock_zh_a_spot / 新浪
300406,九强生物,11.5900000000,11.8200000000,51896226.0000000000,4451978.0000000000,-0.0194600000,0.5189622600,AKShare stock_zh_a_spot / 新浪
300407,凯发电气,11.4000000000,11.8100000000,96053805.0000000000,8360426.0000000000,-0.0347200000,0.9605380500,AKShare stock_zh_a_spot / 新浪
300408,三环集团,109.6000000000,123.9900000000,9725773101.0000000000,85456897.0000000000,-0.1160600000,97.2577310100,AKShare stock_zh_a_spot / 新浪
300409,道氏技术,18.4200000000,19.0800000000,419754632.0000000000,22429246.0000000000,-0.0345900000,4.1975463200,AKShare stock_zh_a_spot / 新浪
300410,正业科技,7.6900000000,8.1500000000,120706830.0000000000,15483176.0000000000,-0.0564400000,1.2070683000,AKShare stock_zh_a_spot / 新浪
300411,金盾股份,7.3500000000,7.8100000000,86496229.0000000000,11607591.0000000000,-0.0589000000,0.8649622900,AKShare stock_zh_a_spot / 新浪
300412,迦南科技,4.4100000000,4.5600000000,60470446.0000000000,13574370.0000000000,-0.0328900000,0.6047044600,AKShare stock_zh_a_spot / 新浪
300413,芒果超媒,14.8400000000,15.1500000000,184256617.0000000000,12338542.0000000000,-0.0204600000,1.8425661700,AKShare stock_zh_a_spot / 新浪
300414,中光防雷,10.7100000000,11.5200000000,99658938.0000000000,9098320.0000000000,-0.0703100000,0.9965893800,AKShare stock_zh_a_spot / 新浪
300415,伊之密,19.7900000000,20.7000000000,121093871.0000000000,6057459.0000000000,-0.0439600000,1.2109387100,AKShare stock_zh_a_spot / 新浪
300416,苏试试验,14.6600000000,15.5700000000,323041014.0000000000,21514752.0000000000,-0.0584500000,3.2304101400,AKShare stock_zh_a_spot / 新浪
300417,南华仪器,10.7500000000,11.1600000000,28289476.0000000000,2616100.0000000000,-0.0367400000,0.2828947600,AKShare stock_zh_a_spot / 新浪
300418,昆仑万维,42.5200000000,44.4800000000,2129991370.0000000000,49544536.0000000000,-0.0440600000,21.2999137000,AKShare stock_zh_a_spot / 新浪
300420,五洋自控,7.3300000000,8.0700000000,706901446.0000000000,93826490.0000000000,-0.0917000000,7.0690144600,AKShare stock_zh_a_spot / 新浪
300421,力星股份,16.1000000000,17.8000000000,153998124.0000000000,9289200.0000000000,-0.0955100000,1.5399812400,AKShare stock_zh_a_spot / 新浪
300422,博世科,4.0000000000,4.1600000000,60615226.0000000000,14958700.0000000000,-0.0384600000,0.6061522600,AKShare stock_zh_a_spot / 新浪
300423,昇辉科技,5.7600000000,5.9700000000,79335088.0000000000,13412513.0000000000,-0.0351800000,0.7933508800,AKShare stock_zh_a_spot / 新浪
300424,航新科技,13.8700000000,15.0000000000,169287114.0000000000,11912948.0000000000,-0.0753300000,1.6928711400,AKShare stock_zh_a_spot / 新浪
300425,中建环能,3.9300000000,3.9800000000,32187754.0000000000,8186300.0000000000,-0.0125600000,0.3218775400,AKShare stock_zh_a_spot / 新浪
300426,华智数媒,6.1600000000,6.4700000000,111942460.0000000000,17973899.0000000000,-0.0479100000,1.1194246000,AKShare stock_zh_a_spot / 新浪
300427,红相股份,6.3900000000,6.9200000000,206673338.0000000000,31649406.0000000000,-0.0765900000,2.0667333800,AKShare stock_zh_a_spot / 新浪
300428,立中集团,18.0100000000,18.7500000000,111214659.0000000000,6097168.0000000000,-0.0394700000,1.1121465900,AKShare stock_zh_a_spot / 新浪
300429,强力新材,10.4300000000,11.0000000000,190517399.0000000000,17930100.0000000000,-0.0518200000,1.9051739900,AKShare stock_zh_a_spot / 新浪
300432,富临精工,16.0100000000,16.9600000000,791932920.0000000000,48625146.0000000000,-0.0560100000,7.9193292000,AKShare stock_zh_a_spot / 新浪
300433,蓝思科技,36.1500000000,39.1200000000,5495284277.0000000000,148398525.0000000000,-0.0759200000,54.9528427700,AKShare stock_zh_a_spot / 新浪
300434,金石亚药,12.2000000000,12.6800000000,324610934.0000000000,26236728.0000000000,-0.0378500000,3.2461093400,AKShare stock_zh_a_spot / 新浪
300435,中泰股份,17.3500000000,18.1500000000,306548841.0000000000,17151043.0000000000,-0.0440800000,3.0654884100,AKShare stock_zh_a_spot / 新浪
300436,广生堂,93.3700000000,97.4300000000,467344758.0000000000,4917762.0000000000,-0.0416700000,4.6734475800,AKShare stock_zh_a_spot / 新浪
300437,清水源,10.9700000000,11.2800000000,62532544.0000000000,5651400.0000000000,-0.0274800000,0.6253254400,AKShare stock_zh_a_spot / 新浪
300438,鹏辉能源,62.4000000000,65.5500000000,1223466409.0000000000,19230464.0000000000,-0.0480500000,12.2346640900,AKShare stock_zh_a_spot / 新浪
300439,美康生物,9.1900000000,9.4100000000,35101415.0000000000,3793200.0000000000,-0.0233800000,0.3510141500,AKShare stock_zh_a_spot / 新浪
300440,运达科技,17.9200000000,19.6500000000,355200162.0000000000,19396000.0000000000,-0.0880400000,3.5520016200,AKShare stock_zh_a_spot / 新浪
300441,鲍斯股份,6.7200000000,7.2400000000,110498211.0000000000,16004478.0000000000,-0.0718200000,1.1049821100,AKShare stock_zh_a_spot / 新浪
300442,润泽科技,65.3800000000,69.9300000000,2273123998.0000000000,34111468.0000000000,-0.0650700000,22.7312399800,AKShare stock_zh_a_spot / 新浪
300443,金雷股份,19.6600000000,20.4600000000,83236155.0000000000,4186500.0000000000,-0.0391000000,0.8323615500,AKShare stock_zh_a_spot / 新浪
300444,双杰电气,10.0200000000,10.6600000000,363011538.0000000000,35655624.0000000000,-0.0600400000,3.6301153800,AKShare stock_zh_a_spot / 新浪
300445,康斯特,17.9400000000,19.0900000000,44599089.0000000000,2438620.0000000000,-0.0602400000,0.4459908900,AKShare stock_zh_a_spot / 新浪
300446,航天智造,13.0100000000,13.7200000000,130350009.0000000000,9829800.0000000000,-0.0517500000,1.3035000900,AKShare stock_zh_a_spot / 新浪
300447,全信股份,13.2000000000,13.9300000000,68509879.0000000000,5079700.0000000000,-0.0524000000,0.6850987900,AKShare stock_zh_a_spot / 新浪
300448,浩云科技,5.6000000000,5.9200000000,89068494.0000000000,15700009.0000000000,-0.0540500000,0.8906849400,AKShare stock_zh_a_spot / 新浪
300449,汉邦高科,6.8400000000,7.2100000000,63694141.0000000000,9165000.0000000000,-0.0513200000,0.6369414100,AKShare stock_zh_a_spot / 新浪
300450,先导智能,33.5200000000,35.2400000000,1106429519.0000000000,32490048.0000000000,-0.0488100000,11.0642951900,AKShare stock_zh_a_spot / 新浪
300451,创业慧康,3.3800000000,3.5300000000,69797444.0000000000,20398210.0000000000,-0.0424900000,0.6979744400,AKShare stock_zh_a_spot / 新浪
300452,山河药辅,13.6800000000,13.1200000000,325424331.0000000000,23614417.0000000000,0.0426800000,3.2542433100,AKShare stock_zh_a_spot / 新浪
300453,三鑫医疗,9.8800000000,10.1300000000,128697782.0000000000,12976515.0000000000,-0.0246800000,1.2869778200,AKShare stock_zh_a_spot / 新浪
300454,深信服,114.5600000000,120.8400000000,1504487189.0000000000,13004536.0000000000,-0.0519700000,15.0448718900,AKShare stock_zh_a_spot / 新浪
300455,航天智装,17.8100000000,19.4100000000,308089303.0000000000,16519990.0000000000,-0.0824300000,3.0808930300,AKShare stock_zh_a_spot / 新浪
300456,赛微电子,31.0200000000,33.7300000000,803351477.0000000000,25114687.0000000000,-0.0803400000,8.0335147700,AKShare stock_zh_a_spot / 新浪
300457,赢合科技,19.7100000000,20.3700000000,194203733.0000000000,9699761.0000000000,-0.0324000000,1.9420373300,AKShare stock_zh_a_spot / 新浪
300458,全志科技,31.5200000000,34.5800000000,2275092857.0000000000,69828893.0000000000,-0.0884900000,22.7509285700,AKShare stock_zh_a_spot / 新浪
300459,汤姆猫,3.4200000000,3.5600000000,320373809.0000000000,92957905.0000000000,-0.0393300000,3.2037380900,AKShare stock_zh_a_spot / 新浪
300461,田中精机,29.7200000000,33.2700000000,192260089.0000000000,6226118.0000000000,-0.1067000000,1.9226008900,AKShare stock_zh_a_spot / 新浪
300463,迈克生物,9.1600000000,9.2900000000,96350654.0000000000,10381187.0000000000,-0.0139900000,0.9635065400,AKShare stock_zh_a_spot / 新浪
300464,星徽股份,6.6000000000,7.1200000000,72327252.0000000000,10700900.0000000000,-0.0730300000,0.7232725200,AKShare stock_zh_a_spot / 新浪
300465,高伟达,13.9600000000,13.6600000000,892124856.0000000000,63182613.0000000000,0.0219600000,8.9212485600,AKShare stock_zh_a_spot / 新浪
300466,赛摩智能,7.1100000000,7.4700000000,50393978.0000000000,6987100.0000000000,-0.0481900000,0.5039397800,AKShare stock_zh_a_spot / 新浪
300467,迅游科技,33.1000000000,34.7700000000,162155312.0000000000,4821184.0000000000,-0.0480300000,1.6215531200,AKShare stock_zh_a_spot / 新浪
300468,四方精创,19.8900000000,20.9200000000,356897916.0000000000,17716831.0000000000,-0.0492400000,3.5689791600,AKShare stock_zh_a_spot / 新浪
300469,信息发展,57.3000000000,60.1800000000,350273718.0000000000,6005229.0000000000,-0.0478600000,3.5027371800,AKShare stock_zh_a_spot / 新浪
300470,中密控股,27.8400000000,28.5800000000,64927640.0000000000,2315928.0000000000,-0.0258900000,0.6492764000,AKShare stock_zh_a_spot / 新浪
300471,厚普股份,9.6300000000,9.9700000000,80380430.0000000000,8243500.0000000000,-0.0341000000,0.8038043000,AKShare stock_zh_a_spot / 新浪
300473,德尔股份,21.5200000000,22.5700000000,88922747.0000000000,4079000.0000000000,-0.0465200000,0.8892274700,AKShare stock_zh_a_spot / 新浪
300474,景嘉微,50.1000000000,52.2800000000,415747057.0000000000,8215105.0000000000,-0.0417000000,4.1574705700,AKShare stock_zh_a_spot / 新浪
300475,香农芯创,154.4000000000,173.5800000000,5903823908.0000000000,37308804.0000000000,-0.1105000000,59.0382390800,AKShare stock_zh_a_spot / 新浪
300476,胜宏科技,245.3800000000,269.4000000000,9239920253.0000000000,36508541.0000000000,-0.0891600000,92.3992025300,AKShare stock_zh_a_spot / 新浪
300478,杭州高新,29.2000000000,30.9800000000,103855807.0000000000,3511700.0000000000,-0.0574600000,1.0385580700,AKShare stock_zh_a_spot / 新浪
300479,神思电子,14.7800000000,14.9100000000,144678191.0000000000,9811924.0000000000,-0.0087200000,1.4467819100,AKShare stock_zh_a_spot / 新浪
300480,光力科技,33.5900000000,35.4700000000,896378799.0000000000,25831816.0000000000,-0.0530000000,8.9637879900,AKShare stock_zh_a_spot / 新浪
300481,濮阳惠成,14.2300000000,15.1200000000,185818782.0000000000,12787812.0000000000,-0.0588600000,1.8581878200,AKShare stock_zh_a_spot / 新浪
300482,万孚生物,16.9700000000,17.2500000000,113973390.0000000000,6672963.0000000000,-0.0162300000,1.1397339000,AKShare stock_zh_a_spot / 新浪
300483,首华燃气,22.7100000000,23.2500000000,454031475.0000000000,19208830.0000000000,-0.0232300000,4.5403147500,AKShare stock_zh_a_spot / 新浪
300484,蓝海华腾,12.8100000000,13.4800000000,53827913.0000000000,4145500.0000000000,-0.0497000000,0.5382791300,AKShare stock_zh_a_spot / 新浪
300485,赛升药业,9.6200000000,9.9000000000,78054652.0000000000,8037500.0000000000,-0.0282800000,0.7805465200,AKShare stock_zh_a_spot / 新浪
300486,东杰智能,19.8000000000,20.7900000000,231538007.0000000000,11494900.0000000000,-0.0476200000,2.3153800700,AKShare stock_zh_a_spot / 新浪
300487,蓝晓科技,64.6800000000,68.8600000000,369242984.0000000000,5617145.0000000000,-0.0607000000,3.6924298400,AKShare stock_zh_a_spot / 新浪
300488,恒锋工具,30.1500000000,33.2100000000,172531055.0000000000,5551253.0000000000,-0.0921400000,1.7253105500,AKShare stock_zh_a_spot / 新浪
300489,光智科技,222.5300000000,249.3400000000,4992617937.0000000000,21201970.0000000000,-0.1075200000,49.9261793700,AKShare stock_zh_a_spot / 新浪
300490,华自科技,11.3100000000,11.9800000000,136502238.0000000000,11887700.0000000000,-0.0559300000,1.3650223800,AKShare stock_zh_a_spot / 新浪
300491,通合科技,28.5500000000,31.7200000000,306801810.0000000000,10363645.0000000000,-0.0999400000,3.0680181000,AKShare stock_zh_a_spot / 新浪
300492,华图山鼎,23.7400000000,25.2900000000,106042006.0000000000,4384823.0000000000,-0.0612900000,1.0604200600,AKShare stock_zh_a_spot / 新浪
300493,润欣科技,11.9300000000,12.7000000000,157663919.0000000000,12975085.0000000000,-0.0606300000,1.5766391900,AKShare stock_zh_a_spot / 新浪
300494,盛天网络,8.2200000000,8.5200000000,67528688.0000000000,8140119.0000000000,-0.0352100000,0.6752868800,AKShare stock_zh_a_spot / 新浪
300496,中科创达,56.6900000000,60.7700000000,936991018.0000000000,16226499.0000000000,-0.0671400000,9.3699101800,AKShare stock_zh_a_spot / 新浪
300497,富祥股份,17.5700000000,18.4300000000,509523454.0000000000,28321834.0000000000,-0.0466600000,5.0952345400,AKShare stock_zh_a_spot / 新浪
300498,温氏股份,13.5900000000,13.9000000000,670168385.0000000000,49002422.0000000000,-0.0223000000,6.7016838500,AKShare stock_zh_a_spot / 新浪
300499,高澜股份,27.1800000000,29.6000000000,467482081.0000000000,16719873.0000000000,-0.0817600000,4.6748208100,AKShare stock_zh_a_spot / 新浪
300500,启迪设计,9.3100000000,9.4300000000,26499501.0000000000,2840400.0000000000,-0.0127300000,0.2649950100,AKShare stock_zh_a_spot / 新浪
300501,海顺新材,9.8200000000,10.1800000000,33839179.0000000000,3409743.0000000000,-0.0353600000,0.3383917900,AKShare stock_zh_a_spot / 新浪
300502,新易盛,411.5000000000,452.2100000000,22898868703.0000000000,54001574.0000000000,-0.0900200000,228.9886870300,AKShare stock_zh_a_spot / 新浪
300503,昊志机电,69.5500000000,82.0000000000,2327408215.0000000000,31866761.0000000000,-0.1518300000,23.2740821500,AKShare stock_zh_a_spot / 新浪
300504,天邑股份,14.3100000000,15.2800000000,101567357.0000000000,6978060.0000000000,-0.0634800000,1.0156735700,AKShare stock_zh_a_spot / 新浪
300505,川金诺,20.9000000000,21.2400000000,715886438.0000000000,34626693.0000000000,-0.0160100000,7.1588643800,AKShare stock_zh_a_spot / 新浪
300506,名家汇,5.3500000000,5.8000000000,236752060.0000000000,43068600.0000000000,-0.0775900000,2.3675206000,AKShare stock_zh_a_spot / 新浪
300507,苏奥传感,6.2200000000,6.5600000000,58370803.0000000000,9250538.0000000000,-0.0518300000,0.5837080300,AKShare stock_zh_a_spot / 新浪
300508,维宏股份,43.3500000000,50.4300000000,267841101.0000000000,5906474.0000000000,-0.1403900000,2.6784110100,AKShare stock_zh_a_spot / 新浪
300509,新美星,8.4000000000,8.7200000000,38540326.0000000000,4551900.0000000000,-0.0367000000,0.3854032600,AKShare stock_zh_a_spot / 新浪
300510,金冠股份,3.3000000000,3.4300000000,57357273.0000000000,17205641.0000000000,-0.0379000000,0.5735727300,AKShare stock_zh_a_spot / 新浪
300511,雪榕生物,5.8500000000,6.3900000000,510091307.0000000000,85541873.0000000000,-0.0845100000,5.1009130700,AKShare stock_zh_a_spot / 新浪
300512,中亚股份,7.0100000000,7.2800000000,21842691.0000000000,3073700.0000000000,-0.0370900000,0.2184269100,AKShare stock_zh_a_spot / 新浪
300513,恒实科技,7.1200000000,7.4000000000,33244648.0000000000,4631764.0000000000,-0.0378400000,0.3324464800,AKShare stock_zh_a_spot / 新浪
300514,友讯达,9.6400000000,9.9600000000,26076597.0000000000,2689000.0000000000,-0.0321300000,0.2607659700,AKShare stock_zh_a_spot / 新浪
300515,三德科技,15.6000000000,16.8600000000,140681505.0000000000,8814700.0000000000,-0.0747300000,1.4068150500,AKShare stock_zh_a_spot / 新浪
300516,久之洋,30.8500000000,33.0600000000,225357046.0000000000,7160225.0000000000,-0.0668500000,2.2535704600,AKShare stock_zh_a_spot / 新浪
300517,海波重科,9.8800000000,10.3300000000,35646077.0000000000,3573550.0000000000,-0.0435600000,0.3564607700,AKShare stock_zh_a_spot / 新浪
300518,新迅达,22.2000000000,24.6300000000,238872603.0000000000,10390370.0000000000,-0.0986600000,2.3887260300,AKShare stock_zh_a_spot / 新浪
300519,新光药业,14.5400000000,14.5600000000,155475540.0000000000,10468550.0000000000,-0.0013700000,1.5547554000,AKShare stock_zh_a_spot / 新浪
300520,科大国创,23.8200000000,25.5600000000,201549426.0000000000,8278690.0000000000,-0.0680800000,2.0154942600,AKShare stock_zh_a_spot / 新浪
300521,爱司凯,22.3500000000,24.0000000000,97770913.0000000000,4256680.0000000000,-0.0687500000,0.9777091300,AKShare stock_zh_a_spot / 新浪
300522,世名科技,13.9300000000,14.8200000000,232234572.0000000000,16390900.0000000000,-0.0600500000,2.3223457200,AKShare stock_zh_a_spot / 新浪
300523,辰安科技,19.3100000000,19.8200000000,51079199.0000000000,2608570.0000000000,-0.0257300000,0.5107919900,AKShare stock_zh_a_spot / 新浪
300525,博思软件,8.1100000000,8.5000000000,147181633.0000000000,17936639.0000000000,-0.0458800000,1.4718163300,AKShare stock_zh_a_spot / 新浪
300528,幸福蓝海,12.7600000000,13.4600000000,152710793.0000000000,11813420.0000000000,-0.0520100000,1.5271079300,AKShare stock_zh_a_spot / 新浪
300529,健帆生物,15.7000000000,15.8100000000,126999324.0000000000,8065978.0000000000,-0.0069600000,1.2699932400,AKShare stock_zh_a_spot / 新浪
300530,领湃科技,18.1900000000,19.2400000000,69254416.0000000000,3724750.0000000000,-0.0545700000,0.6925441600,AKShare stock_zh_a_spot / 新浪
300531,优博讯,15.8400000000,16.4600000000,137934087.0000000000,8633703.0000000000,-0.0376700000,1.3793408700,AKShare stock_zh_a_spot / 新浪
300532,今天国际,6.7900000000,6.9900000000,51810667.0000000000,7591982.0000000000,-0.0286100000,0.5181066700,AKShare stock_zh_a_spot / 新浪
300533,冰川网络,14.2500000000,14.9200000000,85121032.0000000000,5909740.0000000000,-0.0449100000,0.8512103200,AKShare stock_zh_a_spot / 新浪
300534,陇神戎发,18.3900000000,19.3500000000,1732740667.0000000000,89443538.0000000000,-0.0496100000,17.3274066700,AKShare stock_zh_a_spot / 新浪
300535,达威股份,15.8600000000,16.6100000000,67611250.0000000000,4201277.0000000000,-0.0451500000,0.6761125000,AKShare stock_zh_a_spot / 新浪
300536,农尚环境,8.8600000000,9.4500000000,127093170.0000000000,14110203.0000000000,-0.0624300000,1.2709317000,AKShare stock_zh_a_spot / 新浪
300537,广信材料,19.5900000000,20.8500000000,195326079.0000000000,9782439.0000000000,-0.0604300000,1.9532607900,AKShare stock_zh_a_spot / 新浪
300538,同益股份,15.0800000000,16.0600000000,86021282.0000000000,5578000.0000000000,-0.0610200000,0.8602128200,AKShare stock_zh_a_spot / 新浪
300539,横河精密,17.5100000000,19.6500000000,182106599.0000000000,10033969.0000000000,-0.1089100000,1.8210659900,AKShare stock_zh_a_spot / 新浪
300540,蜀道装备,30.8700000000,33.4500000000,613762406.0000000000,19192731.0000000000,-0.0771300000,6.1376240600,AKShare stock_zh_a_spot / 新浪
300541,先进数通,9.4500000000,9.9100000000,89232975.0000000000,9315725.0000000000,-0.0464200000,0.8923297500,AKShare stock_zh_a_spot / 新浪
300542,新晨科技,11.5800000000,12.0000000000,60056809.0000000000,5106900.0000000000,-0.0350000000,0.6005680900,AKShare stock_zh_a_spot / 新浪
300543,朗科智能,7.6500000000,8.3600000000,120393813.0000000000,15553250.0000000000,-0.0849300000,1.2039381300,AKShare stock_zh_a_spot / 新浪
300545,联得装备,28.6800000000,30.3000000000,234204620.0000000000,8025900.0000000000,-0.0534700000,2.3420462000,AKShare stock_zh_a_spot / 新浪
300546,雄帝科技,15.8600000000,16.8800000000,71234765.0000000000,4414575.0000000000,-0.0604300000,0.7123476500,AKShare stock_zh_a_spot / 新浪
300547,川环科技,24.1600000000,26.3000000000,190646795.0000000000,7640800.0000000000,-0.0813700000,1.9064679500,AKShare stock_zh_a_spot / 新浪
300548,长芯博创,190.4200000000,215.6500000000,3842961005.0000000000,19515790.0000000000,-0.1170000000,38.4296100500,AKShare stock_zh_a_spot / 新浪
300549,优德精密,13.9100000000,14.4300000000,26603541.0000000000,1903900.0000000000,-0.0360400000,0.2660354100,AKShare stock_zh_a_spot / 新浪
300550,和仁科技,11.3800000000,11.9900000000,36572052.0000000000,3171485.0000000000,-0.0508800000,0.3657205200,AKShare stock_zh_a_spot / 新浪
300551,古鳌科技,9.5800000000,10.2300000000,91407837.0000000000,9361300.0000000000,-0.0635400000,0.9140783700,AKShare stock_zh_a_spot / 新浪
300552,万集科技,20.3200000000,21.8400000000,162934710.0000000000,7874600.0000000000,-0.0696000000,1.6293471000,AKShare stock_zh_a_spot / 新浪
300553,集智股份,41.0600000000,46.2400000000,213521432.0000000000,4980808.0000000000,-0.1120200000,2.1352143200,AKShare stock_zh_a_spot / 新浪
300554,三超新材,20.3700000000,21.6300000000,63506856.0000000000,3072620.0000000000,-0.0582500000,0.6350685600,AKShare stock_zh_a_spot / 新浪
300556,丝路视觉,15.8000000000,16.3900000000,54453143.0000000000,3413900.0000000000,-0.0360000000,0.5445314300,AKShare stock_zh_a_spot / 新浪
300557,理工光科,25.3900000000,27.2000000000,86872458.0000000000,3344469.0000000000,-0.0665400000,0.8687245800,AKShare stock_zh_a_spot / 新浪
300558,贝达药业,51.1700000000,55.7200000000,2041562963.0000000000,39126232.0000000000,-0.0816600000,20.4156296300,AKShare stock_zh_a_spot / 新浪
300559,佳发教育,10.2000000000,10.8100000000,85618517.0000000000,8278000.0000000000,-0.0564300000,0.8561851700,AKShare stock_zh_a_spot / 新浪
300560,中富通,16.7200000000,18.1200000000,241388011.0000000000,14241050.0000000000,-0.0772600000,2.4138801100,AKShare stock_zh_a_spot / 新浪
300561,汇金科技,15.2000000000,16.1000000000,281847363.0000000000,18364501.0000000000,-0.0559000000,2.8184736300,AKShare stock_zh_a_spot / 新浪
300562,乐心医疗,15.0000000000,15.9500000000,150315420.0000000000,9854500.0000000000,-0.0595600000,1.5031542000,AKShare stock_zh_a_spot / 新浪
300563,神宇股份,22.4700000000,23.9000000000,72336950.0000000000,3159126.0000000000,-0.0598300000,0.7233695000,AKShare stock_zh_a_spot / 新浪
300564,筑博设计,12.1800000000,12.4800000000,34095595.0000000000,2804900.0000000000,-0.0240400000,0.3409559500,AKShare stock_zh_a_spot / 新浪
300565,科信技术,9.3200000000,9.7800000000,76942338.0000000000,8132900.0000000000,-0.0470300000,0.7694233800,AKShare stock_zh_a_spot / 新浪
300566,激智科技,27.9900000000,30.1300000000,717931770.0000000000,24978416.0000000000,-0.0710300000,7.1793177000,AKShare stock_zh_a_spot / 新浪
300567,精测电子,214.2000000000,238.6200000000,1775591167.0000000000,7940980.0000000000,-0.1023400000,17.7559116700,AKShare stock_zh_a_spot / 新浪
300568,星源材质,14.4100000000,14.7100000000,1084820304.0000000000,73238090.0000000000,-0.0203900000,10.8482030400,AKShare stock_zh_a_spot / 新浪
300569,天能重工,4.6500000000,4.7900000000,46805654.0000000000,9970218.0000000000,-0.0292300000,0.4680565400,AKShare stock_zh_a_spot / 新浪
300570,太辰光,180.2700000000,199.2700000000,4927013653.0000000000,26352768.0000000000,-0.0953500000,49.2701365300,AKShare stock_zh_a_spot / 新浪
300571,平治信息,30.9000000000,33.9000000000,292608587.0000000000,9244200.0000000000,-0.0885000000,2.9260858700,AKShare stock_zh_a_spot / 新浪
300572,安车检测,18.5200000000,20.3700000000,119160965.0000000000,6233047.0000000000,-0.0908200000,1.1916096500,AKShare stock_zh_a_spot / 新浪
300573,兴齐眼药,40.1000000000,41.2500000000,283688927.0000000000,7012693.0000000000,-0.0278800000,2.8368892700,AKShare stock_zh_a_spot / 新浪
300575,中旗股份,5.9200000000,6.0000000000,126528284.0000000000,21149375.0000000000,-0.0133300000,1.2652828400,AKShare stock_zh_a_spot / 新浪
300576,容大感光,31.2800000000,33.8000000000,830865219.0000000000,25881266.0000000000,-0.0745600000,8.3086521900,AKShare stock_zh_a_spot / 新浪
300577,开润股份,17.7600000000,18.5400000000,53636317.0000000000,2973800.0000000000,-0.0420700000,0.5363631700,AKShare stock_zh_a_spot / 新浪
300578,会畅科技,15.2600000000,16.7200000000,143609251.0000000000,9212778.0000000000,-0.0873200000,1.4360925100,AKShare stock_zh_a_spot / 新浪
300579,数字认证,20.6100000000,21.6000000000,77035168.0000000000,3700448.0000000000,-0.0458300000,0.7703516800,AKShare stock_zh_a_spot / 新浪
300580,贝斯特,19.8100000000,22.1300000000,349434223.0000000000,17089700.0000000000,-0.1048400000,3.4943422300,AKShare stock_zh_a_spot / 新浪
300581,晨曦航空,9.6300000000,10.2800000000,147055624.0000000000,14891887.0000000000,-0.0632300000,1.4705562400,AKShare stock_zh_a_spot / 新浪
300582,英飞特,11.0200000000,11.5300000000,58344212.0000000000,5223725.0000000000,-0.0442300000,0.5834421200,AKShare stock_zh_a_spot / 新浪
300583,赛托生物,12.5700000000,12.8800000000,35044926.0000000000,2762500.0000000000,-0.0240700000,0.3504492600,AKShare stock_zh_a_spot / 新浪
300584,海辰药业,33.1700000000,34.5900000000,119823978.0000000000,3540700.0000000000,-0.0410500000,1.1982397800,AKShare stock_zh_a_spot / 新浪
300585,奥联电子,15.2600000000,16.0800000000,102994927.0000000000,6629900.0000000000,-0.0510000000,1.0299492700,AKShare stock_zh_a_spot / 新浪
300586,美联新材,8.9000000000,9.5300000000,183324903.0000000000,20188676.0000000000,-0.0661100000,1.8332490300,AKShare stock_zh_a_spot / 新浪
300587,天铁科技,5.0500000000,5.2900000000,167604475.0000000000,32578557.0000000000,-0.0453700000,1.6760447500,AKShare stock_zh_a_spot / 新浪
300588,熙菱信息,20.1100000000,21.7600000000,87986498.0000000000,4305325.0000000000,-0.0758300000,0.8798649800,AKShare stock_zh_a_spot / 新浪
300589,江龙船艇,12.8600000000,13.6100000000,224761780.0000000000,17211662.0000000000,-0.0551100000,2.2476178000,AKShare stock_zh_a_spot / 新浪
300590,移为通信,10.7700000000,11.3600000000,182055719.0000000000,16653053.0000000000,-0.0519400000,1.8205571900,AKShare stock_zh_a_spot / 新浪
300591,万里马,7.8200000000,8.4100000000,248646616.0000000000,30884590.0000000000,-0.0701500000,2.4864661600,AKShare stock_zh_a_spot / 新浪
300592,华凯易佰,15.2200000000,16.5300000000,194197251.0000000000,12403632.0000000000,-0.0792500000,1.9419725100,AKShare stock_zh_a_spot / 新浪
300593,新雷能,28.4500000000,31.5200000000,828711444.0000000000,28177974.0000000000,-0.0974000000,8.2871144400,AKShare stock_zh_a_spot / 新浪
300595,欧普康视,10.9500000000,11.2600000000,107316567.0000000000,9705638.0000000000,-0.0275300000,1.0731656700,AKShare stock_zh_a_spot / 新浪
300596,利安隆,42.5000000000,44.5300000000,193506447.0000000000,4456250.0000000000,-0.0455900000,1.9350644700,AKShare stock_zh_a_spot / 新浪
300597,吉大通信,7.5600000000,7.8200000000,32998478.0000000000,4352000.0000000000,-0.0332500000,0.3299847800,AKShare stock_zh_a_spot / 新浪
300598,诚迈科技,35.5500000000,34.6000000000,1438459589.0000000000,39872133.0000000000,0.0274600000,14.3845958900,AKShare stock_zh_a_spot / 新浪
300599,雄塑科技,11.7200000000,12.0200000000,86404997.0000000000,7370814.0000000000,-0.0249600000,0.8640499700,AKShare stock_zh_a_spot / 新浪
300600,国瑞科技,9.8500000000,10.4800000000,69577099.0000000000,6939100.0000000000,-0.0601100000,0.6957709900,AKShare stock_zh_a_spot / 新浪
300601,康泰生物,12.0600000000,12.3800000000,188509893.0000000000,15547669.0000000000,-0.0258500000,1.8850989300,AKShare stock_zh_a_spot / 新浪
300602,飞荣达,40.0300000000,44.4400000000,1208781532.0000000000,29260779.0000000000,-0.0992300000,12.0878153200,AKShare stock_zh_a_spot / 新浪
300603,立昂技术,7.7700000000,8.5500000000,248711409.0000000000,31032550.0000000000,-0.0912300000,2.4871140900,AKShare stock_zh_a_spot / 新浪
300604,长川科技,273.0000000000,301.0300000000,7615182019.0000000000,26826334.0000000000,-0.0931100000,76.1518201900,AKShare stock_zh_a_spot / 新浪
300605,恒锋信息,10.0200000000,10.6000000000,80942263.0000000000,7969400.0000000000,-0.0547200000,0.8094226300,AKShare stock_zh_a_spot / 新浪
300606,金太阳,35.2400000000,39.9000000000,408789622.0000000000,11194700.0000000000,-0.1167900000,4.0878962200,AKShare stock_zh_a_spot / 新浪
300607,拓斯达,32.7700000000,37.9000000000,1683078578.0000000000,49421722.0000000000,-0.1353600000,16.8307857800,AKShare stock_zh_a_spot / 新浪
300608,思特奇,9.9400000000,10.4400000000,100413265.0000000000,10002952.0000000000,-0.0478900000,1.0041326500,AKShare stock_zh_a_spot / 新浪
300609,汇纳科技,24.9100000000,26.9000000000,92351140.0000000000,3632650.0000000000,-0.0739800000,0.9235114000,AKShare stock_zh_a_spot / 新浪
300610,晨化股份,10.3000000000,10.4500000000,43258117.0000000000,4178600.0000000000,-0.0143500000,0.4325811700,AKShare stock_zh_a_spot / 新浪
300611,美力科技,22.7200000000,23.7300000000,69716507.0000000000,3030555.0000000000,-0.0425600000,0.6971650700,AKShare stock_zh_a_spot / 新浪
300612,宣亚国际,11.6200000000,12.0900000000,62569198.0000000000,5337400.0000000000,-0.0388800000,0.6256919800,AKShare stock_zh_a_spot / 新浪
300613,富瀚微,71.1400000000,76.1800000000,993998507.0000000000,13586235.0000000000,-0.0661600000,9.9399850700,AKShare stock_zh_a_spot / 新浪
300614,百川畅银,10.4500000000,10.7600000000,38491378.0000000000,3681400.0000000000,-0.0288100000,0.3849137800,AKShare stock_zh_a_spot / 新浪
300615,欣天科技,15.5900000000,17.9100000000,430224243.0000000000,26097403.0000000000,-0.1295400000,4.3022424300,AKShare stock_zh_a_spot / 新浪
300616,尚品宅配,10.4300000000,10.9300000000,94915960.0000000000,8770300.0000000000,-0.0457500000,0.9491596000,AKShare stock_zh_a_spot / 新浪
300617,安靠智电,40.2600000000,43.8000000000,234040016.0000000000,5662800.0000000000,-0.0808200000,2.3404001600,AKShare stock_zh_a_spot / 新浪
300618,寒锐钴业,34.1500000000,35.5900000000,253061829.0000000000,7321019.0000000000,-0.0404600000,2.5306182900,AKShare stock_zh_a_spot / 新浪
300619,金银河,25.6800000000,26.7900000000,170142669.0000000000,6494818.0000000000,-0.0414300000,1.7014266900,AKShare stock_zh_a_spot / 新浪
300620,光库科技,289.3000000000,323.8800000000,4226239765.0000000000,14081414.0000000000,-0.1067700000,42.2623976500,AKShare stock_zh_a_spot / 新浪
300621,维业股份,6.9700000000,7.1800000000,28990100.0000000000,4113504.0000000000,-0.0292500000,0.2899010000,AKShare stock_zh_a_spot / 新浪
300622,博士眼镜,14.1900000000,14.9500000000,99660376.0000000000,6911541.0000000000,-0.0508400000,0.9966037600,AKShare stock_zh_a_spot / 新浪
300623,捷捷微电,27.9000000000,29.5800000000,951695850.0000000000,33336491.0000000000,-0.0568000000,9.5169585000,AKShare stock_zh_a_spot / 新浪
300624,万兴科技,51.6500000000,54.7800000000,416444099.0000000000,7929397.0000000000,-0.0571400000,4.1644409900,AKShare stock_zh_a_spot / 新浪
300625,三雄极光,9.4600000000,9.7200000000,17516147.0000000000,1848600.0000000000,-0.0267500000,0.1751614700,AKShare stock_zh_a_spot / 新浪
300626,华瑞股份,30.1200000000,33.6800000000,187663741.0000000000,6033800.0000000000,-0.1057000000,1.8766374100,AKShare stock_zh_a_spot / 新浪
300627,华测导航,27.6100000000,28.7600000000,384304394.0000000000,13702063.0000000000,-0.0399900000,3.8430439400,AKShare stock_zh_a_spot / 新浪
300628,亿联网络,39.8200000000,40.0400000000,768308398.0000000000,18956353.0000000000,-0.0054900000,7.6830839800,AKShare stock_zh_a_spot / 新浪
300629,新劲刚,16.4900000000,17.6800000000,137232976.0000000000,8129956.0000000000,-0.0673100000,1.3723297600,AKShare stock_zh_a_spot / 新浪
300631,久吾高科,21.1700000000,21.9600000000,36694860.0000000000,1714475.0000000000,-0.0359700000,0.3669486000,AKShare stock_zh_a_spot / 新浪
300632,光莆股份,18.0500000000,19.9800000000,284489291.0000000000,15166307.0000000000,-0.0966000000,2.8448929100,AKShare stock_zh_a_spot / 新浪
300633,开立医疗,19.9700000000,20.2900000000,70435163.0000000000,3519908.0000000000,-0.0157700000,0.7043516300,AKShare stock_zh_a_spot / 新浪
300634,彩讯股份,19.7600000000,21.0100000000,301825267.0000000000,15004222.0000000000,-0.0595000000,3.0182526700,AKShare stock_zh_a_spot / 新浪
300635,中达安,11.6900000000,11.8100000000,49754988.0000000000,4238600.0000000000,-0.0101600000,0.4975498800,AKShare stock_zh_a_spot / 新浪
300636,同和药业,7.0600000000,7.1400000000,62547760.0000000000,8773096.0000000000,-0.0112000000,0.6254776000,AKShare stock_zh_a_spot / 新浪
300637,扬帆新材,8.8800000000,9.1800000000,45690334.0000000000,5074080.0000000000,-0.0326800000,0.4569033400,AKShare stock_zh_a_spot / 新浪
300638,广和通,18.6500000000,19.8400000000,286443759.0000000000,14990774.0000000000,-0.0599800000,2.8644375900,AKShare stock_zh_a_spot / 新浪
300639,凯普生物,6.0000000000,6.0100000000,147131508.0000000000,24367125.0000000000,-0.0016600000,1.4713150800,AKShare stock_zh_a_spot / 新浪
300640,德艺文创,6.4300000000,6.7200000000,55220841.0000000000,8528400.0000000000,-0.0431500000,0.5522084100,AKShare stock_zh_a_spot / 新浪
300641,正丹股份,14.2400000000,14.7700000000,187630587.0000000000,13136690.0000000000,-0.0358800000,1.8763058700,AKShare stock_zh_a_spot / 新浪
300642,透景生命,13.2600000000,13.7400000000,40716561.0000000000,3041200.0000000000,-0.0349300000,0.4071656100,AKShare stock_zh_a_spot / 新浪
300643,万通智控,17.8900000000,19.4500000000,123539779.0000000000,6692758.0000000000,-0.0802100000,1.2353977900,AKShare stock_zh_a_spot / 新浪
300644,南京聚隆,20.7100000000,21.6100000000,36859403.0000000000,1760740.0000000000,-0.0416500000,0.3685940300,AKShare stock_zh_a_spot / 新浪
300645,正元智慧,12.6200000000,13.0800000000,42829879.0000000000,3368000.0000000000,-0.0351700000,0.4282987900,AKShare stock_zh_a_spot / 新浪
300647,超频三,5.5800000000,5.7300000000,80777976.0000000000,14388100.0000000000,-0.0261800000,0.8077797600,AKShare stock_zh_a_spot / 新浪
300648,星云股份,37.9300000000,40.9400000000,92229902.0000000000,2370225.0000000000,-0.0735200000,0.9222990200,AKShare stock_zh_a_spot / 新浪
300649,杭州园林,24.1500000000,27.7300000000,218020059.0000000000,8599200.0000000000,-0.1291000000,2.1802005900,AKShare stock_zh_a_spot / 新浪
300650,太龙股份,11.5000000000,12.1500000000,78237211.0000000000,6696479.0000000000,-0.0535000000,0.7823721100,AKShare stock_zh_a_spot / 新浪
300651,金陵体育,16.9200000000,17.5800000000,70791028.0000000000,4139900.0000000000,-0.0375400000,0.7079102800,AKShare stock_zh_a_spot / 新浪
300652,雷迪克,27.9900000000,30.3500000000,60286198.0000000000,2099070.0000000000,-0.0777600000,0.6028619800,AKShare stock_zh_a_spot / 新浪
300653,正海生物,15.3600000000,15.0500000000,90273556.0000000000,5837206.0000000000,0.0206000000,0.9027355600,AKShare stock_zh_a_spot / 新浪
300654,世纪天鸿,10.0000000000,10.1300000000,224277921.0000000000,21722268.0000000000,-0.0128300000,2.2427792100,AKShare stock_zh_a_spot / 新浪
300655,晶瑞电材,12.9500000000,13.7200000000,659610977.0000000000,49915521.0000000000,-0.0561200000,6.5961097700,AKShare stock_zh_a_spot / 新浪
300656,民德电子,26.8700000000,29.5900000000,190880813.0000000000,6891176.0000000000,-0.0919200000,1.9088081300,AKShare stock_zh_a_spot / 新浪
300657,弘信电子,34.5800000000,37.0500000000,880557134.0000000000,24948592.0000000000,-0.0666700000,8.8055713400,AKShare stock_zh_a_spot / 新浪
300658,延江股份,10.4400000000,11.0300000000,85080981.0000000000,7966000.0000000000,-0.0534900000,0.8508098100,AKShare stock_zh_a_spot / 新浪
300659,中孚信息,9.9400000000,10.2900000000,40722800.0000000000,4066500.0000000000,-0.0340100000,0.4072280000,AKShare stock_zh_a_spot / 新浪
300660,江苏雷利,24.9100000000,27.9000000000,422705188.0000000000,16514523.0000000000,-0.1071700000,4.2270518800,AKShare stock_zh_a_spot / 新浪
300661,圣邦股份,106.4900000000,116.9200000000,1995127442.0000000000,18189980.0000000000,-0.0892100000,19.9512744200,AKShare stock_zh_a_spot / 新浪
300662,科锐国际,19.9700000000,20.1200000000,98052359.0000000000,4916800.0000000000,-0.0074600000,0.9805235900,AKShare stock_zh_a_spot / 新浪
300663,科蓝软件,8.1300000000,8.9200000000,381026855.0000000000,45965123.0000000000,-0.0885700000,3.8102685500,AKShare stock_zh_a_spot / 新浪
300664,鹏鹞环保,4.5100000000,4.6500000000,36842207.0000000000,8108850.0000000000,-0.0301100000,0.3684220700,AKShare stock_zh_a_spot / 新浪
300665,飞鹿股份,9.3800000000,9.7000000000,79610053.0000000000,8501100.0000000000,-0.0329900000,0.7961005300,AKShare stock_zh_a_spot / 新浪
300666,江丰电子,252.5700000000,278.2800000000,5074098691.0000000000,19542697.0000000000,-0.0923900000,50.7409869100,AKShare stock_zh_a_spot / 新浪
300667,必创科技,14.1000000000,14.7100000000,75112640.0000000000,5268650.0000000000,-0.0414700000,0.7511264000,AKShare stock_zh_a_spot / 新浪
300668,杰恩股份,33.9600000000,35.7900000000,435127459.0000000000,11992100.0000000000,-0.0511300000,4.3512745900,AKShare stock_zh_a_spot / 新浪
300669,沪宁股份,22.5300000000,24.7300000000,50988511.0000000000,2196091.0000000000,-0.0889600000,0.5098851100,AKShare stock_zh_a_spot / 新浪
300670,大烨智能,6.2100000000,6.5200000000,49513597.0000000000,7844000.0000000000,-0.0475500000,0.4951359700,AKShare stock_zh_a_spot / 新浪
300671,富满微,57.8600000000,64.3800000000,908615820.0000000000,15234983.0000000000,-0.1012700000,9.0861582000,AKShare stock_zh_a_spot / 新浪
300672,国科微,162.4400000000,185.2500000000,2774615283.0000000000,16517325.0000000000,-0.1231300000,27.7461528300,AKShare stock_zh_a_spot / 新浪
300673,佩蒂股份,12.8600000000,13.4100000000,30382630.0000000000,2335590.0000000000,-0.0410100000,0.3038263000,AKShare stock_zh_a_spot / 新浪
300674,宇信科技,14.9500000000,15.5100000000,185084109.0000000000,12284689.0000000000,-0.0361100000,1.8508410900,AKShare stock_zh_a_spot / 新浪
300675,建科院,12.5500000000,12.7500000000,23974679.0000000000,1905600.0000000000,-0.0156900000,0.2397467900,AKShare stock_zh_a_spot / 新浪
300676,华大基因,37.6000000000,39.1100000000,280660092.0000000000,7388250.0000000000,-0.0386100000,2.8066009200,AKShare stock_zh_a_spot / 新浪
300677,英科医疗,48.9400000000,49.3200000000,317394911.0000000000,6470440.0000000000,-0.0077000000,3.1739491100,AKShare stock_zh_a_spot / 新浪
300678,中科信息,21.5900000000,22.5300000000,120365794.0000000000,5517904.0000000000,-0.0417200000,1.2036579400,AKShare stock_zh_a_spot / 新浪
300679,电连技术,48.9800000000,55.3500000000,2188406675.0000000000,42582720.0000000000,-0.1150900000,21.8840667500,AKShare stock_zh_a_spot / 新浪
300680,隆盛科技,20.4400000000,22.4500000000,308102590.0000000000,14479370.0000000000,-0.0895300000,3.0810259000,AKShare stock_zh_a_spot / 新浪
300681,英搏尔,21.0500000000,22.4600000000,167505436.0000000000,7807996.0000000000,-0.0627800000,1.6750543600,AKShare stock_zh_a_spot / 新浪
300682,朗新科技,9.3700000000,9.8400000000,275138833.0000000000,29037871.0000000000,-0.0477600000,2.7513883300,AKShare stock_zh_a_spot / 新浪
300683,海特生物,28.8500000000,30.4400000000,243909343.0000000000,8330800.0000000000,-0.0522300000,2.4390934300,AKShare stock_zh_a_spot / 新浪
300684,中石科技,86.5900000000,97.0000000000,3571926575.0000000000,40575521.0000000000,-0.1073200000,35.7192657500,AKShare stock_zh_a_spot / 新浪
300685,艾德生物,18.3500000000,18.8200000000,150576462.0000000000,8140380.0000000000,-0.0249700000,1.5057646200,AKShare stock_zh_a_spot / 新浪
300686,智动力,13.9100000000,14.9600000000,178242961.0000000000,12489800.0000000000,-0.0701900000,1.7824296100,AKShare stock_zh_a_spot / 新浪
300687,赛意信息,28.1100000000,29.9100000000,458421028.0000000000,15995608.0000000000,-0.0601800000,4.5842102800,AKShare stock_zh_a_spot / 新浪
300688,创业黑马,30.4500000000,31.5000000000,248733452.0000000000,8044395.0000000000,-0.0333300000,2.4873345200,AKShare stock_zh_a_spot / 新浪
300689,澄天伟业,53.6400000000,57.9800000000,173521119.0000000000,3131300.0000000000,-0.0748500000,1.7352111900,AKShare stock_zh_a_spot / 新浪
300690,双一科技,20.3200000000,21.2400000000,69292938.0000000000,3363800.0000000000,-0.0433100000,0.6929293800,AKShare stock_zh_a_spot / 新浪
300691,联合光电,13.6500000000,14.2700000000,58507478.0000000000,4237700.0000000000,-0.0434500000,0.5850747800,AKShare stock_zh_a_spot / 新浪
300692,中赋科技,9.1700000000,9.5900000000,231645373.0000000000,24977920.0000000000,-0.0438000000,2.3164537300,AKShare stock_zh_a_spot / 新浪
300693,盛弘股份,41.6500000000,44.6600000000,550735129.0000000000,12935777.0000000000,-0.0674000000,5.5073512900,AKShare stock_zh_a_spot / 新浪
300694,蠡湖股份,10.5700000000,10.8800000000,38640607.0000000000,3637100.0000000000,-0.0284900000,0.3864060700,AKShare stock_zh_a_spot / 新浪
300695,兆丰股份,48.7000000000,51.9500000000,54213975.0000000000,1090061.0000000000,-0.0625600000,0.5421397500,AKShare stock_zh_a_spot / 新浪
300696,爱乐达,20.1000000000,21.7300000000,154490005.0000000000,7504384.0000000000,-0.0750100000,1.5449000500,AKShare stock_zh_a_spot / 新浪
300697,电工合金,14.0200000000,14.7700000000,140555922.0000000000,9835927.0000000000,-0.0507800000,1.4055592200,AKShare stock_zh_a_spot / 新浪
300698,万马科技,24.5000000000,25.9100000000,63843345.0000000000,2569100.0000000000,-0.0544200000,0.6384334500,AKShare stock_zh_a_spot / 新浪
300699,光威复材,24.5700000000,26.0100000000,471773899.0000000000,18772159.0000000000,-0.0553600000,4.7177389900,AKShare stock_zh_a_spot / 新浪
300700,岱勒新材,18.6500000000,20.1900000000,247935185.0000000000,12878539.0000000000,-0.0762800000,2.4793518500,AKShare stock_zh_a_spot / 新浪
300701,森霸传感,9.4900000000,9.9600000000,39829195.0000000000,4142000.0000000000,-0.0471900000,0.3982919500,AKShare stock_zh_a_spot / 新浪
300702,天宇股份,22.3800000000,22.5000000000,59558968.0000000000,2663350.0000000000,-0.0053300000,0.5955896800,AKShare stock_zh_a_spot / 新浪
300703,创源股份,13.0300000000,13.5600000000,49892563.0000000000,3769800.0000000000,-0.0390900000,0.4989256300,AKShare stock_zh_a_spot / 新浪
300705,九典制药,12.4200000000,11.8700000000,454779976.0000000000,36031457.0000000000,0.0463400000,4.5477997600,AKShare stock_zh_a_spot / 新浪
300706,阿石创,52.7100000000,57.0200000000,521561161.0000000000,9616000.0000000000,-0.0755900000,5.2156116100,AKShare stock_zh_a_spot / 新浪
300707,威唐工业,11.7200000000,12.2800000000,59373597.0000000000,5003000.0000000000,-0.0456000000,0.5937359700,AKShare stock_zh_a_spot / 新浪
300708,聚灿光电,7.6400000000,8.0700000000,159318776.0000000000,20414670.0000000000,-0.0532800000,1.5931877600,AKShare stock_zh_a_spot / 新浪
300709,精研科技,38.4500000000,40.8700000000,511887960.0000000000,13057363.0000000000,-0.0592100000,5.1188796000,AKShare stock_zh_a_spot / 新浪
300710,万隆光电,26.8900000000,28.4900000000,60193034.0000000000,2201050.0000000000,-0.0561600000,0.6019303400,AKShare stock_zh_a_spot / 新浪
300711,广哈通信,16.6800000000,17.5700000000,110439961.0000000000,6509869.0000000000,-0.0506500000,1.1043996100,AKShare stock_zh_a_spot / 新浪
300712,永福股份,20.0700000000,21.2400000000,38842027.0000000000,1914299.0000000000,-0.0550800000,0.3884202700,AKShare stock_zh_a_spot / 新浪
300713,英可瑞,12.8100000000,13.2800000000,23722575.0000000000,1841110.0000000000,-0.0353900000,0.2372257500,AKShare stock_zh_a_spot / 新浪
300715,凯伦股份,13.8500000000,14.5700000000,118154986.0000000000,8356100.0000000000,-0.0494200000,1.1815498600,AKShare stock_zh_a_spot / 新浪
300717,华信新材,17.8000000000,18.6300000000,51087032.0000000000,2843900.0000000000,-0.0445500000,0.5108703200,AKShare stock_zh_a_spot / 新浪
300718,长盛轴承,60.5600000000,72.1500000000,1148919420.0000000000,17893883.0000000000,-0.1606400000,11.4891942000,AKShare stock_zh_a_spot / 新浪
300719,安达维尔,11.2400000000,11.7400000000,48951471.0000000000,4300750.0000000000,-0.0425900000,0.4895147100,AKShare stock_zh_a_spot / 新浪
300720,海川智能,79.5000000000,87.7700000000,1739936779.0000000000,20990739.0000000000,-0.0942200000,17.3993677900,AKShare stock_zh_a_spot / 新浪
300721,怡达股份,23.0500000000,24.1100000000,251220638.0000000000,10763100.0000000000,-0.0439700000,2.5122063800,AKShare stock_zh_a_spot / 新浪
300722,新余国科,20.6100000000,21.7200000000,86355096.0000000000,4093091.0000000000,-0.0511000000,0.8635509600,AKShare stock_zh_a_spot / 新浪
300723,一品红,37.0300000000,38.2600000000,450159327.0000000000,12062950.0000000000,-0.0321500000,4.5015932700,AKShare stock_zh_a_spot / 新浪
300724,捷佳伟创,59.4100000000,65.2000000000,1216262105.0000000000,19815556.0000000000,-0.0888000000,12.1626210500,AKShare stock_zh_a_spot / 新浪
300725,药石科技,49.5100000000,52.3300000000,1306670963.0000000000,25961128.0000000000,-0.0538900000,13.0667096300,AKShare stock_zh_a_spot / 新浪
300726,宏达电子,51.9200000000,56.3300000000,676251355.0000000000,12781242.0000000000,-0.0782900000,6.7625135500,AKShare stock_zh_a_spot / 新浪
300727,润禾材料,26.6100000000,28.4100000000,99640185.0000000000,3650109.0000000000,-0.0633600000,0.9964018500,AKShare stock_zh_a_spot / 新浪
300729,乐歌股份,10.0300000000,10.2500000000,20059626.0000000000,1987052.0000000000,-0.0214600000,0.2005962600,AKShare stock_zh_a_spot / 新浪
300730,科创信息,11.1800000000,11.8300000000,54502598.0000000000,4791800.0000000000,-0.0549500000,0.5450259800,AKShare stock_zh_a_spot / 新浪
300731,科创新源,36.7900000000,40.4300000000,345890815.0000000000,9142936.0000000000,-0.0900300000,3.4589081500,AKShare stock_zh_a_spot / 新浪
300732,设研院,6.1100000000,6.2300000000,31215149.0000000000,5087045.0000000000,-0.0192600000,0.3121514900,AKShare stock_zh_a_spot / 新浪
300733,西菱动力,14.0000000000,14.4900000000,70757029.0000000000,4984964.0000000000,-0.0338200000,0.7075702900,AKShare stock_zh_a_spot / 新浪
300735,光弘科技,19.4000000000,20.5000000000,311287106.0000000000,15613689.0000000000,-0.0536600000,3.1128710600,AKShare stock_zh_a_spot / 新浪
300736,百邦科技,27.2700000000,30.8100000000,324549359.0000000000,11466260.0000000000,-0.1149000000,3.2454935900,AKShare stock_zh_a_spot / 新浪
300737,科顺股份,4.8000000000,4.9900000000,211207931.0000000000,42350020.0000000000,-0.0380800000,2.1120793100,AKShare stock_zh_a_spot / 新浪
300738,奥飞数据,21.3300000000,23.0300000000,1398050338.0000000000,63691761.0000000000,-0.0738200000,13.9805033800,AKShare stock_zh_a_spot / 新浪
300739,明阳电路,22.0800000000,24.1200000000,250715756.0000000000,11018644.0000000000,-0.0845800000,2.5071575600,AKShare stock_zh_a_spot / 新浪
300740,水羊股份,19.8300000000,21.1000000000,520825520.0000000000,25633028.0000000000,-0.0601900000,5.2082552000,AKShare stock_zh_a_spot / 新浪
300741,华宝股份,13.1900000000,13.6700000000,31802440.0000000000,2383245.0000000000,-0.0351100000,0.3180244000,AKShare stock_zh_a_spot / 新浪
300743,天地数码,14.5800000000,15.0600000000,38077094.0000000000,2590800.0000000000,-0.0318700000,0.3807709400,AKShare stock_zh_a_spot / 新浪
300745,欣锐科技,28.3900000000,30.8200000000,200030868.0000000000,6873685.0000000000,-0.0788400000,2.0003086800,AKShare stock_zh_a_spot / 新浪
300746,汉嘉数智,13.6800000000,14.1700000000,61406355.0000000000,4390200.0000000000,-0.0345800000,0.6140635500,AKShare stock_zh_a_spot / 新浪
300747,锐科激光,34.7200000000,37.7000000000,682657962.0000000000,19214912.0000000000,-0.0790500000,6.8265796200,AKShare stock_zh_a_spot / 新浪
300748,金力永磁,26.5200000000,28.0800000000,609787207.0000000000,22621802.0000000000,-0.0555600000,6.0978720700,AKShare stock_zh_a_spot / 新浪
300749,顶固集创,23.2000000000,24.9700000000,158700955.0000000000,6665600.0000000000,-0.0708900000,1.5870095500,AKShare stock_zh_a_spot / 新浪
300750,宁德时代,389.0000000000,396.2600000000,8275393966.0000000000,21157158.0000000000,-0.0183200000,82.7539396600,AKShare stock_zh_a_spot / 新浪
300751,迈为股份,189.5000000000,212.5000000000,2766841604.0000000000,14253002.0000000000,-0.1082400000,27.6684160400,AKShare stock_zh_a_spot / 新浪
300752,隆利科技,10.7500000000,11.8300000000,215758296.0000000000,19230098.0000000000,-0.0912900000,2.1575829600,AKShare stock_zh_a_spot / 新浪
300753,爱朋医疗,22.2600000000,23.7100000000,185154834.0000000000,8177701.0000000000,-0.0611600000,1.8515483400,AKShare stock_zh_a_spot / 新浪
300755,华致酒行,10.9400000000,11.5500000000,43692304.0000000000,3933391.0000000000,-0.0528100000,0.4369230400,AKShare stock_zh_a_spot / 新浪
300756,金马游乐,29.3300000000,30.4600000000,128059132.0000000000,4270440.0000000000,-0.0371000000,1.2805913200,AKShare stock_zh_a_spot / 新浪
300757,罗博特科,483.0100000000,546.5100000000,4330504156.0000000000,8597320.0000000000,-0.1161900000,43.3050415600,AKShare stock_zh_a_spot / 新浪
300758,七彩化学,10.5400000000,10.8600000000,63088022.0000000000,5925112.0000000000,-0.0294700000,0.6308802200,AKShare stock_zh_a_spot / 新浪
300759,康龙化成,48.4500000000,51.1500000000,4281839791.0000000000,86407775.0000000000,-0.0527900000,42.8183979100,AKShare stock_zh_a_spot / 新浪
300760,迈瑞医疗,150.6300000000,150.5500000000,1004670638.0000000000,6680917.0000000000,0.0005300000,10.0467063800,AKShare stock_zh_a_spot / 新浪
300761,立华股份,18.4200000000,18.9800000000,178859860.0000000000,9557013.0000000000,-0.0295000000,1.7885986000,AKShare stock_zh_a_spot / 新浪
300762,上海瀚讯,30.5800000000,33.5900000000,1549725911.0000000000,48228410.0000000000,-0.0896100000,15.4972591100,AKShare stock_zh_a_spot / 新浪
300763,锦浪科技,61.7200000000,65.0300000000,629087555.0000000000,10019546.0000000000,-0.0509000000,6.2908755500,AKShare stock_zh_a_spot / 新浪
300765,石药创新,43.1500000000,44.4000000000,1067710099.0000000000,24607431.0000000000,-0.0281500000,10.6771009900,AKShare stock_zh_a_spot / 新浪
300766,每日互动,21.5100000000,23.2600000000,496540479.0000000000,22589291.0000000000,-0.0752400000,4.9654047900,AKShare stock_zh_a_spot / 新浪
300767,震安科技,19.2300000000,20.6600000000,217632199.0000000000,10979027.0000000000,-0.0692200000,2.1763219900,AKShare stock_zh_a_spot / 新浪
300768,迪普科技,14.5400000000,15.5000000000,145830845.0000000000,9810800.0000000000,-0.0619400000,1.4583084500,AKShare stock_zh_a_spot / 新浪
300769,德方纳米,46.1000000000,48.1100000000,656666834.0000000000,13921650.0000000000,-0.0417800000,6.5666683400,AKShare stock_zh_a_spot / 新浪
300770,新媒股份,33.7500000000,33.6800000000,68771948.0000000000,2039470.0000000000,0.0020800000,0.6877194800,AKShare stock_zh_a_spot / 新浪
300771,智莱科技,11.2500000000,11.7300000000,46551934.0000000000,4090874.0000000000,-0.0409200000,0.4655193400,AKShare stock_zh_a_spot / 新浪
300772,运达股份,11.4700000000,11.9900000000,160317413.0000000000,13754496.0000000000,-0.0433700000,1.6031741300,AKShare stock_zh_a_spot / 新浪
300773,拉卡拉,14.3000000000,15.0900000000,473836145.0000000000,32600009.0000000000,-0.0523500000,4.7383614500,AKShare stock_zh_a_spot / 新浪
300774,倍杰特,10.6900000000,11.0300000000,83461448.0000000000,7662300.0000000000,-0.0308300000,0.8346144800,AKShare stock_zh_a_spot / 新浪
300775,三角防务,20.6200000000,22.0400000000,391871621.0000000000,18553800.0000000000,-0.0644300000,3.9187162100,AKShare stock_zh_a_spot / 新浪
300776,帝尔激光,115.6600000000,130.1000000000,1039570220.0000000000,8653546.0000000000,-0.1109900000,10.3957022000,AKShare stock_zh_a_spot / 新浪
300777,中简科技,23.3900000000,25.1800000000,352349441.0000000000,14692800.0000000000,-0.0710900000,3.5234944100,AKShare stock_zh_a_spot / 新浪
300778,新城市,10.0400000000,10.3800000000,26087588.0000000000,2577850.0000000000,-0.0327600000,0.2608758800,AKShare stock_zh_a_spot / 新浪
300779,惠城环保,72.4600000000,72.5000000000,725863737.0000000000,9990879.0000000000,-0.0005500000,7.2586373700,AKShare stock_zh_a_spot / 新浪
300780,德恩精工,19.5900000000,21.7500000000,195639971.0000000000,9659600.0000000000,-0.0993100000,1.9563997100,AKShare stock_zh_a_spot / 新浪
300781,因赛集团,26.9000000000,28.3000000000,93707308.0000000000,3440834.0000000000,-0.0494700000,0.9370730800,AKShare stock_zh_a_spot / 新浪
300782,卓胜微,76.1400000000,81.6800000000,953102959.0000000000,12219160.0000000000,-0.0678300000,9.5310295900,AKShare stock_zh_a_spot / 新浪
300783,三只松鼠,16.8800000000,17.6600000000,143915582.0000000000,8395856.0000000000,-0.0441700000,1.4391558200,AKShare stock_zh_a_spot / 新浪
300784,利安科技,42.0800000000,41.1300000000,71521050.0000000000,1696358.0000000000,0.0231000000,0.7152105000,AKShare stock_zh_a_spot / 新浪
300785,值得买,36.1000000000,38.4000000000,256152625.0000000000,6990509.0000000000,-0.0599000000,2.5615262500,AKShare stock_zh_a_spot / 新浪
300786,国林科技,15.4600000000,16.4800000000,128239493.0000000000,8158250.0000000000,-0.0618900000,1.2823949300,AKShare stock_zh_a_spot / 新浪
300787,海能实业,10.0300000000,10.5100000000,73963482.0000000000,7251604.0000000000,-0.0456700000,0.7396348200,AKShare stock_zh_a_spot / 新浪
300788,中信出版,26.4000000000,27.0400000000,268020499.0000000000,9920605.0000000000,-0.0236700000,2.6802049900,AKShare stock_zh_a_spot / 新浪
300789,唐源电气,16.9100000000,17.8800000000,63879831.0000000000,3741600.0000000000,-0.0542500000,0.6387983100,AKShare stock_zh_a_spot / 新浪
300790,宇瞳光学,18.9100000000,20.6100000000,552690709.0000000000,28414306.0000000000,-0.0824800000,5.5269070900,AKShare stock_zh_a_spot / 新浪
300791,仙乐健康,16.7100000000,17.0600000000,40151621.0000000000,2394548.0000000000,-0.0205200000,0.4015162100,AKShare stock_zh_a_spot / 新浪
300792,壹网壹创,22.9700000000,24.4100000000,145245767.0000000000,6223500.0000000000,-0.0589900000,1.4524576700,AKShare stock_zh_a_spot / 新浪
300793,佳禾智能,10.6300000000,11.1500000000,57539841.0000000000,5319200.0000000000,-0.0466400000,0.5753984100,AKShare stock_zh_a_spot / 新浪
300795,米奥会展,15.1000000000,16.7400000000,599669911.0000000000,39924543.0000000000,-0.0979700000,5.9966991100,AKShare stock_zh_a_spot / 新浪
300796,贝斯美,6.6000000000,6.7500000000,27164024.0000000000,4094860.0000000000,-0.0222200000,0.2716402400,AKShare stock_zh_a_spot / 新浪
300797,钢研纳克,14.7700000000,15.7000000000,261897635.0000000000,17755787.0000000000,-0.0592400000,2.6189763500,AKShare stock_zh_a_spot / 新浪
300798,锦鸡股份,7.0500000000,7.3900000000,104663270.0000000000,14702063.0000000000,-0.0460100000,1.0466327000,AKShare stock_zh_a_spot / 新浪
300800,力合科技,9.8900000000,10.0400000000,26789594.0000000000,2695300.0000000000,-0.0149400000,0.2678959400,AKShare stock_zh_a_spot / 新浪
300801,泰和科技,22.7900000000,23.8800000000,133928646.0000000000,5779600.0000000000,-0.0456400000,1.3392864600,AKShare stock_zh_a_spot / 新浪
300802,矩子科技,21.9500000000,23.1600000000,137534164.0000000000,6144444.0000000000,-0.0522500000,1.3753416400,AKShare stock_zh_a_spot / 新浪
300803,指南针,79.2700000000,83.0300000000,1067546727.0000000000,13259481.0000000000,-0.0452800000,10.6754672700,AKShare stock_zh_a_spot / 新浪
300804,广康生化,42.0000000000,44.0000000000,45794158.0000000000,1071436.0000000000,-0.0454500000,0.4579415800,AKShare stock_zh_a_spot / 新浪
300805,电声股份,7.8300000000,8.1900000000,72191189.0000000000,9102800.0000000000,-0.0439600000,0.7219118900,AKShare stock_zh_a_spot / 新浪
300806,斯迪克,46.7800000000,54.0200000000,2351078988.0000000000,48198700.0000000000,-0.1340200000,23.5107898800,AKShare stock_zh_a_spot / 新浪
300807,天迈科技,34.9600000000,37.8400000000,62901016.0000000000,1767100.0000000000,-0.0761100000,0.6290101600,AKShare stock_zh_a_spot / 新浪
300808,久量股份,19.1900000000,19.5400000000,44196282.0000000000,2280359.0000000000,-0.0179100000,0.4419628200,AKShare stock_zh_a_spot / 新浪
300809,华辰装备,23.4100000000,25.9000000000,192034187.0000000000,7953400.0000000000,-0.0961400000,1.9203418700,AKShare stock_zh_a_spot / 新浪
300810,中科海讯,23.2200000000,24.6300000000,43634139.0000000000,1843900.0000000000,-0.0572500000,0.4363413900,AKShare stock_zh_a_spot / 新浪
300811,铂科新材,74.0400000000,82.3900000000,1430200762.0000000000,18676400.0000000000,-0.1013500000,14.3020076200,AKShare stock_zh_a_spot / 新浪
300812,易天股份,18.4600000000,19.9500000000,141581062.0000000000,7480137.0000000000,-0.0746900000,1.4158106200,AKShare stock_zh_a_spot / 新浪
300813,泰林生物,19.6200000000,20.6200000000,44717300.0000000000,2243810.0000000000,-0.0485000000,0.4471730000,AKShare stock_zh_a_spot / 新浪
300814,中富电路,135.3100000000,150.1800000000,1097510746.0000000000,7823387.0000000000,-0.0990100000,10.9751074600,AKShare stock_zh_a_spot / 新浪
300815,玉禾田,15.7000000000,16.4400000000,102045718.0000000000,6401189.0000000000,-0.0450100000,1.0204571800,AKShare stock_zh_a_spot / 新浪
300816,艾可蓝,49.7600000000,54.6600000000,104273641.0000000000,2039800.0000000000,-0.0896500000,1.0427364100,AKShare stock_zh_a_spot / 新浪
300817,双飞集团,15.0700000000,16.2200000000,52736575.0000000000,3431300.0000000000,-0.0709000000,0.5273657500,AKShare stock_zh_a_spot / 新浪
300818,耐普矿机,18.7300000000,20.0000000000,54181951.0000000000,2830507.0000000000,-0.0635000000,0.5418195100,AKShare stock_zh_a_spot / 新浪
300819,聚杰微纤,44.3000000000,48.7200000000,220154896.0000000000,4825000.0000000000,-0.0907200000,2.2015489600,AKShare stock_zh_a_spot / 新浪
300820,英杰电气,52.6500000000,56.7500000000,248595479.0000000000,4624800.0000000000,-0.0722500000,2.4859547900,AKShare stock_zh_a_spot / 新浪
300821,东岳硅材,18.3000000000,18.1800000000,2630982167.0000000000,142557938.0000000000,0.0066000000,26.3098216700,AKShare stock_zh_a_spot / 新浪
300822,贝仕达克,11.2400000000,11.6700000000,50611627.0000000000,4469700.0000000000,-0.0368500000,0.5061162700,AKShare stock_zh_a_spot / 新浪
300823,建科智能,14.7000000000,15.0300000000,44790361.0000000000,3009480.0000000000,-0.0219600000,0.4479036100,AKShare stock_zh_a_spot / 新浪
300824,北鼎股份,7.5600000000,7.7000000000,35863115.0000000000,4714900.0000000000,-0.0181800000,0.3586311500,AKShare stock_zh_a_spot / 新浪
300825,阿尔特,10.4000000000,11.1000000000,240800299.0000000000,22844752.0000000000,-0.0630600000,2.4080029900,AKShare stock_zh_a_spot / 新浪
300826,测绘股份,14.3900000000,14.9400000000,86092813.0000000000,5906916.0000000000,-0.0368100000,0.8609281300,AKShare stock_zh_a_spot / 新浪
300827,上能电气,25.6500000000,26.4800000000,293553217.0000000000,11303066.0000000000,-0.0313400000,2.9355321700,AKShare stock_zh_a_spot / 新浪
300828,锐新科技,16.4800000000,17.5300000000,155167252.0000000000,9256400.0000000000,-0.0599000000,1.5516725200,AKShare stock_zh_a_spot / 新浪
300829,金丹科技,15.0900000000,16.3800000000,133305797.0000000000,8604065.0000000000,-0.0787500000,1.3330579700,AKShare stock_zh_a_spot / 新浪
300830,金现代,7.9300000000,8.3300000000,63053368.0000000000,7854600.0000000000,-0.0480200000,0.6305336800,AKShare stock_zh_a_spot / 新浪
300832,新产业,53.6600000000,53.4500000000,652471203.0000000000,12157170.0000000000,0.0039300000,6.5247120300,AKShare stock_zh_a_spot / 新浪
300833,浩洋股份,35.7700000000,37.0100000000,23923995.0000000000,660050.0000000000,-0.0335000000,0.2392399500,AKShare stock_zh_a_spot / 新浪
300834,星辉环材,38.3400000000,42.4800000000,88162479.0000000000,2209217.0000000000,-0.0974600000,0.8816247900,AKShare stock_zh_a_spot / 新浪
300835,龙磁科技,151.4700000000,171.6900000000,698437540.0000000000,4440170.0000000000,-0.1177700000,6.9843754000,AKShare stock_zh_a_spot / 新浪
300836,佰奥智能,45.7800000000,52.1500000000,173478214.0000000000,3614467.0000000000,-0.1221500000,1.7347821400,AKShare stock_zh_a_spot / 新浪
300837,浙矿股份,22.5200000000,23.4700000000,43354697.0000000000,1901800.0000000000,-0.0404800000,0.4335469700,AKShare stock_zh_a_spot / 新浪
300838,浙江力诺,13.5300000000,14.0500000000,41688355.0000000000,3069500.0000000000,-0.0370100000,0.4168835500,AKShare stock_zh_a_spot / 新浪
300839,博汇股份,10.4500000000,10.8800000000,73753960.0000000000,6962604.0000000000,-0.0395200000,0.7375396000,AKShare stock_zh_a_spot / 新浪
300840,酷特智能,18.9100000000,20.2000000000,162886676.0000000000,8412300.0000000000,-0.0638600000,1.6288667600,AKShare stock_zh_a_spot / 新浪
300841,康华生物,50.2600000000,54.2200000000,384614034.0000000000,7483974.0000000000,-0.0730400000,3.8461403400,AKShare stock_zh_a_spot / 新浪
300842,帝科股份,61.4500000000,66.4400000000,349238382.0000000000,5542444.0000000000,-0.0751100000,3.4923838200,AKShare stock_zh_a_spot / 新浪
300843,胜蓝股份,132.0700000000,136.2800000000,1770792664.0000000000,13085540.0000000000,-0.0308900000,17.7079266400,AKShare stock_zh_a_spot / 新浪
300844,山水比德,22.7800000000,23.7900000000,25714859.0000000000,1119622.0000000000,-0.0424500000,0.2571485900,AKShare stock_zh_a_spot / 新浪
300845,捷安高科,12.0100000000,12.1500000000,95539080.0000000000,7988908.0000000000,-0.0115200000,0.9553908000,AKShare stock_zh_a_spot / 新浪
300846,首都在线,19.0200000000,20.8500000000,605792069.0000000000,30918351.0000000000,-0.0877700000,6.0579206900,AKShare stock_zh_a_spot / 新浪
300847,中船汉光,13.7000000000,14.2900000000,66477294.0000000000,4798000.0000000000,-0.0412900000,0.6647729400,AKShare stock_zh_a_spot / 新浪
300848,美瑞新材,12.4300000000,12.9000000000,39322457.0000000000,3127600.0000000000,-0.0364300000,0.3932245700,AKShare stock_zh_a_spot / 新浪
300849,锦盛新材,19.5700000000,20.7100000000,69378424.0000000000,3464301.0000000000,-0.0550500000,0.6937842400,AKShare stock_zh_a_spot / 新浪
300850,新强联,25.3200000000,26.4300000000,262790162.0000000000,10233077.0000000000,-0.0420000000,2.6279016200,AKShare stock_zh_a_spot / 新浪
300851,交大思诺,23.6200000000,24.2300000000,27268715.0000000000,1145600.0000000000,-0.0251800000,0.2726871500,AKShare stock_zh_a_spot / 新浪
300852,四会富仕,45.0900000000,49.2500000000,380171400.0000000000,8170046.0000000000,-0.0844700000,3.8017140000,AKShare stock_zh_a_spot / 新浪
300853,申昊科技,26.0700000000,29.0500000000,193766932.0000000000,7215385.0000000000,-0.1025800000,1.9376693200,AKShare stock_zh_a_spot / 新浪
300854,中兰环保,17.7500000000,18.3300000000,109952380.0000000000,6185345.0000000000,-0.0316400000,1.0995238000,AKShare stock_zh_a_spot / 新浪
300855,图南股份,33.0000000000,32.4800000000,750918211.0000000000,22300392.0000000000,0.0160100000,7.5091821100,AKShare stock_zh_a_spot / 新浪
300856,科思股份,10.7900000000,11.0000000000,75599467.0000000000,6952433.0000000000,-0.0190900000,0.7559946700,AKShare stock_zh_a_spot / 新浪
300857,协创数据,247.6700000000,267.1600000000,6122093784.0000000000,24120206.0000000000,-0.0729500000,61.2209378400,AKShare stock_zh_a_spot / 新浪
300858,科拓生物,15.7900000000,15.3600000000,182224229.0000000000,11621860.0000000000,0.0279900000,1.8222422900,AKShare stock_zh_a_spot / 新浪
300859,西域旅游,25.7500000000,26.7100000000,81961346.0000000000,3142000.0000000000,-0.0359400000,0.8196134600,AKShare stock_zh_a_spot / 新浪
300860,锋尚文化,26.5300000000,27.3400000000,44872142.0000000000,1675981.0000000000,-0.0296300000,0.4487214200,AKShare stock_zh_a_spot / 新浪
300861,美畅股份,16.7200000000,17.7800000000,259269050.0000000000,15275211.0000000000,-0.0596200000,2.5926905000,AKShare stock_zh_a_spot / 新浪
300863,卡倍亿,42.7700000000,46.8000000000,434899046.0000000000,9915398.0000000000,-0.0861100000,4.3489904600,AKShare stock_zh_a_spot / 新浪
300864,南大环境,19.6900000000,19.8900000000,40853371.0000000000,2053453.0000000000,-0.0100600000,0.4085337100,AKShare stock_zh_a_spot / 新浪
300865,大宏立,28.3000000000,27.1500000000,240844627.0000000000,8796777.0000000000,0.0423600000,2.4084462700,AKShare stock_zh_a_spot / 新浪
300866,安克创新,114.9100000000,116.2900000000,311179499.0000000000,2685293.0000000000,-0.0118700000,3.1117949900,AKShare stock_zh_a_spot / 新浪
300867,圣元环保,16.3000000000,17.4000000000,140896367.0000000000,8482797.0000000000,-0.0632200000,1.4089636700,AKShare stock_zh_a_spot / 新浪
300868,杰美特,84.8500000000,95.7800000000,297349429.0000000000,3365150.0000000000,-0.1141200000,2.9734942900,AKShare stock_zh_a_spot / 新浪
300869,康泰医学,11.1700000000,11.4100000000,30058014.0000000000,2674100.0000000000,-0.0210300000,0.3005801400,AKShare stock_zh_a_spot / 新浪
300870,欧陆通,205.1000000000,231.8600000000,1999754060.0000000000,9355859.0000000000,-0.1154100000,19.9975406000,AKShare stock_zh_a_spot / 新浪
300871,回盛生物,23.6000000000,24.0000000000,206076303.0000000000,8681817.0000000000,-0.0166700000,2.0607630300,AKShare stock_zh_a_spot / 新浪
300872,天阳科技,14.4100000000,15.4900000000,187800300.0000000000,12766614.0000000000,-0.0697200000,1.8780030000,AKShare stock_zh_a_spot / 新浪
300873,海晨股份,15.5000000000,17.3200000000,222780249.0000000000,13942412.0000000000,-0.1050800000,2.2278024900,AKShare stock_zh_a_spot / 新浪
300875,捷强装备,31.6600000000,33.7600000000,136239737.0000000000,4220303.0000000000,-0.0622000000,1.3623973700,AKShare stock_zh_a_spot / 新浪
300876,蒙泰高新,15.0700000000,15.7100000000,34355570.0000000000,2247820.0000000000,-0.0407400000,0.3435557000,AKShare stock_zh_a_spot / 新浪
300877,金春股份,29.2400000000,29.0000000000,162504239.0000000000,5559703.0000000000,0.0082800000,1.6250423900,AKShare stock_zh_a_spot / 新浪
300878,维康药业,33.1200000000,35.6900000000,128582446.0000000000,3807387.0000000000,-0.0720100000,1.2858244600,AKShare stock_zh_a_spot / 新浪
300879,大叶股份,16.2600000000,17.0200000000,47481394.0000000000,2882200.0000000000,-0.0446500000,0.4748139400,AKShare stock_zh_a_spot / 新浪
300880,迦南智能,18.9900000000,20.0000000000,54469930.0000000000,2827792.0000000000,-0.0505000000,0.5446993000,AKShare stock_zh_a_spot / 新浪
300881,盛德鑫泰,32.2100000000,34.0500000000,63322240.0000000000,1940593.0000000000,-0.0540400000,0.6332224000,AKShare stock_zh_a_spot / 新浪
300882,万胜智能,14.1700000000,14.8600000000,45634923.0000000000,3177280.0000000000,-0.0464300000,0.4563492300,AKShare stock_zh_a_spot / 新浪
300883,龙利得,6.2900000000,6.3400000000,69583486.0000000000,11066600.0000000000,-0.0078900000,0.6958348600,AKShare stock_zh_a_spot / 新浪
300884,狄耐克,12.2500000000,12.8300000000,85945508.0000000000,6901600.0000000000,-0.0452100000,0.8594550800,AKShare stock_zh_a_spot / 新浪
300885,海昌新材,19.6600000000,21.4100000000,99531277.0000000000,4953346.0000000000,-0.0817400000,0.9953127700,AKShare stock_zh_a_spot / 新浪
300886,华业香料,24.2100000000,24.9600000000,65905755.0000000000,2714200.0000000000,-0.0300500000,0.6590575500,AKShare stock_zh_a_spot / 新浪
300887,谱尼测试,6.9000000000,7.3100000000,95166342.0000000000,13583945.0000000000,-0.0560900000,0.9516634200,AKShare stock_zh_a_spot / 新浪
300888,稳健医疗,28.7500000000,29.1000000000,78432763.0000000000,2720558.0000000000,-0.0120300000,0.7843276300,AKShare stock_zh_a_spot / 新浪
300889,爱克股份,20.8600000000,22.1500000000,109310997.0000000000,5119500.0000000000,-0.0582400000,1.0931099700,AKShare stock_zh_a_spot / 新浪
300890,翔丰华,26.0600000000,26.8000000000,103603955.0000000000,3936723.0000000000,-0.0276100000,1.0360395500,AKShare stock_zh_a_spot / 新浪
300891,惠云钛业,7.0800000000,7.2600000000,43859871.0000000000,6132414.0000000000,-0.0247900000,0.4385987100,AKShare stock_zh_a_spot / 新浪
300892,品渥食品,22.9500000000,24.0500000000,75412879.0000000000,3232638.0000000000,-0.0457400000,0.7541287900,AKShare stock_zh_a_spot / 新浪
300893,松原安全,15.2400000000,15.9800000000,50003520.0000000000,3251498.0000000000,-0.0463100000,0.5000352000,AKShare stock_zh_a_spot / 新浪
300894,火星人,11.0700000000,11.9000000000,128819183.0000000000,11383207.0000000000,-0.0697500000,1.2881918300,AKShare stock_zh_a_spot / 新浪
300895,铜牛信息,54.0200000000,60.6300000000,595446411.0000000000,10676330.0000000000,-0.1090200000,5.9544641100,AKShare stock_zh_a_spot / 新浪
300896,爱美客,94.3000000000,97.4500000000,358587586.0000000000,3760544.0000000000,-0.0323200000,3.5858758600,AKShare stock_zh_a_spot / 新浪
300897,山科智能,15.4000000000,16.0300000000,47443435.0000000000,3039350.0000000000,-0.0393000000,0.4744343500,AKShare stock_zh_a_spot / 新浪
300898,熊猫乳品,21.1700000000,22.0700000000,72744076.0000000000,3367100.0000000000,-0.0407800000,0.7274407600,AKShare stock_zh_a_spot / 新浪
300899,上海凯鑫,28.1000000000,28.9900000000,18479050.0000000000,652800.0000000000,-0.0307000000,0.1847905000,AKShare stock_zh_a_spot / 新浪
300900,广联航空,22.6800000000,25.6300000000,1056469246.0000000000,44012782.0000000000,-0.1151000000,10.5646924600,AKShare stock_zh_a_spot / 新浪
300901,中胤时尚,17.0900000000,18.0300000000,136131499.0000000000,7947649.0000000000,-0.0521400000,1.3613149900,AKShare stock_zh_a_spot / 新浪
300902,国安达,16.1800000000,17.2700000000,89908636.0000000000,5458180.0000000000,-0.0631200000,0.8990863600,AKShare stock_zh_a_spot / 新浪
300903,科翔股份,73.0100000000,84.3200000000,2838393689.0000000000,36920381.0000000000,-0.1341300000,28.3839368900,AKShare stock_zh_a_spot / 新浪
300904,威力传动,40.2000000000,42.0800000000,29521518.0000000000,726900.0000000000,-0.0446800000,0.2952151800,AKShare stock_zh_a_spot / 新浪
300905,宝丽迪,36.4900000000,39.2000000000,361965877.0000000000,9519780.0000000000,-0.0691300000,3.6196587700,AKShare stock_zh_a_spot / 新浪
300906,日月明,28.9300000000,28.4100000000,63632850.0000000000,2201594.0000000000,0.0183000000,0.6363285000,AKShare stock_zh_a_spot / 新浪
300907,康平科技,49.0400000000,52.5600000000,216155045.0000000000,4334500.0000000000,-0.0669700000,2.1615504500,AKShare stock_zh_a_spot / 新浪
300908,仲景食品,24.6300000000,26.7800000000,145651787.0000000000,5744443.0000000000,-0.0802800000,1.4565178700,AKShare stock_zh_a_spot / 新浪
300909,汇创达,53.3500000000,57.9500000000,479695225.0000000000,8737050.0000000000,-0.0793800000,4.7969522500,AKShare stock_zh_a_spot / 新浪
300910,瑞丰新材,26.4600000000,27.0000000000,150398214.0000000000,5660733.0000000000,-0.0200000000,1.5039821400,AKShare stock_zh_a_spot / 新浪
300911,亿田智能,26.6600000000,22.2200000000,820474754.0000000000,33159923.0000000000,0.1998200000,8.2047475400,AKShare stock_zh_a_spot / 新浪
300912,凯龙高科,19.3100000000,21.3400000000,131111488.0000000000,6598619.0000000000,-0.0951300000,1.3111148800,AKShare stock_zh_a_spot / 新浪
300913,兆龙互连,34.0200000000,36.7300000000,269546633.0000000000,7716898.0000000000,-0.0737800000,2.6954663300,AKShare stock_zh_a_spot / 新浪
300915,海融科技,20.1000000000,20.8900000000,23697025.0000000000,1160820.0000000000,-0.0378200000,0.2369702500,AKShare stock_zh_a_spot / 新浪
300916,朗特智能,24.8900000000,25.7400000000,225243131.0000000000,8747981.0000000000,-0.0330200000,2.2524313100,AKShare stock_zh_a_spot / 新浪
300917,特发服务,26.6200000000,26.3600000000,553550866.0000000000,19935754.0000000000,0.0098600000,5.5355086600,AKShare stock_zh_a_spot / 新浪
300918,南山智尚,10.0200000000,10.7400000000,77321639.0000000000,7554945.0000000000,-0.0670400000,0.7732163900,AKShare stock_zh_a_spot / 新浪
300919,中伟新材,39.7700000000,40.7900000000,400476407.0000000000,9965748.0000000000,-0.0250100000,4.0047640700,AKShare stock_zh_a_spot / 新浪
300920,润阳科技,32.6600000000,36.0200000000,111402131.0000000000,3292421.0000000000,-0.0932800000,1.1140213100,AKShare stock_zh_a_spot / 新浪
300921,南凌科技,14.9500000000,15.9500000000,107834798.0000000000,7076258.0000000000,-0.0627000000,1.0783479800,AKShare stock_zh_a_spot / 新浪
300922,天秦装备,16.7600000000,17.5300000000,80309116.0000000000,4726423.0000000000,-0.0439200000,0.8030911600,AKShare stock_zh_a_spot / 新浪
300923,研奥股份,24.1800000000,25.9000000000,49769859.0000000000,2006500.0000000000,-0.0664100000,0.4976985900,AKShare stock_zh_a_spot / 新浪
300925,法本信息,14.1100000000,14.8400000000,118252669.0000000000,8237218.0000000000,-0.0491900000,1.1825266900,AKShare stock_zh_a_spot / 新浪
300926,博俊科技,17.4500000000,18.2000000000,76398683.0000000000,4324442.0000000000,-0.0412100000,0.7639868300,AKShare stock_zh_a_spot / 新浪
300927,江天化学,24.2300000000,22.6500000000,332382323.0000000000,13967063.0000000000,0.0697600000,3.3238232300,AKShare stock_zh_a_spot / 新浪
300928,华安鑫创,24.9800000000,25.8200000000,34755100.0000000000,1382300.0000000000,-0.0325300000,0.3475510000,AKShare stock_zh_a_spot / 新浪
300929,华骐环保,15.1800000000,17.3300000000,200205222.0000000000,12649988.0000000000,-0.1240600000,2.0020522200,AKShare stock_zh_a_spot / 新浪
300930,屹通新材,24.7400000000,25.9500000000,31704798.0000000000,1261400.0000000000,-0.0466300000,0.3170479800,AKShare stock_zh_a_spot / 新浪
300931,通用电梯,15.1100000000,15.4000000000,221798454.0000000000,14506048.0000000000,-0.0188300000,2.2179845400,AKShare stock_zh_a_spot / 新浪
300932,三友联众,10.4800000000,11.0100000000,146499788.0000000000,13809320.0000000000,-0.0481400000,1.4649978800,AKShare stock_zh_a_spot / 新浪
300933,中辰股份,6.2400000000,6.5700000000,57648024.0000000000,9115577.0000000000,-0.0502300000,0.5764802400,AKShare stock_zh_a_spot / 新浪
300935,盈建科,30.6300000000,32.5500000000,86542842.0000000000,2782458.0000000000,-0.0589900000,0.8654284200,AKShare stock_zh_a_spot / 新浪
300936,中英科技,80.1100000000,87.6500000000,292736420.0000000000,3573248.0000000000,-0.0860200000,2.9273642000,AKShare stock_zh_a_spot / 新浪
300937,药易购,27.7000000000,29.8300000000,239173035.0000000000,8368207.0000000000,-0.0714000000,2.3917303500,AKShare stock_zh_a_spot / 新浪
300938,信测标准,28.0000000000,30.6100000000,393938640.0000000000,13646094.0000000000,-0.0852700000,3.9393864000,AKShare stock_zh_a_spot / 新浪
300939,秋田微,62.9100000000,67.6900000000,305425914.0000000000,4779408.0000000000,-0.0706200000,3.0542591400,AKShare stock_zh_a_spot / 新浪
300940,南极光,13.3900000000,14.0800000000,54324662.0000000000,4001775.0000000000,-0.0490100000,0.5432466200,AKShare stock_zh_a_spot / 新浪
300941,创识科技,14.2100000000,15.2300000000,104458630.0000000000,7186477.0000000000,-0.0669700000,1.0445863000,AKShare stock_zh_a_spot / 新浪
300942,易瑞生物,6.6000000000,6.7500000000,43685127.0000000000,6585592.0000000000,-0.0222200000,0.4368512700,AKShare stock_zh_a_spot / 新浪
300943,春晖智控,29.9000000000,34.2300000000,511938347.0000000000,16431367.0000000000,-0.1265000000,5.1193834700,AKShare stock_zh_a_spot / 新浪
300945,曼卡龙,11.9800000000,12.2900000000,113099310.0000000000,9333100.0000000000,-0.0252200000,1.1309931000,AKShare stock_zh_a_spot / 新浪
300946,恒而达,36.1100000000,39.8500000000,72337957.0000000000,1947870.0000000000,-0.0938500000,0.7233795700,AKShare stock_zh_a_spot / 新浪
300947,德必集团,13.9500000000,14.2400000000,85199474.0000000000,5965400.0000000000,-0.0203700000,0.8519947400,AKShare stock_zh_a_spot / 新浪
300948,冠中生态,21.0200000000,22.0100000000,87303198.0000000000,4088700.0000000000,-0.0449800000,0.8730319800,AKShare stock_zh_a_spot / 新浪
300949,奥雅股份,21.9600000000,22.7100000000,20363912.0000000000,923306.0000000000,-0.0330300000,0.2036391200,AKShare stock_zh_a_spot / 新浪
300950,德固特,16.1800000000,16.9400000000,28955943.0000000000,1758300.0000000000,-0.0448600000,0.2895594300,AKShare stock_zh_a_spot / 新浪
300951,博硕科技,67.7400000000,75.1300000000,587657945.0000000000,8250239.0000000000,-0.0983600000,5.8765794500,AKShare stock_zh_a_spot / 新浪
300952,恒辉安防,15.8800000000,17.3700000000,92610500.0000000000,5672560.0000000000,-0.0857800000,0.9261050000,AKShare stock_zh_a_spot / 新浪
300953,震裕科技,98.2200000000,109.3000000000,846376663.0000000000,8343639.0000000000,-0.1013700000,8.4637666300,AKShare stock_zh_a_spot / 新浪
300955,嘉亨家化,30.5000000000,33.0000000000,62757521.0000000000,2009799.0000000000,-0.0757600000,0.6275752100,AKShare stock_zh_a_spot / 新浪
300956,英力股份,10.8500000000,11.3700000000,51437081.0000000000,4654455.0000000000,-0.0457300000,0.5143708100,AKShare stock_zh_a_spot / 新浪
300957,贝泰妮,30.8400000000,32.1100000000,239465570.0000000000,7656346.0000000000,-0.0395500000,2.3946557000,AKShare stock_zh_a_spot / 新浪
300958,建工修复,11.7500000000,12.0500000000,33857105.0000000000,2874500.0000000000,-0.0249000000,0.3385710500,AKShare stock_zh_a_spot / 新浪
300959,线上线下,92.6100000000,101.3700000000,301038846.0000000000,3160731.0000000000,-0.0864200000,3.0103884600,AKShare stock_zh_a_spot / 新浪
300960,通业科技,15.8800000000,16.4000000000,23804026.0000000000,1484420.0000000000,-0.0317100000,0.2380402600,AKShare stock_zh_a_spot / 新浪
300961,深水海纳,11.4300000000,12.0600000000,52501397.0000000000,4548820.0000000000,-0.0522400000,0.5250139700,AKShare stock_zh_a_spot / 新浪
300962,中金辐照,12.7800000000,13.3700000000,61491408.0000000000,4739400.0000000000,-0.0441300000,0.6149140800,AKShare stock_zh_a_spot / 新浪
300963,中洲特材,11.0800000000,11.7700000000,105573860.0000000000,9355440.0000000000,-0.0586200000,1.0557386000,AKShare stock_zh_a_spot / 新浪
300964,本川智能,55.6500000000,60.8800000000,259935841.0000000000,4525000.0000000000,-0.0859100000,2.5993584100,AKShare stock_zh_a_spot / 新浪
300965,恒宇信通,43.1700000000,46.4000000000,41640310.0000000000,945782.0000000000,-0.0696100000,0.4164031000,AKShare stock_zh_a_spot / 新浪
300966,共同药业,25.7000000000,26.7700000000,64977389.0000000000,2498998.0000000000,-0.0399700000,0.6497738900,AKShare stock_zh_a_spot / 新浪
300967,晓鸣股份,17.2300000000,16.8800000000,315032735.0000000000,17919106.0000000000,0.0207300000,3.1503273500,AKShare stock_zh_a_spot / 新浪
300968,格林精密,10.1100000000,10.9300000000,117716672.0000000000,11405724.0000000000,-0.0750200000,1.1771667200,AKShare stock_zh_a_spot / 新浪
300969,恒帅股份,70.8000000000,79.5600000000,231705731.0000000000,3160796.0000000000,-0.1101100000,2.3170573100,AKShare stock_zh_a_spot / 新浪
300970,华绿生物,22.5300000000,21.6600000000,888216016.0000000000,38481051.0000000000,0.0401700000,8.8821601600,AKShare stock_zh_a_spot / 新浪
300971,博亚精工,18.5200000000,19.1500000000,42326454.0000000000,2259200.0000000000,-0.0329000000,0.4232645400,AKShare stock_zh_a_spot / 新浪
300972,万辰集团,199.6800000000,200.7100000000,279881474.0000000000,1406065.0000000000,-0.0051300000,2.7988147400,AKShare stock_zh_a_spot / 新浪
300973,立高食品,24.7100000000,26.7800000000,187898392.0000000000,7416382.0000000000,-0.0773000000,1.8789839200,AKShare stock_zh_a_spot / 新浪
300975,商络电子,25.3200000000,28.2000000000,1366886242.0000000000,52301758.0000000000,-0.1021300000,13.6688624200,AKShare stock_zh_a_spot / 新浪
300976,达瑞电子,53.2200000000,58.8000000000,333953403.0000000000,6036253.0000000000,-0.0949000000,3.3395340300,AKShare stock_zh_a_spot / 新浪
300977,深圳瑞捷,15.7400000000,16.0800000000,27053629.0000000000,1700900.0000000000,-0.0211400000,0.2705362900,AKShare stock_zh_a_spot / 新浪
300978,东箭科技,8.4000000000,8.7500000000,33777242.0000000000,3978200.0000000000,-0.0400000000,0.3377724200,AKShare stock_zh_a_spot / 新浪
300979,华利集团,34.5400000000,34.5100000000,108054080.0000000000,3128838.0000000000,0.0008700000,1.0805408000,AKShare stock_zh_a_spot / 新浪
300980,祥源新材,21.4100000000,23.2200000000,111546926.0000000000,5074296.0000000000,-0.0779500000,1.1154692600,AKShare stock_zh_a_spot / 新浪
300981,中红医疗,14.3500000000,15.1200000000,156096119.0000000000,10701525.0000000000,-0.0509300000,1.5609611900,AKShare stock_zh_a_spot / 新浪
300982,苏文电能,14.6300000000,15.2200000000,45752063.0000000000,3085300.0000000000,-0.0387600000,0.4575206300,AKShare stock_zh_a_spot / 新浪
300983,尤安设计,39.6200000000,40.0200000000,44299811.0000000000,1130490.0000000000,-0.0100000000,0.4429981100,AKShare stock_zh_a_spot / 新浪
300984,金沃股份,30.4700000000,35.3600000000,161848210.0000000000,5073451.0000000000,-0.1382900000,1.6184821000,AKShare stock_zh_a_spot / 新浪
300985,致远新能,39.9000000000,41.2000000000,257207255.0000000000,6438517.0000000000,-0.0315500000,2.5720725500,AKShare stock_zh_a_spot / 新浪
300986,志特新材,11.8800000000,12.8800000000,492124321.0000000000,40347169.0000000000,-0.0776400000,4.9212432100,AKShare stock_zh_a_spot / 新浪
300987,川网传媒,13.0900000000,13.5800000000,45085745.0000000000,3416500.0000000000,-0.0360800000,0.4508574500,AKShare stock_zh_a_spot / 新浪
300988,津荣天宇,14.1300000000,14.8800000000,61865378.0000000000,4301537.0000000000,-0.0504000000,0.6186537800,AKShare stock_zh_a_spot / 新浪
300989,蕾奥规划,13.0600000000,13.9100000000,68727278.0000000000,5162700.0000000000,-0.0611100000,0.6872727800,AKShare stock_zh_a_spot / 新浪
300990,同飞股份,67.6600000000,75.3300000000,471416552.0000000000,6726964.0000000000,-0.1018200000,4.7141655200,AKShare stock_zh_a_spot / 新浪
300991,创益通,27.2100000000,29.2900000000,66723492.0000000000,2400840.0000000000,-0.0710100000,0.6672349200,AKShare stock_zh_a_spot / 新浪
300992,泰福泵业,23.7300000000,25.0200000000,33893588.0000000000,1408900.0000000000,-0.0515600000,0.3389358800,AKShare stock_zh_a_spot / 新浪
300993,玉马科技,9.8000000000,10.0100000000,22049545.0000000000,2238000.0000000000,-0.0209800000,0.2204954500,AKShare stock_zh_a_spot / 新浪
300994,久祺股份,11.0600000000,11.2800000000,19154936.0000000000,1725900.0000000000,-0.0195000000,0.1915493600,AKShare stock_zh_a_spot / 新浪
300995,奇德新材,25.4000000000,26.9100000000,39647657.0000000000,1540300.0000000000,-0.0561100000,0.3964765700,AKShare stock_zh_a_spot / 新浪
300996,普联软件,14.7000000000,16.1800000000,748078028.0000000000,49441478.0000000000,-0.0914700000,7.4807802800,AKShare stock_zh_a_spot / 新浪
300997,欢乐家,17.1200000000,18.3100000000,218856352.0000000000,12411972.0000000000,-0.0649900000,2.1885635200,AKShare stock_zh_a_spot / 新浪
300998,宁波方正,25.5600000000,26.6700000000,96699903.0000000000,3763000.0000000000,-0.0416200000,0.9669990300,AKShare stock_zh_a_spot / 新浪
300999,金龙鱼,25.4600000000,25.6300000000,475580568.0000000000,18506768.0000000000,-0.0066300000,4.7558056800,AKShare stock_zh_a_spot / 新浪
301000,肇民科技,23.4400000000,25.8600000000,124425924.0000000000,5149789.0000000000,-0.0935800000,1.2442592400,AKShare stock_zh_a_spot / 新浪
301001,凯淳股份,23.1400000000,24.1500000000,28177937.0000000000,1205300.0000000000,-0.0418200000,0.2817793700,AKShare stock_zh_a_spot / 新浪
301002,崧盛股份,29.1500000000,31.0400000000,258069122.0000000000,8724400.0000000000,-0.0608900000,2.5806912200,AKShare stock_zh_a_spot / 新浪
301003,江苏博云,53.9200000000,56.2000000000,154486456.0000000000,2832870.0000000000,-0.0405700000,1.5448645600,AKShare stock_zh_a_spot / 新浪
301004,嘉益股份,33.8100000000,34.0300000000,47190041.0000000000,1356863.0000000000,-0.0064600000,0.4719004100,AKShare stock_zh_a_spot / 新浪
301005,超捷股份,83.8500000000,89.2900000000,2523027930.0000000000,27834762.0000000000,-0.0609300000,25.2302793000,AKShare stock_zh_a_spot / 新浪
301006,迈拓股份,13.3400000000,13.7700000000,17707876.0000000000,1313700.0000000000,-0.0312300000,0.1770787600,AKShare stock_zh_a_spot / 新浪
301007,德迈仕,26.0000000000,28.5800000000,145171078.0000000000,5470999.0000000000,-0.0902700000,1.4517107800,AKShare stock_zh_a_spot / 新浪
301008,宏昌科技,41.7900000000,42.7800000000,697123303.0000000000,16582365.0000000000,-0.0231400000,6.9712330300,AKShare stock_zh_a_spot / 新浪
301009,可靠股份,8.8400000000,9.1200000000,23831061.0000000000,2671800.0000000000,-0.0307000000,0.2383106100,AKShare stock_zh_a_spot / 新浪
301010,晶雪节能,16.9500000000,17.5300000000,22693468.0000000000,1324800.0000000000,-0.0330900000,0.2269346800,AKShare stock_zh_a_spot / 新浪
301011,华立科技,14.5900000000,15.2000000000,33078145.0000000000,2242000.0000000000,-0.0401300000,0.3307814500,AKShare stock_zh_a_spot / 新浪
301012,扬电科技,24.0000000000,25.7000000000,227717168.0000000000,9282006.0000000000,-0.0661500000,2.2771716800,AKShare stock_zh_a_spot / 新浪
301013,利和兴,42.0100000000,48.6800000000,1334897724.0000000000,29940913.0000000000,-0.1370200000,13.3489772400,AKShare stock_zh_a_spot / 新浪
301015,百洋医药,26.0000000000,26.7800000000,423293233.0000000000,15916555.0000000000,-0.0291300000,4.2329323300,AKShare stock_zh_a_spot / 新浪
301016,雷尔伟,11.6200000000,12.5300000000,51641614.0000000000,4352880.0000000000,-0.0726300000,0.5164161400,AKShare stock_zh_a_spot / 新浪
301017,漱玉平民,13.0800000000,13.7500000000,116163344.0000000000,8704952.0000000000,-0.0487300000,1.1616334400,AKShare stock_zh_a_spot / 新浪
301018,申菱环境,86.8000000000,96.7900000000,1712759982.0000000000,19134685.0000000000,-0.1032100000,17.1275998200,AKShare stock_zh_a_spot / 新浪
301019,宁波色母,14.7100000000,15.0900000000,44600351.0000000000,2969452.0000000000,-0.0251800000,0.4460035100,AKShare stock_zh_a_spot / 新浪
301020,密封科技,20.3800000000,21.3400000000,47674638.0000000000,2311100.0000000000,-0.0449900000,0.4767463800,AKShare stock_zh_a_spot / 新浪
301021,英诺激光,72.0200000000,80.7500000000,1018645177.0000000000,13528517.0000000000,-0.1081100000,10.1864517700,AKShare stock_zh_a_spot / 新浪
301022,海泰科,22.3700000000,23.4000000000,40865879.0000000000,1785416.0000000000,-0.0440200000,0.4086587900,AKShare stock_zh_a_spot / 新浪
301023,奕帆传动,28.5500000000,30.9500000000,60385289.0000000000,2068936.0000000000,-0.0775400000,0.6038528900,AKShare stock_zh_a_spot / 新浪
301024,霍普股份,30.7000000000,31.9700000000,30130859.0000000000,968914.0000000000,-0.0397200000,0.3013085900,AKShare stock_zh_a_spot / 新浪
301025,读客文化,9.0700000000,9.3800000000,152261540.0000000000,16480864.0000000000,-0.0330500000,1.5226154000,AKShare stock_zh_a_spot / 新浪
301026,浩通科技,21.2000000000,22.2500000000,198893170.0000000000,9220736.0000000000,-0.0471900000,1.9889317000,AKShare stock_zh_a_spot / 新浪
301027,华蓝集团,19.3400000000,20.7200000000,109111101.0000000000,5526864.0000000000,-0.0666000000,1.0911110100,AKShare stock_zh_a_spot / 新浪
301028,鼎熔岩,12.3000000000,13.1200000000,72131614.0000000000,5746478.0000000000,-0.0625000000,0.7213161400,AKShare stock_zh_a_spot / 新浪
301029,怡合达,24.8300000000,26.9400000000,313546050.0000000000,12336221.0000000000,-0.0783200000,3.1354605000,AKShare stock_zh_a_spot / 新浪
301031,中熔电气,88.4700000000,93.7600000000,202839430.0000000000,2255227.0000000000,-0.0564200000,2.0283943000,AKShare stock_zh_a_spot / 新浪
301032,新柴股份,9.8700000000,10.0800000000,37296231.0000000000,3768000.0000000000,-0.0208300000,0.3729623100,AKShare stock_zh_a_spot / 新浪
301033,迈普医学,56.0600000000,57.8500000000,74299462.0000000000,1299909.0000000000,-0.0309400000,0.7429946200,AKShare stock_zh_a_spot / 新浪
301035,润丰股份,52.8600000000,53.4900000000,73691352.0000000000,1387670.0000000000,-0.0117800000,0.7369135200,AKShare stock_zh_a_spot / 新浪
301036,双乐股份,21.8200000000,22.3600000000,17561812.0000000000,799423.0000000000,-0.0241500000,0.1756181200,AKShare stock_zh_a_spot / 新浪
301037,保立佳,12.7200000000,12.9800000000,21734279.0000000000,1697280.0000000000,-0.0200300000,0.2173427900,AKShare stock_zh_a_spot / 新浪
301038,深水规院,15.6300000000,16.3200000000,34933883.0000000000,2209700.0000000000,-0.0422800000,0.3493388300,AKShare stock_zh_a_spot / 新浪
301039,中集车辆,8.0300000000,7.9000000000,185083149.0000000000,23164299.0000000000,0.0164600000,1.8508314900,AKShare stock_zh_a_spot / 新浪
301040,中环海陆,25.7300000000,27.7500000000,83067381.0000000000,3145600.0000000000,-0.0727900000,0.8306738100,AKShare stock_zh_a_spot / 新浪
301041,金百泽,24.6800000000,26.6800000000,100745065.0000000000,3976804.0000000000,-0.0749600000,1.0074506500,AKShare stock_zh_a_spot / 新浪
301042,安联锐视,32.3300000000,34.7300000000,182260980.0000000000,5514823.0000000000,-0.0691000000,1.8226098000,AKShare stock_zh_a_spot / 新浪
301043,绿岛风,41.6100000000,44.4000000000,35458226.0000000000,837400.0000000000,-0.0628400000,0.3545822600,AKShare stock_zh_a_spot / 新浪
301045,天禄科技,65.7000000000,73.3100000000,375849823.0000000000,5514581.0000000000,-0.1038100000,3.7584982300,AKShare stock_zh_a_spot / 新浪
301046,能辉科技,20.5600000000,21.2600000000,102262872.0000000000,4890171.0000000000,-0.0329300000,1.0226287200,AKShare stock_zh_a_spot / 新浪
301047,义翘神州,111.8800000000,121.3100000000,1614629110.0000000000,14208715.0000000000,-0.0777300000,16.1462911000,AKShare stock_zh_a_spot / 新浪
301048,金鹰重工,9.0000000000,9.0500000000,39239824.0000000000,4338300.0000000000,-0.0055200000,0.3923982400,AKShare stock_zh_a_spot / 新浪
301049,超越科技,19.4100000000,19.9500000000,18155354.0000000000,925394.0000000000,-0.0270700000,0.1815535400,AKShare stock_zh_a_spot / 新浪
301050,雷电微力,30.1300000000,31.8100000000,140905813.0000000000,4592183.0000000000,-0.0528100000,1.4090581300,AKShare stock_zh_a_spot / 新浪
301051,信濠光电,19.9100000000,22.1300000000,284374681.0000000000,13804244.0000000000,-0.1003200000,2.8437468100,AKShare stock_zh_a_spot / 新浪
301052,果麦文化,22.7000000000,24.2200000000,91605533.0000000000,3957300.0000000000,-0.0627600000,0.9160553300,AKShare stock_zh_a_spot / 新浪
301053,远信工业,41.5000000000,42.2500000000,158984277.0000000000,3826264.0000000000,-0.0177500000,1.5898427700,AKShare stock_zh_a_spot / 新浪
301055,张小泉,28.7500000000,31.1500000000,107672907.0000000000,3650199.0000000000,-0.0770500000,1.0767290700,AKShare stock_zh_a_spot / 新浪
301056,森赫股份,10.8800000000,11.3400000000,26533890.0000000000,2400017.0000000000,-0.0405600000,0.2653389000,AKShare stock_zh_a_spot / 新浪
301057,汇隆新材,21.0100000000,22.3000000000,40709217.0000000000,1907700.0000000000,-0.0578500000,0.4070921700,AKShare stock_zh_a_spot / 新浪
301058,中粮科工,8.5700000000,9.1300000000,150920466.0000000000,17266800.0000000000,-0.0613400000,1.5092046600,AKShare stock_zh_a_spot / 新浪
301059,金三江,11.1500000000,11.4400000000,28072921.0000000000,2491448.0000000000,-0.0253500000,0.2807292100,AKShare stock_zh_a_spot / 新浪
301060,兰卫医学,11.4000000000,12.5900000000,546464365.0000000000,45995773.0000000000,-0.0945200000,5.4646436500,AKShare stock_zh_a_spot / 新浪
301061,匠心家居,35.0800000000,34.6600000000,177545036.0000000000,4970721.0000000000,0.0121200000,1.7754503600,AKShare stock_zh_a_spot / 新浪
301062,上海艾录,6.5300000000,6.8100000000,73019285.0000000000,11028832.0000000000,-0.0411200000,0.7301928500,AKShare stock_zh_a_spot / 新浪
301063,海锅股份,17.5700000000,18.0700000000,22695520.0000000000,1278752.0000000000,-0.0276700000,0.2269552000,AKShare stock_zh_a_spot / 新浪
301065,本立科技,18.8900000000,19.2700000000,33124978.0000000000,1738283.0000000000,-0.0197200000,0.3312497800,AKShare stock_zh_a_spot / 新浪
301066,万事利,11.8700000000,12.3400000000,47369882.0000000000,3974839.0000000000,-0.0380900000,0.4736988200,AKShare stock_zh_a_spot / 新浪
301067,显盈科技,29.2100000000,31.8100000000,102470977.0000000000,3412300.0000000000,-0.0817400000,1.0247097700,AKShare stock_zh_a_spot / 新浪
301068,大地海洋,28.3500000000,28.7500000000,42955192.0000000000,1540470.0000000000,-0.0139100000,0.4295519200,AKShare stock_zh_a_spot / 新浪
301069,凯盛新材,16.1400000000,16.9900000000,126565628.0000000000,7708741.0000000000,-0.0500300000,1.2656562800,AKShare stock_zh_a_spot / 新浪
301070,开勒股份,62.4000000000,69.2500000000,262672625.0000000000,4061665.0000000000,-0.0989200000,2.6267262500,AKShare stock_zh_a_spot / 新浪
301071,力量钻石,59.7600000000,64.6000000000,1172809059.0000000000,19188859.0000000000,-0.0749200000,11.7280905900,AKShare stock_zh_a_spot / 新浪
301072,中捷精工,41.8200000000,43.2900000000,139753987.0000000000,3301900.0000000000,-0.0339600000,1.3975398700,AKShare stock_zh_a_spot / 新浪
301073,君亭酒店,17.5500000000,18.3200000000,68241457.0000000000,3840046.0000000000,-0.0420300000,0.6824145700,AKShare stock_zh_a_spot / 新浪
301075,多瑞医药,52.1600000000,55.8200000000,52635741.0000000000,988716.0000000000,-0.0655700000,0.5263574100,AKShare stock_zh_a_spot / 新浪
301076,新瀚新材,20.4500000000,22.4900000000,115360344.0000000000,5499793.0000000000,-0.0907100000,1.1536034400,AKShare stock_zh_a_spot / 新浪
301077,星华新材,21.1100000000,22.3400000000,90568538.0000000000,4204929.0000000000,-0.0550600000,0.9056853800,AKShare stock_zh_a_spot / 新浪
301078,孩子王,6.9800000000,7.3400000000,225357395.0000000000,31954400.0000000000,-0.0490500000,2.2535739500,AKShare stock_zh_a_spot / 新浪
301079,邵阳液压,27.7200000000,30.1300000000,142707595.0000000000,4989913.0000000000,-0.0799900000,1.4270759500,AKShare stock_zh_a_spot / 新浪
301080,百普赛斯,85.7500000000,91.4500000000,1923794054.0000000000,22221670.0000000000,-0.0623300000,19.2379405400,AKShare stock_zh_a_spot / 新浪
301081,严牌股份,11.9500000000,12.5200000000,42562364.0000000000,3510946.0000000000,-0.0455300000,0.4256236400,AKShare stock_zh_a_spot / 新浪
301082,久盛电气,9.4600000000,10.1100000000,97450153.0000000000,10098876.0000000000,-0.0642900000,0.9745015300,AKShare stock_zh_a_spot / 新浪
301083,百胜智能,13.6800000000,14.2900000000,25519447.0000000000,1838700.0000000000,-0.0426900000,0.2551944700,AKShare stock_zh_a_spot / 新浪
301085,亚康股份,65.1200000000,63.9500000000,690381927.0000000000,10579182.0000000000,0.0183000000,6.9038192700,AKShare stock_zh_a_spot / 新浪
301086,鸿富瀚,117.5000000000,130.0500000000,532208862.0000000000,4333483.0000000000,-0.0965000000,5.3220886200,AKShare stock_zh_a_spot / 新浪
301087,可孚医疗,48.5700000000,49.7400000000,79652046.0000000000,1626900.0000000000,-0.0235200000,0.7965204600,AKShare stock_zh_a_spot / 新浪
301088,戎美股份,12.4000000000,12.5800000000,21604737.0000000000,1743006.0000000000,-0.0143100000,0.2160473700,AKShare stock_zh_a_spot / 新浪
301089,拓新药业,25.5000000000,24.8200000000,299429297.0000000000,11368201.0000000000,0.0274000000,2.9942929700,AKShare stock_zh_a_spot / 新浪
301090,华润材料,6.4800000000,6.6500000000,46280827.0000000000,7089100.0000000000,-0.0255600000,0.4628082700,AKShare stock_zh_a_spot / 新浪
301091,深城交,18.0100000000,18.8000000000,106802465.0000000000,5864218.0000000000,-0.0420200000,1.0680246500,AKShare stock_zh_a_spot / 新浪
301092,争光股份,44.7000000000,48.5000000000,147457359.0000000000,3215936.0000000000,-0.0783500000,1.4745735900,AKShare stock_zh_a_spot / 新浪
301093,华兰股份,71.4100000000,80.0200000000,431612619.0000000000,5812908.0000000000,-0.1076000000,4.3161261900,AKShare stock_zh_a_spot / 新浪
301095,广立微,73.3200000000,79.2100000000,476607131.0000000000,6322556.0000000000,-0.0743600000,4.7660713100,AKShare stock_zh_a_spot / 新浪
301096,百诚医药,48.7700000000,50.7500000000,106664238.0000000000,2157305.0000000000,-0.0390100000,1.0666423800,AKShare stock_zh_a_spot / 新浪
301097,天益医疗,34.8400000000,35.3500000000,34865021.0000000000,982124.0000000000,-0.0144300000,0.3486502100,AKShare stock_zh_a_spot / 新浪
301098,金埔园林,8.3100000000,8.6800000000,78087116.0000000000,9303207.0000000000,-0.0426300000,0.7808711600,AKShare stock_zh_a_spot / 新浪
301099,雅创电子,48.7300000000,53.4000000000,358151592.0000000000,7163213.0000000000,-0.0874500000,3.5815159200,AKShare stock_zh_a_spot / 新浪
301100,风光股份,15.8500000000,16.4800000000,23351811.0000000000,1455200.0000000000,-0.0382300000,0.2335181100,AKShare stock_zh_a_spot / 新浪
301101,明月镜片,28.7700000000,29.6800000000,52259127.0000000000,1801185.0000000000,-0.0306600000,0.5225912700,AKShare stock_zh_a_spot / 新浪
301102,兆讯传媒,9.3800000000,9.7600000000,18129139.0000000000,1901815.0000000000,-0.0389300000,0.1812913900,AKShare stock_zh_a_spot / 新浪
301103,何氏眼科,16.5100000000,16.8700000000,37417169.0000000000,2254797.0000000000,-0.0213400000,0.3741716900,AKShare stock_zh_a_spot / 新浪
301105,鸿铭股份,45.4700000000,47.8100000000,21911046.0000000000,476400.0000000000,-0.0489400000,0.2191104600,AKShare stock_zh_a_spot / 新浪
301106,骏成科技,25.4200000000,21.1800000000,525340142.0000000000,22751298.0000000000,0.2001900000,5.2534014200,AKShare stock_zh_a_spot / 新浪
301107,瑜欣电子,19.8800000000,20.9600000000,69451143.0000000000,3373225.0000000000,-0.0515300000,0.6945114300,AKShare stock_zh_a_spot / 新浪
301108,洁雅股份,35.4100000000,37.7700000000,56222891.0000000000,1550909.0000000000,-0.0624800000,0.5622289100,AKShare stock_zh_a_spot / 新浪
301109,军信股份,13.3700000000,13.4900000000,46901422.0000000000,3501480.0000000000,-0.0089000000,0.4690142200,AKShare stock_zh_a_spot / 新浪
301110,青木科技,34.1500000000,36.8100000000,136935488.0000000000,3912420.0000000000,-0.0722600000,1.3693548800,AKShare stock_zh_a_spot / 新浪
301111,粤万年青,22.6600000000,23.8500000000,345785274.0000000000,15184523.0000000000,-0.0499000000,3.4578527400,AKShare stock_zh_a_spot / 新浪
301112,信邦智能,29.8600000000,32.7800000000,56776626.0000000000,1841100.0000000000,-0.0890800000,0.5677662600,AKShare stock_zh_a_spot / 新浪
301113,雅艺科技,16.2000000000,16.6100000000,23809445.0000000000,1455997.0000000000,-0.0246800000,0.2380944500,AKShare stock_zh_a_spot / 新浪
301115,联检科技,30.2200000000,34.0500000000,257559425.0000000000,8275399.0000000000,-0.1124800000,2.5755942500,AKShare stock_zh_a_spot / 新浪
301116,益客食品,9.4100000000,9.8100000000,154662016.0000000000,16021666.0000000000,-0.0407700000,1.5466201600,AKShare stock_zh_a_spot / 新浪
301117,佳缘科技,17.7900000000,19.4600000000,186631421.0000000000,10209781.0000000000,-0.0858200000,1.8663142100,AKShare stock_zh_a_spot / 新浪
301118,恒光股份,22.0800000000,22.9600000000,58825764.0000000000,2640850.0000000000,-0.0383300000,0.5882576400,AKShare stock_zh_a_spot / 新浪
301119,正强股份,20.7400000000,22.1200000000,38212832.0000000000,1811550.0000000000,-0.0623900000,0.3821283200,AKShare stock_zh_a_spot / 新浪
301120,新特电气,14.6900000000,15.5800000000,134180377.0000000000,8986380.0000000000,-0.0571200000,1.3418037700,AKShare stock_zh_a_spot / 新浪
301121,紫建电子,33.5500000000,36.2000000000,40738139.0000000000,1183060.0000000000,-0.0732000000,0.4073813900,AKShare stock_zh_a_spot / 新浪
301122,采纳股份,33.2000000000,35.1700000000,107821701.0000000000,3188900.0000000000,-0.0560100000,1.0782170100,AKShare stock_zh_a_spot / 新浪
301123,奕东电子,71.7300000000,79.1100000000,741325616.0000000000,9947151.0000000000,-0.0932900000,7.4132561600,AKShare stock_zh_a_spot / 新浪
301125,腾亚精工,11.7900000000,13.1000000000,60169552.0000000000,4956740.0000000000,-0.1000000000,0.6016955200,AKShare stock_zh_a_spot / 新浪
301126,达嘉维康,9.8700000000,10.1300000000,48026178.0000000000,4807200.0000000000,-0.0256700000,0.4802617800,AKShare stock_zh_a_spot / 新浪
301127,武汉天源,18.5600000000,19.4100000000,793136203.0000000000,42124007.0000000000,-0.0437900000,7.9313620300,AKShare stock_zh_a_spot / 新浪
301128,强瑞技术,106.8700000000,118.2000000000,647240473.0000000000,5836162.0000000000,-0.0958500000,6.4724047300,AKShare stock_zh_a_spot / 新浪
301129,瑞纳智能,24.2600000000,26.4600000000,255294883.0000000000,10463782.0000000000,-0.0831400000,2.5529488300,AKShare stock_zh_a_spot / 新浪
301130,西点药业,33.3800000000,27.8200000000,531752815.0000000000,16621199.0000000000,0.1998600000,5.3175281500,AKShare stock_zh_a_spot / 新浪
301131,聚赛龙,33.2100000000,34.2800000000,31847805.0000000000,952261.0000000000,-0.0312100000,0.3184780500,AKShare stock_zh_a_spot / 新浪
301132,满坤科技,35.6300000000,38.3800000000,228821280.0000000000,6261393.0000000000,-0.0716500000,2.2882128000,AKShare stock_zh_a_spot / 新浪
301133,金钟股份,27.0000000000,30.6000000000,110381653.0000000000,3942160.0000000000,-0.1176500000,1.1038165300,AKShare stock_zh_a_spot / 新浪
301135,瑞德智能,16.3900000000,16.9700000000,29287977.0000000000,1778040.0000000000,-0.0341800000,0.2928797700,AKShare stock_zh_a_spot / 新浪
301136,招标股份,11.0700000000,11.5900000000,68111245.0000000000,6057392.0000000000,-0.0448700000,0.6811124500,AKShare stock_zh_a_spot / 新浪
301137,哈焊华通,31.8400000000,34.2300000000,164240338.0000000000,5047932.0000000000,-0.0698200000,1.6424033800,AKShare stock_zh_a_spot / 新浪
301138,华研精机,26.1400000000,27.4400000000,24192065.0000000000,911600.0000000000,-0.0473800000,0.2419206500,AKShare stock_zh_a_spot / 新浪
301141,中科磁业,40.7100000000,42.8200000000,106939385.0000000000,2591691.0000000000,-0.0492800000,1.0693938500,AKShare stock_zh_a_spot / 新浪
301148,嘉戎技术,50.8000000000,52.2600000000,53523721.0000000000,1049580.0000000000,-0.0279400000,0.5352372100,AKShare stock_zh_a_spot / 新浪
301149,隆华新材,7.7300000000,8.0100000000,51265032.0000000000,6549670.0000000000,-0.0349600000,0.5126503200,AKShare stock_zh_a_spot / 新浪
301150,中一科技,38.1000000000,41.0000000000,576479587.0000000000,14711753.0000000000,-0.0707300000,5.7647958700,AKShare stock_zh_a_spot / 新浪
301151,冠龙节能,15.8100000000,16.9700000000,72962663.0000000000,4511914.0000000000,-0.0683600000,0.7296266300,AKShare stock_zh_a_spot / 新浪
301152,天力锂能,18.8600000000,19.6900000000,70074671.0000000000,3653753.0000000000,-0.0421500000,0.7007467100,AKShare stock_zh_a_spot / 新浪
301153,中科江南,16.4100000000,17.2200000000,64771275.0000000000,3880862.0000000000,-0.0470400000,0.6477127500,AKShare stock_zh_a_spot / 新浪
301155,海力风电,43.9400000000,45.5500000000,211511932.0000000000,4695527.0000000000,-0.0353500000,2.1151193200,AKShare stock_zh_a_spot / 新浪
301156,美农生物,12.1400000000,12.8800000000,210358746.0000000000,17579449.0000000000,-0.0574500000,2.1035874600,AKShare stock_zh_a_spot / 新浪
301157,华塑科技,60.3600000000,63.5900000000,52074726.0000000000,847600.0000000000,-0.0507900000,0.5207472600,AKShare stock_zh_a_spot / 新浪
301158,德石股份,15.6600000000,16.4700000000,235682815.0000000000,14739680.0000000000,-0.0491800000,2.3568281500,AKShare stock_zh_a_spot / 新浪
301159,三维天地,31.3200000000,33.4900000000,88404846.0000000000,2782500.0000000000,-0.0648000000,0.8840484600,AKShare stock_zh_a_spot / 新浪
301160,翔楼新材,41.6500000000,46.5500000000,290335471.0000000000,6727690.0000000000,-0.1052600000,2.9033547100,AKShare stock_zh_a_spot / 新浪
301161,唯万密封,27.5200000000,29.7300000000,123447032.0000000000,4344912.0000000000,-0.0743400000,1.2344703200,AKShare stock_zh_a_spot / 新浪
301162,国能日新,36.3500000000,40.3600000000,172556818.0000000000,4602074.0000000000,-0.0993600000,1.7255681800,AKShare stock_zh_a_spot / 新浪
301163,宏德股份,22.8900000000,23.5100000000,24583536.0000000000,1069000.0000000000,-0.0263700000,0.2458353600,AKShare stock_zh_a_spot / 新浪
301165,锐捷网络,121.8200000000,136.9900000000,3794028179.0000000000,29741000.0000000000,-0.1107400000,37.9402817900,AKShare stock_zh_a_spot / 新浪
301166,优宁维,28.3800000000,29.3000000000,44640935.0000000000,1556800.0000000000,-0.0314000000,0.4464093500,AKShare stock_zh_a_spot / 新浪
301167,建研设计,13.7500000000,14.0900000000,29047913.0000000000,2101000.0000000000,-0.0241300000,0.2904791300,AKShare stock_zh_a_spot / 新浪
301168,通灵股份,40.8900000000,42.2700000000,54131662.0000000000,1308775.0000000000,-0.0326500000,0.5413166200,AKShare stock_zh_a_spot / 新浪
301169,零点有数,50.5500000000,55.1000000000,86780583.0000000000,1678007.0000000000,-0.0825800000,0.8678058300,AKShare stock_zh_a_spot / 新浪
301170,锡南科技,22.5800000000,23.1600000000,20118057.0000000000,886500.0000000000,-0.0250400000,0.2011805700,AKShare stock_zh_a_spot / 新浪
301171,易点天下,35.5800000000,37.7000000000,1800186150.0000000000,50001098.0000000000,-0.0562300000,18.0018615000,AKShare stock_zh_a_spot / 新浪
301172,君逸数码,17.3700000000,18.5300000000,87368916.0000000000,4962252.0000000000,-0.0626000000,0.8736891600,AKShare stock_zh_a_spot / 新浪
301173,毓恬冠佳,31.3600000000,32.3200000000,20249460.0000000000,640164.0000000000,-0.0297000000,0.2024946000,AKShare stock_zh_a_spot / 新浪
301175,中科环保,5.3600000000,5.4200000000,75232922.0000000000,13973058.0000000000,-0.0110700000,0.7523292200,AKShare stock_zh_a_spot / 新浪
301176,逸豪新材,45.7700000000,50.4500000000,277446271.0000000000,5875572.0000000000,-0.0927700000,2.7744627100,AKShare stock_zh_a_spot / 新浪
301177,迪阿股份,21.8900000000,22.8300000000,20435762.0000000000,921126.0000000000,-0.0411700000,0.2043576200,AKShare stock_zh_a_spot / 新浪
301178,天亿马,35.1400000000,37.5000000000,83037640.0000000000,2316760.0000000000,-0.0629300000,0.8303764000,AKShare stock_zh_a_spot / 新浪
301179,泽宇智能,19.6700000000,20.4400000000,72755746.0000000000,3659347.0000000000,-0.0376700000,0.7275574600,AKShare stock_zh_a_spot / 新浪
301180,万祥科技,11.2000000000,11.8100000000,38731872.0000000000,3403419.0000000000,-0.0516500000,0.3873187200,AKShare stock_zh_a_spot / 新浪
301181,标榜股份,22.2200000000,23.0100000000,47872288.0000000000,2129202.0000000000,-0.0343300000,0.4787228800,AKShare stock_zh_a_spot / 新浪
301182,凯旺科技,65.5600000000,73.1300000000,234985025.0000000000,3470863.0000000000,-0.1035100000,2.3498502500,AKShare stock_zh_a_spot / 新浪
301183,东田微,205.3800000000,217.5300000000,1181368338.0000000000,5575016.0000000000,-0.0558500000,11.8136833800,AKShare stock_zh_a_spot / 新浪
301185,鸥玛软件,16.0000000000,16.5600000000,25835270.0000000000,1600800.0000000000,-0.0338200000,0.2583527000,AKShare stock_zh_a_spot / 新浪
301186,超达装备,34.1000000000,35.8600000000,54070762.0000000000,1557361.0000000000,-0.0490800000,0.5407076200,AKShare stock_zh_a_spot / 新浪
301187,欧圣电气,14.5600000000,15.1600000000,30133416.0000000000,2047167.0000000000,-0.0395800000,0.3013341600,AKShare stock_zh_a_spot / 新浪
301188,力诺药包,38.8200000000,45.3600000000,1023827011.0000000000,25166454.0000000000,-0.1441800000,10.2382701100,AKShare stock_zh_a_spot / 新浪
301189,奥尼电子,50.3300000000,54.9000000000,280673611.0000000000,5477127.0000000000,-0.0832400000,2.8067361100,AKShare stock_zh_a_spot / 新浪
301190,善水科技,19.2500000000,18.4100000000,262609402.0000000000,13869294.0000000000,0.0456300000,2.6260940200,AKShare stock_zh_a_spot / 新浪
301191,菲菱科思,88.9000000000,99.4000000000,488995833.0000000000,5287432.0000000000,-0.1056300000,4.8899583300,AKShare stock_zh_a_spot / 新浪
301192,泰祥股份,19.5300000000,20.1700000000,22319655.0000000000,1130711.0000000000,-0.0317300000,0.2231965500,AKShare stock_zh_a_spot / 新浪
301193,家联科技,17.7000000000,18.2600000000,56594803.0000000000,3165510.0000000000,-0.0306700000,0.5659480300,AKShare stock_zh_a_spot / 新浪
301195,北路智控,26.1400000000,26.9000000000,27035269.0000000000,1029573.0000000000,-0.0282500000,0.2703526900,AKShare stock_zh_a_spot / 新浪
301196,唯科科技,80.5200000000,91.5000000000,782822688.0000000000,9243989.0000000000,-0.1200000000,7.8282268800,AKShare stock_zh_a_spot / 新浪
301197,工大科雅,23.6500000000,25.2000000000,61778719.0000000000,2563400.0000000000,-0.0615100000,0.6177871900,AKShare stock_zh_a_spot / 新浪
301198,喜悦智行,11.9300000000,12.4200000000,38176751.0000000000,3146960.0000000000,-0.0394500000,0.3817675100,AKShare stock_zh_a_spot / 新浪
301199,迈赫股份,17.4500000000,19.1400000000,51925470.0000000000,2891559.0000000000,-0.0883000000,0.5192547000,AKShare stock_zh_a_spot / 新浪
301200,大族数控,294.0100000000,309.0000000000,1902923495.0000000000,6215196.0000000000,-0.0485100000,19.0292349500,AKShare stock_zh_a_spot / 新浪
301201,诚达药业,35.5100000000,37.2300000000,301949166.0000000000,8335810.0000000000,-0.0462000000,3.0194916600,AKShare stock_zh_a_spot / 新浪
301202,朗威股份,36.4600000000,38.1700000000,167856304.0000000000,4396463.0000000000,-0.0448000000,1.6785630400,AKShare stock_zh_a_spot / 新浪
301203,国泰环保,33.2100000000,34.6900000000,20114161.0000000000,595402.0000000000,-0.0426600000,0.2011416100,AKShare stock_zh_a_spot / 新浪
301205,联特科技,264.0000000000,301.3000000000,2824162871.0000000000,10236438.0000000000,-0.1238000000,28.2416287100,AKShare stock_zh_a_spot / 新浪
301206,三元生物,24.0000000000,24.5600000000,57120213.0000000000,2353250.0000000000,-0.0228000000,0.5712021300,AKShare stock_zh_a_spot / 新浪
301207,华兰疫苗,17.4900000000,17.8300000000,75222449.0000000000,4292668.0000000000,-0.0190700000,0.7522244900,AKShare stock_zh_a_spot / 新浪
301208,中亦科技,29.2100000000,30.6300000000,45649144.0000000000,1535256.0000000000,-0.0463600000,0.4564914400,AKShare stock_zh_a_spot / 新浪
301209,联合化学,59.1900000000,61.6000000000,291039123.0000000000,4781885.0000000000,-0.0391200000,2.9103912300,AKShare stock_zh_a_spot / 新浪
301210,金杨精密,24.3200000000,26.4400000000,97334985.0000000000,3924694.0000000000,-0.0801800000,0.9733498500,AKShare stock_zh_a_spot / 新浪
301211,亨迪药业,14.5400000000,12.1200000000,804175800.0000000000,57187046.0000000000,0.1996700000,8.0417580000,AKShare stock_zh_a_spot / 新浪
301212,联盛化学,22.2000000000,23.0000000000,107035477.0000000000,4644526.0000000000,-0.0347800000,1.0703547700,AKShare stock_zh_a_spot / 新浪
301213,观想科技,42.8500000000,45.5000000000,67089249.0000000000,1541492.0000000000,-0.0582400000,0.6708924900,AKShare stock_zh_a_spot / 新浪
301215,中汽股份,5.0800000000,5.1900000000,44824984.0000000000,8780900.0000000000,-0.0211900000,0.4482498400,AKShare stock_zh_a_spot / 新浪
301216,万凯新材,16.4500000000,17.4300000000,232493071.0000000000,13883969.0000000000,-0.0562200000,2.3249307100,AKShare stock_zh_a_spot / 新浪
301217,铜冠铜箔,113.8800000000,124.2100000000,5147163998.0000000000,43689231.0000000000,-0.0831700000,51.4716399800,AKShare stock_zh_a_spot / 新浪
301218,华是科技,39.9900000000,45.4500000000,529138978.0000000000,12591064.0000000000,-0.1201300000,5.2913897800,AKShare stock_zh_a_spot / 新浪
301219,腾远钴业,46.8900000000,48.6900000000,332131537.0000000000,7016432.0000000000,-0.0369700000,3.3213153700,AKShare stock_zh_a_spot / 新浪
301220,亚香股份,27.0500000000,28.8500000000,40861802.0000000000,1483300.0000000000,-0.0623900000,0.4086180200,AKShare stock_zh_a_spot / 新浪
301221,光庭信息,27.5500000000,28.9500000000,44508987.0000000000,1590774.0000000000,-0.0483600000,0.4450898700,AKShare stock_zh_a_spot / 新浪
301222,浙江恒威,23.7200000000,25.1500000000,45275321.0000000000,1878500.0000000000,-0.0568600000,0.4527532100,AKShare stock_zh_a_spot / 新浪
301223,中荣股份,16.3000000000,16.7800000000,17492900.0000000000,1062400.0000000000,-0.0286100000,0.1749290000,AKShare stock_zh_a_spot / 新浪
301225,恒勃股份,55.0000000000,62.5400000000,184641574.0000000000,3235269.0000000000,-0.1205600000,1.8464157400,AKShare stock_zh_a_spot / 新浪
301226,祥明智能,28.6900000000,30.8000000000,64724676.0000000000,2215000.0000000000,-0.0685100000,0.6472467600,AKShare stock_zh_a_spot / 新浪
301227,森鹰窗业,27.4700000000,27.4500000000,92341273.0000000000,3380680.0000000000,0.0007300000,0.9234127300,AKShare stock_zh_a_spot / 新浪
301228,实朴检测,55.6900000000,61.3000000000,179849065.0000000000,3136400.0000000000,-0.0915200000,1.7984906500,AKShare stock_zh_a_spot / 新浪
301229,纽泰格,11.7300000000,12.2600000000,70278276.0000000000,5923880.0000000000,-0.0432300000,0.7027827600,AKShare stock_zh_a_spot / 新浪
301230,泓博医药,34.2000000000,36.9600000000,579353610.0000000000,16489619.0000000000,-0.0746800000,5.7935361000,AKShare stock_zh_a_spot / 新浪
301231,荣信文化,27.2000000000,28.9500000000,150515426.0000000000,5369792.0000000000,-0.0604500000,1.5051542600,AKShare stock_zh_a_spot / 新浪
301232,飞沃科技,117.4400000000,115.5000000000,2043400509.0000000000,17445434.0000000000,0.0168000000,20.4340050900,AKShare stock_zh_a_spot / 新浪
301233,盛帮股份,32.4900000000,33.9000000000,25104652.0000000000,764750.0000000000,-0.0415900000,0.2510465200,AKShare stock_zh_a_spot / 新浪
301234,五洲医疗,90.1600000000,95.0000000000,271194243.0000000000,2921537.0000000000,-0.0509500000,2.7119424300,AKShare stock_zh_a_spot / 新浪
301235,华康洁净,44.1700000000,49.0000000000,637248924.0000000000,14111654.0000000000,-0.0985700000,6.3724892400,AKShare stock_zh_a_spot / 新浪
301236,软通动力,37.2900000000,39.9000000000,1148893579.0000000000,30268441.0000000000,-0.0654100000,11.4889357900,AKShare stock_zh_a_spot / 新浪
301237,和顺科技,53.0200000000,57.2800000000,78776251.0000000000,1444800.0000000000,-0.0743700000,0.7877625100,AKShare stock_zh_a_spot / 新浪
301238,瑞泰新材,15.9000000000,16.5400000000,151397612.0000000000,9353030.0000000000,-0.0386900000,1.5139761200,AKShare stock_zh_a_spot / 新浪
301239,普瑞眼科,34.2500000000,35.2300000000,80805749.0000000000,2355224.0000000000,-0.0278200000,0.8080574900,AKShare stock_zh_a_spot / 新浪
301246,宏源药业,20.9300000000,21.4500000000,170888188.0000000000,8048826.0000000000,-0.0242400000,1.7088818800,AKShare stock_zh_a_spot / 新浪
301248,杰创智能,59.3100000000,66.3400000000,432959799.0000000000,7046500.0000000000,-0.1059700000,4.3295979900,AKShare stock_zh_a_spot / 新浪
301251,威尔高,49.2900000000,48.6000000000,772179036.0000000000,15386427.0000000000,0.0142000000,7.7217903600,AKShare stock_zh_a_spot / 新浪
301252,同星科技,32.0400000000,34.2200000000,135434733.0000000000,4183525.0000000000,-0.0637100000,1.3543473300,AKShare stock_zh_a_spot / 新浪
301255,通力科技,19.9800000000,21.1600000000,25725584.0000000000,1272100.0000000000,-0.0557700000,0.2572558400,AKShare stock_zh_a_spot / 新浪
301256,华融化学,10.0800000000,10.4200000000,38491557.0000000000,3781100.0000000000,-0.0326300000,0.3849155700,AKShare stock_zh_a_spot / 新浪
301257,普蕊斯,48.4000000000,51.6000000000,231535264.0000000000,4679337.0000000000,-0.0620200000,2.3153526400,AKShare stock_zh_a_spot / 新浪
301258,富士莱,25.8700000000,26.4800000000,28762317.0000000000,1106999.0000000000,-0.0230400000,0.2876231700,AKShare stock_zh_a_spot / 新浪
301259,艾布鲁,22.8000000000,24.0300000000,145010388.0000000000,6187403.0000000000,-0.0511900000,1.4501038800,AKShare stock_zh_a_spot / 新浪
301260,格力博,13.1800000000,13.9900000000,42212284.0000000000,3156885.0000000000,-0.0579000000,0.4221228400,AKShare stock_zh_a_spot / 新浪
301261,恒工精密,54.8500000000,60.4900000000,173495404.0000000000,3070963.0000000000,-0.0932400000,1.7349540400,AKShare stock_zh_a_spot / 新浪
301262,海看股份,18.8600000000,20.2000000000,179734135.0000000000,9391919.0000000000,-0.0663400000,1.7973413500,AKShare stock_zh_a_spot / 新浪
301263,泰恩康,19.6700000000,20.7100000000,157593850.0000000000,7874558.0000000000,-0.0502200000,1.5759385000,AKShare stock_zh_a_spot / 新浪
301265,华新科技,19.6400000000,21.0000000000,233246312.0000000000,11775445.0000000000,-0.0647600000,2.3324631200,AKShare stock_zh_a_spot / 新浪
301266,宇邦新材,21.5300000000,22.0000000000,120028008.0000000000,5413506.0000000000,-0.0213600000,1.2002800800,AKShare stock_zh_a_spot / 新浪
301267,华厦眼科,15.8300000000,16.0700000000,59832058.0000000000,3775965.0000000000,-0.0149300000,0.5983205800,AKShare stock_zh_a_spot / 新浪
301268,铭利达,12.9600000000,13.5800000000,38134970.0000000000,2920060.0000000000,-0.0456600000,0.3813497000,AKShare stock_zh_a_spot / 新浪
301269,华大九天,97.0100000000,101.7200000000,859241969.0000000000,8771155.0000000000,-0.0463000000,8.5924196900,AKShare stock_zh_a_spot / 新浪
301270,汉仪股份,31.2500000000,32.9400000000,99163342.0000000000,3128238.0000000000,-0.0513100000,0.9916334200,AKShare stock_zh_a_spot / 新浪
301272,英华特,33.8100000000,34.7700000000,27300384.0000000000,800513.0000000000,-0.0276100000,0.2730038400,AKShare stock_zh_a_spot / 新浪
301273,瑞晨环保,40.4200000000,42.6600000000,199162134.0000000000,4912949.0000000000,-0.0525100000,1.9916213400,AKShare stock_zh_a_spot / 新浪
301275,汉朔科技,41.2700000000,42.2900000000,240013702.0000000000,5772670.0000000000,-0.0241200000,2.4001370200,AKShare stock_zh_a_spot / 新浪
301276,嘉曼服饰,20.4400000000,21.4200000000,51401054.0000000000,2466503.0000000000,-0.0457500000,0.5140105400,AKShare stock_zh_a_spot / 新浪
301277,新天地,11.5400000000,10.8100000000,236182932.0000000000,20575034.0000000000,0.0675300000,2.3618293200,AKShare stock_zh_a_spot / 新浪
301278,快可电子,26.8300000000,28.0200000000,41078448.0000000000,1512140.0000000000,-0.0424700000,0.4107844800,AKShare stock_zh_a_spot / 新浪
301279,金道科技,19.7700000000,21.1400000000,45336424.0000000000,2239948.0000000000,-0.0648100000,0.4533642400,AKShare stock_zh_a_spot / 新浪
301280,珠城科技,41.3700000000,43.7300000000,86046446.0000000000,2053276.0000000000,-0.0539700000,0.8604644600,AKShare stock_zh_a_spot / 新浪
301281,科源制药,43.0100000000,44.6500000000,107151708.0000000000,2469375.0000000000,-0.0367300000,1.0715170800,AKShare stock_zh_a_spot / 新浪
301282,金禄电子,37.6600000000,39.0600000000,1409038005.0000000000,36374367.0000000000,-0.0358400000,14.0903800500,AKShare stock_zh_a_spot / 新浪
301283,聚胶股份,25.6000000000,26.5500000000,26943287.0000000000,1036410.0000000000,-0.0357800000,0.2694328700,AKShare stock_zh_a_spot / 新浪
301285,鸿日达,83.0000000000,90.2300000000,319636656.0000000000,3767893.0000000000,-0.0801300000,3.1963665600,AKShare stock_zh_a_spot / 新浪
301286,侨源股份,42.8000000000,45.4700000000,120513485.0000000000,2745759.0000000000,-0.0587200000,1.2051348500,AKShare stock_zh_a_spot / 新浪
301287,康力源,39.9900000000,40.4000000000,47269598.0000000000,1189729.0000000000,-0.0101500000,0.4726959800,AKShare stock_zh_a_spot / 新浪
301288,清研环境,16.8000000000,17.3300000000,20631779.0000000000,1219700.0000000000,-0.0305800000,0.2063177900,AKShare stock_zh_a_spot / 新浪
301289,国缆检测,42.4200000000,44.1800000000,22889718.0000000000,533575.0000000000,-0.0398400000,0.2288971800,AKShare stock_zh_a_spot / 新浪
301290,东星医疗,28.7000000000,29.4500000000,75301265.0000000000,2603100.0000000000,-0.0254700000,0.7530126500,AKShare stock_zh_a_spot / 新浪
301291,明阳电气,37.8700000000,41.2300000000,465820586.0000000000,11930010.0000000000,-0.0814900000,4.6582058600,AKShare stock_zh_a_spot / 新浪
301292,海科新源,68.1300000000,69.9000000000,809455300.0000000000,11616556.0000000000,-0.0253200000,8.0945530000,AKShare stock_zh_a_spot / 新浪
301293,三博脑科,51.9400000000,55.1000000000,466065417.0000000000,8804270.0000000000,-0.0573500000,4.6606541700,AKShare stock_zh_a_spot / 新浪
301295,美硕科技,39.2600000000,46.3200000000,197505159.0000000000,4793293.0000000000,-0.1524200000,1.9750515900,AKShare stock_zh_a_spot / 新浪
301296,新巨丰,6.3400000000,6.4500000000,17853540.0000000000,2814500.0000000000,-0.0170500000,0.1785354000,AKShare stock_zh_a_spot / 新浪
301297,富乐德,34.7100000000,37.3200000000,595110775.0000000000,16731670.0000000000,-0.0699400000,5.9511077500,AKShare stock_zh_a_spot / 新浪
301298,东利机械,12.5100000000,12.8300000000,20375708.0000000000,1622600.0000000000,-0.0249400000,0.2037570800,AKShare stock_zh_a_spot / 新浪
301299,卓创资讯,42.9900000000,44.1500000000,51279939.0000000000,1176305.0000000000,-0.0262700000,0.5127993900,AKShare stock_zh_a_spot / 新浪
301300,远翔新材,31.6200000000,32.9500000000,28345710.0000000000,893177.0000000000,-0.0403600000,0.2834571000,AKShare stock_zh_a_spot / 新浪
301301,川宁生物,8.9100000000,9.2500000000,228342638.0000000000,25260448.0000000000,-0.0367600000,2.2834263800,AKShare stock_zh_a_spot / 新浪
301302,华如科技,21.5800000000,23.3300000000,107569137.0000000000,4881550.0000000000,-0.0750100000,1.0756913700,AKShare stock_zh_a_spot / 新浪
301303,真兰仪表,13.6700000000,14.3800000000,61978104.0000000000,4458140.0000000000,-0.0493700000,0.6197810400,AKShare stock_zh_a_spot / 新浪
301305,朗坤科技,23.6900000000,24.9800000000,173080613.0000000000,7134440.0000000000,-0.0516400000,1.7308061300,AKShare stock_zh_a_spot / 新浪
301306,西测测试,89.2000000000,101.3000000000,856820305.0000000000,9175845.0000000000,-0.1194500000,8.5682030500,AKShare stock_zh_a_spot / 新浪
301307,美利信,50.5000000000,56.0300000000,463801017.0000000000,8841018.0000000000,-0.0987000000,4.6380101700,AKShare stock_zh_a_spot / 新浪
301308,江波龙,378.9800000000,412.1800000000,7076910839.0000000000,18388325.0000000000,-0.0805500000,70.7691083900,AKShare stock_zh_a_spot / 新浪
301309,万得凯,30.0100000000,31.2000000000,36331630.0000000000,1198500.0000000000,-0.0381400000,0.3633163000,AKShare stock_zh_a_spot / 新浪
301310,鑫宏业,51.2800000000,57.1000000000,409311538.0000000000,7674355.0000000000,-0.1019300000,4.0931153800,AKShare stock_zh_a_spot / 新浪
301311,昆船智能,13.0800000000,13.6200000000,33958528.0000000000,2566300.0000000000,-0.0396500000,0.3395852800,AKShare stock_zh_a_spot / 新浪
301312,智立方,67.4900000000,75.4500000000,480906374.0000000000,6854034.0000000000,-0.1055000000,4.8090637400,AKShare stock_zh_a_spot / 新浪
301313,凡拓数创,34.2400000000,37.7900000000,231859867.0000000000,6581502.0000000000,-0.0939400000,2.3185986700,AKShare stock_zh_a_spot / 新浪
301314,科瑞思,41.4400000000,43.9700000000,34865038.0000000000,822621.0000000000,-0.0575400000,0.3486503800,AKShare stock_zh_a_spot / 新浪
301315,威士顿,39.5200000000,42.3500000000,128169036.0000000000,3189673.0000000000,-0.0668200000,1.2816903600,AKShare stock_zh_a_spot / 新浪
301316,慧博云通,39.1000000000,42.5700000000,691352951.0000000000,17163132.0000000000,-0.0815100000,6.9135295100,AKShare stock_zh_a_spot / 新浪
301317,鑫磊股份,42.1700000000,45.5600000000,114115637.0000000000,2639368.0000000000,-0.0744100000,1.1411563700,AKShare stock_zh_a_spot / 新浪
301318,维海德,20.0500000000,20.7000000000,18178058.0000000000,900360.0000000000,-0.0314000000,0.1817805800,AKShare stock_zh_a_spot / 新浪
301319,唯特偶,110.3600000000,130.0000000000,2266276809.0000000000,19389046.0000000000,-0.1510800000,22.6627680900,AKShare stock_zh_a_spot / 新浪
301320,豪江智能,12.7200000000,13.2100000000,24687102.0000000000,1926100.0000000000,-0.0370900000,0.2468710200,AKShare stock_zh_a_spot / 新浪
301321,翰博高新,36.6400000000,40.2600000000,293339492.0000000000,7588696.0000000000,-0.0899200000,2.9333949200,AKShare stock_zh_a_spot / 新浪
301322,绿通科技,39.0700000000,41.9300000000,242932617.0000000000,6014480.0000000000,-0.0682100000,2.4293261700,AKShare stock_zh_a_spot / 新浪
301323,新莱福,70.3000000000,76.0000000000,127984607.0000000000,1777323.0000000000,-0.0750000000,1.2798460700,AKShare stock_zh_a_spot / 新浪
301325,曼恩斯特,29.1300000000,31.3300000000,54274215.0000000000,1824100.0000000000,-0.0702200000,0.5427421500,AKShare stock_zh_a_spot / 新浪
301326,捷邦科技,100.5100000000,111.2100000000,224068073.0000000000,2167029.0000000000,-0.0962100000,2.2406807300,AKShare stock_zh_a_spot / 新浪
301327,华宝新能,42.7300000000,44.1600000000,43414793.0000000000,1005722.0000000000,-0.0323800000,0.4341479300,AKShare stock_zh_a_spot / 新浪
301328,维峰电子,57.2700000000,64.5700000000,205248349.0000000000,3423649.0000000000,-0.1130600000,2.0524834900,AKShare stock_zh_a_spot / 新浪
301329,信音电子,19.0400000000,20.0100000000,75794697.0000000000,3935800.0000000000,-0.0484800000,0.7579469700,AKShare stock_zh_a_spot / 新浪
301330,熵基科技,23.6300000000,24.6400000000,49147676.0000000000,2060882.0000000000,-0.0409900000,0.4914767600,AKShare stock_zh_a_spot / 新浪
301331,恩威医药,22.3100000000,22.2200000000,58721686.0000000000,2624473.0000000000,0.0040500000,0.5872168600,AKShare stock_zh_a_spot / 新浪
301332,德尔玛,7.6600000000,7.8000000000,26236624.0000000000,3403678.0000000000,-0.0179500000,0.2623662400,AKShare stock_zh_a_spot / 新浪
301333,诺思格,58.6400000000,63.6800000000,200994739.0000000000,3332487.0000000000,-0.0791500000,2.0099473900,AKShare stock_zh_a_spot / 新浪
301335,天元宠物,21.6900000000,22.5500000000,62869288.0000000000,2823848.0000000000,-0.0381400000,0.6286928800,AKShare stock_zh_a_spot / 新浪
301336,趣睡科技,42.1300000000,42.7800000000,56072096.0000000000,1328742.0000000000,-0.0151900000,0.5607209600,AKShare stock_zh_a_spot / 新浪
301337,亚华电子,25.3300000000,26.2200000000,33402264.0000000000,1312900.0000000000,-0.0339400000,0.3340226400,AKShare stock_zh_a_spot / 新浪
301338,凯格精机,94.9300000000,105.9100000000,590082898.0000000000,5990369.0000000000,-0.1036700000,5.9008289800,AKShare stock_zh_a_spot / 新浪
301339,通行宝,10.8400000000,11.1600000000,52816364.0000000000,4834838.0000000000,-0.0286700000,0.5281636400,AKShare stock_zh_a_spot / 新浪
301345,涛涛车业,255.5800000000,270.6900000000,315331832.0000000000,1213461.0000000000,-0.0558200000,3.1533183200,AKShare stock_zh_a_spot / 新浪
301348,蓝箭电子,20.8000000000,22.1600000000,265505735.0000000000,12483010.0000000000,-0.0613700000,2.6550573500,AKShare stock_zh_a_spot / 新浪
301349,信德新材,42.8800000000,46.8600000000,225453847.0000000000,5080340.0000000000,-0.0849300000,2.2545384700,AKShare stock_zh_a_spot / 新浪
301353,普莱得,18.7700000000,19.2500000000,39447174.0000000000,2067897.0000000000,-0.0249400000,0.3944717400,AKShare stock_zh_a_spot / 新浪
301355,南王科技,9.9100000000,10.1300000000,22772044.0000000000,2289400.0000000000,-0.0217200000,0.2277204400,AKShare stock_zh_a_spot / 新浪
301356,天振股份,19.5300000000,19.8900000000,52632845.0000000000,2671440.0000000000,-0.0181000000,0.5263284500,AKShare stock_zh_a_spot / 新浪
301357,北方长龙,92.0000000000,102.0000000000,502242177.0000000000,5266218.0000000000,-0.0980400000,5.0224217700,AKShare stock_zh_a_spot / 新浪
301358,湖南裕能,71.5000000000,70.0500000000,2429435650.0000000000,33724881.0000000000,0.0207000000,24.2943565000,AKShare stock_zh_a_spot / 新浪
301359,东南电子,16.5000000000,16.9200000000,24465908.0000000000,1475200.0000000000,-0.0248200000,0.2446590800,AKShare stock_zh_a_spot / 新浪
301360,荣旗科技,50.6100000000,55.4300000000,98756739.0000000000,1890206.0000000000,-0.0869600000,0.9875673900,AKShare stock_zh_a_spot / 新浪
301361,众智科技,26.1600000000,27.7500000000,41944997.0000000000,1580400.0000000000,-0.0573000000,0.4194499700,AKShare stock_zh_a_spot / 新浪
301362,民爆光电,118.0500000000,137.0000000000,626658451.0000000000,5058580.0000000000,-0.1383200000,6.2665845100,AKShare stock_zh_a_spot / 新浪
301363,美好医疗,16.3800000000,18.5700000000,466485512.0000000000,27568331.0000000000,-0.1179300000,4.6648551200,AKShare stock_zh_a_spot / 新浪
301365,矩阵股份,37.4600000000,39.6900000000,135558900.0000000000,3561635.0000000000,-0.0561900000,1.3555890000,AKShare stock_zh_a_spot / 新浪
301366,一博科技,54.6600000000,57.7200000000,688362278.0000000000,12292401.0000000000,-0.0530100000,6.8836227800,AKShare stock_zh_a_spot / 新浪
301367,瑞迈特,42.6800000000,45.0200000000,101723903.0000000000,2334750.0000000000,-0.0519800000,1.0172390300,AKShare stock_zh_a_spot / 新浪
301368,丰立智能,39.5900000000,44.0000000000,157254818.0000000000,3864584.0000000000,-0.1002300000,1.5725481800,AKShare stock_zh_a_spot / 新浪
301369,联动科技,132.8600000000,150.7500000000,430745220.0000000000,3105031.0000000000,-0.1186700000,4.3074522000,AKShare stock_zh_a_spot / 新浪
301370,国科恒泰,8.7900000000,9.0800000000,33810136.0000000000,3816800.0000000000,-0.0319400000,0.3381013600,AKShare stock_zh_a_spot / 新浪
301371,敷尔佳,26.1000000000,26.6200000000,111336468.0000000000,4234008.0000000000,-0.0195300000,1.1133646800,AKShare stock_zh_a_spot / 新浪
301372,科净源,29.2300000000,30.3100000000,39852452.0000000000,1350200.0000000000,-0.0356300000,0.3985245200,AKShare stock_zh_a_spot / 新浪
301373,凌玮科技,95.1000000000,108.0000000000,737395873.0000000000,7400693.0000000000,-0.1194400000,7.3739587300,AKShare stock_zh_a_spot / 新浪
301376,致欧科技,20.3000000000,20.6100000000,52376879.0000000000,2561400.0000000000,-0.0150400000,0.5237687900,AKShare stock_zh_a_spot / 新浪
301377,鼎泰高科,429.9300000000,471.0000000000,2002209031.0000000000,4559277.0000000000,-0.0872000000,20.0220903100,AKShare stock_zh_a_spot / 新浪
301378,通达海,24.5400000000,26.0000000000,59383018.0000000000,2384100.0000000000,-0.0561500000,0.5938301800,AKShare stock_zh_a_spot / 新浪
301379,天山电子,21.8300000000,24.3000000000,463224812.0000000000,20640090.0000000000,-0.1016500000,4.6322481200,AKShare stock_zh_a_spot / 新浪
301380,挖金客,31.4000000000,32.2200000000,78690984.0000000000,2532450.0000000000,-0.0254500000,0.7869098400,AKShare stock_zh_a_spot / 新浪
301381,赛维时代,22.7500000000,23.3600000000,136906552.0000000000,6009244.0000000000,-0.0261100000,1.3690655200,AKShare stock_zh_a_spot / 新浪
301382,蜂助手,41.8400000000,44.8000000000,676886973.0000000000,15895561.0000000000,-0.0660700000,6.7688697300,AKShare stock_zh_a_spot / 新浪
301383,天键股份,22.0600000000,22.7300000000,44377142.0000000000,2008500.0000000000,-0.0294800000,0.4437714200,AKShare stock_zh_a_spot / 新浪
301386,未来电器,19.9100000000,20.5300000000,21022176.0000000000,1047997.0000000000,-0.0302000000,0.2102217600,AKShare stock_zh_a_spot / 新浪
301387,光大同创,54.3500000000,60.5800000000,154607604.0000000000,2747879.0000000000,-0.1028400000,1.5460760400,AKShare stock_zh_a_spot / 新浪
301388,欣灵电气,23.4000000000,24.2400000000,20395931.0000000000,863700.0000000000,-0.0346500000,0.2039593100,AKShare stock_zh_a_spot / 新浪
301389,隆扬电子,53.0300000000,61.9900000000,1080948917.0000000000,19523122.0000000000,-0.1445400000,10.8094891700,AKShare stock_zh_a_spot / 新浪
301390,经纬股份,30.3400000000,31.0700000000,19941022.0000000000,653020.0000000000,-0.0235000000,0.1994102200,AKShare stock_zh_a_spot / 新浪
301391,卡莱特,46.8000000000,49.9400000000,59648444.0000000000,1254041.0000000000,-0.0628800000,0.5964844400,AKShare stock_zh_a_spot / 新浪
301392,汇成真空,159.4700000000,178.5300000000,737909736.0000000000,4461142.0000000000,-0.1067600000,7.3790973600,AKShare stock_zh_a_spot / 新浪
301393,昊帆生物,64.7000000000,68.9800000000,148267313.0000000000,2254976.0000000000,-0.0620500000,1.4826731300,AKShare stock_zh_a_spot / 新浪
301395,仁信新材,11.7900000000,13.4200000000,92196802.0000000000,7448276.0000000000,-0.1214600000,0.9219680200,AKShare stock_zh_a_spot / 新浪
301396,宏景科技,192.0200000000,213.5100000000,3343310239.0000000000,16865156.0000000000,-0.1006500000,33.4331023900,AKShare stock_zh_a_spot / 新浪
301397,溯联股份,26.1200000000,27.7400000000,140286143.0000000000,5251589.0000000000,-0.0584000000,1.4028614300,AKShare stock_zh_a_spot / 新浪
301398,星源卓镁,31.7800000000,34.6000000000,120886211.0000000000,3741962.0000000000,-0.0815000000,1.2088621100,AKShare stock_zh_a_spot / 新浪
301399,英特科技,16.6200000000,17.5400000000,46882560.0000000000,2770951.0000000000,-0.0524500000,0.4688256000,AKShare stock_zh_a_spot / 新浪
301408,华人健康,15.9000000000,16.5900000000,239054279.0000000000,14802880.0000000000,-0.0415900000,2.3905427900,AKShare stock_zh_a_spot / 新浪
301413,安培龙,62.9500000000,70.4000000000,441458586.0000000000,6745825.0000000000,-0.1058200000,4.4145858600,AKShare stock_zh_a_spot / 新浪
301418,协昌科技,36.5700000000,38.3000000000,62434311.0000000000,1684000.0000000000,-0.0451700000,0.6243431100,AKShare stock_zh_a_spot / 新浪
301419,阿莱德,36.2000000000,39.1900000000,394208197.0000000000,10532922.0000000000,-0.0762900000,3.9420819700,AKShare stock_zh_a_spot / 新浪
301421,波长光电,76.8000000000,82.5500000000,402603596.0000000000,5116329.0000000000,-0.0696500000,4.0260359600,AKShare stock_zh_a_spot / 新浪
301428,世纪恒通,27.9500000000,29.4200000000,85964635.0000000000,3028193.0000000000,-0.0499700000,0.8596463500,AKShare stock_zh_a_spot / 新浪
301429,森泰股份,17.0100000000,17.2800000000,20789425.0000000000,1214100.0000000000,-0.0156300000,0.2078942500,AKShare stock_zh_a_spot / 新浪
301439,泓淋电力,14.6300000000,15.3600000000,128110943.0000000000,8614280.0000000000,-0.0475300000,1.2811094300,AKShare stock_zh_a_spot / 新浪
301446,福事特,35.4800000000,37.6500000000,29357527.0000000000,812300.0000000000,-0.0576400000,0.2935752700,AKShare stock_zh_a_spot / 新浪
301448,开创电气,40.3800000000,43.5400000000,73670358.0000000000,1772837.0000000000,-0.0725800000,0.7367035800,AKShare stock_zh_a_spot / 新浪
301449,天溯计量,40.9300000000,43.7600000000,153069587.0000000000,3679391.0000000000,-0.0646700000,1.5306958700,AKShare stock_zh_a_spot / 新浪
301456,盘古智能,22.5200000000,23.3900000000,25465365.0000000000,1118200.0000000000,-0.0372000000,0.2546536500,AKShare stock_zh_a_spot / 新浪
301458,钧崴电子,37.6600000000,40.7800000000,297708175.0000000000,7728879.0000000000,-0.0765100000,2.9770817500,AKShare stock_zh_a_spot / 新浪
301459,丰茂股份,31.2100000000,34.8200000000,118543627.0000000000,3651414.0000000000,-0.1036800000,1.1854362700,AKShare stock_zh_a_spot / 新浪
301468,博盈特焊,33.3500000000,35.8900000000,156763272.0000000000,4600418.0000000000,-0.0707700000,1.5676327200,AKShare stock_zh_a_spot / 新浪
301469,恒达新材,27.7500000000,28.7200000000,32253119.0000000000,1155160.0000000000,-0.0337700000,0.3225311900,AKShare stock_zh_a_spot / 新浪
301479,弘景光电,48.4500000000,53.2500000000,159838001.0000000000,3198730.0000000000,-0.0901400000,1.5983800100,AKShare stock_zh_a_spot / 新浪
301486,致尚科技,163.5000000000,183.0000000000,1212537538.0000000000,7155129.0000000000,-0.1065600000,12.1253753800,AKShare stock_zh_a_spot / 新浪
301487,盟固利,15.8700000000,16.6100000000,151472247.0000000000,9382614.0000000000,-0.0445500000,1.5147224700,AKShare stock_zh_a_spot / 新浪
301488,豪恩汽电,96.1600000000,106.0400000000,178475043.0000000000,1793586.0000000000,-0.0931700000,1.7847504300,AKShare stock_zh_a_spot / 新浪
301489,思泉新材,102.2600000000,118.2300000000,923910866.0000000000,8597846.0000000000,-0.1350800000,9.2391086600,AKShare stock_zh_a_spot / 新浪
301491,汉桑科技,39.3100000000,40.6800000000,31848018.0000000000,798496.0000000000,-0.0336800000,0.3184801800,AKShare stock_zh_a_spot / 新浪
301498,乖宝宠物,39.2500000000,40.9300000000,197400757.0000000000,4947401.0000000000,-0.0410500000,1.9740075700,AKShare stock_zh_a_spot / 新浪
301499,维科精密,24.0900000000,25.4900000000,43164238.0000000000,1761500.0000000000,-0.0549200000,0.4316423800,AKShare stock_zh_a_spot / 新浪
301500,飞南资源,22.9100000000,23.9100000000,227707343.0000000000,9885079.0000000000,-0.0418200000,2.2770734300,AKShare stock_zh_a_spot / 新浪
301501,恒鑫生活,28.7000000000,30.5500000000,96273293.0000000000,3276239.0000000000,-0.0605600000,0.9627329300,AKShare stock_zh_a_spot / 新浪
301502,华阳智能,49.9000000000,54.2400000000,37376293.0000000000,731715.0000000000,-0.0800100000,0.3737629300,AKShare stock_zh_a_spot / 新浪
301503,智迪科技,21.5000000000,21.8400000000,19473794.0000000000,905224.0000000000,-0.0155700000,0.1947379400,AKShare stock_zh_a_spot / 新浪
301505,苏州规划,16.0400000000,16.7300000000,40477377.0000000000,2492259.0000000000,-0.0412400000,0.4047737700,AKShare stock_zh_a_spot / 新浪
301507,民生健康,13.1200000000,13.2300000000,81415460.0000000000,6115776.0000000000,-0.0083100000,0.8141546000,AKShare stock_zh_a_spot / 新浪
301508,中机认检,23.3200000000,23.9900000000,25678485.0000000000,1093800.0000000000,-0.0279300000,0.2567848500,AKShare stock_zh_a_spot / 新浪
301509,金凯生科,30.9000000000,32.1800000000,101430252.0000000000,3240836.0000000000,-0.0397800000,1.0143025200,AKShare stock_zh_a_spot / 新浪
301510,固高科技,25.8800000000,28.5700000000,320518847.0000000000,12020734.0000000000,-0.0941500000,3.2051884700,AKShare stock_zh_a_spot / 新浪
301511,德福科技,86.3600000000,98.6100000000,3296194755.0000000000,36632874.0000000000,-0.1242300000,32.9619475500,AKShare stock_zh_a_spot / 新浪
301512,智信精密,30.3700000000,31.8300000000,38483475.0000000000,1249272.0000000000,-0.0458700000,0.3848347500,AKShare stock_zh_a_spot / 新浪
301513,尚水智能,47.8800000000,50.9900000000,53661481.0000000000,1096420.0000000000,-0.0609900000,0.5366148100,AKShare stock_zh_a_spot / 新浪
301515,港通医疗,19.2100000000,19.6400000000,23137192.0000000000,1199500.0000000000,-0.0218900000,0.2313719200,AKShare stock_zh_a_spot / 新浪
301516,中远通,23.3100000000,22.5000000000,747939436.0000000000,31066374.0000000000,0.0360000000,7.4793943600,AKShare stock_zh_a_spot / 新浪
301517,陕西华达,38.0000000000,41.8400000000,200039117.0000000000,5056693.0000000000,-0.0917800000,2.0003911700,AKShare stock_zh_a_spot / 新浪
301518,长华化学,25.4200000000,26.5800000000,68605752.0000000000,2661313.0000000000,-0.0436400000,0.6860575200,AKShare stock_zh_a_spot / 新浪
301519,舜禹股份,11.8000000000,12.1100000000,29948217.0000000000,2514900.0000000000,-0.0256000000,0.2994821700,AKShare stock_zh_a_spot / 新浪
301520,万邦医药,77.1600000000,73.8600000000,1085819308.0000000000,13921901.0000000000,0.0446800000,10.8581930800,AKShare stock_zh_a_spot / 新浪
301522,上大股份,22.7700000000,23.6800000000,170861470.0000000000,7401100.0000000000,-0.0384300000,1.7086147000,AKShare stock_zh_a_spot / 新浪
301525,儒竞科技,39.2800000000,41.8100000000,56736222.0000000000,1418088.0000000000,-0.0605100000,0.5673622200,AKShare stock_zh_a_spot / 新浪
301526,国际复材,33.7900000000,37.3300000000,5258210070.0000000000,150668352.0000000000,-0.0948300000,52.5821007000,AKShare stock_zh_a_spot / 新浪
301528,多浦乐,52.9000000000,57.0200000000,135369684.0000000000,2497743.0000000000,-0.0722600000,1.3536968400,AKShare stock_zh_a_spot / 新浪
301529,福赛科技,88.0100000000,105.0000000000,551342224.0000000000,5953174.0000000000,-0.1618100000,5.5134222400,AKShare stock_zh_a_spot / 新浪
301531,春光集团,49.5100000000,54.0300000000,172205293.0000000000,3383897.0000000000,-0.0836600000,1.7220529300,AKShare stock_zh_a_spot / 新浪
301533,威马农机,26.8700000000,28.0100000000,40120204.0000000000,1477100.0000000000,-0.0407000000,0.4012020400,AKShare stock_zh_a_spot / 新浪
301535,浙江华远,14.3300000000,15.2600000000,39189732.0000000000,2677834.0000000000,-0.0609400000,0.3918973200,AKShare stock_zh_a_spot / 新浪
301536,星宸科技,115.6500000000,128.1800000000,1877852600.0000000000,15687358.0000000000,-0.0977500000,18.7785260000,AKShare stock_zh_a_spot / 新浪
301538,骏鼎达,38.0100000000,42.5100000000,193824693.0000000000,4975717.0000000000,-0.1058600000,1.9382469300,AKShare stock_zh_a_spot / 新浪
301539,宏鑫科技,14.4200000000,14.9300000000,18822406.0000000000,1291600.0000000000,-0.0341600000,0.1882240600,AKShare stock_zh_a_spot / 新浪
301548,崇德科技,60.7400000000,66.0200000000,114037376.0000000000,1825134.0000000000,-0.0799800000,1.1403737600,AKShare stock_zh_a_spot / 新浪
301550,斯菱智驱,75.4300000000,88.8500000000,1193412951.0000000000,15163999.0000000000,-0.1510400000,11.9341295100,AKShare stock_zh_a_spot / 新浪
301551,无线传媒,19.9300000000,20.6900000000,121800918.0000000000,6029585.0000000000,-0.0367300000,1.2180091800,AKShare stock_zh_a_spot / 新浪
301552,科力装备,24.6900000000,26.3100000000,63504244.0000000000,2543749.0000000000,-0.0615700000,0.6350424400,AKShare stock_zh_a_spot / 新浪
301555,惠柏新材,30.3800000000,32.2200000000,72515383.0000000000,2352900.0000000000,-0.0571100000,0.7251538300,AKShare stock_zh_a_spot / 新浪
301556,托普云农,61.7500000000,70.0100000000,291185317.0000000000,4491737.0000000000,-0.1179800000,2.9118531700,AKShare stock_zh_a_spot / 新浪
301557,常友科技,83.0300000000,84.6500000000,61140925.0000000000,733360.0000000000,-0.0191400000,0.6114092500,AKShare stock_zh_a_spot / 新浪
301558,三态股份,6.4000000000,6.6300000000,38531734.0000000000,5965300.0000000000,-0.0346900000,0.3853173400,AKShare stock_zh_a_spot / 新浪
301559,中集环科,12.7900000000,13.1400000000,25937953.0000000000,2015966.0000000000,-0.0266400000,0.2593795300,AKShare stock_zh_a_spot / 新浪
301560,众捷汽车,22.4000000000,23.9000000000,39556189.0000000000,1740700.0000000000,-0.0627600000,0.3955618900,AKShare stock_zh_a_spot / 新浪
301563,云汉芯城,122.9600000000,133.0000000000,267015657.0000000000,2118979.0000000000,-0.0754900000,2.6701565700,AKShare stock_zh_a_spot / 新浪
301565,中仑新材,19.3500000000,20.2200000000,92690419.0000000000,4703996.0000000000,-0.0430300000,0.9269041900,AKShare stock_zh_a_spot / 新浪
301566,达利凯普,24.9500000000,27.4600000000,653244546.0000000000,25329455.0000000000,-0.0914100000,6.5324454600,AKShare stock_zh_a_spot / 新浪
301567,贝隆精密,35.4500000000,37.4800000000,34239441.0000000000,947500.0000000000,-0.0541600000,0.3423944100,AKShare stock_zh_a_spot / 新浪
301568,思泰克,67.8000000000,74.0300000000,255077336.0000000000,3667237.0000000000,-0.0841600000,2.5507733600,AKShare stock_zh_a_spot / 新浪
301571,国科天成,66.3800000000,70.4500000000,290638229.0000000000,4296512.0000000000,-0.0577700000,2.9063822900,AKShare stock_zh_a_spot / 新浪
301575,艾芬达,26.4600000000,26.9900000000,21907737.0000000000,822840.0000000000,-0.0196400000,0.2190773700,AKShare stock_zh_a_spot / 新浪
301577,美信科技,54.0200000000,57.5900000000,71164441.0000000000,1293400.0000000000,-0.0619900000,0.7116444100,AKShare stock_zh_a_spot / 新浪
301578,辰奕智能,22.4800000000,23.3500000000,27463812.0000000000,1207318.0000000000,-0.0372600000,0.2746381200,AKShare stock_zh_a_spot / 新浪
301580,爱迪特,50.4400000000,54.7700000000,305675387.0000000000,5881469.0000000000,-0.0790600000,3.0567538700,AKShare stock_zh_a_spot / 新浪
301581,黄山谷捷,36.6400000000,37.8700000000,27543945.0000000000,748800.0000000000,-0.0324800000,0.2754394500,AKShare stock_zh_a_spot / 新浪
301583,托伦斯,137.5000000000,161.1200000000,1505909522.0000000000,10472418.0000000000,-0.1466000000,15.0590952200,AKShare stock_zh_a_spot / 新浪
301584,建发致新,22.8500000000,23.6800000000,110778272.0000000000,4784055.0000000000,-0.0350500000,1.1077827200,AKShare stock_zh_a_spot / 新浪
301585,蓝宇股份,26.5600000000,27.5100000000,19125074.0000000000,711920.0000000000,-0.0345300000,0.1912507400,AKShare stock_zh_a_spot / 新浪
301586,佳力奇,30.6800000000,31.8700000000,27072404.0000000000,873300.0000000000,-0.0373400000,0.2707240400,AKShare stock_zh_a_spot / 新浪
301587,中瑞股份,20.5300000000,21.4100000000,58235744.0000000000,2804413.0000000000,-0.0411000000,0.5823574400,AKShare stock_zh_a_spot / 新浪
301588,美新科技,28.0000000000,32.4500000000,282594673.0000000000,9521017.0000000000,-0.1371300000,2.8259467300,AKShare stock_zh_a_spot / 新浪
301589,诺瓦星云,139.6500000000,145.1000000000,231962830.0000000000,1614652.0000000000,-0.0375600000,2.3196283000,AKShare stock_zh_a_spot / 新浪
301590,优优绿能,72.9600000000,78.0900000000,59414255.0000000000,798974.0000000000,-0.0656900000,0.5941425500,AKShare stock_zh_a_spot / 新浪
301591,肯特股份,31.9000000000,34.9900000000,199788389.0000000000,6106563.0000000000,-0.0883100000,1.9978838900,AKShare stock_zh_a_spot / 新浪
301592,六九一二,104.5000000000,108.9800000000,146503182.0000000000,1379213.0000000000,-0.0411100000,1.4650318200,AKShare stock_zh_a_spot / 新浪
301595,太力科技,38.5500000000,41.0500000000,50365385.0000000000,1268704.0000000000,-0.0609000000,0.5036538500,AKShare stock_zh_a_spot / 新浪
301596,瑞迪智驱,47.7600000000,54.2000000000,176487889.0000000000,3554831.0000000000,-0.1188200000,1.7648788900,AKShare stock_zh_a_spot / 新浪
301598,博科测试,47.1900000000,48.4600000000,21035077.0000000000,443950.0000000000,-0.0262100000,0.2103507700,AKShare stock_zh_a_spot / 新浪
301599,理奇智能,35.3000000000,37.9800000000,227400675.0000000000,6283542.0000000000,-0.0705600000,2.2740067500,AKShare stock_zh_a_spot / 新浪
301600,慧翰股份,82.2700000000,87.7600000000,81968222.0000000000,977706.0000000000,-0.0625600000,0.8196822200,AKShare stock_zh_a_spot / 新浪
301601,惠通科技,15.9300000000,16.3800000000,24036587.0000000000,1497500.0000000000,-0.0274700000,0.2403658700,AKShare stock_zh_a_spot / 新浪
301602,超研股份,18.1300000000,17.8000000000,231842938.0000000000,12955176.0000000000,0.0185400000,2.3184293800,AKShare stock_zh_a_spot / 新浪
301603,乔锋智能,116.8600000000,130.0100000000,328840606.0000000000,2732771.0000000000,-0.1011500000,3.2884060600,AKShare stock_zh_a_spot / 新浪
301606,绿联科技,49.8500000000,53.2300000000,150783524.0000000000,2975298.0000000000,-0.0635000000,1.5078352400,AKShare stock_zh_a_spot / 新浪
301607,富特科技,43.0800000000,46.6800000000,561690241.0000000000,12654876.0000000000,-0.0771200000,5.6169024100,AKShare stock_zh_a_spot / 新浪
301608,博实结,45.5900000000,48.3100000000,67471247.0000000000,1457153.0000000000,-0.0563000000,0.6747124700,AKShare stock_zh_a_spot / 新浪
301609,山大电力,32.2000000000,33.8400000000,99407234.0000000000,3048160.0000000000,-0.0484600000,0.9940723400,AKShare stock_zh_a_spot / 新浪
301611,珂玛科技,103.8300000000,113.5800000000,1495327830.0000000000,14004760.0000000000,-0.0858400000,14.9532783000,AKShare stock_zh_a_spot / 新浪
301613,新铝时代,37.3900000000,38.8900000000,47309746.0000000000,1252182.0000000000,-0.0385700000,0.4730974600,AKShare stock_zh_a_spot / 新浪
301616,浙江华业,33.7800000000,35.3000000000,21626829.0000000000,633300.0000000000,-0.0430600000,0.2162682900,AKShare stock_zh_a_spot / 新浪
301617,博苑新材,46.7300000000,50.6700000000,103377030.0000000000,2147471.0000000000,-0.0777600000,1.0337703000,AKShare stock_zh_a_spot / 新浪
301618,长联科技,36.2000000000,33.5500000000,220824635.0000000000,6148830.0000000000,0.0789900000,2.2082463500,AKShare stock_zh_a_spot / 新浪
301622,英思特,40.0500000000,42.3900000000,60216794.0000000000,1478477.0000000000,-0.0552000000,0.6021679400,AKShare stock_zh_a_spot / 新浪
301626,苏州天脉,257.9400000000,293.9600000000,894447202.0000000000,3338332.0000000000,-0.1225300000,8.9444720200,AKShare stock_zh_a_spot / 新浪
301628,强达电路,88.2800000000,95.6500000000,367332690.0000000000,4045662.0000000000,-0.0770500000,3.6733269000,AKShare stock_zh_a_spot / 新浪
301629,矽电股份,251.3900000000,275.1800000000,313787867.0000000000,1205574.0000000000,-0.0864500000,3.1378786700,AKShare stock_zh_a_spot / 新浪
301630,同宇新材,167.1100000000,181.7700000000,236383943.0000000000,1372408.0000000000,-0.0806500000,2.3638394300,AKShare stock_zh_a_spot / 新浪
301631,壹连科技,67.2500000000,73.8000000000,394163016.0000000000,5620739.0000000000,-0.0887500000,3.9416301600,AKShare stock_zh_a_spot / 新浪
301632,广东建科,14.1400000000,14.1000000000,91140669.0000000000,6482095.0000000000,0.0028400000,0.9114066900,AKShare stock_zh_a_spot / 新浪
301633,港迪技术,53.4000000000,54.4900000000,58317612.0000000000,1077064.0000000000,-0.0200000000,0.5831761200,AKShare stock_zh_a_spot / 新浪
301636,泽润新能,38.6100000000,40.9800000000,32411321.0000000000,824027.0000000000,-0.0578300000,0.3241132100,AKShare stock_zh_a_spot / 新浪
301638,南网数字,21.9500000000,22.9600000000,226787729.0000000000,10194962.0000000000,-0.0439900000,2.2678772900,AKShare stock_zh_a_spot / 新浪
301656,联合动力,16.5600000000,17.3000000000,110313188.0000000000,6578689.0000000000,-0.0427700000,1.1031318800,AKShare stock_zh_a_spot / 新浪
301658,首航新能,23.5700000000,24.6900000000,96267913.0000000000,4037758.0000000000,-0.0453600000,0.9626791300,AKShare stock_zh_a_spot / 新浪
301662,宏工科技,67.0800000000,71.8400000000,150649092.0000000000,2188281.0000000000,-0.0662600000,1.5064909200,AKShare stock_zh_a_spot / 新浪
301665,泰禾股份,23.3200000000,23.9400000000,68049360.0000000000,2895200.0000000000,-0.0259000000,0.6804936000,AKShare stock_zh_a_spot / 新浪
301666,大普微,416.8000000000,466.1200000000,1509269666.0000000000,3513487.0000000000,-0.1058100000,15.0926966600,AKShare stock_zh_a_spot / 新浪
301667,纳百川,66.1800000000,75.7500000000,288453805.0000000000,4190123.0000000000,-0.1263400000,2.8845380500,AKShare stock_zh_a_spot / 新浪
301668,昊创瑞通,34.4400000000,38.3000000000,97889869.0000000000,2726539.0000000000,-0.1007800000,0.9788986900,AKShare stock_zh_a_spot / 新浪
301669,高特电子,28.3000000000,30.6900000000,253765698.0000000000,8774529.0000000000,-0.0778800000,2.5376569800,AKShare stock_zh_a_spot / 新浪
301677,欣兴工具,56.4000000000,61.1500000000,277778003.0000000000,4810072.0000000000,-0.0776800000,2.7777800300,AKShare stock_zh_a_spot / 新浪
301678,新恒汇,44.6000000000,47.5700000000,150387627.0000000000,3300646.0000000000,-0.0624300000,1.5038762700,AKShare stock_zh_a_spot / 新浪
301680,固德电材,90.7300000000,98.0800000000,102984203.0000000000,1106800.0000000000,-0.0749400000,1.0298420300,AKShare stock_zh_a_spot / 新浪
301682,宏明电子,123.1100000000,132.9600000000,288869062.0000000000,2284199.0000000000,-0.0740800000,2.8886906200,AKShare stock_zh_a_spot / 新浪
301683,慧谷新材,99.0000000000,104.0800000000,88071344.0000000000,874301.0000000000,-0.0488100000,0.8807134400,AKShare stock_zh_a_spot / 新浪
301687,新广益,49.3000000000,52.1400000000,165051936.0000000000,3287321.0000000000,-0.0544700000,1.6505193600,AKShare stock_zh_a_spot / 新浪
301696,三瑞智能,100.7500000000,114.3500000000,431390431.0000000000,4130096.0000000000,-0.1189300000,4.3139043100,AKShare stock_zh_a_spot / 新浪
301707,展芯股份,86.1000000000,85.3800000000,767684279.0000000000,8749603.0000000000,0.0084300000,7.6768427900,AKShare stock_zh_a_spot / 新浪
301717,超纯应材,383.0000000000,473.0000000000,2895478972.0000000000,7127626.0000000000,-0.1902700000,28.9547897200,AKShare stock_zh_a_spot / 新浪
302132,中航成飞,57.0200000000,60.0600000000,565078709.0000000000,9712687.0000000000,-0.0506200000,5.6507870900,AKShare stock_zh_a_spot / 新浪
