stock_code,stock_name,close,prev_close,amount_yuan,volume,return,amount_100m,snapshot_source
920000,安徽凤凰,13.5400000000,13.6500000000,9243639.0000000000,675640.0000000000,-0.0080600000,0.0924363900,AKShare stock_zh_a_spot / 新浪
920001,纬达光电,11.7800000000,11.8100000000,14271962.0000000000,1211503.0000000000,-0.0025400000,0.1427196200,AKShare stock_zh_a_spot / 新浪
920002,万达轴承,53.4600000000,55.0200000000,78738715.0000000000,1455353.0000000000,-0.0283500000,0.7873871500,AKShare stock_zh_a_spot / 新浪
920003,中诚咨询,16.8900000000,16.4300000000,7505443.0000000000,447590.0000000000,0.0280000000,0.0750544300,AKShare stock_zh_a_spot / 新浪
920005,鼎佳精密,23.6300000000,23.5000000000,4779538.0000000000,202174.0000000000,0.0055300000,0.0477953800,AKShare stock_zh_a_spot / 新浪
920006,晟楠科技,15.3700000000,16.1400000000,27053118.0000000000,1725277.0000000000,-0.0477100000,0.2705311800,AKShare stock_zh_a_spot / 新浪
920007,酉立智能,33.3600000000,36.3300000000,32929763.0000000000,972920.0000000000,-0.0817500000,0.3292976300,AKShare stock_zh_a_spot / 新浪
920008,成电光信,18.9800000000,19.2400000000,9145202.0000000000,477786.0000000000,-0.0135100000,0.0914520200,AKShare stock_zh_a_spot / 新浪
920009,丹娜生物,39.7300000000,35.2200000000,66678806.0000000000,1672228.0000000000,0.1280500000,0.6667880600,AKShare stock_zh_a_spot / 新浪
920010,凯添燃气,8.3500000000,8.4900000000,38195140.0000000000,4544598.0000000000,-0.0164900000,0.3819514000,AKShare stock_zh_a_spot / 新浪
920011,晨光电机,19.2000000000,19.2000000000,15576822.0000000000,808293.0000000000,0.0000000000,0.1557682200,AKShare stock_zh_a_spot / 新浪
920012,创达新材,56.2400000000,58.5000000000,127752330.0000000000,2305457.0000000000,-0.0386300000,1.2775233000,AKShare stock_zh_a_spot / 新浪
920014,特瑞斯,8.7500000000,8.7000000000,8991506.0000000000,1026154.0000000000,0.0057500000,0.0899150600,AKShare stock_zh_a_spot / 新浪
920015,锦华新材,39.3300000000,39.7100000000,56888850.0000000000,1436727.0000000000,-0.0095700000,0.5688885000,AKShare stock_zh_a_spot / 新浪
920016,中草香料,13.0100000000,12.7500000000,7492886.0000000000,577049.0000000000,0.0203900000,0.0749288600,AKShare stock_zh_a_spot / 新浪
920017,星昊医药,17.2900000000,16.7500000000,86465895.0000000000,4935894.0000000000,0.0322400000,0.8646589500,AKShare stock_zh_a_spot / 新浪
920018,宏远股份,14.9500000000,14.8100000000,10229595.0000000000,684398.0000000000,0.0094500000,0.1022959500,AKShare stock_zh_a_spot / 新浪
920019,铜冠矿建,14.6400000000,14.4600000000,19493242.0000000000,1328256.0000000000,0.0124500000,0.1949324200,AKShare stock_zh_a_spot / 新浪
920020,泰凯英,15.3200000000,15.1900000000,3970534.0000000000,259250.0000000000,0.0085600000,0.0397053400,AKShare stock_zh_a_spot / 新浪
920021,流金科技,6.5100000000,6.5100000000,45061331.0000000000,6861680.0000000000,0.0000000000,0.4506133100,AKShare stock_zh_a_spot / 新浪
920022,世昌股份,19.1200000000,19.1800000000,2764505.0000000000,144196.0000000000,-0.0031300000,0.0276450500,AKShare stock_zh_a_spot / 新浪
920026,卓兆点胶,20.4400000000,18.8100000000,100778660.0000000000,4952194.0000000000,0.0866600000,1.0077866000,AKShare stock_zh_a_spot / 新浪
920027,交大铁发,11.6300000000,11.5000000000,7381163.0000000000,636796.0000000000,0.0113000000,0.0738116300,AKShare stock_zh_a_spot / 新浪
920028,新恒泰,14.3000000000,14.1200000000,22229818.0000000000,1560805.0000000000,0.0127500000,0.2222981800,AKShare stock_zh_a_spot / 新浪
920029,开发科技,35.1000000000,34.7600000000,16530410.0000000000,469872.0000000000,0.0097800000,0.1653041000,AKShare stock_zh_a_spot / 新浪
920030,德众汽车,4.4400000000,4.3700000000,5408139.0000000000,1218251.0000000000,0.0160200000,0.0540813900,AKShare stock_zh_a_spot / 新浪
920033,康普化学,14.3600000000,14.0300000000,6253030.0000000000,438623.0000000000,0.0235200000,0.0625303000,AKShare stock_zh_a_spot / 新浪
920035,精创电气,23.3900000000,23.4500000000,11606752.0000000000,495880.0000000000,-0.0025600000,0.1160675200,AKShare stock_zh_a_spot / 新浪
920036,觅睿科技,28.5500000000,28.7100000000,10495014.0000000000,367127.0000000000,-0.0055700000,0.1049501400,AKShare stock_zh_a_spot / 新浪
920037,广信科技,40.0000000000,39.7500000000,20064715.0000000000,499171.0000000000,0.0062900000,0.2006471500,AKShare stock_zh_a_spot / 新浪
920038,森合高科,36.2400000000,35.2000000000,148978389.0000000000,4036954.0000000000,0.0295500000,1.4897838900,AKShare stock_zh_a_spot / 新浪
920039,国义招标,8.5900000000,8.8800000000,13298109.0000000000,1527882.0000000000,-0.0326600000,0.1329810900,AKShare stock_zh_a_spot / 新浪
920045,蘅东光,382.0500000000,344.0000000000,673708760.0000000000,1815281.0000000000,0.1106100000,6.7370876000,AKShare stock_zh_a_spot / 新浪
920046,亿能电力,20.0500000000,20.0200000000,51845862.0000000000,2581976.0000000000,0.0015000000,0.5184586200,AKShare stock_zh_a_spot / 新浪
920047,诺思兰德,17.5100000000,16.9400000000,133997492.0000000000,7458752.0000000000,0.0336500000,1.3399749200,AKShare stock_zh_a_spot / 新浪
920050,爱伦医疗,29.4000000000,28.9300000000,9298916.0000000000,313899.0000000000,0.0162500000,0.0929891600,AKShare stock_zh_a_spot / 新浪
920055,隆源股份,26.4600000000,26.3700000000,6412201.0000000000,241131.0000000000,0.0034100000,0.0641220100,AKShare stock_zh_a_spot / 新浪
920056,能之光,16.0800000000,16.1000000000,5240579.0000000000,324524.0000000000,-0.0012400000,0.0524057900,AKShare stock_zh_a_spot / 新浪
920057,百甲科技,4.8800000000,4.8700000000,3275307.0000000000,665366.0000000000,0.0020500000,0.0327530700,AKShare stock_zh_a_spot / 新浪
920058,华洋赛车,29.7000000000,28.8000000000,35170589.0000000000,1201650.0000000000,0.0312500000,0.3517058900,AKShare stock_zh_a_spot / 新浪
920059,双英集团,17.3300000000,24.7500000000,330126533.0000000000,18299192.0000000000,-0.2998000000,3.3012653300,AKShare stock_zh_a_spot / 新浪
920060,万源通,21.3900000000,21.4600000000,25691818.0000000000,1192336.0000000000,-0.0032600000,0.2569181800,AKShare stock_zh_a_spot / 新浪
920061,西磁科技,17.3200000000,17.2300000000,9831087.0000000000,563873.0000000000,0.0052200000,0.0983108700,AKShare stock_zh_a_spot / 新浪
920062,科润智控,7.3400000000,7.3200000000,8991016.0000000000,1225380.0000000000,0.0027300000,0.0899101600,AKShare stock_zh_a_spot / 新浪
920065,千岸科技,34.0600000000,33.4500000000,51320829.0000000000,1529080.0000000000,0.0182400000,0.5132082900,AKShare stock_zh_a_spot / 新浪
920066,科拜尔,17.4500000000,16.5600000000,18575425.0000000000,1062505.0000000000,0.0537400000,0.1857542500,AKShare stock_zh_a_spot / 新浪
920068,天工股份,15.5800000000,15.0600000000,33523310.0000000000,2168095.0000000000,0.0345300000,0.3352331000,AKShare stock_zh_a_spot / 新浪
920069,普昂医疗,33.6400000000,32.9500000000,16074782.0000000000,477734.0000000000,0.0209400000,0.1607478200,AKShare stock_zh_a_spot / 新浪
920072,科莱瑞迪,26.1300000000,25.4000000000,48696146.0000000000,1835734.0000000000,0.0287400000,0.4869614600,AKShare stock_zh_a_spot / 新浪
920075,柏星龙,15.2200000000,15.1300000000,6179966.0000000000,406332.0000000000,0.0059500000,0.0617996600,AKShare stock_zh_a_spot / 新浪
920076,国亮新材,12.7800000000,12.6700000000,4361357.0000000000,342794.0000000000,0.0086800000,0.0436135700,AKShare stock_zh_a_spot / 新浪
920077,吉林碳谷,14.0600000000,14.0100000000,36491296.0000000000,2592985.0000000000,0.0035700000,0.3649129600,AKShare stock_zh_a_spot / 新浪
920078,族兴新材,18.0100000000,18.0000000000,20093903.0000000000,1116971.0000000000,0.0005600000,0.2009390300,AKShare stock_zh_a_spot / 新浪
920079,乔路铭,13.7500000000,13.9100000000,47838578.0000000000,3466180.0000000000,-0.0115000000,0.4783857800,AKShare stock_zh_a_spot / 新浪
920080,奥美森,22.1600000000,21.4200000000,8645006.0000000000,391323.0000000000,0.0345500000,0.0864500600,AKShare stock_zh_a_spot / 新浪
920081,欧伦电气,40.9100000000,40.9000000000,52910451.0000000000,1299048.0000000000,0.0002400000,0.5291045100,AKShare stock_zh_a_spot / 新浪
920082,方正阀门,8.0800000000,8.0800000000,4181917.0000000000,513904.0000000000,0.0000000000,0.0418191700,AKShare stock_zh_a_spot / 新浪
920083,金戈新材,44.2000000000,42.0200000000,339660572.0000000000,7883521.0000000000,0.0518800000,3.3966057200,AKShare stock_zh_a_spot / 新浪
920086,科马材料,20.2500000000,20.5000000000,11597797.0000000000,568223.0000000000,-0.0122000000,0.1159779700,AKShare stock_zh_a_spot / 新浪
920087,秋乐种业,16.8300000000,16.2000000000,485161781.0000000000,31104219.0000000000,0.0388900000,4.8516178100,AKShare stock_zh_a_spot / 新浪
920088,科力股份,45.8000000000,47.0700000000,248458536.0000000000,5495562.0000000000,-0.0269800000,2.4845853600,AKShare stock_zh_a_spot / 新浪
920089,禾昌聚合,10.0000000000,10.0000000000,4779813.0000000000,478012.0000000000,0.0000000000,0.0477981300,AKShare stock_zh_a_spot / 新浪
920091,大鹏工业,28.9000000000,29.3700000000,17923006.0000000000,616286.0000000000,-0.0160000000,0.1792300600,AKShare stock_zh_a_spot / 新浪
920092,汉鑫科技,27.4300000000,28.1000000000,58000714.0000000000,2092429.0000000000,-0.0238400000,0.5800071400,AKShare stock_zh_a_spot / 新浪
920096,嘉晨智能,34.1400000000,35.3400000000,43984923.0000000000,1275269.0000000000,-0.0339600000,0.4398492300,AKShare stock_zh_a_spot / 新浪
920098,科隆新材,16.9300000000,17.0700000000,9389090.0000000000,549726.0000000000,-0.0082000000,0.0938909000,AKShare stock_zh_a_spot / 新浪
920099,瑞华技术,17.6300000000,17.8200000000,7382886.0000000000,416615.0000000000,-0.0106600000,0.0738288600,AKShare stock_zh_a_spot / 新浪
920100,三协电机,32.1600000000,32.3800000000,44616692.0000000000,1384308.0000000000,-0.0067900000,0.4461669200,AKShare stock_zh_a_spot / 新浪
920101,志高机械,16.5500000000,16.5400000000,4428026.0000000000,266010.0000000000,0.0006000000,0.0442802600,AKShare stock_zh_a_spot / 新浪
920106,林泰新材,35.6600000000,36.0700000000,15490380.0000000000,430730.0000000000,-0.0113700000,0.1549038000,AKShare stock_zh_a_spot / 新浪
920107,恒兴股份,21.6100000000,22.1400000000,81310300.0000000000,3734054.0000000000,-0.0239400000,0.8131030000,AKShare stock_zh_a_spot / 新浪
920108,宏海科技,9.1200000000,9.1200000000,3231719.0000000000,354785.0000000000,0.0000000000,0.0323171900,AKShare stock_zh_a_spot / 新浪
920110,雷特科技,26.3800000000,25.7800000000,2720991.0000000000,103865.0000000000,0.0232700000,0.0272099100,AKShare stock_zh_a_spot / 新浪
920111,聚星科技,31.9000000000,31.1700000000,110856454.0000000000,3482850.0000000000,0.0234200000,1.1085645400,AKShare stock_zh_a_spot / 新浪
920112,巴兰仕,15.7000000000,15.6700000000,2302444.0000000000,145969.0000000000,0.0019100000,0.0230244400,AKShare stock_zh_a_spot / 新浪
920116,星图测控,45.4300000000,47.6900000000,171768728.0000000000,3727648.0000000000,-0.0473900000,1.7176872800,AKShare stock_zh_a_spot / 新浪
920117,龙鑫智能,29.3900000000,31.3700000000,140218682.0000000000,4652775.0000000000,-0.0631200000,1.4021868200,AKShare stock_zh_a_spot / 新浪
920118,太湖远大,20.8000000000,19.9900000000,11894142.0000000000,581950.0000000000,0.0405200000,0.1189414200,AKShare stock_zh_a_spot / 新浪
920119,美德乐,49.0900000000,48.0000000000,9165303.0000000000,188245.0000000000,0.0227100000,0.0916530300,AKShare stock_zh_a_spot / 新浪
920121,江天科技,28.0400000000,28.0500000000,3378962.0000000000,120095.0000000000,-0.0003600000,0.0337896200,AKShare stock_zh_a_spot / 新浪
920122,中纺标,23.0200000000,23.8300000000,43073349.0000000000,1823291.0000000000,-0.0339900000,0.4307334900,AKShare stock_zh_a_spot / 新浪
920123,芭薇股份,10.6000000000,10.3200000000,10900568.0000000000,1025500.0000000000,0.0271300000,0.1090056800,AKShare stock_zh_a_spot / 新浪
920124,南特科技,12.6300000000,12.6200000000,8041759.0000000000,633244.0000000000,0.0007900000,0.0804175900,AKShare stock_zh_a_spot / 新浪
920125,鸿仕达,120.4900000000,118.7400000000,231477841.0000000000,1914387.0000000000,0.0147400000,2.3147784100,AKShare stock_zh_a_spot / 新浪
920126,永大股份,10.0900000000,10.2200000000,17816884.0000000000,1748544.0000000000,-0.0127200000,0.1781688400,AKShare stock_zh_a_spot / 新浪
920128,胜业电气,17.6800000000,17.6800000000,11685024.0000000000,660161.0000000000,0.0000000000,0.1168502400,AKShare stock_zh_a_spot / 新浪
920130,立方控股,17.0700000000,18.0400000000,53178760.0000000000,3065959.0000000000,-0.0537700000,0.5317876000,AKShare stock_zh_a_spot / 新浪
920132,泰鹏智能,8.6000000000,8.5900000000,2886062.0000000000,334815.0000000000,0.0011600000,0.0288606200,AKShare stock_zh_a_spot / 新浪
920136,永励精密,20.2500000000,20.2500000000,22841789.0000000000,1127187.0000000000,0.0000000000,0.2284178900,AKShare stock_zh_a_spot / 新浪
920138,杰理科技,39.0700000000,40.0300000000,158754897.0000000000,4048462.0000000000,-0.0239800000,1.5875489700,AKShare stock_zh_a_spot / 新浪
920139,华岭股份,14.6600000000,14.8400000000,38980852.0000000000,2625336.0000000000,-0.0121300000,0.3898085200,AKShare stock_zh_a_spot / 新浪
920145,恒合股份,9.8900000000,9.9100000000,3689349.0000000000,369215.0000000000,-0.0020200000,0.0368934900,AKShare stock_zh_a_spot / 新浪
920146,华阳变速,5.0100000000,5.0000000000,4651012.0000000000,924287.0000000000,0.0020000000,0.0465101200,AKShare stock_zh_a_spot / 新浪
920149,旭杰科技,7.7800000000,7.7300000000,2617017.0000000000,335826.0000000000,0.0064700000,0.0261701700,AKShare stock_zh_a_spot / 新浪
920152,昆工科技,12.8200000000,13.1800000000,9671853.0000000000,744967.0000000000,-0.0273100000,0.0967185300,AKShare stock_zh_a_spot / 新浪
920156,海昌智能,37.8200000000,39.1400000000,46590005.0000000000,1217928.0000000000,-0.0337300000,0.4659000500,AKShare stock_zh_a_spot / 新浪
920158,长江能科,8.0700000000,7.9500000000,7636700.0000000000,952078.0000000000,0.0150900000,0.0763670000,AKShare stock_zh_a_spot / 新浪
920159,农大科技,30.2600000000,30.5800000000,46125422.0000000000,1537202.0000000000,-0.0104600000,0.4612542200,AKShare stock_zh_a_spot / 新浪
920160,北矿检测,20.0700000000,19.9000000000,7386888.0000000000,365948.0000000000,0.0085400000,0.0738688800,AKShare stock_zh_a_spot / 新浪
920161,龙辰科技,27.0300000000,28.0500000000,162153840.0000000000,5950014.0000000000,-0.0363600000,1.6215384000,AKShare stock_zh_a_spot / 新浪
920163,方大新材,11.2000000000,11.1800000000,6300294.0000000000,567613.0000000000,0.0017900000,0.0630029400,AKShare stock_zh_a_spot / 新浪
920165,珈凯生物,36.5500000000,36.4800000000,42713326.0000000000,1148451.0000000000,0.0019200000,0.4271332600,AKShare stock_zh_a_spot / 新浪
920166,海圣医疗,21.9000000000,21.0100000000,15875116.0000000000,725880.0000000000,0.0423600000,0.1587511600,AKShare stock_zh_a_spot / 新浪
920167,同享科技,14.7900000000,14.6400000000,10637271.0000000000,722825.0000000000,0.0102500000,0.1063727100,AKShare stock_zh_a_spot / 新浪
920168,通宝光电,15.3900000000,15.3100000000,3674245.0000000000,239287.0000000000,0.0052300000,0.0367424500,AKShare stock_zh_a_spot / 新浪
920169,七丰精工,20.3800000000,22.1700000000,144734109.0000000000,6915990.0000000000,-0.0807400000,1.4473410900,AKShare stock_zh_a_spot / 新浪
920171,志晟信息,16.1300000000,16.2600000000,11337892.0000000000,694242.0000000000,-0.0080000000,0.1133789200,AKShare stock_zh_a_spot / 新浪
920174,五新智能,28.9800000000,28.8100000000,29217450.0000000000,1000745.0000000000,0.0059000000,0.2921745000,AKShare stock_zh_a_spot / 新浪
920175,东方碳素,7.8000000000,7.7700000000,6188139.0000000000,795932.0000000000,0.0038600000,0.0618813900,AKShare stock_zh_a_spot / 新浪
920176,维琪科技,55.8800000000,55.3500000000,67219765.0000000000,1212573.0000000000,0.0095800000,0.6721976500,AKShare stock_zh_a_spot / 新浪
920177,恒道科技,24.9900000000,25.3900000000,10759282.0000000000,426404.0000000000,-0.0157500000,0.1075928200,AKShare stock_zh_a_spot / 新浪
920178,锐翔智能,92.2200000000,92.9800000000,85045074.0000000000,915908.0000000000,-0.0081700000,0.8504507400,AKShare stock_zh_a_spot / 新浪
920179,凯德石英,51.6900000000,53.6400000000,220429912.0000000000,4317092.0000000000,-0.0363500000,2.2042991200,AKShare stock_zh_a_spot / 新浪
920180,爱得科技,12.3800000000,11.9700000000,8599279.0000000000,697168.0000000000,0.0342500000,0.0859927900,AKShare stock_zh_a_spot / 新浪
920181,赛英电子,73.0900000000,75.3000000000,49913374.0000000000,681083.0000000000,-0.0293500000,0.4991337400,AKShare stock_zh_a_spot / 新浪
920183,海菲曼,28.2500000000,28.2500000000,3121765.0000000000,109957.0000000000,0.0000000000,0.0312176500,AKShare stock_zh_a_spot / 新浪
920184,国源科技,11.0500000000,10.9700000000,6599054.0000000000,596014.0000000000,0.0072900000,0.0659905400,AKShare stock_zh_a_spot / 新浪
920185,贝特瑞,20.1700000000,20.2200000000,61511701.0000000000,3029653.0000000000,-0.0024700000,0.6151170100,AKShare stock_zh_a_spot / 新浪
920186,中科仪,70.8100000000,70.5400000000,259740161.0000000000,3671084.0000000000,0.0038300000,2.5974016100,AKShare stock_zh_a_spot / 新浪
920187,通领科技,18.9000000000,18.7700000000,4640044.0000000000,245960.0000000000,0.0069300000,0.0464004400,AKShare stock_zh_a_spot / 新浪
920188,悦龙科技,21.4100000000,21.4800000000,5978002.0000000000,277925.0000000000,-0.0032600000,0.0597800200,AKShare stock_zh_a_spot / 新浪
920189,康美特,19.8300000000,20.3700000000,109655938.0000000000,5521070.0000000000,-0.0265100000,1.0965593800,AKShare stock_zh_a_spot / 新浪
920190,雷神科技,24.9000000000,24.1400000000,113803724.0000000000,4608644.0000000000,0.0314800000,1.1380372400,AKShare stock_zh_a_spot / 新浪
920191,瑞尔竞达,8.7700000000,8.7800000000,7577840.0000000000,860723.0000000000,-0.0011400000,0.0757784000,AKShare stock_zh_a_spot / 新浪
920193,吉和昌,32.8300000000,33.7800000000,139318366.0000000000,4242001.0000000000,-0.0281200000,1.3931836600,AKShare stock_zh_a_spot / 新浪
920195,三祥科技,12.2100000000,12.0200000000,5338142.0000000000,438748.0000000000,0.0158100000,0.0533814200,AKShare stock_zh_a_spot / 新浪
920198,微创光电,7.4400000000,7.3600000000,8899197.0000000000,1199162.0000000000,0.0108700000,0.0889919700,AKShare stock_zh_a_spot / 新浪
920199,倍益康,26.0000000000,25.8200000000,32818381.0000000000,1243084.0000000000,0.0069700000,0.3281838100,AKShare stock_zh_a_spot / 新浪
920200,振宏股份,27.4900000000,27.6700000000,33785044.0000000000,1230557.0000000000,-0.0065100000,0.3378504400,AKShare stock_zh_a_spot / 新浪
920204,沪江材料,12.8700000000,12.8000000000,4694497.0000000000,366468.0000000000,0.0054700000,0.0469449700,AKShare stock_zh_a_spot / 新浪
920206,彩客科技,43.5600000000,39.5800000000,192021135.0000000000,4621038.0000000000,0.1005600000,1.9202113500,AKShare stock_zh_a_spot / 新浪
920207,众诚科技,21.3600000000,21.5900000000,34003922.0000000000,1576534.0000000000,-0.0106500000,0.3400392200,AKShare stock_zh_a_spot / 新浪
920208,青矩技术,12.2800000000,12.1600000000,8521087.0000000000,696733.0000000000,0.0098700000,0.0852108700,AKShare stock_zh_a_spot / 新浪
920211,新睿电子,111.5000000000,113.0800000000,75571334.0000000000,685789.0000000000,-0.0139700000,0.7557133400,AKShare stock_zh_a_spot / 新浪
920212,智新电子,9.7500000000,9.5200000000,7959715.0000000000,822662.0000000000,0.0241600000,0.0795971500,AKShare stock_zh_a_spot / 新浪
920218,新天力,16.7800000000,17.1800000000,23290290.0000000000,1370618.0000000000,-0.0232800000,0.2329029000,AKShare stock_zh_a_spot / 新浪
920220,朗信电气,40.0800000000,40.7500000000,30953986.0000000000,767801.0000000000,-0.0164400000,0.3095398600,AKShare stock_zh_a_spot / 新浪
920221,易实精密,12.7400000000,12.8000000000,10219934.0000000000,798949.0000000000,-0.0046900000,0.1021993400,AKShare stock_zh_a_spot / 新浪
920222,益坤电气,25.8000000000,25.3000000000,42624352.0000000000,1683454.0000000000,0.0197600000,0.4262435200,AKShare stock_zh_a_spot / 新浪
920223,荣亿精密,10.7400000000,10.6500000000,11919019.0000000000,1105583.0000000000,0.0084500000,0.1191901900,AKShare stock_zh_a_spot / 新浪
920225,利通科技,15.0300000000,14.9400000000,25856107.0000000000,1719967.0000000000,0.0060200000,0.2585610700,AKShare stock_zh_a_spot / 新浪
920227,美登科技,48.2500000000,47.8600000000,8385531.0000000000,174076.0000000000,0.0081500000,0.0838553100,AKShare stock_zh_a_spot / 新浪
920230,欧康医药,11.2200000000,10.6500000000,53749545.0000000000,4718545.0000000000,0.0535200000,0.5374954500,AKShare stock_zh_a_spot / 新浪
920237,力佳科技,12.0800000000,11.9800000000,5080214.0000000000,419608.0000000000,0.0083500000,0.0508021400,AKShare stock_zh_a_spot / 新浪
920238,长鹰硬科,62.7900000000,62.2800000000,96472817.0000000000,1541972.0000000000,0.0081900000,0.9647281700,AKShare stock_zh_a_spot / 新浪
920239,长虹能源,21.1500000000,21.1000000000,10812312.0000000000,509544.0000000000,0.0023700000,0.1081231200,AKShare stock_zh_a_spot / 新浪
920242,建邦科技,13.9200000000,14.0000000000,3137700.0000000000,224512.0000000000,-0.0057100000,0.0313770000,AKShare stock_zh_a_spot / 新浪
920245,威博液压,13.2900000000,13.0200000000,16667122.0000000000,1244000.0000000000,0.0207400000,0.1666712200,AKShare stock_zh_a_spot / 新浪
920247,华密新材,14.0800000000,14.4100000000,20102458.0000000000,1403942.0000000000,-0.0229000000,0.2010245800,AKShare stock_zh_a_spot / 新浪
920249,利尔达,9.5300000000,10.1400000000,100670365.0000000000,10379582.0000000000,-0.0601600000,1.0067036500,AKShare stock_zh_a_spot / 新浪
920252,天宏锂电,15.2500000000,15.5500000000,15490386.0000000000,1003721.0000000000,-0.0192900000,0.1549038600,AKShare stock_zh_a_spot / 新浪
920258,聚仁新材,12.0100000000,12.5000000000,58171982.0000000000,4805342.0000000000,-0.0392000000,0.5817198200,AKShare stock_zh_a_spot / 新浪
920260,中寰股份,8.0300000000,8.0300000000,2623262.0000000000,328701.0000000000,0.0000000000,0.0262326200,AKShare stock_zh_a_spot / 新浪
920261,一诺威,13.7200000000,13.8100000000,20357879.0000000000,1478621.0000000000,-0.0065200000,0.2035787900,AKShare stock_zh_a_spot / 新浪
920262,太湖雪,13.6100000000,13.6300000000,9910171.0000000000,728544.0000000000,-0.0014700000,0.0991017100,AKShare stock_zh_a_spot / 新浪
920263,中航泰达,6.8700000000,6.8200000000,3132220.0000000000,456294.0000000000,0.0073300000,0.0313222000,AKShare stock_zh_a_spot / 新浪
920266,生物谷,7.8400000000,7.8300000000,53907864.0000000000,6739149.0000000000,0.0012800000,0.5390786400,AKShare stock_zh_a_spot / 新浪
920267,鑫汇科,16.2200000000,16.2500000000,17805439.0000000000,1094191.0000000000,-0.0018500000,0.1780543900,AKShare stock_zh_a_spot / 新浪
920270,天铭科技,12.7400000000,12.2100000000,24492293.0000000000,1992140.0000000000,0.0434100000,0.2449229300,AKShare stock_zh_a_spot / 新浪
920271,邦德股份,9.2000000000,9.2200000000,4839827.0000000000,522042.0000000000,-0.0021700000,0.0483982700,AKShare stock_zh_a_spot / 新浪
920273,一致魔芋,18.1400000000,18.0900000000,41651091.0000000000,2288162.0000000000,0.0027600000,0.4165109100,AKShare stock_zh_a_spot / 新浪
920274,宏裕包材,15.5000000000,15.2600000000,12177361.0000000000,780275.0000000000,0.0157300000,0.1217736100,AKShare stock_zh_a_spot / 新浪
920275,驱动力,6.5500000000,6.7100000000,6009686.0000000000,907224.0000000000,-0.0238500000,0.0600968600,AKShare stock_zh_a_spot / 新浪
920278,鹿得医疗,6.4500000000,6.3400000000,15550025.0000000000,2372896.0000000000,0.0173500000,0.1555002500,AKShare stock_zh_a_spot / 新浪
920284,灵鸽科技,16.8500000000,17.0800000000,31653517.0000000000,1859908.0000000000,-0.0134700000,0.3165351700,AKShare stock_zh_a_spot / 新浪
920299,灿能电力,14.7100000000,14.7700000000,12585825.0000000000,849456.0000000000,-0.0040600000,0.1258582500,AKShare stock_zh_a_spot / 新浪
920300,辰光医疗,9.4700000000,9.4500000000,10625242.0000000000,1107800.0000000000,0.0021200000,0.1062524200,AKShare stock_zh_a_spot / 新浪
920304,迪尔化工,9.2800000000,9.4800000000,31197781.0000000000,3351796.0000000000,-0.0211000000,0.3119778100,AKShare stock_zh_a_spot / 新浪
920339,恒太照明,11.0400000000,11.0600000000,7681855.0000000000,700855.0000000000,-0.0018100000,0.0768185500,AKShare stock_zh_a_spot / 新浪
920344,三元基因,24.7600000000,19.0500000000,131347324.0000000000,5357545.0000000000,0.2997400000,1.3134732400,AKShare stock_zh_a_spot / 新浪
920346,威贸电子,14.6300000000,14.6000000000,3245961.0000000000,220948.0000000000,0.0020500000,0.0324596100,AKShare stock_zh_a_spot / 新浪
920351,华光源海,12.9200000000,12.1600000000,59487385.0000000000,4663583.0000000000,0.0625000000,0.5948738500,AKShare stock_zh_a_spot / 新浪
920357,雅葆轩,15.6400000000,15.4000000000,22911533.0000000000,1466353.0000000000,0.0155800000,0.2291153300,AKShare stock_zh_a_spot / 新浪
920363,莱赛激光,10.1500000000,10.1400000000,6898635.0000000000,679502.0000000000,0.0009900000,0.0689863500,AKShare stock_zh_a_spot / 新浪
920367,新赣江,29.6300000000,29.7500000000,291946750.0000000000,9233735.0000000000,-0.0040300000,2.9194675000,AKShare stock_zh_a_spot / 新浪
920368,连城数控,23.3900000000,23.6700000000,75291727.0000000000,3197452.0000000000,-0.0118300000,0.7529172700,AKShare stock_zh_a_spot / 新浪
920370,新安洁,2.7900000000,2.7800000000,3208520.0000000000,1144521.0000000000,0.0036000000,0.0320852000,AKShare stock_zh_a_spot / 新浪
920371,欧福蛋业,8.1200000000,7.9500000000,58648457.0000000000,7532720.0000000000,0.0213800000,0.5864845700,AKShare stock_zh_a_spot / 新浪
920374,云里物里,14.5100000000,14.7100000000,10017120.0000000000,684885.0000000000,-0.0136000000,0.1001712000,AKShare stock_zh_a_spot / 新浪
920375,派诺科技,6.9200000000,6.9200000000,10812259.0000000000,1554420.0000000000,0.0000000000,0.1081225900,AKShare stock_zh_a_spot / 新浪
920378,泰德股份,6.9900000000,7.0900000000,2716719.0000000000,387148.0000000000,-0.0141000000,0.0271671900,AKShare stock_zh_a_spot / 新浪
920392,佳合科技,13.7800000000,13.5400000000,5077106.0000000000,370830.0000000000,0.0177300000,0.0507710600,AKShare stock_zh_a_spot / 新浪
920394,民士达,44.7000000000,43.5000000000,59680703.0000000000,1361755.0000000000,0.0275900000,0.5968070300,AKShare stock_zh_a_spot / 新浪
920395,朗鸿科技,6.9500000000,6.9000000000,2857888.0000000000,409469.0000000000,0.0072500000,0.0285788800,AKShare stock_zh_a_spot / 新浪
920396,常辅股份,19.3000000000,19.2600000000,18347843.0000000000,943031.0000000000,0.0020800000,0.1834784300,AKShare stock_zh_a_spot / 新浪
920402,硅烷科技,8.7500000000,8.9800000000,55662393.0000000000,6268417.0000000000,-0.0256100000,0.5566239300,AKShare stock_zh_a_spot / 新浪
920403,康农种业,21.3100000000,21.3100000000,186819623.0000000000,9115053.0000000000,0.0000000000,1.8681962300,AKShare stock_zh_a_spot / 新浪
920405,海希通讯,18.5700000000,18.1400000000,7913178.0000000000,427532.0000000000,0.0237000000,0.0791317800,AKShare stock_zh_a_spot / 新浪
920407,驰诚股份,11.1000000000,11.0400000000,8691435.0000000000,783225.0000000000,0.0054300000,0.0869143500,AKShare stock_zh_a_spot / 新浪
920414,欧普泰,7.8200000000,7.8800000000,6742009.0000000000,847709.0000000000,-0.0076100000,0.0674200900,AKShare stock_zh_a_spot / 新浪
920415,恒拓开源,8.6700000000,8.7200000000,8786221.0000000000,1004770.0000000000,-0.0057300000,0.0878622100,AKShare stock_zh_a_spot / 新浪
920418,苏轴股份,18.0500000000,18.4000000000,33041642.0000000000,1815485.0000000000,-0.0190200000,0.3304164200,AKShare stock_zh_a_spot / 新浪
920419,路斯股份,11.2000000000,10.7100000000,20344296.0000000000,1840681.0000000000,0.0457500000,0.2034429600,AKShare stock_zh_a_spot / 新浪
920422,润普食品,9.4000000000,9.3800000000,6517329.0000000000,690158.0000000000,0.0021300000,0.0651732900,AKShare stock_zh_a_spot / 新浪
920425,乐创技术,15.4900000000,14.7400000000,53701904.0000000000,3507754.0000000000,0.0508800000,0.5370190400,AKShare stock_zh_a_spot / 新浪
920427,华维设计,8.4900000000,8.5300000000,4545642.0000000000,533581.0000000000,-0.0046900000,0.0454564200,AKShare stock_zh_a_spot / 新浪
920429,康比特,10.3300000000,10.5500000000,35135687.0000000000,3329259.0000000000,-0.0208500000,0.3513568700,AKShare stock_zh_a_spot / 新浪
920433,大唐药业,5.0700000000,4.9300000000,24060639.0000000000,4733840.0000000000,0.0284000000,0.2406063900,AKShare stock_zh_a_spot / 新浪
920436,大地电气,10.2300000000,10.1200000000,4897886.0000000000,478298.0000000000,0.0108700000,0.0489788600,AKShare stock_zh_a_spot / 新浪
920438,戈碧迦,124.0000000000,127.0500000000,661539178.0000000000,5238954.0000000000,-0.0240100000,6.6153917800,AKShare stock_zh_a_spot / 新浪
920445,龙竹科技,7.1100000000,7.0000000000,19416389.0000000000,2710474.0000000000,0.0157100000,0.1941638900,AKShare stock_zh_a_spot / 新浪
920454,同心传动,10.9200000000,10.9500000000,3490899.0000000000,319450.0000000000,-0.0027400000,0.0349089900,AKShare stock_zh_a_spot / 新浪
920455,汇隆活塞,5.9100000000,5.9200000000,5376369.0000000000,908024.0000000000,-0.0016900000,0.0537636900,AKShare stock_zh_a_spot / 新浪
920469,富恒新材,5.5000000000,5.5000000000,6160643.0000000000,1118310.0000000000,0.0000000000,0.0616064300,AKShare stock_zh_a_spot / 新浪
920471,美邦科技,12.1600000000,11.7500000000,41193990.0000000000,3420262.0000000000,0.0348900000,0.4119399000,AKShare stock_zh_a_spot / 新浪
920475,三友科技,11.8800000000,11.9100000000,9745849.0000000000,810179.0000000000,-0.0025200000,0.0974584900,AKShare stock_zh_a_spot / 新浪
920476,海能技术,25.6500000000,24.9600000000,74185199.0000000000,2911703.0000000000,0.0276400000,0.7418519900,AKShare stock_zh_a_spot / 新浪
920478,峆一药业,11.8900000000,11.4000000000,79746140.0000000000,6648695.0000000000,0.0429800000,0.7974614000,AKShare stock_zh_a_spot / 新浪
920489,佳先股份,13.4200000000,13.6600000000,26251511.0000000000,1940607.0000000000,-0.0175700000,0.2625151100,AKShare stock_zh_a_spot / 新浪
920491,奥迪威,21.4200000000,21.5200000000,35831638.0000000000,1662906.0000000000,-0.0046500000,0.3583163800,AKShare stock_zh_a_spot / 新浪
920493,并行科技,112.9900000000,112.5000000000,111435159.0000000000,989303.0000000000,0.0043600000,1.1143515900,AKShare stock_zh_a_spot / 新浪
920496,许昌智能,6.2400000000,6.2200000000,7626303.0000000000,1213172.0000000000,0.0032200000,0.0762630300,AKShare stock_zh_a_spot / 新浪
920504,博迅生物,17.9000000000,17.4500000000,17041343.0000000000,942541.0000000000,0.0257900000,0.1704134300,AKShare stock_zh_a_spot / 新浪
920505,九菱科技,27.6500000000,27.0000000000,31397674.0000000000,1127136.0000000000,0.0240700000,0.3139767400,AKShare stock_zh_a_spot / 新浪
920508,殷图网联,14.2700000000,14.3000000000,5359719.0000000000,374011.0000000000,-0.0021000000,0.0535971900,AKShare stock_zh_a_spot / 新浪
920509,同惠电子,20.0700000000,20.1500000000,33298131.0000000000,1648989.0000000000,-0.0039700000,0.3329813100,AKShare stock_zh_a_spot / 新浪
920510,丰光精密,22.6100000000,23.0100000000,195748343.0000000000,8585634.0000000000,-0.0173800000,1.9574834300,AKShare stock_zh_a_spot / 新浪
920519,万德股份,9.8400000000,9.6800000000,4901405.0000000000,500773.0000000000,0.0165300000,0.0490140500,AKShare stock_zh_a_spot / 新浪
920522,纳科诺尔,19.4500000000,19.3600000000,48348854.0000000000,2482086.0000000000,0.0046500000,0.4834885400,AKShare stock_zh_a_spot / 新浪
920523,德瑞锂电,15.2300000000,15.2200000000,6825911.0000000000,448542.0000000000,0.0006600000,0.0682591100,AKShare stock_zh_a_spot / 新浪
920526,凯华材料,19.4700000000,20.0100000000,32917925.0000000000,1675300.0000000000,-0.0269900000,0.3291792500,AKShare stock_zh_a_spot / 新浪
920527,夜光明,13.9500000000,13.8800000000,6816000.0000000000,488594.0000000000,0.0050400000,0.0681600000,AKShare stock_zh_a_spot / 新浪
920533,骏创科技,17.6200000000,17.6300000000,17722806.0000000000,998464.0000000000,-0.0005700000,0.1772280600,AKShare stock_zh_a_spot / 新浪
920541,铁大科技,9.6500000000,9.5800000000,3503489.0000000000,363162.0000000000,0.0073100000,0.0350348900,AKShare stock_zh_a_spot / 新浪
920547,无锡晶海,18.9100000000,18.2000000000,17980104.0000000000,944003.0000000000,0.0390100000,0.1798010400,AKShare stock_zh_a_spot / 新浪
920553,凯腾精工,7.3000000000,7.4100000000,23242357.0000000000,3094444.0000000000,-0.0148400000,0.2324235700,AKShare stock_zh_a_spot / 新浪
920556,雅达股份,6.6600000000,6.6200000000,7104625.0000000000,1065384.0000000000,0.0060400000,0.0710462500,AKShare stock_zh_a_spot / 新浪
920564,天润科技,13.5400000000,13.9700000000,12254768.0000000000,890641.0000000000,-0.0307800000,0.1225476800,AKShare stock_zh_a_spot / 新浪
920566,梓橦宫,10.2200000000,9.8600000000,49247389.0000000000,4808953.0000000000,0.0365100000,0.4924738900,AKShare stock_zh_a_spot / 新浪
920570,坤博精工,23.8500000000,24.2100000000,9841328.0000000000,410085.0000000000,-0.0148700000,0.0984132800,AKShare stock_zh_a_spot / 新浪
920571,国航远洋,9.1500000000,9.0400000000,240171305.0000000000,26058516.0000000000,0.0121700000,2.4017130500,AKShare stock_zh_a_spot / 新浪
920576,天力复合,39.6300000000,42.0000000000,144811957.0000000000,3551661.0000000000,-0.0564300000,1.4481195700,AKShare stock_zh_a_spot / 新浪
920578,巨能股份,16.5900000000,16.4800000000,16308291.0000000000,983983.0000000000,0.0066700000,0.1630829100,AKShare stock_zh_a_spot / 新浪
920579,机科股份,14.8400000000,14.9400000000,6950870.0000000000,465366.0000000000,-0.0066900000,0.0695087000,AKShare stock_zh_a_spot / 新浪
920580,科创新材,10.7500000000,10.7500000000,8194354.0000000000,757087.0000000000,0.0000000000,0.0819435400,AKShare stock_zh_a_spot / 新浪
920592,华信永道,20.0700000000,21.1000000000,56893175.0000000000,2795805.0000000000,-0.0488200000,0.5689317500,AKShare stock_zh_a_spot / 新浪
920593,鼎智科技,23.8400000000,24.3000000000,69639073.0000000000,2901205.0000000000,-0.0189300000,0.6963907300,AKShare stock_zh_a_spot / 新浪
920599,同力股份,16.8000000000,16.5900000000,28713310.0000000000,1719937.0000000000,0.0126600000,0.2871331000,AKShare stock_zh_a_spot / 新浪
920608,丰安股份,13.7300000000,13.6700000000,2537291.0000000000,183939.0000000000,0.0043900000,0.0253729100,AKShare stock_zh_a_spot / 新浪
920627,力王股份,13.5500000000,13.6500000000,9482036.0000000000,697791.0000000000,-0.0073300000,0.0948203600,AKShare stock_zh_a_spot / 新浪
920634,新威凌,16.3200000000,16.3300000000,13787559.0000000000,830738.0000000000,-0.0006100000,0.1378755900,AKShare stock_zh_a_spot / 新浪
920639,晨光电缆,6.2000000000,6.1500000000,5634682.0000000000,908211.0000000000,0.0081300000,0.0563468200,AKShare stock_zh_a_spot / 新浪
920640,富士达,25.1400000000,25.3500000000,64563000.0000000000,2546501.0000000000,-0.0082800000,0.6456300000,AKShare stock_zh_a_spot / 新浪
920641,格利尔,14.1300000000,13.9300000000,48441141.0000000000,3444046.0000000000,0.0143600000,0.4844114100,AKShare stock_zh_a_spot / 新浪
920642,通易航天,9.9200000000,10.0100000000,23140426.0000000000,2319229.0000000000,-0.0089900000,0.2314042600,AKShare stock_zh_a_spot / 新浪
920651,天罡股份,25.7300000000,25.9800000000,22213178.0000000000,858202.0000000000,-0.0096200000,0.2221317800,AKShare stock_zh_a_spot / 新浪
920656,海昇药业,14.6600000000,14.2600000000,16260784.0000000000,1109576.0000000000,0.0280500000,0.1626078400,AKShare stock_zh_a_spot / 新浪
920662,方盛股份,18.3000000000,18.7200000000,27028556.0000000000,1462951.0000000000,-0.0224400000,0.2702855600,AKShare stock_zh_a_spot / 新浪
920663,明阳科技,12.7100000000,12.5600000000,3865641.0000000000,303197.0000000000,0.0119400000,0.0386564100,AKShare stock_zh_a_spot / 新浪
920665,科强股份,8.5700000000,8.6000000000,7451482.0000000000,865043.0000000000,-0.0034900000,0.0745148200,AKShare stock_zh_a_spot / 新浪
920670,数字人,12.6000000000,12.4100000000,16600553.0000000000,1297641.0000000000,0.0153100000,0.1660055300,AKShare stock_zh_a_spot / 新浪
920675,秉扬科技,7.2900000000,7.2500000000,5048864.0000000000,689952.0000000000,0.0055200000,0.0504886400,AKShare stock_zh_a_spot / 新浪
920679,前进科技,15.5400000000,15.4900000000,3634939.0000000000,234760.0000000000,0.0032300000,0.0363493900,AKShare stock_zh_a_spot / 新浪
920682,球冠电缆,5.7100000000,5.6900000000,8015974.0000000000,1403184.0000000000,0.0035100000,0.0801597400,AKShare stock_zh_a_spot / 新浪
920685,新芝生物,12.5500000000,12.1000000000,36719880.0000000000,2885068.0000000000,0.0371900000,0.3671988000,AKShare stock_zh_a_spot / 新浪
920689,克莱特,19.9100000000,19.5800000000,7780114.0000000000,391201.0000000000,0.0168500000,0.0778011400,AKShare stock_zh_a_spot / 新浪
920690,捷众科技,16.4500000000,16.6500000000,20529134.0000000000,1238200.0000000000,-0.0120100000,0.2052913400,AKShare stock_zh_a_spot / 新浪
920693,阿为特,22.4900000000,22.2600000000,11069879.0000000000,495704.0000000000,0.0103300000,0.1106987900,AKShare stock_zh_a_spot / 新浪
920694,中裕科技,15.1400000000,14.7500000000,7891115.0000000000,527814.0000000000,0.0264400000,0.0789111500,AKShare stock_zh_a_spot / 新浪
920699,海达尔,83.0800000000,86.2000000000,96939086.0000000000,1142483.0000000000,-0.0361900000,0.9693908600,AKShare stock_zh_a_spot / 新浪
920701,豪声电子,13.6300000000,13.3200000000,24824931.0000000000,1816178.0000000000,0.0232700000,0.2482493100,AKShare stock_zh_a_spot / 新浪
920703,广厦环能,9.8100000000,9.6900000000,3938715.0000000000,400745.0000000000,0.0123800000,0.0393871500,AKShare stock_zh_a_spot / 新浪
920706,铁拓机械,13.5900000000,13.7400000000,10552463.0000000000,770355.0000000000,-0.0109200000,0.1055246300,AKShare stock_zh_a_spot / 新浪
920717,瑞星股份,8.1400000000,8.3200000000,7005615.0000000000,856401.0000000000,-0.0216300000,0.0700561500,AKShare stock_zh_a_spot / 新浪
920718,合肥高科,9.7000000000,9.6600000000,2027551.0000000000,209452.0000000000,0.0041400000,0.0202755100,AKShare stock_zh_a_spot / 新浪
920719,宁新新材,7.3600000000,7.5300000000,17259078.0000000000,2339741.0000000000,-0.0225800000,0.1725907800,AKShare stock_zh_a_spot / 新浪
920720,吉冈精密,9.4000000000,9.4400000000,7113827.0000000000,752896.0000000000,-0.0042400000,0.0711382700,AKShare stock_zh_a_spot / 新浪
920725,惠丰钻石,74.5000000000,79.1100000000,337366345.0000000000,4466464.0000000000,-0.0582700000,3.3736634500,AKShare stock_zh_a_spot / 新浪
920726,朱老六,16.2200000000,16.1500000000,39911382.0000000000,2459027.0000000000,0.0043300000,0.3991138200,AKShare stock_zh_a_spot / 新浪
920729,永顺生物,7.4000000000,7.0000000000,20213921.0000000000,2769615.0000000000,0.0571400000,0.2021392100,AKShare stock_zh_a_spot / 新浪
920735,德源药业,24.7200000000,24.1100000000,77690309.0000000000,3088471.0000000000,0.0253000000,0.7769030900,AKShare stock_zh_a_spot / 新浪
920748,路桥信息,23.9900000000,23.3500000000,29464160.0000000000,1228266.0000000000,0.0274100000,0.2946416000,AKShare stock_zh_a_spot / 新浪
920751,惠同新材,15.9700000000,16.2000000000,9684046.0000000000,602640.0000000000,-0.0142000000,0.0968404600,AKShare stock_zh_a_spot / 新浪
920753,天纺标,15.3300000000,15.7600000000,17858642.0000000000,1144383.0000000000,-0.0272800000,0.1785864200,AKShare stock_zh_a_spot / 新浪
920765,美之高,14.5900000000,13.6300000000,39671473.0000000000,2753809.0000000000,0.0704300000,0.3967147300,AKShare stock_zh_a_spot / 新浪
920768,拾比佰,7.0500000000,7.0500000000,4414791.0000000000,628518.0000000000,0.0000000000,0.0441479100,AKShare stock_zh_a_spot / 新浪
920770,艾能聚,9.9800000000,10.0300000000,11328144.0000000000,1129516.0000000000,-0.0049900000,0.1132814400,AKShare stock_zh_a_spot / 新浪
920779,武汉蓝电,22.2900000000,22.3400000000,9369663.0000000000,416084.0000000000,-0.0022400000,0.0936966300,AKShare stock_zh_a_spot / 新浪
920781,瑞奇智造,5.5200000000,5.5700000000,9328240.0000000000,1682205.0000000000,-0.0089800000,0.0932824000,AKShare stock_zh_a_spot / 新浪
920786,骑士乳业,7.2000000000,7.1200000000,67296089.0000000000,9406731.0000000000,0.0112400000,0.6729608900,AKShare stock_zh_a_spot / 新浪
920790,联迪信息,20.6100000000,21.0000000000,35974430.0000000000,1707288.0000000000,-0.0185700000,0.3597443000,AKShare stock_zh_a_spot / 新浪
920792,东和新材,9.6200000000,9.5800000000,1780934.0000000000,184322.0000000000,0.0041800000,0.0178093400,AKShare stock_zh_a_spot / 新浪
920799,艾融软件,32.0700000000,31.2600000000,160368251.0000000000,5004357.0000000000,0.0259100000,1.6036825100,AKShare stock_zh_a_spot / 新浪
920802,保丽洁,10.3300000000,10.1200000000,8872905.0000000000,859689.0000000000,0.0207500000,0.0887290500,AKShare stock_zh_a_spot / 新浪
920806,云星宇,10.0800000000,10.0700000000,13369145.0000000000,1320173.0000000000,0.0009900000,0.1336914500,AKShare stock_zh_a_spot / 新浪
920807,奔朗新材,9.3400000000,9.3100000000,18647062.0000000000,1979654.0000000000,0.0032200000,0.1864706200,AKShare stock_zh_a_spot / 新浪
920808,曙光数创,59.2900000000,59.3800000000,58913856.0000000000,987645.0000000000,-0.0015200000,0.5891385600,AKShare stock_zh_a_spot / 新浪
920809,安达科技,7.4800000000,7.5100000000,46437282.0000000000,6182318.0000000000,-0.0039900000,0.4643728200,AKShare stock_zh_a_spot / 新浪
920810,春光智能,9.1800000000,8.7600000000,40620595.0000000000,4486585.0000000000,0.0479500000,0.4062059500,AKShare stock_zh_a_spot / 新浪
920819,颖泰生物,3.0100000000,3.0000000000,22191528.0000000000,7349419.0000000000,0.0033300000,0.2219152800,AKShare stock_zh_a_spot / 新浪
920821,则成电子,17.7000000000,17.5700000000,27032991.0000000000,1519209.0000000000,0.0074000000,0.2703299100,AKShare stock_zh_a_spot / 新浪
920826,盖世食品,8.8400000000,8.9500000000,48473367.0000000000,5460737.0000000000,-0.0122900000,0.4847336700,AKShare stock_zh_a_spot / 新浪
920832,齐鲁华信,6.1500000000,6.1300000000,1915117.0000000000,311461.0000000000,0.0032600000,0.0191511700,AKShare stock_zh_a_spot / 新浪
920833,美心翼申,9.6200000000,9.6900000000,7409411.0000000000,757823.0000000000,-0.0072200000,0.0740941100,AKShare stock_zh_a_spot / 新浪
920834,三维装备,9.4500000000,9.7700000000,11893205.0000000000,1251502.0000000000,-0.0327500000,0.1189320500,AKShare stock_zh_a_spot / 新浪
920837,华原股份,9.5400000000,9.5800000000,5335410.0000000000,555600.0000000000,-0.0041800000,0.0533541000,AKShare stock_zh_a_spot / 新浪
920839,万通液压,24.1500000000,24.4500000000,10173352.0000000000,418142.0000000000,-0.0122700000,0.1017335200,AKShare stock_zh_a_spot / 新浪
920855,浙江大农,12.4400000000,12.5000000000,5579992.0000000000,449878.0000000000,-0.0048000000,0.0557999200,AKShare stock_zh_a_spot / 新浪
920856,浩淼科技,14.2400000000,14.0700000000,55764265.0000000000,3986937.0000000000,0.0120800000,0.5576426500,AKShare stock_zh_a_spot / 新浪
920857,泓禧科技,21.4900000000,20.4000000000,36425228.0000000000,1719684.0000000000,0.0534300000,0.3642522800,AKShare stock_zh_a_spot / 新浪
920866,绿亨科技,6.4100000000,6.2900000000,39476592.0000000000,6194227.0000000000,0.0190800000,0.3947659200,AKShare stock_zh_a_spot / 新浪
920870,恒进感应,11.5800000000,11.5400000000,11678985.0000000000,1008979.0000000000,0.0034700000,0.1167898500,AKShare stock_zh_a_spot / 新浪
920871,派特尔,10.9000000000,10.8300000000,8870487.0000000000,808673.0000000000,0.0064600000,0.0887048700,AKShare stock_zh_a_spot / 新浪
920873,中设咨询,6.9400000000,6.7900000000,11298786.0000000000,1633501.0000000000,0.0220900000,0.1129878600,AKShare stock_zh_a_spot / 新浪
920876,慧为智能,16.1200000000,16.0800000000,13994483.0000000000,867052.0000000000,0.0024900000,0.1399448300,AKShare stock_zh_a_spot / 新浪
920879,基康技术,12.5900000000,12.4800000000,8573506.0000000000,682114.0000000000,0.0088100000,0.0857350600,AKShare stock_zh_a_spot / 新浪
920885,星辰科技,12.2200000000,12.8600000000,43897617.0000000000,3520763.0000000000,-0.0497700000,0.4389761700,AKShare stock_zh_a_spot / 新浪
920892,广咨国际,10.3900000000,10.2200000000,6459815.0000000000,622189.0000000000,0.0166300000,0.0645981500,AKShare stock_zh_a_spot / 新浪
920895,花溪科技,12.7600000000,12.7700000000,6395725.0000000000,502732.0000000000,-0.0007800000,0.0639572500,AKShare stock_zh_a_spot / 新浪
920896,旺成科技,12.0100000000,12.0300000000,5058206.0000000000,420886.0000000000,-0.0016600000,0.0505820600,AKShare stock_zh_a_spot / 新浪
920906,舜宇精工,15.8500000000,16.0700000000,7393189.0000000000,458751.0000000000,-0.0136900000,0.0739318900,AKShare stock_zh_a_spot / 新浪
920914,远航精密,17.2900000000,17.2800000000,13439958.0000000000,778970.0000000000,0.0005800000,0.1343995800,AKShare stock_zh_a_spot / 新浪
920924,广脉科技,14.4000000000,14.4800000000,17747896.0000000000,1228972.0000000000,-0.0055200000,0.1774789600,AKShare stock_zh_a_spot / 新浪
920925,锦好医疗,12.0600000000,11.8500000000,12832041.0000000000,1052065.0000000000,0.0177200000,0.1283204100,AKShare stock_zh_a_spot / 新浪
920926,鸿智科技,10.0700000000,10.1100000000,3403372.0000000000,335283.0000000000,-0.0039600000,0.0340337200,AKShare stock_zh_a_spot / 新浪
920931,无锡鼎邦,10.8900000000,10.9700000000,29246322.0000000000,2693933.0000000000,-0.0072900000,0.2924632200,AKShare stock_zh_a_spot / 新浪
920932,科达自控,11.8200000000,12.0200000000,17038405.0000000000,1422944.0000000000,-0.0166400000,0.1703840500,AKShare stock_zh_a_spot / 新浪
920942,恒立钻具,16.7300000000,16.6400000000,7023601.0000000000,417396.0000000000,0.0054100000,0.0702360100,AKShare stock_zh_a_spot / 新浪
920943,优机股份,16.0600000000,16.8100000000,83030431.0000000000,5156353.0000000000,-0.0446200000,0.8303043100,AKShare stock_zh_a_spot / 新浪
920946,森萱医药,11.2000000000,10.0200000000,362430794.0000000000,29518208.0000000000,0.1177600000,3.6243079400,AKShare stock_zh_a_spot / 新浪
920950,迅安科技,12.7900000000,12.6800000000,1924685.0000000000,150516.0000000000,0.0086800000,0.0192468500,AKShare stock_zh_a_spot / 新浪
920953,国子软件,22.3800000000,23.2600000000,65907773.0000000000,2866086.0000000000,-0.0378300000,0.6590777300,AKShare stock_zh_a_spot / 新浪
920957,汉维科技,9.4600000000,9.1800000000,8133060.0000000000,866808.0000000000,0.0305000000,0.0813306000,AKShare stock_zh_a_spot / 新浪
920961,创远信科,19.1200000000,19.2500000000,38228658.0000000000,1998664.0000000000,-0.0067500000,0.3822865800,AKShare stock_zh_a_spot / 新浪
920964,润农节水,4.7700000000,4.8200000000,30423304.0000000000,6293656.0000000000,-0.0103700000,0.3042330400,AKShare stock_zh_a_spot / 新浪
920970,大禹生物,6.3100000000,6.1800000000,27494430.0000000000,4408855.0000000000,0.0210400000,0.2749443000,AKShare stock_zh_a_spot / 新浪
920971,天马新材,25.9900000000,26.1100000000,62288251.0000000000,2393339.0000000000,-0.0046000000,0.6228825100,AKShare stock_zh_a_spot / 新浪
920974,凯大催化,6.2100000000,6.1400000000,8816760.0000000000,1426475.0000000000,0.0114000000,0.0881676000,AKShare stock_zh_a_spot / 新浪
920976,视声智能,16.8000000000,16.6400000000,7221649.0000000000,430047.0000000000,0.0096200000,0.0722164900,AKShare stock_zh_a_spot / 新浪
920978,开特股份,19.4000000000,19.5400000000,17285411.0000000000,888660.0000000000,-0.0071600000,0.1728541100,AKShare stock_zh_a_spot / 新浪
920981,晶赛科技,29.0600000000,29.4200000000,46259754.0000000000,1582981.0000000000,-0.0122400000,0.4625975400,AKShare stock_zh_a_spot / 新浪
920982,锦波生物,123.7500000000,120.2000000000,219058851.0000000000,1727137.0000000000,0.0295300000,2.1905885100,AKShare stock_zh_a_spot / 新浪
920985,海泰新能,4.6200000000,4.6400000000,8864912.0000000000,1908338.0000000000,-0.0043100000,0.0886491200,AKShare stock_zh_a_spot / 新浪
920992,中科美菱,11.6000000000,11.3900000000,10238361.0000000000,881221.0000000000,0.0184400000,0.1023836100,AKShare stock_zh_a_spot / 新浪
600000,浦发银行,9.1100000000,9.0800000000,609806476.0000000000,67301818.0000000000,0.0033000000,6.0980647600,AKShare stock_zh_a_spot / 新浪
600004,白云机场,7.5500000000,7.4400000000,93944503.0000000000,12495426.0000000000,0.0147800000,0.9394450300,AKShare stock_zh_a_spot / 新浪
600006,东风股份,5.3100000000,5.2100000000,70394425.0000000000,13301500.0000000000,0.0191900000,0.7039442500,AKShare stock_zh_a_spot / 新浪
600007,中国国贸,18.9300000000,18.9100000000,50296638.0000000000,2659800.0000000000,0.0010600000,0.5029663800,AKShare stock_zh_a_spot / 新浪
600008,首创环保,2.8300000000,2.8000000000,171619051.0000000000,60822315.0000000000,0.0107100000,1.7161905100,AKShare stock_zh_a_spot / 新浪
600009,上海机场,23.2700000000,22.9500000000,249263545.0000000000,10699388.0000000000,0.0139400000,2.4926354500,AKShare stock_zh_a_spot / 新浪
600010,包钢股份,2.1800000000,2.1700000000,577268232.0000000000,263994608.0000000000,0.0046100000,5.7726823200,AKShare stock_zh_a_spot / 新浪
600011,华能国际,6.6600000000,6.6800000000,399051340.0000000000,59863182.0000000000,-0.0029900000,3.9905134000,AKShare stock_zh_a_spot / 新浪
600012,皖通高速,15.6500000000,15.8700000000,83892245.0000000000,5336723.0000000000,-0.0138600000,0.8389224500,AKShare stock_zh_a_spot / 新浪
600015,华夏银行,6.7300000000,6.5900000000,643928225.0000000000,96970900.0000000000,0.0212400000,6.4392822500,AKShare stock_zh_a_spot / 新浪
600016,民生银行,3.4700000000,3.4300000000,841787024.0000000000,244770025.0000000000,0.0116600000,8.4178702400,AKShare stock_zh_a_spot / 新浪
600017,日照港,2.6800000000,2.6700000000,87834823.0000000000,32808428.0000000000,0.0037500000,0.8783482300,AKShare stock_zh_a_spot / 新浪
600018,上港集团,5.2000000000,5.1700000000,243599046.0000000000,46874083.0000000000,0.0058000000,2.4359904600,AKShare stock_zh_a_spot / 新浪
600019,宝钢股份,5.8900000000,5.9100000000,510573857.0000000000,86513915.0000000000,-0.0033800000,5.1057385700,AKShare stock_zh_a_spot / 新浪
600020,中原高速,3.7800000000,3.7400000000,56137227.0000000000,14950599.0000000000,0.0107000000,0.5613722700,AKShare stock_zh_a_spot / 新浪
600021,上海电力,13.6300000000,13.6300000000,272713683.0000000000,19984215.0000000000,0.0000000000,2.7271368300,AKShare stock_zh_a_spot / 新浪
600022,山东钢铁,1.3200000000,1.3000000000,80757392.0000000000,61665399.0000000000,0.0153800000,0.8075739200,AKShare stock_zh_a_spot / 新浪
600023,浙能电力,4.8800000000,4.8500000000,109770838.0000000000,22542039.0000000000,0.0061900000,1.0977083800,AKShare stock_zh_a_spot / 新浪
600025,华能水电,9.6500000000,9.7600000000,322931270.0000000000,33422297.0000000000,-0.0112700000,3.2293127000,AKShare stock_zh_a_spot / 新浪
600026,中远海能,18.3100000000,18.3200000000,1697511895.0000000000,90771737.0000000000,-0.0005500000,16.9751189500,AKShare stock_zh_a_spot / 新浪
600027,华电国际,4.5100000000,4.5000000000,215254145.0000000000,47600671.0000000000,0.0022200000,2.1525414500,AKShare stock_zh_a_spot / 新浪
600028,中国石化,5.1400000000,5.1600000000,971936710.0000000000,189380233.0000000000,-0.0038800000,9.7193671000,AKShare stock_zh_a_spot / 新浪
600029,南方航空,5.0300000000,4.9900000000,193294966.0000000000,38532539.0000000000,0.0080200000,1.9329496600,AKShare stock_zh_a_spot / 新浪
600030,中信证券,27.0400000000,27.1500000000,2504022350.0000000000,92643071.0000000000,-0.0040500000,25.0402235000,AKShare stock_zh_a_spot / 新浪
600031,三一重工,19.0500000000,18.9300000000,1025777512.0000000000,53670875.0000000000,0.0063400000,10.2577751200,AKShare stock_zh_a_spot / 新浪
600032,浙江新能,6.7800000000,6.7600000000,78244564.0000000000,11534401.0000000000,0.0029600000,0.7824456400,AKShare stock_zh_a_spot / 新浪
600033,福建高速,3.5500000000,3.5400000000,82078229.0000000000,23073555.0000000000,0.0028200000,0.8207822900,AKShare stock_zh_a_spot / 新浪
600035,楚天高速,3.3800000000,3.3600000000,38356664.0000000000,11397622.0000000000,0.0059500000,0.3835666400,AKShare stock_zh_a_spot / 新浪
600036,招商银行,38.8600000000,39.1500000000,2899498644.0000000000,74785718.0000000000,-0.0074100000,28.9949864400,AKShare stock_zh_a_spot / 新浪
600037,歌华有线,6.8600000000,6.8200000000,81744122.0000000000,11881400.0000000000,0.0058700000,0.8174412200,AKShare stock_zh_a_spot / 新浪
600038,中直股份,26.5100000000,25.8100000000,181778847.0000000000,6892100.0000000000,0.0271200000,1.8177884700,AKShare stock_zh_a_spot / 新浪
600039,四川路桥,8.3500000000,8.5000000000,139254571.0000000000,16526828.0000000000,-0.0176500000,1.3925457100,AKShare stock_zh_a_spot / 新浪
600048,保利发展,5.2500000000,5.2300000000,1095231493.0000000000,206228010.0000000000,0.0038200000,10.9523149300,AKShare stock_zh_a_spot / 新浪
600050,中国联通,4.2500000000,4.1700000000,794590955.0000000000,189000443.0000000000,0.0191800000,7.9459095500,AKShare stock_zh_a_spot / 新浪
600051,宁波联合,6.3600000000,6.2300000000,25518444.0000000000,4033000.0000000000,0.0208700000,0.2551844400,AKShare stock_zh_a_spot / 新浪
600052,东望时代,3.8800000000,3.7400000000,42844205.0000000000,11126204.0000000000,0.0374300000,0.4284420500,AKShare stock_zh_a_spot / 新浪
600054,黄山旅游,11.2500000000,11.0900000000,63771593.0000000000,5679186.0000000000,0.0144300000,0.6377159300,AKShare stock_zh_a_spot / 新浪
600055,万东医疗,11.5400000000,10.8900000000,130656200.0000000000,11384560.0000000000,0.0596900000,1.3065620000,AKShare stock_zh_a_spot / 新浪
600056,中国医药,9.6000000000,9.3600000000,236821888.0000000000,24700119.0000000000,0.0256400000,2.3682188800,AKShare stock_zh_a_spot / 新浪
600057,厦门象屿,6.2600000000,6.3200000000,113441508.0000000000,18131100.0000000000,-0.0094900000,1.1344150800,AKShare stock_zh_a_spot / 新浪
600058,五矿发展,10.6000000000,10.5900000000,76417748.0000000000,7202817.0000000000,0.0009400000,0.7641774800,AKShare stock_zh_a_spot / 新浪
600059,古越龙山,7.9400000000,8.0300000000,120698656.0000000000,15128000.0000000000,-0.0112100000,1.2069865600,AKShare stock_zh_a_spot / 新浪
600060,海信视像,25.9300000000,25.9100000000,130906649.0000000000,5028349.0000000000,0.0007700000,1.3090664900,AKShare stock_zh_a_spot / 新浪
600061,国投资本,6.2500000000,6.2000000000,129122609.0000000000,20717212.0000000000,0.0080600000,1.2912260900,AKShare stock_zh_a_spot / 新浪
600062,华润双鹤,16.2100000000,15.8600000000,187958564.0000000000,11613738.0000000000,0.0220700000,1.8795856400,AKShare stock_zh_a_spot / 新浪
600063,皖维高新,5.8600000000,5.8500000000,178826044.0000000000,30344408.0000000000,0.0017100000,1.7882604400,AKShare stock_zh_a_spot / 新浪
600064,南京高科,7.7400000000,7.6200000000,156953905.0000000000,20308222.0000000000,0.0157500000,1.5695390500,AKShare stock_zh_a_spot / 新浪
600066,宇通客车,30.0500000000,29.8300000000,379787484.0000000000,12761462.0000000000,0.0073800000,3.7978748400,AKShare stock_zh_a_spot / 新浪
600067,冠城新材,2.7900000000,2.7200000000,43157693.0000000000,15512476.0000000000,0.0257400000,0.4315769300,AKShare stock_zh_a_spot / 新浪
600071,凤凰光学,15.6900000000,15.5300000000,25717051.0000000000,1637800.0000000000,0.0103000000,0.2571705100,AKShare stock_zh_a_spot / 新浪
600072,中船科技,8.6100000000,8.5500000000,80096858.0000000000,9311852.0000000000,0.0070200000,0.8009685800,AKShare stock_zh_a_spot / 新浪
600073,光明肉业,5.4300000000,5.2600000000,79702623.0000000000,14923243.0000000000,0.0323200000,0.7970262300,AKShare stock_zh_a_spot / 新浪
600075,新疆天业,4.6600000000,4.5800000000,113371550.0000000000,24536071.0000000000,0.0174700000,1.1337155000,AKShare stock_zh_a_spot / 新浪
600076,康欣新材,3.1100000000,3.0600000000,54721556.0000000000,17437501.0000000000,0.0163400000,0.5472155600,AKShare stock_zh_a_spot / 新浪
600078,澄星股份,10.6700000000,10.6500000000,211090905.0000000000,19539443.0000000000,0.0018800000,2.1109090500,AKShare stock_zh_a_spot / 新浪
600081,东风科技,10.1000000000,9.9100000000,18759605.0000000000,1865525.0000000000,0.0191700000,0.1875960500,AKShare stock_zh_a_spot / 新浪
600085,同仁堂,24.4400000000,24.0600000000,171568870.0000000000,7022731.0000000000,0.0157900000,1.7156887000,AKShare stock_zh_a_spot / 新浪
600088,中视传媒,11.4500000000,11.2700000000,33986688.0000000000,2980755.0000000000,0.0159700000,0.3398668800,AKShare stock_zh_a_spot / 新浪
600089,特变电工,20.0500000000,20.3100000000,1126027901.0000000000,55766322.0000000000,-0.0128000000,11.2602790100,AKShare stock_zh_a_spot / 新浪
600094,大名城,3.9400000000,3.9000000000,57209146.0000000000,14496700.0000000000,0.0102600000,0.5720914600,AKShare stock_zh_a_spot / 新浪
600095,湘财股份,7.7300000000,7.6800000000,119765999.0000000000,15537600.0000000000,0.0065100000,1.1976599900,AKShare stock_zh_a_spot / 新浪
600096,云天化,29.8300000000,29.7900000000,1074209000.0000000000,35803422.0000000000,0.0013400000,10.7420900000,AKShare stock_zh_a_spot / 新浪
600097,开创国际,8.5700000000,8.4300000000,34612237.0000000000,4040500.0000000000,0.0166100000,0.3461223700,AKShare stock_zh_a_spot / 新浪
600098,广州发展,6.2500000000,6.2000000000,104364804.0000000000,16701229.0000000000,0.0080600000,1.0436480400,AKShare stock_zh_a_spot / 新浪
600099,林海股份,9.0000000000,8.8000000000,23046226.0000000000,2566848.0000000000,0.0227300000,0.2304622600,AKShare stock_zh_a_spot / 新浪
600100,同方股份,6.6600000000,6.6000000000,124225482.0000000000,18585734.0000000000,0.0090900000,1.2422548200,AKShare stock_zh_a_spot / 新浪
600101,明星电力,7.8500000000,7.8200000000,36466778.0000000000,4645040.0000000000,0.0038400000,0.3646677800,AKShare stock_zh_a_spot / 新浪
600103,青山纸业,2.8700000000,2.8200000000,174393330.0000000000,61023116.0000000000,0.0177300000,1.7439333000,AKShare stock_zh_a_spot / 新浪
600104,上汽集团,10.1800000000,9.9900000000,433985207.0000000000,42915494.0000000000,0.0190200000,4.3398520700,AKShare stock_zh_a_spot / 新浪
600105,永鼎股份,38.8500000000,37.9400000000,4899196881.0000000000,126836155.0000000000,0.0239900000,48.9919688100,AKShare stock_zh_a_spot / 新浪
600106,重庆路桥,4.3200000000,4.2300000000,45287215.0000000000,10543961.0000000000,0.0212800000,0.4528721500,AKShare stock_zh_a_spot / 新浪
600108,亚盛集团,3.4100000000,3.4900000000,827843930.0000000000,245579775.0000000000,-0.0229200000,8.2784393000,AKShare stock_zh_a_spot / 新浪
600109,国金证券,8.5000000000,8.4700000000,129674992.0000000000,15307772.0000000000,0.0035400000,1.2967499200,AKShare stock_zh_a_spot / 新浪
600110,诺德股份,9.7600000000,9.8700000000,924936999.0000000000,93832555.0000000000,-0.0111400000,9.2493699900,AKShare stock_zh_a_spot / 新浪
600111,北方稀土,39.7800000000,41.0700000000,2528186366.0000000000,62377657.0000000000,-0.0314100000,25.2818636600,AKShare stock_zh_a_spot / 新浪
600113,浙江东日,30.8500000000,31.6800000000,333303715.0000000000,10847388.0000000000,-0.0262000000,3.3330371500,AKShare stock_zh_a_spot / 新浪
600114,东睦股份,29.8000000000,28.2000000000,651504899.0000000000,22093918.0000000000,0.0567400000,6.5150489900,AKShare stock_zh_a_spot / 新浪
600115,中国东航,3.4800000000,3.4500000000,424845477.0000000000,122388599.0000000000,0.0087000000,4.2484547700,AKShare stock_zh_a_spot / 新浪
600116,三峡水利,6.3100000000,6.3600000000,88359108.0000000000,13937200.0000000000,-0.0078600000,0.8835910800,AKShare stock_zh_a_spot / 新浪
600117,西宁特钢,2.2600000000,2.2200000000,27825835.0000000000,12391401.0000000000,0.0180200000,0.2782583500,AKShare stock_zh_a_spot / 新浪
600118,中国卫星,61.4400000000,67.5100000000,4194847750.0000000000,66478260.0000000000,-0.0899100000,41.9484775000,AKShare stock_zh_a_spot / 新浪
600120,浙江东方,4.8000000000,4.7600000000,141768518.0000000000,29638990.0000000000,0.0084000000,1.4176851800,AKShare stock_zh_a_spot / 新浪
600121,郑州煤电,3.9700000000,4.1700000000,495043345.0000000000,123682462.0000000000,-0.0479600000,4.9504334500,AKShare stock_zh_a_spot / 新浪
600123,兰花科创,7.2700000000,7.2800000000,195415233.0000000000,26571442.0000000000,-0.0013700000,1.9541523300,AKShare stock_zh_a_spot / 新浪
600125,铁龙物流,5.4600000000,5.4000000000,46085207.0000000000,8478829.0000000000,0.0111100000,0.4608520700,AKShare stock_zh_a_spot / 新浪
600126,杭钢股份,6.9700000000,6.8300000000,501769390.0000000000,72729725.0000000000,0.0205000000,5.0176939000,AKShare stock_zh_a_spot / 新浪
600127,金健米业,8.6000000000,7.8200000000,2357097467.0000000000,278581258.0000000000,0.0997400000,23.5709746700,AKShare stock_zh_a_spot / 新浪
600128,苏豪弘业,8.2600000000,8.1300000000,29242168.0000000000,3549500.0000000000,0.0159900000,0.2924216800,AKShare stock_zh_a_spot / 新浪
600129,太极集团,16.6300000000,15.4000000000,904743912.0000000000,55027277.0000000000,0.0798700000,9.0474391200,AKShare stock_zh_a_spot / 新浪
600130,波导股份,4.3100000000,4.3100000000,80766988.0000000000,18723800.0000000000,0.0000000000,0.8076698800,AKShare stock_zh_a_spot / 新浪
600131,国网信通,15.4500000000,15.4300000000,72501370.0000000000,4685300.0000000000,0.0013000000,0.7250137000,AKShare stock_zh_a_spot / 新浪
600132,重庆啤酒,41.1500000000,42.5100000000,310541375.0000000000,7505540.0000000000,-0.0319900000,3.1054137500,AKShare stock_zh_a_spot / 新浪
600133,东湖高新,8.2600000000,8.1700000000,96774780.0000000000,11721903.0000000000,0.0110200000,0.9677478000,AKShare stock_zh_a_spot / 新浪
600135,乐凯胶片,7.2500000000,7.1300000000,38266218.0000000000,5291769.0000000000,0.0168300000,0.3826621800,AKShare stock_zh_a_spot / 新浪
600137,浪莎股份,17.9500000000,17.6500000000,16273325.0000000000,909600.0000000000,0.0170000000,0.1627332500,AKShare stock_zh_a_spot / 新浪
600138,中青旅,7.0500000000,6.9000000000,61942000.0000000000,8827254.0000000000,0.0217400000,0.6194200000,AKShare stock_zh_a_spot / 新浪
600141,兴发集团,30.8600000000,31.4300000000,965918840.0000000000,30990098.0000000000,-0.0181400000,9.6591884000,AKShare stock_zh_a_spot / 新浪
600143,金发科技,14.1400000000,14.8300000000,903312399.0000000000,63359957.0000000000,-0.0465300000,9.0331239900,AKShare stock_zh_a_spot / 新浪
600148,长春一东,15.3300000000,15.0600000000,12998874.0000000000,849100.0000000000,0.0179300000,0.1299887400,AKShare stock_zh_a_spot / 新浪
600149,廊坊发展,5.0500000000,4.8300000000,96897757.0000000000,19287517.0000000000,0.0455500000,0.9689775700,AKShare stock_zh_a_spot / 新浪
600150,中国船舶,32.9900000000,33.1400000000,1914841167.0000000000,57601765.0000000000,-0.0045300000,19.1484116700,AKShare stock_zh_a_spot / 新浪
600151,航天机电,9.6000000000,9.7500000000,256706649.0000000000,26528272.0000000000,-0.0153800000,2.5670664900,AKShare stock_zh_a_spot / 新浪
600152,维科技术,7.8400000000,7.8700000000,93584169.0000000000,11932700.0000000000,-0.0038100000,0.9358416900,AKShare stock_zh_a_spot / 新浪
600153,建发股份,9.1500000000,8.8400000000,286164964.0000000000,31604804.0000000000,0.0350700000,2.8616496400,AKShare stock_zh_a_spot / 新浪
600155,华创云信,5.7700000000,5.7300000000,102706759.0000000000,17808598.0000000000,0.0069800000,1.0270675900,AKShare stock_zh_a_spot / 新浪
600156,华升股份,7.8900000000,7.8800000000,56344370.0000000000,7100300.0000000000,0.0012700000,0.5634437000,AKShare stock_zh_a_spot / 新浪
600157,永泰能源,1.5500000000,1.5400000000,405217146.0000000000,261256039.0000000000,0.0064900000,4.0521714600,AKShare stock_zh_a_spot / 新浪
600158,中体产业,6.9100000000,6.8000000000,131589222.0000000000,19161474.0000000000,0.0161800000,1.3158922200,AKShare stock_zh_a_spot / 新浪
600159,大龙地产,2.5400000000,2.4700000000,36176551.0000000000,14441100.0000000000,0.0283400000,0.3617655100,AKShare stock_zh_a_spot / 新浪
600160,巨化股份,38.7000000000,38.8000000000,1048466164.0000000000,26952601.0000000000,-0.0025800000,10.4846616400,AKShare stock_zh_a_spot / 新浪
600161,天坛生物,12.7000000000,12.2700000000,476749949.0000000000,37175845.0000000000,0.0350400000,4.7674994900,AKShare stock_zh_a_spot / 新浪
600162,香江控股,4.1900000000,4.0500000000,771424230.0000000000,184475184.0000000000,0.0345700000,7.7142423000,AKShare stock_zh_a_spot / 新浪
600163,中闽能源,4.9400000000,4.9300000000,47991793.0000000000,9707000.0000000000,0.0020300000,0.4799179300,AKShare stock_zh_a_spot / 新浪
600166,福田汽车,2.9700000000,2.9100000000,366841067.0000000000,124746127.0000000000,0.0206200000,3.6684106700,AKShare stock_zh_a_spot / 新浪
600167,联美控股,5.6300000000,5.5800000000,29254907.0000000000,5194327.0000000000,0.0089600000,0.2925490700,AKShare stock_zh_a_spot / 新浪
600168,武汉控股,4.4800000000,4.4000000000,42241056.0000000000,9474146.0000000000,0.0181800000,0.4224105600,AKShare stock_zh_a_spot / 新浪
600170,上海建工,2.2700000000,2.2300000000,287908831.0000000000,127645098.0000000000,0.0179400000,2.8790883100,AKShare stock_zh_a_spot / 新浪
600171,上海贝岭,22.4600000000,22.5100000000,206421719.0000000000,9160166.0000000000,-0.0022200000,2.0642171900,AKShare stock_zh_a_spot / 新浪
600172,黄河旋风,13.4400000000,14.4200000000,2943769995.0000000000,214252624.0000000000,-0.0679600000,29.4376999500,AKShare stock_zh_a_spot / 新浪
600173,卧龙新能,6.1600000000,6.0500000000,36498082.0000000000,5928918.0000000000,0.0181800000,0.3649808200,AKShare stock_zh_a_spot / 新浪
600176,中国巨石,41.4200000000,40.5600000000,7715502910.0000000000,187405492.0000000000,0.0212000000,77.1550291000,AKShare stock_zh_a_spot / 新浪
600177,雅戈尔,8.0000000000,7.9100000000,233595854.0000000000,29301189.0000000000,0.0113800000,2.3359585400,AKShare stock_zh_a_spot / 新浪
600178,东安动力,9.2500000000,9.0900000000,27860263.0000000000,3020202.0000000000,0.0176000000,0.2786026300,AKShare stock_zh_a_spot / 新浪
600179,安通控股,4.3000000000,4.3300000000,131216051.0000000000,30377905.0000000000,-0.0069300000,1.3121605100,AKShare stock_zh_a_spot / 新浪
600182,S佳通,13.3300000000,13.5700000000,62463231.0000000000,4638800.0000000000,-0.0176900000,0.6246323100,AKShare stock_zh_a_spot / 新浪
600183,生益科技,126.2800000000,125.4700000000,7613697163.0000000000,59615232.0000000000,0.0064600000,76.1369716300,AKShare stock_zh_a_spot / 新浪
600184,光电股份,17.3900000000,17.4300000000,170821317.0000000000,9758439.0000000000,-0.0022900000,1.7082131700,AKShare stock_zh_a_spot / 新浪
600185,珠免集团,4.5600000000,4.5000000000,97491171.0000000000,21405000.0000000000,0.0133300000,0.9749117100,AKShare stock_zh_a_spot / 新浪
600186,莲花控股,11.0200000000,11.6100000000,2698137667.0000000000,241356546.0000000000,-0.0508200000,26.9813766700,AKShare stock_zh_a_spot / 新浪
600188,兖矿能源,21.3600000000,21.8000000000,923792278.0000000000,42498661.0000000000,-0.0201800000,9.2379227800,AKShare stock_zh_a_spot / 新浪
600189,泉阳泉,7.4700000000,7.3400000000,58646533.0000000000,7940788.0000000000,0.0177100000,0.5864653300,AKShare stock_zh_a_spot / 新浪
600191,华资实业,10.5700000000,10.6900000000,98330427.0000000000,9187600.0000000000,-0.0112300000,0.9833042700,AKShare stock_zh_a_spot / 新浪
600192,长城电工,6.8100000000,6.7800000000,41191048.0000000000,6036744.0000000000,0.0044200000,0.4119104800,AKShare stock_zh_a_spot / 新浪
600195,中牧股份,6.8500000000,6.6800000000,64417752.0000000000,9453875.0000000000,0.0254500000,0.6441775200,AKShare stock_zh_a_spot / 新浪
600196,复星医药,24.8400000000,23.6300000000,2242833408.0000000000,89807503.0000000000,0.0512100000,22.4283340800,AKShare stock_zh_a_spot / 新浪
600197,伊力特,10.5600000000,10.4000000000,87374659.0000000000,8303591.0000000000,0.0153800000,0.8737465900,AKShare stock_zh_a_spot / 新浪
600198,大唐电信,7.5800000000,7.3600000000,227848803.0000000000,30376937.0000000000,0.0298900000,2.2784880300,AKShare stock_zh_a_spot / 新浪
600199,金种子酒,7.1400000000,7.1000000000,100821762.0000000000,14168068.0000000000,0.0056300000,1.0082176200,AKShare stock_zh_a_spot / 新浪
600201,生物股份,13.0000000000,13.1300000000,209963712.0000000000,15865020.0000000000,-0.0099000000,2.0996371200,AKShare stock_zh_a_spot / 新浪
600202,哈空调,5.0100000000,4.9000000000,26305756.0000000000,5292900.0000000000,0.0224500000,0.2630575600,AKShare stock_zh_a_spot / 新浪
600203,福日电子,9.8000000000,9.6300000000,142316759.0000000000,14535132.0000000000,0.0176500000,1.4231675900,AKShare stock_zh_a_spot / 新浪
600206,有研新材,56.7000000000,58.8700000000,7709775817.0000000000,137519870.0000000000,-0.0368600000,77.0977581700,AKShare stock_zh_a_spot / 新浪
600207,安彩高科,4.2900000000,4.2500000000,46868891.0000000000,10930100.0000000000,0.0094100000,0.4686889100,AKShare stock_zh_a_spot / 新浪
600208,衢州发展,2.9800000000,2.9200000000,248830713.0000000000,84082902.0000000000,0.0205500000,2.4883071300,AKShare stock_zh_a_spot / 新浪
600210,紫江企业,6.0000000000,5.9600000000,58516416.0000000000,9749200.0000000000,0.0067100000,0.5851641600,AKShare stock_zh_a_spot / 新浪
600211,西藏药业,41.8600000000,38.0500000000,596200862.0000000000,14508389.0000000000,0.1001300000,5.9620086200,AKShare stock_zh_a_spot / 新浪
600212,绿能慧充,5.5600000000,5.4800000000,29427886.0000000000,5300528.0000000000,0.0146000000,0.2942788600,AKShare stock_zh_a_spot / 新浪
600215,派斯林,6.5000000000,6.4000000000,36900360.0000000000,5676700.0000000000,0.0156300000,0.3690036000,AKShare stock_zh_a_spot / 新浪
600216,浙江医药,14.5200000000,13.9300000000,1190721234.0000000000,83512189.0000000000,0.0423500000,11.9072123400,AKShare stock_zh_a_spot / 新浪
600217,中再资环,3.1400000000,3.0600000000,41128981.0000000000,13184483.0000000000,0.0261400000,0.4112898100,AKShare stock_zh_a_spot / 新浪
600218,全柴动力,7.5700000000,7.4500000000,25566117.0000000000,3388935.0000000000,0.0161100000,0.2556611700,AKShare stock_zh_a_spot / 新浪
600219,南山铝业,4.6500000000,5.1000000000,2523157249.0000000000,529510782.0000000000,-0.0882400000,25.2315724900,AKShare stock_zh_a_spot / 新浪
600221,海航控股,1.3100000000,1.3100000000,216845011.0000000000,165409862.0000000000,0.0000000000,2.1684501100,AKShare stock_zh_a_spot / 新浪
600222,太龙药业,8.1100000000,8.1000000000,238437531.0000000000,29110490.0000000000,0.0012300000,2.3843753100,AKShare stock_zh_a_spot / 新浪
600223,福瑞达,5.6100000000,5.4300000000,50114645.0000000000,8968102.0000000000,0.0331500000,0.5011464500,AKShare stock_zh_a_spot / 新浪
600226,亨通股份,6.0300000000,6.0500000000,623553133.0000000000,102732042.0000000000,-0.0033100000,6.2355313300,AKShare stock_zh_a_spot / 新浪
600227,赤天化,3.7400000000,3.7200000000,943742680.0000000000,259519604.0000000000,0.0053800000,9.4374268000,AKShare stock_zh_a_spot / 新浪
600228,返利科技,8.2000000000,8.3800000000,193817457.0000000000,23202700.0000000000,-0.0214800000,1.9381745700,AKShare stock_zh_a_spot / 新浪
600229,城市传媒,5.1600000000,5.0400000000,16384653.0000000000,3198100.0000000000,0.0238100000,0.1638465300,AKShare stock_zh_a_spot / 新浪
600230,沧州大化,14.6900000000,14.6300000000,171950398.0000000000,11559656.0000000000,0.0041000000,1.7195039800,AKShare stock_zh_a_spot / 新浪
600231,凌钢股份,1.6800000000,1.6500000000,18213614.0000000000,10857512.0000000000,0.0181800000,0.1821361400,AKShare stock_zh_a_spot / 新浪
600232,金鹰股份,6.3200000000,6.3200000000,23966798.0000000000,3791500.0000000000,0.0000000000,0.2396679800,AKShare stock_zh_a_spot / 新浪
600233,圆通速递,17.5000000000,18.6800000000,905920805.0000000000,51436156.0000000000,-0.0631700000,9.0592080500,AKShare stock_zh_a_spot / 新浪
600234,科新发展,21.5300000000,21.1500000000,46428359.0000000000,2145800.0000000000,0.0179700000,0.4642835900,AKShare stock_zh_a_spot / 新浪
600235,民丰特纸,5.7200000000,5.6400000000,23424570.0000000000,4127119.0000000000,0.0141800000,0.2342457000,AKShare stock_zh_a_spot / 新浪
600236,桂冠电力,9.8800000000,10.0600000000,140888401.0000000000,14175684.0000000000,-0.0178900000,1.4088840100,AKShare stock_zh_a_spot / 新浪
600237,铜峰电子,8.4000000000,8.2800000000,170675204.0000000000,20298227.0000000000,0.0144900000,1.7067520400,AKShare stock_zh_a_spot / 新浪
600241,时代万恒,7.2900000000,7.1000000000,26235094.0000000000,3623512.0000000000,0.0267600000,0.2623509400,AKShare stock_zh_a_spot / 新浪
600246,万通发展,11.7000000000,12.2000000000,1340473748.0000000000,114373341.0000000000,-0.0409800000,13.4047374800,AKShare stock_zh_a_spot / 新浪
600248,陕建股份,2.9000000000,2.8500000000,57947863.0000000000,20043771.0000000000,0.0175400000,0.5794786300,AKShare stock_zh_a_spot / 新浪
600249,两面针,5.2700000000,5.1700000000,34217109.0000000000,6496400.0000000000,0.0193400000,0.3421710900,AKShare stock_zh_a_spot / 新浪
600250,南京商旅,9.2400000000,8.4000000000,248528336.0000000000,27633199.0000000000,0.1000000000,2.4852833600,AKShare stock_zh_a_spot / 新浪
600251,冠农股份,10.5100000000,9.9900000000,274886045.0000000000,26802985.0000000000,0.0520500000,2.7488604500,AKShare stock_zh_a_spot / 新浪
600252,中恒集团,2.3600000000,2.2300000000,256579904.0000000000,109600006.0000000000,0.0583000000,2.5657990400,AKShare stock_zh_a_spot / 新浪
600255,鑫科材料,3.1900000000,3.1600000000,120172309.0000000000,37544756.0000000000,0.0094900000,1.2017230900,AKShare stock_zh_a_spot / 新浪
600256,广汇能源,6.1200000000,6.1600000000,700166528.0000000000,113668525.0000000000,-0.0064900000,7.0016652800,AKShare stock_zh_a_spot / 新浪
600257,大湖股份,5.5700000000,5.5600000000,77697524.0000000000,13920014.0000000000,0.0018000000,0.7769752400,AKShare stock_zh_a_spot / 新浪
600258,首旅酒店,12.3100000000,12.1000000000,167590540.0000000000,13644796.0000000000,0.0173600000,1.6759054000,AKShare stock_zh_a_spot / 新浪
600259,中稀有色,84.7500000000,85.7700000000,842778419.0000000000,9786590.0000000000,-0.0118900000,8.4277841900,AKShare stock_zh_a_spot / 新浪
600261,阳光照明,3.2000000000,3.1500000000,38374144.0000000000,12050957.0000000000,0.0158700000,0.3837414400,AKShare stock_zh_a_spot / 新浪
600262,北方股份,14.6500000000,14.3200000000,64981300.0000000000,4445483.0000000000,0.0230400000,0.6498130000,AKShare stock_zh_a_spot / 新浪
600266,城建发展,4.3100000000,4.1600000000,301778282.0000000000,69957511.0000000000,0.0360600000,3.0177828200,AKShare stock_zh_a_spot / 新浪
600267,海正药业,14.0200000000,13.7900000000,963242162.0000000000,68594594.0000000000,0.0166800000,9.6324216200,AKShare stock_zh_a_spot / 新浪
600268,国电南自,10.5000000000,10.6100000000,159572112.0000000000,14945828.0000000000,-0.0103700000,1.5957211200,AKShare stock_zh_a_spot / 新浪
600269,赣粤高速,3.7900000000,3.7500000000,83380337.0000000000,22088595.0000000000,0.0106700000,0.8338033700,AKShare stock_zh_a_spot / 新浪
600271,航天信息,6.7400000000,6.6400000000,87752452.0000000000,13076962.0000000000,0.0150600000,0.8775245200,AKShare stock_zh_a_spot / 新浪
600272,开开实业,18.3300000000,19.5000000000,970183580.0000000000,49734520.0000000000,-0.0600000000,9.7018358000,AKShare stock_zh_a_spot / 新浪
600273,嘉化能源,6.8300000000,6.7900000000,93462202.0000000000,13659727.0000000000,0.0058900000,0.9346220200,AKShare stock_zh_a_spot / 新浪
600276,恒瑞医药,49.5000000000,52.6600000000,11929918450.0000000000,238741624.0000000000,-0.0600100000,119.2991845000,AKShare stock_zh_a_spot / 新浪
600278,东方创业,6.2300000000,6.1100000000,20811682.0000000000,3350700.0000000000,0.0196400000,0.2081168200,AKShare stock_zh_a_spot / 新浪
600279,重庆港,4.2700000000,4.2500000000,32607482.0000000000,7640750.0000000000,0.0047100000,0.3260748200,AKShare stock_zh_a_spot / 新浪
600280,中央商场,2.9900000000,2.9500000000,57383866.0000000000,19320100.0000000000,0.0135600000,0.5738386600,AKShare stock_zh_a_spot / 新浪
600281,华阳新材,4.6800000000,4.9400000000,192474860.0000000000,41275321.0000000000,-0.0526300000,1.9247486000,AKShare stock_zh_a_spot / 新浪
600282,南钢股份,4.7700000000,4.7800000000,178276485.0000000000,37171440.0000000000,-0.0020900000,1.7827648500,AKShare stock_zh_a_spot / 新浪
600283,钱江水利,7.8300000000,7.8000000000,13784092.0000000000,1758100.0000000000,0.0038500000,0.1378409200,AKShare stock_zh_a_spot / 新浪
600284,浦东建设,5.0900000000,5.0200000000,61342658.0000000000,12111920.0000000000,0.0139400000,0.6134265800,AKShare stock_zh_a_spot / 新浪
600285,羚锐制药,19.7900000000,19.9700000000,269370016.0000000000,13519425.0000000000,-0.0090100000,2.6937001600,AKShare stock_zh_a_spot / 新浪
600287,苏豪时尚,4.8600000000,4.6900000000,18816562.0000000000,3914800.0000000000,0.0362500000,0.1881656200,AKShare stock_zh_a_spot / 新浪
600288,大恒科技,11.2600000000,11.2700000000,314048863.0000000000,27852674.0000000000,-0.0008900000,3.1404886300,AKShare stock_zh_a_spot / 新浪
600292,电投水电,12.2300000000,11.9300000000,143491271.0000000000,11682972.0000000000,0.0251500000,1.4349127100,AKShare stock_zh_a_spot / 新浪
600293,三峡新材,2.8200000000,2.7500000000,63095292.0000000000,22537600.0000000000,0.0254500000,0.6309529200,AKShare stock_zh_a_spot / 新浪
600295,鄂尔多斯,13.1500000000,13.0100000000,159608280.0000000000,12227022.0000000000,0.0107600000,1.5960828000,AKShare stock_zh_a_spot / 新浪
600298,安琪酵母,42.3100000000,42.3300000000,297060907.0000000000,6990682.0000000000,-0.0004700000,2.9706090700,AKShare stock_zh_a_spot / 新浪
600299,安迪苏,8.6100000000,8.4700000000,315459905.0000000000,36663085.0000000000,0.0165300000,3.1545990500,AKShare stock_zh_a_spot / 新浪
600300,维维股份,3.2400000000,3.2200000000,83621930.0000000000,25933900.0000000000,0.0062100000,0.8362193000,AKShare stock_zh_a_spot / 新浪
600301,华锡有色,47.3400000000,47.1000000000,518995867.0000000000,10797200.0000000000,0.0051000000,5.1899586700,AKShare stock_zh_a_spot / 新浪
600303,曙光股份,2.8600000000,2.7800000000,47153558.0000000000,16650600.0000000000,0.0287800000,0.4715355800,AKShare stock_zh_a_spot / 新浪
600305,恒顺醋业,6.7200000000,6.7700000000,80587420.0000000000,12025829.0000000000,-0.0073900000,0.8058742000,AKShare stock_zh_a_spot / 新浪
600307,酒钢宏兴,1.4200000000,1.4100000000,28611304.0000000000,20070018.0000000000,0.0070900000,0.2861130400,AKShare stock_zh_a_spot / 新浪
600308,华泰股份,3.2400000000,3.1900000000,26244915.0000000000,8130840.0000000000,0.0156700000,0.2624491500,AKShare stock_zh_a_spot / 新浪
600309,万华化学,75.1600000000,73.8900000000,2838887297.0000000000,37717070.0000000000,0.0171900000,28.3888729700,AKShare stock_zh_a_spot / 新浪
600310,广西能源,4.1200000000,4.0900000000,117922266.0000000000,28816669.0000000000,0.0073300000,1.1792226600,AKShare stock_zh_a_spot / 新浪
600312,平高电气,19.2900000000,19.5900000000,476429277.0000000000,24181800.0000000000,-0.0153100000,4.7642927700,AKShare stock_zh_a_spot / 新浪
600313,农发种业,6.9200000000,7.1300000000,1384917168.0000000000,206008673.0000000000,-0.0294500000,13.8491716800,AKShare stock_zh_a_spot / 新浪
600315,上海家化,18.4000000000,17.2300000000,461903040.0000000000,24960084.0000000000,0.0679000000,4.6190304000,AKShare stock_zh_a_spot / 新浪
600316,洪都航空,28.3100000000,28.1000000000,180601676.0000000000,6355010.0000000000,0.0074700000,1.8060167600,AKShare stock_zh_a_spot / 新浪
600318,新力金融,6.5100000000,6.3300000000,57660636.0000000000,8936195.0000000000,0.0284400000,0.5766063600,AKShare stock_zh_a_spot / 新浪
600319,亚星化学,6.2500000000,6.1200000000,23159242.0000000000,3718800.0000000000,0.0212400000,0.2315924200,AKShare stock_zh_a_spot / 新浪
600320,振华重工,4.0400000000,4.0300000000,110585264.0000000000,27253766.0000000000,0.0024800000,1.1058526400,AKShare stock_zh_a_spot / 新浪
600322,津投城开,2.6600000000,2.6100000000,43349034.0000000000,16344000.0000000000,0.0191600000,0.4334903400,AKShare stock_zh_a_spot / 新浪
600323,瀚蓝环境,29.6000000000,29.9400000000,136578365.0000000000,4554057.0000000000,-0.0113600000,1.3657836500,AKShare stock_zh_a_spot / 新浪
600325,华发股份,2.3900000000,2.3200000000,267138845.0000000000,111351581.0000000000,0.0301700000,2.6713884500,AKShare stock_zh_a_spot / 新浪
600326,西藏天路,7.0400000000,7.3100000000,258019452.0000000000,36301407.0000000000,-0.0369400000,2.5801945200,AKShare stock_zh_a_spot / 新浪
600327,大东方,4.2400000000,3.8500000000,215283196.0000000000,51962044.0000000000,0.1013000000,2.1528319600,AKShare stock_zh_a_spot / 新浪
600328,中盐化工,6.2800000000,6.2700000000,72250656.0000000000,11464098.0000000000,0.0015900000,0.7225065600,AKShare stock_zh_a_spot / 新浪
600329,达仁堂,36.2800000000,35.6500000000,115135326.0000000000,3177569.0000000000,0.0176700000,1.1513532600,AKShare stock_zh_a_spot / 新浪
600330,天通股份,27.8900000000,26.6500000000,3855686827.0000000000,139103730.0000000000,0.0465300000,38.5568682700,AKShare stock_zh_a_spot / 新浪
600331,宏达股份,12.6900000000,12.3100000000,553568476.0000000000,43538567.0000000000,0.0308700000,5.5356847600,AKShare stock_zh_a_spot / 新浪
600332,白云山,21.5100000000,21.0600000000,293593762.0000000000,13731517.0000000000,0.0213700000,2.9359376200,AKShare stock_zh_a_spot / 新浪
600333,长春燃气,6.2500000000,6.2500000000,56669454.0000000000,9069800.0000000000,0.0000000000,0.5666945400,AKShare stock_zh_a_spot / 新浪
600335,国机汽车,5.0400000000,4.9900000000,48542130.0000000000,9633560.0000000000,0.0100200000,0.4854213000,AKShare stock_zh_a_spot / 新浪
600336,澳柯玛,6.1700000000,6.0900000000,30484361.0000000000,4939400.0000000000,0.0131400000,0.3048436100,AKShare stock_zh_a_spot / 新浪
600338,西藏珠峰,13.1000000000,12.9900000000,445014096.0000000000,33471877.0000000000,0.0084700000,4.4501409600,AKShare stock_zh_a_spot / 新浪
600339,中油工程,3.3400000000,3.3500000000,178616796.0000000000,53538954.0000000000,-0.0029900000,1.7861679600,AKShare stock_zh_a_spot / 新浪
600343,航天动力,18.0400000000,18.5900000000,582241437.0000000000,31968131.0000000000,-0.0295900000,5.8224143700,AKShare stock_zh_a_spot / 新浪
600345,长江通信,46.0000000000,44.9300000000,272097026.0000000000,5933488.0000000000,0.0238100000,2.7209702600,AKShare stock_zh_a_spot / 新浪
600346,恒力石化,18.8400000000,18.8600000000,990480555.0000000000,51842650.0000000000,-0.0010600000,9.9048055500,AKShare stock_zh_a_spot / 新浪
600348,华阳股份,8.8800000000,8.8500000000,216221590.0000000000,24237806.0000000000,0.0033900000,2.1622159000,AKShare stock_zh_a_spot / 新浪
600350,山东高速,10.5100000000,10.5200000000,93551916.0000000000,8897881.0000000000,-0.0009500000,0.9355191600,AKShare stock_zh_a_spot / 新浪
600351,亚宝药业,7.1500000000,6.9900000000,234663513.0000000000,32805500.0000000000,0.0228900000,2.3466351300,AKShare stock_zh_a_spot / 新浪
600352,浙江龙盛,12.9100000000,12.8000000000,542715558.0000000000,41804867.0000000000,0.0085900000,5.4271555800,AKShare stock_zh_a_spot / 新浪
600353,旭光电子,34.8000000000,33.7900000000,3679069458.0000000000,105879446.0000000000,0.0298900000,36.7906945800,AKShare stock_zh_a_spot / 新浪
600354,敦煌种业,6.8400000000,6.8500000000,799538534.0000000000,119704105.0000000000,-0.0014600000,7.9953853400,AKShare stock_zh_a_spot / 新浪
600356,恒丰纸业,8.9000000000,8.7500000000,30693612.0000000000,3464106.0000000000,0.0171400000,0.3069361200,AKShare stock_zh_a_spot / 新浪
600358,国旅联合,5.0700000000,4.9800000000,18687620.0000000000,3683600.0000000000,0.0180700000,0.1868762000,AKShare stock_zh_a_spot / 新浪
600359,新农开发,6.6300000000,6.5800000000,168658098.0000000000,25482300.0000000000,0.0076000000,1.6865809800,AKShare stock_zh_a_spot / 新浪
600360,华微电子,10.8900000000,10.6400000000,791709949.0000000000,74324901.0000000000,0.0235000000,7.9170994900,AKShare stock_zh_a_spot / 新浪
600361,创新新材,3.6200000000,3.5800000000,115447229.0000000000,31924700.0000000000,0.0111700000,1.1544722900,AKShare stock_zh_a_spot / 新浪
600362,江西铜业,44.5700000000,44.0200000000,2364969607.0000000000,52257060.0000000000,0.0124900000,23.6496960700,AKShare stock_zh_a_spot / 新浪
600363,联创光电,18.3600000000,18.3500000000,608648063.0000000000,32978108.0000000000,0.0005400000,6.0864806300,AKShare stock_zh_a_spot / 新浪
600366,宁波韵升,11.7500000000,11.7000000000,374222440.0000000000,31607765.0000000000,0.0042700000,3.7422244000,AKShare stock_zh_a_spot / 新浪
600367,红星发展,35.8900000000,39.8800000000,2358218630.0000000000,64798998.0000000000,-0.1000500000,23.5821863000,AKShare stock_zh_a_spot / 新浪
600368,五洲交通,3.9600000000,3.9400000000,36978724.0000000000,9376167.0000000000,0.0050800000,0.3697872400,AKShare stock_zh_a_spot / 新浪
600369,西南证券,4.0100000000,3.9900000000,97191661.0000000000,24284455.0000000000,0.0050100000,0.9719166100,AKShare stock_zh_a_spot / 新浪
600371,万向德农,8.6000000000,8.9500000000,442906780.0000000000,53066956.0000000000,-0.0391100000,4.4290678000,AKShare stock_zh_a_spot / 新浪
600372,中航机载,10.9000000000,10.8700000000,159912469.0000000000,14665588.0000000000,0.0027600000,1.5991246900,AKShare stock_zh_a_spot / 新浪
600373,中文传媒,7.0500000000,7.0000000000,68789885.0000000000,9777900.0000000000,0.0071400000,0.6878988500,AKShare stock_zh_a_spot / 新浪
600375,汉马科技,3.9400000000,3.8500000000,58215859.0000000000,14894492.0000000000,0.0233800000,0.5821585900,AKShare stock_zh_a_spot / 新浪
600376,首开股份,3.5100000000,3.9000000000,526093870.0000000000,148045993.0000000000,-0.1000000000,5.2609387000,AKShare stock_zh_a_spot / 新浪
600377,宁沪高速,12.0200000000,11.9200000000,99203850.0000000000,8261401.0000000000,0.0083900000,0.9920385000,AKShare stock_zh_a_spot / 新浪
600378,昊华科技,44.5400000000,45.6500000000,1893075688.0000000000,42176168.0000000000,-0.0243200000,18.9307568800,AKShare stock_zh_a_spot / 新浪
600379,宝光股份,14.4500000000,14.4400000000,272960154.0000000000,18623300.0000000000,0.0006900000,2.7296015400,AKShare stock_zh_a_spot / 新浪
600380,健康元,10.3700000000,10.0400000000,314102337.0000000000,30252680.0000000000,0.0328700000,3.1410233700,AKShare stock_zh_a_spot / 新浪
600382,广东明珠,6.2500000000,6.1400000000,72002231.0000000000,11426180.0000000000,0.0179200000,0.7200223100,AKShare stock_zh_a_spot / 新浪
600383,金地集团,2.2700000000,2.1900000000,327549149.0000000000,144619659.0000000000,0.0365300000,3.2754914900,AKShare stock_zh_a_spot / 新浪
600386,北巴传媒,3.3800000000,3.2900000000,20216580.0000000000,6026182.0000000000,0.0273600000,0.2021658000,AKShare stock_zh_a_spot / 新浪
600388,紫金龙净,17.4000000000,17.4100000000,149960252.0000000000,8561537.0000000000,-0.0005700000,1.4996025200,AKShare stock_zh_a_spot / 新浪
600389,江山股份,18.4600000000,19.1400000000,229293052.0000000000,12229267.0000000000,-0.0355300000,2.2929305200,AKShare stock_zh_a_spot / 新浪
600390,五矿资本,4.8100000000,4.7400000000,134509887.0000000000,28039617.0000000000,0.0147700000,1.3450988700,AKShare stock_zh_a_spot / 新浪
600391,航发科技,29.6900000000,29.4000000000,200382410.0000000000,6693357.0000000000,0.0098600000,2.0038241000,AKShare stock_zh_a_spot / 新浪
600392,盛和资源,22.2800000000,22.3100000000,1166796506.0000000000,51693307.0000000000,-0.0013400000,11.6679650600,AKShare stock_zh_a_spot / 新浪
600395,盘江股份,5.2500000000,5.2300000000,206622065.0000000000,39305001.0000000000,0.0038200000,2.0662206500,AKShare stock_zh_a_spot / 新浪
600396,华电辽能,14.6700000000,14.5800000000,2217267670.0000000000,150188518.0000000000,0.0061700000,22.1726767000,AKShare stock_zh_a_spot / 新浪
600397,江钨装备,16.4900000000,16.9600000000,1541066792.0000000000,92365030.0000000000,-0.0277100000,15.4106679200,AKShare stock_zh_a_spot / 新浪
600398,海澜之家,6.0100000000,6.0000000000,147739556.0000000000,24704561.0000000000,0.0016700000,1.4773955600,AKShare stock_zh_a_spot / 新浪
600399,抚顺特钢,4.2500000000,4.2000000000,107235112.0000000000,25349365.0000000000,0.0119000000,1.0723511200,AKShare stock_zh_a_spot / 新浪
600400,红豆股份,3.0400000000,3.0700000000,132978375.0000000000,43342134.0000000000,-0.0097700000,1.3297837500,AKShare stock_zh_a_spot / 新浪
600403,大有能源,7.1100000000,6.8200000000,1275280615.0000000000,184992061.0000000000,0.0425200000,12.7528061500,AKShare stock_zh_a_spot / 新浪
600405,动力源,4.5100000000,4.4000000000,42163890.0000000000,9331992.0000000000,0.0250000000,0.4216389000,AKShare stock_zh_a_spot / 新浪
600406,国电南瑞,23.0700000000,23.5100000000,964208482.0000000000,41462982.0000000000,-0.0187200000,9.6420848200,AKShare stock_zh_a_spot / 新浪
600408,安泰集团,2.8100000000,3.0800000000,418024637.0000000000,147495251.0000000000,-0.0876600000,4.1802463700,AKShare stock_zh_a_spot / 新浪
600409,三友化工,6.6500000000,6.7500000000,147683241.0000000000,21918434.0000000000,-0.0148100000,1.4768324100,AKShare stock_zh_a_spot / 新浪
600410,华胜天成,13.5600000000,13.7300000000,501421936.0000000000,36658758.0000000000,-0.0123800000,5.0142193600,AKShare stock_zh_a_spot / 新浪
600415,小商品城,12.5800000000,12.0100000000,1277945429.0000000000,102740474.0000000000,0.0474600000,12.7794542900,AKShare stock_zh_a_spot / 新浪
600416,湘电股份,8.4200000000,8.4000000000,99467659.0000000000,11796389.0000000000,0.0023800000,0.9946765900,AKShare stock_zh_a_spot / 新浪
600418,江淮汽车,21.1200000000,20.9400000000,1442339878.0000000000,68462970.0000000000,0.0086000000,14.4233987800,AKShare stock_zh_a_spot / 新浪
600419,天润乳业,8.8900000000,8.8700000000,40941362.0000000000,4613200.0000000000,0.0022500000,0.4094136200,AKShare stock_zh_a_spot / 新浪
600420,国药现代,8.8000000000,8.6300000000,190878905.0000000000,21468547.0000000000,0.0197000000,1.9087890500,AKShare stock_zh_a_spot / 新浪
600422,昆药集团,8.8100000000,8.6400000000,122555087.0000000000,13909012.0000000000,0.0196800000,1.2255508700,AKShare stock_zh_a_spot / 新浪
600425,青松建化,3.5900000000,3.5900000000,45616526.0000000000,12678301.0000000000,0.0000000000,0.4561652600,AKShare stock_zh_a_spot / 新浪
600426,华鲁恒升,20.8600000000,20.9600000000,1194753028.0000000000,55924234.0000000000,-0.0047700000,11.9475302800,AKShare stock_zh_a_spot / 新浪
600428,中远海特,11.4800000000,11.9200000000,595092823.0000000000,50985823.0000000000,-0.0369100000,5.9509282300,AKShare stock_zh_a_spot / 新浪
600429,三元股份,4.6000000000,4.5400000000,49257235.0000000000,10788100.0000000000,0.0132200000,0.4925723500,AKShare stock_zh_a_spot / 新浪
600433,冠豪高新,3.3000000000,3.2400000000,81844029.0000000000,24945700.0000000000,0.0185200000,0.8184402900,AKShare stock_zh_a_spot / 新浪
600435,北方导航,10.6000000000,10.7300000000,197734530.0000000000,18454271.0000000000,-0.0121200000,1.9773453000,AKShare stock_zh_a_spot / 新浪
600436,片仔癀,129.6500000000,127.3000000000,670642060.0000000000,5146861.0000000000,0.0184600000,6.7064206000,AKShare stock_zh_a_spot / 新浪
600438,通威股份,12.3200000000,12.3000000000,371052009.0000000000,30126924.0000000000,0.0016300000,3.7105200900,AKShare stock_zh_a_spot / 新浪
600444,国机通用,14.1800000000,14.3000000000,106397422.0000000000,7493700.0000000000,-0.0083900000,1.0639742200,AKShare stock_zh_a_spot / 新浪
600446,金证股份,10.4900000000,10.4000000000,112012053.0000000000,10679582.0000000000,0.0086500000,1.1201205300,AKShare stock_zh_a_spot / 新浪
600448,华纺股份,2.9300000000,2.8600000000,27592489.0000000000,9505360.0000000000,0.0244800000,0.2759248900,AKShare stock_zh_a_spot / 新浪
600449,宁夏建材,11.9600000000,11.5400000000,160594118.0000000000,13495500.0000000000,0.0364000000,1.6059411800,AKShare stock_zh_a_spot / 新浪
600452,涪陵电力,9.1900000000,8.9500000000,319017400.0000000000,35074795.0000000000,0.0268200000,3.1901740000,AKShare stock_zh_a_spot / 新浪
600455,博通股份,24.3000000000,23.7900000000,36531968.0000000000,1508508.0000000000,0.0214400000,0.3653196800,AKShare stock_zh_a_spot / 新浪
600456,宝钛股份,26.3800000000,26.5900000000,120657129.0000000000,4534757.0000000000,-0.0079000000,1.2065712900,AKShare stock_zh_a_spot / 新浪
600458,时代新材,11.6600000000,11.1500000000,323525186.0000000000,27757133.0000000000,0.0457400000,3.2352518600,AKShare stock_zh_a_spot / 新浪
600459,贵研铂业,21.3000000000,21.6200000000,924019887.0000000000,42075322.0000000000,-0.0148000000,9.2401988700,AKShare stock_zh_a_spot / 新浪
600460,士兰微,32.6300000000,34.4900000000,5129944922.0000000000,155875722.0000000000,-0.0539300000,51.2994492200,AKShare stock_zh_a_spot / 新浪
600461,洪城环境,8.9000000000,8.9100000000,64410899.0000000000,7243129.0000000000,-0.0011200000,0.6441089900,AKShare stock_zh_a_spot / 新浪
600463,空港股份,8.1500000000,7.9900000000,27602804.0000000000,3392800.0000000000,0.0200300000,0.2760280400,AKShare stock_zh_a_spot / 新浪
600467,好当家,2.3700000000,2.3300000000,76603964.0000000000,32587756.0000000000,0.0171700000,0.7660396400,AKShare stock_zh_a_spot / 新浪
600468,百利电气,5.8700000000,5.7800000000,79793439.0000000000,13667501.0000000000,0.0155700000,0.7979343900,AKShare stock_zh_a_spot / 新浪
600469,风神股份,5.2200000000,5.1500000000,31371243.0000000000,6033289.0000000000,0.0135900000,0.3137124300,AKShare stock_zh_a_spot / 新浪
600470,六国化工,5.5300000000,5.8000000000,261424396.0000000000,46678967.0000000000,-0.0465500000,2.6142439600,AKShare stock_zh_a_spot / 新浪
600475,华光环能,14.9000000000,14.6800000000,163770793.0000000000,11042072.0000000000,0.0149900000,1.6377079300,AKShare stock_zh_a_spot / 新浪
600477,杭萧钢构,2.3900000000,2.3300000000,77076502.0000000000,32368442.0000000000,0.0257500000,0.7707650200,AKShare stock_zh_a_spot / 新浪
600478,科力远,4.8000000000,4.7900000000,77222431.0000000000,16064096.0000000000,0.0020900000,0.7722243100,AKShare stock_zh_a_spot / 新浪
600479,千金药业,10.0700000000,9.8900000000,89931297.0000000000,8948500.0000000000,0.0182000000,0.8993129700,AKShare stock_zh_a_spot / 新浪
600480,凌云股份,8.3400000000,8.2700000000,76224200.0000000000,9136480.0000000000,0.0084600000,0.7622420000,AKShare stock_zh_a_spot / 新浪
600481,双良节能,4.1600000000,4.1600000000,133551721.0000000000,32012800.0000000000,0.0000000000,1.3355172100,AKShare stock_zh_a_spot / 新浪
600482,中国动力,31.3100000000,31.8100000000,375637860.0000000000,11947774.0000000000,-0.0157200000,3.7563786000,AKShare stock_zh_a_spot / 新浪
600483,福能股份,10.2500000000,10.3000000000,88489430.0000000000,8620800.0000000000,-0.0048500000,0.8848943000,AKShare stock_zh_a_spot / 新浪
600486,扬农化工,55.5000000000,55.4400000000,254906335.0000000000,4568960.0000000000,0.0010800000,2.5490633500,AKShare stock_zh_a_spot / 新浪
600487,亨通光电,62.0200000000,58.9100000000,11843644349.0000000000,195134067.0000000000,0.0527900000,118.4364434900,AKShare stock_zh_a_spot / 新浪
600488,津药药业,5.9100000000,5.8600000000,533946850.0000000000,89496815.0000000000,0.0085300000,5.3394685000,AKShare stock_zh_a_spot / 新浪
600489,中金黄金,26.3700000000,25.1900000000,3640047982.0000000000,135758736.0000000000,0.0468400000,36.4004798200,AKShare stock_zh_a_spot / 新浪
600490,鹏欣资源,7.2500000000,7.0600000000,635838411.0000000000,86076151.0000000000,0.0269100000,6.3583841100,AKShare stock_zh_a_spot / 新浪
600493,凤竹纺织,6.0400000000,5.9600000000,30388935.0000000000,5031700.0000000000,0.0134200000,0.3038893500,AKShare stock_zh_a_spot / 新浪
600495,晋西车轴,4.1300000000,4.0700000000,42580593.0000000000,10375056.0000000000,0.0147400000,0.4258059300,AKShare stock_zh_a_spot / 新浪
600496,精工钢构,3.3800000000,3.3100000000,144384306.0000000000,42889883.0000000000,0.0211500000,1.4438430600,AKShare stock_zh_a_spot / 新浪
600497,驰宏锌锗,9.7500000000,9.6700000000,1178877284.0000000000,119227551.0000000000,0.0082700000,11.7887728400,AKShare stock_zh_a_spot / 新浪
600498,烽火通信,38.5000000000,37.3500000000,2677416769.0000000000,69718337.0000000000,0.0307900000,26.7741676900,AKShare stock_zh_a_spot / 新浪
600499,科达制造,13.8300000000,14.0200000000,361288670.0000000000,25732556.0000000000,-0.0135500000,3.6128867000,AKShare stock_zh_a_spot / 新浪
600500,中化国际,5.0900000000,5.2300000000,637007901.0000000000,124495840.0000000000,-0.0267700000,6.3700790100,AKShare stock_zh_a_spot / 新浪
600501,航天晨光,13.9100000000,13.7800000000,85022385.0000000000,6067111.0000000000,0.0094300000,0.8502238500,AKShare stock_zh_a_spot / 新浪
600502,安徽建工,4.4700000000,4.4500000000,99548657.0000000000,22243240.0000000000,0.0044900000,0.9954865700,AKShare stock_zh_a_spot / 新浪
600503,华丽家族,2.1800000000,2.0800000000,96042900.0000000000,44399093.0000000000,0.0480800000,0.9604290000,AKShare stock_zh_a_spot / 新浪
600505,西昌电力,10.4400000000,10.5000000000,59797661.0000000000,5736380.0000000000,-0.0057100000,0.5979766100,AKShare stock_zh_a_spot / 新浪
600506,统一股份,14.6100000000,14.4400000000,54599618.0000000000,3747530.0000000000,0.0117700000,0.5459961800,AKShare stock_zh_a_spot / 新浪
600507,方大特钢,4.2000000000,4.2200000000,72279468.0000000000,17154800.0000000000,-0.0047400000,0.7227946800,AKShare stock_zh_a_spot / 新浪
600508,上海能源,8.8000000000,8.7600000000,108640107.0000000000,12271568.0000000000,0.0045700000,1.0864010700,AKShare stock_zh_a_spot / 新浪
600509,天富能源,7.2500000000,7.3600000000,149348832.0000000000,20457119.0000000000,-0.0149500000,1.4934883200,AKShare stock_zh_a_spot / 新浪
600510,黑牡丹,6.5100000000,6.4200000000,33662783.0000000000,5169811.0000000000,0.0140200000,0.3366278300,AKShare stock_zh_a_spot / 新浪
600511,国药股份,26.8400000000,27.1500000000,177956007.0000000000,6633920.0000000000,-0.0114200000,1.7795600700,AKShare stock_zh_a_spot / 新浪
600512,腾达建设,2.0400000000,2.0000000000,36199435.0000000000,17928840.0000000000,0.0200000000,0.3619943500,AKShare stock_zh_a_spot / 新浪
600513,联环药业,17.4500000000,17.2700000000,366451133.0000000000,20812500.0000000000,0.0104200000,3.6645113300,AKShare stock_zh_a_spot / 新浪
600515,海南机场,2.8600000000,2.7900000000,227885343.0000000000,80243833.0000000000,0.0250900000,2.2788534300,AKShare stock_zh_a_spot / 新浪
600516,方大炭素,5.0800000000,5.0600000000,156916684.0000000000,30911556.0000000000,0.0039500000,1.5691668400,AKShare stock_zh_a_spot / 新浪
600517,国网英大,4.9200000000,4.8700000000,63927528.0000000000,12996600.0000000000,0.0102700000,0.6392752800,AKShare stock_zh_a_spot / 新浪
600518,康美药业,1.3900000000,1.3500000000,251003390.0000000000,180907513.0000000000,0.0296300000,2.5100339000,AKShare stock_zh_a_spot / 新浪
600519,贵州茅台,1291.5000000000,1307.8800000000,3280474226.0000000000,2533166.0000000000,-0.0125200000,32.8047422600,AKShare stock_zh_a_spot / 新浪
600520,三佳科技,24.5500000000,24.4600000000,126387036.0000000000,5144200.0000000000,0.0036800000,1.2638703600,AKShare stock_zh_a_spot / 新浪
600521,华海药业,17.3700000000,17.1500000000,988516293.0000000000,56253772.0000000000,0.0128300000,9.8851629300,AKShare stock_zh_a_spot / 新浪
600522,中天科技,32.8400000000,32.0200000000,6318202489.0000000000,192778157.0000000000,0.0256100000,63.1820248900,AKShare stock_zh_a_spot / 新浪
600523,贵航股份,11.6000000000,11.4700000000,31570830.0000000000,2732200.0000000000,0.0113300000,0.3157083000,AKShare stock_zh_a_spot / 新浪
600526,菲达环保,4.5900000000,4.4300000000,77352586.0000000000,16876800.0000000000,0.0361200000,0.7735258600,AKShare stock_zh_a_spot / 新浪
600527,江南高纤,2.1300000000,2.1000000000,61297542.0000000000,28731884.0000000000,0.0142900000,0.6129754200,AKShare stock_zh_a_spot / 新浪
600528,中铁工业,7.0100000000,6.9700000000,58606112.0000000000,8336512.0000000000,0.0057400000,0.5860611200,AKShare stock_zh_a_spot / 新浪
600529,山东药玻,19.1900000000,19.0100000000,225030167.0000000000,11663815.0000000000,0.0094700000,2.2503016700,AKShare stock_zh_a_spot / 新浪
600531,豫光金铅,13.0900000000,12.8100000000,804121341.0000000000,60057057.0000000000,0.0218600000,8.0412134100,AKShare stock_zh_a_spot / 新浪
600533,栖霞建设,2.1700000000,2.1000000000,30388807.0000000000,14057300.0000000000,0.0333300000,0.3038880700,AKShare stock_zh_a_spot / 新浪
600535,天士力,15.4700000000,15.2400000000,315870007.0000000000,20380278.0000000000,0.0150900000,3.1587000700,AKShare stock_zh_a_spot / 新浪
600536,中国软件,35.9500000000,34.6600000000,2408385574.0000000000,67284232.0000000000,0.0372200000,24.0838557400,AKShare stock_zh_a_spot / 新浪
600538,国发股份,5.2800000000,5.0300000000,75446608.0000000000,14428100.0000000000,0.0497000000,0.7544660800,AKShare stock_zh_a_spot / 新浪
600539,狮头股份,15.3600000000,13.9600000000,432387996.0000000000,28718901.0000000000,0.1002900000,4.3238799600,AKShare stock_zh_a_spot / 新浪
600540,新赛股份,4.0700000000,3.9800000000,189863145.0000000000,47021091.0000000000,0.0226100000,1.8986314500,AKShare stock_zh_a_spot / 新浪
600545,卓郎智能,4.1500000000,4.1000000000,295980042.0000000000,71122803.0000000000,0.0122000000,2.9598004200,AKShare stock_zh_a_spot / 新浪
600546,山煤国际,13.0800000000,13.0700000000,260183345.0000000000,19813747.0000000000,0.0007700000,2.6018334500,AKShare stock_zh_a_spot / 新浪
600547,山东黄金,35.4000000000,32.6000000000,6193506561.0000000000,175550996.0000000000,0.0858900000,61.9350656100,AKShare stock_zh_a_spot / 新浪
600548,深高速,8.2800000000,8.3200000000,22720687.0000000000,2741400.0000000000,-0.0048100000,0.2272068700,AKShare stock_zh_a_spot / 新浪
600549,厦门钨业,53.2900000000,53.7000000000,2482827757.0000000000,45975293.0000000000,-0.0076400000,24.8282775700,AKShare stock_zh_a_spot / 新浪
600550,保变电气,10.9700000000,11.2300000000,304028753.0000000000,27319140.0000000000,-0.0231500000,3.0402875300,AKShare stock_zh_a_spot / 新浪
600551,时代出版,6.9800000000,6.8700000000,26945340.0000000000,3882701.0000000000,0.0160100000,0.2694534000,AKShare stock_zh_a_spot / 新浪
600552,凯盛科技,18.0500000000,18.0300000000,991069551.0000000000,54660553.0000000000,0.0011100000,9.9106955100,AKShare stock_zh_a_spot / 新浪
600556,天下秀,4.6100000000,4.6100000000,152439427.0000000000,32999400.0000000000,0.0000000000,1.5243942700,AKShare stock_zh_a_spot / 新浪
600557,康缘药业,12.8200000000,12.3600000000,196851741.0000000000,15321411.0000000000,0.0372200000,1.9685174100,AKShare stock_zh_a_spot / 新浪
600558,大西洋,4.7200000000,4.7100000000,61236313.0000000000,13003146.0000000000,0.0021200000,0.6123631300,AKShare stock_zh_a_spot / 新浪
600559,老白干酒,11.6200000000,11.5500000000,85668535.0000000000,7348420.0000000000,0.0060600000,0.8566853500,AKShare stock_zh_a_spot / 新浪
600560,金自天正,11.1000000000,10.9800000000,22441621.0000000000,2027600.0000000000,0.0109300000,0.2244162100,AKShare stock_zh_a_spot / 新浪
600561,江西长运,5.7200000000,5.5700000000,26650447.0000000000,4694010.0000000000,0.0269300000,0.2665044700,AKShare stock_zh_a_spot / 新浪
600562,国睿科技,26.0700000000,25.5300000000,169089838.0000000000,6537652.0000000000,0.0211500000,1.6908983800,AKShare stock_zh_a_spot / 新浪
600563,法拉电子,128.5200000000,130.3200000000,464193168.0000000000,3571252.0000000000,-0.0138100000,4.6419316800,AKShare stock_zh_a_spot / 新浪
600566,济川药业,25.1100000000,24.8400000000,210163385.0000000000,8392705.0000000000,0.0108700000,2.1016338500,AKShare stock_zh_a_spot / 新浪
600567,山鹰国际,1.3300000000,1.3200000000,49172103.0000000000,36949926.0000000000,0.0075800000,0.4917210300,AKShare stock_zh_a_spot / 新浪
600569,安阳钢铁,1.7400000000,1.7100000000,23259027.0000000000,13385959.0000000000,0.0175400000,0.2325902700,AKShare stock_zh_a_spot / 新浪
600570,恒生电子,21.2500000000,20.9900000000,358618862.0000000000,16904053.0000000000,0.0123900000,3.5861886200,AKShare stock_zh_a_spot / 新浪
600571,信雅达,10.2200000000,9.9200000000,79399994.0000000000,7818624.0000000000,0.0302400000,0.7939999400,AKShare stock_zh_a_spot / 新浪
600572,康恩贝,4.5100000000,4.3500000000,581041434.0000000000,129324179.0000000000,0.0367800000,5.8104143400,AKShare stock_zh_a_spot / 新浪
600573,惠泉啤酒,9.9200000000,9.8300000000,62162867.0000000000,6281300.0000000000,0.0091600000,0.6216286700,AKShare stock_zh_a_spot / 新浪
600575,淮河能源,3.3200000000,3.3200000000,119056182.0000000000,35766143.0000000000,0.0000000000,1.1905618200,AKShare stock_zh_a_spot / 新浪
600576,祥源文旅,5.4400000000,5.3300000000,32343252.0000000000,5981578.0000000000,0.0206400000,0.3234325200,AKShare stock_zh_a_spot / 新浪
600577,精达股份,7.8700000000,7.9200000000,391653466.0000000000,49613020.0000000000,-0.0063100000,3.9165346600,AKShare stock_zh_a_spot / 新浪
600578,京能电力,5.6200000000,5.6000000000,359312076.0000000000,64277694.0000000000,0.0035700000,3.5931207600,AKShare stock_zh_a_spot / 新浪
600579,中化装备,7.0200000000,6.9400000000,25967647.0000000000,3696500.0000000000,0.0115300000,0.2596764700,AKShare stock_zh_a_spot / 新浪
600580,卧龙电驱,31.0000000000,34.0800000000,2444192670.0000000000,77551740.0000000000,-0.0903800000,24.4419267000,AKShare stock_zh_a_spot / 新浪
600582,天地科技,4.8500000000,4.8500000000,88496575.0000000000,18341500.0000000000,0.0000000000,0.8849657500,AKShare stock_zh_a_spot / 新浪
600583,海油工程,6.1000000000,6.1400000000,457304053.0000000000,74563382.0000000000,-0.0065100000,4.5730405300,AKShare stock_zh_a_spot / 新浪
600584,长电科技,79.4800000000,77.7400000000,9878325829.0000000000,123466986.0000000000,0.0223800000,98.7832582900,AKShare stock_zh_a_spot / 新浪
600585,海螺水泥,17.6100000000,17.4600000000,354681285.0000000000,20209568.0000000000,0.0085900000,3.5468128500,AKShare stock_zh_a_spot / 新浪
600586,金晶科技,4.1400000000,4.0600000000,47173536.0000000000,11465936.0000000000,0.0197000000,0.4717353600,AKShare stock_zh_a_spot / 新浪
600587,新华医疗,12.7900000000,12.3600000000,128661166.0000000000,10114391.0000000000,0.0347900000,1.2866116600,AKShare stock_zh_a_spot / 新浪
600588,用友网络,10.8800000000,10.8900000000,431428818.0000000000,39469285.0000000000,-0.0009200000,4.3142881800,AKShare stock_zh_a_spot / 新浪
600589,大位科技,7.6900000000,7.7400000000,378981219.0000000000,48837623.0000000000,-0.0064600000,3.7898121900,AKShare stock_zh_a_spot / 新浪
600590,泰豪科技,8.1800000000,8.2200000000,132886386.0000000000,16125498.0000000000,-0.0048700000,1.3288638600,AKShare stock_zh_a_spot / 新浪
600592,龙溪股份,13.8100000000,13.7400000000,68855414.0000000000,4973188.0000000000,0.0050900000,0.6885541400,AKShare stock_zh_a_spot / 新浪
600593,大连圣亚,40.0600000000,39.2300000000,161415444.0000000000,4026951.0000000000,0.0211600000,1.6141544400,AKShare stock_zh_a_spot / 新浪
600594,益佰制药,3.8800000000,3.8300000000,153573918.0000000000,38995700.0000000000,0.0130500000,1.5357391800,AKShare stock_zh_a_spot / 新浪
600595,中孚实业,5.9800000000,6.0700000000,525346583.0000000000,86529978.0000000000,-0.0148300000,5.2534658300,AKShare stock_zh_a_spot / 新浪
600596,新安股份,10.5300000000,10.7100000000,308338388.0000000000,28960250.0000000000,-0.0168100000,3.0833838800,AKShare stock_zh_a_spot / 新浪
600597,光明乳业,6.7700000000,6.7000000000,64229728.0000000000,9553700.0000000000,0.0104500000,0.6422972800,AKShare stock_zh_a_spot / 新浪
600598,北大荒,13.3100000000,13.8600000000,1316717529.0000000000,100541661.0000000000,-0.0396800000,13.1671752900,AKShare stock_zh_a_spot / 新浪
600600,青岛啤酒,51.4400000000,51.3700000000,193537020.0000000000,3760160.0000000000,0.0013600000,1.9353702000,AKShare stock_zh_a_spot / 新浪
600601,方正科技,12.3200000000,12.3000000000,1659920965.0000000000,134275569.0000000000,0.0016300000,16.5992096500,AKShare stock_zh_a_spot / 新浪
600602,云赛智联,18.9700000000,18.7000000000,648261635.0000000000,34389814.0000000000,0.0144400000,6.4826163500,AKShare stock_zh_a_spot / 新浪
600603,广汇物流,4.6800000000,4.5100000000,63716657.0000000000,13760932.0000000000,0.0376900000,0.6371665700,AKShare stock_zh_a_spot / 新浪
600604,市北高新,4.5600000000,4.4400000000,125936301.0000000000,27767260.0000000000,0.0270300000,1.2593630100,AKShare stock_zh_a_spot / 新浪
600605,汇通能源,24.4900000000,23.6200000000,74262657.0000000000,3046889.0000000000,0.0368300000,0.7426265700,AKShare stock_zh_a_spot / 新浪
600606,绿地控股,1.2800000000,1.2500000000,169797238.0000000000,133416597.0000000000,0.0240000000,1.6979723800,AKShare stock_zh_a_spot / 新浪
600609,金杯汽车,3.2400000000,3.1500000000,68380078.0000000000,21179745.0000000000,0.0285700000,0.6838007800,AKShare stock_zh_a_spot / 新浪
600610,中毅达,8.0200000000,7.8000000000,753397600.0000000000,95905752.0000000000,0.0282100000,7.5339760000,AKShare stock_zh_a_spot / 新浪
600611,大众交通,4.4600000000,4.5600000000,298894803.0000000000,66796935.0000000000,-0.0219300000,2.9889480300,AKShare stock_zh_a_spot / 新浪
600612,老凤祥,34.9600000000,34.7600000000,92740564.0000000000,2620400.0000000000,0.0057500000,0.9274056400,AKShare stock_zh_a_spot / 新浪
600613,神奇制药,8.5600000000,7.7800000000,514941963.0000000000,60159218.0000000000,0.1002600000,5.1494196300,AKShare stock_zh_a_spot / 新浪
600615,鑫源智造,9.3100000000,9.1400000000,16973959.0000000000,1817500.0000000000,0.0186000000,0.1697395900,AKShare stock_zh_a_spot / 新浪
600616,金枫酒业,4.3100000000,4.2300000000,26597455.0000000000,6195160.0000000000,0.0189100000,0.2659745500,AKShare stock_zh_a_spot / 新浪
600617,国新能源,3.3500000000,3.3600000000,83269902.0000000000,24746180.0000000000,-0.0029800000,0.8326990200,AKShare stock_zh_a_spot / 新浪
600618,氯碱化工,10.1100000000,10.1500000000,61509338.0000000000,6054112.0000000000,-0.0039400000,0.6150933800,AKShare stock_zh_a_spot / 新浪
600619,海立股份,13.7900000000,14.0900000000,229836867.0000000000,16539059.0000000000,-0.0212900000,2.2983686700,AKShare stock_zh_a_spot / 新浪
600620,天宸股份,4.4100000000,4.2600000000,36459120.0000000000,8346160.0000000000,0.0352100000,0.3645912000,AKShare stock_zh_a_spot / 新浪
600621,华鑫股份,12.7800000000,12.6600000000,87572729.0000000000,6856221.0000000000,0.0094800000,0.8757272900,AKShare stock_zh_a_spot / 新浪
600622,光大嘉宝,2.2600000000,2.1700000000,73487267.0000000000,32710314.0000000000,0.0414700000,0.7348726700,AKShare stock_zh_a_spot / 新浪
600623,华谊集团,8.2100000000,8.2400000000,86531431.0000000000,10510456.0000000000,-0.0036400000,0.8653143100,AKShare stock_zh_a_spot / 新浪
600626,申达股份,3.5500000000,3.5000000000,27387846.0000000000,7721601.0000000000,0.0142900000,0.2738784600,AKShare stock_zh_a_spot / 新浪
600628,新世界,6.2400000000,6.1000000000,42286207.0000000000,6812508.0000000000,0.0229500000,0.4228620700,AKShare stock_zh_a_spot / 新浪
600629,华建集团,16.5500000000,16.4900000000,478934852.0000000000,28817918.0000000000,0.0036400000,4.7893485200,AKShare stock_zh_a_spot / 新浪
600630,龙头股份,6.6500000000,6.5400000000,51698543.0000000000,7783200.0000000000,0.0168200000,0.5169854300,AKShare stock_zh_a_spot / 新浪
600633,浙数文化,10.2100000000,10.1200000000,126865209.0000000000,12412400.0000000000,0.0088900000,1.2686520900,AKShare stock_zh_a_spot / 新浪
600635,大众公用,4.4900000000,4.5000000000,105015433.0000000000,23287950.0000000000,-0.0022200000,1.0501543300,AKShare stock_zh_a_spot / 新浪
600637,东方明珠,7.9700000000,7.8800000000,176094679.0000000000,22155215.0000000000,0.0114200000,1.7609467900,AKShare stock_zh_a_spot / 新浪
600638,新黄浦,4.9700000000,4.7900000000,69068285.0000000000,13998379.0000000000,0.0375800000,0.6906828500,AKShare stock_zh_a_spot / 新浪
600639,浦东金桥,9.5600000000,9.4900000000,53361350.0000000000,5574430.0000000000,0.0073800000,0.5336135000,AKShare stock_zh_a_spot / 新浪
600640,国脉文化,10.6000000000,10.4200000000,65701874.0000000000,6215502.0000000000,0.0172700000,0.6570187400,AKShare stock_zh_a_spot / 新浪
600641,先导基电,32.8400000000,33.1500000000,1803982908.0000000000,54736041.0000000000,-0.0093500000,18.0398290800,AKShare stock_zh_a_spot / 新浪
600642,申能股份,8.4900000000,8.3900000000,144558003.0000000000,17057018.0000000000,0.0119200000,1.4455800300,AKShare stock_zh_a_spot / 新浪
600643,爱建集团,3.9200000000,3.8200000000,61940556.0000000000,15853572.0000000000,0.0261800000,0.6194055600,AKShare stock_zh_a_spot / 新浪
600644,乐山电力,8.8700000000,8.7100000000,139916811.0000000000,15855200.0000000000,0.0183700000,1.3991681100,AKShare stock_zh_a_spot / 新浪
600645,中源协和,21.0800000000,20.4200000000,537171307.0000000000,25339106.0000000000,0.0323200000,5.3717130700,AKShare stock_zh_a_spot / 新浪
600648,外高桥,9.0900000000,8.9500000000,24440165.0000000000,2698171.0000000000,0.0156400000,0.2444016500,AKShare stock_zh_a_spot / 新浪
600649,城投控股,4.1600000000,3.7800000000,530918507.0000000000,130066000.0000000000,0.1005300000,5.3091850700,AKShare stock_zh_a_spot / 新浪
600650,锦江在线,10.3600000000,10.3100000000,28038168.0000000000,2716500.0000000000,0.0048500000,0.2803816800,AKShare stock_zh_a_spot / 新浪
600651,飞乐音响,5.6900000000,5.6900000000,63547335.0000000000,11163400.0000000000,0.0000000000,0.6354733500,AKShare stock_zh_a_spot / 新浪
600653,申华控股,1.6600000000,1.6500000000,18962124.0000000000,11420037.0000000000,0.0060600000,0.1896212400,AKShare stock_zh_a_spot / 新浪
600654,中安科,2.8500000000,2.8000000000,104815091.0000000000,36902898.0000000000,0.0178600000,1.0481509100,AKShare stock_zh_a_spot / 新浪
600655,豫园股份,4.6100000000,4.5700000000,64055259.0000000000,13907980.0000000000,0.0087500000,0.6405525900,AKShare stock_zh_a_spot / 新浪
600657,信达地产,2.6800000000,2.5500000000,123856133.0000000000,46540440.0000000000,0.0509800000,1.2385613300,AKShare stock_zh_a_spot / 新浪
600658,电子城,4.0100000000,3.8300000000,57216129.0000000000,14452604.0000000000,0.0470000000,0.5721612900,AKShare stock_zh_a_spot / 新浪
600660,福耀玻璃,57.8200000000,57.9000000000,808719535.0000000000,14063783.0000000000,-0.0013800000,8.0871953500,AKShare stock_zh_a_spot / 新浪
600661,昂立教育,8.7900000000,8.9200000000,62396303.0000000000,7084500.0000000000,-0.0145700000,0.6239630300,AKShare stock_zh_a_spot / 新浪
600662,外服控股,4.2800000000,4.2100000000,56457092.0000000000,13231303.0000000000,0.0166300000,0.5645709200,AKShare stock_zh_a_spot / 新浪
600663,陆家嘴,9.5500000000,9.4300000000,203905066.0000000000,21247171.0000000000,0.0127300000,2.0390506600,AKShare stock_zh_a_spot / 新浪
600664,哈药股份,9.0800000000,9.0600000000,4438082634.0000000000,487864124.0000000000,0.0022100000,44.3808263400,AKShare stock_zh_a_spot / 新浪
600665,天地源,3.4400000000,3.4100000000,46569196.0000000000,13632220.0000000000,0.0088000000,0.4656919600,AKShare stock_zh_a_spot / 新浪
600666,奥瑞德,3.5100000000,3.5200000000,277532600.0000000000,78678220.0000000000,-0.0028400000,2.7753260000,AKShare stock_zh_a_spot / 新浪
600667,太极实业,21.2100000000,21.1200000000,4735294162.0000000000,221865599.0000000000,0.0042600000,47.3529416200,AKShare stock_zh_a_spot / 新浪
600668,尖峰集团,7.4800000000,7.2700000000,44223958.0000000000,5932120.0000000000,0.0288900000,0.4422395800,AKShare stock_zh_a_spot / 新浪
600671,天目药业,21.0500000000,20.6900000000,42590779.0000000000,2022200.0000000000,0.0174000000,0.4259077900,AKShare stock_zh_a_spot / 新浪
600673,东阳光,33.6800000000,34.8600000000,1288711024.0000000000,37901076.0000000000,-0.0338500000,12.8871102400,AKShare stock_zh_a_spot / 新浪
600674,川投能源,15.5000000000,15.5500000000,445186595.0000000000,28780595.0000000000,-0.0032200000,4.4518659500,AKShare stock_zh_a_spot / 新浪
600675,中华企业,2.3000000000,2.2400000000,131196212.0000000000,57163959.0000000000,0.0267900000,1.3119621200,AKShare stock_zh_a_spot / 新浪
600676,久事动娱,6.5900000000,6.4300000000,38682259.0000000000,5923614.0000000000,0.0248800000,0.3868225900,AKShare stock_zh_a_spot / 新浪
600679,上海凤凰,9.4900000000,9.3600000000,21676730.0000000000,2287200.0000000000,0.0138900000,0.2167673000,AKShare stock_zh_a_spot / 新浪
600681,百川能源,3.4300000000,3.4000000000,51276053.0000000000,15006153.0000000000,0.0088200000,0.5127605300,AKShare stock_zh_a_spot / 新浪
600682,南京新百,5.9200000000,5.6700000000,151446616.0000000000,25574970.0000000000,0.0440900000,1.5144661600,AKShare stock_zh_a_spot / 新浪
600683,京投发展,10.6500000000,9.6800000000,795905652.0000000000,77012347.0000000000,0.1002100000,7.9590565200,AKShare stock_zh_a_spot / 新浪
600684,珠江股份,3.5000000000,3.4400000000,78383111.0000000000,22746261.0000000000,0.0174400000,0.7838311100,AKShare stock_zh_a_spot / 新浪
600685,中船防务,25.2900000000,25.1100000000,149503111.0000000000,5896501.0000000000,0.0071700000,1.4950311100,AKShare stock_zh_a_spot / 新浪
600686,金龙汽车,11.1100000000,10.9300000000,122288754.0000000000,11017000.0000000000,0.0164700000,1.2228875400,AKShare stock_zh_a_spot / 新浪
600688,上海石化,2.8100000000,2.8200000000,187757893.0000000000,66952154.0000000000,-0.0035500000,1.8775789300,AKShare stock_zh_a_spot / 新浪
600689,上海三毛,10.7200000000,10.4500000000,21821751.0000000000,2053500.0000000000,0.0258400000,0.2182175100,AKShare stock_zh_a_spot / 新浪
600690,海尔智家,21.7700000000,21.9700000000,926666577.0000000000,42319396.0000000000,-0.0091000000,9.2666657700,AKShare stock_zh_a_spot / 新浪
600691,潞化科技,2.5100000000,2.5200000000,95202522.0000000000,37769700.0000000000,-0.0039700000,0.9520252200,AKShare stock_zh_a_spot / 新浪
600692,亚通股份,6.4900000000,6.0800000000,92234941.0000000000,14410610.0000000000,0.0674300000,0.9223494100,AKShare stock_zh_a_spot / 新浪
600693,东百集团,8.9500000000,9.0600000000,374365068.0000000000,41495805.0000000000,-0.0121400000,3.7436506800,AKShare stock_zh_a_spot / 新浪
600694,大商股份,14.5500000000,14.3200000000,44990883.0000000000,3103065.0000000000,0.0160600000,0.4499088300,AKShare stock_zh_a_spot / 新浪
600697,欧亚集团,10.7600000000,10.5300000000,25235881.0000000000,2354900.0000000000,0.0218400000,0.2523588100,AKShare stock_zh_a_spot / 新浪
600698,湖南天雁,6.6400000000,6.5800000000,85005570.0000000000,12858690.0000000000,0.0091200000,0.8500557000,AKShare stock_zh_a_spot / 新浪
600699,均胜电子,19.3100000000,19.4200000000,372725758.0000000000,19229547.0000000000,-0.0056600000,3.7272575800,AKShare stock_zh_a_spot / 新浪
600702,舍得酒业,35.2800000000,34.9100000000,192730237.0000000000,5445746.0000000000,0.0106000000,1.9273023700,AKShare stock_zh_a_spot / 新浪
600703,三安光电,13.7500000000,13.5100000000,1655618919.0000000000,120868822.0000000000,0.0177600000,16.5561891900,AKShare stock_zh_a_spot / 新浪
600704,物产中大,4.8900000000,4.8400000000,159940757.0000000000,32777903.0000000000,0.0103300000,1.5994075700,AKShare stock_zh_a_spot / 新浪
600706,曲江文旅,7.9400000000,7.7300000000,44337180.0000000000,5628320.0000000000,0.0271700000,0.4433718000,AKShare stock_zh_a_spot / 新浪
600707,彩虹股份,9.7900000000,10.3500000000,1978211374.0000000000,199219184.0000000000,-0.0541100000,19.7821137400,AKShare stock_zh_a_spot / 新浪
600708,光明地产,3.0800000000,3.0000000000,57751024.0000000000,18762454.0000000000,0.0266700000,0.5775102400,AKShare stock_zh_a_spot / 新浪
600710,苏美达,10.2100000000,10.1500000000,49978475.0000000000,4870789.0000000000,0.0059100000,0.4997847500,AKShare stock_zh_a_spot / 新浪
600711,盛屯矿业,11.6400000000,11.4500000000,1484962572.0000000000,124836484.0000000000,0.0165900000,14.8496257200,AKShare stock_zh_a_spot / 新浪
600712,南宁百货,5.3700000000,5.2800000000,52890564.0000000000,9892300.0000000000,0.0170500000,0.5289056400,AKShare stock_zh_a_spot / 新浪
600713,南京医药,5.3700000000,5.2800000000,112441516.0000000000,20829520.0000000000,0.0170500000,1.1244151600,AKShare stock_zh_a_spot / 新浪
600714,金瑞矿业,14.7500000000,15.4100000000,196149942.0000000000,13121950.0000000000,-0.0428300000,1.9614994200,AKShare stock_zh_a_spot / 新浪
600715,文投控股,1.5700000000,1.5600000000,46325890.0000000000,29740600.0000000000,0.0064100000,0.4632589000,AKShare stock_zh_a_spot / 新浪
600716,凤凰股份,3.5600000000,3.4600000000,19598559.0000000000,5540993.0000000000,0.0289000000,0.1959855900,AKShare stock_zh_a_spot / 新浪
600717,天津港,4.2700000000,4.2500000000,82663207.0000000000,19376838.0000000000,0.0047100000,0.8266320700,AKShare stock_zh_a_spot / 新浪
600718,东软集团,8.1300000000,7.9900000000,75339372.0000000000,9276276.0000000000,0.0175200000,0.7533937200,AKShare stock_zh_a_spot / 新浪
600719,大连热电,7.0500000000,6.9000000000,114411261.0000000000,16059602.0000000000,0.0217400000,1.1441126100,AKShare stock_zh_a_spot / 新浪
600720,中交设计,5.2300000000,5.0200000000,94261283.0000000000,18104091.0000000000,0.0418300000,0.9426128300,AKShare stock_zh_a_spot / 新浪
600721,百花医药,13.6600000000,13.7200000000,1707351942.0000000000,122236351.0000000000,-0.0043700000,17.0735194200,AKShare stock_zh_a_spot / 新浪
600722,金牛化工,13.2400000000,12.8400000000,1863223914.0000000000,147342731.0000000000,0.0311500000,18.6322391400,AKShare stock_zh_a_spot / 新浪
600724,宁波富达,5.0700000000,4.9200000000,39224696.0000000000,7764400.0000000000,0.0304900000,0.3922469600,AKShare stock_zh_a_spot / 新浪
600725,云维股份,3.1600000000,3.2200000000,77075702.0000000000,24380656.0000000000,-0.0186300000,0.7707570200,AKShare stock_zh_a_spot / 新浪
600726,华电能源,5.6500000000,5.6500000000,556592109.0000000000,98378193.0000000000,0.0000000000,5.5659210900,AKShare stock_zh_a_spot / 新浪
600727,鲁北化工,7.3700000000,7.3700000000,86932851.0000000000,11748200.0000000000,0.0000000000,0.8693285100,AKShare stock_zh_a_spot / 新浪
600728,佳都科技,4.5800000000,4.4800000000,111163530.0000000000,24337792.0000000000,0.0223200000,1.1116353000,AKShare stock_zh_a_spot / 新浪
600729,重百集团,19.4500000000,19.2000000000,67438929.0000000000,3479500.0000000000,0.0130200000,0.6743892900,AKShare stock_zh_a_spot / 新浪
600731,湖南海利,5.9200000000,5.9600000000,42031938.0000000000,7090445.0000000000,-0.0067100000,0.4203193800,AKShare stock_zh_a_spot / 新浪
600732,爱旭股份,11.7600000000,11.8000000000,199169365.0000000000,16956223.0000000000,-0.0033900000,1.9916936500,AKShare stock_zh_a_spot / 新浪
600733,北汽蓝谷,5.2100000000,5.0200000000,493178654.0000000000,95668900.0000000000,0.0378500000,4.9317865400,AKShare stock_zh_a_spot / 新浪
600736,苏州高新,6.7600000000,6.6200000000,131313090.0000000000,19507176.0000000000,0.0211500000,1.3131309000,AKShare stock_zh_a_spot / 新浪
600737,中粮糖业,15.8500000000,14.9300000000,2223820999.0000000000,145563515.0000000000,0.0616200000,22.2382099900,AKShare stock_zh_a_spot / 新浪
600738,丽尚国潮,4.0900000000,4.0800000000,108665420.0000000000,26735429.0000000000,0.0024500000,1.0866542000,AKShare stock_zh_a_spot / 新浪
600739,辽宁成大,10.9600000000,10.4800000000,415405962.0000000000,37959849.0000000000,0.0458000000,4.1540596200,AKShare stock_zh_a_spot / 新浪
600740,山西焦化,3.5800000000,3.7400000000,299013766.0000000000,82570765.0000000000,-0.0427800000,2.9901376600,AKShare stock_zh_a_spot / 新浪
600741,华域汽车,15.4500000000,15.3300000000,150188614.0000000000,9730170.0000000000,0.0078300000,1.5018861400,AKShare stock_zh_a_spot / 新浪
600742,富维股份,7.5700000000,7.4000000000,38004879.0000000000,5043731.0000000000,0.0229700000,0.3800487900,AKShare stock_zh_a_spot / 新浪
600743,华远控股,2.2600000000,2.2200000000,59315180.0000000000,26501600.0000000000,0.0180200000,0.5931518000,AKShare stock_zh_a_spot / 新浪
600744,华银电力,6.3900000000,6.4200000000,426145222.0000000000,66606092.0000000000,-0.0046700000,4.2614522200,AKShare stock_zh_a_spot / 新浪
600746,江苏索普,6.5700000000,6.5700000000,60667160.0000000000,9211600.0000000000,0.0000000000,0.6066716000,AKShare stock_zh_a_spot / 新浪
600748,上实发展,3.8800000000,3.7900000000,77516315.0000000000,19932767.0000000000,0.0237500000,0.7751631500,AKShare stock_zh_a_spot / 新浪
600749,西藏旅游,13.7500000000,13.3400000000,84816280.0000000000,6185500.0000000000,0.0307300000,0.8481628000,AKShare stock_zh_a_spot / 新浪
600750,华润江中,24.2000000000,23.9900000000,159059796.0000000000,6561313.0000000000,0.0087500000,1.5905979600,AKShare stock_zh_a_spot / 新浪
600751,海航科技,3.1700000000,3.1100000000,89586949.0000000000,28277794.0000000000,0.0192900000,0.8958694900,AKShare stock_zh_a_spot / 新浪
600754,锦江酒店,19.2400000000,18.8200000000,201108828.0000000000,10524465.0000000000,0.0223200000,2.0110882800,AKShare stock_zh_a_spot / 新浪
600755,厦门国贸,5.6800000000,5.6100000000,56175972.0000000000,9935990.0000000000,0.0124800000,0.5617597200,AKShare stock_zh_a_spot / 新浪
600756,浪潮软件,14.4200000000,14.6100000000,206298654.0000000000,14160199.0000000000,-0.0130000000,2.0629865400,AKShare stock_zh_a_spot / 新浪
600757,长江传媒,7.7100000000,7.6700000000,54733831.0000000000,7114891.0000000000,0.0052200000,0.5473383100,AKShare stock_zh_a_spot / 新浪
600758,辽宁能源,3.3500000000,3.5300000000,331815902.0000000000,98093128.0000000000,-0.0509900000,3.3181590200,AKShare stock_zh_a_spot / 新浪
600760,中航沈飞,43.5000000000,43.5300000000,372370537.0000000000,8536345.0000000000,-0.0006900000,3.7237053700,AKShare stock_zh_a_spot / 新浪
600761,安徽合力,16.5500000000,16.5300000000,143911584.0000000000,8637500.0000000000,0.0012100000,1.4391158400,AKShare stock_zh_a_spot / 新浪
600763,通策医疗,36.5400000000,35.2500000000,662557956.0000000000,18136102.0000000000,0.0366000000,6.6255795600,AKShare stock_zh_a_spot / 新浪
600764,中国海防,17.4000000000,17.1800000000,60251409.0000000000,3469831.0000000000,0.0128100000,0.6025140900,AKShare stock_zh_a_spot / 新浪
600765,中航重机,13.0900000000,13.0800000000,108901498.0000000000,8311962.0000000000,0.0007600000,1.0890149800,AKShare stock_zh_a_spot / 新浪
600768,富邦新材,14.9500000000,14.8900000000,63759799.0000000000,4231400.0000000000,0.0040300000,0.6375979900,AKShare stock_zh_a_spot / 新浪
600769,祥龙电业,15.1800000000,15.3300000000,121216839.0000000000,7923000.0000000000,-0.0097800000,1.2121683900,AKShare stock_zh_a_spot / 新浪
600770,综艺股份,5.0300000000,4.9700000000,82097176.0000000000,16278319.0000000000,0.0120700000,0.8209717600,AKShare stock_zh_a_spot / 新浪
600771,广誉远,13.9200000000,13.5500000000,179053348.0000000000,12854067.0000000000,0.0273100000,1.7905334800,AKShare stock_zh_a_spot / 新浪
600773,西藏城投,10.6700000000,10.5600000000,172939641.0000000000,16227915.0000000000,0.0104200000,1.7293964100,AKShare stock_zh_a_spot / 新浪
600774,汉商集团,7.3900000000,7.1700000000,33834264.0000000000,4572597.0000000000,0.0306800000,0.3383426400,AKShare stock_zh_a_spot / 新浪
600775,南京熊猫,9.4600000000,9.2200000000,131139642.0000000000,13864799.0000000000,0.0260300000,1.3113964200,AKShare stock_zh_a_spot / 新浪
600776,东方通信,12.3800000000,12.1500000000,127124088.0000000000,10280335.0000000000,0.0189300000,1.2712408800,AKShare stock_zh_a_spot / 新浪
600777,新潮能源,4.1000000000,4.1100000000,50596508.0000000000,12330720.0000000000,-0.0024300000,0.5059650800,AKShare stock_zh_a_spot / 新浪
600778,友好集团,5.5600000000,5.4400000000,30135001.0000000000,5441700.0000000000,0.0220600000,0.3013500100,AKShare stock_zh_a_spot / 新浪
600779,水井坊,27.1800000000,26.9300000000,44354299.0000000000,1631080.0000000000,0.0092800000,0.4435429900,AKShare stock_zh_a_spot / 新浪
600780,通宝能源,5.8200000000,5.7700000000,37814296.0000000000,6503452.0000000000,0.0086700000,0.3781429600,AKShare stock_zh_a_spot / 新浪
600782,新钢股份,2.7200000000,2.6900000000,121540031.0000000000,44712897.0000000000,0.0111500000,1.2154003100,AKShare stock_zh_a_spot / 新浪
600783,鲁信创投,18.6200000000,20.1900000000,1491176048.0000000000,80466545.0000000000,-0.0777600000,14.9117604800,AKShare stock_zh_a_spot / 新浪
600784,鲁银投资,7.8600000000,7.9200000000,69774596.0000000000,8826596.0000000000,-0.0075800000,0.6977459600,AKShare stock_zh_a_spot / 新浪
600785,新华百货,8.8500000000,8.7600000000,57949529.0000000000,6545520.0000000000,0.0102700000,0.5794952900,AKShare stock_zh_a_spot / 新浪
600787,中储股份,4.5700000000,4.5600000000,61698809.0000000000,13499085.0000000000,0.0021900000,0.6169880900,AKShare stock_zh_a_spot / 新浪
600789,鲁抗医药,7.6900000000,7.4000000000,382527774.0000000000,49830886.0000000000,0.0391900000,3.8252777400,AKShare stock_zh_a_spot / 新浪
600790,轻纺城,3.3800000000,3.2900000000,37052877.0000000000,11077420.0000000000,0.0273600000,0.3705287700,AKShare stock_zh_a_spot / 新浪
600791,京能置业,7.4000000000,7.2800000000,85574979.0000000000,11528350.0000000000,0.0164800000,0.8557497900,AKShare stock_zh_a_spot / 新浪
600792,云煤能源,3.6000000000,3.7600000000,218079743.0000000000,59460285.0000000000,-0.0425500000,2.1807974300,AKShare stock_zh_a_spot / 新浪
600793,宜宾纸业,14.3300000000,14.2700000000,66946686.0000000000,4671900.0000000000,0.0042000000,0.6694668600,AKShare stock_zh_a_spot / 新浪
600794,保税科技,3.1900000000,3.1600000000,42533180.0000000000,13397799.0000000000,0.0094900000,0.4253318000,AKShare stock_zh_a_spot / 新浪
600795,国电电力,5.1600000000,5.1300000000,985411801.0000000000,189816182.0000000000,0.0058500000,9.8541180100,AKShare stock_zh_a_spot / 新浪
600796,钱江生化,5.1400000000,5.0600000000,20788218.0000000000,4045300.0000000000,0.0158100000,0.2078821800,AKShare stock_zh_a_spot / 新浪
600797,浙大网新,6.8100000000,6.7400000000,102220057.0000000000,15063340.0000000000,0.0103900000,1.0222005700,AKShare stock_zh_a_spot / 新浪
600798,宁波海运,3.2900000000,3.3600000000,121509959.0000000000,36768049.0000000000,-0.0208300000,1.2150995900,AKShare stock_zh_a_spot / 新浪
600800,渤海化学,3.3000000000,3.2700000000,95199217.0000000000,28735693.0000000000,0.0091700000,0.9519921700,AKShare stock_zh_a_spot / 新浪
600801,华新建材,22.7700000000,22.9800000000,280003976.0000000000,12161929.0000000000,-0.0091400000,2.8000397600,AKShare stock_zh_a_spot / 新浪
600802,福建水泥,4.5900000000,4.4800000000,24206353.0000000000,5310606.0000000000,0.0245500000,0.2420635300,AKShare stock_zh_a_spot / 新浪
600803,新奥股份,17.6200000000,17.9000000000,190299567.0000000000,10746872.0000000000,-0.0156400000,1.9029956700,AKShare stock_zh_a_spot / 新浪
600805,悦达投资,4.4200000000,4.3300000000,22496261.0000000000,5109291.0000000000,0.0207900000,0.2249626100,AKShare stock_zh_a_spot / 新浪
600807,济高发展,2.6000000000,2.5300000000,34922048.0000000000,13477503.0000000000,0.0276700000,0.3492204800,AKShare stock_zh_a_spot / 新浪
600808,马钢股份,2.5100000000,2.4500000000,165028160.0000000000,66203270.0000000000,0.0244900000,1.6502816000,AKShare stock_zh_a_spot / 新浪
600809,山西汾酒,118.5000000000,119.3000000000,481770843.0000000000,4059281.0000000000,-0.0067100000,4.8177084300,AKShare stock_zh_a_spot / 新浪
600810,神马股份,6.2000000000,6.1700000000,41971137.0000000000,6767165.0000000000,0.0048600000,0.4197113700,AKShare stock_zh_a_spot / 新浪
600812,华北制药,5.1400000000,5.0600000000,151287538.0000000000,29397277.0000000000,0.0158100000,1.5128753800,AKShare stock_zh_a_spot / 新浪
600814,杭州解百,6.7500000000,6.7000000000,28768829.0000000000,4276860.0000000000,0.0074600000,0.2876882900,AKShare stock_zh_a_spot / 新浪
600815,厦工股份,3.9100000000,3.9200000000,246393247.0000000000,62519100.0000000000,-0.0025500000,2.4639324700,AKShare stock_zh_a_spot / 新浪
600816,建元信托,2.4800000000,2.4400000000,133248255.0000000000,54032915.0000000000,0.0163900000,1.3324825500,AKShare stock_zh_a_spot / 新浪
600817,宇通重工,9.5300000000,9.3700000000,22386212.0000000000,2360526.0000000000,0.0170800000,0.2238621200,AKShare stock_zh_a_spot / 新浪
600819,耀皮玻璃,5.4500000000,5.3500000000,27368226.0000000000,5062474.0000000000,0.0186900000,0.2736822600,AKShare stock_zh_a_spot / 新浪
600820,隧道股份,5.4100000000,5.3900000000,104669871.0000000000,19369016.0000000000,0.0037100000,1.0466987100,AKShare stock_zh_a_spot / 新浪
600821,金开新能,5.9600000000,5.9400000000,283897979.0000000000,47581638.0000000000,0.0033700000,2.8389797900,AKShare stock_zh_a_spot / 新浪
600822,上海物贸,8.3600000000,8.2100000000,20568668.0000000000,2469710.0000000000,0.0182700000,0.2056866800,AKShare stock_zh_a_spot / 新浪
600824,益民集团,3.6300000000,3.6000000000,66392899.0000000000,18282180.0000000000,0.0083300000,0.6639289900,AKShare stock_zh_a_spot / 新浪
600825,新华传媒,4.9500000000,4.8800000000,30258680.0000000000,6115910.0000000000,0.0143400000,0.3025868000,AKShare stock_zh_a_spot / 新浪
600826,兰生股份,7.8700000000,7.7000000000,31878212.0000000000,4056449.0000000000,0.0220800000,0.3187821200,AKShare stock_zh_a_spot / 新浪
600827,百联股份,7.5900000000,7.4900000000,96228260.0000000000,12719725.0000000000,0.0133500000,0.9622826000,AKShare stock_zh_a_spot / 新浪
600828,茂业商业,3.9300000000,3.8700000000,41146600.0000000000,10515051.0000000000,0.0155000000,0.4114660000,AKShare stock_zh_a_spot / 新浪
600829,人民同泰,10.2700000000,10.7100000000,514327188.0000000000,48948749.0000000000,-0.0410800000,5.1432718800,AKShare stock_zh_a_spot / 新浪
600830,香溢融通,8.1200000000,7.9900000000,35820510.0000000000,4420570.0000000000,0.0162700000,0.3582051000,AKShare stock_zh_a_spot / 新浪
600831,广电网络,3.3200000000,3.2900000000,35933346.0000000000,10915100.0000000000,0.0091200000,0.3593334600,AKShare stock_zh_a_spot / 新浪
600833,第一医药,11.0400000000,10.6900000000,152452193.0000000000,13689500.0000000000,0.0327400000,1.5245219300,AKShare stock_zh_a_spot / 新浪
600834,申通地铁,7.5600000000,7.3600000000,40746535.0000000000,5412687.0000000000,0.0271700000,0.4074653500,AKShare stock_zh_a_spot / 新浪
600835,上海机电,18.2300000000,18.0200000000,63226981.0000000000,3480100.0000000000,0.0116500000,0.6322698100,AKShare stock_zh_a_spot / 新浪
600838,上海九百,7.5100000000,7.3100000000,63327375.0000000000,8516920.0000000000,0.0273600000,0.6332737500,AKShare stock_zh_a_spot / 新浪
600839,四川长虹,6.9600000000,6.8600000000,511372461.0000000000,73233123.0000000000,0.0145800000,5.1137246100,AKShare stock_zh_a_spot / 新浪
600841,动力新科,5.6600000000,5.6000000000,55449026.0000000000,9827300.0000000000,0.0107100000,0.5544902600,AKShare stock_zh_a_spot / 新浪
600843,上工申贝,6.8600000000,6.7600000000,42711964.0000000000,6216301.0000000000,0.0147900000,0.4271196400,AKShare stock_zh_a_spot / 新浪
600844,金煤科技,3.5200000000,3.3800000000,186867984.0000000000,53247707.0000000000,0.0414200000,1.8686798400,AKShare stock_zh_a_spot / 新浪
600845,宝信软件,17.6900000000,17.5500000000,219493688.0000000000,12369898.0000000000,0.0079800000,2.1949368800,AKShare stock_zh_a_spot / 新浪
600846,XD同济科,11.9600000000,11.9400000000,31178368.0000000000,2609571.0000000000,0.0016800000,0.3117836800,AKShare stock_zh_a_spot / 新浪
600847,万里股份,12.7400000000,12.3900000000,19975110.0000000000,1571887.0000000000,0.0282500000,0.1997511000,AKShare stock_zh_a_spot / 新浪
600848,上海临港,8.5000000000,8.4600000000,62822260.0000000000,7384660.0000000000,0.0047300000,0.6282226000,AKShare stock_zh_a_spot / 新浪
600850,电科数字,14.3000000000,14.2800000000,97108713.0000000000,6773260.0000000000,0.0014000000,0.9710871300,AKShare stock_zh_a_spot / 新浪
600851,海欣股份,8.9600000000,8.5700000000,333952166.0000000000,36709816.0000000000,0.0455100000,3.3395216600,AKShare stock_zh_a_spot / 新浪
600853,龙建股份,3.3000000000,3.2300000000,27239048.0000000000,8306776.0000000000,0.0216700000,0.2723904800,AKShare stock_zh_a_spot / 新浪
600854,春兰股份,4.5300000000,4.4700000000,24069160.0000000000,5307400.0000000000,0.0134200000,0.2406916000,AKShare stock_zh_a_spot / 新浪
600855,航天长峰,11.9200000000,11.9500000000,63186892.0000000000,5279172.0000000000,-0.0025100000,0.6318689200,AKShare stock_zh_a_spot / 新浪
600857,宁波中百,20.2500000000,19.7200000000,146300116.0000000000,7187430.0000000000,0.0268800000,1.4630011600,AKShare stock_zh_a_spot / 新浪
600858,银座股份,4.9500000000,4.8500000000,27673018.0000000000,5627602.0000000000,0.0206200000,0.2767301800,AKShare stock_zh_a_spot / 新浪
600859,王府井,9.9000000000,9.7000000000,121836174.0000000000,12360209.0000000000,0.0206200000,1.2183617400,AKShare stock_zh_a_spot / 新浪
600860,京城股份,8.2900000000,8.3600000000,69479041.0000000000,8403791.0000000000,-0.0083700000,0.6947904100,AKShare stock_zh_a_spot / 新浪
600861,北京人力,13.1600000000,12.8300000000,48158343.0000000000,3672000.0000000000,0.0257200000,0.4815834300,AKShare stock_zh_a_spot / 新浪
600862,中航高科,17.3700000000,17.3600000000,119698935.0000000000,6886000.0000000000,0.0005800000,1.1969893500,AKShare stock_zh_a_spot / 新浪
600863,华能蒙电,4.7500000000,4.7400000000,321337493.0000000000,67784450.0000000000,0.0021100000,3.2133749300,AKShare stock_zh_a_spot / 新浪
600864,哈投股份,5.3100000000,5.3000000000,122100339.0000000000,23021128.0000000000,0.0018900000,1.2210033900,AKShare stock_zh_a_spot / 新浪
600865,百大集团,8.6800000000,8.6000000000,39301962.0000000000,4543404.0000000000,0.0093000000,0.3930196200,AKShare stock_zh_a_spot / 新浪
600866,星湖科技,4.4600000000,4.3500000000,140616600.0000000000,31942009.0000000000,0.0252900000,1.4061660000,AKShare stock_zh_a_spot / 新浪
600867,通化东宝,8.5000000000,8.2400000000,465555402.0000000000,54533555.0000000000,0.0315500000,4.6555540200,AKShare stock_zh_a_spot / 新浪
600868,梅雁吉祥,2.7100000000,2.6700000000,102036961.0000000000,37696184.0000000000,0.0149800000,1.0203696100,AKShare stock_zh_a_spot / 新浪
600869,远东股份,16.6000000000,15.4000000000,2970077910.0000000000,183984408.0000000000,0.0779200000,29.7007791000,AKShare stock_zh_a_spot / 新浪
600871,石化油服,2.2200000000,2.2300000000,278789703.0000000000,124925601.0000000000,-0.0044800000,2.7878970300,AKShare stock_zh_a_spot / 新浪
600872,中炬高新,18.7300000000,18.6100000000,280133003.0000000000,14879135.0000000000,0.0064500000,2.8013300300,AKShare stock_zh_a_spot / 新浪
600873,梅花生物,7.8500000000,7.7500000000,213845551.0000000000,27366300.0000000000,0.0129000000,2.1384555100,AKShare stock_zh_a_spot / 新浪
600874,创业环保,5.6400000000,5.6000000000,31090424.0000000000,5533502.0000000000,0.0071400000,0.3109042400,AKShare stock_zh_a_spot / 新浪
600875,东方电气,25.6800000000,25.9100000000,854161770.0000000000,32990411.0000000000,-0.0088800000,8.5416177000,AKShare stock_zh_a_spot / 新浪
600876,凯盛新能,7.0300000000,6.9500000000,16579909.0000000000,2365100.0000000000,0.0115100000,0.1657990900,AKShare stock_zh_a_spot / 新浪
600877,电科芯片,12.1900000000,12.3300000000,155401638.0000000000,12590838.0000000000,-0.0113500000,1.5540163800,AKShare stock_zh_a_spot / 新浪
600879,航天电子,14.3800000000,15.0100000000,1659124917.0000000000,114027799.0000000000,-0.0419700000,16.5912491700,AKShare stock_zh_a_spot / 新浪
600880,博瑞传播,3.8500000000,3.7800000000,48331803.0000000000,12588540.0000000000,0.0185200000,0.4833180300,AKShare stock_zh_a_spot / 新浪
600881,亚泰集团,1.9900000000,1.8800000000,760311055.0000000000,381982453.0000000000,0.0585100000,7.6031105500,AKShare stock_zh_a_spot / 新浪
600882,妙可蓝多,20.8500000000,21.0500000000,160809183.0000000000,7772124.0000000000,-0.0095000000,1.6080918300,AKShare stock_zh_a_spot / 新浪
600883,博闻科技,7.8400000000,7.6300000000,52627570.0000000000,6741801.0000000000,0.0275200000,0.5262757000,AKShare stock_zh_a_spot / 新浪
600884,杉杉股份,11.6500000000,11.6800000000,347254113.0000000000,29754365.0000000000,-0.0025700000,3.4725411300,AKShare stock_zh_a_spot / 新浪
600885,宏发股份,34.8400000000,35.2100000000,520759102.0000000000,15058184.0000000000,-0.0105100000,5.2075910200,AKShare stock_zh_a_spot / 新浪
600886,国投电力,13.9400000000,14.0600000000,380783446.0000000000,27269804.0000000000,-0.0085300000,3.8078344600,AKShare stock_zh_a_spot / 新浪
600887,伊利股份,25.5200000000,25.2300000000,1696872548.0000000000,67100989.0000000000,0.0114900000,16.9687254800,AKShare stock_zh_a_spot / 新浪
600888,新疆众和,9.8100000000,9.7900000000,410675611.0000000000,41589389.0000000000,0.0020400000,4.1067561100,AKShare stock_zh_a_spot / 新浪
600892,大晟文化,3.7500000000,3.6900000000,84784661.0000000000,22815100.0000000000,0.0162600000,0.8478466100,AKShare stock_zh_a_spot / 新浪
600893,航发动力,35.7800000000,35.5700000000,735435430.0000000000,20424515.0000000000,0.0059000000,7.3543543000,AKShare stock_zh_a_spot / 新浪
600894,广日股份,7.8800000000,7.7800000000,30943877.0000000000,3938002.0000000000,0.0128500000,0.3094387700,AKShare stock_zh_a_spot / 新浪
600895,张江高科,30.7700000000,31.5700000000,856592125.0000000000,27551166.0000000000,-0.0253400000,8.5659212500,AKShare stock_zh_a_spot / 新浪
600897,厦门空港,14.8500000000,14.7000000000,22285909.0000000000,1503641.0000000000,0.0102000000,0.2228590900,AKShare stock_zh_a_spot / 新浪
600900,长江电力,28.1600000000,28.4200000000,2312546485.0000000000,82162445.0000000000,-0.0091500000,23.1254648500,AKShare stock_zh_a_spot / 新浪
600901,江苏金租,6.4600000000,6.5800000000,273128215.0000000000,42221840.0000000000,-0.0182400000,2.7312821500,AKShare stock_zh_a_spot / 新浪
600903,贵州燃气,6.1600000000,6.1200000000,116739381.0000000000,18946158.0000000000,0.0065400000,1.1673938100,AKShare stock_zh_a_spot / 新浪
600905,三峡能源,3.7200000000,3.6900000000,203727830.0000000000,54944167.0000000000,0.0081300000,2.0372783000,AKShare stock_zh_a_spot / 新浪
600906,财达证券,6.4200000000,6.3900000000,155853146.0000000000,24414509.0000000000,0.0046900000,1.5585314600,AKShare stock_zh_a_spot / 新浪
600908,无锡银行,5.4000000000,5.3700000000,115657412.0000000000,21493636.0000000000,0.0055900000,1.1565741200,AKShare stock_zh_a_spot / 新浪
600909,华安证券,8.0400000000,8.0800000000,717446835.0000000000,88977543.0000000000,-0.0049500000,7.1744683500,AKShare stock_zh_a_spot / 新浪
600916,中国黄金,7.6900000000,7.6400000000,531496303.0000000000,67404655.0000000000,0.0065400000,5.3149630300,AKShare stock_zh_a_spot / 新浪
600917,重庆燃气,4.8400000000,4.7800000000,19026264.0000000000,3949850.0000000000,0.0125500000,0.1902626400,AKShare stock_zh_a_spot / 新浪
600918,中泰证券,5.6000000000,5.4700000000,251017206.0000000000,45196772.0000000000,0.0237700000,2.5101720600,AKShare stock_zh_a_spot / 新浪
600919,江苏银行,12.1000000000,11.9500000000,1605116526.0000000000,133745217.0000000000,0.0125500000,16.0511652600,AKShare stock_zh_a_spot / 新浪
600925,苏能股份,4.3600000000,4.3200000000,42310906.0000000000,9699850.0000000000,0.0092600000,0.4231090600,AKShare stock_zh_a_spot / 新浪
600926,杭州银行,16.8100000000,16.7900000000,805146371.0000000000,48023733.0000000000,0.0011900000,8.0514637100,AKShare stock_zh_a_spot / 新浪
600927,永安期货,12.9100000000,12.6300000000,60185180.0000000000,4677110.0000000000,0.0221700000,0.6018518000,AKShare stock_zh_a_spot / 新浪
600928,西安银行,3.5600000000,3.5200000000,81079086.0000000000,22963299.0000000000,0.0113600000,0.8107908600,AKShare stock_zh_a_spot / 新浪
600929,雪天盐业,5.2700000000,5.2400000000,87957988.0000000000,16641992.0000000000,0.0057300000,0.8795798800,AKShare stock_zh_a_spot / 新浪
600930,华电新能,3.9100000000,3.9000000000,393911712.0000000000,100858830.0000000000,0.0025600000,3.9391171200,AKShare stock_zh_a_spot / 新浪
600933,爱柯迪,13.6500000000,13.6500000000,88032887.0000000000,6410267.0000000000,0.0000000000,0.8803288700,AKShare stock_zh_a_spot / 新浪
600935,华塑股份,2.2700000000,2.2400000000,25103056.0000000000,11124300.0000000000,0.0133900000,0.2510305600,AKShare stock_zh_a_spot / 新浪
600936,北投科技,4.9300000000,4.7200000000,418130786.0000000000,86616235.0000000000,0.0444900000,4.1813078600,AKShare stock_zh_a_spot / 新浪
600938,中国海油,33.3000000000,33.3500000000,1385094968.0000000000,41654072.0000000000,-0.0015000000,13.8509496800,AKShare stock_zh_a_spot / 新浪
600939,重庆建工,2.5900000000,2.5200000000,34103485.0000000000,13275100.0000000000,0.0277800000,0.3410348500,AKShare stock_zh_a_spot / 新浪
600941,中国移动,96.7000000000,97.1700000000,784974507.0000000000,8120913.0000000000,-0.0048400000,7.8497450700,AKShare stock_zh_a_spot / 新浪
600955,维远股份,12.8500000000,12.6000000000,55226692.0000000000,4332400.0000000000,0.0198400000,0.5522669200,AKShare stock_zh_a_spot / 新浪
600956,XD新天绿,7.0400000000,6.9300000000,43145473.0000000000,6140100.0000000000,0.0158700000,0.4314547300,AKShare stock_zh_a_spot / 新浪
600958,东方证券,8.9200000000,8.8800000000,254820470.0000000000,28621223.0000000000,0.0045000000,2.5482047000,AKShare stock_zh_a_spot / 新浪
600959,江苏有线,3.0200000000,2.9800000000,51714062.0000000000,17179320.0000000000,0.0134200000,0.5171406200,AKShare stock_zh_a_spot / 新浪
600960,渤海汽车,3.9600000000,3.8500000000,32191630.0000000000,8188600.0000000000,0.0285700000,0.3219163000,AKShare stock_zh_a_spot / 新浪
600961,株冶集团,27.0900000000,27.4300000000,1410327600.0000000000,50412314.0000000000,-0.0124000000,14.1032760000,AKShare stock_zh_a_spot / 新浪
600962,国投中鲁,25.2200000000,24.9700000000,136242269.0000000000,5418901.0000000000,0.0100100000,1.3624226900,AKShare stock_zh_a_spot / 新浪
600963,岳阳林纸,3.3200000000,3.3100000000,80789295.0000000000,24314109.0000000000,0.0030200000,0.8078929500,AKShare stock_zh_a_spot / 新浪
600966,博汇纸业,4.8200000000,4.7200000000,44678847.0000000000,9252197.0000000000,0.0211900000,0.4467884700,AKShare stock_zh_a_spot / 新浪
600967,内蒙一机,10.8100000000,10.7100000000,128277232.0000000000,11868200.0000000000,0.0093400000,1.2827723200,AKShare stock_zh_a_spot / 新浪
600968,海油发展,4.0100000000,4.0600000000,186659336.0000000000,46304146.0000000000,-0.0123200000,1.8665933600,AKShare stock_zh_a_spot / 新浪
600969,郴电国际,8.5900000000,8.5700000000,39438609.0000000000,4565700.0000000000,0.0023300000,0.3943860900,AKShare stock_zh_a_spot / 新浪
600970,中材国际,7.7800000000,7.6800000000,83341029.0000000000,10738268.0000000000,0.0130200000,0.8334102900,AKShare stock_zh_a_spot / 新浪
600971,恒源煤电,8.6700000000,8.5800000000,243127802.0000000000,28035320.0000000000,0.0104900000,2.4312780200,AKShare stock_zh_a_spot / 新浪
600973,宝胜股份,6.0400000000,5.9500000000,68778818.0000000000,11442200.0000000000,0.0151300000,0.6877881800,AKShare stock_zh_a_spot / 新浪
600975,新五丰,5.0000000000,4.9100000000,67278829.0000000000,13534459.0000000000,0.0183300000,0.6727882900,AKShare stock_zh_a_spot / 新浪
600976,健民集团,28.6300000000,28.3600000000,87338517.0000000000,3045700.0000000000,0.0095200000,0.8733851700,AKShare stock_zh_a_spot / 新浪
600977,中国电影,11.9300000000,11.7800000000,247378423.0000000000,20800028.0000000000,0.0127300000,2.4737842300,AKShare stock_zh_a_spot / 新浪
600979,广安爱众,3.8400000000,3.8100000000,49571223.0000000000,12941780.0000000000,0.0078700000,0.4957122300,AKShare stock_zh_a_spot / 新浪
600980,北矿科技,19.6000000000,19.5900000000,53804510.0000000000,2726521.0000000000,0.0005100000,0.5380451000,AKShare stock_zh_a_spot / 新浪
600981,苏豪汇鸿,2.4100000000,2.3700000000,37100312.0000000000,15435301.0000000000,0.0168800000,0.3710031200,AKShare stock_zh_a_spot / 新浪
600982,宁波能源,4.8100000000,4.7600000000,54605867.0000000000,11371850.0000000000,0.0105000000,0.5460586700,AKShare stock_zh_a_spot / 新浪
600983,惠而浦,7.8400000000,7.6300000000,20183185.0000000000,2588300.0000000000,0.0275200000,0.2018318500,AKShare stock_zh_a_spot / 新浪
600985,淮北矿业,17.6000000000,17.1400000000,682842929.0000000000,39128060.0000000000,0.0268400000,6.8284292900,AKShare stock_zh_a_spot / 新浪
600986,浙文互联,7.0600000000,7.0500000000,294446103.0000000000,41608479.0000000000,0.0014200000,2.9444610300,AKShare stock_zh_a_spot / 新浪
600987,航民股份,6.5300000000,6.5400000000,43830564.0000000000,6675755.0000000000,-0.0015300000,0.4383056400,AKShare stock_zh_a_spot / 新浪
600988,赤峰黄金,46.1000000000,42.7200000000,4749695728.0000000000,102616542.0000000000,0.0791200000,47.4969572800,AKShare stock_zh_a_spot / 新浪
600989,宝丰能源,23.4000000000,23.6600000000,2148821446.0000000000,90654370.0000000000,-0.0109900000,21.4882144600,AKShare stock_zh_a_spot / 新浪
600990,四创电子,17.8000000000,17.4800000000,50259863.0000000000,2815373.0000000000,0.0183100000,0.5025986300,AKShare stock_zh_a_spot / 新浪
600992,贵绳股份,9.6700000000,9.6000000000,51087668.0000000000,5303320.0000000000,0.0072900000,0.5108766800,AKShare stock_zh_a_spot / 新浪
600993,马应龙,23.4900000000,23.1800000000,117509446.0000000000,5001291.0000000000,0.0133700000,1.1750944600,AKShare stock_zh_a_spot / 新浪
600995,南网储能,12.3300000000,12.3600000000,118132566.0000000000,9567992.0000000000,-0.0024300000,1.1813256600,AKShare stock_zh_a_spot / 新浪
600996,贵广网络,6.5700000000,6.5100000000,96839719.0000000000,14793039.0000000000,0.0092200000,0.9683971900,AKShare stock_zh_a_spot / 新浪
600997,开滦股份,5.5600000000,5.5700000000,104425734.0000000000,18624386.0000000000,-0.0018000000,1.0442573400,AKShare stock_zh_a_spot / 新浪
600998,九州通,5.0400000000,4.9500000000,224015408.0000000000,44635907.0000000000,0.0181800000,2.2401540800,AKShare stock_zh_a_spot / 新浪
600999,招商证券,17.8300000000,17.8300000000,629102137.0000000000,35294975.0000000000,0.0000000000,6.2910213700,AKShare stock_zh_a_spot / 新浪
601000,唐山港,4.6100000000,4.5900000000,168333059.0000000000,36757249.0000000000,0.0043600000,1.6833305900,AKShare stock_zh_a_spot / 新浪
601001,晋控煤业,17.1500000000,17.2000000000,331131489.0000000000,19094696.0000000000,-0.0029100000,3.3113148900,AKShare stock_zh_a_spot / 新浪
601002,晋亿实业,5.2100000000,5.2200000000,47689483.0000000000,9092800.0000000000,-0.0019200000,0.4768948300,AKShare stock_zh_a_spot / 新浪
601003,柳钢股份,3.6000000000,3.6000000000,51329598.0000000000,14210700.0000000000,0.0000000000,0.5132959800,AKShare stock_zh_a_spot / 新浪
601005,重庆钢铁,1.1800000000,1.1800000000,48813041.0000000000,41361196.0000000000,0.0000000000,0.4881304100,AKShare stock_zh_a_spot / 新浪
601006,大秦铁路,4.8000000000,4.7700000000,413666935.0000000000,86526291.0000000000,0.0062900000,4.1366693500,AKShare stock_zh_a_spot / 新浪
601007,金陵饭店,6.7800000000,6.6300000000,37029167.0000000000,5493972.0000000000,0.0226200000,0.3702916700,AKShare stock_zh_a_spot / 新浪
601008,连云港,4.4100000000,4.5700000000,187071919.0000000000,42208581.0000000000,-0.0350100000,1.8707191900,AKShare stock_zh_a_spot / 新浪
601009,南京银行,11.9200000000,11.7600000000,1001163284.0000000000,84508829.0000000000,0.0136100000,10.0116328400,AKShare stock_zh_a_spot / 新浪
601011,宝泰隆,3.2000000000,3.0400000000,980955751.0000000000,300192126.0000000000,0.0526300000,9.8095575100,AKShare stock_zh_a_spot / 新浪
601012,隆基绿能,12.4100000000,12.4500000000,678074165.0000000000,54412183.0000000000,-0.0032100000,6.7807416500,AKShare stock_zh_a_spot / 新浪
601015,陕西黑猫,3.6000000000,3.7100000000,624764543.0000000000,171989978.0000000000,-0.0296500000,6.2476454300,AKShare stock_zh_a_spot / 新浪
601016,节能风电,3.3800000000,3.3700000000,214968860.0000000000,63749500.0000000000,0.0029700000,2.1496886000,AKShare stock_zh_a_spot / 新浪
601018,宁波港,3.3900000000,3.3900000000,229546893.0000000000,67660363.0000000000,0.0000000000,2.2954689300,AKShare stock_zh_a_spot / 新浪
601019,山东出版,7.0200000000,6.9700000000,62489160.0000000000,8910973.0000000000,0.0071700000,0.6248916000,AKShare stock_zh_a_spot / 新浪
601020,华钰矿业,21.2700000000,20.8500000000,691453438.0000000000,31794461.0000000000,0.0201400000,6.9145343800,AKShare stock_zh_a_spot / 新浪
601021,春秋航空,44.2800000000,44.1400000000,134360434.0000000000,3031540.0000000000,0.0031700000,1.3436043400,AKShare stock_zh_a_spot / 新浪
601022,宁波远洋,8.2000000000,8.3500000000,96200804.0000000000,11615884.0000000000,-0.0179600000,0.9620080400,AKShare stock_zh_a_spot / 新浪
601026,道生天合,16.3300000000,16.0100000000,164397208.0000000000,9998858.0000000000,0.0199900000,1.6439720800,AKShare stock_zh_a_spot / 新浪
601033,永兴股份,14.3500000000,14.4200000000,42911234.0000000000,2975067.0000000000,-0.0048500000,0.4291123400,AKShare stock_zh_a_spot / 新浪
601038,一拖股份,12.9300000000,12.6800000000,82461249.0000000000,6412424.0000000000,0.0197200000,0.8246124900,AKShare stock_zh_a_spot / 新浪
601058,赛轮轮胎,14.1500000000,14.0600000000,416396789.0000000000,29475238.0000000000,0.0064000000,4.1639678900,AKShare stock_zh_a_spot / 新浪
601059,信达证券,16.3500000000,16.2900000000,77288744.0000000000,4747371.0000000000,0.0036800000,0.7728874400,AKShare stock_zh_a_spot / 新浪
601061,中信金属,11.9600000000,11.5500000000,361888262.0000000000,29936600.0000000000,0.0355000000,3.6188826200,AKShare stock_zh_a_spot / 新浪
601065,江盐集团,6.7800000000,6.7000000000,18568798.0000000000,2747000.0000000000,0.0119400000,0.1856879800,AKShare stock_zh_a_spot / 新浪
601066,XD中信建,24.8100000000,24.9500000000,406372408.0000000000,16379465.0000000000,-0.0056100000,4.0637240800,AKShare stock_zh_a_spot / 新浪
601068,中铝国际,4.4400000000,4.4000000000,46471508.0000000000,10440400.0000000000,0.0090900000,0.4647150800,AKShare stock_zh_a_spot / 新浪
601069,西部黄金,30.9000000000,29.4600000000,1328087698.0000000000,42556255.0000000000,0.0488800000,13.2808769800,AKShare stock_zh_a_spot / 新浪
601077,渝农商行,6.8200000000,6.7600000000,321488929.0000000000,47492709.0000000000,0.0088800000,3.2148892900,AKShare stock_zh_a_spot / 新浪
601083,锦江航运,11.6200000000,11.4800000000,105569847.0000000000,9078137.0000000000,0.0122000000,1.0556984700,AKShare stock_zh_a_spot / 新浪
601086,国芳集团,7.6400000000,7.6300000000,51791212.0000000000,6778500.0000000000,0.0013100000,0.5179121200,AKShare stock_zh_a_spot / 新浪
601088,中国神华,46.5500000000,46.5200000000,1271312602.0000000000,27294396.0000000000,0.0006400000,12.7131260200,AKShare stock_zh_a_spot / 新浪
601089,福元医药,18.1400000000,17.0100000000,341336607.0000000000,18647894.0000000000,0.0664300000,3.4133660700,AKShare stock_zh_a_spot / 新浪
601096,宏盛华源,4.1300000000,4.1600000000,122866028.0000000000,29602305.0000000000,-0.0072100000,1.2286602800,AKShare stock_zh_a_spot / 新浪
601098,中南传媒,10.2600000000,10.2700000000,64437304.0000000000,6283453.0000000000,-0.0009700000,0.6443730400,AKShare stock_zh_a_spot / 新浪
601099,太平洋,3.3400000000,3.3200000000,221648073.0000000000,66473389.0000000000,0.0060200000,2.2164807300,AKShare stock_zh_a_spot / 新浪
601100,恒立液压,101.4000000000,101.0000000000,447024169.0000000000,4404724.0000000000,0.0039600000,4.4702416900,AKShare stock_zh_a_spot / 新浪
601101,昊华能源,12.7500000000,12.6100000000,880980017.0000000000,68399818.0000000000,0.0111000000,8.8098001700,AKShare stock_zh_a_spot / 新浪
601106,中国一重,3.0400000000,2.9800000000,127169417.0000000000,41945828.0000000000,0.0201300000,1.2716941700,AKShare stock_zh_a_spot / 新浪
601107,四川成渝,5.5600000000,5.5700000000,52032975.0000000000,9380734.0000000000,-0.0018000000,0.5203297500,AKShare stock_zh_a_spot / 新浪
601108,财通证券,8.3800000000,8.4700000000,629108027.0000000000,75283845.0000000000,-0.0106300000,6.2910802700,AKShare stock_zh_a_spot / 新浪
601111,中国国航,5.8500000000,5.8100000000,252153361.0000000000,43117018.0000000000,0.0068800000,2.5215336100,AKShare stock_zh_a_spot / 新浪
601112,振石股份,15.1600000000,15.2600000000,62710274.0000000000,4123650.0000000000,-0.0065500000,0.6271027400,AKShare stock_zh_a_spot / 新浪
601113,华鼎股份,3.3700000000,3.3100000000,32747857.0000000000,9704473.0000000000,0.0181300000,0.3274785700,AKShare stock_zh_a_spot / 新浪
601116,三江购物,10.5800000000,10.6200000000,262103859.0000000000,24949738.0000000000,-0.0037700000,2.6210385900,AKShare stock_zh_a_spot / 新浪
601117,中国化学,7.5100000000,7.4400000000,329094032.0000000000,44000962.0000000000,0.0094100000,3.2909403200,AKShare stock_zh_a_spot / 新浪
601118,海南橡胶,6.2000000000,5.6400000000,1162765611.0000000000,195507069.0000000000,0.0992900000,11.6276561100,AKShare stock_zh_a_spot / 新浪
601121,宝地矿业,7.3100000000,7.3200000000,87669080.0000000000,11966536.0000000000,-0.0013700000,0.8766908000,AKShare stock_zh_a_spot / 新浪
601126,四方股份,43.4900000000,43.8800000000,788975925.0000000000,18097111.0000000000,-0.0088900000,7.8897592500,AKShare stock_zh_a_spot / 新浪
601127,赛力斯,51.4900000000,50.4800000000,1062417517.0000000000,20773993.0000000000,0.0200100000,10.6241751700,AKShare stock_zh_a_spot / 新浪
601128,常熟银行,6.2600000000,6.1900000000,349419140.0000000000,56099188.0000000000,0.0113100000,3.4941914000,AKShare stock_zh_a_spot / 新浪
601133,柏诚股份,25.1800000000,25.2600000000,331679656.0000000000,13043948.0000000000,-0.0031700000,3.3167965600,AKShare stock_zh_a_spot / 新浪
601136,首创证券,13.8100000000,13.7500000000,85158307.0000000000,6181277.0000000000,0.0043600000,0.8515830700,AKShare stock_zh_a_spot / 新浪
601137,博威合金,18.9100000000,18.6800000000,270313357.0000000000,14356511.0000000000,0.0123100000,2.7031335700,AKShare stock_zh_a_spot / 新浪
601138,工业富联,62.1300000000,61.8300000000,4868591182.0000000000,78118548.0000000000,0.0048500000,48.6859118200,AKShare stock_zh_a_spot / 新浪
601139,深圳燃气,6.3300000000,6.3500000000,98163938.0000000000,15524710.0000000000,-0.0031500000,0.9816393800,AKShare stock_zh_a_spot / 新浪
601155,新城控股,11.3100000000,11.0800000000,428294001.0000000000,37673734.0000000000,0.0207600000,4.2829400100,AKShare stock_zh_a_spot / 新浪
601156,东航物流,18.3600000000,18.3600000000,114442468.0000000000,6204700.0000000000,0.0000000000,1.1444246800,AKShare stock_zh_a_spot / 新浪
601158,重庆水务,4.1400000000,4.1100000000,29303972.0000000000,7087400.0000000000,0.0073000000,0.2930397200,AKShare stock_zh_a_spot / 新浪
601162,天风证券,3.6000000000,3.5600000000,320246637.0000000000,89630420.0000000000,0.0112400000,3.2024663700,AKShare stock_zh_a_spot / 新浪
601163,三角轮胎,13.0300000000,12.8100000000,33622240.0000000000,2596429.0000000000,0.0171700000,0.3362224000,AKShare stock_zh_a_spot / 新浪
601166,兴业银行,18.1700000000,18.2400000000,1743518562.0000000000,96414938.0000000000,-0.0038400000,17.4351856200,AKShare stock_zh_a_spot / 新浪
601168,西部矿业,36.6600000000,36.8300000000,2023118706.0000000000,54095401.0000000000,-0.0046200000,20.2311870600,AKShare stock_zh_a_spot / 新浪
601169,北京银行,5.0600000000,5.0200000000,525879265.0000000000,104625345.0000000000,0.0079700000,5.2587926500,AKShare stock_zh_a_spot / 新浪
601177,杭齿前进,12.6800000000,12.5800000000,49612552.0000000000,3910600.0000000000,0.0079500000,0.4961255200,AKShare stock_zh_a_spot / 新浪
601179,中国西电,12.8100000000,13.0000000000,1110050062.0000000000,85807316.0000000000,-0.0146200000,11.1005006200,AKShare stock_zh_a_spot / 新浪
601186,中国铁建,6.0700000000,5.9700000000,206927779.0000000000,34337688.0000000000,0.0167500000,2.0692777900,AKShare stock_zh_a_spot / 新浪
601187,厦门银行,7.3000000000,7.2800000000,137454574.0000000000,18951587.0000000000,0.0027500000,1.3745457400,AKShare stock_zh_a_spot / 新浪
601188,龙江交通,2.8500000000,2.8000000000,37951114.0000000000,13383829.0000000000,0.0178600000,0.3795111400,AKShare stock_zh_a_spot / 新浪
601198,东兴证券,13.5400000000,13.5400000000,215338264.0000000000,15937706.0000000000,0.0000000000,2.1533826400,AKShare stock_zh_a_spot / 新浪
601199,江南水务,6.4000000000,6.2400000000,85382047.0000000000,13492703.0000000000,0.0256400000,0.8538204700,AKShare stock_zh_a_spot / 新浪
601200,上海环境,6.9800000000,6.9200000000,45965339.0000000000,6587534.0000000000,0.0086700000,0.4596533900,AKShare stock_zh_a_spot / 新浪
601208,东材科技,45.7200000000,45.0600000000,2656477864.0000000000,57747839.0000000000,0.0146500000,26.5647786400,AKShare stock_zh_a_spot / 新浪
601211,国泰海通,17.4900000000,17.8600000000,1822431559.0000000000,103787184.0000000000,-0.0207200000,18.2243155900,AKShare stock_zh_a_spot / 新浪
601212,白银有色,5.5400000000,5.4000000000,1262755911.0000000000,223177223.0000000000,0.0259300000,12.6275591100,AKShare stock_zh_a_spot / 新浪
601216,君正集团,4.4300000000,4.3700000000,176719670.0000000000,39895428.0000000000,0.0137300000,1.7671967000,AKShare stock_zh_a_spot / 新浪
601218,吉鑫科技,4.3900000000,4.3600000000,69340651.0000000000,15781980.0000000000,0.0068800000,0.6934065100,AKShare stock_zh_a_spot / 新浪
601222,林洋能源,5.4600000000,5.4700000000,64274451.0000000000,11739721.0000000000,-0.0018300000,0.6427445100,AKShare stock_zh_a_spot / 新浪
601225,陕西煤业,25.5500000000,25.5900000000,753780899.0000000000,29331745.0000000000,-0.0015600000,7.5378089900,AKShare stock_zh_a_spot / 新浪
601226,华电科工,6.1100000000,5.9900000000,52107323.0000000000,8550500.0000000000,0.0200300000,0.5210732300,AKShare stock_zh_a_spot / 新浪
601228,广州港,3.0500000000,3.0200000000,76112078.0000000000,25014855.0000000000,0.0099300000,0.7611207800,AKShare stock_zh_a_spot / 新浪
601229,上海银行,9.8400000000,9.7600000000,749623408.0000000000,76559937.0000000000,0.0082000000,7.4962340800,AKShare stock_zh_a_spot / 新浪
601231,环旭电子,27.2700000000,26.8700000000,551806893.0000000000,20254214.0000000000,0.0148900000,5.5180689300,AKShare stock_zh_a_spot / 新浪
601233,桐昆股份,23.6200000000,23.7100000000,765287225.0000000000,31777372.0000000000,-0.0038000000,7.6528722500,AKShare stock_zh_a_spot / 新浪
601236,红塔证券,6.8100000000,6.7600000000,72263676.0000000000,10615015.0000000000,0.0074000000,0.7226367600,AKShare stock_zh_a_spot / 新浪
601238,广汽集团,5.4100000000,5.0100000000,373289042.0000000000,70932467.0000000000,0.0798400000,3.7328904200,AKShare stock_zh_a_spot / 新浪
601279,英利汽车,3.2200000000,3.1300000000,29517206.0000000000,9234400.0000000000,0.0287500000,0.2951720600,AKShare stock_zh_a_spot / 新浪
601288,农业银行,6.8100000000,6.7700000000,3454496346.0000000000,511228778.0000000000,0.0059100000,34.5449634600,AKShare stock_zh_a_spot / 新浪
601298,青岛港,8.9200000000,8.9300000000,91565925.0000000000,10277100.0000000000,-0.0011200000,0.9156592500,AKShare stock_zh_a_spot / 新浪
601311,骆驼股份,7.6900000000,7.6300000000,60573915.0000000000,7868888.0000000000,0.0078600000,0.6057391500,AKShare stock_zh_a_spot / 新浪
601318,中国平安,52.1400000000,52.0800000000,2570824239.0000000000,49529546.0000000000,0.0011500000,25.7082423900,AKShare stock_zh_a_spot / 新浪
601319,中国人保,6.9200000000,6.8800000000,268042918.0000000000,38845000.0000000000,0.0058100000,2.6804291800,AKShare stock_zh_a_spot / 新浪
601326,秦港股份,3.3800000000,3.3800000000,74262938.0000000000,21929193.0000000000,0.0000000000,0.7426293800,AKShare stock_zh_a_spot / 新浪
601328,交通银行,7.1100000000,7.1500000000,901623870.0000000000,126900711.0000000000,-0.0055900000,9.0162387000,AKShare stock_zh_a_spot / 新浪
601330,绿色动力,7.0200000000,7.0000000000,41345718.0000000000,5888200.0000000000,0.0028600000,0.4134571800,AKShare stock_zh_a_spot / 新浪
601333,广深铁路,2.9500000000,2.9300000000,191104065.0000000000,64872278.0000000000,0.0068300000,1.9110406500,AKShare stock_zh_a_spot / 新浪
601336,新华保险,58.0800000000,57.6600000000,609031163.0000000000,10526900.0000000000,0.0072800000,6.0903116300,AKShare stock_zh_a_spot / 新浪
601339,百隆东方,7.9700000000,7.8400000000,63715135.0000000000,8003400.0000000000,0.0165800000,0.6371513500,AKShare stock_zh_a_spot / 新浪
601360,三六零,8.8000000000,8.8300000000,727894660.0000000000,82479345.0000000000,-0.0034000000,7.2789466000,AKShare stock_zh_a_spot / 新浪
601366,利群股份,3.6300000000,3.6000000000,90677177.0000000000,25043300.0000000000,0.0083300000,0.9067717700,AKShare stock_zh_a_spot / 新浪
601368,绿城水务,4.6000000000,4.5200000000,19308269.0000000000,4217200.0000000000,0.0177000000,0.1930826900,AKShare stock_zh_a_spot / 新浪
601369,陕鼓动力,8.7200000000,8.8000000000,82202643.0000000000,9390650.0000000000,-0.0090900000,0.8220264300,AKShare stock_zh_a_spot / 新浪
601375,中原证券,4.0200000000,3.9800000000,98355890.0000000000,24520624.0000000000,0.0100500000,0.9835589000,AKShare stock_zh_a_spot / 新浪
601377,兴业证券,5.7800000000,5.7700000000,255557037.0000000000,44259825.0000000000,0.0017300000,2.5555703700,AKShare stock_zh_a_spot / 新浪
601388,怡球资源,3.3100000000,3.2700000000,73376684.0000000000,22171900.0000000000,0.0122300000,0.7337668400,AKShare stock_zh_a_spot / 新浪
601390,中国中铁,4.3600000000,4.3100000000,326251419.0000000000,75084555.0000000000,0.0116000000,3.2625141900,AKShare stock_zh_a_spot / 新浪
601398,工商银行,7.7800000000,7.8000000000,3012591810.0000000000,389772172.0000000000,-0.0025600000,30.1259181000,AKShare stock_zh_a_spot / 新浪
601399,国机重装,3.1000000000,3.0900000000,158952105.0000000000,51152962.0000000000,0.0032400000,1.5895210500,AKShare stock_zh_a_spot / 新浪
601456,国联民生,8.8100000000,8.7500000000,94004994.0000000000,10719063.0000000000,0.0068600000,0.9400499400,AKShare stock_zh_a_spot / 新浪
601500,通用股份,4.0500000000,3.9700000000,51585077.0000000000,12835840.0000000000,0.0201500000,0.5158507700,AKShare stock_zh_a_spot / 新浪
601512,中新集团,7.8400000000,7.7200000000,21162635.0000000000,2704630.0000000000,0.0155400000,0.2116263500,AKShare stock_zh_a_spot / 新浪
601515,衢州东峰,3.3100000000,3.2400000000,48077156.0000000000,14574695.0000000000,0.0216000000,0.4807715600,AKShare stock_zh_a_spot / 新浪
601518,吉林高速,2.7700000000,2.7500000000,35513878.0000000000,12839200.0000000000,0.0072700000,0.3551387800,AKShare stock_zh_a_spot / 新浪
601519,大智慧,7.6800000000,7.6800000000,148243460.0000000000,19263574.0000000000,0.0000000000,1.4824346000,AKShare stock_zh_a_spot / 新浪
601528,瑞丰银行,4.9100000000,4.8900000000,86981423.0000000000,17775935.0000000000,0.0040900000,0.8698142300,AKShare stock_zh_a_spot / 新浪
601555,东吴证券,7.9100000000,7.9100000000,149283816.0000000000,18861262.0000000000,0.0000000000,1.4928381600,AKShare stock_zh_a_spot / 新浪
601566,九牧王,8.4700000000,8.3700000000,46813201.0000000000,5557132.0000000000,0.0119500000,0.4681320100,AKShare stock_zh_a_spot / 新浪
601567,三星电气,15.0900000000,15.1200000000,210684237.0000000000,13832600.0000000000,-0.0019800000,2.1068423700,AKShare stock_zh_a_spot / 新浪
601568,北元化工,3.7100000000,3.7000000000,52386375.0000000000,14157550.0000000000,0.0027000000,0.5238637500,AKShare stock_zh_a_spot / 新浪
601577,长沙银行,9.5400000000,9.4300000000,205520343.0000000000,21708857.0000000000,0.0116600000,2.0552034300,AKShare stock_zh_a_spot / 新浪
601579,会稽山,18.6500000000,18.4700000000,368871937.0000000000,20036263.0000000000,0.0097500000,3.6887193700,AKShare stock_zh_a_spot / 新浪
601588,北辰实业,1.7300000000,1.6900000000,51708906.0000000000,30104802.0000000000,0.0236700000,0.5170890600,AKShare stock_zh_a_spot / 新浪
601595,上海电影,16.4200000000,16.1300000000,69257065.0000000000,4231270.0000000000,0.0179800000,0.6925706500,AKShare stock_zh_a_spot / 新浪
601598,中国外运,6.6400000000,6.6100000000,88960342.0000000000,13418938.0000000000,0.0045400000,0.8896034200,AKShare stock_zh_a_spot / 新浪
601599,浙文影业,3.0400000000,2.9800000000,49180432.0000000000,16255100.0000000000,0.0201300000,0.4918043200,AKShare stock_zh_a_spot / 新浪
601600,中国铝业,9.1700000000,9.3500000000,1864989167.0000000000,199826787.0000000000,-0.0192500000,18.6498916700,AKShare stock_zh_a_spot / 新浪
601601,中国太保,30.1700000000,30.2000000000,1023862585.0000000000,34101080.0000000000,-0.0009900000,10.2386258500,AKShare stock_zh_a_spot / 新浪
601606,长城军工,30.4600000000,30.8500000000,606453734.0000000000,19755682.0000000000,-0.0126400000,6.0645373400,AKShare stock_zh_a_spot / 新浪
601607,上海医药,16.6600000000,16.3700000000,260459890.0000000000,15630534.0000000000,0.0177200000,2.6045989000,AKShare stock_zh_a_spot / 新浪
601608,中信重工,4.6500000000,4.7100000000,133723034.0000000000,28607400.0000000000,-0.0127400000,1.3372303400,AKShare stock_zh_a_spot / 新浪
601609,金田股份,12.8700000000,12.9500000000,1905394843.0000000000,149272112.0000000000,-0.0061800000,19.0539484300,AKShare stock_zh_a_spot / 新浪
601611,中国核建,10.7200000000,10.6900000000,233714664.0000000000,21799049.0000000000,0.0028100000,2.3371466400,AKShare stock_zh_a_spot / 新浪
601615,明阳智能,10.7500000000,10.7800000000,316004781.0000000000,29312463.0000000000,-0.0027800000,3.1600478100,AKShare stock_zh_a_spot / 新浪
601616,广电电气,3.7600000000,3.7100000000,63470494.0000000000,16985097.0000000000,0.0134800000,0.6347049400,AKShare stock_zh_a_spot / 新浪
601618,中国中冶,2.5800000000,2.5400000000,197283710.0000000000,76758675.0000000000,0.0157500000,1.9728371000,AKShare stock_zh_a_spot / 新浪
601619,嘉泽新能,4.1000000000,4.1900000000,188530482.0000000000,45920674.0000000000,-0.0214800000,1.8853048200,AKShare stock_zh_a_spot / 新浪
601628,中国人寿,36.8900000000,36.8400000000,747665199.0000000000,20314498.0000000000,0.0013600000,7.4766519900,AKShare stock_zh_a_spot / 新浪
601633,长城汽车,15.5500000000,15.2300000000,221508791.0000000000,14341655.0000000000,0.0210100000,2.2150879100,AKShare stock_zh_a_spot / 新浪
601636,旗滨集团,5.9300000000,5.8800000000,254441332.0000000000,42952799.0000000000,0.0085000000,2.5444133200,AKShare stock_zh_a_spot / 新浪
601658,邮储银行,4.9700000000,4.9800000000,728865733.0000000000,147216942.0000000000,-0.0020100000,7.2886573300,AKShare stock_zh_a_spot / 新浪
601665,齐鲁银行,6.5400000000,6.4500000000,429760047.0000000000,66198344.0000000000,0.0139500000,4.2976004700,AKShare stock_zh_a_spot / 新浪
601666,平煤股份,9.4600000000,9.4200000000,454320854.0000000000,48091171.0000000000,0.0042500000,4.5432085400,AKShare stock_zh_a_spot / 新浪
601668,中国建筑,4.4300000000,4.4100000000,1035788129.0000000000,235019864.0000000000,0.0045400000,10.3578812900,AKShare stock_zh_a_spot / 新浪
601669,中国电建,4.6300000000,4.6200000000,318582031.0000000000,68835558.0000000000,0.0021600000,3.1858203100,AKShare stock_zh_a_spot / 新浪
601677,明泰铝业,16.6500000000,16.9100000000,501884198.0000000000,29756669.0000000000,-0.0153800000,5.0188419800,AKShare stock_zh_a_spot / 新浪
601678,滨化股份,6.4400000000,6.4700000000,480542151.0000000000,74479925.0000000000,-0.0046400000,4.8054215100,AKShare stock_zh_a_spot / 新浪
601686,友发集团,5.1700000000,5.1000000000,24438578.0000000000,4743400.0000000000,0.0137300000,0.2443857800,AKShare stock_zh_a_spot / 新浪
601688,华泰证券,18.7400000000,18.9000000000,1076047875.0000000000,57408830.0000000000,-0.0084700000,10.7604787500,AKShare stock_zh_a_spot / 新浪
601689,拓普集团,46.2000000000,46.5000000000,784008878.0000000000,16891736.0000000000,-0.0064500000,7.8400887800,AKShare stock_zh_a_spot / 新浪
601696,中银证券,11.6400000000,11.4100000000,346433939.0000000000,29841143.0000000000,0.0201600000,3.4643393900,AKShare stock_zh_a_spot / 新浪
601698,中国卫通,24.3600000000,25.8800000000,1040257726.0000000000,41999091.0000000000,-0.0587300000,10.4025772600,AKShare stock_zh_a_spot / 新浪
601699,潞安环能,16.2600000000,16.3700000000,482597276.0000000000,29414876.0000000000,-0.0067200000,4.8259727600,AKShare stock_zh_a_spot / 新浪
601700,风范股份,7.5000000000,6.8200000000,612844900.0000000000,82547448.0000000000,0.0997100000,6.1284490000,AKShare stock_zh_a_spot / 新浪
601702,华峰铝业,16.2000000000,16.6400000000,227501545.0000000000,13760900.0000000000,-0.0264400000,2.2750154500,AKShare stock_zh_a_spot / 新浪
601717,中创智领,14.9900000000,15.1400000000,292682291.0000000000,19266701.0000000000,-0.0099100000,2.9268229100,AKShare stock_zh_a_spot / 新浪
601727,上海电气,6.5200000000,6.5200000000,239147603.0000000000,36698081.0000000000,0.0000000000,2.3914760300,AKShare stock_zh_a_spot / 新浪
601728,中国电信,6.5600000000,6.6500000000,856438757.0000000000,130691586.0000000000,-0.0135300000,8.5643875700,AKShare stock_zh_a_spot / 新浪
601766,中国中车,6.1900000000,6.0900000000,1417005736.0000000000,227697956.0000000000,0.0164200000,14.1700573600,AKShare stock_zh_a_spot / 新浪
601777,千里科技,8.1700000000,8.1000000000,187453102.0000000000,22871894.0000000000,0.0086400000,1.8745310200,AKShare stock_zh_a_spot / 新浪
601778,晶科科技,3.5500000000,3.5700000000,305148175.0000000000,85547376.0000000000,-0.0056000000,3.0514817500,AKShare stock_zh_a_spot / 新浪
601788,光大证券,14.2200000000,14.2800000000,237649983.0000000000,16733253.0000000000,-0.0042000000,2.3764998300,AKShare stock_zh_a_spot / 新浪
601789,宁波建工,4.2600000000,4.1600000000,147611857.0000000000,34884171.0000000000,0.0240400000,1.4761185700,AKShare stock_zh_a_spot / 新浪
601798,蓝科高新,7.6000000000,7.5200000000,31660694.0000000000,4162100.0000000000,0.0106400000,0.3166069400,AKShare stock_zh_a_spot / 新浪
601799,星宇股份,88.3000000000,88.8300000000,274443129.0000000000,3071838.0000000000,-0.0059700000,2.7444312900,AKShare stock_zh_a_spot / 新浪
601800,中国交建,5.9300000000,5.8300000000,190035794.0000000000,32287409.0000000000,0.0171500000,1.9003579400,AKShare stock_zh_a_spot / 新浪
601801,皖新传媒,5.5000000000,5.4800000000,43804117.0000000000,7986542.0000000000,0.0036500000,0.4380411700,AKShare stock_zh_a_spot / 新浪
601808,中海油服,12.3100000000,12.2900000000,231522346.0000000000,18779668.0000000000,0.0016300000,2.3152234600,AKShare stock_zh_a_spot / 新浪
601811,新华文轩,12.0400000000,11.9800000000,19034722.0000000000,1586100.0000000000,0.0050100000,0.1903472200,AKShare stock_zh_a_spot / 新浪
601816,京沪高铁,4.9600000000,4.9500000000,606264987.0000000000,121875075.0000000000,0.0020200000,6.0626498700,AKShare stock_zh_a_spot / 新浪
601818,光大银行,3.0200000000,3.0000000000,472976073.0000000000,157837097.0000000000,0.0066700000,4.7297607300,AKShare stock_zh_a_spot / 新浪
601825,沪农商行,8.7700000000,8.6500000000,216671640.0000000000,24894433.0000000000,0.0138700000,2.1667164000,AKShare stock_zh_a_spot / 新浪
601827,三峰环境,8.2900000000,8.2300000000,34502293.0000000000,4169900.0000000000,0.0072900000,0.3450229300,AKShare stock_zh_a_spot / 新浪
601828,美凯龙,2.1800000000,2.1400000000,75808876.0000000000,35045985.0000000000,0.0186900000,0.7580887600,AKShare stock_zh_a_spot / 新浪
601838,成都银行,18.5900000000,18.4100000000,457958245.0000000000,24771781.0000000000,0.0097800000,4.5795824500,AKShare stock_zh_a_spot / 新浪
601857,中国石油,10.9900000000,11.2100000000,1597701989.0000000000,144784174.0000000000,-0.0196300000,15.9770198900,AKShare stock_zh_a_spot / 新浪
601858,中国科传,22.1700000000,22.0800000000,192692025.0000000000,8715500.0000000000,0.0040800000,1.9269202500,AKShare stock_zh_a_spot / 新浪
601860,紫金银行,2.5400000000,2.5200000000,167564661.0000000000,66352795.0000000000,0.0079400000,1.6756466100,AKShare stock_zh_a_spot / 新浪
601865,福莱特,10.2700000000,10.1200000000,134190410.0000000000,13089305.0000000000,0.0148200000,1.3419041000,AKShare stock_zh_a_spot / 新浪
601866,中远海发,2.3700000000,2.3700000000,131543369.0000000000,55337832.0000000000,0.0000000000,1.3154336900,AKShare stock_zh_a_spot / 新浪
601868,中国能建,2.5200000000,2.5000000000,439601009.0000000000,174773737.0000000000,0.0080000000,4.3960100900,AKShare stock_zh_a_spot / 新浪
601869,长飞光纤,358.0000000000,345.2400000000,4329116987.0000000000,12190158.0000000000,0.0369600000,43.2911698700,AKShare stock_zh_a_spot / 新浪
601872,招商轮船,18.4600000000,18.6000000000,2891875603.0000000000,153775327.0000000000,-0.0075300000,28.9187560300,AKShare stock_zh_a_spot / 新浪
601877,正泰电器,26.2800000000,23.8900000000,1034728761.0000000000,39629533.0000000000,0.1000400000,10.3472876100,AKShare stock_zh_a_spot / 新浪
601878,浙商证券,9.2000000000,9.1500000000,133260640.0000000000,14510019.0000000000,0.0054600000,1.3326064000,AKShare stock_zh_a_spot / 新浪
601880,辽港股份,1.4700000000,1.4500000000,97623414.0000000000,66789014.0000000000,0.0137900000,0.9762341400,AKShare stock_zh_a_spot / 新浪
601881,中国银河,11.9500000000,11.9000000000,171223077.0000000000,14360698.0000000000,0.0042000000,1.7122307700,AKShare stock_zh_a_spot / 新浪
601882,海天精工,20.4800000000,20.2100000000,154467454.0000000000,7560294.0000000000,0.0133600000,1.5446745400,AKShare stock_zh_a_spot / 新浪
601886,江河集团,12.8600000000,12.7200000000,473445508.0000000000,36285214.0000000000,0.0110100000,4.7344550800,AKShare stock_zh_a_spot / 新浪
601888,中国中免,53.1000000000,52.8800000000,968014172.0000000000,18209426.0000000000,0.0041600000,9.6801417200,AKShare stock_zh_a_spot / 新浪
601890,亚星锚链,8.4700000000,8.3700000000,179744561.0000000000,21217903.0000000000,0.0119500000,1.7974456100,AKShare stock_zh_a_spot / 新浪
601898,中煤能源,14.2600000000,14.3400000000,495898950.0000000000,34577071.0000000000,-0.0055800000,4.9589895000,AKShare stock_zh_a_spot / 新浪
601899,紫金矿业,34.2500000000,32.7600000000,14178910927.0000000000,411578689.0000000000,0.0454800000,141.7891092700,AKShare stock_zh_a_spot / 新浪
601900,南方传媒,11.7600000000,11.8400000000,59742910.0000000000,5063400.0000000000,-0.0067600000,0.5974291000,AKShare stock_zh_a_spot / 新浪
601901,XD方正证,6.7400000000,6.7000000000,265151512.0000000000,39332978.0000000000,0.0059700000,2.6515151200,AKShare stock_zh_a_spot / 新浪
601908,京运通,2.9600000000,2.9800000000,76904466.0000000000,25841164.0000000000,-0.0067100000,0.7690446600,AKShare stock_zh_a_spot / 新浪
601916,浙商银行,2.9500000000,2.9100000000,428470771.0000000000,147148970.0000000000,0.0137500000,4.2847077100,AKShare stock_zh_a_spot / 新浪
601918,新集能源,9.9300000000,10.0400000000,292315042.0000000000,28983558.0000000000,-0.0109600000,2.9231504200,AKShare stock_zh_a_spot / 新浪
601919,中远海控,16.6400000000,16.5500000000,1707581502.0000000000,102666760.0000000000,0.0054400000,17.0758150200,AKShare stock_zh_a_spot / 新浪
601921,浙版传媒,7.5400000000,7.6300000000,168852902.0000000000,22598877.0000000000,-0.0118000000,1.6885290200,AKShare stock_zh_a_spot / 新浪
601928,凤凰传媒,9.3800000000,9.3200000000,106592098.0000000000,11412228.0000000000,0.0064400000,1.0659209800,AKShare stock_zh_a_spot / 新浪
601929,吉视传媒,2.2900000000,2.2300000000,158962427.0000000000,69841100.0000000000,0.0269100000,1.5896242700,AKShare stock_zh_a_spot / 新浪
601933,永辉超市,3.1600000000,3.1000000000,326581072.0000000000,104244562.0000000000,0.0193500000,3.2658107200,AKShare stock_zh_a_spot / 新浪
601939,建设银行,10.5800000000,10.5500000000,1205654920.0000000000,114683841.0000000000,0.0028400000,12.0565492000,AKShare stock_zh_a_spot / 新浪
601949,中国出版,5.1300000000,5.1600000000,39175822.0000000000,7616439.0000000000,-0.0058100000,0.3917582200,AKShare stock_zh_a_spot / 新浪
601952,苏垦农发,8.8800000000,8.7900000000,342383634.0000000000,39057685.0000000000,0.0102400000,3.4238363400,AKShare stock_zh_a_spot / 新浪
601956,东贝集团,4.9500000000,4.9000000000,19219961.0000000000,3891240.0000000000,0.0102000000,0.1921996100,AKShare stock_zh_a_spot / 新浪
601958,金钼股份,21.8000000000,21.5500000000,888270248.0000000000,40088983.0000000000,0.0116000000,8.8827024800,AKShare stock_zh_a_spot / 新浪
601963,重庆银行,11.2500000000,10.9800000000,219131346.0000000000,19812916.0000000000,0.0245900000,2.1913134600,AKShare stock_zh_a_spot / 新浪
601965,中国汽研,14.2000000000,13.9100000000,99610503.0000000000,7061190.0000000000,0.0208500000,0.9961050300,AKShare stock_zh_a_spot / 新浪
601966,玲珑轮胎,11.1400000000,10.8800000000,105084662.0000000000,9496215.0000000000,0.0239000000,1.0508466200,AKShare stock_zh_a_spot / 新浪
601968,宝钢包装,4.4200000000,4.3300000000,27677377.0000000000,6281200.0000000000,0.0207900000,0.2767737700,AKShare stock_zh_a_spot / 新浪
601969,海南矿业,9.2300000000,9.2300000000,123280065.0000000000,13278265.0000000000,0.0000000000,1.2328006500,AKShare stock_zh_a_spot / 新浪
601975,招商南油,3.7700000000,3.7700000000,737901039.0000000000,194953933.0000000000,0.0000000000,7.3790103900,AKShare stock_zh_a_spot / 新浪
601985,中国核电,8.7300000000,8.7600000000,530650428.0000000000,60740755.0000000000,-0.0034200000,5.3065042800,AKShare stock_zh_a_spot / 新浪
601988,中国银行,6.0500000000,6.0800000000,1315052013.0000000000,217813473.0000000000,-0.0049300000,13.1505201300,AKShare stock_zh_a_spot / 新浪
601990,南京证券,6.6000000000,6.5400000000,75208859.0000000000,11436367.0000000000,0.0091700000,0.7520885900,AKShare stock_zh_a_spot / 新浪
601991,大唐发电,6.0500000000,6.0300000000,1531151117.0000000000,254650536.0000000000,0.0033200000,15.3115111700,AKShare stock_zh_a_spot / 新浪
601992,金隅集团,1.3900000000,1.3700000000,33115901.0000000000,23989280.0000000000,0.0146000000,0.3311590100,AKShare stock_zh_a_spot / 新浪
601995,中金公司,34.0600000000,33.8300000000,411926016.0000000000,12147006.0000000000,0.0068000000,4.1192601600,AKShare stock_zh_a_spot / 新浪
601996,丰林集团,2.4600000000,2.4200000000,36946975.0000000000,15055200.0000000000,0.0165300000,0.3694697500,AKShare stock_zh_a_spot / 新浪
601997,贵阳银行,5.7500000000,5.6900000000,247437519.0000000000,43334928.0000000000,0.0105400000,2.4743751900,AKShare stock_zh_a_spot / 新浪
601998,中信银行,8.3200000000,8.1600000000,711320979.0000000000,86440576.0000000000,0.0196100000,7.1132097900,AKShare stock_zh_a_spot / 新浪
601999,XD出版传,6.0500000000,5.9100000000,39351996.0000000000,6526100.0000000000,0.0236900000,0.3935199600,AKShare stock_zh_a_spot / 新浪
603000,人民网,16.0400000000,15.9200000000,118508816.0000000000,7392504.0000000000,0.0075400000,1.1850881600,AKShare stock_zh_a_spot / 新浪
603001,奥康国际,8.1300000000,7.6300000000,168854044.0000000000,20821400.0000000000,0.0655300000,1.6885404400,AKShare stock_zh_a_spot / 新浪
603002,宏昌电子,16.3200000000,16.4700000000,1109321677.0000000000,67123300.0000000000,-0.0091100000,11.0932167700,AKShare stock_zh_a_spot / 新浪
603004,鼎龙科技,20.0900000000,19.9600000000,41132749.0000000000,2044000.0000000000,0.0065100000,0.4113274900,AKShare stock_zh_a_spot / 新浪
603005,晶方科技,32.9000000000,31.9600000000,1263190718.0000000000,38630392.0000000000,0.0294100000,12.6319071800,AKShare stock_zh_a_spot / 新浪
603006,联明股份,11.1500000000,10.8700000000,24598916.0000000000,2211900.0000000000,0.0257600000,0.2459891600,AKShare stock_zh_a_spot / 新浪
603007,顺景科技,4.5900000000,4.5400000000,57326913.0000000000,12454044.0000000000,0.0110100000,0.5732691300,AKShare stock_zh_a_spot / 新浪
603009,北特科技,45.0000000000,43.2500000000,551375799.0000000000,12457531.0000000000,0.0404600000,5.5137579900,AKShare stock_zh_a_spot / 新浪
603010,万盛股份,11.9000000000,11.6800000000,120912703.0000000000,10110130.0000000000,0.0188400000,1.2091270300,AKShare stock_zh_a_spot / 新浪
603011,合锻智能,23.3800000000,23.0200000000,810490519.0000000000,34810678.0000000000,0.0156400000,8.1049051900,AKShare stock_zh_a_spot / 新浪
603012,创力集团,8.7300000000,8.8500000000,167617349.0000000000,19094914.0000000000,-0.0135600000,1.6761734900,AKShare stock_zh_a_spot / 新浪
603013,亚普股份,16.1700000000,16.0800000000,27716425.0000000000,1707992.0000000000,0.0056000000,0.2771642500,AKShare stock_zh_a_spot / 新浪
603014,威高血净,33.4000000000,32.7000000000,59394407.0000000000,1776245.0000000000,0.0214100000,0.5939440700,AKShare stock_zh_a_spot / 新浪
603015,弘讯科技,10.9200000000,11.0800000000,103364062.0000000000,9423006.0000000000,-0.0144400000,1.0336406200,AKShare stock_zh_a_spot / 新浪
603016,新宏泰,30.6800000000,27.8900000000,157191578.0000000000,5227525.0000000000,0.1000400000,1.5719157800,AKShare stock_zh_a_spot / 新浪
603017,中衡设计,9.5000000000,9.2500000000,55243808.0000000000,5831200.0000000000,0.0270300000,0.5524380800,AKShare stock_zh_a_spot / 新浪
603018,华设集团,5.2400000000,5.1400000000,32702641.0000000000,6270117.0000000000,0.0194600000,0.3270264100,AKShare stock_zh_a_spot / 新浪
603019,中科曙光,84.3400000000,85.0000000000,2298827496.0000000000,27149912.0000000000,-0.0077600000,22.9882749600,AKShare stock_zh_a_spot / 新浪
603020,爱普股份,10.0500000000,9.8500000000,35033819.0000000000,3494000.0000000000,0.0203000000,0.3503381900,AKShare stock_zh_a_spot / 新浪
603022,新通联,8.7500000000,8.5100000000,23118929.0000000000,2656800.0000000000,0.0282000000,0.2311892900,AKShare stock_zh_a_spot / 新浪
603023,威帝股份,4.0200000000,4.0000000000,34609180.0000000000,8585300.0000000000,0.0050000000,0.3460918000,AKShare stock_zh_a_spot / 新浪
603025,大豪科技,13.9000000000,13.8000000000,155729952.0000000000,11148680.0000000000,0.0072500000,1.5572995200,AKShare stock_zh_a_spot / 新浪
603026,石大胜华,63.3300000000,65.1300000000,423019791.0000000000,6615885.0000000000,-0.0276400000,4.2301979100,AKShare stock_zh_a_spot / 新浪
603027,千禾味业,7.3500000000,7.2600000000,75907467.0000000000,10367608.0000000000,0.0124000000,0.7590746700,AKShare stock_zh_a_spot / 新浪
603028,赛福天,7.0000000000,6.8300000000,22202854.0000000000,3183500.0000000000,0.0248900000,0.2220285400,AKShare stock_zh_a_spot / 新浪
603029,天鹅股份,15.8800000000,15.6700000000,45940959.0000000000,2910000.0000000000,0.0134000000,0.4594095900,AKShare stock_zh_a_spot / 新浪
603030,全筑股份,2.0700000000,2.0100000000,56490620.0000000000,27380600.0000000000,0.0298500000,0.5649062000,AKShare stock_zh_a_spot / 新浪
603031,安孚科技,39.2900000000,38.2500000000,612112947.0000000000,15744562.0000000000,0.0271900000,6.1211294700,AKShare stock_zh_a_spot / 新浪
603032,德新科技,18.1500000000,18.1600000000,76906790.0000000000,4226080.0000000000,-0.0005500000,0.7690679000,AKShare stock_zh_a_spot / 新浪
603033,三维股份,7.4900000000,7.3800000000,34798891.0000000000,4660906.0000000000,0.0149100000,0.3479889100,AKShare stock_zh_a_spot / 新浪
603035,常熟汽饰,11.1000000000,10.8300000000,45518813.0000000000,4122414.0000000000,0.0249300000,0.4551881300,AKShare stock_zh_a_spot / 新浪
603036,如通股份,15.4900000000,14.0800000000,284477844.0000000000,18674093.0000000000,0.1001400000,2.8447784400,AKShare stock_zh_a_spot / 新浪
603037,凯众股份,10.0800000000,9.9800000000,20903456.0000000000,2076646.0000000000,0.0100200000,0.2090345600,AKShare stock_zh_a_spot / 新浪
603038,华立股份,16.4100000000,16.3000000000,203630507.0000000000,12380100.0000000000,0.0067500000,2.0363050700,AKShare stock_zh_a_spot / 新浪
603039,泛微网络,42.9500000000,43.6500000000,875167311.0000000000,20190033.0000000000,-0.0160400000,8.7516731100,AKShare stock_zh_a_spot / 新浪
603040,新坐标,53.4500000000,53.8100000000,57115385.0000000000,1066629.0000000000,-0.0066900000,0.5711538500,AKShare stock_zh_a_spot / 新浪
603041,美思德,11.1200000000,10.8400000000,18783255.0000000000,1689100.0000000000,0.0258300000,0.1878325500,AKShare stock_zh_a_spot / 新浪
603042,华脉科技,13.7400000000,13.2000000000,127957878.0000000000,9366661.0000000000,0.0409100000,1.2795787800,AKShare stock_zh_a_spot / 新浪
603043,广州酒家,13.8100000000,13.9500000000,74244338.0000000000,5329700.0000000000,-0.0100400000,0.7424433800,AKShare stock_zh_a_spot / 新浪
603045,福达合金,52.0400000000,52.3000000000,306589460.0000000000,5866528.0000000000,-0.0049700000,3.0658946000,AKShare stock_zh_a_spot / 新浪
603048,浙江黎明,21.7900000000,21.7500000000,33326462.0000000000,1520100.0000000000,0.0018400000,0.3332646200,AKShare stock_zh_a_spot / 新浪
603049,中策橡胶,50.4500000000,49.5500000000,161801830.0000000000,3217400.0000000000,0.0181600000,1.6180183000,AKShare stock_zh_a_spot / 新浪
603050,科林电气,18.4900000000,18.5700000000,76404641.0000000000,4100050.0000000000,-0.0043100000,0.7640464100,AKShare stock_zh_a_spot / 新浪
603051,鹿山新材,20.9600000000,20.4700000000,76971371.0000000000,3702006.0000000000,0.0239400000,0.7697137100,AKShare stock_zh_a_spot / 新浪
603052,可川科技,55.8700000000,54.2700000000,262342468.0000000000,4711872.0000000000,0.0294800000,2.6234246800,AKShare stock_zh_a_spot / 新浪
603053,成都燃气,8.7200000000,8.6700000000,15977459.0000000000,1833600.0000000000,0.0057700000,0.1597745900,AKShare stock_zh_a_spot / 新浪
603055,台华新材,8.7400000000,8.8100000000,54325496.0000000000,6180540.0000000000,-0.0079500000,0.5432549600,AKShare stock_zh_a_spot / 新浪
603057,紫燕食品,21.8200000000,21.8400000000,31866169.0000000000,1461263.0000000000,-0.0009200000,0.3186616900,AKShare stock_zh_a_spot / 新浪
603058,永吉股份,9.0000000000,9.0200000000,62158030.0000000000,6834301.0000000000,-0.0022200000,0.6215803000,AKShare stock_zh_a_spot / 新浪
603059,倍加洁,25.7600000000,24.9200000000,39745364.0000000000,1547825.0000000000,0.0337100000,0.3974536400,AKShare stock_zh_a_spot / 新浪
603060,国检集团,5.5000000000,5.4200000000,21122540.0000000000,3859571.0000000000,0.0147600000,0.2112254000,AKShare stock_zh_a_spot / 新浪
603061,金海通,353.7600000000,330.1700000000,1670031767.0000000000,4856618.0000000000,0.0714500000,16.7003176700,AKShare stock_zh_a_spot / 新浪
603062,麦加芯彩,39.2000000000,38.9500000000,9445336.0000000000,240200.0000000000,0.0064200000,0.0944533600,AKShare stock_zh_a_spot / 新浪
603063,禾望电气,31.4200000000,31.5500000000,473255043.0000000000,15032319.0000000000,-0.0041200000,4.7325504300,AKShare stock_zh_a_spot / 新浪
603065,宿迁联盛,15.7500000000,16.3000000000,519593678.0000000000,32723200.0000000000,-0.0337400000,5.1959367800,AKShare stock_zh_a_spot / 新浪
603066,音飞储存,9.1100000000,8.9600000000,25466679.0000000000,2800200.0000000000,0.0167400000,0.2546667900,AKShare stock_zh_a_spot / 新浪
603067,振华股份,34.2000000000,34.1800000000,832168549.0000000000,24333622.0000000000,0.0005900000,8.3216854900,AKShare stock_zh_a_spot / 新浪
603068,博通集成,41.4000000000,39.8800000000,373260244.0000000000,9237193.0000000000,0.0381100000,3.7326024400,AKShare stock_zh_a_spot / 新浪
603069,海汽集团,13.0600000000,12.8300000000,31042866.0000000000,2395529.0000000000,0.0179300000,0.3104286600,AKShare stock_zh_a_spot / 新浪
603070,万控智造,11.6100000000,11.3300000000,20220490.0000000000,1751839.0000000000,0.0247100000,0.2022049000,AKShare stock_zh_a_spot / 新浪
603071,物产环能,12.4100000000,12.4400000000,96065354.0000000000,7702834.0000000000,-0.0024100000,0.9606535400,AKShare stock_zh_a_spot / 新浪
603072,天和磁材,31.5200000000,31.2700000000,44218869.0000000000,1397100.0000000000,0.0079900000,0.4421886900,AKShare stock_zh_a_spot / 新浪
603073,彩蝶实业,16.7100000000,16.3300000000,19207669.0000000000,1155000.0000000000,0.0232700000,0.1920766900,AKShare stock_zh_a_spot / 新浪
603075,热威股份,19.0100000000,18.6000000000,43748862.0000000000,2301547.0000000000,0.0220400000,0.4374886200,AKShare stock_zh_a_spot / 新浪
603076,乐惠国际,20.6500000000,20.4600000000,31162487.0000000000,1505692.0000000000,0.0092900000,0.3116248700,AKShare stock_zh_a_spot / 新浪
603077,和邦生物,2.3800000000,2.3500000000,288342852.0000000000,121357935.0000000000,0.0127700000,2.8834285200,AKShare stock_zh_a_spot / 新浪
603078,江化微,35.2800000000,36.5200000000,1103877760.0000000000,30917605.0000000000,-0.0339500000,11.0387776000,AKShare stock_zh_a_spot / 新浪
603079,圣达生物,12.7500000000,13.2600000000,340142546.0000000000,26572840.0000000000,-0.0384600000,3.4014254600,AKShare stock_zh_a_spot / 新浪
603080,新疆火炬,19.3500000000,19.5700000000,35462481.0000000000,1819600.0000000000,-0.0112400000,0.3546248100,AKShare stock_zh_a_spot / 新浪
603081,大丰实业,9.3400000000,9.1900000000,26024490.0000000000,2785200.0000000000,0.0163200000,0.2602449000,AKShare stock_zh_a_spot / 新浪
603082,北自科技,39.4400000000,39.7000000000,105671158.0000000000,2652156.0000000000,-0.0065500000,1.0567115800,AKShare stock_zh_a_spot / 新浪
603083,剑桥科技,179.0900000000,167.4500000000,4304100633.0000000000,24474448.0000000000,0.0695100000,43.0410063300,AKShare stock_zh_a_spot / 新浪
603085,天成自控,10.0000000000,9.6000000000,51741020.0000000000,5242100.0000000000,0.0416700000,0.5174102000,AKShare stock_zh_a_spot / 新浪
603086,先达股份,5.6400000000,5.6600000000,34560646.0000000000,6115500.0000000000,-0.0035300000,0.3456064600,AKShare stock_zh_a_spot / 新浪
603087,甘李药业,71.8700000000,71.2000000000,1382577292.0000000000,18887443.0000000000,0.0094100000,13.8257729200,AKShare stock_zh_a_spot / 新浪
603088,宁波精达,8.8800000000,8.7200000000,42077944.0000000000,4750106.0000000000,0.0183500000,0.4207794400,AKShare stock_zh_a_spot / 新浪
603089,正裕工业,10.0000000000,10.6200000000,184676506.0000000000,19009177.0000000000,-0.0583800000,1.8467650600,AKShare stock_zh_a_spot / 新浪
603090,宏盛股份,36.9800000000,36.6200000000,64459849.0000000000,1741200.0000000000,0.0098300000,0.6445984900,AKShare stock_zh_a_spot / 新浪
603091,众鑫股份,49.5400000000,48.5700000000,48412049.0000000000,973976.0000000000,0.0199700000,0.4841204900,AKShare stock_zh_a_spot / 新浪
603092,德力佳,47.3400000000,47.1400000000,38263448.0000000000,806302.0000000000,0.0042400000,0.3826344800,AKShare stock_zh_a_spot / 新浪
603093,南华期货,11.2700000000,11.2200000000,102375213.0000000000,9096705.0000000000,0.0044600000,1.0237521300,AKShare stock_zh_a_spot / 新浪
603095,越剑智能,13.8700000000,14.2000000000,139458713.0000000000,9889172.0000000000,-0.0232400000,1.3945871300,AKShare stock_zh_a_spot / 新浪
603096,新经典,15.3400000000,15.0900000000,19345037.0000000000,1268500.0000000000,0.0165700000,0.1934503700,AKShare stock_zh_a_spot / 新浪
603097,江苏华辰,18.4800000000,18.7900000000,32317788.0000000000,1734220.0000000000,-0.0165000000,0.3231778800,AKShare stock_zh_a_spot / 新浪
603098,森特股份,10.1800000000,9.8400000000,39017742.0000000000,3869053.0000000000,0.0345500000,0.3901774200,AKShare stock_zh_a_spot / 新浪
603099,长白山,39.3400000000,38.5200000000,227630308.0000000000,5796336.0000000000,0.0212900000,2.2763030800,AKShare stock_zh_a_spot / 新浪
603100,川仪股份,17.4300000000,17.2700000000,50710468.0000000000,2905645.0000000000,0.0092600000,0.5071046800,AKShare stock_zh_a_spot / 新浪
603101,汇嘉时代,7.3700000000,7.2900000000,82052357.0000000000,11099806.0000000000,0.0109700000,0.8205235700,AKShare stock_zh_a_spot / 新浪
603102,百合股份,44.1300000000,45.7600000000,467125871.0000000000,10215791.0000000000,-0.0356200000,4.6712587100,AKShare stock_zh_a_spot / 新浪
603103,横店影视,14.6400000000,14.6000000000,49935814.0000000000,3412147.0000000000,0.0027400000,0.4993581400,AKShare stock_zh_a_spot / 新浪
603105,芯能科技,6.9900000000,6.8700000000,36043474.0000000000,5177102.0000000000,0.0174700000,0.3604347400,AKShare stock_zh_a_spot / 新浪
603106,恒银科技,7.2100000000,7.2200000000,188702537.0000000000,26188539.0000000000,-0.0013900000,1.8870253700,AKShare stock_zh_a_spot / 新浪
603107,上海汽配,11.8800000000,11.7200000000,17293525.0000000000,1457330.0000000000,0.0136500000,0.1729352500,AKShare stock_zh_a_spot / 新浪
603108,润达医疗,10.3400000000,9.6900000000,342460057.0000000000,33462506.0000000000,0.0670800000,3.4246005700,AKShare stock_zh_a_spot / 新浪
603109,神驰机电,17.4000000000,17.4000000000,27296917.0000000000,1562880.0000000000,0.0000000000,0.2729691700,AKShare stock_zh_a_spot / 新浪
603110,东方材料,25.2800000000,26.1700000000,438015881.0000000000,16990400.0000000000,-0.0340100000,4.3801588100,AKShare stock_zh_a_spot / 新浪
603111,康尼机电,5.7800000000,5.7000000000,17801734.0000000000,3089350.0000000000,0.0140400000,0.1780173400,AKShare stock_zh_a_spot / 新浪
603112,华翔股份,16.0800000000,16.1500000000,194672673.0000000000,12052888.0000000000,-0.0043300000,1.9467267300,AKShare stock_zh_a_spot / 新浪
603113,金能科技,5.5500000000,5.1500000000,420812276.0000000000,79167784.0000000000,0.0776700000,4.2081227600,AKShare stock_zh_a_spot / 新浪
603115,海星股份,77.3600000000,76.9000000000,740892901.0000000000,9603291.0000000000,0.0059800000,7.4089290100,AKShare stock_zh_a_spot / 新浪
603116,红蜻蜓,6.3700000000,6.2000000000,37805535.0000000000,5951220.0000000000,0.0274200000,0.3780553500,AKShare stock_zh_a_spot / 新浪
603117,万林物流,3.8000000000,3.6900000000,34304406.0000000000,9065200.0000000000,0.0298100000,0.3430440600,AKShare stock_zh_a_spot / 新浪
603118,共进股份,17.0000000000,17.1100000000,2052256040.0000000000,118499382.0000000000,-0.0064300000,20.5225604000,AKShare stock_zh_a_spot / 新浪
603119,浙江荣泰,49.5000000000,50.0000000000,570280939.0000000000,11547092.0000000000,-0.0100000000,5.7028093900,AKShare stock_zh_a_spot / 新浪
603120,肯特催化,47.6500000000,48.7000000000,88096455.0000000000,1827715.0000000000,-0.0215600000,0.8809645500,AKShare stock_zh_a_spot / 新浪
603121,华培动力,12.1800000000,12.0700000000,41640470.0000000000,3408886.0000000000,0.0091100000,0.4164047000,AKShare stock_zh_a_spot / 新浪
603122,合富中国,12.5300000000,11.8600000000,392712619.0000000000,31429200.0000000000,0.0564900000,3.9271261900,AKShare stock_zh_a_spot / 新浪
603123,翠微股份,9.2300000000,8.5200000000,602508903.0000000000,65283721.0000000000,0.0833300000,6.0250890300,AKShare stock_zh_a_spot / 新浪
603124,江南新材,129.9000000000,130.4100000000,559775529.0000000000,4308982.0000000000,-0.0039100000,5.5977552900,AKShare stock_zh_a_spot / 新浪
603125,常青科技,22.8000000000,22.7100000000,136324564.0000000000,5967800.0000000000,0.0039600000,1.3632456400,AKShare stock_zh_a_spot / 新浪
603126,中材节能,5.9800000000,5.9000000000,31153872.0000000000,5217300.0000000000,0.0135600000,0.3115387200,AKShare stock_zh_a_spot / 新浪
603127,昭衍新药,52.5700000000,49.8000000000,3690407093.0000000000,70438775.0000000000,0.0556200000,36.9040709300,AKShare stock_zh_a_spot / 新浪
603128,华贸物流,5.3600000000,5.3100000000,38321852.0000000000,7176620.0000000000,0.0094200000,0.3832185200,AKShare stock_zh_a_spot / 新浪
603129,春风动力,316.3800000000,318.9000000000,637988557.0000000000,1997375.0000000000,-0.0079000000,6.3798855700,AKShare stock_zh_a_spot / 新浪
603130,云中马,39.8000000000,39.4600000000,48063794.0000000000,1197700.0000000000,0.0086200000,0.4806379400,AKShare stock_zh_a_spot / 新浪
603131,上海沪工,14.4500000000,14.4000000000,104731682.0000000000,7218500.0000000000,0.0034700000,1.0473168200,AKShare stock_zh_a_spot / 新浪
603132,金徽股份,18.6000000000,18.6400000000,114341647.0000000000,6058682.0000000000,-0.0021500000,1.1434164700,AKShare stock_zh_a_spot / 新浪
603135,中重科技,9.0300000000,8.8800000000,54062112.0000000000,5999768.0000000000,0.0168900000,0.5406211200,AKShare stock_zh_a_spot / 新浪
603136,天目湖,9.1600000000,8.9400000000,40540082.0000000000,4443565.0000000000,0.0246100000,0.4054008200,AKShare stock_zh_a_spot / 新浪
603137,恒尚节能,23.8800000000,24.0900000000,489206620.0000000000,20786281.0000000000,-0.0087200000,4.8920662000,AKShare stock_zh_a_spot / 新浪
603138,海量数据,12.9200000000,12.7100000000,54135913.0000000000,4196775.0000000000,0.0165200000,0.5413591300,AKShare stock_zh_a_spot / 新浪
603139,康惠股份,35.3800000000,35.0400000000,42745710.0000000000,1208600.0000000000,0.0097000000,0.4274571000,AKShare stock_zh_a_spot / 新浪
603150,万朗磁塑,52.3100000000,51.1100000000,67223396.0000000000,1284500.0000000000,0.0234800000,0.6722339600,AKShare stock_zh_a_spot / 新浪
603151,邦基科技,15.7300000000,15.0800000000,92966509.0000000000,6035364.0000000000,0.0431000000,0.9296650900,AKShare stock_zh_a_spot / 新浪
603153,上海建科,13.1500000000,12.8900000000,17385994.0000000000,1327669.0000000000,0.0201700000,0.1738599400,AKShare stock_zh_a_spot / 新浪
603155,新亚强,13.5900000000,13.8200000000,94335644.0000000000,6875549.0000000000,-0.0166400000,0.9433564400,AKShare stock_zh_a_spot / 新浪
603156,养元饮品,51.0000000000,54.5700000000,1350630863.0000000000,26203299.0000000000,-0.0654200000,13.5063086300,AKShare stock_zh_a_spot / 新浪
603158,腾龙股份,9.7900000000,9.5600000000,134905086.0000000000,13776700.0000000000,0.0240600000,1.3490508600,AKShare stock_zh_a_spot / 新浪
603159,上海亚虹,21.1900000000,20.6900000000,64978988.0000000000,3047100.0000000000,0.0241700000,0.6497898800,AKShare stock_zh_a_spot / 新浪
603160,汇顶科技,49.7100000000,49.1300000000,189875863.0000000000,3817145.0000000000,0.0118100000,1.8987586300,AKShare stock_zh_a_spot / 新浪
603161,科华控股,15.5500000000,15.7000000000,58649965.0000000000,3755914.0000000000,-0.0095500000,0.5864996500,AKShare stock_zh_a_spot / 新浪
603162,海通发展,11.8200000000,11.8900000000,370233678.0000000000,30691654.0000000000,-0.0058900000,3.7023367800,AKShare stock_zh_a_spot / 新浪
603163,圣晖集成,82.8600000000,83.4500000000,214910291.0000000000,2566914.0000000000,-0.0070700000,2.1491029100,AKShare stock_zh_a_spot / 新浪
603165,荣晟环保,13.8000000000,13.4600000000,57122408.0000000000,4152412.0000000000,0.0252600000,0.5712240800,AKShare stock_zh_a_spot / 新浪
603166,福达股份,10.7900000000,10.8100000000,82175466.0000000000,7613200.0000000000,-0.0018500000,0.8217546600,AKShare stock_zh_a_spot / 新浪
603167,渤海轮渡,8.7000000000,8.6800000000,21438388.0000000000,2465700.0000000000,0.0023000000,0.2143838800,AKShare stock_zh_a_spot / 新浪
603168,莎普爱思,5.7500000000,5.4900000000,55356558.0000000000,9704930.0000000000,0.0473600000,0.5535655800,AKShare stock_zh_a_spot / 新浪
603169,兰石重装,6.2600000000,6.3100000000,58553526.0000000000,9300817.0000000000,-0.0079200000,0.5855352600,AKShare stock_zh_a_spot / 新浪
603170,宝立食品,12.5900000000,12.3600000000,43608204.0000000000,3497000.0000000000,0.0186100000,0.4360820400,AKShare stock_zh_a_spot / 新浪
603171,税友股份,43.3400000000,43.1300000000,265453119.0000000000,6125188.0000000000,0.0048700000,2.6545311900,AKShare stock_zh_a_spot / 新浪
603172,万丰股份,17.5600000000,17.1200000000,23781449.0000000000,1355800.0000000000,0.0257000000,0.2378144900,AKShare stock_zh_a_spot / 新浪
603173,福斯达,31.3900000000,31.2300000000,20388264.0000000000,648500.0000000000,0.0051200000,0.2038826400,AKShare stock_zh_a_spot / 新浪
603175,超颖电子,89.5800000000,91.0600000000,193215737.0000000000,2136268.0000000000,-0.0162500000,1.9321573700,AKShare stock_zh_a_spot / 新浪
603176,汇通集团,4.8900000000,4.7400000000,16122468.0000000000,3325700.0000000000,0.0316500000,0.1612246800,AKShare stock_zh_a_spot / 新浪
603177,德创环保,11.0000000000,10.0000000000,73558904.0000000000,6894450.0000000000,0.1000000000,0.7355890400,AKShare stock_zh_a_spot / 新浪
603178,圣龙股份,16.3000000000,16.0600000000,138955178.0000000000,8701086.0000000000,0.0149400000,1.3895517800,AKShare stock_zh_a_spot / 新浪
603179,新泉股份,35.0500000000,35.6600000000,768445509.0000000000,21935058.0000000000,-0.0171100000,7.6844550900,AKShare stock_zh_a_spot / 新浪
603180,金牌家居,15.5300000000,15.3300000000,24694534.0000000000,1594500.0000000000,0.0130500000,0.2469453400,AKShare stock_zh_a_spot / 新浪
603181,皇马科技,12.7300000000,12.6000000000,40611685.0000000000,3188895.0000000000,0.0103200000,0.4061168500,AKShare stock_zh_a_spot / 新浪
603182,嘉华股份,13.2000000000,13.1100000000,54131276.0000000000,4104600.0000000000,0.0068600000,0.5413127600,AKShare stock_zh_a_spot / 新浪
603183,建研院,4.5800000000,4.5700000000,47634100.0000000000,10341960.0000000000,0.0021900000,0.4763410000,AKShare stock_zh_a_spot / 新浪
603185,弘元绿能,16.7700000000,16.6800000000,70229649.0000000000,4174083.0000000000,0.0054000000,0.7022964900,AKShare stock_zh_a_spot / 新浪
603186,华正新材,164.0000000000,175.0000000000,4391802807.0000000000,26293510.0000000000,-0.0628600000,43.9180280700,AKShare stock_zh_a_spot / 新浪
603187,海容冷链,11.1600000000,11.1000000000,61558841.0000000000,5518764.0000000000,0.0054100000,0.6155884100,AKShare stock_zh_a_spot / 新浪
603188,亚邦股份,4.5600000000,4.6200000000,75821112.0000000000,16553900.0000000000,-0.0129900000,0.7582111200,AKShare stock_zh_a_spot / 新浪
603190,亚通精工,16.5300000000,16.2300000000,27501175.0000000000,1663530.0000000000,0.0184800000,0.2750117500,AKShare stock_zh_a_spot / 新浪
603191,望变电气,14.7100000000,14.6900000000,123597314.0000000000,8402497.0000000000,0.0013600000,1.2359731400,AKShare stock_zh_a_spot / 新浪
603192,汇得科技,20.1300000000,19.6200000000,24166361.0000000000,1201700.0000000000,0.0259900000,0.2416636100,AKShare stock_zh_a_spot / 新浪
603193,润本股份,21.3600000000,20.3400000000,90316970.0000000000,4278652.0000000000,0.0501500000,0.9031697000,AKShare stock_zh_a_spot / 新浪
603194,中力股份,33.4600000000,33.2100000000,28045857.0000000000,836400.0000000000,0.0075300000,0.2804585700,AKShare stock_zh_a_spot / 新浪
603195,公牛集团,40.0700000000,39.0100000000,151293966.0000000000,3812921.0000000000,0.0271700000,1.5129396600,AKShare stock_zh_a_spot / 新浪
603196,璞源材料,19.5000000000,19.5300000000,33111790.0000000000,1687300.0000000000,-0.0015400000,0.3311179000,AKShare stock_zh_a_spot / 新浪
603197,保隆科技,30.4500000000,29.8200000000,66232482.0000000000,2186400.0000000000,0.0211300000,0.6623248200,AKShare stock_zh_a_spot / 新浪
603198,迎驾贡酒,39.9500000000,39.5000000000,243714055.0000000000,6129665.0000000000,0.0113900000,2.4371405500,AKShare stock_zh_a_spot / 新浪
603199,九华旅游,34.0000000000,31.6800000000,213301679.0000000000,6315833.0000000000,0.0732300000,2.1330167900,AKShare stock_zh_a_spot / 新浪
603200,上海洗霸,35.2300000000,35.0900000000,101436701.0000000000,2879200.0000000000,0.0039900000,1.0143670100,AKShare stock_zh_a_spot / 新浪
603201,常润股份,15.2400000000,15.0100000000,46684190.0000000000,3056940.0000000000,0.0153200000,0.4668419000,AKShare stock_zh_a_spot / 新浪
603202,天有为,51.7900000000,51.2800000000,44992636.0000000000,870248.0000000000,0.0099500000,0.4499263600,AKShare stock_zh_a_spot / 新浪
603203,快克智能,42.8600000000,42.7800000000,276523228.0000000000,6442940.0000000000,0.0018700000,2.7652322800,AKShare stock_zh_a_spot / 新浪
603205,健尔康,21.9400000000,21.4600000000,20337313.0000000000,925655.0000000000,0.0223700000,0.2033731300,AKShare stock_zh_a_spot / 新浪
603206,嘉环科技,13.7000000000,13.5000000000,41892364.0000000000,3055400.0000000000,0.0148100000,0.4189236400,AKShare stock_zh_a_spot / 新浪
603207,小方制药,24.8800000000,25.3300000000,218038765.0000000000,8662580.0000000000,-0.0177700000,2.1803876500,AKShare stock_zh_a_spot / 新浪
603208,江山欧派,11.4300000000,10.9400000000,35207814.0000000000,3103320.0000000000,0.0447900000,0.3520781400,AKShare stock_zh_a_spot / 新浪
603209,兴通股份,14.0700000000,13.7000000000,144342064.0000000000,10357092.0000000000,0.0270100000,1.4434206400,AKShare stock_zh_a_spot / 新浪
603210,泰鸿万立,13.5900000000,13.4500000000,26280101.0000000000,1934146.0000000000,0.0104100000,0.2628010100,AKShare stock_zh_a_spot / 新浪
603211,晋拓股份,23.2500000000,25.8300000000,208780606.0000000000,8854526.0000000000,-0.0998800000,2.0878060600,AKShare stock_zh_a_spot / 新浪
603212,赛伍技术,11.4300000000,11.4900000000,68272744.0000000000,5946500.0000000000,-0.0052200000,0.6827274400,AKShare stock_zh_a_spot / 新浪
603213,镇洋发展,13.8200000000,13.6200000000,27701473.0000000000,2013100.0000000000,0.0146800000,0.2770147300,AKShare stock_zh_a_spot / 新浪
603214,爱婴室,13.8900000000,13.6100000000,25743395.0000000000,1859800.0000000000,0.0205700000,0.2574339500,AKShare stock_zh_a_spot / 新浪
603215,比依股份,14.4400000000,14.0300000000,23309019.0000000000,1623800.0000000000,0.0292200000,0.2330901900,AKShare stock_zh_a_spot / 新浪
603216,梦天家居,21.1400000000,19.7900000000,102652544.0000000000,4952607.0000000000,0.0682200000,1.0265254400,AKShare stock_zh_a_spot / 新浪
603217,元利科技,26.4800000000,25.8800000000,116484891.0000000000,4320934.0000000000,0.0231800000,1.1648489100,AKShare stock_zh_a_spot / 新浪
603218,日月股份,9.7000000000,9.6100000000,42328910.0000000000,4366282.0000000000,0.0093700000,0.4232891000,AKShare stock_zh_a_spot / 新浪
603219,富佳股份,13.6200000000,13.4300000000,38796674.0000000000,2852200.0000000000,0.0141500000,0.3879667400,AKShare stock_zh_a_spot / 新浪
603220,中贝通信,17.8900000000,18.2100000000,393401807.0000000000,21891531.0000000000,-0.0175700000,3.9340180700,AKShare stock_zh_a_spot / 新浪
603221,爱丽家居,28.6000000000,27.0000000000,822283946.0000000000,31017765.0000000000,0.0592600000,8.2228394600,AKShare stock_zh_a_spot / 新浪
603222,济民健康,8.5500000000,8.4200000000,147078163.0000000000,17004265.0000000000,0.0154400000,1.4707816300,AKShare stock_zh_a_spot / 新浪
603223,恒通股份,10.5000000000,10.4000000000,66613080.0000000000,6342637.0000000000,0.0096200000,0.6661308000,AKShare stock_zh_a_spot / 新浪
603225,新凤鸣,18.9700000000,19.0000000000,230592358.0000000000,12015168.0000000000,-0.0015800000,2.3059235800,AKShare stock_zh_a_spot / 新浪
603226,菲林格尔,44.7000000000,44.0100000000,99481141.0000000000,2217100.0000000000,0.0156800000,0.9948114100,AKShare stock_zh_a_spot / 新浪
603227,雪峰科技,7.6900000000,7.7500000000,62835811.0000000000,8116195.0000000000,-0.0077400000,0.6283581100,AKShare stock_zh_a_spot / 新浪
603228,景旺电子,89.2200000000,88.1100000000,2856922163.0000000000,32064195.0000000000,0.0126000000,28.5692216300,AKShare stock_zh_a_spot / 新浪
603229,奥翔药业,8.3500000000,7.9700000000,123381942.0000000000,14734602.0000000000,0.0476800000,1.2338194200,AKShare stock_zh_a_spot / 新浪
603230,内蒙新华,9.2100000000,9.0800000000,16639776.0000000000,1812500.0000000000,0.0143200000,0.1663977600,AKShare stock_zh_a_spot / 新浪
603231,索宝蛋白,16.1000000000,15.9100000000,27692685.0000000000,1728700.0000000000,0.0119400000,0.2769268500,AKShare stock_zh_a_spot / 新浪
603232,格尔软件,14.6300000000,14.5200000000,92152133.0000000000,6269720.0000000000,0.0075800000,0.9215213300,AKShare stock_zh_a_spot / 新浪
603233,大参林,18.1900000000,17.9100000000,90350174.0000000000,4978795.0000000000,0.0156300000,0.9035017400,AKShare stock_zh_a_spot / 新浪
603235,天新药业,23.3900000000,23.1100000000,14898325.0000000000,634603.0000000000,0.0121200000,0.1489832500,AKShare stock_zh_a_spot / 新浪
603236,移远通信,59.8800000000,59.1200000000,899788886.0000000000,15101555.0000000000,0.0128600000,8.9978888600,AKShare stock_zh_a_spot / 新浪
603237,五芳斋,14.2800000000,14.1400000000,14712962.0000000000,1033857.0000000000,0.0099000000,0.1471296200,AKShare stock_zh_a_spot / 新浪
603238,诺邦股份,12.4000000000,12.1100000000,26201630.0000000000,2119200.0000000000,0.0239500000,0.2620163000,AKShare stock_zh_a_spot / 新浪
603239,浙江仙通,14.4700000000,14.2400000000,36574178.0000000000,2541767.0000000000,0.0161500000,0.3657417800,AKShare stock_zh_a_spot / 新浪
603248,锡华科技,18.3100000000,18.5100000000,62642423.0000000000,3389532.0000000000,-0.0108000000,0.6264242300,AKShare stock_zh_a_spot / 新浪
603255,鼎际得,27.8400000000,27.7600000000,34582849.0000000000,1241000.0000000000,0.0028800000,0.3458284900,AKShare stock_zh_a_spot / 新浪
603256,宏和科技,137.4000000000,141.5000000000,2543447780.0000000000,18389460.0000000000,-0.0289800000,25.4344778000,AKShare stock_zh_a_spot / 新浪
603257,中国瑞林,62.4000000000,62.4500000000,106332564.0000000000,1703158.0000000000,-0.0008000000,1.0633256400,AKShare stock_zh_a_spot / 新浪
603258,电魂网络,12.7200000000,12.3400000000,33877044.0000000000,2677506.0000000000,0.0307900000,0.3387704400,AKShare stock_zh_a_spot / 新浪
603259,药明康德,167.9000000000,164.0000000000,14589305368.0000000000,85911366.0000000000,0.0237800000,145.8930536800,AKShare stock_zh_a_spot / 新浪
603260,合盛硅业,35.0600000000,35.4100000000,230952716.0000000000,6549712.0000000000,-0.0098800000,2.3095271600,AKShare stock_zh_a_spot / 新浪
603261,立航科技,49.9000000000,50.4700000000,61127347.0000000000,1219400.0000000000,-0.0112900000,0.6112734700,AKShare stock_zh_a_spot / 新浪
603262,技源集团,17.9000000000,18.0000000000,46421465.0000000000,2576126.0000000000,-0.0055600000,0.4642146500,AKShare stock_zh_a_spot / 新浪
603266,天龙股份,15.6000000000,15.2800000000,23396650.0000000000,1504300.0000000000,0.0209400000,0.2339665000,AKShare stock_zh_a_spot / 新浪
603267,鸿远电子,48.6100000000,48.8800000000,267844625.0000000000,5469835.0000000000,-0.0055200000,2.6784462500,AKShare stock_zh_a_spot / 新浪
603268,松发股份,176.2100000000,179.5000000000,612153665.0000000000,3441900.0000000000,-0.0183300000,6.1215366500,AKShare stock_zh_a_spot / 新浪
603269,海鸥股份,17.4900000000,17.8600000000,290148455.0000000000,16458588.0000000000,-0.0207200000,2.9014845500,AKShare stock_zh_a_spot / 新浪
603270,金帝股份,27.7300000000,27.6000000000,68522061.0000000000,2459542.0000000000,0.0047100000,0.6852206100,AKShare stock_zh_a_spot / 新浪
603271,永杰新材,42.9200000000,43.0000000000,66154956.0000000000,1542603.0000000000,-0.0018600000,0.6615495600,AKShare stock_zh_a_spot / 新浪
603273,天元智能,14.3500000000,14.2300000000,21829915.0000000000,1522100.0000000000,0.0084300000,0.2182991500,AKShare stock_zh_a_spot / 新浪
603275,众辰科技,35.4100000000,34.8200000000,20521570.0000000000,579000.0000000000,0.0169400000,0.2052157000,AKShare stock_zh_a_spot / 新浪
603276,恒兴新材,16.3800000000,16.0500000000,41238153.0000000000,2537170.0000000000,0.0205600000,0.4123815300,AKShare stock_zh_a_spot / 新浪
603277,银都股份,11.9200000000,12.0800000000,103720262.0000000000,8612850.0000000000,-0.0132500000,1.0372026200,AKShare stock_zh_a_spot / 新浪
603278,大业股份,8.9200000000,8.9000000000,82298204.0000000000,9225000.0000000000,0.0022500000,0.8229820400,AKShare stock_zh_a_spot / 新浪
603279,景津装备,12.5300000000,12.4100000000,74335648.0000000000,5975700.0000000000,0.0096700000,0.7433564800,AKShare stock_zh_a_spot / 新浪
603280,南方路机,26.9600000000,27.2000000000,78325148.0000000000,2890990.0000000000,-0.0088200000,0.7832514800,AKShare stock_zh_a_spot / 新浪
603281,江瀚新材,19.1700000000,19.1000000000,75929090.0000000000,3972208.0000000000,0.0036600000,0.7592909000,AKShare stock_zh_a_spot / 新浪
603282,亚光股份,15.4200000000,14.9100000000,17759443.0000000000,1158400.0000000000,0.0342100000,0.1775944300,AKShare stock_zh_a_spot / 新浪
603283,赛腾股份,46.8200000000,46.3700000000,967080204.0000000000,20589141.0000000000,0.0097000000,9.6708020400,AKShare stock_zh_a_spot / 新浪
603284,林平发展,42.7700000000,41.9200000000,114755913.0000000000,2657381.0000000000,0.0202800000,1.1475591300,AKShare stock_zh_a_spot / 新浪
603285,键邦股份,37.5100000000,34.1000000000,175136820.0000000000,4743291.0000000000,0.1000000000,1.7513682000,AKShare stock_zh_a_spot / 新浪
603286,日盈电子,41.1000000000,40.2800000000,113630414.0000000000,2789645.0000000000,0.0203600000,1.1363041400,AKShare stock_zh_a_spot / 新浪
603288,海天味业,35.7500000000,35.3200000000,386494978.0000000000,10839621.0000000000,0.0121700000,3.8649497800,AKShare stock_zh_a_spot / 新浪
603289,泰瑞机器,8.6800000000,8.5700000000,35224126.0000000000,4034100.0000000000,0.0128400000,0.3522412600,AKShare stock_zh_a_spot / 新浪
603290,斯达半导,95.6200000000,100.3100000000,1894387831.0000000000,19648259.0000000000,-0.0467600000,18.9438783100,AKShare stock_zh_a_spot / 新浪
603291,联合水务,9.2000000000,9.0200000000,48724735.0000000000,5272100.0000000000,0.0199600000,0.4872473500,AKShare stock_zh_a_spot / 新浪
603293,埃泰克,35.2000000000,35.0900000000,29101737.0000000000,824800.0000000000,0.0031300000,0.2910173700,AKShare stock_zh_a_spot / 新浪
603296,华勤技术,78.3200000000,78.1000000000,1392986382.0000000000,17759241.0000000000,0.0028200000,13.9298638200,AKShare stock_zh_a_spot / 新浪
603297,永新光学,107.2600000000,102.4000000000,169819401.0000000000,1590513.0000000000,0.0474600000,1.6981940100,AKShare stock_zh_a_spot / 新浪
603298,杭叉集团,26.3200000000,25.9100000000,96657992.0000000000,3662122.0000000000,0.0158200000,0.9665799200,AKShare stock_zh_a_spot / 新浪
603299,苏盐井神,9.0900000000,9.1100000000,38958717.0000000000,4274499.0000000000,-0.0022000000,0.3895871700,AKShare stock_zh_a_spot / 新浪
603300,海南华铁,4.8600000000,4.7400000000,174980510.0000000000,36123993.0000000000,0.0253200000,1.7498051000,AKShare stock_zh_a_spot / 新浪
603301,振德医疗,82.6000000000,81.7300000000,134556160.0000000000,1641200.0000000000,0.0106400000,1.3455616000,AKShare stock_zh_a_spot / 新浪
603303,得邦照明,23.5600000000,22.0600000000,68622736.0000000000,2968920.0000000000,0.0680000000,0.6862273600,AKShare stock_zh_a_spot / 新浪
603305,旭升集团,11.2300000000,11.1200000000,150494312.0000000000,13415263.0000000000,0.0098900000,1.5049431200,AKShare stock_zh_a_spot / 新浪
603306,华懋科技,74.2800000000,70.1100000000,1153199161.0000000000,15731507.0000000000,0.0594800000,11.5319916100,AKShare stock_zh_a_spot / 新浪
603307,扬州金泉,25.4400000000,24.9400000000,16594973.0000000000,652340.0000000000,0.0200500000,0.1659497300,AKShare stock_zh_a_spot / 新浪
603308,应流股份,44.5600000000,46.3500000000,930201185.0000000000,20600300.0000000000,-0.0386200000,9.3020118500,AKShare stock_zh_a_spot / 新浪
603309,维力医疗,11.9600000000,11.6000000000,84665036.0000000000,7104340.0000000000,0.0310300000,0.8466503600,AKShare stock_zh_a_spot / 新浪
603310,巍华新材,14.7700000000,14.6100000000,18734296.0000000000,1269486.0000000000,0.0109500000,0.1873429600,AKShare stock_zh_a_spot / 新浪
603311,金海高科,29.0000000000,29.0000000000,95236611.0000000000,3261500.0000000000,0.0000000000,0.9523661100,AKShare stock_zh_a_spot / 新浪
603312,西典新能,30.8700000000,30.3500000000,22076737.0000000000,719600.0000000000,0.0171300000,0.2207673700,AKShare stock_zh_a_spot / 新浪
603313,梦百合,6.1200000000,6.1000000000,83064258.0000000000,13512394.0000000000,0.0032800000,0.8306425800,AKShare stock_zh_a_spot / 新浪
603315,福鞍股份,11.5100000000,11.3500000000,41794659.0000000000,3636063.0000000000,0.0141000000,0.4179465900,AKShare stock_zh_a_spot / 新浪
603316,诚邦股份,13.9100000000,13.9800000000,106103797.0000000000,7571400.0000000000,-0.0050100000,1.0610379700,AKShare stock_zh_a_spot / 新浪
603317,天味食品,14.6600000000,14.5000000000,134979742.0000000000,9277793.0000000000,0.0110300000,1.3497974200,AKShare stock_zh_a_spot / 新浪
603318,水发燃气,8.6700000000,9.0000000000,304116618.0000000000,34527890.0000000000,-0.0366700000,3.0411661800,AKShare stock_zh_a_spot / 新浪
603319,美湖股份,24.6100000000,25.7900000000,469818233.0000000000,18995632.0000000000,-0.0457500000,4.6981823300,AKShare stock_zh_a_spot / 新浪
603320,迪贝电气,16.5200000000,16.3100000000,22341398.0000000000,1357400.0000000000,0.0128800000,0.2234139800,AKShare stock_zh_a_spot / 新浪
603321,梅轮电梯,6.3500000000,6.2300000000,22034777.0000000000,3483000.0000000000,0.0192600000,0.2203477700,AKShare stock_zh_a_spot / 新浪
603322,超讯科技,26.3400000000,26.0200000000,127072968.0000000000,4810384.0000000000,0.0123000000,1.2707296800,AKShare stock_zh_a_spot / 新浪
603323,苏农银行,4.2100000000,4.1800000000,157309319.0000000000,37531955.0000000000,0.0071800000,1.5730931900,AKShare stock_zh_a_spot / 新浪
603324,盛剑科技,27.4600000000,27.2500000000,112077525.0000000000,4065463.0000000000,0.0077100000,1.1207752500,AKShare stock_zh_a_spot / 新浪
603325,博隆技术,51.9600000000,51.6000000000,10135439.0000000000,194714.0000000000,0.0069800000,0.1013543900,AKShare stock_zh_a_spot / 新浪
603326,我乐家居,6.9900000000,6.8600000000,35243188.0000000000,5063900.0000000000,0.0189500000,0.3524318800,AKShare stock_zh_a_spot / 新浪
603327,福蓉科技,8.8600000000,8.4800000000,262401043.0000000000,29901243.0000000000,0.0448100000,2.6240104300,AKShare stock_zh_a_spot / 新浪
603328,依顿电子,11.1000000000,11.0800000000,219178976.0000000000,19595278.0000000000,0.0018100000,2.1917897600,AKShare stock_zh_a_spot / 新浪
603329,上海雅仕,10.5900000000,10.4900000000,36741494.0000000000,3479800.0000000000,0.0095300000,0.3674149400,AKShare stock_zh_a_spot / 新浪
603330,天洋新材,9.0600000000,10.0700000000,919480224.0000000000,100699269.0000000000,-0.1003000000,9.1948022400,AKShare stock_zh_a_spot / 新浪
603331,百达精工,12.4400000000,12.5600000000,57214287.0000000000,4546300.0000000000,-0.0095500000,0.5721428700,AKShare stock_zh_a_spot / 新浪
603332,苏州龙杰,11.4900000000,11.6600000000,85374211.0000000000,7354100.0000000000,-0.0145800000,0.8537421100,AKShare stock_zh_a_spot / 新浪
603333,福华尚纬,8.9500000000,8.6800000000,147713243.0000000000,16857200.0000000000,0.0311100000,1.4771324300,AKShare stock_zh_a_spot / 新浪
603334,丰倍生物,34.2900000000,32.2600000000,152690761.0000000000,4472540.0000000000,0.0629300000,1.5269076100,AKShare stock_zh_a_spot / 新浪
603335,迪生力,6.5300000000,6.3800000000,66779841.0000000000,10243004.0000000000,0.0235100000,0.6677984100,AKShare stock_zh_a_spot / 新浪
603336,宏辉果蔬,9.2600000000,8.8500000000,235279562.0000000000,25927309.0000000000,0.0463300000,2.3527956200,AKShare stock_zh_a_spot / 新浪
603337,杰克科技,37.5000000000,37.7800000000,167589270.0000000000,4455326.0000000000,-0.0074100000,1.6758927000,AKShare stock_zh_a_spot / 新浪
603338,浙江鼎力,54.2300000000,55.3500000000,280447271.0000000000,5137500.0000000000,-0.0202300000,2.8044727100,AKShare stock_zh_a_spot / 新浪
603339,四方科技,13.8000000000,13.7800000000,75045505.0000000000,5417212.0000000000,0.0014500000,0.7504550500,AKShare stock_zh_a_spot / 新浪
603341,龙旗科技,36.6000000000,36.2700000000,288571013.0000000000,7890872.0000000000,0.0091000000,2.8857101300,AKShare stock_zh_a_spot / 新浪
603344,星德胜,22.4500000000,22.1300000000,35156159.0000000000,1562400.0000000000,0.0144600000,0.3515615900,AKShare stock_zh_a_spot / 新浪
603345,安井食品,81.4600000000,81.0000000000,304063793.0000000000,3737284.0000000000,0.0056800000,3.0406379300,AKShare stock_zh_a_spot / 新浪
603348,文灿股份,14.3400000000,13.9500000000,35888778.0000000000,2508902.0000000000,0.0279600000,0.3588877800,AKShare stock_zh_a_spot / 新浪
603350,安乃达,28.1000000000,28.0000000000,12057275.0000000000,426600.0000000000,0.0035700000,0.1205727500,AKShare stock_zh_a_spot / 新浪
603351,威尔药业,27.4000000000,26.7800000000,47914054.0000000000,1757080.0000000000,0.0231500000,0.4791405400,AKShare stock_zh_a_spot / 新浪
603352,至信股份,25.6900000000,25.4400000000,26967589.0000000000,1047087.0000000000,0.0098300000,0.2696758900,AKShare stock_zh_a_spot / 新浪
603353,和顺石油,30.2000000000,30.5500000000,99330867.0000000000,3273700.0000000000,-0.0114600000,0.9933086700,AKShare stock_zh_a_spot / 新浪
603355,莱克电气,27.5600000000,26.4200000000,75226408.0000000000,2723874.0000000000,0.0431500000,0.7522640800,AKShare stock_zh_a_spot / 新浪
603356,华菱精工,16.7500000000,16.6400000000,35138446.0000000000,2085244.0000000000,0.0066100000,0.3513844600,AKShare stock_zh_a_spot / 新浪
603357,设计总院,5.9900000000,5.9000000000,17342304.0000000000,2914666.0000000000,0.0152500000,0.1734230400,AKShare stock_zh_a_spot / 新浪
603358,华达科技,45.2000000000,45.7000000000,409389481.0000000000,8996164.0000000000,-0.0109400000,4.0938948100,AKShare stock_zh_a_spot / 新浪
603360,百傲化学,12.3700000000,12.4900000000,95052379.0000000000,7632619.0000000000,-0.0096100000,0.9505237900,AKShare stock_zh_a_spot / 新浪
603363,傲农生物,2.9300000000,2.9000000000,88345017.0000000000,30432000.0000000000,0.0103400000,0.8834501700,AKShare stock_zh_a_spot / 新浪
603365,水星家纺,17.6600000000,17.2600000000,36252648.0000000000,2071136.0000000000,0.0231700000,0.3625264800,AKShare stock_zh_a_spot / 新浪
603366,日出东方,7.4100000000,7.6300000000,399937258.0000000000,54251676.0000000000,-0.0288300000,3.9993725800,AKShare stock_zh_a_spot / 新浪
603367,辰欣药业,14.9100000000,14.5200000000,239518270.0000000000,16004900.0000000000,0.0268600000,2.3951827000,AKShare stock_zh_a_spot / 新浪
603368,柳药集团,16.5400000000,16.2700000000,106864180.0000000000,6466007.0000000000,0.0165900000,1.0686418000,AKShare stock_zh_a_spot / 新浪
603369,今世缘,28.7200000000,28.9200000000,352323318.0000000000,12190867.0000000000,-0.0069200000,3.5232331800,AKShare stock_zh_a_spot / 新浪
603370,华新精科,32.9000000000,33.0800000000,19723245.0000000000,596300.0000000000,-0.0054400000,0.1972324500,AKShare stock_zh_a_spot / 新浪
603373,安邦护卫,38.7100000000,38.9300000000,50025217.0000000000,1290500.0000000000,-0.0056500000,0.5002521700,AKShare stock_zh_a_spot / 新浪
603375,盛景微,38.7700000000,37.4100000000,78656732.0000000000,2024038.0000000000,0.0363500000,0.7865673200,AKShare stock_zh_a_spot / 新浪
603376,大明电子,28.4000000000,25.8200000000,119941809.0000000000,4270271.0000000000,0.0999200000,1.1994180900,AKShare stock_zh_a_spot / 新浪
603379,三美股份,61.1900000000,61.5300000000,281359978.0000000000,4554556.0000000000,-0.0055300000,2.8135997800,AKShare stock_zh_a_spot / 新浪
603380,易德龙,33.7200000000,32.5000000000,83442224.0000000000,2484556.0000000000,0.0375400000,0.8344222400,AKShare stock_zh_a_spot / 新浪
603381,永臻股份,15.1400000000,14.7500000000,48937965.0000000000,3257527.0000000000,0.0264400000,0.4893796500,AKShare stock_zh_a_spot / 新浪
603382,海阳科技,22.6000000000,23.1300000000,250262659.0000000000,11007946.0000000000,-0.0229100000,2.5026265900,AKShare stock_zh_a_spot / 新浪
603383,顶点软件,28.1300000000,29.2200000000,197007473.0000000000,6995284.0000000000,-0.0373000000,1.9700747300,AKShare stock_zh_a_spot / 新浪
603385,惠达卫浴,5.5500000000,5.3700000000,21802176.0000000000,3965460.0000000000,0.0335200000,0.2180217600,AKShare stock_zh_a_spot / 新浪
603386,骏亚科技,13.6800000000,13.4000000000,95756946.0000000000,6933322.0000000000,0.0209000000,0.9575694600,AKShare stock_zh_a_spot / 新浪
603387,基蛋生物,9.6500000000,9.2500000000,188536574.0000000000,19612188.0000000000,0.0432400000,1.8853657400,AKShare stock_zh_a_spot / 新浪
603389,亚振家居,46.2300000000,47.4800000000,158528530.0000000000,3387300.0000000000,-0.0263300000,1.5852853000,AKShare stock_zh_a_spot / 新浪
603390,通达电气,10.0800000000,9.9300000000,44005180.0000000000,4368100.0000000000,0.0151100000,0.4400518000,AKShare stock_zh_a_spot / 新浪
603391,力聚热能,70.5000000000,67.8700000000,223303477.0000000000,3182933.0000000000,0.0387500000,2.2330347700,AKShare stock_zh_a_spot / 新浪
603392,万泰生物,30.8100000000,28.0100000000,208890650.0000000000,6827414.0000000000,0.0999600000,2.0889065000,AKShare stock_zh_a_spot / 新浪
603393,新天然气,23.8000000000,24.2400000000,274004501.0000000000,11375937.0000000000,-0.0181500000,2.7400450100,AKShare stock_zh_a_spot / 新浪
603395,红四方,30.6400000000,29.0000000000,811465751.0000000000,28416480.0000000000,0.0565500000,8.1146575100,AKShare stock_zh_a_spot / 新浪
603396,金辰股份,25.5500000000,25.3800000000,61739834.0000000000,2412300.0000000000,0.0067000000,0.6173983400,AKShare stock_zh_a_spot / 新浪
603399,永杉锂业,14.0700000000,14.0000000000,654013226.0000000000,46036745.0000000000,0.0050000000,6.5401322600,AKShare stock_zh_a_spot / 新浪
603400,华之杰,50.7800000000,47.0700000000,433334000.0000000000,8803432.0000000000,0.0788200000,4.3333400000,AKShare stock_zh_a_spot / 新浪
603402,陕西旅游,63.3300000000,60.6800000000,145519182.0000000000,2314461.0000000000,0.0436700000,1.4551918200,AKShare stock_zh_a_spot / 新浪
603406,天富龙,29.0200000000,30.7200000000,179758258.0000000000,6127337.0000000000,-0.0553400000,1.7975825800,AKShare stock_zh_a_spot / 新浪
603407,长裕集团,60.2800000000,66.9600000000,624612431.0000000000,10152334.0000000000,-0.0997600000,6.2461243100,AKShare stock_zh_a_spot / 新浪
603408,建霖家居,10.3900000000,10.2200000000,14430628.0000000000,1392800.0000000000,0.0166300000,0.1443062800,AKShare stock_zh_a_spot / 新浪
603409,汇通控股,17.8900000000,17.6100000000,28732476.0000000000,1610781.0000000000,0.0159000000,0.2873247600,AKShare stock_zh_a_spot / 新浪
603416,信捷电气,45.7100000000,45.1100000000,95422799.0000000000,2090915.0000000000,0.0133000000,0.9542279900,AKShare stock_zh_a_spot / 新浪
603418,友升股份,43.2000000000,43.2100000000,28325702.0000000000,652339.0000000000,-0.0002300000,0.2832570200,AKShare stock_zh_a_spot / 新浪
603421,鼎信通讯,5.8500000000,5.7200000000,44223843.0000000000,7596684.0000000000,0.0227300000,0.4422384300,AKShare stock_zh_a_spot / 新浪
603435,嘉德利,50.5800000000,51.8500000000,137078939.0000000000,2683911.0000000000,-0.0244900000,1.3707893900,AKShare stock_zh_a_spot / 新浪
603439,三力制药,12.9200000000,12.6100000000,135613685.0000000000,10481200.0000000000,0.0245800000,1.3561368500,AKShare stock_zh_a_spot / 新浪
603444,吉比特,393.9100000000,384.7900000000,954675959.0000000000,2428852.0000000000,0.0237000000,9.5467595900,AKShare stock_zh_a_spot / 新浪
603456,九洲药业,17.2600000000,16.3500000000,969137904.0000000000,56002432.0000000000,0.0556600000,9.6913790400,AKShare stock_zh_a_spot / 新浪
603458,勘设股份,9.8600000000,9.5000000000,177001429.0000000000,18051000.0000000000,0.0378900000,1.7700142900,AKShare stock_zh_a_spot / 新浪
603459,红板科技,87.0000000000,86.6000000000,870163516.0000000000,9886649.0000000000,0.0046200000,8.7016351600,AKShare stock_zh_a_spot / 新浪
603466,风语筑,11.5100000000,11.5200000000,456237268.0000000000,39314572.0000000000,-0.0008700000,4.5623726800,AKShare stock_zh_a_spot / 新浪
603468,津富士达,24.1900000000,24.3600000000,82767011.0000000000,3406453.0000000000,-0.0069800000,0.8276701100,AKShare stock_zh_a_spot / 新浪
603477,巨星农牧,14.3600000000,13.8700000000,263423267.0000000000,18585644.0000000000,0.0353300000,2.6342326700,AKShare stock_zh_a_spot / 新浪
603486,科沃斯,61.5000000000,60.7000000000,370688388.0000000000,6065505.0000000000,0.0131800000,3.7068838800,AKShare stock_zh_a_spot / 新浪
603488,展鹏科技,8.2100000000,8.0100000000,67828759.0000000000,8286615.0000000000,0.0249700000,0.6782875900,AKShare stock_zh_a_spot / 新浪
603489,八方股份,27.2900000000,26.6900000000,53888671.0000000000,1974040.0000000000,0.0224800000,0.5388867100,AKShare stock_zh_a_spot / 新浪
603496,恒为科技,24.1400000000,23.7000000000,222587084.0000000000,9266943.0000000000,0.0185700000,2.2258708400,AKShare stock_zh_a_spot / 新浪
603499,翔港科技,11.7200000000,11.5800000000,60271842.0000000000,5095013.0000000000,0.0120900000,0.6027184200,AKShare stock_zh_a_spot / 新浪
603500,祥和实业,9.3700000000,9.3500000000,44485136.0000000000,4705200.0000000000,0.0021400000,0.4448513600,AKShare stock_zh_a_spot / 新浪
603501,豪威集团,85.9900000000,86.9000000000,1199633647.0000000000,13859906.0000000000,-0.0104700000,11.9963364700,AKShare stock_zh_a_spot / 新浪
603505,金石资源,15.3900000000,15.4800000000,118907856.0000000000,7679047.0000000000,-0.0058100000,1.1890785600,AKShare stock_zh_a_spot / 新浪
603506,南都物业,10.9500000000,11.8800000000,251266948.0000000000,22988293.0000000000,-0.0782800000,2.5126694800,AKShare stock_zh_a_spot / 新浪
603507,振江股份,23.1500000000,23.0500000000,110021825.0000000000,4707920.0000000000,0.0043400000,1.1002182500,AKShare stock_zh_a_spot / 新浪
603508,思维列控,21.4200000000,21.5600000000,70933008.0000000000,3295511.0000000000,-0.0064900000,0.7093300800,AKShare stock_zh_a_spot / 新浪
603511,爱慕股份,12.8400000000,12.6800000000,13284249.0000000000,1038182.0000000000,0.0126200000,0.1328424900,AKShare stock_zh_a_spot / 新浪
603515,欧普照明,16.2900000000,16.3300000000,25524509.0000000000,1569083.0000000000,-0.0024500000,0.2552450900,AKShare stock_zh_a_spot / 新浪
603516,淳中科技,93.6700000000,94.4500000000,429868095.0000000000,4552329.0000000000,-0.0082600000,4.2986809500,AKShare stock_zh_a_spot / 新浪
603518,锦泓集团,8.1500000000,8.0200000000,29717726.0000000000,3663896.0000000000,0.0162100000,0.2971772600,AKShare stock_zh_a_spot / 新浪
603519,立霸股份,16.5300000000,15.0300000000,333642629.0000000000,20418183.0000000000,0.0998000000,3.3364262900,AKShare stock_zh_a_spot / 新浪
603520,司太立,9.1000000000,8.8200000000,102879489.0000000000,11281020.0000000000,0.0317500000,1.0287948900,AKShare stock_zh_a_spot / 新浪
603527,众源新材,9.7900000000,9.6400000000,41608144.0000000000,4244700.0000000000,0.0155600000,0.4160814400,AKShare stock_zh_a_spot / 新浪
603528,多伦科技,6.2000000000,6.1000000000,38005805.0000000000,6147300.0000000000,0.0163900000,0.3800580500,AKShare stock_zh_a_spot / 新浪
603529,爱玛科技,21.3500000000,20.9500000000,123399481.0000000000,5799708.0000000000,0.0190900000,1.2339948100,AKShare stock_zh_a_spot / 新浪
603530,神马电力,48.8800000000,50.6700000000,206259086.0000000000,4117161.0000000000,-0.0353300000,2.0625908600,AKShare stock_zh_a_spot / 新浪
603533,掌阅科技,21.3300000000,20.6800000000,357454531.0000000000,16733300.0000000000,0.0314300000,3.5745453100,AKShare stock_zh_a_spot / 新浪
603535,嘉诚国际,6.3700000000,6.2500000000,26923443.0000000000,4241733.0000000000,0.0192000000,0.2692344300,AKShare stock_zh_a_spot / 新浪
603536,惠发食品,9.7100000000,9.7100000000,34088636.0000000000,3521180.0000000000,0.0000000000,0.3408863600,AKShare stock_zh_a_spot / 新浪
603538,美诺华,31.6800000000,29.9300000000,2652886561.0000000000,85079179.0000000000,0.0584700000,26.5288656100,AKShare stock_zh_a_spot / 新浪
603551,奥普科技,9.5000000000,9.4500000000,42665185.0000000000,4546800.0000000000,0.0052900000,0.4266518500,AKShare stock_zh_a_spot / 新浪
603556,海兴电力,26.4300000000,27.9000000000,538377088.0000000000,19875031.0000000000,-0.0526900000,5.3837708800,AKShare stock_zh_a_spot / 新浪
603558,健盛集团,12.0700000000,11.9800000000,23633989.0000000000,1956000.0000000000,0.0075100000,0.2363398900,AKShare stock_zh_a_spot / 新浪
603559,中通国脉,8.8600000000,9.0700000000,137412490.0000000000,15434557.0000000000,-0.0231500000,1.3741249000,AKShare stock_zh_a_spot / 新浪
603565,中谷物流,12.0600000000,11.4800000000,540488765.0000000000,45310022.0000000000,0.0505200000,5.4048876500,AKShare stock_zh_a_spot / 新浪
603566,普莱柯,10.6000000000,10.4100000000,37963136.0000000000,3593461.0000000000,0.0182500000,0.3796313600,AKShare stock_zh_a_spot / 新浪
603567,珍宝岛,6.2100000000,5.8400000000,513662727.0000000000,82659640.0000000000,0.0633600000,5.1366272700,AKShare stock_zh_a_spot / 新浪
603568,伟明环保,14.9000000000,14.7600000000,160492408.0000000000,10747546.0000000000,0.0094900000,1.6049240800,AKShare stock_zh_a_spot / 新浪
603569,长久物流,5.9100000000,5.7800000000,21853008.0000000000,3710600.0000000000,0.0224900000,0.2185300800,AKShare stock_zh_a_spot / 新浪
603577,汇金通,10.0400000000,10.0100000000,25745582.0000000000,2561040.0000000000,0.0030000000,0.2574558200,AKShare stock_zh_a_spot / 新浪
603578,三星新材,13.7500000000,12.5000000000,75630301.0000000000,5680014.0000000000,0.1000000000,0.7563030100,AKShare stock_zh_a_spot / 新浪
603579,荣泰健康,17.9700000000,17.7900000000,49605568.0000000000,2785000.0000000000,0.0101200000,0.4960556800,AKShare stock_zh_a_spot / 新浪
603580,艾艾精工,74.7900000000,67.9900000000,957283141.0000000000,13222800.0000000000,0.1000100000,9.5728314100,AKShare stock_zh_a_spot / 新浪
603583,捷昌驱动,23.0600000000,23.0200000000,57113561.0000000000,2468657.0000000000,0.0017400000,0.5711356100,AKShare stock_zh_a_spot / 新浪
603585,苏利股份,10.1500000000,10.0300000000,31984805.0000000000,3163880.0000000000,0.0119600000,0.3198480500,AKShare stock_zh_a_spot / 新浪
603586,金麒麟,13.4600000000,13.4400000000,23658513.0000000000,1754800.0000000000,0.0014900000,0.2365851300,AKShare stock_zh_a_spot / 新浪
603587,地素时尚,11.8000000000,11.6400000000,17219037.0000000000,1461000.0000000000,0.0137500000,0.1721903700,AKShare stock_zh_a_spot / 新浪
603588,高能环境,13.6600000000,13.2800000000,806430363.0000000000,58750407.0000000000,0.0286100000,8.0643036300,AKShare stock_zh_a_spot / 新浪
603589,口子窖,19.2600000000,18.9600000000,84653365.0000000000,4405000.0000000000,0.0158200000,0.8465336500,AKShare stock_zh_a_spot / 新浪
603590,康辰药业,34.3300000000,31.2100000000,88614847.0000000000,2581271.0000000000,0.0999700000,0.8861484700,AKShare stock_zh_a_spot / 新浪
603596,伯特利,25.3000000000,24.8500000000,221384785.0000000000,8765624.0000000000,0.0181100000,2.2138478500,AKShare stock_zh_a_spot / 新浪
603598,引力传媒,17.1500000000,16.9700000000,170178388.0000000000,9905200.0000000000,0.0106100000,1.7017838800,AKShare stock_zh_a_spot / 新浪
603599,广信股份,10.1400000000,10.1800000000,89681499.0000000000,8807660.0000000000,-0.0039300000,0.8968149900,AKShare stock_zh_a_spot / 新浪
603600,永艺股份,9.7000000000,9.5800000000,35301768.0000000000,3644050.0000000000,0.0125300000,0.3530176800,AKShare stock_zh_a_spot / 新浪
603601,再升科技,8.8400000000,9.0000000000,534422914.0000000000,60067630.0000000000,-0.0177800000,5.3442291400,AKShare stock_zh_a_spot / 新浪
603602,纵横通信,11.6200000000,11.3100000000,36505065.0000000000,3164800.0000000000,0.0274100000,0.3650506500,AKShare stock_zh_a_spot / 新浪
603605,珀莱雅,57.3900000000,55.6400000000,351276759.0000000000,6128634.0000000000,0.0314500000,3.5127675900,AKShare stock_zh_a_spot / 新浪
603606,东方电缆,35.8600000000,37.4000000000,893441683.0000000000,24588958.0000000000,-0.0411800000,8.9344168300,AKShare stock_zh_a_spot / 新浪
603607,京华激光,21.5900000000,21.2400000000,60492954.0000000000,2814200.0000000000,0.0164800000,0.6049295400,AKShare stock_zh_a_spot / 新浪
603608,天创时尚,17.8700000000,18.3200000000,292422720.0000000000,16169183.0000000000,-0.0245600000,2.9242272000,AKShare stock_zh_a_spot / 新浪
603609,禾丰股份,6.3600000000,6.2500000000,18549322.0000000000,2940100.0000000000,0.0176000000,0.1854932200,AKShare stock_zh_a_spot / 新浪
603610,麒盛科技,15.3600000000,15.0000000000,76899414.0000000000,4972900.0000000000,0.0240000000,0.7689941400,AKShare stock_zh_a_spot / 新浪
603611,诺力股份,16.7600000000,16.5200000000,27544152.0000000000,1640100.0000000000,0.0145300000,0.2754415200,AKShare stock_zh_a_spot / 新浪
603612,索通发展,16.4400000000,16.5500000000,108784870.0000000000,6574686.0000000000,-0.0066500000,1.0878487000,AKShare stock_zh_a_spot / 新浪
603613,国联股份,18.5900000000,17.9500000000,194378598.0000000000,10576750.0000000000,0.0356500000,1.9437859800,AKShare stock_zh_a_spot / 新浪
603615,茶花股份,17.1400000000,16.8500000000,49663014.0000000000,2906226.0000000000,0.0172100000,0.4966301400,AKShare stock_zh_a_spot / 新浪
603616,韩建河山,5.3700000000,5.3000000000,46648939.0000000000,8652900.0000000000,0.0132100000,0.4664893900,AKShare stock_zh_a_spot / 新浪
603617,君禾股份,6.7100000000,6.6700000000,26050007.0000000000,3878600.0000000000,0.0060000000,0.2605000700,AKShare stock_zh_a_spot / 新浪
603618,杭电股份,27.7400000000,26.5500000000,1866838708.0000000000,67779032.0000000000,0.0448200000,18.6683870800,AKShare stock_zh_a_spot / 新浪
603619,中曼石油,22.4600000000,22.2000000000,881369027.0000000000,38888931.0000000000,0.0117100000,8.8136902700,AKShare stock_zh_a_spot / 新浪
603626,科森科技,16.9500000000,15.4100000000,814107502.0000000000,49399479.0000000000,0.0999400000,8.1410750200,AKShare stock_zh_a_spot / 新浪
603628,清源股份,9.5200000000,9.4100000000,22659241.0000000000,2381742.0000000000,0.0116900000,0.2265924100,AKShare stock_zh_a_spot / 新浪
603629,利通电子,130.5700000000,134.9500000000,5631804784.0000000000,43219465.0000000000,-0.0324600000,56.3180478400,AKShare stock_zh_a_spot / 新浪
603630,拉芳家化,14.9700000000,14.1800000000,144312342.0000000000,9695700.0000000000,0.0557100000,1.4431234200,AKShare stock_zh_a_spot / 新浪
603633,徕木股份,6.3600000000,6.2400000000,42140530.0000000000,6633005.0000000000,0.0192300000,0.4214053000,AKShare stock_zh_a_spot / 新浪
603636,南威软件,6.9200000000,6.8600000000,48981051.0000000000,7100921.0000000000,0.0087500000,0.4898105100,AKShare stock_zh_a_spot / 新浪
603637,镇海股份,14.0600000000,12.7800000000,153321761.0000000000,11159200.0000000000,0.1001600000,1.5332176100,AKShare stock_zh_a_spot / 新浪
603638,艾迪精密,18.9000000000,18.8000000000,104930318.0000000000,5544756.0000000000,0.0053200000,1.0493031800,AKShare stock_zh_a_spot / 新浪
603639,海利尔,10.7600000000,10.5500000000,27570806.0000000000,2578280.0000000000,0.0199100000,0.2757080600,AKShare stock_zh_a_spot / 新浪
603648,畅联股份,9.2800000000,8.9300000000,32526749.0000000000,3533400.0000000000,0.0391900000,0.3252674900,AKShare stock_zh_a_spot / 新浪
603650,彤程新材,65.3600000000,68.0000000000,1569350576.0000000000,23843279.0000000000,-0.0388200000,15.6935057600,AKShare stock_zh_a_spot / 新浪
603655,朗博科技,33.1000000000,32.6200000000,77827512.0000000000,2359100.0000000000,0.0147100000,0.7782751200,AKShare stock_zh_a_spot / 新浪
603656,泰禾智能,17.3700000000,17.3500000000,20627432.0000000000,1189800.0000000000,0.0011500000,0.2062743200,AKShare stock_zh_a_spot / 新浪
603657,春光科技,27.2600000000,26.2800000000,131323444.0000000000,4929700.0000000000,0.0372900000,1.3132344400,AKShare stock_zh_a_spot / 新浪
603658,安图生物,34.9000000000,34.0000000000,324598548.0000000000,9304795.0000000000,0.0264700000,3.2459854800,AKShare stock_zh_a_spot / 新浪
603659,璞泰来,23.7300000000,24.0500000000,771932417.0000000000,31950346.0000000000,-0.0133100000,7.7193241700,AKShare stock_zh_a_spot / 新浪
603660,苏州科达,11.2800000000,11.6400000000,302964661.0000000000,26453930.0000000000,-0.0309300000,3.0296466100,AKShare stock_zh_a_spot / 新浪
603661,恒林股份,32.4700000000,32.8600000000,58378362.0000000000,1770440.0000000000,-0.0118700000,0.5837836200,AKShare stock_zh_a_spot / 新浪
603662,柯力传感,49.0500000000,49.5100000000,292305028.0000000000,5957200.0000000000,-0.0092900000,2.9230502800,AKShare stock_zh_a_spot / 新浪
603663,三祥新材,40.7600000000,41.2800000000,1221603281.0000000000,29782860.0000000000,-0.0126000000,12.2160328100,AKShare stock_zh_a_spot / 新浪
603665,康隆达,20.9100000000,20.4000000000,42176076.0000000000,2038248.0000000000,0.0250000000,0.4217607600,AKShare stock_zh_a_spot / 新浪
603666,亿嘉和,26.0700000000,23.7000000000,160637436.0000000000,6429000.0000000000,0.1000000000,1.6063743600,AKShare stock_zh_a_spot / 新浪
603667,五洲新春,49.1800000000,51.0300000000,865041896.0000000000,17613372.0000000000,-0.0362500000,8.6504189600,AKShare stock_zh_a_spot / 新浪
603668,天马科技,10.1600000000,10.2000000000,56614988.0000000000,5570140.0000000000,-0.0039200000,0.5661498800,AKShare stock_zh_a_spot / 新浪
603669,灵康药业,6.0500000000,5.9000000000,194700418.0000000000,31580249.0000000000,0.0254200000,1.9470041800,AKShare stock_zh_a_spot / 新浪
603676,卫信康,9.6200000000,9.2800000000,54454949.0000000000,5654833.0000000000,0.0366400000,0.5445494900,AKShare stock_zh_a_spot / 新浪
603677,奇精机械,13.6700000000,13.5600000000,11075629.0000000000,808900.0000000000,0.0081100000,0.1107562900,AKShare stock_zh_a_spot / 新浪
603678,火炬电子,46.0000000000,47.7300000000,1101634451.0000000000,23476225.0000000000,-0.0362500000,11.0163445100,AKShare stock_zh_a_spot / 新浪
603679,华体科技,21.6000000000,21.5600000000,81348117.0000000000,3761094.0000000000,0.0018600000,0.8134811700,AKShare stock_zh_a_spot / 新浪
603680,今创集团,10.3000000000,10.2000000000,49481422.0000000000,4825770.0000000000,0.0098000000,0.4948142200,AKShare stock_zh_a_spot / 新浪
603681,永冠新材,18.1400000000,18.0000000000,64301958.0000000000,3554245.0000000000,0.0077800000,0.6430195800,AKShare stock_zh_a_spot / 新浪
603682,锦和商管,11.4600000000,11.7100000000,222359764.0000000000,19059700.0000000000,-0.0213500000,2.2235976400,AKShare stock_zh_a_spot / 新浪
603683,晶华新材,15.4300000000,15.6300000000,299395904.0000000000,19282651.0000000000,-0.0128000000,2.9939590400,AKShare stock_zh_a_spot / 新浪
603685,晨丰科技,24.9000000000,25.1000000000,43197369.0000000000,1733162.0000000000,-0.0079700000,0.4319736900,AKShare stock_zh_a_spot / 新浪
603686,福龙马,12.7000000000,12.6600000000,99421510.0000000000,7809424.0000000000,0.0031600000,0.9942151000,AKShare stock_zh_a_spot / 新浪
603687,大胜达,13.1400000000,13.1400000000,188876710.0000000000,14290300.0000000000,0.0000000000,1.8887671000,AKShare stock_zh_a_spot / 新浪
603688,石英股份,47.8300000000,47.4500000000,452753818.0000000000,9439596.0000000000,0.0080100000,4.5275381800,AKShare stock_zh_a_spot / 新浪
603689,皖天然气,7.5800000000,7.4800000000,34762479.0000000000,4609820.0000000000,0.0133700000,0.3476247900,AKShare stock_zh_a_spot / 新浪
603690,至纯科技,25.3600000000,25.9800000000,606141643.0000000000,23722181.0000000000,-0.0238600000,6.0614164300,AKShare stock_zh_a_spot / 新浪
603693,江苏新能,11.2900000000,11.2700000000,38785889.0000000000,3428997.0000000000,0.0017700000,0.3878588900,AKShare stock_zh_a_spot / 新浪
603696,安记食品,13.3200000000,13.1200000000,234057970.0000000000,17565400.0000000000,0.0152400000,2.3405797000,AKShare stock_zh_a_spot / 新浪
603697,有友食品,9.4600000000,9.4600000000,35900978.0000000000,3811380.0000000000,0.0000000000,0.3590097800,AKShare stock_zh_a_spot / 新浪
603698,航天工程,21.8500000000,21.9500000000,374677023.0000000000,17137404.0000000000,-0.0045600000,3.7467702300,AKShare stock_zh_a_spot / 新浪
603699,纽威股份,54.1700000000,53.3300000000,243969517.0000000000,4507215.0000000000,0.0157500000,2.4396951700,AKShare stock_zh_a_spot / 新浪
603700,宁水集团,11.6200000000,11.4700000000,54023351.0000000000,4634300.0000000000,0.0130800000,0.5402335100,AKShare stock_zh_a_spot / 新浪
603701,德宏股份,19.0800000000,18.8500000000,34816542.0000000000,1823486.0000000000,0.0122000000,0.3481654200,AKShare stock_zh_a_spot / 新浪
603703,盛洋科技,9.6600000000,9.3800000000,197364316.0000000000,20644918.0000000000,0.0298500000,1.9736431600,AKShare stock_zh_a_spot / 新浪
603706,东方环宇,19.6900000000,19.3700000000,26865882.0000000000,1360045.0000000000,0.0165200000,0.2686588200,AKShare stock_zh_a_spot / 新浪
603707,健友股份,8.5300000000,8.0800000000,293379521.0000000000,34608843.0000000000,0.0556900000,2.9337952100,AKShare stock_zh_a_spot / 新浪
603708,家家悦,9.2200000000,9.3400000000,133425018.0000000000,14486066.0000000000,-0.0128500000,1.3342501800,AKShare stock_zh_a_spot / 新浪
603709,中源家居,11.7000000000,11.3600000000,83906933.0000000000,7261137.0000000000,0.0299300000,0.8390693300,AKShare stock_zh_a_spot / 新浪
603711,香飘飘,11.5000000000,11.4000000000,58166440.0000000000,5118400.0000000000,0.0087700000,0.5816644000,AKShare stock_zh_a_spot / 新浪
603712,七一二,11.2000000000,11.1600000000,96311840.0000000000,8595413.0000000000,0.0035800000,0.9631184000,AKShare stock_zh_a_spot / 新浪
603713,密尔克卫,67.4000000000,64.6900000000,193152491.0000000000,2897595.0000000000,0.0418900000,1.9315249100,AKShare stock_zh_a_spot / 新浪
603716,塞力医疗,17.3000000000,15.7300000000,350012616.0000000000,20650365.0000000000,0.0998100000,3.5001261600,AKShare stock_zh_a_spot / 新浪
603717,天域生物,6.3500000000,6.2300000000,70279908.0000000000,11131130.0000000000,0.0192600000,0.7027990800,AKShare stock_zh_a_spot / 新浪
603719,良品铺子,9.7300000000,9.6200000000,34271860.0000000000,3545745.0000000000,0.0114300000,0.3427186000,AKShare stock_zh_a_spot / 新浪
603721,中广天择,17.2500000000,17.2500000000,57880927.0000000000,3355300.0000000000,0.0000000000,0.5788092700,AKShare stock_zh_a_spot / 新浪
603722,阿科力,29.4300000000,29.1600000000,24821634.0000000000,841100.0000000000,0.0092600000,0.2482163400,AKShare stock_zh_a_spot / 新浪
603725,天安新材,12.1500000000,11.9900000000,190662582.0000000000,15940512.0000000000,0.0133400000,1.9066258200,AKShare stock_zh_a_spot / 新浪
603726,朗迪集团,22.9500000000,22.9400000000,75082793.0000000000,3245900.0000000000,0.0004400000,0.7508279300,AKShare stock_zh_a_spot / 新浪
603727,博迈科,18.4200000000,18.3000000000,47514016.0000000000,2570100.0000000000,0.0065600000,0.4751401600,AKShare stock_zh_a_spot / 新浪
603728,鸣志电器,47.0000000000,49.0300000000,396769398.0000000000,8344688.0000000000,-0.0414000000,3.9676939800,AKShare stock_zh_a_spot / 新浪
603730,岱美股份,9.6900000000,9.7900000000,69047381.0000000000,7035992.0000000000,-0.0102100000,0.6904738100,AKShare stock_zh_a_spot / 新浪
603733,仙鹤股份,21.6800000000,21.7100000000,231869425.0000000000,10597817.0000000000,-0.0013800000,2.3186942500,AKShare stock_zh_a_spot / 新浪
603737,三棵树,25.1700000000,25.6600000000,489282054.0000000000,18931050.0000000000,-0.0191000000,4.8928205400,AKShare stock_zh_a_spot / 新浪
603738,泰晶科技,36.3300000000,35.9000000000,1518156001.0000000000,42875066.0000000000,0.0119800000,15.1815600100,AKShare stock_zh_a_spot / 新浪
603739,蔚蓝生物,12.6800000000,12.4300000000,165980612.0000000000,13216328.0000000000,0.0201100000,1.6598061200,AKShare stock_zh_a_spot / 新浪
603755,日辰股份,23.6300000000,22.8700000000,20319093.0000000000,861600.0000000000,0.0332300000,0.2031909300,AKShare stock_zh_a_spot / 新浪
603757,大元泵业,58.2800000000,57.5600000000,312214227.0000000000,5378523.0000000000,0.0125100000,3.1221422700,AKShare stock_zh_a_spot / 新浪
603758,秦安股份,10.6900000000,11.5600000000,328189172.0000000000,30662058.0000000000,-0.0752600000,3.2818917200,AKShare stock_zh_a_spot / 新浪
603759,海天股份,7.4200000000,7.3200000000,18443151.0000000000,2482720.0000000000,0.0136600000,0.1844315100,AKShare stock_zh_a_spot / 新浪
603766,隆鑫通用,13.9700000000,13.9700000000,238176081.0000000000,16936137.0000000000,0.0000000000,2.3817608100,AKShare stock_zh_a_spot / 新浪
603767,中马传动,14.3000000000,14.3300000000,101561442.0000000000,7184487.0000000000,-0.0020900000,1.0156144200,AKShare stock_zh_a_spot / 新浪
603768,常青股份,11.1900000000,10.9300000000,19387386.0000000000,1740600.0000000000,0.0237900000,0.1938738600,AKShare stock_zh_a_spot / 新浪
603773,沃格光电,103.2400000000,107.9100000000,2656383346.0000000000,25592916.0000000000,-0.0432800000,26.5638334600,AKShare stock_zh_a_spot / 新浪
603776,永安行,20.1600000000,19.9600000000,49464474.0000000000,2453800.0000000000,0.0100200000,0.4946447400,AKShare stock_zh_a_spot / 新浪
603777,来伊份,13.7300000000,13.6800000000,64237445.0000000000,4675240.0000000000,0.0036500000,0.6423744500,AKShare stock_zh_a_spot / 新浪
603778,国晟科技,9.3500000000,9.5000000000,267002839.0000000000,28438500.0000000000,-0.0157900000,2.6700283900,AKShare stock_zh_a_spot / 新浪
603779,威龙股份,7.7000000000,7.6500000000,78798952.0000000000,10154310.0000000000,0.0065400000,0.7879895200,AKShare stock_zh_a_spot / 新浪
603786,科博达,40.1800000000,40.0700000000,64483068.0000000000,1594577.0000000000,0.0027500000,0.6448306800,AKShare stock_zh_a_spot / 新浪
603787,新日股份,10.1700000000,9.9800000000,22217714.0000000000,2193900.0000000000,0.0190400000,0.2221771400,AKShare stock_zh_a_spot / 新浪
603788,宁波高发,13.8600000000,13.5700000000,13928385.0000000000,1008700.0000000000,0.0213700000,0.1392838500,AKShare stock_zh_a_spot / 新浪
603790,雅运股份,24.4700000000,24.0000000000,183295798.0000000000,7607320.0000000000,0.0195800000,1.8329579800,AKShare stock_zh_a_spot / 新浪
603797,联泰环保,4.8100000000,4.9000000000,69031928.0000000000,14384900.0000000000,-0.0183700000,0.6903192800,AKShare stock_zh_a_spot / 新浪
603798,康普顿,12.7000000000,12.8600000000,41573142.0000000000,3257900.0000000000,-0.0124400000,0.4157314200,AKShare stock_zh_a_spot / 新浪
603799,华友钴业,39.3500000000,39.5500000000,1797088482.0000000000,45153177.0000000000,-0.0050600000,17.9708848200,AKShare stock_zh_a_spot / 新浪
603800,洪田股份,67.8900000000,66.9300000000,333909809.0000000000,4904821.0000000000,0.0143400000,3.3390980900,AKShare stock_zh_a_spot / 新浪
603801,志邦家居,7.2300000000,6.5700000000,147231727.0000000000,20658116.0000000000,0.1004600000,1.4723172700,AKShare stock_zh_a_spot / 新浪
603803,瑞斯康达,10.2900000000,10.0800000000,167318168.0000000000,16377969.0000000000,0.0208300000,1.6731816800,AKShare stock_zh_a_spot / 新浪
603806,福斯特,15.5900000000,15.1600000000,636375650.0000000000,40397680.0000000000,0.0283600000,6.3637565000,AKShare stock_zh_a_spot / 新浪
603808,歌力思,8.5400000000,8.3500000000,20493017.0000000000,2411700.0000000000,0.0227500000,0.2049301700,AKShare stock_zh_a_spot / 新浪
603809,豪能股份,8.8600000000,8.8400000000,63600472.0000000000,7182014.0000000000,0.0022600000,0.6360047200,AKShare stock_zh_a_spot / 新浪
603810,丰山集团,12.2200000000,12.0100000000,19237979.0000000000,1574091.0000000000,0.0174900000,0.1923797900,AKShare stock_zh_a_spot / 新浪
603811,诚意药业,7.6300000000,7.5100000000,53571230.0000000000,6991240.0000000000,0.0159800000,0.5357123000,AKShare stock_zh_a_spot / 新浪
603813,原尚股份,29.3600000000,31.1000000000,37035230.0000000000,1239700.0000000000,-0.0559500000,0.3703523000,AKShare stock_zh_a_spot / 新浪
603815,交建股份,5.2100000000,5.1300000000,27601092.0000000000,5294500.0000000000,0.0155900000,0.2760109200,AKShare stock_zh_a_spot / 新浪
603816,顾家家居,24.7700000000,24.4000000000,156804590.0000000000,6376100.0000000000,0.0151600000,1.5680459000,AKShare stock_zh_a_spot / 新浪
603817,海峡环保,5.7000000000,5.6300000000,35187154.0000000000,6185000.0000000000,0.0124300000,0.3518715400,AKShare stock_zh_a_spot / 新浪
603818,曲美家居,3.7700000000,3.6000000000,126278571.0000000000,33977800.0000000000,0.0472200000,1.2627857100,AKShare stock_zh_a_spot / 新浪
603819,神力股份,13.6900000000,13.7300000000,86174582.0000000000,6232000.0000000000,-0.0029100000,0.8617458200,AKShare stock_zh_a_spot / 新浪
603823,百合花,86.3900000000,83.2700000000,2184560662.0000000000,25696438.0000000000,0.0374700000,21.8456066200,AKShare stock_zh_a_spot / 新浪
603826,坤彩科技,16.7300000000,16.8600000000,80233889.0000000000,4768764.0000000000,-0.0077100000,0.8023388900,AKShare stock_zh_a_spot / 新浪
603829,洛凯股份,15.0300000000,14.6600000000,48020244.0000000000,3204004.0000000000,0.0252400000,0.4802024400,AKShare stock_zh_a_spot / 新浪
603833,欧派家居,32.5700000000,32.5800000000,153698602.0000000000,4742801.0000000000,-0.0003100000,1.5369860200,AKShare stock_zh_a_spot / 新浪
603836,海程邦达,9.0200000000,8.8500000000,22979445.0000000000,2564993.0000000000,0.0192100000,0.2297944500,AKShare stock_zh_a_spot / 新浪
603839,安正时尚,7.1800000000,6.9500000000,21834573.0000000000,3074560.0000000000,0.0330900000,0.2183457300,AKShare stock_zh_a_spot / 新浪
603848,好太太,13.6600000000,14.6600000000,172750841.0000000000,12480447.0000000000,-0.0682100000,1.7275084100,AKShare stock_zh_a_spot / 新浪
603855,华荣股份,16.0200000000,15.9600000000,13759100.0000000000,858689.0000000000,0.0037600000,0.1375910000,AKShare stock_zh_a_spot / 新浪
603856,东宏股份,11.4600000000,11.3900000000,39248436.0000000000,3443100.0000000000,0.0061500000,0.3924843600,AKShare stock_zh_a_spot / 新浪
603858,步长制药,16.1900000000,15.5600000000,236662722.0000000000,14634097.0000000000,0.0404900000,2.3666272200,AKShare stock_zh_a_spot / 新浪
603859,能科科技,38.0800000000,38.3100000000,166970130.0000000000,4349944.0000000000,-0.0060000000,1.6697013000,AKShare stock_zh_a_spot / 新浪
603860,中公高科,26.3300000000,25.7600000000,21545073.0000000000,822700.0000000000,0.0221300000,0.2154507300,AKShare stock_zh_a_spot / 新浪
603861,白云电器,11.8600000000,11.9600000000,79035538.0000000000,6620085.0000000000,-0.0083600000,0.7903553800,AKShare stock_zh_a_spot / 新浪
603863,松炀资源,12.4900000000,12.3300000000,60024303.0000000000,4779900.0000000000,0.0129800000,0.6002430300,AKShare stock_zh_a_spot / 新浪
603866,桃李面包,4.2200000000,4.2200000000,44744045.0000000000,10631097.0000000000,0.0000000000,0.4474404500,AKShare stock_zh_a_spot / 新浪
603867,新化股份,28.8600000000,27.8300000000,228959837.0000000000,8004250.0000000000,0.0370100000,2.2895983700,AKShare stock_zh_a_spot / 新浪
603868,飞科电器,30.2500000000,29.9800000000,23147638.0000000000,761700.0000000000,0.0090100000,0.2314763800,AKShare stock_zh_a_spot / 新浪
603871,嘉友国际,12.5300000000,12.2900000000,136479847.0000000000,10929964.0000000000,0.0195300000,1.3647984700,AKShare stock_zh_a_spot / 新浪
603876,鼎胜新材,22.3400000000,23.6100000000,832680382.0000000000,36800555.0000000000,-0.0537900000,8.3268038200,AKShare stock_zh_a_spot / 新浪
603877,太平鸟,12.8800000000,12.6000000000,21695566.0000000000,1708899.0000000000,0.0222200000,0.2169556600,AKShare stock_zh_a_spot / 新浪
603878,武进不锈,4.9700000000,4.8900000000,43244354.0000000000,8701540.0000000000,0.0163600000,0.4324435400,AKShare stock_zh_a_spot / 新浪
603879,永悦科技,5.3500000000,5.2500000000,33380073.0000000000,6262100.0000000000,0.0190500000,0.3338007300,AKShare stock_zh_a_spot / 新浪
603880,南卫股份,8.2000000000,8.4500000000,173509258.0000000000,21104061.0000000000,-0.0295900000,1.7350925800,AKShare stock_zh_a_spot / 新浪
603881,数据港,30.2000000000,28.6500000000,3456563840.0000000000,117573903.0000000000,0.0541000000,34.5656384000,AKShare stock_zh_a_spot / 新浪
603882,金域医学,30.7600000000,27.9600000000,331003648.0000000000,10892946.0000000000,0.1001400000,3.3100364800,AKShare stock_zh_a_spot / 新浪
603883,老百姓,13.2700000000,13.0900000000,254761840.0000000000,19094461.0000000000,0.0137500000,2.5476184000,AKShare stock_zh_a_spot / 新浪
603885,吉祥航空,10.5300000000,10.4700000000,96538849.0000000000,9126356.0000000000,0.0057300000,0.9653884900,AKShare stock_zh_a_spot / 新浪
603886,元祖股份,12.3600000000,11.5100000000,230526879.0000000000,19257700.0000000000,0.0738500000,2.3052687900,AKShare stock_zh_a_spot / 新浪
603887,城地香江,9.1000000000,9.3000000000,410283881.0000000000,45280856.0000000000,-0.0215100000,4.1028388100,AKShare stock_zh_a_spot / 新浪
603888,新华网,16.0100000000,15.8700000000,76843990.0000000000,4794082.0000000000,0.0088200000,0.7684399000,AKShare stock_zh_a_spot / 新浪
603889,新澳股份,5.6900000000,5.6100000000,33249006.0000000000,5857753.0000000000,0.0142600000,0.3324900600,AKShare stock_zh_a_spot / 新浪
603890,春秋电子,17.7400000000,18.2900000000,520900223.0000000000,29038299.0000000000,-0.0300700000,5.2090022300,AKShare stock_zh_a_spot / 新浪
603893,瑞芯微,182.6500000000,182.1000000000,2220166077.0000000000,12179409.0000000000,0.0030200000,22.2016607700,AKShare stock_zh_a_spot / 新浪
603895,天永智能,24.8000000000,25.1500000000,48864441.0000000000,1949700.0000000000,-0.0139200000,0.4886444100,AKShare stock_zh_a_spot / 新浪
603896,寿仙谷,15.4100000000,15.0100000000,33818988.0000000000,2195100.0000000000,0.0266500000,0.3381898800,AKShare stock_zh_a_spot / 新浪
603897,长城科技,29.8700000000,28.8900000000,495220548.0000000000,16685517.0000000000,0.0339200000,4.9522054800,AKShare stock_zh_a_spot / 新浪
603898,好莱客,11.2500000000,11.6100000000,44302684.0000000000,3818500.0000000000,-0.0310100000,0.4430268400,AKShare stock_zh_a_spot / 新浪
603899,晨光股份,22.7600000000,22.4300000000,71573809.0000000000,3160400.0000000000,0.0147100000,0.7157380900,AKShare stock_zh_a_spot / 新浪
603900,莱绅通灵,6.1900000000,6.0000000000,55330294.0000000000,8924000.0000000000,0.0316700000,0.5533029400,AKShare stock_zh_a_spot / 新浪
603901,永创智能,9.3600000000,9.2100000000,52708546.0000000000,5642469.0000000000,0.0162900000,0.5270854600,AKShare stock_zh_a_spot / 新浪
603903,中持股份,14.5500000000,13.9600000000,190860643.0000000000,13041032.0000000000,0.0422600000,1.9086064300,AKShare stock_zh_a_spot / 新浪
603906,龙蟠科技,18.9000000000,19.3500000000,333499264.0000000000,17559853.0000000000,-0.0232600000,3.3349926400,AKShare stock_zh_a_spot / 新浪
603908,牧高笛,19.1100000000,18.6300000000,18395084.0000000000,967274.0000000000,0.0257600000,0.1839508400,AKShare stock_zh_a_spot / 新浪
603909,建发合诚,9.6800000000,9.3700000000,28357211.0000000000,2958900.0000000000,0.0330800000,0.2835721100,AKShare stock_zh_a_spot / 新浪
603912,佳力图,8.3600000000,7.9200000000,315263382.0000000000,37887080.0000000000,0.0555600000,3.1526338200,AKShare stock_zh_a_spot / 新浪
603915,国茂股份,13.1500000000,12.8700000000,55397824.0000000000,4220677.0000000000,0.0217600000,0.5539782400,AKShare stock_zh_a_spot / 新浪
603916,苏博特,11.7600000000,11.7900000000,141329455.0000000000,11946181.0000000000,-0.0025400000,1.4132945500,AKShare stock_zh_a_spot / 新浪
603917,合力科技,12.2500000000,12.1600000000,19922174.0000000000,1622600.0000000000,0.0074000000,0.1992217400,AKShare stock_zh_a_spot / 新浪
603918,金桥信息,10.0700000000,10.0400000000,90808816.0000000000,8984981.0000000000,0.0029900000,0.9080881600,AKShare stock_zh_a_spot / 新浪
603919,金徽酒,16.7100000000,15.9500000000,220130657.0000000000,13202225.0000000000,0.0476500000,2.2013065700,AKShare stock_zh_a_spot / 新浪
603920,世运电路,38.1300000000,37.7000000000,765283743.0000000000,20147799.0000000000,0.0114100000,7.6528374300,AKShare stock_zh_a_spot / 新浪
603926,铁流股份,15.3400000000,15.2500000000,76572918.0000000000,4997069.0000000000,0.0059000000,0.7657291800,AKShare stock_zh_a_spot / 新浪
603927,中科软,13.2600000000,13.0400000000,117865537.0000000000,8907518.0000000000,0.0168700000,1.1786553700,AKShare stock_zh_a_spot / 新浪
603928,兴业股份,12.5000000000,12.6500000000,168236850.0000000000,13448460.0000000000,-0.0118600000,1.6823685000,AKShare stock_zh_a_spot / 新浪
603929,亚翔集成,168.6700000000,167.4700000000,988740729.0000000000,5890255.0000000000,0.0071700000,9.8874072900,AKShare stock_zh_a_spot / 新浪
603931,格林达,35.4300000000,35.7500000000,163575987.0000000000,4582500.0000000000,-0.0089500000,1.6357598700,AKShare stock_zh_a_spot / 新浪
603933,睿能科技,19.2200000000,19.4800000000,78461285.0000000000,4039200.0000000000,-0.0133500000,0.7846128500,AKShare stock_zh_a_spot / 新浪
603936,博敏电子,17.5400000000,17.9100000000,1436174282.0000000000,81038711.0000000000,-0.0206600000,14.3617428200,AKShare stock_zh_a_spot / 新浪
603937,丽岛新材,11.6800000000,11.3300000000,72332888.0000000000,6235300.0000000000,0.0308900000,0.7233288800,AKShare stock_zh_a_spot / 新浪
603938,三孚股份,43.1300000000,43.4000000000,589528815.0000000000,13562908.0000000000,-0.0062200000,5.8952881500,AKShare stock_zh_a_spot / 新浪
603939,益丰药房,24.1300000000,23.9700000000,183292765.0000000000,7553687.0000000000,0.0066800000,1.8329276500,AKShare stock_zh_a_spot / 新浪
603948,建业股份,20.4900000000,20.1500000000,16620404.0000000000,813100.0000000000,0.0168700000,0.1662040400,AKShare stock_zh_a_spot / 新浪
603949,雪龙集团,13.9900000000,13.8600000000,21234931.0000000000,1515400.0000000000,0.0093800000,0.2123493100,AKShare stock_zh_a_spot / 新浪
603950,长源东谷,57.0400000000,57.8200000000,400072356.0000000000,6907639.0000000000,-0.0134900000,4.0007235600,AKShare stock_zh_a_spot / 新浪
603955,大千生态,18.9200000000,18.7100000000,38793735.0000000000,2050800.0000000000,0.0112200000,0.3879373500,AKShare stock_zh_a_spot / 新浪
603956,威派格,6.5800000000,6.6800000000,134769230.0000000000,20442300.0000000000,-0.0149700000,1.3476923000,AKShare stock_zh_a_spot / 新浪
603958,哈森股份,18.6800000000,16.9800000000,299677169.0000000000,16879235.0000000000,0.1001200000,2.9967716900,AKShare stock_zh_a_spot / 新浪
603960,克来机电,15.8600000000,15.4300000000,69764359.0000000000,4413146.0000000000,0.0278700000,0.6976435900,AKShare stock_zh_a_spot / 新浪
603966,法兰泰克,7.7700000000,7.6700000000,36732941.0000000000,4716160.0000000000,0.0130400000,0.3673294100,AKShare stock_zh_a_spot / 新浪
603967,中创物流,11.5400000000,11.3700000000,22805305.0000000000,1985060.0000000000,0.0149500000,0.2280530500,AKShare stock_zh_a_spot / 新浪
603968,醋化股份,10.4200000000,10.2200000000,20128572.0000000000,1937200.0000000000,0.0195700000,0.2012857200,AKShare stock_zh_a_spot / 新浪
603969,银龙股份,7.2300000000,7.1000000000,219253109.0000000000,29892592.0000000000,0.0183100000,2.1925310900,AKShare stock_zh_a_spot / 新浪
603970,中农立华,10.7300000000,10.9000000000,62015583.0000000000,5791576.0000000000,-0.0156000000,0.6201558300,AKShare stock_zh_a_spot / 新浪
603976,正川股份,27.0700000000,26.8500000000,70893938.0000000000,2617215.0000000000,0.0081900000,0.7089393800,AKShare stock_zh_a_spot / 新浪
603977,国泰集团,11.5600000000,11.4700000000,59676747.0000000000,5143000.0000000000,0.0078500000,0.5967674700,AKShare stock_zh_a_spot / 新浪
603978,深圳新星,18.5000000000,18.7200000000,125284599.0000000000,6681311.0000000000,-0.0117500000,1.2528459900,AKShare stock_zh_a_spot / 新浪
603979,金诚信,74.9000000000,72.8500000000,552195094.0000000000,7346901.0000000000,0.0281400000,5.5219509400,AKShare stock_zh_a_spot / 新浪
603980,吉华集团,6.7300000000,6.7900000000,102852013.0000000000,15166013.0000000000,-0.0088400000,1.0285201300,AKShare stock_zh_a_spot / 新浪
603982,泉峰汽车,6.0700000000,5.9500000000,21954010.0000000000,3632900.0000000000,0.0201700000,0.2195401000,AKShare stock_zh_a_spot / 新浪
603983,丸美生物,26.5600000000,26.8800000000,80441113.0000000000,2956600.0000000000,-0.0119000000,0.8044111300,AKShare stock_zh_a_spot / 新浪
603985,恒润股份,16.7800000000,16.8700000000,149817588.0000000000,8885323.0000000000,-0.0053300000,1.4981758800,AKShare stock_zh_a_spot / 新浪
603986,兆易创新,403.5000000000,403.7100000000,14629180703.0000000000,36176408.0000000000,-0.0005200000,146.2918070300,AKShare stock_zh_a_spot / 新浪
603987,康德莱,7.7000000000,7.4600000000,46191976.0000000000,6028920.0000000000,0.0321700000,0.4619197600,AKShare stock_zh_a_spot / 新浪
603988,中电电机,21.2000000000,19.2700000000,135831445.0000000000,6445800.0000000000,0.1001600000,1.3583144500,AKShare stock_zh_a_spot / 新浪
603989,艾华集团,28.2100000000,27.8800000000,731532726.0000000000,25791834.0000000000,0.0118400000,7.3153272600,AKShare stock_zh_a_spot / 新浪
603990,麦迪科技,22.2600000000,22.3800000000,277943680.0000000000,12385813.0000000000,-0.0053600000,2.7794368000,AKShare stock_zh_a_spot / 新浪
603991,领先股份,133.8000000000,131.6500000000,220243551.0000000000,1641000.0000000000,0.0163300000,2.2024355100,AKShare stock_zh_a_spot / 新浪
603992,松霖科技,20.6600000000,20.4900000000,62853917.0000000000,3022755.0000000000,0.0083000000,0.6285391700,AKShare stock_zh_a_spot / 新浪
603993,洛阳钼业,18.2700000000,18.0000000000,4107722547.0000000000,221462996.0000000000,0.0150000000,41.0772254700,AKShare stock_zh_a_spot / 新浪
603995,甬金股份,25.4900000000,26.2600000000,246958694.0000000000,9614659.0000000000,-0.0293200000,2.4695869400,AKShare stock_zh_a_spot / 新浪
603997,继峰股份,11.5100000000,11.7000000000,218116298.0000000000,18825300.0000000000,-0.0162400000,2.1811629800,AKShare stock_zh_a_spot / 新浪
603998,方盛制药,10.4300000000,10.1400000000,236487618.0000000000,22634400.0000000000,0.0286000000,2.3648761800,AKShare stock_zh_a_spot / 新浪
603999,读者传媒,5.6000000000,5.5400000000,25724705.0000000000,4609700.0000000000,0.0108300000,0.2572470500,AKShare stock_zh_a_spot / 新浪
605001,威奥股份,5.8200000000,5.7100000000,115150570.0000000000,19293610.0000000000,0.0192600000,1.1515057000,AKShare stock_zh_a_spot / 新浪
605003,众望布艺,22.1900000000,21.5000000000,46684380.0000000000,2101347.0000000000,0.0320900000,0.4668438000,AKShare stock_zh_a_spot / 新浪
605005,合兴股份,15.7600000000,15.3600000000,20757451.0000000000,1324100.0000000000,0.0260400000,0.2075745100,AKShare stock_zh_a_spot / 新浪
605006,山东玻纤,13.9500000000,14.2100000000,375720978.0000000000,26788601.0000000000,-0.0183000000,3.7572097800,AKShare stock_zh_a_spot / 新浪
605007,五洲特纸,15.0600000000,14.9600000000,50058355.0000000000,3303173.0000000000,0.0066800000,0.5005835500,AKShare stock_zh_a_spot / 新浪
605008,长鸿高科,12.8500000000,12.7500000000,75416318.0000000000,5831500.0000000000,0.0078400000,0.7541631800,AKShare stock_zh_a_spot / 新浪
605009,豪悦护理,23.9500000000,23.5800000000,24786969.0000000000,1036363.0000000000,0.0156900000,0.2478696900,AKShare stock_zh_a_spot / 新浪
605011,杭州热电,17.0400000000,16.9400000000,60701707.0000000000,3553500.0000000000,0.0059000000,0.6070170700,AKShare stock_zh_a_spot / 新浪
605016,百龙创园,19.7400000000,19.7300000000,76330615.0000000000,3854320.0000000000,0.0005100000,0.7633061500,AKShare stock_zh_a_spot / 新浪
605018,长华集团,12.2100000000,12.0700000000,38213225.0000000000,3118600.0000000000,0.0116000000,0.3821322500,AKShare stock_zh_a_spot / 新浪
605020,永和股份,32.5200000000,32.9300000000,348637122.0000000000,10598598.0000000000,-0.0124500000,3.4863712200,AKShare stock_zh_a_spot / 新浪
605028,世茂能源,24.2600000000,24.6500000000,27534726.0000000000,1124702.0000000000,-0.0158200000,0.2753472600,AKShare stock_zh_a_spot / 新浪
605033,美邦股份,20.1300000000,20.2400000000,177132535.0000000000,8950913.0000000000,-0.0054300000,1.7713253500,AKShare stock_zh_a_spot / 新浪
605050,福然德,10.2600000000,10.1100000000,15443476.0000000000,1505951.0000000000,0.0148400000,0.1544347600,AKShare stock_zh_a_spot / 新浪
605055,迎丰股份,9.5700000000,9.3400000000,24254420.0000000000,2560200.0000000000,0.0246300000,0.2425442000,AKShare stock_zh_a_spot / 新浪
605056,咸亨国际,14.1500000000,13.8400000000,71176891.0000000000,5017559.0000000000,0.0224000000,0.7117689100,AKShare stock_zh_a_spot / 新浪
605058,澳弘电子,26.6400000000,26.2400000000,43351594.0000000000,1619800.0000000000,0.0152400000,0.4335159400,AKShare stock_zh_a_spot / 新浪
605060,联德股份,42.4800000000,42.3800000000,166842230.0000000000,3900548.0000000000,0.0023600000,1.6684223000,AKShare stock_zh_a_spot / 新浪
605066,天正电气,7.4700000000,7.4900000000,117903396.0000000000,15659175.0000000000,-0.0026700000,1.1790339600,AKShare stock_zh_a_spot / 新浪
605068,明新旭腾,17.1600000000,17.2000000000,55598315.0000000000,3213600.0000000000,-0.0023300000,0.5559831500,AKShare stock_zh_a_spot / 新浪
605069,正和生态,10.4300000000,10.2900000000,35259747.0000000000,3384600.0000000000,0.0136100000,0.3525974700,AKShare stock_zh_a_spot / 新浪
605077,华康股份,11.0300000000,10.8800000000,33898837.0000000000,3086950.0000000000,0.0137900000,0.3389883700,AKShare stock_zh_a_spot / 新浪
605080,浙江自然,22.3400000000,20.3100000000,222597846.0000000000,10170200.0000000000,0.0999500000,2.2259784600,AKShare stock_zh_a_spot / 新浪
605086,龙高股份,24.2400000000,22.8400000000,68743734.0000000000,2863100.0000000000,0.0613000000,0.6874373400,AKShare stock_zh_a_spot / 新浪
605088,冠盛股份,20.9000000000,20.3700000000,65908689.0000000000,3159870.0000000000,0.0260200000,0.6590868900,AKShare stock_zh_a_spot / 新浪
605089,味知香,20.3400000000,20.3000000000,17907467.0000000000,879398.0000000000,0.0019700000,0.1790746700,AKShare stock_zh_a_spot / 新浪
605090,九丰能源,35.0600000000,35.3100000000,581689858.0000000000,16387953.0000000000,-0.0070800000,5.8168985800,AKShare stock_zh_a_spot / 新浪
605098,行动教育,55.5200000000,55.5200000000,42948375.0000000000,773200.0000000000,0.0000000000,0.4294837500,AKShare stock_zh_a_spot / 新浪
605099,共创草坪,33.3400000000,32.9200000000,37423663.0000000000,1124832.0000000000,0.0127600000,0.3742366300,AKShare stock_zh_a_spot / 新浪
605100,华丰股份,32.5100000000,33.0000000000,105494388.0000000000,3207800.0000000000,-0.0148500000,1.0549438800,AKShare stock_zh_a_spot / 新浪
605108,同庆楼,12.6100000000,12.3300000000,26296235.0000000000,2101185.0000000000,0.0227100000,0.2629623500,AKShare stock_zh_a_spot / 新浪
605111,新洁能,59.4500000000,60.2500000000,1285052154.0000000000,21657739.0000000000,-0.0132800000,12.8505215400,AKShare stock_zh_a_spot / 新浪
605116,奥锐特,22.0000000000,20.0000000000,175428024.0000000000,8156200.0000000000,0.1000000000,1.7542802400,AKShare stock_zh_a_spot / 新浪
605117,德业股份,93.7300000000,94.8700000000,923503586.0000000000,9783200.0000000000,-0.0120200000,9.2350358600,AKShare stock_zh_a_spot / 新浪
605118,力鼎光电,29.0000000000,29.0100000000,59392579.0000000000,2048418.0000000000,-0.0003400000,0.5939257900,AKShare stock_zh_a_spot / 新浪
605122,四方新材,11.7000000000,11.7000000000,55495423.0000000000,4697619.0000000000,0.0000000000,0.5549542300,AKShare stock_zh_a_spot / 新浪
605123,派克新材,75.0800000000,77.8200000000,209254508.0000000000,2755840.0000000000,-0.0352100000,2.0925450800,AKShare stock_zh_a_spot / 新浪
605128,上海沿浦,23.3300000000,22.9000000000,125010395.0000000000,5289104.0000000000,0.0187800000,1.2501039500,AKShare stock_zh_a_spot / 新浪
605133,嵘泰股份,27.7000000000,27.2000000000,166117874.0000000000,6102692.0000000000,0.0183800000,1.6611787400,AKShare stock_zh_a_spot / 新浪
605136,丽人丽妆,8.2600000000,7.8400000000,99592295.0000000000,12198200.0000000000,0.0535700000,0.9959229500,AKShare stock_zh_a_spot / 新浪
605138,盛泰集团,5.8900000000,5.8000000000,18068101.0000000000,3075100.0000000000,0.0155200000,0.1806810100,AKShare stock_zh_a_spot / 新浪
605151,西上海,19.2700000000,18.9700000000,25450252.0000000000,1312900.0000000000,0.0158100000,0.2545025200,AKShare stock_zh_a_spot / 新浪
605155,西大门,14.0400000000,13.9600000000,29313850.0000000000,2086840.0000000000,0.0057300000,0.2931385000,AKShare stock_zh_a_spot / 新浪
605158,华达新材,7.3000000000,7.2800000000,29609500.0000000000,4020000.0000000000,0.0027500000,0.2960950000,AKShare stock_zh_a_spot / 新浪
605162,新中港,9.0100000000,9.1400000000,191710531.0000000000,20820501.0000000000,-0.0142200000,1.9171053100,AKShare stock_zh_a_spot / 新浪
605166,聚合顺,8.3700000000,8.1000000000,46985009.0000000000,5646101.0000000000,0.0333300000,0.4698500900,AKShare stock_zh_a_spot / 新浪
605167,利柏特,15.4000000000,14.7300000000,270765620.0000000000,17797780.0000000000,0.0454900000,2.7076562000,AKShare stock_zh_a_spot / 新浪
605168,三人行,47.0100000000,45.5700000000,357996325.0000000000,7516712.0000000000,0.0316000000,3.5799632500,AKShare stock_zh_a_spot / 新浪
605169,洪通燃气,10.9700000000,10.7700000000,88352680.0000000000,7922639.0000000000,0.0185700000,0.8835268000,AKShare stock_zh_a_spot / 新浪
605177,东亚药业,20.7700000000,19.3500000000,238062693.0000000000,11514746.0000000000,0.0733900000,2.3806269300,AKShare stock_zh_a_spot / 新浪
605178,时空科技,65.6800000000,65.0000000000,201943409.0000000000,3069440.0000000000,0.0104600000,2.0194340900,AKShare stock_zh_a_spot / 新浪
605179,一鸣食品,35.0500000000,34.7500000000,1317679029.0000000000,39577299.0000000000,0.0086300000,13.1767902900,AKShare stock_zh_a_spot / 新浪
605180,华生科技,12.5300000000,12.0400000000,102418790.0000000000,8303505.0000000000,0.0407000000,1.0241879000,AKShare stock_zh_a_spot / 新浪
605183,确成股份,14.5400000000,14.3500000000,12936465.0000000000,890200.0000000000,0.0132400000,0.1293646500,AKShare stock_zh_a_spot / 新浪
605186,健麾信息,26.3600000000,26.3000000000,37352774.0000000000,1408400.0000000000,0.0022800000,0.3735277400,AKShare stock_zh_a_spot / 新浪
605188,国光连锁,12.4700000000,12.5500000000,46957396.0000000000,3772700.0000000000,-0.0063700000,0.4695739600,AKShare stock_zh_a_spot / 新浪
605189,富春染织,14.3100000000,14.3400000000,131606173.0000000000,9181981.0000000000,-0.0020900000,1.3160617300,AKShare stock_zh_a_spot / 新浪
605196,华通线缆,34.1000000000,34.5000000000,439153826.0000000000,12704630.0000000000,-0.0115900000,4.3915382600,AKShare stock_zh_a_spot / 新浪
605198,安德利,60.0300000000,62.2200000000,302818925.0000000000,4979507.0000000000,-0.0352000000,3.0281892500,AKShare stock_zh_a_spot / 新浪
605208,永茂泰,14.0400000000,13.9800000000,104673161.0000000000,7462535.0000000000,0.0042900000,1.0467316100,AKShare stock_zh_a_spot / 新浪
605218,伟时电子,14.7000000000,14.0700000000,61429282.0000000000,4195887.0000000000,0.0447800000,0.6142928200,AKShare stock_zh_a_spot / 新浪
605222,起帆电缆,19.6300000000,19.6400000000,124785657.0000000000,6336800.0000000000,-0.0005100000,1.2478565700,AKShare stock_zh_a_spot / 新浪
605228,神通科技,10.4800000000,10.4200000000,32410475.0000000000,3087660.0000000000,0.0057600000,0.3241047500,AKShare stock_zh_a_spot / 新浪
605255,天普股份,65.7800000000,68.0000000000,57133015.0000000000,856000.0000000000,-0.0326500000,0.5713301500,AKShare stock_zh_a_spot / 新浪
605258,协和电子,26.9700000000,26.3800000000,34832550.0000000000,1288500.0000000000,0.0223700000,0.3483255000,AKShare stock_zh_a_spot / 新浪
605259,绿田机械,17.8000000000,17.7000000000,11738296.0000000000,657504.0000000000,0.0056500000,0.1173829600,AKShare stock_zh_a_spot / 新浪
605266,健之佳,16.9000000000,16.5000000000,29098446.0000000000,1725032.0000000000,0.0242400000,0.2909844600,AKShare stock_zh_a_spot / 新浪
605268,王力安防,9.4500000000,9.4600000000,65739614.0000000000,6915396.0000000000,-0.0010600000,0.6573961400,AKShare stock_zh_a_spot / 新浪
605277,新亚电子,14.7700000000,14.3600000000,64658731.0000000000,4391425.0000000000,0.0285500000,0.6465873100,AKShare stock_zh_a_spot / 新浪
605286,同力天启,25.2800000000,24.8600000000,168355403.0000000000,6702700.0000000000,0.0168900000,1.6835540300,AKShare stock_zh_a_spot / 新浪
605287,德才股份,39.2700000000,38.3600000000,111703854.0000000000,2840080.0000000000,0.0237200000,1.1170385400,AKShare stock_zh_a_spot / 新浪
605288,凯迪股份,54.9200000000,55.6200000000,89142897.0000000000,1638818.0000000000,-0.0125900000,0.8914289700,AKShare stock_zh_a_spot / 新浪
605289,罗曼股份,107.2100000000,105.0700000000,462777442.0000000000,4282120.0000000000,0.0203700000,4.6277744200,AKShare stock_zh_a_spot / 新浪
605296,神农集团,30.4200000000,29.9600000000,70807981.0000000000,2347677.0000000000,0.0153500000,0.7080798100,AKShare stock_zh_a_spot / 新浪
605298,必得科技,46.3700000000,45.1000000000,30816904.0000000000,667000.0000000000,0.0281600000,0.3081690400,AKShare stock_zh_a_spot / 新浪
605299,舒华体育,12.5700000000,12.4300000000,126899635.0000000000,10074700.0000000000,0.0112600000,1.2689963500,AKShare stock_zh_a_spot / 新浪
605300,佳禾食品,9.7500000000,9.6700000000,30131265.0000000000,3095703.0000000000,0.0082700000,0.3013126500,AKShare stock_zh_a_spot / 新浪
605303,园林股份,20.7000000000,20.4700000000,36564663.0000000000,1770300.0000000000,0.0112400000,0.3656466300,AKShare stock_zh_a_spot / 新浪
605305,中际联合,37.0800000000,37.1600000000,116573560.0000000000,3144180.0000000000,-0.0021500000,1.1657356000,AKShare stock_zh_a_spot / 新浪
605318,法狮龙,75.0500000000,76.1100000000,104359998.0000000000,1387400.0000000000,-0.0139300000,1.0435999800,AKShare stock_zh_a_spot / 新浪
605319,无锡振华,24.0600000000,23.6500000000,95039359.0000000000,3972520.0000000000,0.0173400000,0.9503935900,AKShare stock_zh_a_spot / 新浪
605333,沪光股份,17.8100000000,18.3000000000,155102004.0000000000,8655300.0000000000,-0.0267800000,1.5510200400,AKShare stock_zh_a_spot / 新浪
605337,李子园,9.6400000000,9.5800000000,35616478.0000000000,3721607.0000000000,0.0062600000,0.3561647800,AKShare stock_zh_a_spot / 新浪
605338,巴比食品,20.0000000000,19.6400000000,54539416.0000000000,2735600.0000000000,0.0183300000,0.5453941600,AKShare stock_zh_a_spot / 新浪
605339,南侨食品,14.0400000000,14.0000000000,74572740.0000000000,5161201.0000000000,0.0028600000,0.7457274000,AKShare stock_zh_a_spot / 新浪
605358,立昂微,43.8500000000,45.0100000000,2144493515.0000000000,48230849.0000000000,-0.0257700000,21.4449351500,AKShare stock_zh_a_spot / 新浪
605365,立达信,13.7900000000,13.5200000000,45918645.0000000000,3336491.0000000000,0.0199700000,0.4591864500,AKShare stock_zh_a_spot / 新浪
605366,宏柏新材,8.0300000000,7.9600000000,126348297.0000000000,15679681.0000000000,0.0087900000,1.2634829700,AKShare stock_zh_a_spot / 新浪
605368,蓝天燃气,6.7300000000,6.6500000000,32778052.0000000000,4891615.0000000000,0.0120300000,0.3277805200,AKShare stock_zh_a_spot / 新浪
605369,拱东医疗,17.7100000000,17.3500000000,36557862.0000000000,2053790.0000000000,0.0207500000,0.3655786200,AKShare stock_zh_a_spot / 新浪
605376,博迁新材,148.0200000000,152.2400000000,2372633183.0000000000,15872716.0000000000,-0.0277200000,23.7263318300,AKShare stock_zh_a_spot / 新浪
605377,华旺科技,8.8800000000,8.8100000000,43285458.0000000000,4913608.0000000000,0.0079500000,0.4328545800,AKShare stock_zh_a_spot / 新浪
605378,野马电池,14.1100000000,13.8000000000,21570605.0000000000,1530537.0000000000,0.0224600000,0.2157060500,AKShare stock_zh_a_spot / 新浪
605388,均瑶健康,6.0500000000,5.9400000000,90660467.0000000000,15046500.0000000000,0.0185200000,0.9066046700,AKShare stock_zh_a_spot / 新浪
605389,长龄液压,69.7200000000,69.8800000000,48746616.0000000000,695029.0000000000,-0.0022900000,0.4874661600,AKShare stock_zh_a_spot / 新浪
605398,新炬网络,20.2400000000,19.9500000000,21887798.0000000000,1082400.0000000000,0.0145400000,0.2188779800,AKShare stock_zh_a_spot / 新浪
605399,晨光新材,10.6700000000,10.7500000000,26605281.0000000000,2479330.0000000000,-0.0074400000,0.2660528100,AKShare stock_zh_a_spot / 新浪
605488,福莱新材,29.2500000000,27.8800000000,247868141.0000000000,8565755.0000000000,0.0491400000,2.4786814100,AKShare stock_zh_a_spot / 新浪
605499,东鹏饮料,123.0700000000,122.7500000000,716105059.0000000000,5856556.0000000000,0.0026100000,7.1610505900,AKShare stock_zh_a_spot / 新浪
605500,森林包装,6.9500000000,6.8400000000,21934791.0000000000,3160100.0000000000,0.0160800000,0.2193479100,AKShare stock_zh_a_spot / 新浪
605507,国邦医药,16.0000000000,15.7100000000,107464738.0000000000,6677298.0000000000,0.0184600000,1.0746473800,AKShare stock_zh_a_spot / 新浪
605555,德昌股份,11.9400000000,11.7600000000,34281826.0000000000,2874752.0000000000,0.0153100000,0.3428182600,AKShare stock_zh_a_spot / 新浪
605566,福莱蒽特,25.5400000000,25.4500000000,60134562.0000000000,2345500.0000000000,0.0035400000,0.6013456200,AKShare stock_zh_a_spot / 新浪
605567,春雪食品,9.1500000000,9.0000000000,24036422.0000000000,2638400.0000000000,0.0166700000,0.2403642200,AKShare stock_zh_a_spot / 新浪
605577,龙版传媒,9.9500000000,10.1400000000,115735555.0000000000,11576098.0000000000,-0.0187400000,1.1573555500,AKShare stock_zh_a_spot / 新浪
605580,恒盛能源,17.7100000000,17.8700000000,51777228.0000000000,2892536.0000000000,-0.0089500000,0.5177722800,AKShare stock_zh_a_spot / 新浪
605588,冠石科技,47.4000000000,46.8000000000,63238446.0000000000,1330400.0000000000,0.0128200000,0.6323844600,AKShare stock_zh_a_spot / 新浪
605589,圣泉集团,38.1600000000,38.3600000000,1412202715.0000000000,36886294.0000000000,-0.0052100000,14.1220271500,AKShare stock_zh_a_spot / 新浪
605598,上海港湾,26.2300000000,26.0300000000,115479564.0000000000,4389036.0000000000,0.0076800000,1.1547956400,AKShare stock_zh_a_spot / 新浪
605599,菜百股份,15.7900000000,15.7100000000,169784614.0000000000,10501689.0000000000,0.0050900000,1.6978461400,AKShare stock_zh_a_spot / 新浪
688001,华兴源创,53.3200000000,52.0500000000,553261353.0000000000,10359366.0000000000,0.0244000000,5.5326135300,AKShare stock_zh_a_spot / 新浪
688002,睿创微纳,159.8800000000,162.1700000000,1754631875.0000000000,10829485.0000000000,-0.0141200000,17.5463187500,AKShare stock_zh_a_spot / 新浪
688003,天准科技,87.1600000000,81.5100000000,963180796.0000000000,11085272.0000000000,0.0693200000,9.6318079600,AKShare stock_zh_a_spot / 新浪
688004,博汇科技,21.7000000000,21.6600000000,45242133.0000000000,2077058.0000000000,0.0018500000,0.4524213300,AKShare stock_zh_a_spot / 新浪
688005,容百科技,26.1800000000,26.4000000000,230997362.0000000000,8791990.0000000000,-0.0083300000,2.3099736200,AKShare stock_zh_a_spot / 新浪
688006,杭可科技,22.8800000000,23.8000000000,330346363.0000000000,14209622.0000000000,-0.0386600000,3.3034636300,AKShare stock_zh_a_spot / 新浪
688007,光峰科技,10.6600000000,10.4000000000,42127719.0000000000,3962008.0000000000,0.0250000000,0.4212771900,AKShare stock_zh_a_spot / 新浪
688008,澜起科技,199.1100000000,200.0000000000,5371727482.0000000000,26805638.0000000000,-0.0044500000,53.7172748200,AKShare stock_zh_a_spot / 新浪
688009,中国通号,4.9500000000,4.9500000000,103376539.0000000000,20869846.0000000000,0.0000000000,1.0337653900,AKShare stock_zh_a_spot / 新浪
688010,福光股份,26.1800000000,25.6000000000,88107336.0000000000,3370143.0000000000,0.0226600000,0.8810733600,AKShare stock_zh_a_spot / 新浪
688011,新光光电,78.6700000000,80.8000000000,168970395.0000000000,2126726.0000000000,-0.0263600000,1.6897039500,AKShare stock_zh_a_spot / 新浪
688012,中微公司,365.5000000000,372.0000000000,7663836486.0000000000,20625513.0000000000,-0.0174700000,76.6383648600,AKShare stock_zh_a_spot / 新浪
688013,天臣医疗,26.4000000000,25.4800000000,39673626.0000000000,1495863.0000000000,0.0361100000,0.3967362600,AKShare stock_zh_a_spot / 新浪
688015,交控科技,15.7400000000,15.4100000000,17487817.0000000000,1110448.0000000000,0.0214100000,0.1748781700,AKShare stock_zh_a_spot / 新浪
688016,心脉医疗,93.5200000000,90.7800000000,247985993.0000000000,2646116.0000000000,0.0301800000,2.4798599300,AKShare stock_zh_a_spot / 新浪
688017,绿的谐波,310.0000000000,313.5300000000,2812401235.0000000000,9071214.0000000000,-0.0112600000,28.1240123500,AKShare stock_zh_a_spot / 新浪
688018,乐鑫科技,112.2000000000,110.8300000000,416228552.0000000000,3694431.0000000000,0.0123600000,4.1622855200,AKShare stock_zh_a_spot / 新浪
688019,安集科技,248.4100000000,248.6400000000,1631250770.0000000000,6488846.0000000000,-0.0009300000,16.3125077000,AKShare stock_zh_a_spot / 新浪
688020,方邦股份,127.7000000000,128.7300000000,686481015.0000000000,5278950.0000000000,-0.0080000000,6.8648101500,AKShare stock_zh_a_spot / 新浪
688021,奥福科技,21.1700000000,20.4200000000,30715340.0000000000,1473344.0000000000,0.0367300000,0.3071534000,AKShare stock_zh_a_spot / 新浪
688023,安恒信息,38.4200000000,37.9400000000,55407146.0000000000,1443766.0000000000,0.0126500000,0.5540714600,AKShare stock_zh_a_spot / 新浪
688025,杰普特,408.9000000000,387.4200000000,1820672349.0000000000,4494777.0000000000,0.0554400000,18.2067234900,AKShare stock_zh_a_spot / 新浪
688026,洁特生物,16.6700000000,16.2400000000,88642141.0000000000,5267323.0000000000,0.0264800000,0.8864214100,AKShare stock_zh_a_spot / 新浪
688027,国盾量子,386.2000000000,390.1700000000,444885449.0000000000,1144096.0000000000,-0.0101800000,4.4488544900,AKShare stock_zh_a_spot / 新浪
688028,沃尔德,89.0000000000,87.8200000000,484540455.0000000000,5463540.0000000000,0.0134400000,4.8454045500,AKShare stock_zh_a_spot / 新浪
688029,南微医学,75.6200000000,72.5500000000,287476205.0000000000,3799876.0000000000,0.0423200000,2.8747620500,AKShare stock_zh_a_spot / 新浪
688030,山石网科,16.5000000000,16.4900000000,34838541.0000000000,2097638.0000000000,0.0006100000,0.3483854100,AKShare stock_zh_a_spot / 新浪
688031,星环科技,106.3500000000,107.0000000000,388228638.0000000000,3617968.0000000000,-0.0060700000,3.8822863800,AKShare stock_zh_a_spot / 新浪
688032,禾迈股份,75.7000000000,74.8600000000,56367709.0000000000,744207.0000000000,0.0112200000,0.5636770900,AKShare stock_zh_a_spot / 新浪
688035,德邦科技,65.7400000000,65.2600000000,388121710.0000000000,5845428.0000000000,0.0073600000,3.8812171000,AKShare stock_zh_a_spot / 新浪
688036,传音控股,58.8900000000,57.2500000000,1281514952.0000000000,22105639.0000000000,0.0286500000,12.8151495200,AKShare stock_zh_a_spot / 新浪
688037,芯源微,367.5900000000,344.6900000000,2957540627.0000000000,8140740.0000000000,0.0664400000,29.5754062700,AKShare stock_zh_a_spot / 新浪
688038,中科通达,18.1200000000,18.2400000000,41326053.0000000000,2253672.0000000000,-0.0065800000,0.4132605300,AKShare stock_zh_a_spot / 新浪
688039,当虹科技,33.4500000000,32.9200000000,52223093.0000000000,1551714.0000000000,0.0161000000,0.5222309300,AKShare stock_zh_a_spot / 新浪
688041,海光信息,246.3300000000,259.7400000000,7760190877.0000000000,30884204.0000000000,-0.0516300000,77.6019087700,AKShare stock_zh_a_spot / 新浪
688045,必易微,61.2600000000,60.9600000000,185299772.0000000000,3012582.0000000000,0.0049200000,1.8529977200,AKShare stock_zh_a_spot / 新浪
688046,药康生物,36.7000000000,36.0000000000,1129857924.0000000000,30625123.0000000000,0.0194400000,11.2985792400,AKShare stock_zh_a_spot / 新浪
688047,龙芯中科,107.0000000000,106.7500000000,383203830.0000000000,3535747.0000000000,0.0023400000,3.8320383000,AKShare stock_zh_a_spot / 新浪
688048,长光华芯,301.8900000000,293.1200000000,2844603412.0000000000,9467998.0000000000,0.0299200000,28.4460341200,AKShare stock_zh_a_spot / 新浪
688049,炬芯科技,39.6700000000,39.7800000000,144767653.0000000000,3611203.0000000000,-0.0027700000,1.4476765300,AKShare stock_zh_a_spot / 新浪
688050,爱博医疗,42.2000000000,40.4600000000,244452778.0000000000,5788761.0000000000,0.0430100000,2.4445277800,AKShare stock_zh_a_spot / 新浪
688051,佳华科技,25.0000000000,24.1600000000,43570968.0000000000,1762976.0000000000,0.0347700000,0.4357096800,AKShare stock_zh_a_spot / 新浪
688052,纳芯微,245.3000000000,222.3000000000,1235926158.0000000000,5065714.0000000000,0.1034600000,12.3592615800,AKShare stock_zh_a_spot / 新浪
688055,龙腾光电,3.8000000000,3.7100000000,40182736.0000000000,10590322.0000000000,0.0242600000,0.4018273600,AKShare stock_zh_a_spot / 新浪
688056,莱伯泰科,42.4200000000,41.8100000000,65754601.0000000000,1526248.0000000000,0.0145900000,0.6575460100,AKShare stock_zh_a_spot / 新浪
688057,金达莱,19.1600000000,17.4500000000,196132423.0000000000,10248927.0000000000,0.0979900000,1.9613242300,AKShare stock_zh_a_spot / 新浪
688058,宝兰德,22.8800000000,22.4400000000,19044426.0000000000,832100.0000000000,0.0196100000,0.1904442600,AKShare stock_zh_a_spot / 新浪
688059,华锐精密,90.8000000000,90.2000000000,328007601.0000000000,3600163.0000000000,0.0066500000,3.2800760100,AKShare stock_zh_a_spot / 新浪
688060,云涌科技,34.6500000000,33.8200000000,11321027.0000000000,327862.0000000000,0.0245400000,0.1132102700,AKShare stock_zh_a_spot / 新浪
688061,灿瑞科技,37.4800000000,36.5800000000,74645507.0000000000,1974845.0000000000,0.0246000000,0.7464550700,AKShare stock_zh_a_spot / 新浪
688062,迈威生物,34.1000000000,31.3800000000,532652868.0000000000,15819307.0000000000,0.0866800000,5.3265286800,AKShare stock_zh_a_spot / 新浪
688063,派能科技,43.9800000000,43.6000000000,169515020.0000000000,3855300.0000000000,0.0087200000,1.6951502000,AKShare stock_zh_a_spot / 新浪
688065,凯赛生物,46.2900000000,46.2500000000,289282150.0000000000,6135069.0000000000,0.0008600000,2.8928215000,AKShare stock_zh_a_spot / 新浪
688067,爱威科技,23.1400000000,22.1300000000,27489280.0000000000,1198271.0000000000,0.0456400000,0.2748928000,AKShare stock_zh_a_spot / 新浪
688068,热景生物,111.1800000000,104.1400000000,710296287.0000000000,6220530.0000000000,0.0676000000,7.1029628700,AKShare stock_zh_a_spot / 新浪
688069,德林海,31.3200000000,31.7700000000,66833340.0000000000,2136828.0000000000,-0.0141600000,0.6683334000,AKShare stock_zh_a_spot / 新浪
688070,纵横股份,33.9500000000,34.0000000000,32046877.0000000000,937651.0000000000,-0.0014700000,0.3204687700,AKShare stock_zh_a_spot / 新浪
688071,华依科技,32.7400000000,33.2900000000,53722884.0000000000,1624151.0000000000,-0.0165200000,0.5372288400,AKShare stock_zh_a_spot / 新浪
688072,拓荆科技,671.2600000000,690.0000000000,4336387878.0000000000,6358630.0000000000,-0.0271600000,43.3638787800,AKShare stock_zh_a_spot / 新浪
688073,毕得医药,74.9100000000,70.4800000000,568674781.0000000000,7589027.0000000000,0.0628500000,5.6867478100,AKShare stock_zh_a_spot / 新浪
688075,安旭生物,30.2900000000,29.0800000000,37147304.0000000000,1226874.0000000000,0.0416100000,0.3714730400,AKShare stock_zh_a_spot / 新浪
688077,大地熊,29.1400000000,29.7500000000,120583013.0000000000,4080694.0000000000,-0.0205000000,1.2058301300,AKShare stock_zh_a_spot / 新浪
688078,龙软科技,23.6900000000,22.7000000000,27488002.0000000000,1170202.0000000000,0.0436100000,0.2748800200,AKShare stock_zh_a_spot / 新浪
688079,美迪凯,15.6700000000,15.7000000000,235614643.0000000000,15038535.0000000000,-0.0019100000,2.3561464300,AKShare stock_zh_a_spot / 新浪
688080,映翰通,36.8000000000,35.6800000000,34101019.0000000000,930858.0000000000,0.0313900000,0.3410101900,AKShare stock_zh_a_spot / 新浪
688081,兴图新科,28.4200000000,28.1000000000,37103855.0000000000,1305214.0000000000,0.0113900000,0.3710385500,AKShare stock_zh_a_spot / 新浪
688082,盛美上海,295.0000000000,295.9600000000,2080993335.0000000000,7053578.0000000000,-0.0032400000,20.8099333500,AKShare stock_zh_a_spot / 新浪
688083,中望软件,53.6300000000,53.6600000000,155694608.0000000000,2877172.0000000000,-0.0005600000,1.5569460800,AKShare stock_zh_a_spot / 新浪
688084,晶品特装,44.1200000000,43.4700000000,50710102.0000000000,1153323.0000000000,0.0149500000,0.5071010200,AKShare stock_zh_a_spot / 新浪
688085,三友医疗,13.5700000000,13.0600000000,66746311.0000000000,4919462.0000000000,0.0390500000,0.6674631100,AKShare stock_zh_a_spot / 新浪
688087,英科再生,39.8900000000,40.6600000000,65902442.0000000000,1634420.0000000000,-0.0189400000,0.6590244200,AKShare stock_zh_a_spot / 新浪
688088,虹软科技,31.7500000000,31.7400000000,126704348.0000000000,3964118.0000000000,0.0003200000,1.2670434800,AKShare stock_zh_a_spot / 新浪
688090,瑞松科技,72.8000000000,68.8000000000,614532276.0000000000,8636364.0000000000,0.0581400000,6.1453227600,AKShare stock_zh_a_spot / 新浪
688091,上海谊众,42.4800000000,39.6500000000,365272616.0000000000,8536602.0000000000,0.0713700000,3.6527261600,AKShare stock_zh_a_spot / 新浪
688092,爱科科技,22.7300000000,22.0800000000,15783448.0000000000,697235.0000000000,0.0294400000,0.1578344800,AKShare stock_zh_a_spot / 新浪
688093,世华科技,25.3300000000,25.4400000000,46115875.0000000000,1808878.0000000000,-0.0043200000,0.4611587500,AKShare stock_zh_a_spot / 新浪
688095,福昕软件,59.8900000000,60.2300000000,145218999.0000000000,2412969.0000000000,-0.0056500000,1.4521899900,AKShare stock_zh_a_spot / 新浪
688096,京源环保,9.0700000000,8.3000000000,68958695.0000000000,8009332.0000000000,0.0927700000,0.6895869500,AKShare stock_zh_a_spot / 新浪
688097,博众精工,46.9500000000,46.1600000000,321135000.0000000000,6822592.0000000000,0.0171100000,3.2113500000,AKShare stock_zh_a_spot / 新浪
688098,申联生物,8.7200000000,8.0700000000,98850218.0000000000,11335923.0000000000,0.0805500000,0.9885021800,AKShare stock_zh_a_spot / 新浪
688099,晶晨股份,93.2500000000,93.3800000000,992406010.0000000000,10428990.0000000000,-0.0013900000,9.9240601000,AKShare stock_zh_a_spot / 新浪
688100,威胜信息,25.9100000000,26.1000000000,122248472.0000000000,4692105.0000000000,-0.0072800000,1.2224847200,AKShare stock_zh_a_spot / 新浪
688101,三达膜,15.5700000000,15.0300000000,73132771.0000000000,4720766.0000000000,0.0359300000,0.7313277100,AKShare stock_zh_a_spot / 新浪
688102,斯瑞新材,33.1000000000,36.5600000000,1230653866.0000000000,36100900.0000000000,-0.0946400000,12.3065386600,AKShare stock_zh_a_spot / 新浪
688103,国力电子,74.0400000000,71.0100000000,245780108.0000000000,3280202.0000000000,0.0426700000,2.4578010800,AKShare stock_zh_a_spot / 新浪
688105,诺唯赞,25.5200000000,21.2700000000,323206291.0000000000,12754272.0000000000,0.1998100000,3.2320629100,AKShare stock_zh_a_spot / 新浪
688106,金宏气体,27.3600000000,27.9600000000,507285719.0000000000,18438317.0000000000,-0.0214600000,5.0728571900,AKShare stock_zh_a_spot / 新浪
688107,安路科技,31.4100000000,30.9800000000,186361168.0000000000,5894065.0000000000,0.0138800000,1.8636116800,AKShare stock_zh_a_spot / 新浪
688108,赛诺医疗,18.5800000000,17.7100000000,342846504.0000000000,18305774.0000000000,0.0491200000,3.4284650400,AKShare stock_zh_a_spot / 新浪
688109,品茗科技,73.6000000000,73.1000000000,57474175.0000000000,775420.0000000000,0.0068400000,0.5747417500,AKShare stock_zh_a_spot / 新浪
688110,东芯股份,114.3200000000,114.5100000000,1672727543.0000000000,14488194.0000000000,-0.0016600000,16.7272754300,AKShare stock_zh_a_spot / 新浪
688111,金山办公,241.6400000000,247.1300000000,2063263716.0000000000,8377679.0000000000,-0.0222200000,20.6326371600,AKShare stock_zh_a_spot / 新浪
688112,鼎阳科技,70.5000000000,67.8400000000,545043356.0000000000,7746526.0000000000,0.0392100000,5.4504335600,AKShare stock_zh_a_spot / 新浪
688113,联测科技,35.9200000000,34.7900000000,25253526.0000000000,705868.0000000000,0.0324800000,0.2525352600,AKShare stock_zh_a_spot / 新浪
688114,华大智造,69.1100000000,57.5900000000,467601061.0000000000,6909663.0000000000,0.2000300000,4.6760106100,AKShare stock_zh_a_spot / 新浪
688115,思林杰,69.6800000000,68.0800000000,167226039.0000000000,2398408.0000000000,0.0235000000,1.6722603900,AKShare stock_zh_a_spot / 新浪
688116,天奈科技,31.5400000000,31.4500000000,118306932.0000000000,3724669.0000000000,0.0028600000,1.1830693200,AKShare stock_zh_a_spot / 新浪
688117,圣诺生物,26.6000000000,26.9000000000,521565722.0000000000,19104443.0000000000,-0.0111500000,5.2156572200,AKShare stock_zh_a_spot / 新浪
688118,普元信息,20.1900000000,20.2400000000,51822602.0000000000,2567938.0000000000,-0.0024700000,0.5182260200,AKShare stock_zh_a_spot / 新浪
688119,中钢洛耐,3.8900000000,3.7900000000,36853186.0000000000,9501594.0000000000,0.0263900000,0.3685318600,AKShare stock_zh_a_spot / 新浪
688120,华海清科,280.5000000000,271.5400000000,2636388520.0000000000,9464907.0000000000,0.0330000000,26.3638852000,AKShare stock_zh_a_spot / 新浪
688122,西部超导,48.7700000000,48.8300000000,293278265.0000000000,5982479.0000000000,-0.0012300000,2.9327826500,AKShare stock_zh_a_spot / 新浪
688123,聚辰股份,140.9300000000,141.4000000000,1513248768.0000000000,10801010.0000000000,-0.0033200000,15.1324876800,AKShare stock_zh_a_spot / 新浪
688125,安达智能,122.6200000000,117.7900000000,158973950.0000000000,1303110.0000000000,0.0410100000,1.5897395000,AKShare stock_zh_a_spot / 新浪
688126,沪硅产业,24.4500000000,26.7000000000,3089130155.0000000000,124065356.0000000000,-0.0842700000,30.8913015500,AKShare stock_zh_a_spot / 新浪
688127,蓝特光学,69.8000000000,65.6300000000,645004009.0000000000,9469923.0000000000,0.0635400000,6.4500400900,AKShare stock_zh_a_spot / 新浪
688128,中国电研,21.8600000000,21.6300000000,30613842.0000000000,1395307.0000000000,0.0106300000,0.3061384200,AKShare stock_zh_a_spot / 新浪
688129,东来技术,21.2300000000,20.8000000000,18726973.0000000000,886553.0000000000,0.0206700000,0.1872697300,AKShare stock_zh_a_spot / 新浪
688130,晶华微,24.2700000000,24.0600000000,44768969.0000000000,1840681.0000000000,0.0087300000,0.4476896900,AKShare stock_zh_a_spot / 新浪
688131,皓元医药,100.0900000000,97.0000000000,873894919.0000000000,8625268.0000000000,0.0318600000,8.7389491900,AKShare stock_zh_a_spot / 新浪
688132,邦彦技术,13.3800000000,13.0000000000,12449175.0000000000,934586.0000000000,0.0292300000,0.1244917500,AKShare stock_zh_a_spot / 新浪
688133,泰坦科技,24.1100000000,22.7800000000,135997450.0000000000,5655534.0000000000,0.0583800000,1.3599745000,AKShare stock_zh_a_spot / 新浪
688135,利扬芯片,25.7000000000,25.1400000000,268164895.0000000000,10485820.0000000000,0.0222800000,2.6816489500,AKShare stock_zh_a_spot / 新浪
688136,科兴制药,21.5800000000,19.7100000000,250989067.0000000000,11551332.0000000000,0.0948800000,2.5098906700,AKShare stock_zh_a_spot / 新浪
688137,近岸蛋白,67.4900000000,56.2400000000,155992742.0000000000,2311346.0000000000,0.2000400000,1.5599274200,AKShare stock_zh_a_spot / 新浪
688138,清溢光电,34.4000000000,35.2800000000,262663625.0000000000,7568756.0000000000,-0.0249400000,2.6266362500,AKShare stock_zh_a_spot / 新浪
688139,海尔生物,30.0400000000,28.3300000000,323218966.0000000000,10657472.0000000000,0.0603600000,3.2321896600,AKShare stock_zh_a_spot / 新浪
688141,杰华特,121.8100000000,120.0000000000,1843510068.0000000000,15015751.0000000000,0.0150800000,18.4351006800,AKShare stock_zh_a_spot / 新浪
688143,长盈通,149.5000000000,126.2600000000,4030186627.0000000000,28010387.0000000000,0.1840600000,40.3018662700,AKShare stock_zh_a_spot / 新浪
688146,中船特气,260.8800000000,275.3300000000,5098594242.0000000000,19240703.0000000000,-0.0524800000,50.9859424200,AKShare stock_zh_a_spot / 新浪
688147,微导纳米,117.0000000000,117.3200000000,848829939.0000000000,7130814.0000000000,-0.0027300000,8.4882993900,AKShare stock_zh_a_spot / 新浪
688148,芳源股份,6.2500000000,6.3100000000,82470203.0000000000,13116418.0000000000,-0.0095100000,0.8247020300,AKShare stock_zh_a_spot / 新浪
688150,莱特光电,38.3500000000,38.3000000000,261025752.0000000000,6761607.0000000000,0.0013100000,2.6102575200,AKShare stock_zh_a_spot / 新浪
688151,华强科技,16.3900000000,15.8900000000,45145431.0000000000,2770623.0000000000,0.0314700000,0.4514543100,AKShare stock_zh_a_spot / 新浪
688152,麒麟信安,35.5400000000,37.9300000000,328087674.0000000000,9171400.0000000000,-0.0630100000,3.2808767400,AKShare stock_zh_a_spot / 新浪
688153,唯捷创芯,25.8200000000,25.5200000000,99442170.0000000000,3830119.0000000000,0.0117600000,0.9944217000,AKShare stock_zh_a_spot / 新浪
688155,先惠技术,58.9800000000,57.7300000000,98298126.0000000000,1667846.0000000000,0.0216500000,0.9829812600,AKShare stock_zh_a_spot / 新浪
688156,路德科技,19.4900000000,19.1100000000,44991581.0000000000,2315125.0000000000,0.0198800000,0.4499158100,AKShare stock_zh_a_spot / 新浪
688157,松井股份,19.3100000000,18.5000000000,45493763.0000000000,2377150.0000000000,0.0437800000,0.4549376300,AKShare stock_zh_a_spot / 新浪
688158,优刻得,32.3600000000,32.5000000000,524319986.0000000000,16128072.0000000000,-0.0043100000,5.2431998600,AKShare stock_zh_a_spot / 新浪
688159,有方科技,32.0800000000,31.6100000000,97838739.0000000000,3051665.0000000000,0.0148700000,0.9783873900,AKShare stock_zh_a_spot / 新浪
688160,步科股份,99.9600000000,100.5600000000,145206691.0000000000,1461489.0000000000,-0.0059700000,1.4520669100,AKShare stock_zh_a_spot / 新浪
688161,威高骨科,22.7100000000,21.7500000000,47948148.0000000000,2109761.0000000000,0.0441400000,0.4794814800,AKShare stock_zh_a_spot / 新浪
688162,巨一科技,23.0700000000,22.2600000000,23375655.0000000000,1021423.0000000000,0.0363900000,0.2337565500,AKShare stock_zh_a_spot / 新浪
688163,赛伦生物,34.9800000000,33.0600000000,74224485.0000000000,2104595.0000000000,0.0580800000,0.7422448500,AKShare stock_zh_a_spot / 新浪
688165,埃夫特,16.4000000000,16.4500000000,96904769.0000000000,5863925.0000000000,-0.0030400000,0.9690476900,AKShare stock_zh_a_spot / 新浪
688166,博瑞医药,38.8500000000,37.4900000000,858355304.0000000000,21922292.0000000000,0.0362800000,8.5835530400,AKShare stock_zh_a_spot / 新浪
688167,炬光科技,283.0000000000,266.9000000000,3471032961.0000000000,12508372.0000000000,0.0603200000,34.7103296100,AKShare stock_zh_a_spot / 新浪
688168,安博通,35.7600000000,35.8100000000,108840383.0000000000,3036747.0000000000,-0.0014000000,1.0884038300,AKShare stock_zh_a_spot / 新浪
688169,石头科技,119.6000000000,118.0000000000,559875559.0000000000,4673832.0000000000,0.0135600000,5.5987555900,AKShare stock_zh_a_spot / 新浪
688170,德龙激光,53.0100000000,51.7800000000,216279628.0000000000,4071310.0000000000,0.0237500000,2.1627962800,AKShare stock_zh_a_spot / 新浪
688171,纬德信息,27.5700000000,26.8800000000,33783922.0000000000,1227847.0000000000,0.0256700000,0.3378392200,AKShare stock_zh_a_spot / 新浪
688172,燕东微,55.5500000000,53.5700000000,748763118.0000000000,13487597.0000000000,0.0369600000,7.4876311800,AKShare stock_zh_a_spot / 新浪
688173,希荻微,13.4800000000,13.1300000000,123345026.0000000000,9076435.0000000000,0.0266600000,1.2334502600,AKShare stock_zh_a_spot / 新浪
688175,高凌信息,19.6500000000,18.9800000000,41514079.0000000000,2135273.0000000000,0.0353000000,0.4151407900,AKShare stock_zh_a_spot / 新浪
688176,亚虹医药,12.8600000000,12.2000000000,224665652.0000000000,17530792.0000000000,0.0541000000,2.2466565200,AKShare stock_zh_a_spot / 新浪
688177,百奥泰,21.7500000000,20.5700000000,176028229.0000000000,8087524.0000000000,0.0573700000,1.7602822900,AKShare stock_zh_a_spot / 新浪
688178,万德斯,28.7400000000,28.2000000000,48228363.0000000000,1687768.0000000000,0.0191500000,0.4822836300,AKShare stock_zh_a_spot / 新浪
688179,阿拉丁,22.7600000000,23.4500000000,740795584.0000000000,33708620.0000000000,-0.0294200000,7.4079558400,AKShare stock_zh_a_spot / 新浪
688180,君实生物,40.4500000000,37.3000000000,1752795802.0000000000,43500930.0000000000,0.0844500000,17.5279580200,AKShare stock_zh_a_spot / 新浪
688181,八亿时空,38.8000000000,38.8300000000,185154446.0000000000,4738317.0000000000,-0.0007700000,1.8515444600,AKShare stock_zh_a_spot / 新浪
688182,灿勤科技,28.1500000000,28.0700000000,201749047.0000000000,7132562.0000000000,0.0028500000,2.0174904700,AKShare stock_zh_a_spot / 新浪
688183,生益电子,104.4000000000,103.3900000000,1029490812.0000000000,9775265.0000000000,0.0097700000,10.2949081200,AKShare stock_zh_a_spot / 新浪
688185,康希诺,64.4300000000,53.6900000000,212586914.0000000000,3299502.0000000000,0.2000400000,2.1258691400,AKShare stock_zh_a_spot / 新浪
688186,广大特材,13.7500000000,13.5200000000,45715201.0000000000,3336556.0000000000,0.0170100000,0.4571520100,AKShare stock_zh_a_spot / 新浪
688187,时代电气,46.9500000000,49.1100000000,446219922.0000000000,9348443.0000000000,-0.0439800000,4.4621992200,AKShare stock_zh_a_spot / 新浪
688188,柏楚电子,102.3400000000,102.4000000000,236885617.0000000000,2300982.0000000000,-0.0005900000,2.3688561700,AKShare stock_zh_a_spot / 新浪
688190,云路股份,73.5400000000,74.2000000000,46452703.0000000000,622647.0000000000,-0.0088900000,0.4645270300,AKShare stock_zh_a_spot / 新浪
688191,智洋创新,21.6700000000,21.2000000000,146851432.0000000000,6794287.0000000000,0.0221700000,1.4685143200,AKShare stock_zh_a_spot / 新浪
688192,迪哲医药,62.1500000000,59.0000000000,694057569.0000000000,11309684.0000000000,0.0533900000,6.9405756900,AKShare stock_zh_a_spot / 新浪
688193,仁度生物,48.5400000000,46.9600000000,32250812.0000000000,659141.0000000000,0.0336500000,0.3225081200,AKShare stock_zh_a_spot / 新浪
688195,腾景科技,176.2800000000,161.8800000000,2687345352.0000000000,15334082.0000000000,0.0889500000,26.8734535200,AKShare stock_zh_a_spot / 新浪
688196,卓越新能,35.3800000000,34.8000000000,103386689.0000000000,2922447.0000000000,0.0166700000,1.0338668900,AKShare stock_zh_a_spot / 新浪
688197,首药控股,38.9600000000,35.9300000000,243373980.0000000000,6217967.0000000000,0.0843300000,2.4337398000,AKShare stock_zh_a_spot / 新浪
688198,佰仁医疗,81.5000000000,77.7400000000,111793000.0000000000,1377976.0000000000,0.0483700000,1.1179300000,AKShare stock_zh_a_spot / 新浪
688199,久日新材,23.0300000000,23.1300000000,74905355.0000000000,3228599.0000000000,-0.0043200000,0.7490535500,AKShare stock_zh_a_spot / 新浪
688200,华峰测控,415.6000000000,406.9300000000,1482456580.0000000000,3536211.0000000000,0.0213100000,14.8245658000,AKShare stock_zh_a_spot / 新浪
688202,美迪西,110.0000000000,99.8600000000,1469866228.0000000000,13671263.0000000000,0.1015400000,14.6986622800,AKShare stock_zh_a_spot / 新浪
688203,海正生材,11.5600000000,11.5600000000,50049052.0000000000,4322593.0000000000,0.0000000000,0.5004905200,AKShare stock_zh_a_spot / 新浪
688205,德科立,166.9900000000,153.2900000000,2515483695.0000000000,15243746.0000000000,0.0893700000,25.1548369500,AKShare stock_zh_a_spot / 新浪
688206,概伦电子,39.0800000000,39.7100000000,303281721.0000000000,7720880.0000000000,-0.0158700000,3.0328172100,AKShare stock_zh_a_spot / 新浪
688207,格灵深瞳,19.4400000000,19.4000000000,150663604.0000000000,7719622.0000000000,0.0020600000,1.5066360400,AKShare stock_zh_a_spot / 新浪
688208,道通科技,25.2000000000,25.0900000000,139563013.0000000000,5517906.0000000000,0.0043800000,1.3956301300,AKShare stock_zh_a_spot / 新浪
688209,英集芯,21.8800000000,21.0900000000,189966607.0000000000,8740745.0000000000,0.0374600000,1.8996660700,AKShare stock_zh_a_spot / 新浪
688210,统联精密,31.4000000000,28.5300000000,198416568.0000000000,6537208.0000000000,0.1006000000,1.9841656800,AKShare stock_zh_a_spot / 新浪
688211,中科微至,31.0700000000,30.0600000000,22471080.0000000000,724898.0000000000,0.0336000000,0.2247108000,AKShare stock_zh_a_spot / 新浪
688212,澳华内镜,28.8200000000,29.4300000000,123320987.0000000000,4243974.0000000000,-0.0207300000,1.2332098700,AKShare stock_zh_a_spot / 新浪
688213,思特威,97.3000000000,94.5800000000,658591550.0000000000,6725466.0000000000,0.0287600000,6.5859155000,AKShare stock_zh_a_spot / 新浪
688215,瑞晟智能,44.1700000000,43.0800000000,68985425.0000000000,1537125.0000000000,0.0253000000,0.6898542500,AKShare stock_zh_a_spot / 新浪
688216,气派科技,30.3300000000,30.4500000000,115708465.0000000000,3776134.0000000000,-0.0039400000,1.1570846500,AKShare stock_zh_a_spot / 新浪
688217,睿昂基因,25.2600000000,23.6000000000,41753766.0000000000,1671932.0000000000,0.0703400000,0.4175376600,AKShare stock_zh_a_spot / 新浪
688218,江苏北人,40.0800000000,39.0800000000,250393198.0000000000,6238541.0000000000,0.0255900000,2.5039319800,AKShare stock_zh_a_spot / 新浪
688219,会通股份,10.2600000000,10.0900000000,33780651.0000000000,3301190.0000000000,0.0168500000,0.3378065100,AKShare stock_zh_a_spot / 新浪
688220,翱捷科技,95.2600000000,95.4700000000,549446310.0000000000,5760300.0000000000,-0.0022000000,5.4944631000,AKShare stock_zh_a_spot / 新浪
688221,前沿生物,22.0700000000,20.6600000000,637964062.0000000000,28911601.0000000000,0.0682500000,6.3796406200,AKShare stock_zh_a_spot / 新浪
688222,成都先导,38.7000000000,35.1500000000,1261506841.0000000000,32593295.0000000000,0.1010000000,12.6150684100,AKShare stock_zh_a_spot / 新浪
688223,晶科能源,4.3900000000,4.3200000000,235675124.0000000000,53815679.0000000000,0.0162000000,2.3567512400,AKShare stock_zh_a_spot / 新浪
688225,亚信安全,12.0700000000,11.8300000000,42042028.0000000000,3499806.0000000000,0.0202900000,0.4204202800,AKShare stock_zh_a_spot / 新浪
688226,威腾电气,28.9600000000,28.6700000000,104379840.0000000000,3587274.0000000000,0.0101200000,1.0437984000,AKShare stock_zh_a_spot / 新浪
688227,品高股份,72.3000000000,73.8000000000,214014625.0000000000,2942342.0000000000,-0.0203300000,2.1401462500,AKShare stock_zh_a_spot / 新浪
688228,开普云,74.6800000000,73.2700000000,109628514.0000000000,1469340.0000000000,0.0192400000,1.0962851400,AKShare stock_zh_a_spot / 新浪
688229,博睿数据,65.7300000000,65.4800000000,20280292.0000000000,307737.0000000000,0.0038200000,0.2028029200,AKShare stock_zh_a_spot / 新浪
688230,芯导科技,54.7000000000,54.0900000000,58702516.0000000000,1065456.0000000000,0.0112800000,0.5870251600,AKShare stock_zh_a_spot / 新浪
688231,隆达股份,29.4300000000,29.0900000000,76441720.0000000000,2591279.0000000000,0.0116900000,0.7644172000,AKShare stock_zh_a_spot / 新浪
688232,新点软件,18.3700000000,18.0300000000,33804352.0000000000,1842979.0000000000,0.0188600000,0.3380435200,AKShare stock_zh_a_spot / 新浪
688233,神工股份,113.0000000000,116.5000000000,1358440349.0000000000,11916768.0000000000,-0.0300400000,13.5844034900,AKShare stock_zh_a_spot / 新浪
688234,天岳先进,108.2000000000,112.6300000000,1576688506.0000000000,14337034.0000000000,-0.0393300000,15.7668850600,AKShare stock_zh_a_spot / 新浪
688235,百济神州,298.8800000000,287.5600000000,2455632375.0000000000,8204166.0000000000,0.0393700000,24.5563237500,AKShare stock_zh_a_spot / 新浪
688236,春立医疗,15.0900000000,14.4000000000,54690549.0000000000,3635381.0000000000,0.0479200000,0.5469054900,AKShare stock_zh_a_spot / 新浪
688237,超卓航科,55.8000000000,56.8100000000,72862834.0000000000,1288163.0000000000,-0.0177800000,0.7286283400,AKShare stock_zh_a_spot / 新浪
688238,和元生物,8.0400000000,6.7500000000,782429258.0000000000,98548366.0000000000,0.1911100000,7.8242925800,AKShare stock_zh_a_spot / 新浪
688239,航宇科技,44.8800000000,43.4400000000,332623286.0000000000,7455588.0000000000,0.0331500000,3.3262328600,AKShare stock_zh_a_spot / 新浪
688244,永信至诚,15.0700000000,14.6300000000,29653369.0000000000,1955120.0000000000,0.0300800000,0.2965336900,AKShare stock_zh_a_spot / 新浪
688246,嘉和美康,17.8000000000,17.1700000000,64798364.0000000000,3600248.0000000000,0.0366900000,0.6479836400,AKShare stock_zh_a_spot / 新浪
688247,宣泰医药,10.2100000000,9.7800000000,160599989.0000000000,15596966.0000000000,0.0439700000,1.6059998900,AKShare stock_zh_a_spot / 新浪
688248,南网科技,42.2400000000,42.5900000000,244279044.0000000000,5714921.0000000000,-0.0082200000,2.4427904400,AKShare stock_zh_a_spot / 新浪
688249,晶合集成,39.3900000000,39.7500000000,618731700.0000000000,15547826.0000000000,-0.0090600000,6.1873170000,AKShare stock_zh_a_spot / 新浪
688251,井松智能,21.3400000000,21.1200000000,19786930.0000000000,924290.0000000000,0.0104200000,0.1978693000,AKShare stock_zh_a_spot / 新浪
688252,天德钰,20.3900000000,20.1400000000,119833532.0000000000,5818464.0000000000,0.0124100000,1.1983353200,AKShare stock_zh_a_spot / 新浪
688253,英诺特,57.1600000000,55.7400000000,151021871.0000000000,2600809.0000000000,0.0254800000,1.5102187100,AKShare stock_zh_a_spot / 新浪
688255,凯尔达,25.5000000000,25.0900000000,61101744.0000000000,2398233.0000000000,0.0163400000,0.6110174400,AKShare stock_zh_a_spot / 新浪
688256,寒武纪,1010.8800000000,1050.4900000000,15191095235.0000000000,14855370.0000000000,-0.0377100000,151.9109523500,AKShare stock_zh_a_spot / 新浪
688257,新锐股份,57.1000000000,57.1500000000,717234896.0000000000,12419377.0000000000,-0.0008700000,7.1723489600,AKShare stock_zh_a_spot / 新浪
688258,卓易信息,97.8000000000,98.3900000000,282232356.0000000000,2869361.0000000000,-0.0060000000,2.8223235600,AKShare stock_zh_a_spot / 新浪
688259,创耀科技,30.8100000000,30.3100000000,38891128.0000000000,1257634.0000000000,0.0165000000,0.3889112800,AKShare stock_zh_a_spot / 新浪
688260,昀冢科技,107.5600000000,104.0000000000,745171917.0000000000,6955424.0000000000,0.0342300000,7.4517191700,AKShare stock_zh_a_spot / 新浪
688261,东微半导,73.6800000000,69.9000000000,670573678.0000000000,9082347.0000000000,0.0540800000,6.7057367800,AKShare stock_zh_a_spot / 新浪
688262,国芯科技,26.7700000000,26.5900000000,220296794.0000000000,8157751.0000000000,0.0067700000,2.2029679400,AKShare stock_zh_a_spot / 新浪
688265,南模生物,44.8500000000,41.4300000000,241335442.0000000000,5399404.0000000000,0.0825500000,2.4133544200,AKShare stock_zh_a_spot / 新浪
688266,泽璟制药,138.3400000000,122.5400000000,1873797581.0000000000,14275822.0000000000,0.1289400000,18.7379758100,AKShare stock_zh_a_spot / 新浪
688267,中触媒,18.9400000000,18.8500000000,42134234.0000000000,2251539.0000000000,0.0047700000,0.4213423400,AKShare stock_zh_a_spot / 新浪
688268,华特气体,141.3500000000,145.0200000000,869224521.0000000000,6084627.0000000000,-0.0253100000,8.6922452100,AKShare stock_zh_a_spot / 新浪
688269,凯立新材,31.2900000000,30.4500000000,36446710.0000000000,1165868.0000000000,0.0275900000,0.3644671000,AKShare stock_zh_a_spot / 新浪
688271,联影医疗,109.9900000000,108.6500000000,796369794.0000000000,7275714.0000000000,0.0123300000,7.9636979400,AKShare stock_zh_a_spot / 新浪
688272,富吉瑞,28.4500000000,28.0500000000,32940696.0000000000,1156710.0000000000,0.0142600000,0.3294069600,AKShare stock_zh_a_spot / 新浪
688273,麦澜德,31.2400000000,29.7500000000,46724972.0000000000,1488694.0000000000,0.0500800000,0.4672497200,AKShare stock_zh_a_spot / 新浪
688275,万润新能,79.0800000000,80.3700000000,369437457.0000000000,4695501.0000000000,-0.0160500000,3.6943745700,AKShare stock_zh_a_spot / 新浪
688276,百克生物,18.7100000000,15.5900000000,121420828.0000000000,6489622.0000000000,0.2001300000,1.2142082800,AKShare stock_zh_a_spot / 新浪
688277,天智航,16.0600000000,15.8800000000,126806736.0000000000,7764463.0000000000,0.0113400000,1.2680673600,AKShare stock_zh_a_spot / 新浪
688278,特宝生物,64.9900000000,64.4000000000,749716039.0000000000,11434214.0000000000,0.0091600000,7.4971603900,AKShare stock_zh_a_spot / 新浪
688279,峰岹科技,168.0400000000,166.6600000000,260075222.0000000000,1557375.0000000000,0.0082800000,2.6007522200,AKShare stock_zh_a_spot / 新浪
688280,精进电动,5.4900000000,5.3500000000,43136467.0000000000,7869204.0000000000,0.0261700000,0.4313646700,AKShare stock_zh_a_spot / 新浪
688281,华秦科技,45.4500000000,46.0700000000,117755475.0000000000,2556838.0000000000,-0.0134600000,1.1775547500,AKShare stock_zh_a_spot / 新浪
688282,理工导航,55.8100000000,56.1300000000,41210504.0000000000,729058.0000000000,-0.0057000000,0.4121050400,AKShare stock_zh_a_spot / 新浪
688283,坤恒顺维,28.5500000000,28.0600000000,26876763.0000000000,945316.0000000000,0.0174600000,0.2687676300,AKShare stock_zh_a_spot / 新浪
688285,高铁电气,7.6900000000,7.5300000000,14211475.0000000000,1857603.0000000000,0.0212500000,0.1421147500,AKShare stock_zh_a_spot / 新浪
688286,敏芯股份,51.2800000000,46.4300000000,773414300.0000000000,15289388.0000000000,0.1044600000,7.7341430000,AKShare stock_zh_a_spot / 新浪
688288,鸿泉技术,18.4700000000,17.8600000000,27270437.0000000000,1477549.0000000000,0.0341500000,0.2727043700,AKShare stock_zh_a_spot / 新浪
688289,圣湘生物,17.4500000000,15.6500000000,508740184.0000000000,29612318.0000000000,0.1150200000,5.0874018400,AKShare stock_zh_a_spot / 新浪
688290,景业智能,66.8600000000,65.6600000000,91415694.0000000000,1354116.0000000000,0.0182800000,0.9141569400,AKShare stock_zh_a_spot / 新浪
688291,金橙子,43.0100000000,40.7800000000,83127927.0000000000,1947599.0000000000,0.0546800000,0.8312792700,AKShare stock_zh_a_spot / 新浪
688292,浩瀚深度,17.2100000000,16.8300000000,36892666.0000000000,2147975.0000000000,0.0225800000,0.3689266600,AKShare stock_zh_a_spot / 新浪
688293,奥浦迈,63.9000000000,60.3800000000,418431487.0000000000,6543853.0000000000,0.0583000000,4.1843148700,AKShare stock_zh_a_spot / 新浪
688295,中复神鹰,38.4700000000,38.6800000000,191535439.0000000000,4951383.0000000000,-0.0054300000,1.9153543900,AKShare stock_zh_a_spot / 新浪
688296,和达科技,26.2500000000,26.0900000000,215575326.0000000000,8021809.0000000000,0.0061300000,2.1557532600,AKShare stock_zh_a_spot / 新浪
688297,中无人机,38.8900000000,38.8300000000,162390465.0000000000,4174658.0000000000,0.0015500000,1.6239046500,AKShare stock_zh_a_spot / 新浪
688298,东方生物,20.0600000000,18.9700000000,93082059.0000000000,4584719.0000000000,0.0574600000,0.9308205900,AKShare stock_zh_a_spot / 新浪
688299,长阳科技,12.8400000000,12.8000000000,66607586.0000000000,5168003.0000000000,0.0031200000,0.6660758600,AKShare stock_zh_a_spot / 新浪
688300,联瑞新材,142.5700000000,140.2500000000,1477133259.0000000000,10349004.0000000000,0.0165400000,14.7713325900,AKShare stock_zh_a_spot / 新浪
688301,奕瑞科技,98.9500000000,96.3300000000,843823636.0000000000,8364454.0000000000,0.0272000000,8.4382363600,AKShare stock_zh_a_spot / 新浪
688302,海创药业,38.0800000000,35.5100000000,135534512.0000000000,3568188.0000000000,0.0723700000,1.3553451200,AKShare stock_zh_a_spot / 新浪
688303,大全能源,17.8600000000,17.8200000000,112038497.0000000000,6256333.0000000000,0.0022400000,1.1203849700,AKShare stock_zh_a_spot / 新浪
688305,科德数控,64.3100000000,63.8800000000,309256895.0000000000,4748949.0000000000,0.0067300000,3.0925689500,AKShare stock_zh_a_spot / 新浪
688306,均普智能,8.7000000000,8.7300000000,60315368.0000000000,6873104.0000000000,-0.0034400000,0.6031536800,AKShare stock_zh_a_spot / 新浪
688307,中润光学,51.2600000000,47.6900000000,347810361.0000000000,6996572.0000000000,0.0748600000,3.4781036100,AKShare stock_zh_a_spot / 新浪
688308,欧科亿,95.4300000000,94.4800000000,875478966.0000000000,9025597.0000000000,0.0100600000,8.7547896600,AKShare stock_zh_a_spot / 新浪
688309,恒誉科技,73.7800000000,73.4700000000,95536187.0000000000,1288527.0000000000,0.0042200000,0.9553618700,AKShare stock_zh_a_spot / 新浪
688310,迈得医疗,15.1900000000,14.7200000000,23246973.0000000000,1529962.0000000000,0.0319300000,0.2324697300,AKShare stock_zh_a_spot / 新浪
688311,盟升电子,22.9500000000,22.6100000000,99952687.0000000000,4358102.0000000000,0.0150400000,0.9995268700,AKShare stock_zh_a_spot / 新浪
688312,燕麦科技,49.1500000000,47.4000000000,317482226.0000000000,6484273.0000000000,0.0369200000,3.1748222600,AKShare stock_zh_a_spot / 新浪
688313,仕佳光子,164.0000000000,151.4100000000,5071166883.0000000000,31640277.0000000000,0.0831500000,50.7116688300,AKShare stock_zh_a_spot / 新浪
688314,康拓医疗,32.6500000000,31.5000000000,31683588.0000000000,971447.0000000000,0.0365100000,0.3168358800,AKShare stock_zh_a_spot / 新浪
688315,诺禾致源,17.1000000000,14.8700000000,504498182.0000000000,29004320.0000000000,0.1499700000,5.0449818200,AKShare stock_zh_a_spot / 新浪
688316,青云科技,48.3800000000,48.4800000000,101394431.0000000000,2097899.0000000000,-0.0020600000,1.0139443100,AKShare stock_zh_a_spot / 新浪
688317,之江生物,18.1500000000,17.3900000000,129444201.0000000000,6995211.0000000000,0.0437000000,1.2944420100,AKShare stock_zh_a_spot / 新浪
688318,财富趋势,75.6300000000,76.3000000000,324000668.0000000000,4283805.0000000000,-0.0087800000,3.2400066800,AKShare stock_zh_a_spot / 新浪
688319,欧林生物,29.4000000000,27.3200000000,453561407.0000000000,15247817.0000000000,0.0761300000,4.5356140700,AKShare stock_zh_a_spot / 新浪
688320,禾川科技,32.6500000000,32.6600000000,113711694.0000000000,3464140.0000000000,-0.0003100000,1.1371169400,AKShare stock_zh_a_spot / 新浪
688321,微芯生物,29.9500000000,28.8600000000,865601488.0000000000,28135821.0000000000,0.0377700000,8.6560148800,AKShare stock_zh_a_spot / 新浪
688322,奥比中光,100.0000000000,98.5000000000,1131424576.0000000000,11318299.0000000000,0.0152300000,11.3142457600,AKShare stock_zh_a_spot / 新浪
688323,瑞华泰,29.6600000000,29.5100000000,676603155.0000000000,22929761.0000000000,0.0050800000,6.7660315500,AKShare stock_zh_a_spot / 新浪
688325,赛微微电,108.5500000000,109.0000000000,101608089.0000000000,946599.0000000000,-0.0041300000,1.0160808900,AKShare stock_zh_a_spot / 新浪
688326,经纬恒润,64.3400000000,62.2900000000,75552960.0000000000,1186600.0000000000,0.0329100000,0.7555296000,AKShare stock_zh_a_spot / 新浪
688327,云从科技,10.2700000000,10.1800000000,148537692.0000000000,14423271.0000000000,0.0088400000,1.4853769200,AKShare stock_zh_a_spot / 新浪
688328,深科达,75.9700000000,74.3700000000,491280325.0000000000,6435032.0000000000,0.0215100000,4.9128032500,AKShare stock_zh_a_spot / 新浪
688329,艾隆科技,20.5600000000,19.7800000000,26506262.0000000000,1297962.0000000000,0.0394300000,0.2650626200,AKShare stock_zh_a_spot / 新浪
688330,宏力达,33.1000000000,32.2600000000,40045615.0000000000,1212510.0000000000,0.0260400000,0.4004561500,AKShare stock_zh_a_spot / 新浪
688331,荣昌生物,133.3800000000,128.3100000000,1791875163.0000000000,13259561.0000000000,0.0395100000,17.9187516300,AKShare stock_zh_a_spot / 新浪
688332,中科蓝讯,91.4100000000,88.3100000000,468612035.0000000000,5177791.0000000000,0.0351000000,4.6861203500,AKShare stock_zh_a_spot / 新浪
688333,铂力特,106.6800000000,97.9200000000,1946004619.0000000000,18499423.0000000000,0.0894600000,19.4600461900,AKShare stock_zh_a_spot / 新浪
688334,西高院,18.0900000000,17.7900000000,32218586.0000000000,1781906.0000000000,0.0168600000,0.3221858600,AKShare stock_zh_a_spot / 新浪
688335,复洁科技,20.0900000000,19.5900000000,49454727.0000000000,2450717.0000000000,0.0255200000,0.4945472700,AKShare stock_zh_a_spot / 新浪
688336,三生国健,48.6100000000,46.9800000000,911376448.0000000000,18559930.0000000000,0.0347000000,9.1137644800,AKShare stock_zh_a_spot / 新浪
688337,普源精电,45.0300000000,43.7900000000,222495694.0000000000,4965371.0000000000,0.0283200000,2.2249569400,AKShare stock_zh_a_spot / 新浪
688338,赛科希德,30.7600000000,29.8500000000,56357009.0000000000,1820687.0000000000,0.0304900000,0.5635700900,AKShare stock_zh_a_spot / 新浪
688339,亿华通,17.0500000000,16.5300000000,48733614.0000000000,2869702.0000000000,0.0314600000,0.4873361400,AKShare stock_zh_a_spot / 新浪
688343,云天励飞,56.5500000000,56.2600000000,398888309.0000000000,7004502.0000000000,0.0051500000,3.9888830900,AKShare stock_zh_a_spot / 新浪
688345,博力威,54.8300000000,54.2900000000,91955755.0000000000,1694604.0000000000,0.0099500000,0.9195575500,AKShare stock_zh_a_spot / 新浪
688347,华虹宏力,232.6800000000,233.0000000000,3681642094.0000000000,15867114.0000000000,-0.0013700000,36.8164209400,AKShare stock_zh_a_spot / 新浪
688348,昱能科技,32.1000000000,31.3100000000,33342591.0000000000,1044246.0000000000,0.0252300000,0.3334259100,AKShare stock_zh_a_spot / 新浪
688349,三一重能,14.1300000000,14.0800000000,69886344.0000000000,4922104.0000000000,0.0035500000,0.6988634400,AKShare stock_zh_a_spot / 新浪
688350,富淼科技,28.9200000000,28.9200000000,37082980.0000000000,1278278.0000000000,0.0000000000,0.3708298000,AKShare stock_zh_a_spot / 新浪
688351,微电生理,20.5500000000,19.4500000000,123375471.0000000000,6040513.0000000000,0.0565600000,1.2337547100,AKShare stock_zh_a_spot / 新浪
688352,颀中科技,18.3600000000,18.1400000000,454202615.0000000000,24496279.0000000000,0.0121300000,4.5420261500,AKShare stock_zh_a_spot / 新浪
688353,华盛锂电,90.0000000000,99.8900000000,952978060.0000000000,10476761.0000000000,-0.0990100000,9.5297806000,AKShare stock_zh_a_spot / 新浪
688355,明志科技,17.4500000000,17.3300000000,14466089.0000000000,826362.0000000000,0.0069200000,0.1446608900,AKShare stock_zh_a_spot / 新浪
688356,键凯科技,89.4500000000,74.5400000000,51894775.0000000000,580154.0000000000,0.2000300000,0.5189477500,AKShare stock_zh_a_spot / 新浪
688357,建龙微纳,27.1500000000,26.5400000000,10070263.0000000000,371703.0000000000,0.0229800000,0.1007026300,AKShare stock_zh_a_spot / 新浪
688358,祥生医疗,29.8900000000,28.4500000000,43117212.0000000000,1451480.0000000000,0.0506200000,0.4311721200,AKShare stock_zh_a_spot / 新浪
688359,三孚新科,95.1200000000,96.4000000000,471821279.0000000000,4883106.0000000000,-0.0132800000,4.7182127900,AKShare stock_zh_a_spot / 新浪
688360,德马科技,15.4800000000,15.1300000000,55110688.0000000000,3558903.0000000000,0.0231300000,0.5511068800,AKShare stock_zh_a_spot / 新浪
688361,中科飞测,355.5900000000,342.0000000000,3742014804.0000000000,10555477.0000000000,0.0397400000,37.4201480400,AKShare stock_zh_a_spot / 新浪
688362,甬矽电子,64.6100000000,64.5000000000,1438598288.0000000000,22094491.0000000000,0.0017100000,14.3859828800,AKShare stock_zh_a_spot / 新浪
688363,华熙生物,37.0200000000,35.6800000000,205958718.0000000000,5535527.0000000000,0.0375600000,2.0595871800,AKShare stock_zh_a_spot / 新浪
688365,光云科技,14.5700000000,14.5100000000,138293091.0000000000,9440976.0000000000,0.0041400000,1.3829309100,AKShare stock_zh_a_spot / 新浪
688366,昊海生科,32.6800000000,31.1200000000,50737254.0000000000,1551582.0000000000,0.0501300000,0.5073725400,AKShare stock_zh_a_spot / 新浪
688367,工大高科,29.6900000000,29.6500000000,25932138.0000000000,867734.0000000000,0.0013500000,0.2593213800,AKShare stock_zh_a_spot / 新浪
688368,晶丰明源,129.4100000000,124.6500000000,460929349.0000000000,3604252.0000000000,0.0381900000,4.6092934900,AKShare stock_zh_a_spot / 新浪
688369,致远互联,19.8500000000,19.8600000000,69767533.0000000000,3483127.0000000000,-0.0005000000,0.6976753300,AKShare stock_zh_a_spot / 新浪
688370,丛麟科技,23.4200000000,22.7100000000,9383728.0000000000,401509.0000000000,0.0312600000,0.0938372800,AKShare stock_zh_a_spot / 新浪
688371,菲沃泰,27.8500000000,27.8500000000,229140175.0000000000,8170827.0000000000,0.0000000000,2.2914017500,AKShare stock_zh_a_spot / 新浪
688372,伟测科技,125.7300000000,125.2000000000,651837111.0000000000,5157168.0000000000,0.0042300000,6.5183711100,AKShare stock_zh_a_spot / 新浪
688373,盟科药业,5.6600000000,5.1900000000,160197533.0000000000,28478875.0000000000,0.0905600000,1.6019753300,AKShare stock_zh_a_spot / 新浪
688375,国博电子,79.2600000000,82.7400000000,438238656.0000000000,5448956.0000000000,-0.0420600000,4.3823865600,AKShare stock_zh_a_spot / 新浪
688376,美埃科技,67.4800000000,66.5100000000,85298842.0000000000,1263384.0000000000,0.0145800000,0.8529884200,AKShare stock_zh_a_spot / 新浪
688377,迪威尔,20.3400000000,19.9800000000,33325231.0000000000,1636681.0000000000,0.0180200000,0.3332523100,AKShare stock_zh_a_spot / 新浪
688378,奥来德,47.2500000000,45.6000000000,745046529.0000000000,15589969.0000000000,0.0361800000,7.4504652900,AKShare stock_zh_a_spot / 新浪
688379,华光新材,52.5100000000,51.6500000000,206660894.0000000000,3895294.0000000000,0.0166500000,2.0666089400,AKShare stock_zh_a_spot / 新浪
688380,中微半导,42.5100000000,43.0800000000,578351577.0000000000,13470003.0000000000,-0.0132300000,5.7835157700,AKShare stock_zh_a_spot / 新浪
688381,帝奥微,33.3100000000,32.2600000000,401789753.0000000000,11845195.0000000000,0.0325500000,4.0178975300,AKShare stock_zh_a_spot / 新浪
688382,益方生物,21.4100000000,20.3700000000,599402811.0000000000,28179451.0000000000,0.0510600000,5.9940281100,AKShare stock_zh_a_spot / 新浪
688383,新益昌,128.0000000000,121.1900000000,356103410.0000000000,2813605.0000000000,0.0561900000,3.5610341000,AKShare stock_zh_a_spot / 新浪
688385,复旦微电,53.6300000000,53.9800000000,726593660.0000000000,13388513.0000000000,-0.0064800000,7.2659366000,AKShare stock_zh_a_spot / 新浪
688386,泛亚微透,51.9300000000,51.0000000000,100382117.0000000000,1933705.0000000000,0.0182400000,1.0038211700,AKShare stock_zh_a_spot / 新浪
688387,信科移动,12.8000000000,13.4900000000,871742199.0000000000,67262806.0000000000,-0.0511500000,8.7174219900,AKShare stock_zh_a_spot / 新浪
688388,嘉元科技,28.0900000000,28.5300000000,800576395.0000000000,28201620.0000000000,-0.0154200000,8.0057639500,AKShare stock_zh_a_spot / 新浪
688389,普门科技,11.4200000000,10.9700000000,41030635.0000000000,3614317.0000000000,0.0410200000,0.4103063500,AKShare stock_zh_a_spot / 新浪
688390,固德威,65.1500000000,65.3000000000,318227880.0000000000,4853920.0000000000,-0.0023000000,3.1822788000,AKShare stock_zh_a_spot / 新浪
688391,钜泉科技,25.4900000000,24.9000000000,32168687.0000000000,1263124.0000000000,0.0236900000,0.3216868700,AKShare stock_zh_a_spot / 新浪
688392,骄成超声,191.3200000000,190.7900000000,1265391199.0000000000,6640828.0000000000,0.0027800000,12.6539119900,AKShare stock_zh_a_spot / 新浪
688393,安必平,20.7200000000,19.5200000000,57714564.0000000000,2787415.0000000000,0.0614800000,0.5771456400,AKShare stock_zh_a_spot / 新浪
688395,正弦电气,22.5800000000,22.0900000000,31753067.0000000000,1406231.0000000000,0.0221800000,0.3175306700,AKShare stock_zh_a_spot / 新浪
688396,华润微,59.3900000000,61.5900000000,1695907870.0000000000,28229967.0000000000,-0.0357200000,16.9590787000,AKShare stock_zh_a_spot / 新浪
688398,赛特新材,21.2200000000,20.5600000000,29073922.0000000000,1385518.0000000000,0.0321000000,0.2907392200,AKShare stock_zh_a_spot / 新浪
688399,硕世生物,29.6500000000,28.4700000000,79477308.0000000000,2653875.0000000000,0.0414500000,0.7947730800,AKShare stock_zh_a_spot / 新浪
688400,凌云光,47.1100000000,46.0000000000,435803557.0000000000,9273875.0000000000,0.0241300000,4.3580355700,AKShare stock_zh_a_spot / 新浪
688401,路维光电,68.8500000000,68.7500000000,250450908.0000000000,3616630.0000000000,0.0014500000,2.5045090800,AKShare stock_zh_a_spot / 新浪
688403,汇成股份,23.1000000000,22.9400000000,1018775880.0000000000,43688407.0000000000,0.0069700000,10.1877588000,AKShare stock_zh_a_spot / 新浪
688408,中信博,25.6600000000,24.9500000000,97550536.0000000000,3844091.0000000000,0.0284600000,0.9755053600,AKShare stock_zh_a_spot / 新浪
688409,富创精密,208.1100000000,211.0000000000,1395053199.0000000000,6641357.0000000000,-0.0137000000,13.9505319900,AKShare stock_zh_a_spot / 新浪
688410,山外山,11.4100000000,10.8400000000,123513173.0000000000,10824230.0000000000,0.0525800000,1.2351317300,AKShare stock_zh_a_spot / 新浪
688411,海博思创,199.9800000000,203.3000000000,341531471.0000000000,1690950.0000000000,-0.0163300000,3.4153147100,AKShare stock_zh_a_spot / 新浪
688416,恒烁股份,74.4500000000,72.8000000000,381689320.0000000000,5183271.0000000000,0.0226600000,3.8168932000,AKShare stock_zh_a_spot / 新浪
688418,震有科技,32.6100000000,32.9600000000,147616013.0000000000,4492217.0000000000,-0.0106200000,1.4761601300,AKShare stock_zh_a_spot / 新浪
688419,耐科装备,47.7000000000,47.5500000000,160190621.0000000000,3345861.0000000000,0.0031500000,1.6019062100,AKShare stock_zh_a_spot / 新浪
688420,美腾科技,22.3400000000,21.7900000000,15105925.0000000000,679608.0000000000,0.0252400000,0.1510592500,AKShare stock_zh_a_spot / 新浪
688425,铁建重工,4.1000000000,4.0800000000,58157649.0000000000,14168588.0000000000,0.0049000000,0.5815764900,AKShare stock_zh_a_spot / 新浪
688426,康为世纪,22.8700000000,19.0600000000,47767775.0000000000,2129822.0000000000,0.1999000000,0.4776777500,AKShare stock_zh_a_spot / 新浪
688428,诺诚健华,31.9000000000,30.5800000000,451727725.0000000000,14182187.0000000000,0.0431700000,4.5172772500,AKShare stock_zh_a_spot / 新浪
688429,时创能源,10.4900000000,10.3100000000,16067351.0000000000,1538536.0000000000,0.0174600000,0.1606735100,AKShare stock_zh_a_spot / 新浪
688432,有研硅,44.9800000000,48.0300000000,3248821838.0000000000,71369715.0000000000,-0.0635000000,32.4882183800,AKShare stock_zh_a_spot / 新浪
688433,华曙高科,103.2500000000,86.0400000000,1071039365.0000000000,10961358.0000000000,0.2000200000,10.7103936500,AKShare stock_zh_a_spot / 新浪
688435,英方软件,30.4200000000,30.1900000000,41988053.0000000000,1368922.0000000000,0.0076200000,0.4198805300,AKShare stock_zh_a_spot / 新浪
688439,振华风光,38.7200000000,38.2200000000,52406094.0000000000,1352273.0000000000,0.0130800000,0.5240609400,AKShare stock_zh_a_spot / 新浪
688443,智翔金泰,26.7800000000,25.8800000000,178364317.0000000000,6587830.0000000000,0.0347800000,1.7836431700,AKShare stock_zh_a_spot / 新浪
688448,磁谷科技,62.7400000000,62.7500000000,141979426.0000000000,2248192.0000000000,-0.0001600000,1.4197942600,AKShare stock_zh_a_spot / 新浪
688449,联芸科技,68.2000000000,67.3600000000,688703420.0000000000,10046701.0000000000,0.0124700000,6.8870342000,AKShare stock_zh_a_spot / 新浪
688450,光格科技,33.2000000000,32.9100000000,46847816.0000000000,1406929.0000000000,0.0088100000,0.4684781600,AKShare stock_zh_a_spot / 新浪
688455,科捷智能,15.2400000000,14.6900000000,32290147.0000000000,2132972.0000000000,0.0374400000,0.3229014700,AKShare stock_zh_a_spot / 新浪
688456,有研粉材,81.9000000000,82.1900000000,655005238.0000000000,7945503.0000000000,-0.0035300000,6.5500523800,AKShare stock_zh_a_spot / 新浪
688458,美芯晟,33.6700000000,31.9300000000,76832421.0000000000,2285651.0000000000,0.0544900000,0.7683242100,AKShare stock_zh_a_spot / 新浪
688459,哈铁科技,7.9600000000,7.8600000000,7643292.0000000000,962029.0000000000,0.0127200000,0.0764329200,AKShare stock_zh_a_spot / 新浪
688466,金科环境,14.0800000000,13.5500000000,23789736.0000000000,1695164.0000000000,0.0391100000,0.2378973600,AKShare stock_zh_a_spot / 新浪
688468,科美诊断,6.5000000000,6.2000000000,32081150.0000000000,4963425.0000000000,0.0483900000,0.3208115000,AKShare stock_zh_a_spot / 新浪
688469,芯联集成,8.8500000000,9.0200000000,1308173217.0000000000,146000838.0000000000,-0.0188500000,13.0817321700,AKShare stock_zh_a_spot / 新浪
688472,阿特斯,10.2600000000,10.1900000000,304485805.0000000000,29476889.0000000000,0.0068700000,3.0448580500,AKShare stock_zh_a_spot / 新浪
688475,萤石网络,29.6200000000,29.2000000000,116596231.0000000000,3917156.0000000000,0.0143800000,1.1659623100,AKShare stock_zh_a_spot / 新浪
688478,晶升股份,49.7000000000,49.7400000000,277378458.0000000000,5567091.0000000000,-0.0008000000,2.7737845800,AKShare stock_zh_a_spot / 新浪
688479,友车科技,33.5200000000,33.2000000000,50339553.0000000000,1494253.0000000000,0.0096400000,0.5033955300,AKShare stock_zh_a_spot / 新浪
688480,赛恩斯,76.8000000000,76.0900000000,90457128.0000000000,1160893.0000000000,0.0093300000,0.9045712800,AKShare stock_zh_a_spot / 新浪
688484,南芯科技,36.4300000000,35.0500000000,428053312.0000000000,11576904.0000000000,0.0393700000,4.2805331200,AKShare stock_zh_a_spot / 新浪
688485,九州一轨,84.5900000000,86.0000000000,782599873.0000000000,9261688.0000000000,-0.0164000000,7.8259987300,AKShare stock_zh_a_spot / 新浪
688486,龙迅股份,44.2100000000,43.3700000000,139119248.0000000000,3143089.0000000000,0.0193700000,1.3911924800,AKShare stock_zh_a_spot / 新浪
688488,艾迪药业,17.1600000000,17.8500000000,341878543.0000000000,19172401.0000000000,-0.0386600000,3.4187854300,AKShare stock_zh_a_spot / 新浪
688489,三未信安,23.2700000000,22.9000000000,22441843.0000000000,965537.0000000000,0.0161600000,0.2244184300,AKShare stock_zh_a_spot / 新浪
688498,源杰科技,1545.0000000000,1518.1000000000,5103249974.0000000000,3317817.0000000000,0.0177200000,51.0324997400,AKShare stock_zh_a_spot / 新浪
688499,利元亨,34.6700000000,34.0700000000,110627732.0000000000,3187956.0000000000,0.0176100000,1.1062773200,AKShare stock_zh_a_spot / 新浪
688500,慧辰股份,36.4000000000,37.1600000000,64070093.0000000000,1744488.0000000000,-0.0204500000,0.6407009300,AKShare stock_zh_a_spot / 新浪
688501,青达环保,13.2700000000,12.8800000000,31069946.0000000000,2354956.0000000000,0.0302800000,0.3106994600,AKShare stock_zh_a_spot / 新浪
688502,茂莱光学,455.0000000000,459.9900000000,734694696.0000000000,1599672.0000000000,-0.0108500000,7.3469469600,AKShare stock_zh_a_spot / 新浪
688503,聚和材料,94.5300000000,94.2900000000,2162565260.0000000000,22601461.0000000000,0.0025500000,21.6256526000,AKShare stock_zh_a_spot / 新浪
688505,复旦张江,8.8500000000,8.5100000000,230844241.0000000000,25902948.0000000000,0.0399500000,2.3084424100,AKShare stock_zh_a_spot / 新浪
688506,百利天恒,295.8600000000,289.7800000000,632726190.0000000000,2118743.0000000000,0.0209800000,6.3272619000,AKShare stock_zh_a_spot / 新浪
688507,索辰科技,155.5200000000,157.7100000000,737041583.0000000000,4721729.0000000000,-0.0138900000,7.3704158300,AKShare stock_zh_a_spot / 新浪
688508,芯朋微,83.3500000000,82.1300000000,593844802.0000000000,7054357.0000000000,0.0148500000,5.9384480200,AKShare stock_zh_a_spot / 新浪
688509,正元地信,4.2600000000,4.1100000000,30781948.0000000000,7310705.0000000000,0.0365000000,0.3078194800,AKShare stock_zh_a_spot / 新浪
688510,航亚科技,23.5100000000,23.0800000000,137092548.0000000000,5798379.0000000000,0.0186300000,1.3709254800,AKShare stock_zh_a_spot / 新浪
688511,天微电子,21.5300000000,21.4500000000,35255680.0000000000,1619486.0000000000,0.0037300000,0.3525568000,AKShare stock_zh_a_spot / 新浪
688512,慧智微,14.4500000000,14.0700000000,181894490.0000000000,12542980.0000000000,0.0270100000,1.8189449000,AKShare stock_zh_a_spot / 新浪
688513,苑东生物,48.1000000000,45.1400000000,252544469.0000000000,5212850.0000000000,0.0655700000,2.5254446900,AKShare stock_zh_a_spot / 新浪
688515,裕太微,149.8300000000,145.1500000000,447405229.0000000000,2986431.0000000000,0.0322400000,4.4740522900,AKShare stock_zh_a_spot / 新浪
688516,奥特维,40.9200000000,40.8600000000,234907555.0000000000,5723024.0000000000,0.0014700000,2.3490755500,AKShare stock_zh_a_spot / 新浪
688517,金冠电气,16.1000000000,15.6100000000,39060977.0000000000,2437761.0000000000,0.0313900000,0.3906097700,AKShare stock_zh_a_spot / 新浪
688518,联赢激光,19.4600000000,19.2600000000,174906960.0000000000,8979880.0000000000,0.0103800000,1.7490696000,AKShare stock_zh_a_spot / 新浪
688519,南亚新材,282.0000000000,278.5000000000,1617257218.0000000000,5660395.0000000000,0.0125700000,16.1725721800,AKShare stock_zh_a_spot / 新浪
688520,神州细胞,40.9400000000,37.3800000000,404363587.0000000000,9775866.0000000000,0.0952400000,4.0436358700,AKShare stock_zh_a_spot / 新浪
688521,芯原股份,178.3700000000,185.2900000000,4020928613.0000000000,22117402.0000000000,-0.0373500000,40.2092861300,AKShare stock_zh_a_spot / 新浪
688522,纳睿雷达,18.4800000000,18.3900000000,53246442.0000000000,2872352.0000000000,0.0048900000,0.5324644200,AKShare stock_zh_a_spot / 新浪
688523,航天环宇,41.6700000000,43.8900000000,328000139.0000000000,7713895.0000000000,-0.0505800000,3.2800013900,AKShare stock_zh_a_spot / 新浪
688525,佰维存储,234.6700000000,231.7000000000,3981295598.0000000000,16964910.0000000000,0.0128200000,39.8129559800,AKShare stock_zh_a_spot / 新浪
688526,科前生物,13.5500000000,13.1800000000,49499303.0000000000,3617594.0000000000,0.0280700000,0.4949930300,AKShare stock_zh_a_spot / 新浪
688528,秦川物联,9.8000000000,9.4700000000,17841446.0000000000,1836791.0000000000,0.0348500000,0.1784144600,AKShare stock_zh_a_spot / 新浪
688529,豪森智能,15.7500000000,15.3200000000,17235978.0000000000,1099927.0000000000,0.0280700000,0.1723597800,AKShare stock_zh_a_spot / 新浪
688530,欧莱新材,64.7300000000,64.4200000000,581255402.0000000000,8998411.0000000000,0.0048100000,5.8125540200,AKShare stock_zh_a_spot / 新浪
688531,日联科技,133.7300000000,133.0000000000,691360782.0000000000,5130255.0000000000,0.0054900000,6.9136078200,AKShare stock_zh_a_spot / 新浪
688533,上声电子,21.0500000000,20.4700000000,21306210.0000000000,1014442.0000000000,0.0283300000,0.2130621000,AKShare stock_zh_a_spot / 新浪
688535,华海诚科,100.6300000000,100.1500000000,608758584.0000000000,6031954.0000000000,0.0047900000,6.0875858400,AKShare stock_zh_a_spot / 新浪
688536,思瑞浦,309.9400000000,268.8000000000,2891050680.0000000000,9524379.0000000000,0.1530500000,28.9105068000,AKShare stock_zh_a_spot / 新浪
688538,和辉光电,2.3100000000,2.3100000000,90666247.0000000000,39116511.0000000000,0.0000000000,0.9066624700,AKShare stock_zh_a_spot / 新浪
688539,高华科技,25.9300000000,26.5000000000,89006522.0000000000,3406880.0000000000,-0.0215100000,0.8900652200,AKShare stock_zh_a_spot / 新浪
688543,国科军工,37.9400000000,37.8000000000,137774021.0000000000,3610851.0000000000,0.0037000000,1.3777402100,AKShare stock_zh_a_spot / 新浪
688545,兴福电子,82.1600000000,85.2600000000,1081739944.0000000000,13074240.0000000000,-0.0363600000,10.8173994400,AKShare stock_zh_a_spot / 新浪
688548,广钢气体,38.0000000000,37.8800000000,907158613.0000000000,24460055.0000000000,0.0031700000,9.0715861300,AKShare stock_zh_a_spot / 新浪
688549,中巨芯,26.2000000000,27.1900000000,1825681288.0000000000,69390178.0000000000,-0.0364100000,18.2568128800,AKShare stock_zh_a_spot / 新浪
688550,瑞联新材,38.9700000000,39.4500000000,168403590.0000000000,4244911.0000000000,-0.0121700000,1.6840359000,AKShare stock_zh_a_spot / 新浪
688551,科威尔,38.9800000000,38.2100000000,111676336.0000000000,2861958.0000000000,0.0201500000,1.1167633600,AKShare stock_zh_a_spot / 新浪
688552,航天南湖,25.9700000000,25.5800000000,53615735.0000000000,2060586.0000000000,0.0152500000,0.5361573500,AKShare stock_zh_a_spot / 新浪
688553,汇宇制药,12.5500000000,11.8900000000,266757748.0000000000,21222592.0000000000,0.0555100000,2.6675774800,AKShare stock_zh_a_spot / 新浪
688556,高测股份,8.1700000000,8.1600000000,106430625.0000000000,12942009.0000000000,0.0012300000,1.0643062500,AKShare stock_zh_a_spot / 新浪
688557,兰剑智能,22.2300000000,21.0500000000,50880791.0000000000,2326455.0000000000,0.0560600000,0.5088079100,AKShare stock_zh_a_spot / 新浪
688558,国盛智科,32.2000000000,31.6000000000,29978812.0000000000,931081.0000000000,0.0189900000,0.2997881200,AKShare stock_zh_a_spot / 新浪
688559,海目星,53.4100000000,53.0500000000,695516501.0000000000,12950179.0000000000,0.0067900000,6.9551650100,AKShare stock_zh_a_spot / 新浪
688560,明冠新材,11.9300000000,11.7300000000,28493565.0000000000,2385068.0000000000,0.0170500000,0.2849356500,AKShare stock_zh_a_spot / 新浪
688561,奇安信,25.5400000000,25.3300000000,116026426.0000000000,4557991.0000000000,0.0082900000,1.1602642600,AKShare stock_zh_a_spot / 新浪
688562,航天软件,13.8700000000,13.6900000000,32563598.0000000000,2349779.0000000000,0.0131500000,0.3256359800,AKShare stock_zh_a_spot / 新浪
688563,航材股份,49.9000000000,49.8000000000,42637256.0000000000,853615.0000000000,0.0020100000,0.4263725600,AKShare stock_zh_a_spot / 新浪
688565,力源科技,11.0600000000,10.7400000000,18692953.0000000000,1697248.0000000000,0.0298000000,0.1869295300,AKShare stock_zh_a_spot / 新浪
688566,吉贝尔,26.9600000000,26.3900000000,121118427.0000000000,4451757.0000000000,0.0216000000,1.2111842700,AKShare stock_zh_a_spot / 新浪
688567,孚能科技,9.6000000000,9.5300000000,70835784.0000000000,7376221.0000000000,0.0073500000,0.7083578400,AKShare stock_zh_a_spot / 新浪
688568,中科星图,33.0400000000,34.0000000000,311504356.0000000000,9342876.0000000000,-0.0282400000,3.1150435600,AKShare stock_zh_a_spot / 新浪
688569,铁科轨道,19.1400000000,19.7000000000,95341781.0000000000,4955808.0000000000,-0.0284300000,0.9534178100,AKShare stock_zh_a_spot / 新浪
688570,天玛智控,15.5000000000,15.1700000000,22229055.0000000000,1450887.0000000000,0.0217500000,0.2222905500,AKShare stock_zh_a_spot / 新浪
688571,杭华股份,8.6900000000,8.6400000000,37374636.0000000000,4276346.0000000000,0.0057900000,0.3737463600,AKShare stock_zh_a_spot / 新浪
688573,信宇人,16.1700000000,15.6500000000,28556509.0000000000,1779576.0000000000,0.0332300000,0.2855650900,AKShare stock_zh_a_spot / 新浪
688575,亚辉龙,9.8600000000,9.3900000000,203615113.0000000000,20575447.0000000000,0.0500500000,2.0361511300,AKShare stock_zh_a_spot / 新浪
688576,西山科技,42.3800000000,41.0000000000,19975177.0000000000,471486.0000000000,0.0336600000,0.1997517700,AKShare stock_zh_a_spot / 新浪
688577,浙海德曼,41.3500000000,41.0000000000,40131162.0000000000,962814.0000000000,0.0085400000,0.4013116200,AKShare stock_zh_a_spot / 新浪
688578,艾力斯,120.7800000000,116.4800000000,1705333963.0000000000,14231456.0000000000,0.0369200000,17.0533396300,AKShare stock_zh_a_spot / 新浪
688579,地纬智能,8.0300000000,7.7600000000,42515874.0000000000,5331098.0000000000,0.0347900000,0.4251587400,AKShare stock_zh_a_spot / 新浪
688580,伟思医疗,50.4400000000,47.9100000000,137803056.0000000000,2718212.0000000000,0.0528100000,1.3780305600,AKShare stock_zh_a_spot / 新浪
688581,安杰思,53.3600000000,52.1000000000,43202485.0000000000,807566.0000000000,0.0241800000,0.4320248500,AKShare stock_zh_a_spot / 新浪
688582,芯动联科,42.6100000000,41.1500000000,250410461.0000000000,5976153.0000000000,0.0354800000,2.5041046100,AKShare stock_zh_a_spot / 新浪
688583,思看科技,84.4000000000,81.1100000000,186363775.0000000000,2209521.0000000000,0.0405600000,1.8636377500,AKShare stock_zh_a_spot / 新浪
688584,上海合晶,29.6300000000,29.8500000000,458854626.0000000000,15623150.0000000000,-0.0073700000,4.5885462600,AKShare stock_zh_a_spot / 新浪
688585,上纬新材,141.9000000000,152.5000000000,1110775672.0000000000,7953911.0000000000,-0.0695100000,11.1077567200,AKShare stock_zh_a_spot / 新浪
688586,江航装备,10.3600000000,10.1900000000,36374387.0000000000,3529989.0000000000,0.0166800000,0.3637438700,AKShare stock_zh_a_spot / 新浪
688588,凌志软件,9.4400000000,9.2800000000,22144003.0000000000,2346825.0000000000,0.0172400000,0.2214400300,AKShare stock_zh_a_spot / 新浪
688589,力合微,18.3200000000,18.0000000000,42782018.0000000000,2330245.0000000000,0.0177800000,0.4278201800,AKShare stock_zh_a_spot / 新浪
688590,新致软件,12.5800000000,12.4400000000,45515160.0000000000,3618041.0000000000,0.0112500000,0.4551516000,AKShare stock_zh_a_spot / 新浪
688591,泰凌微,26.8000000000,27.0900000000,108916022.0000000000,4028595.0000000000,-0.0107100000,1.0891602200,AKShare stock_zh_a_spot / 新浪
688592,司南导航,24.7200000000,24.0300000000,29307029.0000000000,1185291.0000000000,0.0287100000,0.2930702900,AKShare stock_zh_a_spot / 新浪
688593,新相微,32.3900000000,32.1700000000,465689097.0000000000,14340059.0000000000,0.0068400000,4.6568909700,AKShare stock_zh_a_spot / 新浪
688595,芯海科技,27.9700000000,27.3100000000,75842783.0000000000,2710501.0000000000,0.0241700000,0.7584278300,AKShare stock_zh_a_spot / 新浪
688596,正帆科技,66.2000000000,65.1800000000,1467385698.0000000000,22163353.0000000000,0.0156500000,14.6738569800,AKShare stock_zh_a_spot / 新浪
688597,煜邦电力,6.7900000000,6.7100000000,29843503.0000000000,4412442.0000000000,0.0119200000,0.2984350300,AKShare stock_zh_a_spot / 新浪
688598,金博股份,34.7900000000,33.4500000000,744801900.0000000000,21417303.0000000000,0.0400600000,7.4480190000,AKShare stock_zh_a_spot / 新浪
688599,天合光能,12.7900000000,12.7700000000,233583499.0000000000,18249332.0000000000,0.0015700000,2.3358349900,AKShare stock_zh_a_spot / 新浪
688600,皖仪科技,27.0600000000,26.6900000000,62453688.0000000000,2307193.0000000000,0.0138600000,0.6245368800,AKShare stock_zh_a_spot / 新浪
688601,力芯微,46.3500000000,45.7100000000,145219537.0000000000,3119677.0000000000,0.0140000000,1.4521953700,AKShare stock_zh_a_spot / 新浪
688602,康鹏科技,6.8200000000,6.7100000000,29187494.0000000000,4271093.0000000000,0.0163900000,0.2918749400,AKShare stock_zh_a_spot / 新浪
688603,天承科技,105.0000000000,104.7500000000,371718668.0000000000,3508765.0000000000,0.0023900000,3.7171866800,AKShare stock_zh_a_spot / 新浪
688605,先锋精科,72.7000000000,74.5200000000,326423786.0000000000,4450689.0000000000,-0.0244200000,3.2642378600,AKShare stock_zh_a_spot / 新浪
688606,奥泰生物,49.3000000000,47.2900000000,34188616.0000000000,691236.0000000000,0.0425000000,0.3418861600,AKShare stock_zh_a_spot / 新浪
688607,康众医疗,43.1300000000,41.5100000000,72366848.0000000000,1659037.0000000000,0.0390300000,0.7236684800,AKShare stock_zh_a_spot / 新浪
688608,恒玄科技,110.7700000000,105.1100000000,759497113.0000000000,6978582.0000000000,0.0538500000,7.5949711300,AKShare stock_zh_a_spot / 新浪
688609,九联科技,8.9800000000,8.8900000000,133827527.0000000000,14854342.0000000000,0.0101200000,1.3382752700,AKShare stock_zh_a_spot / 新浪
688610,埃科光电,166.8400000000,161.4500000000,366264030.0000000000,2209137.0000000000,0.0333800000,3.6626403000,AKShare stock_zh_a_spot / 新浪
688611,杭州柯林,64.9200000000,61.8000000000,79332509.0000000000,1235880.0000000000,0.0504900000,0.7933250900,AKShare stock_zh_a_spot / 新浪
688612,威迈斯,33.4000000000,33.6000000000,123073439.0000000000,3676946.0000000000,-0.0059500000,1.2307343900,AKShare stock_zh_a_spot / 新浪
688613,奥精医疗,15.7900000000,14.9600000000,64172018.0000000000,4082133.0000000000,0.0554800000,0.6417201800,AKShare stock_zh_a_spot / 新浪
688615,合合信息,96.7900000000,111.4500000000,1147328772.0000000000,11493144.0000000000,-0.1315400000,11.4732877200,AKShare stock_zh_a_spot / 新浪
688616,西力科技,10.9900000000,10.6500000000,19207331.0000000000,1759511.0000000000,0.0319200000,0.1920733100,AKShare stock_zh_a_spot / 新浪
688617,惠泰医疗,266.2200000000,228.4900000000,1277040627.0000000000,4887699.0000000000,0.1651300000,12.7704062700,AKShare stock_zh_a_spot / 新浪
688618,三旺通信,31.2600000000,29.2900000000,157582207.0000000000,4918265.0000000000,0.0672600000,1.5758220700,AKShare stock_zh_a_spot / 新浪
688619,罗普特,15.4100000000,13.8800000000,113063794.0000000000,7485666.0000000000,0.1102300000,1.1306379400,AKShare stock_zh_a_spot / 新浪
688620,安凯微,15.4200000000,15.0200000000,203694472.0000000000,13228113.0000000000,0.0266300000,2.0369447200,AKShare stock_zh_a_spot / 新浪
688621,阳光诺和,66.4500000000,65.4000000000,475878379.0000000000,6962486.0000000000,0.0160600000,4.7587837900,AKShare stock_zh_a_spot / 新浪
688623,双元科技,58.6800000000,58.9900000000,26552109.0000000000,450414.0000000000,-0.0052600000,0.2655210900,AKShare stock_zh_a_spot / 新浪
688625,呈和科技,57.2400000000,57.2700000000,223483027.0000000000,3886222.0000000000,-0.0005200000,2.2348302700,AKShare stock_zh_a_spot / 新浪
688626,翔宇医疗,45.5800000000,43.1800000000,183986730.0000000000,4032151.0000000000,0.0555800000,1.8398673000,AKShare stock_zh_a_spot / 新浪
688627,精智达,483.6600000000,491.9900000000,2792776129.0000000000,5703034.0000000000,-0.0169300000,27.9277612900,AKShare stock_zh_a_spot / 新浪
688628,优利德,82.3400000000,73.4000000000,689385401.0000000000,8653144.0000000000,0.1218000000,6.8938540100,AKShare stock_zh_a_spot / 新浪
688629,华丰科技,135.6000000000,136.8000000000,1478218042.0000000000,10778614.0000000000,-0.0087700000,14.7821804200,AKShare stock_zh_a_spot / 新浪
688630,芯碁微装,433.0000000000,434.0000000000,2923172487.0000000000,6594720.0000000000,-0.0023000000,29.2317248700,AKShare stock_zh_a_spot / 新浪
688631,莱斯信息,40.1600000000,39.0300000000,46462717.0000000000,1163407.0000000000,0.0289500000,0.4646271700,AKShare stock_zh_a_spot / 新浪
688633,星球石墨,24.1000000000,23.8800000000,43452168.0000000000,1790943.0000000000,0.0092100000,0.4345216800,AKShare stock_zh_a_spot / 新浪
688635,长进光子,336.4700000000,315.2700000000,1191943126.0000000000,3578357.0000000000,0.0672400000,11.9194312600,AKShare stock_zh_a_spot / 新浪
688636,智明达,19.9100000000,19.2800000000,193596833.0000000000,9592328.0000000000,0.0326800000,1.9359683300,AKShare stock_zh_a_spot / 新浪
688638,誉辰智能,33.5300000000,32.3800000000,16225839.0000000000,484405.0000000000,0.0355200000,0.1622583900,AKShare stock_zh_a_spot / 新浪
688639,华恒生物,17.3500000000,16.5900000000,166610809.0000000000,9571664.0000000000,0.0458100000,1.6661080900,AKShare stock_zh_a_spot / 新浪
688646,逸飞激光,71.1200000000,72.0000000000,124403482.0000000000,1736466.0000000000,-0.0122200000,1.2440348200,AKShare stock_zh_a_spot / 新浪
688648,中邮科技,32.0800000000,30.7500000000,99860725.0000000000,3113613.0000000000,0.0432500000,0.9986072500,AKShare stock_zh_a_spot / 新浪
688651,盛邦安全,23.0000000000,22.6900000000,30239373.0000000000,1314394.0000000000,0.0136600000,0.3023937300,AKShare stock_zh_a_spot / 新浪
688652,京仪装备,145.0400000000,142.3100000000,827407656.0000000000,5705296.0000000000,0.0191800000,8.2740765600,AKShare stock_zh_a_spot / 新浪
688653,康希通信,14.7300000000,13.2500000000,396818802.0000000000,27385720.0000000000,0.1117000000,3.9681880200,AKShare stock_zh_a_spot / 新浪
688655,迅捷兴,42.9400000000,41.7800000000,543864224.0000000000,12808568.0000000000,0.0277600000,5.4386422400,AKShare stock_zh_a_spot / 新浪
688656,浩欧博,95.4100000000,92.0500000000,82865886.0000000000,868667.0000000000,0.0365000000,0.8286588600,AKShare stock_zh_a_spot / 新浪
688657,浩辰软件,32.9800000000,32.9300000000,39780645.0000000000,1195378.0000000000,0.0015200000,0.3978064500,AKShare stock_zh_a_spot / 新浪
688658,悦康药业,15.4900000000,12.9100000000,205507689.0000000000,13267120.0000000000,0.1998500000,2.0550768900,AKShare stock_zh_a_spot / 新浪
688659,元琛科技,10.6500000000,10.5200000000,25403949.0000000000,2392290.0000000000,0.0123600000,0.2540394900,AKShare stock_zh_a_spot / 新浪
688660,电气风电,7.9000000000,8.0300000000,116228634.0000000000,14570862.0000000000,-0.0161900000,1.1622863400,AKShare stock_zh_a_spot / 新浪
688661,和林微纳,96.6600000000,96.5200000000,310648229.0000000000,3209592.0000000000,0.0014500000,3.1064822900,AKShare stock_zh_a_spot / 新浪
688662,富信科技,94.6600000000,92.2400000000,1167600839.0000000000,12355952.0000000000,0.0262400000,11.6760083900,AKShare stock_zh_a_spot / 新浪
688663,新风光,55.3400000000,55.7200000000,167870618.0000000000,3060821.0000000000,-0.0068200000,1.6787061800,AKShare stock_zh_a_spot / 新浪
688665,四方光电,43.8800000000,43.9000000000,27722638.0000000000,622291.0000000000,-0.0004600000,0.2772263800,AKShare stock_zh_a_spot / 新浪
688667,菱电电控,92.1300000000,90.6600000000,87717964.0000000000,956225.0000000000,0.0162100000,0.8771796400,AKShare stock_zh_a_spot / 新浪
688668,鼎通科技,245.7500000000,242.5800000000,1299061390.0000000000,5274552.0000000000,0.0130700000,12.9906139000,AKShare stock_zh_a_spot / 新浪
688669,聚石化学,76.7100000000,73.0100000000,269445353.0000000000,3522205.0000000000,0.0506800000,2.6944535300,AKShare stock_zh_a_spot / 新浪
688670,金迪克,17.4300000000,15.3200000000,132880710.0000000000,7496163.0000000000,0.1377300000,1.3288071000,AKShare stock_zh_a_spot / 新浪
688671,碧兴物联,24.4300000000,23.6000000000,23372287.0000000000,961912.0000000000,0.0351700000,0.2337228700,AKShare stock_zh_a_spot / 新浪
688676,金盘科技,67.3100000000,67.8800000000,558051980.0000000000,8261033.0000000000,-0.0084000000,5.5805198000,AKShare stock_zh_a_spot / 新浪
688677,海泰新光,87.5000000000,86.2300000000,1091254274.0000000000,12279894.0000000000,0.0147300000,10.9125427400,AKShare stock_zh_a_spot / 新浪
688678,福立旺,19.7000000000,18.5700000000,399624662.0000000000,20425593.0000000000,0.0608500000,3.9962466200,AKShare stock_zh_a_spot / 新浪
688679,通源环境,39.4900000000,38.0000000000,256316580.0000000000,6502064.0000000000,0.0392100000,2.5631658000,AKShare stock_zh_a_spot / 新浪
688680,海优新材,34.0000000000,33.1100000000,37286474.0000000000,1099077.0000000000,0.0268800000,0.3728647400,AKShare stock_zh_a_spot / 新浪
688681,科汇股份,16.8600000000,16.4200000000,18206302.0000000000,1085211.0000000000,0.0268000000,0.1820630200,AKShare stock_zh_a_spot / 新浪
688682,霍莱沃,31.3000000000,30.9300000000,34877321.0000000000,1112737.0000000000,0.0119600000,0.3487732100,AKShare stock_zh_a_spot / 新浪
688683,莱尔科技,30.0100000000,28.4000000000,81409636.0000000000,2716746.0000000000,0.0566900000,0.8140963600,AKShare stock_zh_a_spot / 新浪
688685,迈信林,40.8100000000,40.1200000000,108945316.0000000000,2666607.0000000000,0.0172000000,1.0894531600,AKShare stock_zh_a_spot / 新浪
688686,奥普特,123.6700000000,115.0000000000,375404635.0000000000,3095648.0000000000,0.0753900000,3.7540463500,AKShare stock_zh_a_spot / 新浪
688687,凯因科技,18.6900000000,17.6700000000,151599005.0000000000,8072279.0000000000,0.0577200000,1.5159900500,AKShare stock_zh_a_spot / 新浪
688689,银河微电,39.6900000000,39.9000000000,228626425.0000000000,5738240.0000000000,-0.0052600000,2.2862642500,AKShare stock_zh_a_spot / 新浪
688690,纳微科技,45.3700000000,42.6000000000,887275877.0000000000,19610586.0000000000,0.0650200000,8.8727587700,AKShare stock_zh_a_spot / 新浪
688691,灿芯股份,64.0200000000,63.6300000000,241219416.0000000000,3743872.0000000000,0.0061300000,2.4121941600,AKShare stock_zh_a_spot / 新浪
688692,达梦数据,248.5000000000,245.4300000000,461130823.0000000000,1821726.0000000000,0.0125100000,4.6113082300,AKShare stock_zh_a_spot / 新浪
688693,锴威特,77.2600000000,77.8200000000,182804039.0000000000,2351113.0000000000,-0.0072000000,1.8280403900,AKShare stock_zh_a_spot / 新浪
688695,中创股份,19.4000000000,18.8300000000,25970570.0000000000,1339232.0000000000,0.0302700000,0.2597057000,AKShare stock_zh_a_spot / 新浪
688696,极米科技,70.5100000000,69.8900000000,39308849.0000000000,552553.0000000000,0.0088700000,0.3930884900,AKShare stock_zh_a_spot / 新浪
688697,纽威数控,14.4400000000,13.9500000000,164710720.0000000000,11316936.0000000000,0.0351300000,1.6471072000,AKShare stock_zh_a_spot / 新浪
688698,伟创电气,45.0000000000,44.5800000000,120950831.0000000000,2688370.0000000000,0.0094200000,1.2095083100,AKShare stock_zh_a_spot / 新浪
688699,明微电子,61.7000000000,59.9900000000,269693124.0000000000,4368704.0000000000,0.0285000000,2.6969312400,AKShare stock_zh_a_spot / 新浪
688700,东威科技,57.2200000000,56.1400000000,611781456.0000000000,10678791.0000000000,0.0192400000,6.1178145600,AKShare stock_zh_a_spot / 新浪
688701,卓锦股份,8.3600000000,8.0400000000,19553243.0000000000,2355043.0000000000,0.0398000000,0.1955324300,AKShare stock_zh_a_spot / 新浪
688702,盛科通信,372.9500000000,378.0000000000,2850417230.0000000000,7564965.0000000000,-0.0133600000,28.5041723000,AKShare stock_zh_a_spot / 新浪
688707,振华新材,10.3000000000,10.1600000000,52516599.0000000000,5107798.0000000000,0.0137800000,0.5251659900,AKShare stock_zh_a_spot / 新浪
688708,佳驰科技,42.4700000000,41.8700000000,60605026.0000000000,1422991.0000000000,0.0143300000,0.6060502600,AKShare stock_zh_a_spot / 新浪
688709,成都华微,25.9200000000,25.7000000000,94630188.0000000000,3635154.0000000000,0.0085600000,0.9463018800,AKShare stock_zh_a_spot / 新浪
688710,益诺思,100.1000000000,91.0700000000,507745935.0000000000,5145066.0000000000,0.0991500000,5.0774593500,AKShare stock_zh_a_spot / 新浪
688711,宏微科技,24.7500000000,25.1000000000,252975557.0000000000,10109092.0000000000,-0.0139400000,2.5297555700,AKShare stock_zh_a_spot / 新浪
688712,北芯生命,33.9500000000,32.5000000000,103060892.0000000000,3042957.0000000000,0.0446200000,1.0306089200,AKShare stock_zh_a_spot / 新浪
688716,中研股份,27.4100000000,27.0600000000,32383214.0000000000,1176822.0000000000,0.0129300000,0.3238321400,AKShare stock_zh_a_spot / 新浪
688717,艾罗能源,57.6500000000,58.7500000000,367195386.0000000000,6306872.0000000000,-0.0187200000,3.6719538600,AKShare stock_zh_a_spot / 新浪
688718,唯赛勃,14.1100000000,13.7500000000,25837036.0000000000,1833937.0000000000,0.0261800000,0.2583703600,AKShare stock_zh_a_spot / 新浪
688719,爱科赛博,49.0500000000,48.0000000000,161962535.0000000000,3330205.0000000000,0.0218700000,1.6196253500,AKShare stock_zh_a_spot / 新浪
688720,艾森股份,67.0500000000,67.3800000000,356214628.0000000000,5269225.0000000000,-0.0049000000,3.5621462800,AKShare stock_zh_a_spot / 新浪
688721,龙图光罩,42.5000000000,43.8800000000,158706322.0000000000,3696287.0000000000,-0.0314500000,1.5870632200,AKShare stock_zh_a_spot / 新浪
688722,同益中,13.8100000000,13.6900000000,26071050.0000000000,1886203.0000000000,0.0087700000,0.2607105000,AKShare stock_zh_a_spot / 新浪
688726,拉普拉斯,44.8000000000,46.1600000000,269372328.0000000000,5874217.0000000000,-0.0294600000,2.6937232800,AKShare stock_zh_a_spot / 新浪
688727,恒坤新材,48.0000000000,48.3300000000,133109929.0000000000,2761095.0000000000,-0.0068300000,1.3310992900,AKShare stock_zh_a_spot / 新浪
688728,格科微,15.9900000000,15.9100000000,387118259.0000000000,24095601.0000000000,0.0050300000,3.8711825900,AKShare stock_zh_a_spot / 新浪
688729,屹唐股份,24.2100000000,24.6000000000,694679088.0000000000,28492672.0000000000,-0.0158500000,6.9467908800,AKShare stock_zh_a_spot / 新浪
688733,壹石通,30.0000000000,30.1600000000,136665184.0000000000,4532433.0000000000,-0.0053100000,1.3666518400,AKShare stock_zh_a_spot / 新浪
688737,中自科技,17.8500000000,17.3100000000,22066103.0000000000,1235567.0000000000,0.0312000000,0.2206610300,AKShare stock_zh_a_spot / 新浪
688739,成大生物,21.5400000000,20.0900000000,221323313.0000000000,10205617.0000000000,0.0721800000,2.2132331300,AKShare stock_zh_a_spot / 新浪
688750,金天钛业,13.9100000000,13.7900000000,31490397.0000000000,2257547.0000000000,0.0087000000,0.3149039700,AKShare stock_zh_a_spot / 新浪
688755,汉邦科技,27.7000000000,27.2800000000,91909901.0000000000,3228953.0000000000,0.0154000000,0.9190990100,AKShare stock_zh_a_spot / 新浪
688757,胜科纳米,32.1700000000,31.7700000000,293719745.0000000000,9088486.0000000000,0.0125900000,2.9371974500,AKShare stock_zh_a_spot / 新浪
688758,赛分科技,29.3000000000,26.9200000000,506551450.0000000000,17628700.0000000000,0.0884100000,5.0655145000,AKShare stock_zh_a_spot / 新浪
688759,必贝特,27.1800000000,26.4600000000,186586941.0000000000,6766209.0000000000,0.0272100000,1.8658694100,AKShare stock_zh_a_spot / 新浪
688765,禾元生物,38.8100000000,36.7800000000,239378947.0000000000,6124187.0000000000,0.0551900000,2.3937894700,AKShare stock_zh_a_spot / 新浪
688766,普冉股份,480.3600000000,447.2000000000,8093737821.0000000000,17779089.0000000000,0.0741500000,80.9373782100,AKShare stock_zh_a_spot / 新浪
688767,博拓生物,40.6000000000,39.1000000000,88954380.0000000000,2191497.0000000000,0.0383600000,0.8895438000,AKShare stock_zh_a_spot / 新浪
688768,容知日新,42.9200000000,40.8100000000,41049522.0000000000,964321.0000000000,0.0517000000,0.4104952200,AKShare stock_zh_a_spot / 新浪
688772,珠海冠宇,14.8700000000,13.9100000000,394376888.0000000000,27224836.0000000000,0.0690200000,3.9437688800,AKShare stock_zh_a_spot / 新浪
688775,影石创新,119.3800000000,118.0000000000,421344902.0000000000,3539804.0000000000,0.0116900000,4.2134490200,AKShare stock_zh_a_spot / 新浪
688776,国光电气,46.7400000000,46.6400000000,63136419.0000000000,1353126.0000000000,0.0021400000,0.6313641900,AKShare stock_zh_a_spot / 新浪
688777,中控技术,91.7000000000,89.3500000000,1408884472.0000000000,15189564.0000000000,0.0263000000,14.0888447200,AKShare stock_zh_a_spot / 新浪
688778,厦钨新能,45.9400000000,46.4900000000,228491583.0000000000,4938703.0000000000,-0.0118300000,2.2849158300,AKShare stock_zh_a_spot / 新浪
688779,五矿新能,8.1300000000,8.1400000000,311921321.0000000000,38469550.0000000000,-0.0012300000,3.1192132100,AKShare stock_zh_a_spot / 新浪
688781,视涯科技,39.2800000000,37.6500000000,92632900.0000000000,2377091.0000000000,0.0432900000,0.9263290000,AKShare stock_zh_a_spot / 新浪
688783,西安奕材,31.5000000000,34.3000000000,1622326232.0000000000,50536549.0000000000,-0.0816300000,16.2232623200,AKShare stock_zh_a_spot / 新浪
688785,恒运昌,270.5000000000,271.7500000000,145511152.0000000000,532441.0000000000,-0.0046000000,1.4551115200,AKShare stock_zh_a_spot / 新浪
688786,悦安新材,27.6800000000,27.3000000000,174593362.0000000000,6270185.0000000000,0.0139200000,1.7459336200,AKShare stock_zh_a_spot / 新浪
688787,海天瑞声,105.8200000000,103.7000000000,252490808.0000000000,2376458.0000000000,0.0204400000,2.5249080800,AKShare stock_zh_a_spot / 新浪
688788,科思科技,30.4600000000,27.9600000000,200907969.0000000000,6720003.0000000000,0.0894100000,2.0090796900,AKShare stock_zh_a_spot / 新浪
688789,宏华数科,47.8900000000,46.6300000000,83637293.0000000000,1749119.0000000000,0.0270200000,0.8363729300,AKShare stock_zh_a_spot / 新浪
688790,昂瑞微,96.7600000000,96.5900000000,27176593.0000000000,279811.0000000000,0.0017600000,0.2717659300,AKShare stock_zh_a_spot / 新浪
688793,倍轻松,20.6300000000,19.8500000000,49066278.0000000000,2367188.0000000000,0.0392900000,0.4906627800,AKShare stock_zh_a_spot / 新浪
688795,摩尔线程,546.9900000000,548.0000000000,442541507.0000000000,809900.0000000000,-0.0018400000,4.4254150700,AKShare stock_zh_a_spot / 新浪
688796,百奥赛图,138.1800000000,131.6000000000,644500078.0000000000,4541987.0000000000,0.0500000000,6.4450007800,AKShare stock_zh_a_spot / 新浪
688797,臻宝科技,307.3100000000,311.0800000000,882009519.0000000000,2855142.0000000000,-0.0121200000,8.8200951900,AKShare stock_zh_a_spot / 新浪
688798,艾为电子,53.9900000000,53.1400000000,167569690.0000000000,3083909.0000000000,0.0160000000,1.6756969000,AKShare stock_zh_a_spot / 新浪
688799,华纳药厂,45.2400000000,42.9600000000,217347306.0000000000,4767112.0000000000,0.0530700000,2.1734730600,AKShare stock_zh_a_spot / 新浪
688800,瑞可达,61.0500000000,57.5100000000,929747929.0000000000,15300236.0000000000,0.0615500000,9.2974792900,AKShare stock_zh_a_spot / 新浪
688802,沐曦股份,711.9900000000,729.0000000000,552094362.0000000000,769507.0000000000,-0.0233300000,5.5209436200,AKShare stock_zh_a_spot / 新浪
688805,健信超导,39.7500000000,38.3300000000,53820926.0000000000,1354396.0000000000,0.0370500000,0.5382092600,AKShare stock_zh_a_spot / 新浪
688806,泰诺麦博,27.9500000000,25.6500000000,347891859.0000000000,12315356.0000000000,0.0896700000,3.4789185900,AKShare stock_zh_a_spot / 新浪
688807,优迅股份,310.0000000000,289.7400000000,955190774.0000000000,3108188.0000000000,0.0699200000,9.5519077400,AKShare stock_zh_a_spot / 新浪
688808,联讯仪器,2314.0100000000,2221.0200000000,2641278531.0000000000,1136608.0000000000,0.0418700000,26.4127853100,AKShare stock_zh_a_spot / 新浪
688809,强一股份,454.2300000000,465.1500000000,757331160.0000000000,1651937.0000000000,-0.0234800000,7.5733116000,AKShare stock_zh_a_spot / 新浪
688811,有研复材,21.5800000000,22.0200000000,108549742.0000000000,4948880.0000000000,-0.0199800000,1.0854974200,AKShare stock_zh_a_spot / 新浪
688813,泰金新能,113.5300000000,110.0800000000,400117603.0000000000,3528151.0000000000,0.0313400000,4.0011760300,AKShare stock_zh_a_spot / 新浪
688816,易思维,48.6000000000,48.0100000000,15717334.0000000000,322934.0000000000,0.0122900000,0.1571733400,AKShare stock_zh_a_spot / 新浪
688818,电科蓝天,45.8800000000,46.0800000000,504719342.0000000000,10849901.0000000000,-0.0043400000,5.0471934200,AKShare stock_zh_a_spot / 新浪
688819,天能股份,21.7000000000,21.4000000000,36366640.0000000000,1677434.0000000000,0.0140200000,0.3636664000,AKShare stock_zh_a_spot / 新浪
688820,盛合晶微,127.9800000000,141.0000000000,2987530285.0000000000,23240517.0000000000,-0.0923400000,29.8753028500,AKShare stock_zh_a_spot / 新浪
688825,长鑫科技,57.5700000000,57.5500000000,16965735081.0000000000,296418334.0000000000,0.0003500000,169.6573508100,AKShare stock_zh_a_spot / 新浪
688828,国仪公司,81.1600000000,79.4200000000,396812205.0000000000,5035562.0000000000,0.0219100000,3.9681220500,AKShare stock_zh_a_spot / 新浪
688981,中芯国际,125.5000000000,128.0100000000,5091168955.0000000000,40127002.0000000000,-0.0196100000,50.9116895500,AKShare stock_zh_a_spot / 新浪
000001,平安银行,11.4000000000,11.2700000000,1338932697.0000000000,118357823.0000000000,0.0115400000,13.3893269700,AKShare stock_zh_a_spot / 新浪
000002,万 科Ａ,3.1400000000,3.0700000000,445542657.0000000000,142371423.0000000000,0.0228000000,4.4554265700,AKShare stock_zh_a_spot / 新浪
000006,深振业Ａ,7.1400000000,6.9100000000,166100875.0000000000,23357072.0000000000,0.0332900000,1.6610087500,AKShare stock_zh_a_spot / 新浪
000007,全新好,12.0900000000,10.9900000000,214508937.0000000000,18114985.0000000000,0.1000900000,2.1450893700,AKShare stock_zh_a_spot / 新浪
000008,神州高铁,2.4200000000,2.3800000000,75664051.0000000000,31352876.0000000000,0.0168100000,0.7566405100,AKShare stock_zh_a_spot / 新浪
000009,中国宝安,7.5000000000,7.4100000000,165276579.0000000000,21989996.0000000000,0.0121500000,1.6527657900,AKShare stock_zh_a_spot / 新浪
000011,深物业A,8.2100000000,8.0400000000,83184857.0000000000,10158900.0000000000,0.0211400000,0.8318485700,AKShare stock_zh_a_spot / 新浪
000012,南 玻Ａ,3.7500000000,3.7300000000,72347102.0000000000,19306010.0000000000,0.0053600000,0.7234710200,AKShare stock_zh_a_spot / 新浪
000014,沙河股份,10.1300000000,9.8500000000,53624282.0000000000,5325240.0000000000,0.0284300000,0.5362428200,AKShare stock_zh_a_spot / 新浪
000017,深中华A,6.4600000000,5.8700000000,66504400.0000000000,10470621.0000000000,0.1005100000,0.6650440000,AKShare stock_zh_a_spot / 新浪
000019,深粮控股,6.8600000000,6.7700000000,315525623.0000000000,47240206.0000000000,0.0132900000,3.1552562300,AKShare stock_zh_a_spot / 新浪
000020,深华发Ａ,12.3700000000,13.7400000000,184128221.0000000000,14840167.0000000000,-0.0997100000,1.8412822100,AKShare stock_zh_a_spot / 新浪
000021,深科技,37.5300000000,37.4400000000,2909156798.0000000000,77132456.0000000000,0.0024000000,29.0915679800,AKShare stock_zh_a_spot / 新浪
000025,特 力Ａ,15.4800000000,15.6900000000,265845153.0000000000,17254832.0000000000,-0.0133800000,2.6584515300,AKShare stock_zh_a_spot / 新浪
000026,飞亚达,21.1600000000,21.0500000000,218120112.0000000000,10208700.0000000000,0.0052300000,2.1812011200,AKShare stock_zh_a_spot / 新浪
000027,深圳能源,6.1400000000,6.1100000000,83327647.0000000000,13579819.0000000000,0.0049100000,0.8332764700,AKShare stock_zh_a_spot / 新浪
000028,国药一致,19.8400000000,19.9400000000,92319303.0000000000,4614904.0000000000,-0.0050200000,0.9231930300,AKShare stock_zh_a_spot / 新浪
000029,深深房Ａ,22.3000000000,22.6000000000,109261311.0000000000,4852821.0000000000,-0.0132700000,1.0926131100,AKShare stock_zh_a_spot / 新浪
000030,富奥股份,4.3300000000,4.2700000000,32914798.0000000000,7616835.0000000000,0.0140500000,0.3291479800,AKShare stock_zh_a_spot / 新浪
000031,大悦城,2.2100000000,2.1200000000,110876472.0000000000,50838980.0000000000,0.0424500000,1.1087647200,AKShare stock_zh_a_spot / 新浪
000032,深桑达Ａ,14.4400000000,14.3000000000,457874237.0000000000,31816760.0000000000,0.0097900000,4.5787423700,AKShare stock_zh_a_spot / 新浪
000034,神州数码,23.8200000000,23.8100000000,475493720.0000000000,19941461.0000000000,0.0004200000,4.7549372000,AKShare stock_zh_a_spot / 新浪
000035,中国天楹,4.5700000000,4.5400000000,107482645.0000000000,23375370.0000000000,0.0066100000,1.0748264500,AKShare stock_zh_a_spot / 新浪
000036,华联控股,3.9900000000,3.9000000000,99556396.0000000000,25023583.0000000000,0.0230800000,0.9955639600,AKShare stock_zh_a_spot / 新浪
000037,深南电A,9.3600000000,9.5600000000,130820702.0000000000,13881010.0000000000,-0.0209200000,1.3082070200,AKShare stock_zh_a_spot / 新浪
000039,中集集团,9.2000000000,9.3100000000,300247120.0000000000,32231854.0000000000,-0.0118200000,3.0024712000,AKShare stock_zh_a_spot / 新浪
000042,中洲控股,9.0500000000,8.8200000000,66426839.0000000000,7373125.0000000000,0.0260800000,0.6642683900,AKShare stock_zh_a_spot / 新浪
000045,深纺织Ａ,10.2400000000,10.0400000000,60939718.0000000000,5984300.0000000000,0.0199200000,0.6093971800,AKShare stock_zh_a_spot / 新浪
000048,京基智农,22.4300000000,22.4500000000,271289205.0000000000,12071988.0000000000,-0.0008900000,2.7128920500,AKShare stock_zh_a_spot / 新浪
000049,德赛电池,23.5300000000,23.5400000000,168378035.0000000000,7148337.0000000000,-0.0004200000,1.6837803500,AKShare stock_zh_a_spot / 新浪
000050,深天马Ａ,6.5300000000,6.4100000000,137346891.0000000000,21102303.0000000000,0.0187200000,1.3734689100,AKShare stock_zh_a_spot / 新浪
000055,方大集团,3.5500000000,3.5000000000,24043762.0000000000,6792640.0000000000,0.0142900000,0.2404376200,AKShare stock_zh_a_spot / 新浪
000058,深 赛 格,6.7300000000,6.5800000000,44088916.0000000000,6585802.0000000000,0.0228000000,0.4408891600,AKShare stock_zh_a_spot / 新浪
000059,华锦股份,4.8700000000,5.0700000000,520862289.0000000000,105893631.0000000000,-0.0394500000,5.2086228900,AKShare stock_zh_a_spot / 新浪
000060,中金岭南,6.5100000000,6.4300000000,685255312.0000000000,104348836.0000000000,0.0124400000,6.8525531200,AKShare stock_zh_a_spot / 新浪
000061,农 产 品,5.8000000000,5.7900000000,185554719.0000000000,32158492.0000000000,0.0017300000,1.8555471900,AKShare stock_zh_a_spot / 新浪
000062,深圳华强,22.2400000000,22.2000000000,299524023.0000000000,13395371.0000000000,0.0018000000,2.9952402300,AKShare stock_zh_a_spot / 新浪
000063,中兴通讯,33.8400000000,33.6700000000,1990448247.0000000000,58825108.0000000000,0.0050500000,19.9044824700,AKShare stock_zh_a_spot / 新浪
000065,北方国际,8.9300000000,8.7600000000,112071302.0000000000,12542574.0000000000,0.0194100000,1.1207130200,AKShare stock_zh_a_spot / 新浪
000066,中国长城,14.1500000000,14.2800000000,980042578.0000000000,68683932.0000000000,-0.0091000000,9.8004257800,AKShare stock_zh_a_spot / 新浪
000068,华控赛格,3.0400000000,3.0100000000,29227033.0000000000,9624400.0000000000,0.0099700000,0.2922703300,AKShare stock_zh_a_spot / 新浪
000069,华侨城Ａ,1.7900000000,1.7600000000,91345898.0000000000,51049008.0000000000,0.0170500000,0.9134589800,AKShare stock_zh_a_spot / 新浪
000070,特发信息,14.6000000000,14.2000000000,567029349.0000000000,38961406.0000000000,0.0281700000,5.6702934900,AKShare stock_zh_a_spot / 新浪
000088,盐 田 港,4.4700000000,4.4300000000,106940673.0000000000,24053471.0000000000,0.0090300000,1.0694067300,AKShare stock_zh_a_spot / 新浪
000089,深圳机场,6.4700000000,6.4300000000,120282998.0000000000,18654410.0000000000,0.0062200000,1.2028299800,AKShare stock_zh_a_spot / 新浪
000090,天健集团,3.5000000000,3.4300000000,52613887.0000000000,15140889.0000000000,0.0204100000,0.5261388700,AKShare stock_zh_a_spot / 新浪
000096,广聚能源,7.9200000000,7.8100000000,47061771.0000000000,5966800.0000000000,0.0140800000,0.4706177100,AKShare stock_zh_a_spot / 新浪
000099,中信海直,13.8000000000,13.6500000000,80317367.0000000000,5805372.0000000000,0.0109900000,0.8031736700,AKShare stock_zh_a_spot / 新浪
000100,TCL科技,5.0300000000,5.0500000000,2090065411.0000000000,412989965.0000000000,-0.0039600000,20.9006541100,AKShare stock_zh_a_spot / 新浪
000151,中成股份,10.0100000000,9.8600000000,43755832.0000000000,4363500.0000000000,0.0152100000,0.4375583200,AKShare stock_zh_a_spot / 新浪
000153,丰原药业,6.2500000000,6.6100000000,516233999.0000000000,81612457.0000000000,-0.0544600000,5.1623399900,AKShare stock_zh_a_spot / 新浪
000155,川能动力,11.7600000000,11.7200000000,245200749.0000000000,20840009.0000000000,0.0034100000,2.4520074900,AKShare stock_zh_a_spot / 新浪
000156,华数传媒,6.6800000000,6.6500000000,50491939.0000000000,7541035.0000000000,0.0045100000,0.5049193900,AKShare stock_zh_a_spot / 新浪
000157,中联重科,7.0200000000,6.8700000000,292422628.0000000000,41975209.0000000000,0.0218300000,2.9242262800,AKShare stock_zh_a_spot / 新浪
000158,常山北明,12.9000000000,13.0000000000,409289870.0000000000,31532697.0000000000,-0.0076900000,4.0928987000,AKShare stock_zh_a_spot / 新浪
000159,国际实业,5.7300000000,5.6700000000,49017151.0000000000,8532900.0000000000,0.0105800000,0.4901715100,AKShare stock_zh_a_spot / 新浪
000166,申万宏源,4.4300000000,4.4100000000,213222497.0000000000,48266845.0000000000,0.0045400000,2.1322249700,AKShare stock_zh_a_spot / 新浪
000301,东方盛虹,13.5200000000,13.3400000000,556807490.0000000000,40867254.0000000000,0.0134900000,5.5680749000,AKShare stock_zh_a_spot / 新浪
000333,美的集团,85.3800000000,84.7200000000,2237151428.0000000000,26335546.0000000000,0.0077900000,22.3715142800,AKShare stock_zh_a_spot / 新浪
000338,潍柴动力,28.3000000000,28.3800000000,1541830859.0000000000,54459196.0000000000,-0.0028200000,15.4183085900,AKShare stock_zh_a_spot / 新浪
000400,许继电气,21.8600000000,22.3300000000,571987002.0000000000,26116212.0000000000,-0.0210500000,5.7198700200,AKShare stock_zh_a_spot / 新浪
000401,金隅冀东,3.5300000000,3.4900000000,36249831.0000000000,10314010.0000000000,0.0114600000,0.3624983100,AKShare stock_zh_a_spot / 新浪
000402,金 融 街,2.5000000000,2.4300000000,125005125.0000000000,50346806.0000000000,0.0288100000,1.2500512500,AKShare stock_zh_a_spot / 新浪
000403,派林生物,11.0400000000,10.7100000000,210256409.0000000000,18948985.0000000000,0.0308100000,2.1025640900,AKShare stock_zh_a_spot / 新浪
000404,长虹华意,7.0800000000,7.0800000000,50764212.0000000000,7172415.0000000000,0.0000000000,0.5076421200,AKShare stock_zh_a_spot / 新浪
000407,胜利股份,4.1400000000,4.2300000000,143068192.0000000000,34542083.0000000000,-0.0212800000,1.4306819200,AKShare stock_zh_a_spot / 新浪
000408,藏格矿业,77.1000000000,75.5600000000,1217469299.0000000000,15635134.0000000000,0.0203800000,12.1746929900,AKShare stock_zh_a_spot / 新浪
000409,云鼎科技,8.5200000000,8.4200000000,30716479.0000000000,3607608.0000000000,0.0118800000,0.3071647900,AKShare stock_zh_a_spot / 新浪
000410,沈阳机床,5.0300000000,5.0100000000,104413335.0000000000,20722900.0000000000,0.0039900000,1.0441333500,AKShare stock_zh_a_spot / 新浪
000411,英特集团,9.9500000000,9.7200000000,43646255.0000000000,4383360.0000000000,0.0236600000,0.4364625500,AKShare stock_zh_a_spot / 新浪
000415,渤海租赁,4.6100000000,4.5600000000,223116682.0000000000,48114780.0000000000,0.0109600000,2.2311668200,AKShare stock_zh_a_spot / 新浪
000417,合百集团,5.6200000000,5.6100000000,115291773.0000000000,20496900.0000000000,0.0017800000,1.1529177300,AKShare stock_zh_a_spot / 新浪
000419,通程控股,4.9800000000,4.9000000000,29789017.0000000000,6009800.0000000000,0.0163300000,0.2978901700,AKShare stock_zh_a_spot / 新浪
000420,吉林化纤,3.6600000000,3.6000000000,107705089.0000000000,29469224.0000000000,0.0166700000,1.0770508900,AKShare stock_zh_a_spot / 新浪
000421,南京公用,5.8800000000,5.5700000000,252161039.0000000000,42305870.0000000000,0.0556600000,2.5216103900,AKShare stock_zh_a_spot / 新浪
000422,湖北宜化,12.4600000000,12.6300000000,268430544.0000000000,21407021.0000000000,-0.0134600000,2.6843054400,AKShare stock_zh_a_spot / 新浪
000423,东阿阿胶,51.6000000000,51.7400000000,240526865.0000000000,4642267.0000000000,-0.0027100000,2.4052686500,AKShare stock_zh_a_spot / 新浪
000425,徐工机械,8.1100000000,8.0600000000,643881984.0000000000,79324929.0000000000,0.0062000000,6.4388198400,AKShare stock_zh_a_spot / 新浪
000426,兴业银锡,38.5600000000,35.9600000000,3702467075.0000000000,95080113.0000000000,0.0723000000,37.0246707500,AKShare stock_zh_a_spot / 新浪
000428,华天酒店,4.0300000000,3.9400000000,143275683.0000000000,35737008.0000000000,0.0228400000,1.4327568300,AKShare stock_zh_a_spot / 新浪
000429,粤高速Ａ,13.0800000000,13.1000000000,113997323.0000000000,8745997.0000000000,-0.0015300000,1.1399732300,AKShare stock_zh_a_spot / 新浪
000430,张家界,6.6300000000,6.4600000000,46045872.0000000000,6999500.0000000000,0.0263200000,0.4604587200,AKShare stock_zh_a_spot / 新浪
000498,山东路桥,4.9700000000,4.9500000000,37732433.0000000000,7603280.0000000000,0.0040400000,0.3773243300,AKShare stock_zh_a_spot / 新浪
000501,武商集团,7.1300000000,7.0500000000,46394347.0000000000,6538300.0000000000,0.0113500000,0.4639434700,AKShare stock_zh_a_spot / 新浪
000503,国新健康,7.2000000000,6.7100000000,331367433.0000000000,46046426.0000000000,0.0730300000,3.3136743300,AKShare stock_zh_a_spot / 新浪
000504,南华生物,8.6600000000,8.4300000000,65722398.0000000000,7530500.0000000000,0.0272800000,0.6572239800,AKShare stock_zh_a_spot / 新浪
000505,京粮控股,7.4900000000,7.4700000000,933785509.0000000000,131101184.0000000000,0.0026800000,9.3378550900,AKShare stock_zh_a_spot / 新浪
000506,招金黄金,19.4500000000,18.3600000000,2593229504.0000000000,131564447.0000000000,0.0593700000,25.9322950400,AKShare stock_zh_a_spot / 新浪
000507,珠海港,5.0100000000,4.9600000000,54115629.0000000000,10791366.0000000000,0.0100800000,0.5411562900,AKShare stock_zh_a_spot / 新浪
000509,华塑控股,3.2900000000,3.2100000000,49915346.0000000000,15240150.0000000000,0.0249200000,0.4991534600,AKShare stock_zh_a_spot / 新浪
000510,新金路,16.2600000000,15.4600000000,853134204.0000000000,52100900.0000000000,0.0517500000,8.5313420400,AKShare stock_zh_a_spot / 新浪
000513,丽珠集团,30.6000000000,29.7200000000,401972325.0000000000,13097170.0000000000,0.0296100000,4.0197232500,AKShare stock_zh_a_spot / 新浪
000514,渝 开 发,4.0500000000,3.9100000000,56440570.0000000000,14036233.0000000000,0.0358100000,0.5644057000,AKShare stock_zh_a_spot / 新浪
000516,国际医学,4.3100000000,4.1900000000,137977821.0000000000,32138550.0000000000,0.0286400000,1.3797782100,AKShare stock_zh_a_spot / 新浪
000517,荣安地产,2.4700000000,2.2700000000,183489149.0000000000,76548418.0000000000,0.0881100000,1.8348914900,AKShare stock_zh_a_spot / 新浪
000518,四环生物,3.6900000000,3.6800000000,248797319.0000000000,66315822.0000000000,0.0027200000,2.4879731900,AKShare stock_zh_a_spot / 新浪
000519,中兵红箭,14.2100000000,14.2900000000,380103415.0000000000,26543366.0000000000,-0.0056000000,3.8010341500,AKShare stock_zh_a_spot / 新浪
000520,凤凰航运,4.4100000000,4.0100000000,135718201.0000000000,31306984.0000000000,0.0997500000,1.3571820100,AKShare stock_zh_a_spot / 新浪
000521,长虹美菱,4.8200000000,4.7400000000,31322670.0000000000,6522900.0000000000,0.0168800000,0.3132267000,AKShare stock_zh_a_spot / 新浪
000523,红棉股份,3.5300000000,3.2100000000,646299417.0000000000,198924435.0000000000,0.0996900000,6.4629941700,AKShare stock_zh_a_spot / 新浪
000524,岭南控股,9.6900000000,9.5500000000,133618775.0000000000,13801212.0000000000,0.0146600000,1.3361877500,AKShare stock_zh_a_spot / 新浪
000525,红太阳,4.6000000000,4.9500000000,359000941.0000000000,77218780.0000000000,-0.0707100000,3.5900094100,AKShare stock_zh_a_spot / 新浪
000526,学大教育,37.5500000000,39.0900000000,697679237.0000000000,18646285.0000000000,-0.0394000000,6.9767923700,AKShare stock_zh_a_spot / 新浪
000528,柳 工,8.0700000000,8.0200000000,164291258.0000000000,20321279.0000000000,0.0062300000,1.6429125800,AKShare stock_zh_a_spot / 新浪
000529,广弘控股,5.0000000000,4.9100000000,22480700.0000000000,4524120.0000000000,0.0183300000,0.2248070000,AKShare stock_zh_a_spot / 新浪
000530,冰山冷热,4.8900000000,4.8300000000,40589944.0000000000,8309142.0000000000,0.0124200000,0.4058994400,AKShare stock_zh_a_spot / 新浪
000531,穗恒运Ａ,5.6100000000,5.5700000000,26726095.0000000000,4762593.0000000000,0.0071800000,0.2672609500,AKShare stock_zh_a_spot / 新浪
000532,华金资本,11.0400000000,10.7600000000,88944625.0000000000,8037006.0000000000,0.0260200000,0.8894462500,AKShare stock_zh_a_spot / 新浪
000533,顺钠股份,10.8300000000,10.8000000000,489592245.0000000000,44693633.0000000000,0.0027800000,4.8959224500,AKShare stock_zh_a_spot / 新浪
000534,万泽股份,27.0800000000,27.0200000000,259005317.0000000000,9464536.0000000000,0.0022200000,2.5900531700,AKShare stock_zh_a_spot / 新浪
000536,华映科技,3.1600000000,3.0900000000,102785338.0000000000,32645535.0000000000,0.0226500000,1.0278533800,AKShare stock_zh_a_spot / 新浪
000537,绿发电力,7.9100000000,8.0100000000,199586569.0000000000,25258464.0000000000,-0.0124800000,1.9958656900,AKShare stock_zh_a_spot / 新浪
000538,云南白药,50.2100000000,49.7500000000,359670083.0000000000,7164321.0000000000,0.0092500000,3.5967008300,AKShare stock_zh_a_spot / 新浪
000539,粤电力Ａ,5.3400000000,5.3600000000,221778957.0000000000,41544530.0000000000,-0.0037300000,2.2177895700,AKShare stock_zh_a_spot / 新浪
000541,佛山照明,4.8700000000,4.8300000000,23281366.0000000000,4778819.0000000000,0.0082800000,0.2328136600,AKShare stock_zh_a_spot / 新浪
000543,皖能电力,7.4800000000,7.4400000000,110854672.0000000000,14808986.0000000000,0.0053800000,1.1085467200,AKShare stock_zh_a_spot / 新浪
000544,中原环保,7.3500000000,7.2400000000,25181902.0000000000,3438750.0000000000,0.0151900000,0.2518190200,AKShare stock_zh_a_spot / 新浪
000545,金浦钛业,2.5100000000,2.4400000000,69355946.0000000000,27778000.0000000000,0.0286900000,0.6935594600,AKShare stock_zh_a_spot / 新浪
000546,金圆股份,4.6500000000,4.5800000000,56607865.0000000000,12141200.0000000000,0.0152800000,0.5660786500,AKShare stock_zh_a_spot / 新浪
000547,航天发展,13.8600000000,14.3300000000,1089360279.0000000000,78213382.0000000000,-0.0328000000,10.8936027900,AKShare stock_zh_a_spot / 新浪
000548,湖南投资,4.4900000000,4.3900000000,26337762.0000000000,5882902.0000000000,0.0227800000,0.2633776200,AKShare stock_zh_a_spot / 新浪
000550,江铃汽车,16.3700000000,16.1700000000,58411499.0000000000,3574564.0000000000,0.0123700000,0.5841149900,AKShare stock_zh_a_spot / 新浪
000551,创元科技,12.6000000000,12.8100000000,290225488.0000000000,22854352.0000000000,-0.0163900000,2.9022548800,AKShare stock_zh_a_spot / 新浪
000552,甘肃能化,2.5700000000,2.5400000000,230356675.0000000000,89231276.0000000000,0.0118100000,2.3035667500,AKShare stock_zh_a_spot / 新浪
000553,安道麦A,5.5000000000,5.5000000000,48913729.0000000000,8921752.0000000000,0.0000000000,0.4891372900,AKShare stock_zh_a_spot / 新浪
000554,泰山石油,6.3900000000,6.3900000000,93144896.0000000000,14469134.0000000000,0.0000000000,0.9314489600,AKShare stock_zh_a_spot / 新浪
000555,神州信息,10.1600000000,9.9300000000,183347498.0000000000,18044351.0000000000,0.0231600000,1.8334749800,AKShare stock_zh_a_spot / 新浪
000557,西部创业,3.6700000000,3.5600000000,33561056.0000000000,9257850.0000000000,0.0309000000,0.3356105600,AKShare stock_zh_a_spot / 新浪
000558,天府文旅,3.4400000000,3.3400000000,71881454.0000000000,21121650.0000000000,0.0299400000,0.7188145400,AKShare stock_zh_a_spot / 新浪
000559,万向钱潮,10.8800000000,11.0100000000,325852183.0000000000,29715584.0000000000,-0.0118100000,3.2585218300,AKShare stock_zh_a_spot / 新浪
000560,我爱我家,2.3300000000,2.3800000000,1108442372.0000000000,472410706.0000000000,-0.0210100000,11.0844237200,AKShare stock_zh_a_spot / 新浪
000561,烽火电子,7.3900000000,7.2500000000,55533640.0000000000,7576700.0000000000,0.0193100000,0.5553364000,AKShare stock_zh_a_spot / 新浪
000563,陕国投Ａ,2.9500000000,2.9200000000,105280931.0000000000,35741152.0000000000,0.0102700000,1.0528093100,AKShare stock_zh_a_spot / 新浪
000564,供销大集,1.4700000000,1.4900000000,655670114.0000000000,446370254.0000000000,-0.0134200000,6.5567011400,AKShare stock_zh_a_spot / 新浪
000565,渝三峡Ａ,6.0200000000,6.2100000000,142677568.0000000000,23752518.0000000000,-0.0306000000,1.4267756800,AKShare stock_zh_a_spot / 新浪
000566,海南海药,5.1800000000,5.0200000000,731082847.0000000000,139593218.0000000000,0.0318700000,7.3108284700,AKShare stock_zh_a_spot / 新浪
000567,海德股份,6.0200000000,5.9600000000,74716341.0000000000,12396380.0000000000,0.0100700000,0.7471634100,AKShare stock_zh_a_spot / 新浪
000568,泸州老窖,86.1100000000,84.5000000000,681214547.0000000000,7959313.0000000000,0.0190500000,6.8121454700,AKShare stock_zh_a_spot / 新浪
000570,苏常柴Ａ,5.0600000000,4.9900000000,49185583.0000000000,9769365.0000000000,0.0140300000,0.4918558300,AKShare stock_zh_a_spot / 新浪
000571,新大洲A,6.0200000000,5.8000000000,228622437.0000000000,37587816.0000000000,0.0379300000,2.2862243700,AKShare stock_zh_a_spot / 新浪
000572,海马汽车,3.8400000000,3.7200000000,121935154.0000000000,32055977.0000000000,0.0322600000,1.2193515400,AKShare stock_zh_a_spot / 新浪
000573,粤宏远Ａ,3.6700000000,3.5800000000,43666418.0000000000,12003991.0000000000,0.0251400000,0.4366641800,AKShare stock_zh_a_spot / 新浪
000576,甘化科工,7.1300000000,7.0700000000,47966081.0000000000,6713300.0000000000,0.0084900000,0.4796608100,AKShare stock_zh_a_spot / 新浪
000581,威孚高科,17.3800000000,17.2300000000,80101481.0000000000,4603000.0000000000,0.0087100000,0.8010148100,AKShare stock_zh_a_spot / 新浪
000582,北部湾港,10.8700000000,10.7500000000,438869049.0000000000,40799387.0000000000,0.0111600000,4.3886904900,AKShare stock_zh_a_spot / 新浪
000586,汇源通信,12.5100000000,12.1300000000,48553002.0000000000,3903528.0000000000,0.0313300000,0.4855300200,AKShare stock_zh_a_spot / 新浪
000589,贵州轮胎,4.2500000000,4.2200000000,68070543.0000000000,16011868.0000000000,0.0071100000,0.6807054300,AKShare stock_zh_a_spot / 新浪
000590,古汉医药,9.6900000000,8.8100000000,33544631.0000000000,3482331.0000000000,0.0998900000,0.3354463100,AKShare stock_zh_a_spot / 新浪
000591,太阳能,4.2400000000,4.2300000000,104356929.0000000000,24619834.0000000000,0.0023600000,1.0435692900,AKShare stock_zh_a_spot / 新浪
000592,平潭发展,6.1400000000,6.1800000000,938914980.0000000000,152903274.0000000000,-0.0064700000,9.3891498000,AKShare stock_zh_a_spot / 新浪
000593,德龙汇能,24.5600000000,24.8100000000,618371819.0000000000,24676611.0000000000,-0.0100800000,6.1837181900,AKShare stock_zh_a_spot / 新浪
000595,新能股份,5.4700000000,5.4700000000,108403113.0000000000,19758900.0000000000,0.0000000000,1.0840311300,AKShare stock_zh_a_spot / 新浪
000596,古井贡酒,92.4200000000,93.0000000000,292947366.0000000000,3149722.0000000000,-0.0062400000,2.9294736600,AKShare stock_zh_a_spot / 新浪
000597,东北制药,5.1700000000,5.2100000000,282543425.0000000000,53915663.0000000000,-0.0076800000,2.8254342500,AKShare stock_zh_a_spot / 新浪
000598,兴蓉环境,7.2000000000,7.1800000000,97464116.0000000000,13577467.0000000000,0.0027900000,0.9746411600,AKShare stock_zh_a_spot / 新浪
000599,青岛双星,4.7000000000,4.5800000000,51105885.0000000000,10949900.0000000000,0.0262000000,0.5110588500,AKShare stock_zh_a_spot / 新浪
000600,建投能源,7.8900000000,7.9000000000,122514436.0000000000,15499809.0000000000,-0.0012700000,1.2251443600,AKShare stock_zh_a_spot / 新浪
000601,韶能股份,6.1300000000,6.0800000000,142042019.0000000000,23219599.0000000000,0.0082200000,1.4204201900,AKShare stock_zh_a_spot / 新浪
000603,盛达资源,33.2800000000,31.2900000000,3209920206.0000000000,95198400.0000000000,0.0636000000,32.0992020600,AKShare stock_zh_a_spot / 新浪
000605,渤海股份,5.9400000000,5.8800000000,28093842.0000000000,4738960.0000000000,0.0102000000,0.2809384200,AKShare stock_zh_a_spot / 新浪
000607,华媒控股,3.6400000000,3.5700000000,37226539.0000000000,10290519.0000000000,0.0196100000,0.3722653900,AKShare stock_zh_a_spot / 新浪
000608,阳光股份,7.3800000000,7.3900000000,141202298.0000000000,19005900.0000000000,-0.0013500000,1.4120229800,AKShare stock_zh_a_spot / 新浪
000612,焦作万方,10.8600000000,10.9400000000,411171503.0000000000,37066819.0000000000,-0.0073100000,4.1117150300,AKShare stock_zh_a_spot / 新浪
000617,中油资本,6.8000000000,6.6300000000,464715566.0000000000,68732628.0000000000,0.0256400000,4.6471556600,AKShare stock_zh_a_spot / 新浪
000619,海螺新材,4.8500000000,4.7700000000,24687003.0000000000,5124400.0000000000,0.0167700000,0.2468700300,AKShare stock_zh_a_spot / 新浪
000620,盈新发展,3.2500000000,3.5400000000,1799052788.0000000000,542586140.0000000000,-0.0819200000,17.9905278800,AKShare stock_zh_a_spot / 新浪
000623,吉林敖东,18.1600000000,17.7800000000,282131818.0000000000,15553127.0000000000,0.0213700000,2.8213181800,AKShare stock_zh_a_spot / 新浪
000625,长安汽车,7.1500000000,7.0400000000,330315453.0000000000,46409523.0000000000,0.0156300000,3.3031545300,AKShare stock_zh_a_spot / 新浪
000626,远大控股,8.3400000000,7.8200000000,208140424.0000000000,25386002.0000000000,0.0665000000,2.0814042400,AKShare stock_zh_a_spot / 新浪
000628,高新发展,41.2300000000,39.6200000000,606556910.0000000000,14867680.0000000000,0.0406400000,6.0655691000,AKShare stock_zh_a_spot / 新浪
000629,钒钛股份,3.0100000000,2.9900000000,224520741.0000000000,74624066.0000000000,0.0066900000,2.2452074100,AKShare stock_zh_a_spot / 新浪
000630,铜陵有色,6.4100000000,6.3700000000,1756823758.0000000000,270670885.0000000000,0.0062800000,17.5682375800,AKShare stock_zh_a_spot / 新浪
000631,顺发恒能,2.9300000000,2.8700000000,33738580.0000000000,11574436.0000000000,0.0209100000,0.3373858000,AKShare stock_zh_a_spot / 新浪
000633,合金投资,5.3000000000,5.2000000000,34052346.0000000000,6404500.0000000000,0.0192300000,0.3405234600,AKShare stock_zh_a_spot / 新浪
000635,英 力 特,6.3300000000,6.2700000000,24635261.0000000000,3888806.0000000000,0.0095700000,0.2463526100,AKShare stock_zh_a_spot / 新浪
000636,风华高科,53.0900000000,56.1100000000,10168881694.0000000000,186619472.0000000000,-0.0538200000,101.6888169400,AKShare stock_zh_a_spot / 新浪
000637,茂化实华,3.9800000000,3.9100000000,32715164.0000000000,8235125.0000000000,0.0179000000,0.3271516400,AKShare stock_zh_a_spot / 新浪
000650,仁和药业,5.6200000000,5.4300000000,232917563.0000000000,41776414.0000000000,0.0349900000,2.3291756300,AKShare stock_zh_a_spot / 新浪
000651,格力电器,41.4200000000,41.3200000000,1595944400.0000000000,38571807.0000000000,0.0024200000,15.9594440000,AKShare stock_zh_a_spot / 新浪
000652,泰达股份,3.4500000000,3.3600000000,47833932.0000000000,13934749.0000000000,0.0267900000,0.4783393200,AKShare stock_zh_a_spot / 新浪
000655,金岭矿业,6.8900000000,6.8000000000,32448414.0000000000,4709400.0000000000,0.0132400000,0.3244841400,AKShare stock_zh_a_spot / 新浪
000656,金科股份,1.2600000000,1.2300000000,183449959.0000000000,146685808.0000000000,0.0243900000,1.8344995900,AKShare stock_zh_a_spot / 新浪
000657,中钨高新,64.4500000000,66.1600000000,5551133792.0000000000,84382356.0000000000,-0.0258500000,55.5113379200,AKShare stock_zh_a_spot / 新浪
000659,珠海中富,2.7200000000,2.6900000000,64156668.0000000000,23512300.0000000000,0.0111500000,0.6415666800,AKShare stock_zh_a_spot / 新浪
000661,长春高新,84.3000000000,80.9600000000,1143228448.0000000000,13590207.0000000000,0.0412500000,11.4322844800,AKShare stock_zh_a_spot / 新浪
000663,永安林业,5.6500000000,5.5200000000,33007529.0000000000,5849494.0000000000,0.0235500000,0.3300752900,AKShare stock_zh_a_spot / 新浪
000665,湖北广电,3.8500000000,3.8100000000,60515183.0000000000,15790166.0000000000,0.0105000000,0.6051518300,AKShare stock_zh_a_spot / 新浪
000668,荣丰控股,22.2400000000,21.8700000000,61968454.0000000000,2787500.0000000000,0.0169200000,0.6196845400,AKShare stock_zh_a_spot / 新浪
000670,盈方微,7.1700000000,7.2000000000,371443590.0000000000,51263323.0000000000,-0.0041700000,3.7144359000,AKShare stock_zh_a_spot / 新浪
000672,上峰材料,13.6900000000,13.6800000000,163825485.0000000000,11897160.0000000000,0.0007300000,1.6382548500,AKShare stock_zh_a_spot / 新浪
000676,智度股份,6.4900000000,6.3800000000,329236019.0000000000,51040055.0000000000,0.0172400000,3.2923601900,AKShare stock_zh_a_spot / 新浪
000678,襄阳轴承,8.5800000000,9.4600000000,375635471.0000000000,43431699.0000000000,-0.0930200000,3.7563547100,AKShare stock_zh_a_spot / 新浪
000679,大连友谊,6.0300000000,5.9100000000,27562167.0000000000,4595400.0000000000,0.0203000000,0.2756216700,AKShare stock_zh_a_spot / 新浪
000680,山推股份,10.3900000000,10.3700000000,175557008.0000000000,16704152.0000000000,0.0019300000,1.7555700800,AKShare stock_zh_a_spot / 新浪
000681,视觉中国,17.0100000000,16.9400000000,232985067.0000000000,13635343.0000000000,0.0041300000,2.3298506700,AKShare stock_zh_a_spot / 新浪
000682,东方电子,11.6300000000,11.5800000000,143757650.0000000000,12264679.0000000000,0.0043200000,1.4375765000,AKShare stock_zh_a_spot / 新浪
000683,博源化工,6.0800000000,5.9100000000,613914910.0000000000,100721750.0000000000,0.0287600000,6.1391491000,AKShare stock_zh_a_spot / 新浪
000685,中山公用,10.9200000000,10.8700000000,113168082.0000000000,10314554.0000000000,0.0046000000,1.1316808200,AKShare stock_zh_a_spot / 新浪
000686,东北证券,7.8600000000,7.8300000000,98520944.0000000000,12552228.0000000000,0.0038300000,0.9852094400,AKShare stock_zh_a_spot / 新浪
000688,国城矿业,30.7600000000,30.9700000000,474223546.0000000000,15315906.0000000000,-0.0067800000,4.7422354600,AKShare stock_zh_a_spot / 新浪
000690,宝新能源,4.7500000000,4.7100000000,231709588.0000000000,48571128.0000000000,0.0084900000,2.3170958800,AKShare stock_zh_a_spot / 新浪
000691,亚太实业,10.2800000000,9.9400000000,68857345.0000000000,6738190.0000000000,0.0342100000,0.6885734500,AKShare stock_zh_a_spot / 新浪
000692,惠天热电,4.1300000000,4.0900000000,108928992.0000000000,26331401.0000000000,0.0097800000,1.0892899200,AKShare stock_zh_a_spot / 新浪
000695,滨海能源,13.8700000000,14.3500000000,178299515.0000000000,12792900.0000000000,-0.0334500000,1.7829951500,AKShare stock_zh_a_spot / 新浪
000697,炼石航空,8.1000000000,8.0900000000,40721310.0000000000,5011900.0000000000,0.0012400000,0.4072131000,AKShare stock_zh_a_spot / 新浪
000700,模塑科技,10.7500000000,11.0200000000,426779678.0000000000,39553323.0000000000,-0.0245000000,4.2677967800,AKShare stock_zh_a_spot / 新浪
000701,厦门信达,5.1100000000,5.0100000000,116501036.0000000000,22719010.0000000000,0.0199600000,1.1650103600,AKShare stock_zh_a_spot / 新浪
000702,正虹科技,5.5300000000,5.4100000000,33139543.0000000000,6045100.0000000000,0.0221800000,0.3313954300,AKShare stock_zh_a_spot / 新浪
000703,恒逸石化,20.1000000000,19.0800000000,3496241963.0000000000,174598562.0000000000,0.0534600000,34.9624196300,AKShare stock_zh_a_spot / 新浪
000705,浙江震元,7.1700000000,6.9300000000,67776919.0000000000,9468338.0000000000,0.0346300000,0.6777691900,AKShare stock_zh_a_spot / 新浪
000707,双环科技,4.6200000000,4.5700000000,25743816.0000000000,5573250.0000000000,0.0109400000,0.2574381600,AKShare stock_zh_a_spot / 新浪
000708,中信特钢,14.0400000000,14.0400000000,165453249.0000000000,11801817.0000000000,0.0000000000,1.6545324900,AKShare stock_zh_a_spot / 新浪
000709,河钢股份,2.0900000000,2.0500000000,175418342.0000000000,84400527.0000000000,0.0195100000,1.7541834200,AKShare stock_zh_a_spot / 新浪
000710,贝瑞基因,9.3700000000,8.5200000000,142630809.0000000000,15319800.0000000000,0.0997700000,1.4263080900,AKShare stock_zh_a_spot / 新浪
000712,锦龙股份,8.5500000000,8.4600000000,149965617.0000000000,17483883.0000000000,0.0106400000,1.4996561700,AKShare stock_zh_a_spot / 新浪
000713,国投丰乐,6.0800000000,6.0500000000,182840327.0000000000,30402105.0000000000,0.0049600000,1.8284032700,AKShare stock_zh_a_spot / 新浪
000715,中兴商业,5.1700000000,5.1400000000,37664949.0000000000,7294750.0000000000,0.0058400000,0.3766494900,AKShare stock_zh_a_spot / 新浪
000716,黑芝麻,5.0200000000,5.2300000000,410814338.0000000000,82721379.0000000000,-0.0401500000,4.1081433800,AKShare stock_zh_a_spot / 新浪
000717,中南股份,2.2200000000,2.1600000000,35878920.0000000000,16245625.0000000000,0.0277800000,0.3587892000,AKShare stock_zh_a_spot / 新浪
000718,苏宁环球,1.9000000000,1.8500000000,41935054.0000000000,22138122.0000000000,0.0270300000,0.4193505400,AKShare stock_zh_a_spot / 新浪
000719,中原传媒,12.3000000000,12.5000000000,56349064.0000000000,4546301.0000000000,-0.0160000000,0.5634906400,AKShare stock_zh_a_spot / 新浪
000720,新能泰山,3.6800000000,3.6200000000,122336875.0000000000,33556500.0000000000,0.0165700000,1.2233687500,AKShare stock_zh_a_spot / 新浪
000721,西安饮食,6.5700000000,6.4900000000,96699225.0000000000,14838501.0000000000,0.0123300000,0.9669922500,AKShare stock_zh_a_spot / 新浪
000722,湖南发展,12.9300000000,12.8900000000,94564726.0000000000,7308402.0000000000,0.0031000000,0.9456472600,AKShare stock_zh_a_spot / 新浪
000723,美锦能源,3.6100000000,3.8900000000,881416503.0000000000,238384819.0000000000,-0.0719800000,8.8141650300,AKShare stock_zh_a_spot / 新浪
000725,京东方Ａ,5.9000000000,6.0100000000,9087929350.0000000000,1527848775.0000000000,-0.0183000000,90.8792935000,AKShare stock_zh_a_spot / 新浪
000726,鲁 泰Ａ,5.9800000000,5.8700000000,44461431.0000000000,7477712.0000000000,0.0187400000,0.4446143100,AKShare stock_zh_a_spot / 新浪
000727,冠捷科技,2.1800000000,2.1500000000,133701352.0000000000,61290800.0000000000,0.0139500000,1.3370135200,AKShare stock_zh_a_spot / 新浪
000728,国元证券,7.0400000000,6.9900000000,94468994.0000000000,13453882.0000000000,0.0071500000,0.9446899400,AKShare stock_zh_a_spot / 新浪
000729,燕京啤酒,12.2600000000,12.1300000000,258367733.0000000000,20982560.0000000000,0.0107200000,2.5836773300,AKShare stock_zh_a_spot / 新浪
000731,四川美丰,6.1000000000,6.1200000000,46025403.0000000000,7563100.0000000000,-0.0032700000,0.4602540300,AKShare stock_zh_a_spot / 新浪
000733,振华科技,39.1600000000,38.8500000000,342257696.0000000000,8725020.0000000000,0.0079800000,3.4225769600,AKShare stock_zh_a_spot / 新浪
000735,罗 牛 山,5.9800000000,5.8700000000,994518904.0000000000,171762903.0000000000,0.0187400000,9.9451890400,AKShare stock_zh_a_spot / 新浪
000736,中交发展,4.4700000000,4.9000000000,289464942.0000000000,64389284.0000000000,-0.0877600000,2.8946494200,AKShare stock_zh_a_spot / 新浪
000737,北方铜业,14.0600000000,13.8400000000,1118617395.0000000000,78297008.0000000000,0.0159000000,11.1861739500,AKShare stock_zh_a_spot / 新浪
000738,航发控制,17.6800000000,17.7900000000,183704525.0000000000,10328401.0000000000,-0.0061800000,1.8370452500,AKShare stock_zh_a_spot / 新浪
000739,普洛药业,21.9400000000,22.0900000000,1254653645.0000000000,57312283.0000000000,-0.0067900000,12.5465364500,AKShare stock_zh_a_spot / 新浪
000750,国海证券,3.7000000000,3.6600000000,121726454.0000000000,33034284.0000000000,0.0109300000,1.2172645400,AKShare stock_zh_a_spot / 新浪
000751,锌业股份,4.9300000000,4.8800000000,191137010.0000000000,38385241.0000000000,0.0102500000,1.9113701000,AKShare stock_zh_a_spot / 新浪
000753,漳州发展,4.6900000000,4.6200000000,61267559.0000000000,13119747.0000000000,0.0151500000,0.6126755900,AKShare stock_zh_a_spot / 新浪
000755,山西高速,4.8000000000,4.7500000000,20005280.0000000000,4172895.0000000000,0.0105300000,0.2000528000,AKShare stock_zh_a_spot / 新浪
000756,新华制药,14.5000000000,14.0900000000,421776838.0000000000,29119181.0000000000,0.0291000000,4.2177683800,AKShare stock_zh_a_spot / 新浪
000757,浩物股份,4.2900000000,4.2100000000,32141967.0000000000,7552500.0000000000,0.0190000000,0.3214196700,AKShare stock_zh_a_spot / 新浪
000758,中色股份,5.9500000000,5.8900000000,178728018.0000000000,29702658.0000000000,0.0101900000,1.7872801800,AKShare stock_zh_a_spot / 新浪
000759,中百集团,6.1400000000,6.5300000000,437940892.0000000000,70133984.0000000000,-0.0597200000,4.3794089200,AKShare stock_zh_a_spot / 新浪
000761,本钢板材,2.3500000000,2.2900000000,38423812.0000000000,16521600.0000000000,0.0262000000,0.3842381200,AKShare stock_zh_a_spot / 新浪
000762,西藏矿业,22.1800000000,22.1700000000,209381924.0000000000,9361219.0000000000,0.0004500000,2.0938192400,AKShare stock_zh_a_spot / 新浪
000766,通化金马,16.8600000000,16.0700000000,530861841.0000000000,31681416.0000000000,0.0491600000,5.3086184100,AKShare stock_zh_a_spot / 新浪
000767,晋控电力,3.4100000000,3.4800000000,309246279.0000000000,90192364.0000000000,-0.0201100000,3.0924627900,AKShare stock_zh_a_spot / 新浪
000768,中航西飞,20.9400000000,20.8300000000,267386910.0000000000,12746752.0000000000,0.0052800000,2.6738691000,AKShare stock_zh_a_spot / 新浪
000776,广发证券,20.3000000000,20.3900000000,876136477.0000000000,43020503.0000000000,-0.0044100000,8.7613647700,AKShare stock_zh_a_spot / 新浪
000777,中核科技,16.7500000000,16.5200000000,75149408.0000000000,4496717.0000000000,0.0139200000,0.7514940800,AKShare stock_zh_a_spot / 新浪
000778,新兴铸管,3.7000000000,3.7000000000,123712827.0000000000,33341496.0000000000,0.0000000000,1.2371282700,AKShare stock_zh_a_spot / 新浪
000779,甘咨询,9.5500000000,10.1300000000,726157028.0000000000,74716234.0000000000,-0.0572600000,7.2615702800,AKShare stock_zh_a_spot / 新浪
000782,恒申新材,7.7800000000,7.6000000000,176818689.0000000000,22663109.0000000000,0.0236800000,1.7681868900,AKShare stock_zh_a_spot / 新浪
000783,长江证券,8.5400000000,8.5300000000,629429349.0000000000,73781292.0000000000,0.0011700000,6.2942934900,AKShare stock_zh_a_spot / 新浪
000785,居然智家,2.2500000000,2.1900000000,138541634.0000000000,62017167.0000000000,0.0274000000,1.3854163400,AKShare stock_zh_a_spot / 新浪
000786,北新建材,18.6500000000,18.5200000000,369077194.0000000000,19867241.0000000000,0.0070200000,3.6907719400,AKShare stock_zh_a_spot / 新浪
000788,北大医药,5.8900000000,5.9000000000,308055223.0000000000,52030137.0000000000,-0.0016900000,3.0805522300,AKShare stock_zh_a_spot / 新浪
000789,万年青,4.1000000000,4.0400000000,15978207.0000000000,3910890.0000000000,0.0148500000,0.1597820700,AKShare stock_zh_a_spot / 新浪
000790,华神科技,4.2000000000,4.0700000000,86499519.0000000000,20569740.0000000000,0.0319400000,0.8649951900,AKShare stock_zh_a_spot / 新浪
000791,甘肃能源,7.2100000000,7.1900000000,98098386.0000000000,13562913.0000000000,0.0027800000,0.9809838600,AKShare stock_zh_a_spot / 新浪
000792,盐湖股份,27.9300000000,27.8400000000,1135814760.0000000000,40544103.0000000000,0.0032300000,11.3581476000,AKShare stock_zh_a_spot / 新浪
000795,英洛华,8.3900000000,8.2900000000,68514726.0000000000,8140900.0000000000,0.0120600000,0.6851472600,AKShare stock_zh_a_spot / 新浪
000796,凯撒旅业,3.8500000000,3.7300000000,126594247.0000000000,33167801.0000000000,0.0321700000,1.2659424700,AKShare stock_zh_a_spot / 新浪
000797,中国武夷,2.4300000000,2.3600000000,72607263.0000000000,30115306.0000000000,0.0296600000,0.7260726300,AKShare stock_zh_a_spot / 新浪
000798,中水渔业,8.4800000000,8.5100000000,147965522.0000000000,17437809.0000000000,-0.0035300000,1.4796552200,AKShare stock_zh_a_spot / 新浪
000799,酒鬼酒,38.7700000000,38.2800000000,230002381.0000000000,5926975.0000000000,0.0128000000,2.3000238100,AKShare stock_zh_a_spot / 新浪
000800,一汽解放,6.1800000000,6.1100000000,91199871.0000000000,14739600.0000000000,0.0114600000,0.9119987100,AKShare stock_zh_a_spot / 新浪
000801,四川九洲,11.0000000000,10.9600000000,86034317.0000000000,7790783.0000000000,0.0036500000,0.8603431700,AKShare stock_zh_a_spot / 新浪
000802,北京文化,4.1300000000,4.3600000000,905777445.0000000000,221444632.0000000000,-0.0527500000,9.0577744500,AKShare stock_zh_a_spot / 新浪
000803,山高环能,7.3100000000,7.0300000000,89533783.0000000000,12305500.0000000000,0.0398300000,0.8953378300,AKShare stock_zh_a_spot / 新浪
000807,云铝股份,25.2600000000,25.9600000000,2195242469.0000000000,85306399.0000000000,-0.0269600000,21.9524246900,AKShare stock_zh_a_spot / 新浪
000809,和展能源,3.4400000000,3.3800000000,36681096.0000000000,10744503.0000000000,0.0177500000,0.3668109600,AKShare stock_zh_a_spot / 新浪
000810,创维数字,9.4100000000,9.3400000000,100708111.0000000000,10695087.0000000000,0.0074900000,1.0070811100,AKShare stock_zh_a_spot / 新浪
000811,冰轮环境,39.2500000000,39.3600000000,1697219999.0000000000,42672714.0000000000,-0.0027900000,16.9721999900,AKShare stock_zh_a_spot / 新浪
000812,陕西金叶,3.5900000000,3.5300000000,36076060.0000000000,10109400.0000000000,0.0170000000,0.3607606000,AKShare stock_zh_a_spot / 新浪
000813,德展健康,3.4800000000,3.3500000000,358581470.0000000000,100284048.0000000000,0.0388100000,3.5858147000,AKShare stock_zh_a_spot / 新浪
000815,美利云,16.1100000000,16.0800000000,954969706.0000000000,59642854.0000000000,0.0018700000,9.5496970600,AKShare stock_zh_a_spot / 新浪
000816,智慧农业,2.7900000000,2.7600000000,79865060.0000000000,28652800.0000000000,0.0108700000,0.7986506000,AKShare stock_zh_a_spot / 新浪
000818,航锦科技,11.9600000000,12.0200000000,200861636.0000000000,16708180.0000000000,-0.0049900000,2.0086163600,AKShare stock_zh_a_spot / 新浪
000819,岳阳兴长,11.9200000000,11.9100000000,43193291.0000000000,3601063.0000000000,0.0008400000,0.4319329100,AKShare stock_zh_a_spot / 新浪
000820,神雾节能,3.4000000000,3.3000000000,59036623.0000000000,17501800.0000000000,0.0303000000,0.5903662300,AKShare stock_zh_a_spot / 新浪
000822,山东海化,4.3500000000,4.2900000000,42477362.0000000000,9800162.0000000000,0.0139900000,0.4247736200,AKShare stock_zh_a_spot / 新浪
000823,超声电子,14.6900000000,14.4000000000,532494874.0000000000,36149868.0000000000,0.0201400000,5.3249487400,AKShare stock_zh_a_spot / 新浪
000825,太钢不锈,3.4100000000,3.3500000000,108172328.0000000000,31863330.0000000000,0.0179100000,1.0817232800,AKShare stock_zh_a_spot / 新浪
000828,东莞控股,9.5400000000,9.7200000000,86907763.0000000000,9070174.0000000000,-0.0185200000,0.8690776300,AKShare stock_zh_a_spot / 新浪
000829,天音控股,8.2100000000,7.9800000000,149149477.0000000000,18277242.0000000000,0.0288200000,1.4914947700,AKShare stock_zh_a_spot / 新浪
000830,鲁西化工,11.8800000000,11.8800000000,391974352.0000000000,32650860.0000000000,0.0000000000,3.9197435200,AKShare stock_zh_a_spot / 新浪
000831,中国稀土,57.9500000000,59.5400000000,2125672652.0000000000,36074245.0000000000,-0.0267000000,21.2567265200,AKShare stock_zh_a_spot / 新浪
000833,粤桂股份,21.0400000000,21.2400000000,649926660.0000000000,30872211.0000000000,-0.0094200000,6.4992666000,AKShare stock_zh_a_spot / 新浪
000837,秦川机床,10.0700000000,10.3300000000,348815393.0000000000,34609163.0000000000,-0.0251700000,3.4881539300,AKShare stock_zh_a_spot / 新浪
000839,国安股份,2.7000000000,2.6700000000,146783841.0000000000,54020825.0000000000,0.0112400000,1.4678384100,AKShare stock_zh_a_spot / 新浪
000848,承德露露,8.4300000000,8.3600000000,142962628.0000000000,17033954.0000000000,0.0083700000,1.4296262800,AKShare stock_zh_a_spot / 新浪
000850,华茂股份,4.1900000000,4.0400000000,61697269.0000000000,14739650.0000000000,0.0371300000,0.6169726900,AKShare stock_zh_a_spot / 新浪
000852,石化机械,5.2400000000,5.3800000000,159978512.0000000000,30310398.0000000000,-0.0260200000,1.5997851200,AKShare stock_zh_a_spot / 新浪
000856,冀东装备,8.2800000000,8.0100000000,50646024.0000000000,6171700.0000000000,0.0337100000,0.5064602400,AKShare stock_zh_a_spot / 新浪
000858,五 粮 液,72.0900000000,71.8900000000,1156999376.0000000000,16033429.0000000000,0.0027800000,11.5699937600,AKShare stock_zh_a_spot / 新浪
000859,国风新材,8.8300000000,8.8900000000,292944395.0000000000,32736436.0000000000,-0.0067500000,2.9294439500,AKShare stock_zh_a_spot / 新浪
000860,顺鑫农业,10.4600000000,10.3800000000,67976207.0000000000,6499870.0000000000,0.0077100000,0.6797620700,AKShare stock_zh_a_spot / 新浪
000862,银星能源,5.1200000000,5.1000000000,55845352.0000000000,10906300.0000000000,0.0039200000,0.5584535200,AKShare stock_zh_a_spot / 新浪
000863,三湘印象,4.0900000000,3.9400000000,68214577.0000000000,16752555.0000000000,0.0380700000,0.6821457700,AKShare stock_zh_a_spot / 新浪
000868,安凯客车,3.4800000000,3.4100000000,58307171.0000000000,16817400.0000000000,0.0205300000,0.5830717100,AKShare stock_zh_a_spot / 新浪
000869,张 裕Ａ,17.3500000000,16.9100000000,24605949.0000000000,1426562.0000000000,0.0260200000,0.2460594900,AKShare stock_zh_a_spot / 新浪
000875,电投绿能,4.9600000000,4.9500000000,95898929.0000000000,19313123.0000000000,0.0020200000,0.9589892900,AKShare stock_zh_a_spot / 新浪
000876,新 希 望,7.0300000000,6.9500000000,234457659.0000000000,33576607.0000000000,0.0115100000,2.3445765900,AKShare stock_zh_a_spot / 新浪
000877,天山股份,3.6900000000,3.6100000000,47213225.0000000000,12862835.0000000000,0.0221600000,0.4721322500,AKShare stock_zh_a_spot / 新浪
000878,云南铜业,16.0900000000,15.9400000000,633200124.0000000000,38784860.0000000000,0.0094100000,6.3320012400,AKShare stock_zh_a_spot / 新浪
000880,潍柴重机,23.5100000000,23.9100000000,230550574.0000000000,9701536.0000000000,-0.0167300000,2.3055057400,AKShare stock_zh_a_spot / 新浪
000881,中广核技,6.4800000000,6.3900000000,42986666.0000000000,6643500.0000000000,0.0140800000,0.4298666600,AKShare stock_zh_a_spot / 新浪
000882,华联股份,1.4500000000,1.4200000000,65467348.0000000000,45341700.0000000000,0.0211300000,0.6546734800,AKShare stock_zh_a_spot / 新浪
000883,湖北能源,4.4500000000,4.4400000000,82905996.0000000000,18681736.0000000000,0.0022500000,0.8290599600,AKShare stock_zh_a_spot / 新浪
000885,城发环境,13.0200000000,12.9100000000,59183308.0000000000,4572610.0000000000,0.0085200000,0.5918330800,AKShare stock_zh_a_spot / 新浪
000886,海南高速,4.5500000000,4.4600000000,66913709.0000000000,14794500.0000000000,0.0201800000,0.6691370900,AKShare stock_zh_a_spot / 新浪
000887,中鼎股份,22.1500000000,20.8900000000,1516655311.0000000000,69062781.0000000000,0.0603200000,15.1665531100,AKShare stock_zh_a_spot / 新浪
000888,峨眉山Ａ,9.8600000000,9.5300000000,137716028.0000000000,14080978.0000000000,0.0346300000,1.3771602800,AKShare stock_zh_a_spot / 新浪
000889,中嘉博创,3.8200000000,3.7200000000,117658266.0000000000,30955460.0000000000,0.0268800000,1.1765826600,AKShare stock_zh_a_spot / 新浪
000890,法尔胜,7.1100000000,7.0400000000,54744348.0000000000,7718300.0000000000,0.0099400000,0.5474434800,AKShare stock_zh_a_spot / 新浪
000892,欢瑞世纪,3.7600000000,3.7100000000,137186766.0000000000,36219200.0000000000,0.0134800000,1.3718676600,AKShare stock_zh_a_spot / 新浪
000893,亚钾国际,47.8200000000,48.2200000000,730711610.0000000000,15271224.0000000000,-0.0083000000,7.3071161000,AKShare stock_zh_a_spot / 新浪
000895,双汇发展,25.0800000000,25.1300000000,190827384.0000000000,7598136.0000000000,-0.0019900000,1.9082738400,AKShare stock_zh_a_spot / 新浪
000897,津滨发展,1.7900000000,1.7300000000,63956401.0000000000,36059573.0000000000,0.0346800000,0.6395640100,AKShare stock_zh_a_spot / 新浪
000898,鞍钢股份,2.0000000000,1.9700000000,68290561.0000000000,34353028.0000000000,0.0152300000,0.6829056100,AKShare stock_zh_a_spot / 新浪
000899,赣能股份,10.0500000000,10.0300000000,73743446.0000000000,7348001.0000000000,0.0019900000,0.7374344600,AKShare stock_zh_a_spot / 新浪
000900,现代投资,3.6700000000,3.6400000000,44994629.0000000000,12291211.0000000000,0.0082400000,0.4499462900,AKShare stock_zh_a_spot / 新浪
000901,航天科技,13.6000000000,13.7700000000,189970589.0000000000,13836620.0000000000,-0.0123500000,1.8997058900,AKShare stock_zh_a_spot / 新浪
000902,新洋丰,13.6900000000,13.3800000000,242800118.0000000000,17828339.0000000000,0.0231700000,2.4280011800,AKShare stock_zh_a_spot / 新浪
000905,厦门港务,8.5100000000,8.4800000000,59004310.0000000000,6913400.0000000000,0.0035400000,0.5900431000,AKShare stock_zh_a_spot / 新浪
000906,浙商中拓,5.3300000000,5.2300000000,25143654.0000000000,4748300.0000000000,0.0191200000,0.2514365400,AKShare stock_zh_a_spot / 新浪
000908,石药景峰,7.0000000000,6.8100000000,224306013.0000000000,32058277.0000000000,0.0279000000,2.2430601300,AKShare stock_zh_a_spot / 新浪
000910,大亚圣象,5.3800000000,5.2600000000,27942377.0000000000,5194429.0000000000,0.0228100000,0.2794237700,AKShare stock_zh_a_spot / 新浪
000912,泸天化,3.7300000000,3.6800000000,96555366.0000000000,26045863.0000000000,0.0135900000,0.9655536600,AKShare stock_zh_a_spot / 新浪
000913,钱江摩托,11.3600000000,11.2900000000,56899073.0000000000,4974313.0000000000,0.0062000000,0.5689907300,AKShare stock_zh_a_spot / 新浪
000915,华特达因,26.2000000000,25.8100000000,96111378.0000000000,3676590.0000000000,0.0151100000,0.9611137800,AKShare stock_zh_a_spot / 新浪
000917,电广传媒,6.8600000000,6.9200000000,160387536.0000000000,23291964.0000000000,-0.0086700000,1.6038753600,AKShare stock_zh_a_spot / 新浪
000919,金陵药业,7.0500000000,6.9000000000,294974836.0000000000,41862487.0000000000,0.0217400000,2.9497483600,AKShare stock_zh_a_spot / 新浪
000920,沃顿科技,11.0900000000,11.1500000000,59870694.0000000000,5367900.0000000000,-0.0053800000,0.5987069400,AKShare stock_zh_a_spot / 新浪
000921,海信家电,25.6300000000,25.7300000000,152674736.0000000000,5947600.0000000000,-0.0038900000,1.5267473600,AKShare stock_zh_a_spot / 新浪
000922,佳电股份,11.8300000000,11.5900000000,80909911.0000000000,6876907.0000000000,0.0207100000,0.8090991100,AKShare stock_zh_a_spot / 新浪
000923,河钢资源,15.2500000000,15.1800000000,242190068.0000000000,15674998.0000000000,0.0046100000,2.4219006800,AKShare stock_zh_a_spot / 新浪
000925,众合科技,7.8500000000,7.8100000000,169144124.0000000000,21557461.0000000000,0.0051200000,1.6914412400,AKShare stock_zh_a_spot / 新浪
000926,福星股份,2.2800000000,2.1000000000,264529668.0000000000,116709880.0000000000,0.0857100000,2.6452966800,AKShare stock_zh_a_spot / 新浪
000927,中国铁物,2.4300000000,2.4100000000,100944553.0000000000,41603570.0000000000,0.0083000000,1.0094455300,AKShare stock_zh_a_spot / 新浪
000928,中钢国际,4.9700000000,4.9300000000,48723633.0000000000,9798753.0000000000,0.0081100000,0.4872363300,AKShare stock_zh_a_spot / 新浪
000929,兰州黄河,8.9400000000,8.6500000000,16328205.0000000000,1843500.0000000000,0.0335300000,0.1632820500,AKShare stock_zh_a_spot / 新浪
000930,中粮科技,4.8500000000,4.8600000000,178371231.0000000000,37152258.0000000000,-0.0020600000,1.7837123100,AKShare stock_zh_a_spot / 新浪
000931,中 关 村,4.6300000000,4.2100000000,53753740.0000000000,11609879.0000000000,0.0997600000,0.5375374000,AKShare stock_zh_a_spot / 新浪
000932,华菱钢铁,3.5900000000,3.5800000000,213351599.0000000000,59310344.0000000000,0.0027900000,2.1335159900,AKShare stock_zh_a_spot / 新浪
000933,神火股份,25.2500000000,25.8300000000,1246490750.0000000000,48638615.0000000000,-0.0224500000,12.4649075000,AKShare stock_zh_a_spot / 新浪
000935,四川双马,23.2600000000,22.4300000000,121687214.0000000000,5312695.0000000000,0.0370000000,1.2168721400,AKShare stock_zh_a_spot / 新浪
000936,华西股份,5.5200000000,5.5400000000,285592189.0000000000,51926760.0000000000,-0.0036100000,2.8559218900,AKShare stock_zh_a_spot / 新浪
000937,冀中能源,4.6900000000,4.6300000000,127046906.0000000000,27154473.0000000000,0.0129600000,1.2704690600,AKShare stock_zh_a_spot / 新浪
000938,紫光股份,35.6600000000,35.3300000000,5720745540.0000000000,161616777.0000000000,0.0093400000,57.2074554000,AKShare stock_zh_a_spot / 新浪
000948,南天信息,13.7400000000,13.6300000000,113936751.0000000000,8312561.0000000000,0.0080700000,1.1393675100,AKShare stock_zh_a_spot / 新浪
000949,新乡化纤,6.6400000000,6.3400000000,387161189.0000000000,59013278.0000000000,0.0473200000,3.8716118900,AKShare stock_zh_a_spot / 新浪
000950,重药控股,5.7700000000,5.6600000000,433012444.0000000000,74510791.0000000000,0.0194300000,4.3301244400,AKShare stock_zh_a_spot / 新浪
000951,中国重汽,21.9300000000,21.3000000000,266999252.0000000000,12189238.0000000000,0.0295800000,2.6699925200,AKShare stock_zh_a_spot / 新浪
000952,广济药业,6.5600000000,6.2500000000,78154580.0000000000,11862540.0000000000,0.0496000000,0.7815458000,AKShare stock_zh_a_spot / 新浪
000953,中哲精化,6.2400000000,6.0800000000,40386658.0000000000,6499200.0000000000,0.0263200000,0.4038665800,AKShare stock_zh_a_spot / 新浪
000955,欣龙控股,4.2200000000,4.2000000000,46814641.0000000000,11126420.0000000000,0.0047600000,0.4681464100,AKShare stock_zh_a_spot / 新浪
000957,中通客车,10.3500000000,10.2500000000,55599144.0000000000,5376800.0000000000,0.0097600000,0.5559914400,AKShare stock_zh_a_spot / 新浪
000958,电投产融,5.2800000000,5.2600000000,54056521.0000000000,10217800.0000000000,0.0038000000,0.5405652100,AKShare stock_zh_a_spot / 新浪
000959,首钢股份,3.5000000000,3.4600000000,120655491.0000000000,34245481.0000000000,0.0115600000,1.2065549100,AKShare stock_zh_a_spot / 新浪
000960,锡业股份,36.9500000000,36.1900000000,1703504437.0000000000,45715054.0000000000,0.0210000000,17.0350443700,AKShare stock_zh_a_spot / 新浪
000962,东方钽业,51.8000000000,50.9500000000,1207794858.0000000000,23243757.0000000000,0.0166800000,12.0779485800,AKShare stock_zh_a_spot / 新浪
000963,华东医药,29.9200000000,28.5000000000,1992542487.0000000000,66302269.0000000000,0.0498200000,19.9254248700,AKShare stock_zh_a_spot / 新浪
000965,天保基建,3.2100000000,3.1100000000,55441894.0000000000,17426420.0000000000,0.0321500000,0.5544189400,AKShare stock_zh_a_spot / 新浪
000966,长源电力,3.9600000000,4.0100000000,156953953.0000000000,39572419.0000000000,-0.0124700000,1.5695395300,AKShare stock_zh_a_spot / 新浪
000967,盈峰环境,8.2000000000,8.3500000000,474288608.0000000000,57388686.0000000000,-0.0179600000,4.7428860800,AKShare stock_zh_a_spot / 新浪
000968,蓝焰控股,6.9800000000,6.9500000000,149646732.0000000000,21329956.0000000000,0.0043200000,1.4964673200,AKShare stock_zh_a_spot / 新浪
000969,安泰科技,16.4600000000,16.5400000000,271575456.0000000000,16326766.0000000000,-0.0048400000,2.7157545600,AKShare stock_zh_a_spot / 新浪
000970,中科三环,12.4100000000,12.5300000000,313736635.0000000000,25040650.0000000000,-0.0095800000,3.1373663500,AKShare stock_zh_a_spot / 新浪
000972,中基健康,3.6000000000,3.6100000000,64412528.0000000000,17895456.0000000000,-0.0027700000,0.6441252800,AKShare stock_zh_a_spot / 新浪
000973,佛塑科技,14.4000000000,13.7800000000,1187560901.0000000000,81928089.0000000000,0.0449900000,11.8756090100,AKShare stock_zh_a_spot / 新浪
000975,山金国际,27.9000000000,26.8000000000,2479718845.0000000000,87634000.0000000000,0.0410400000,24.7971884500,AKShare stock_zh_a_spot / 新浪
000977,浪潮信息,75.0800000000,72.8700000000,4986704087.0000000000,66885656.0000000000,0.0303300000,49.8670408700,AKShare stock_zh_a_spot / 新浪
000978,桂林旅游,6.1400000000,5.9900000000,49127777.0000000000,8050200.0000000000,0.0250400000,0.4912777700,AKShare stock_zh_a_spot / 新浪
000980,众泰汽车,1.6200000000,1.5800000000,134904244.0000000000,83691687.0000000000,0.0253200000,1.3490424400,AKShare stock_zh_a_spot / 新浪
000981,山子高科,2.6200000000,2.6000000000,362124366.0000000000,138196918.0000000000,0.0076900000,3.6212436600,AKShare stock_zh_a_spot / 新浪
000983,山西焦煤,6.9900000000,6.8600000000,537873947.0000000000,77382571.0000000000,0.0189500000,5.3787394700,AKShare stock_zh_a_spot / 新浪
000985,大庆华科,15.9700000000,15.8300000000,30627415.0000000000,1924500.0000000000,0.0088400000,0.3062741500,AKShare stock_zh_a_spot / 新浪
000987,越秀资本,7.4100000000,7.3700000000,131593026.0000000000,17804858.0000000000,0.0054300000,1.3159302600,AKShare stock_zh_a_spot / 新浪
000988,华工科技,104.1800000000,102.3500000000,3848939577.0000000000,36968607.0000000000,0.0178800000,38.4893957700,AKShare stock_zh_a_spot / 新浪
000989,九芝堂,9.5200000000,9.2400000000,396809108.0000000000,41867273.0000000000,0.0303000000,3.9680910800,AKShare stock_zh_a_spot / 新浪
000990,诚志股份,6.5700000000,6.3900000000,341875190.0000000000,52092930.0000000000,0.0281700000,3.4187519000,AKShare stock_zh_a_spot / 新浪
000993,闽东电力,9.7600000000,9.6300000000,41622607.0000000000,4273707.0000000000,0.0135000000,0.4162260700,AKShare stock_zh_a_spot / 新浪
000995,皇台酒业,10.5800000000,10.5200000000,65782728.0000000000,6239100.0000000000,0.0057000000,0.6578272800,AKShare stock_zh_a_spot / 新浪
000997,新 大 陆,18.1300000000,17.4700000000,405865273.0000000000,22450039.0000000000,0.0377800000,4.0586527300,AKShare stock_zh_a_spot / 新浪
000998,隆平高科,8.8400000000,9.1000000000,839161524.0000000000,96099202.0000000000,-0.0285700000,8.3916152400,AKShare stock_zh_a_spot / 新浪
000999,华润三九,25.0600000000,24.6100000000,306101537.0000000000,12194636.0000000000,0.0182900000,3.0610153700,AKShare stock_zh_a_spot / 新浪
001201,东瑞股份,12.0000000000,11.7100000000,41830970.0000000000,3511860.0000000000,0.0247700000,0.4183097000,AKShare stock_zh_a_spot / 新浪
001202,炬申股份,13.6200000000,13.3100000000,25392057.0000000000,1868760.0000000000,0.0232900000,0.2539205700,AKShare stock_zh_a_spot / 新浪
001203,大中矿业,26.4500000000,26.4100000000,364063326.0000000000,13639291.0000000000,0.0015100000,3.6406332600,AKShare stock_zh_a_spot / 新浪
001205,盛航股份,14.4100000000,14.2000000000,48709781.0000000000,3374120.0000000000,0.0147900000,0.4870978100,AKShare stock_zh_a_spot / 新浪
001206,依依股份,16.9500000000,16.4600000000,117877498.0000000000,6904196.0000000000,0.0297700000,1.1787749800,AKShare stock_zh_a_spot / 新浪
001207,联科科技,16.9500000000,16.8700000000,115851133.0000000000,6813540.0000000000,0.0047400000,1.1585113300,AKShare stock_zh_a_spot / 新浪
001208,华菱线缆,13.4600000000,14.9100000000,394139785.0000000000,28578705.0000000000,-0.0972500000,3.9413978500,AKShare stock_zh_a_spot / 新浪
001209,洪兴股份,17.5200000000,17.1500000000,31930781.0000000000,1828800.0000000000,0.0215700000,0.3193078100,AKShare stock_zh_a_spot / 新浪
001210,金房能源,29.7600000000,27.0500000000,145946381.0000000000,4966920.0000000000,0.1001800000,1.4594638100,AKShare stock_zh_a_spot / 新浪
001211,双枪科技,23.8700000000,22.6000000000,125294248.0000000000,5253399.0000000000,0.0561900000,1.2529424800,AKShare stock_zh_a_spot / 新浪
001212,中旗新材,33.6900000000,32.9800000000,82610089.0000000000,2461791.0000000000,0.0215300000,0.8261008900,AKShare stock_zh_a_spot / 新浪
001213,中铁特货,3.5200000000,3.4700000000,31041712.0000000000,8858054.0000000000,0.0144100000,0.3104171200,AKShare stock_zh_a_spot / 新浪
001215,千味央厨,31.6600000000,31.3000000000,40950053.0000000000,1299200.0000000000,0.0115000000,0.4095005300,AKShare stock_zh_a_spot / 新浪
001216,华瓷股份,14.5300000000,14.2900000000,26731725.0000000000,1844200.0000000000,0.0167900000,0.2673172500,AKShare stock_zh_a_spot / 新浪
001217,华尔泰,9.9600000000,9.8700000000,31290315.0000000000,3151550.0000000000,0.0091200000,0.3129031500,AKShare stock_zh_a_spot / 新浪
001218,丽臣实业,24.3200000000,24.5400000000,75517952.0000000000,3099127.0000000000,-0.0089600000,0.7551795200,AKShare stock_zh_a_spot / 新浪
001219,青岛食品,12.7000000000,12.6600000000,25849591.0000000000,2038600.0000000000,0.0031600000,0.2584959100,AKShare stock_zh_a_spot / 新浪
001220,世盟股份,31.1400000000,31.0000000000,15253070.0000000000,488124.0000000000,0.0045200000,0.1525307000,AKShare stock_zh_a_spot / 新浪
001221,悍高集团,43.5900000000,41.8900000000,251215647.0000000000,5812326.0000000000,0.0405800000,2.5121564700,AKShare stock_zh_a_spot / 新浪
001222,源飞宠物,14.7700000000,14.4600000000,54960100.0000000000,3739914.0000000000,0.0214400000,0.5496010000,AKShare stock_zh_a_spot / 新浪
001223,欧克科技,40.7900000000,39.5500000000,104848710.0000000000,2529125.0000000000,0.0313500000,1.0484871000,AKShare stock_zh_a_spot / 新浪
001225,和泰机电,46.5700000000,42.9000000000,176495577.0000000000,3799250.0000000000,0.0855500000,1.7649557700,AKShare stock_zh_a_spot / 新浪
001226,拓山重工,46.2400000000,44.3800000000,48037198.0000000000,1035625.0000000000,0.0419100000,0.4803719800,AKShare stock_zh_a_spot / 新浪
001227,兰州银行,2.1300000000,2.1300000000,197744847.0000000000,93323808.0000000000,0.0000000000,1.9774484700,AKShare stock_zh_a_spot / 新浪
001228,永泰运,27.1600000000,26.2200000000,31601552.0000000000,1175500.0000000000,0.0358500000,0.3160155200,AKShare stock_zh_a_spot / 新浪
001229,魅视科技,47.0000000000,46.3200000000,300106833.0000000000,6442820.0000000000,0.0146800000,3.0010683300,AKShare stock_zh_a_spot / 新浪
001230,劲旅环境,21.6200000000,21.3400000000,124209621.0000000000,5704684.0000000000,0.0131200000,1.2420962100,AKShare stock_zh_a_spot / 新浪
001231,农心科技,21.3700000000,21.0600000000,42826424.0000000000,2021400.0000000000,0.0147200000,0.4282642400,AKShare stock_zh_a_spot / 新浪
001232,嘉立创,149.9100000000,151.6600000000,717531934.0000000000,4765718.0000000000,-0.0115400000,7.1753193400,AKShare stock_zh_a_spot / 新浪
001233,海安集团,44.3500000000,46.6900000000,128728362.0000000000,2854050.0000000000,-0.0501200000,1.2872836200,AKShare stock_zh_a_spot / 新浪
001234,泰慕士,22.7500000000,22.4500000000,37982608.0000000000,1680500.0000000000,0.0133600000,0.3798260800,AKShare stock_zh_a_spot / 新浪
001236,弘业期货,7.4700000000,7.3200000000,56877700.0000000000,7637000.0000000000,0.0204900000,0.5687770000,AKShare stock_zh_a_spot / 新浪
001237,惠康科技,52.3800000000,52.4000000000,57283791.0000000000,1090982.0000000000,-0.0003800000,0.5728379100,AKShare stock_zh_a_spot / 新浪
001238,浙江正特,25.3000000000,24.6600000000,10994630.0000000000,439480.0000000000,0.0259500000,0.1099463000,AKShare stock_zh_a_spot / 新浪
001239,永达股份,12.0800000000,11.8000000000,25307782.0000000000,2095800.0000000000,0.0237300000,0.2530778200,AKShare stock_zh_a_spot / 新浪
001248,华润新能,12.2400000000,12.2600000000,435884714.0000000000,35539960.0000000000,-0.0016300000,4.3588471400,AKShare stock_zh_a_spot / 新浪
001255,博菲电气,25.8000000000,25.3900000000,21875727.0000000000,850600.0000000000,0.0161500000,0.2187572700,AKShare stock_zh_a_spot / 新浪
001256,炜冈科技,23.3500000000,22.6900000000,130509717.0000000000,5622200.0000000000,0.0290900000,1.3050971700,AKShare stock_zh_a_spot / 新浪
001257,盛龙股份,24.1500000000,24.0600000000,211382018.0000000000,8685764.0000000000,0.0037400000,2.1138201800,AKShare stock_zh_a_spot / 新浪
001258,立新能源,12.3100000000,12.0200000000,1446472239.0000000000,118401732.0000000000,0.0241300000,14.4647223900,AKShare stock_zh_a_spot / 新浪
001259,利仁科技,46.0200000000,45.1900000000,55777429.0000000000,1203100.0000000000,0.0183700000,0.5577742900,AKShare stock_zh_a_spot / 新浪
001260,坤泰股份,17.2000000000,17.7400000000,88400496.0000000000,5063581.0000000000,-0.0304400000,0.8840049600,AKShare stock_zh_a_spot / 新浪
001266,宏英智能,33.7500000000,33.2000000000,60121595.0000000000,1778900.0000000000,0.0165700000,0.6012159500,AKShare stock_zh_a_spot / 新浪
001267,汇绿生态,37.0100000000,36.6300000000,1015024104.0000000000,27443837.0000000000,0.0103700000,10.1502410400,AKShare stock_zh_a_spot / 新浪
001268,联合精密,20.1200000000,19.7100000000,40625651.0000000000,2028180.0000000000,0.0208000000,0.4062565100,AKShare stock_zh_a_spot / 新浪
001269,欧晶科技,18.9900000000,18.8700000000,27866222.0000000000,1459800.0000000000,0.0063600000,0.2786622200,AKShare stock_zh_a_spot / 新浪
001270,铖昌科技,100.1600000000,109.4800000000,1318957526.0000000000,12884592.0000000000,-0.0851300000,13.1895752600,AKShare stock_zh_a_spot / 新浪
001277,速达股份,36.2700000000,32.9700000000,222483222.0000000000,6177536.0000000000,0.1000900000,2.2248322200,AKShare stock_zh_a_spot / 新浪
001278,一彬科技,15.9900000000,15.6300000000,28796042.0000000000,1802100.0000000000,0.0230300000,0.2879604200,AKShare stock_zh_a_spot / 新浪
001279,强邦新材,25.3100000000,24.5800000000,18817406.0000000000,748365.0000000000,0.0297000000,0.1881740600,AKShare stock_zh_a_spot / 新浪
001280,中国铀业,67.5500000000,67.8500000000,675562972.0000000000,9919988.0000000000,-0.0044200000,6.7556297200,AKShare stock_zh_a_spot / 新浪
001282,三联锻造,15.8000000000,15.5000000000,23790249.0000000000,1503660.0000000000,0.0193500000,0.2379024900,AKShare stock_zh_a_spot / 新浪
001283,豪鹏科技,43.4500000000,42.1100000000,112982086.0000000000,2627620.0000000000,0.0318200000,1.1298208600,AKShare stock_zh_a_spot / 新浪
001285,瑞立科密,40.0900000000,39.8600000000,22311299.0000000000,555939.0000000000,0.0057700000,0.2231129900,AKShare stock_zh_a_spot / 新浪
001286,陕西能源,10.5600000000,10.7900000000,287772762.0000000000,27117031.0000000000,-0.0213200000,2.8777276200,AKShare stock_zh_a_spot / 新浪
001287,中电港,23.1500000000,23.0100000000,440957601.0000000000,19026776.0000000000,0.0060800000,4.4095760100,AKShare stock_zh_a_spot / 新浪
001288,运机集团,24.0100000000,24.2000000000,57283558.0000000000,2366967.0000000000,-0.0078500000,0.5728355800,AKShare stock_zh_a_spot / 新浪
001289,龙源电力,15.6300000000,15.5200000000,48870441.0000000000,3136341.0000000000,0.0070900000,0.4887044100,AKShare stock_zh_a_spot / 新浪
001296,长江材料,19.4800000000,19.0000000000,36315748.0000000000,1865900.0000000000,0.0252600000,0.3631574800,AKShare stock_zh_a_spot / 新浪
001298,好上好,17.4900000000,17.0900000000,119786812.0000000000,6838123.0000000000,0.0234100000,1.1978681200,AKShare stock_zh_a_spot / 新浪
001299,美能能源,9.9100000000,9.8300000000,25737517.0000000000,2579179.0000000000,0.0081400000,0.2573751700,AKShare stock_zh_a_spot / 新浪
001300,三柏硕,11.1900000000,10.9100000000,41791432.0000000000,3742300.0000000000,0.0256600000,0.4179143200,AKShare stock_zh_a_spot / 新浪
001301,尚太科技,64.1800000000,62.3300000000,1340368657.0000000000,20949204.0000000000,0.0296800000,13.4036865700,AKShare stock_zh_a_spot / 新浪
001306,夏厦精密,53.3000000000,52.1500000000,36781105.0000000000,687800.0000000000,0.0220500000,0.3678110500,AKShare stock_zh_a_spot / 新浪
001308,康冠科技,17.9600000000,17.6600000000,29120366.0000000000,1624180.0000000000,0.0169900000,0.2912036600,AKShare stock_zh_a_spot / 新浪
001309,德明利,398.1000000000,393.8000000000,4036607527.0000000000,10161459.0000000000,0.0109200000,40.3660752700,AKShare stock_zh_a_spot / 新浪
001311,多利科技,17.8600000000,17.8000000000,90803740.0000000000,5052930.0000000000,0.0033700000,0.9080374000,AKShare stock_zh_a_spot / 新浪
001312,福恩股份,17.5200000000,17.4000000000,22130412.0000000000,1265542.0000000000,0.0069000000,0.2213041200,AKShare stock_zh_a_spot / 新浪
001313,粤海饲料,7.9100000000,7.9200000000,117637546.0000000000,14971100.0000000000,-0.0012600000,1.1763754600,AKShare stock_zh_a_spot / 新浪
001314,亿道信息,53.7000000000,54.6500000000,135981828.0000000000,2512100.0000000000,-0.0173800000,1.3598182800,AKShare stock_zh_a_spot / 新浪
001316,润贝航科,26.0400000000,25.7000000000,33482859.0000000000,1281960.0000000000,0.0132300000,0.3348285900,AKShare stock_zh_a_spot / 新浪
001317,三羊马,53.7800000000,51.7300000000,482013328.0000000000,8907188.0000000000,0.0396300000,4.8201332800,AKShare stock_zh_a_spot / 新浪
001318,阳光乳业,11.2500000000,11.2800000000,58882669.0000000000,5231455.0000000000,-0.0026600000,0.5888266900,AKShare stock_zh_a_spot / 新浪
001319,铭科精技,19.3700000000,19.3400000000,29737652.0000000000,1531876.0000000000,0.0015500000,0.2973765200,AKShare stock_zh_a_spot / 新浪
001322,箭牌家居,6.2200000000,5.9600000000,35922177.0000000000,5831300.0000000000,0.0436200000,0.3592217700,AKShare stock_zh_a_spot / 新浪
001323,慕思股份,19.3200000000,20.0500000000,97981460.0000000000,4979933.0000000000,-0.0364100000,0.9798146000,AKShare stock_zh_a_spot / 新浪
001324,长青科技,18.9000000000,17.9200000000,117950847.0000000000,6199408.0000000000,0.0546900000,1.1795084700,AKShare stock_zh_a_spot / 新浪
001325,元创股份,37.8000000000,37.2600000000,32945169.0000000000,870876.0000000000,0.0144900000,0.3294516900,AKShare stock_zh_a_spot / 新浪
001326,联域股份,61.0000000000,59.7700000000,96259320.0000000000,1553557.0000000000,0.0205800000,0.9625932000,AKShare stock_zh_a_spot / 新浪
001328,登康口腔,29.3000000000,28.6500000000,53280787.0000000000,1806797.0000000000,0.0226900000,0.5328078700,AKShare stock_zh_a_spot / 新浪
001330,博纳影业,4.8000000000,4.6500000000,271054542.0000000000,56726292.0000000000,0.0322600000,2.7105454200,AKShare stock_zh_a_spot / 新浪
001331,胜通能源,44.6300000000,45.1200000000,439273528.0000000000,9990753.0000000000,-0.0108600000,4.3927352800,AKShare stock_zh_a_spot / 新浪
001332,锡装股份,30.7300000000,30.3100000000,34486562.0000000000,1118226.0000000000,0.0138600000,0.3448656200,AKShare stock_zh_a_spot / 新浪
001333,光华股份,22.1900000000,20.1700000000,110018984.0000000000,5097635.0000000000,0.1001500000,1.1001898400,AKShare stock_zh_a_spot / 新浪
001335,信凯科技,31.6800000000,31.2200000000,19444485.0000000000,613300.0000000000,0.0147300000,0.1944448500,AKShare stock_zh_a_spot / 新浪
001336,楚环科技,18.5700000000,18.2000000000,19810206.0000000000,1070130.0000000000,0.0203300000,0.1981020600,AKShare stock_zh_a_spot / 新浪
001337,四川黄金,48.5700000000,47.4800000000,1306661054.0000000000,26247585.0000000000,0.0229600000,13.0666105400,AKShare stock_zh_a_spot / 新浪
001338,永顺泰,9.1500000000,9.6300000000,321513560.0000000000,35103222.0000000000,-0.0498400000,3.2151356000,AKShare stock_zh_a_spot / 新浪
001339,智微智能,78.7600000000,78.9700000000,457531828.0000000000,5784330.0000000000,-0.0026600000,4.5753182800,AKShare stock_zh_a_spot / 新浪
001356,富岭股份,9.1500000000,9.1100000000,66919302.0000000000,7317911.0000000000,0.0043900000,0.6691930200,AKShare stock_zh_a_spot / 新浪
001358,兴欣新材,25.7100000000,25.9200000000,70961950.0000000000,2740586.0000000000,-0.0081000000,0.7096195000,AKShare stock_zh_a_spot / 新浪
001359,平安电工,93.6300000000,88.9000000000,505877000.0000000000,5493984.0000000000,0.0532100000,5.0587700000,AKShare stock_zh_a_spot / 新浪
001360,南矿集团,18.1100000000,16.4600000000,106572249.0000000000,6008400.0000000000,0.1002400000,1.0657224900,AKShare stock_zh_a_spot / 新浪
001365,天海电子,35.3600000000,35.3000000000,113729724.0000000000,3199794.0000000000,0.0017000000,1.1372972400,AKShare stock_zh_a_spot / 新浪
001366,播恩集团,11.9200000000,12.5600000000,259888504.0000000000,20852545.0000000000,-0.0509600000,2.5988850400,AKShare stock_zh_a_spot / 新浪
001367,海森药业,19.9700000000,19.3300000000,50361525.0000000000,2521561.0000000000,0.0331100000,0.5036152500,AKShare stock_zh_a_spot / 新浪
001368,通达创智,24.3500000000,22.8200000000,99383241.0000000000,4125048.0000000000,0.0670500000,0.9938324100,AKShare stock_zh_a_spot / 新浪
001369,双欣材料,12.3300000000,12.3200000000,60904780.0000000000,4911658.0000000000,0.0008100000,0.6090478000,AKShare stock_zh_a_spot / 新浪
001373,翔腾新材,28.3500000000,27.3700000000,39477705.0000000000,1402600.0000000000,0.0358100000,0.3947770500,AKShare stock_zh_a_spot / 新浪
001376,百通能源,10.3400000000,10.3200000000,87993977.0000000000,8481888.0000000000,0.0019400000,0.8799397700,AKShare stock_zh_a_spot / 新浪
001378,德冠新材,20.0800000000,19.6100000000,103113222.0000000000,5139867.0000000000,0.0239700000,1.0311322200,AKShare stock_zh_a_spot / 新浪
001379,腾达科技,16.5100000000,16.1200000000,31685286.0000000000,1929000.0000000000,0.0241900000,0.3168528600,AKShare stock_zh_a_spot / 新浪
001380,华纬科技,16.5100000000,16.2900000000,13859611.0000000000,841199.0000000000,0.0135100000,0.1385961100,AKShare stock_zh_a_spot / 新浪
001382,新亚电缆,16.8900000000,16.7200000000,25025859.0000000000,1485642.0000000000,0.0101700000,0.2502585900,AKShare stock_zh_a_spot / 新浪
001386,马可波罗,15.5500000000,15.4800000000,51529669.0000000000,3320628.0000000000,0.0045200000,0.5152966900,AKShare stock_zh_a_spot / 新浪
001387,雪祺电气,12.1500000000,11.9600000000,31000621.0000000000,2556060.0000000000,0.0158900000,0.3100062100,AKShare stock_zh_a_spot / 新浪
001388,信通电子,21.4700000000,21.2500000000,79688010.0000000000,3712838.0000000000,0.0103500000,0.7968801000,AKShare stock_zh_a_spot / 新浪
001389,广合科技,152.8700000000,152.0200000000,922430467.0000000000,5991665.0000000000,0.0055900000,9.2243046700,AKShare stock_zh_a_spot / 新浪
001390,古麒绒材,17.5500000000,17.7100000000,25778504.0000000000,1467802.0000000000,-0.0090300000,0.2577850400,AKShare stock_zh_a_spot / 新浪
001391,国货航,4.1300000000,4.0500000000,84426057.0000000000,20533689.0000000000,0.0197500000,0.8442605700,AKShare stock_zh_a_spot / 新浪
001393,维通利,42.2500000000,41.8600000000,64769247.0000000000,1535258.0000000000,0.0093200000,0.6476924700,AKShare stock_zh_a_spot / 新浪
001395,亚联机械,29.2100000000,29.0100000000,35771174.0000000000,1220745.0000000000,0.0068900000,0.3577117400,AKShare stock_zh_a_spot / 新浪
001396,誉帆科技,33.2000000000,33.0300000000,14775926.0000000000,442882.0000000000,0.0051500000,0.1477592600,AKShare stock_zh_a_spot / 新浪
001399,惠科股份,23.0300000000,23.3300000000,788002001.0000000000,34042590.0000000000,-0.0128600000,7.8800200100,AKShare stock_zh_a_spot / 新浪
001400,江顺科技,82.2500000000,85.9400000000,566453821.0000000000,7004738.0000000000,-0.0429400000,5.6645382100,AKShare stock_zh_a_spot / 新浪
001696,宗申动力,15.3900000000,15.1800000000,644439149.0000000000,41964073.0000000000,0.0138300000,6.4443914900,AKShare stock_zh_a_spot / 新浪
001872,招商港口,22.8900000000,22.5100000000,74700294.0000000000,3254202.0000000000,0.0168800000,0.7470029400,AKShare stock_zh_a_spot / 新浪
001896,豫能控股,11.8200000000,11.9900000000,559200428.0000000000,47029512.0000000000,-0.0141800000,5.5920042800,AKShare stock_zh_a_spot / 新浪
001914,招商积余,8.8900000000,8.7900000000,91153932.0000000000,10300437.0000000000,0.0113800000,0.9115393200,AKShare stock_zh_a_spot / 新浪
001965,招商公路,9.1700000000,9.2400000000,160300148.0000000000,17556789.0000000000,-0.0075800000,1.6030014800,AKShare stock_zh_a_spot / 新浪
001979,招商蛇口,7.6400000000,7.5200000000,715641219.0000000000,93149426.0000000000,0.0159600000,7.1564121900,AKShare stock_zh_a_spot / 新浪
002001,新 和 成,28.2500000000,29.1400000000,1737503939.0000000000,61493625.0000000000,-0.0305400000,17.3750393900,AKShare stock_zh_a_spot / 新浪
002003,伟星股份,10.5200000000,10.2900000000,124581340.0000000000,11959485.0000000000,0.0223500000,1.2458134000,AKShare stock_zh_a_spot / 新浪
002004,华邦健康,4.5600000000,4.4500000000,158234924.0000000000,34770346.0000000000,0.0247200000,1.5823492400,AKShare stock_zh_a_spot / 新浪
002005,德豪润达,2.4000000000,2.3800000000,24646724.0000000000,10325020.0000000000,0.0084000000,0.2464672400,AKShare stock_zh_a_spot / 新浪
002006,精工科技,13.2600000000,13.0700000000,76731408.0000000000,5798567.0000000000,0.0145400000,0.7673140800,AKShare stock_zh_a_spot / 新浪
002007,华兰生物,13.5400000000,13.0400000000,587748365.0000000000,42773678.0000000000,0.0383400000,5.8774836500,AKShare stock_zh_a_spot / 新浪
002008,大族激光,91.5600000000,88.2000000000,4127640399.0000000000,45704013.0000000000,0.0381000000,41.2764039900,AKShare stock_zh_a_spot / 新浪
002009,天奇股份,16.4800000000,16.3200000000,205669432.0000000000,12428728.0000000000,0.0098000000,2.0566943200,AKShare stock_zh_a_spot / 新浪
002010,传化智联,4.6700000000,4.6300000000,58161192.0000000000,12441664.0000000000,0.0086400000,0.5816119200,AKShare stock_zh_a_spot / 新浪
002011,盾安环境,9.9000000000,9.8700000000,66286238.0000000000,6693619.0000000000,0.0030400000,0.6628623800,AKShare stock_zh_a_spot / 新浪
002012,凯恩股份,6.6100000000,6.5800000000,59573282.0000000000,8994700.0000000000,0.0045600000,0.5957328200,AKShare stock_zh_a_spot / 新浪
002014,永新股份,10.9500000000,10.7000000000,48274419.0000000000,4415063.0000000000,0.0233600000,0.4827441900,AKShare stock_zh_a_spot / 新浪
002015,协鑫能科,14.0300000000,14.0200000000,441772457.0000000000,31475515.0000000000,0.0007100000,4.4177245700,AKShare stock_zh_a_spot / 新浪
002016,世荣兆业,4.6100000000,4.4400000000,51651896.0000000000,11285663.0000000000,0.0382900000,0.5165189600,AKShare stock_zh_a_spot / 新浪
002017,东信和平,13.2100000000,12.7900000000,151228234.0000000000,11480122.0000000000,0.0328400000,1.5122823400,AKShare stock_zh_a_spot / 新浪
002019,亿帆医药,10.7100000000,10.1700000000,390046392.0000000000,36636170.0000000000,0.0531000000,3.9004639200,AKShare stock_zh_a_spot / 新浪
002020,京新药业,13.8500000000,13.4700000000,330717210.0000000000,23741356.0000000000,0.0282100000,3.3071721000,AKShare stock_zh_a_spot / 新浪
002021,中捷资源,2.6400000000,2.5900000000,68060187.0000000000,25815859.0000000000,0.0193100000,0.6806018700,AKShare stock_zh_a_spot / 新浪
002022,科华生物,5.8000000000,5.5000000000,125284337.0000000000,21330425.0000000000,0.0545500000,1.2528433700,AKShare stock_zh_a_spot / 新浪
002023,海特高新,10.1800000000,10.0900000000,139730550.0000000000,13664690.0000000000,0.0089200000,1.3973055000,AKShare stock_zh_a_spot / 新浪
002025,航天电器,60.7800000000,64.5100000000,1541768992.0000000000,24899642.0000000000,-0.0578200000,15.4176899200,AKShare stock_zh_a_spot / 新浪
002026,山东威达,10.4000000000,10.2400000000,39709105.0000000000,3820769.0000000000,0.0156300000,0.3970910500,AKShare stock_zh_a_spot / 新浪
002027,分众传媒,4.9700000000,4.9800000000,710153128.0000000000,142839983.0000000000,-0.0020100000,7.1015312800,AKShare stock_zh_a_spot / 新浪
002028,思源电气,173.6300000000,171.0000000000,1323914298.0000000000,7632785.0000000000,0.0153800000,13.2391429800,AKShare stock_zh_a_spot / 新浪
002029,七 匹 狼,8.7500000000,8.4900000000,222330013.0000000000,25384745.0000000000,0.0306200000,2.2233001300,AKShare stock_zh_a_spot / 新浪
002030,达安基因,5.9700000000,5.4300000000,213092196.0000000000,35943031.0000000000,0.0994500000,2.1309219600,AKShare stock_zh_a_spot / 新浪
002031,巨轮智能,5.1200000000,5.6300000000,918112137.0000000000,176695758.0000000000,-0.0905900000,9.1811213700,AKShare stock_zh_a_spot / 新浪
002032,苏 泊 尔,41.3700000000,40.9800000000,70082066.0000000000,1693489.0000000000,0.0095200000,0.7008206600,AKShare stock_zh_a_spot / 新浪
002033,丽江股份,8.9600000000,8.7900000000,131280722.0000000000,14677500.0000000000,0.0193400000,1.3128072200,AKShare stock_zh_a_spot / 新浪
002034,旺能环境,13.8300000000,13.7000000000,64140116.0000000000,4645261.0000000000,0.0094900000,0.6414011600,AKShare stock_zh_a_spot / 新浪
002035,华帝股份,4.8900000000,4.9600000000,110804306.0000000000,22726270.0000000000,-0.0141100000,1.1080430600,AKShare stock_zh_a_spot / 新浪
002036,联创电子,6.6600000000,6.5700000000,302134001.0000000000,45597984.0000000000,0.0137000000,3.0213400100,AKShare stock_zh_a_spot / 新浪
002037,保利联合,6.7800000000,6.6900000000,30541721.0000000000,4507700.0000000000,0.0134500000,0.3054172100,AKShare stock_zh_a_spot / 新浪
002038,双鹭药业,6.4400000000,5.8500000000,109523779.0000000000,17006798.0000000000,0.1008500000,1.0952377900,AKShare stock_zh_a_spot / 新浪
002039,黔源电力,19.0200000000,19.0500000000,80274340.0000000000,4222810.0000000000,-0.0015700000,0.8027434000,AKShare stock_zh_a_spot / 新浪
002040,南 京 港,9.1200000000,9.0600000000,430269455.0000000000,47578748.0000000000,0.0066200000,4.3026945500,AKShare stock_zh_a_spot / 新浪
002041,登海种业,10.1800000000,9.9000000000,761130604.0000000000,78100490.0000000000,0.0282800000,7.6113060400,AKShare stock_zh_a_spot / 新浪
002042,华孚时尚,3.7700000000,3.6900000000,65996583.0000000000,17632225.0000000000,0.0216800000,0.6599658300,AKShare stock_zh_a_spot / 新浪
002043,兔 宝 宝,13.6000000000,12.9700000000,376455933.0000000000,28068895.0000000000,0.0485700000,3.7645593300,AKShare stock_zh_a_spot / 新浪
002044,美年健康,4.8100000000,4.6400000000,560577045.0000000000,116054276.0000000000,0.0366400000,5.6057704500,AKShare stock_zh_a_spot / 新浪
002045,国光电器,8.2800000000,8.0000000000,150127412.0000000000,18255000.0000000000,0.0350000000,1.5012741200,AKShare stock_zh_a_spot / 新浪
002046,国机精工,48.0000000000,47.8800000000,558520675.0000000000,11651328.0000000000,0.0025100000,5.5852067500,AKShare stock_zh_a_spot / 新浪
002047,宝鹰股份,3.1400000000,3.1100000000,179670217.0000000000,57133363.0000000000,0.0096500000,1.7967021700,AKShare stock_zh_a_spot / 新浪
002048,宁波华翔,19.0000000000,18.6700000000,334123390.0000000000,17716924.0000000000,0.0176800000,3.3412339000,AKShare stock_zh_a_spot / 新浪
002049,紫光国微,62.8100000000,62.2700000000,1040607466.0000000000,16497968.0000000000,0.0086700000,10.4060746600,AKShare stock_zh_a_spot / 新浪
002050,三花智控,36.1400000000,36.7900000000,1726581088.0000000000,47466881.0000000000,-0.0176700000,17.2658108800,AKShare stock_zh_a_spot / 新浪
002051,中工国际,8.3300000000,8.2500000000,139243719.0000000000,16721110.0000000000,0.0097000000,1.3924371900,AKShare stock_zh_a_spot / 新浪
002052,同洲电子,8.3500000000,8.2000000000,70996333.0000000000,8538700.0000000000,0.0182900000,0.7099633300,AKShare stock_zh_a_spot / 新浪
002053,云南能投,9.1700000000,9.3200000000,112189621.0000000000,12172114.0000000000,-0.0160900000,1.1218962100,AKShare stock_zh_a_spot / 新浪
002054,德美化工,7.2300000000,7.1700000000,51448948.0000000000,7122800.0000000000,0.0083700000,0.5144894800,AKShare stock_zh_a_spot / 新浪
002056,横店东磁,21.4800000000,21.3000000000,528479007.0000000000,24329217.0000000000,0.0084500000,5.2847900700,AKShare stock_zh_a_spot / 新浪
002057,中钢天源,8.5300000000,8.4700000000,106197343.0000000000,12430407.0000000000,0.0070800000,1.0619734300,AKShare stock_zh_a_spot / 新浪
002058,威尔泰,16.1600000000,15.6900000000,35057768.0000000000,2177800.0000000000,0.0299600000,0.3505776800,AKShare stock_zh_a_spot / 新浪
002059,云南旅游,4.4900000000,4.3700000000,42481348.0000000000,9560800.0000000000,0.0274600000,0.4248134800,AKShare stock_zh_a_spot / 新浪
002060,广东建工,3.2500000000,3.2100000000,45769359.0000000000,14120819.0000000000,0.0124600000,0.4576935900,AKShare stock_zh_a_spot / 新浪
002061,浙江交科,3.5100000000,3.4800000000,65371093.0000000000,18646051.0000000000,0.0086200000,0.6537109300,AKShare stock_zh_a_spot / 新浪
002062,宏润建设,7.8300000000,7.5800000000,138102213.0000000000,17658520.0000000000,0.0329800000,1.3810221300,AKShare stock_zh_a_spot / 新浪
002063,远光软件,5.3300000000,5.2700000000,88625886.0000000000,16606008.0000000000,0.0113900000,0.8862588600,AKShare stock_zh_a_spot / 新浪
002064,华峰化学,11.8100000000,11.4000000000,754780642.0000000000,64652619.0000000000,0.0359600000,7.5478064200,AKShare stock_zh_a_spot / 新浪
002065,东华软件,6.9000000000,6.8900000000,203608378.0000000000,29504387.0000000000,0.0014500000,2.0360837800,AKShare stock_zh_a_spot / 新浪
002066,瑞泰科技,21.4800000000,21.4500000000,61278095.0000000000,2846776.0000000000,0.0014000000,0.6127809500,AKShare stock_zh_a_spot / 新浪
002067,景兴纸业,4.0200000000,4.2600000000,294054292.0000000000,72464020.0000000000,-0.0563400000,2.9405429200,AKShare stock_zh_a_spot / 新浪
002068,黑猫股份,7.6200000000,7.7500000000,204368376.0000000000,26504600.0000000000,-0.0167700000,2.0436837600,AKShare stock_zh_a_spot / 新浪
002069,獐子岛,3.4700000000,3.4400000000,42757257.0000000000,12393607.0000000000,0.0087200000,0.4275725700,AKShare stock_zh_a_spot / 新浪
002072,凯瑞德,7.2600000000,7.2300000000,29156994.0000000000,4011600.0000000000,0.0041500000,0.2915699400,AKShare stock_zh_a_spot / 新浪
002073,软控股份,5.7000000000,5.5000000000,122853567.0000000000,21693926.0000000000,0.0363600000,1.2285356700,AKShare stock_zh_a_spot / 新浪
002074,国轩高科,26.4200000000,26.2700000000,367197192.0000000000,13833353.0000000000,0.0057100000,3.6719719200,AKShare stock_zh_a_spot / 新浪
002075,沙钢股份,3.6500000000,3.5800000000,91118995.0000000000,24985300.0000000000,0.0195500000,0.9111899500,AKShare stock_zh_a_spot / 新浪
002076,星光股份,2.0700000000,2.0400000000,44147803.0000000000,21391700.0000000000,0.0147100000,0.4414780300,AKShare stock_zh_a_spot / 新浪
002077,大港股份,12.2700000000,12.3200000000,202563500.0000000000,16434894.0000000000,-0.0040600000,2.0256350000,AKShare stock_zh_a_spot / 新浪
002078,太阳纸业,14.0400000000,13.8800000000,185513613.0000000000,13284630.0000000000,0.0115300000,1.8551361300,AKShare stock_zh_a_spot / 新浪
002079,苏州固锝,9.5400000000,9.4800000000,189702629.0000000000,19786915.0000000000,0.0063300000,1.8970262900,AKShare stock_zh_a_spot / 新浪
002080,中材科技,53.5900000000,54.0900000000,2809261356.0000000000,52715470.0000000000,-0.0092400000,28.0926135600,AKShare stock_zh_a_spot / 新浪
002081,金 螳 螂,5.5500000000,5.6400000000,2852259610.0000000000,523699791.0000000000,-0.0159600000,28.5225961000,AKShare stock_zh_a_spot / 新浪
002083,孚日股份,10.4200000000,10.9300000000,665141806.0000000000,62760028.0000000000,-0.0466600000,6.6514180600,AKShare stock_zh_a_spot / 新浪
002085,万丰奥威,10.2300000000,10.1200000000,174002280.0000000000,17007703.0000000000,0.0108700000,1.7400228000,AKShare stock_zh_a_spot / 新浪
002086,东方海洋,2.0100000000,1.9700000000,151295767.0000000000,75762312.0000000000,0.0203000000,1.5129576700,AKShare stock_zh_a_spot / 新浪
002088,鲁阳节能,8.2100000000,8.1800000000,26466022.0000000000,3234254.0000000000,0.0036700000,0.2646602200,AKShare stock_zh_a_spot / 新浪
002090,金智科技,9.1300000000,9.0000000000,41190392.0000000000,4502640.0000000000,0.0144400000,0.4119039200,AKShare stock_zh_a_spot / 新浪
002091,江苏国泰,7.7800000000,7.7200000000,90203993.0000000000,11563560.0000000000,0.0077700000,0.9020399300,AKShare stock_zh_a_spot / 新浪
002092,中泰化学,4.4500000000,4.3800000000,261953344.0000000000,58905800.0000000000,0.0159800000,2.6195334400,AKShare stock_zh_a_spot / 新浪
002093,国脉科技,6.6300000000,6.5000000000,61177233.0000000000,9255080.0000000000,0.0200000000,0.6117723300,AKShare stock_zh_a_spot / 新浪
002094,青岛金王,4.6500000000,4.5400000000,69069015.0000000000,14932300.0000000000,0.0242300000,0.6906901500,AKShare stock_zh_a_spot / 新浪
002095,生 意 宝,14.2300000000,13.8900000000,26758225.0000000000,1888865.0000000000,0.0244800000,0.2675822500,AKShare stock_zh_a_spot / 新浪
002096,易普力,9.2800000000,9.3600000000,44507775.0000000000,4741880.0000000000,-0.0085500000,0.4450777500,AKShare stock_zh_a_spot / 新浪
002097,山河智能,7.1000000000,7.0500000000,85100711.0000000000,11987219.0000000000,0.0070900000,0.8510071100,AKShare stock_zh_a_spot / 新浪
002098,浔兴股份,7.1000000000,7.1600000000,37106215.0000000000,5199300.0000000000,-0.0083800000,0.3710621500,AKShare stock_zh_a_spot / 新浪
002099,海翔药业,5.4800000000,5.1900000000,209457004.0000000000,38366845.0000000000,0.0558800000,2.0945700400,AKShare stock_zh_a_spot / 新浪
002100,天康生物,7.1700000000,7.0900000000,118522550.0000000000,16561495.0000000000,0.0112800000,1.1852255000,AKShare stock_zh_a_spot / 新浪
002101,广东鸿图,8.6100000000,8.5500000000,32062105.0000000000,3718488.0000000000,0.0070200000,0.3206210500,AKShare stock_zh_a_spot / 新浪
002103,广博股份,6.5800000000,6.4400000000,37906040.0000000000,5788000.0000000000,0.0217400000,0.3790604000,AKShare stock_zh_a_spot / 新浪
002104,恒宝股份,10.0100000000,9.4000000000,578656152.0000000000,58828709.0000000000,0.0648900000,5.7865615200,AKShare stock_zh_a_spot / 新浪
002105,信隆健康,5.8600000000,5.6800000000,34843958.0000000000,5984440.0000000000,0.0316900000,0.3484395800,AKShare stock_zh_a_spot / 新浪
002106,莱宝高科,10.2100000000,10.1700000000,127769018.0000000000,12483132.0000000000,0.0039300000,1.2776901800,AKShare stock_zh_a_spot / 新浪
002107,沃华医药,6.4800000000,6.2200000000,96891134.0000000000,15039100.0000000000,0.0418000000,0.9689113400,AKShare stock_zh_a_spot / 新浪
002108,沧州明珠,4.2800000000,4.2200000000,68077838.0000000000,15919342.0000000000,0.0142200000,0.6807783800,AKShare stock_zh_a_spot / 新浪
002110,三钢闽光,2.9400000000,2.8900000000,71978502.0000000000,24614158.0000000000,0.0173000000,0.7197850200,AKShare stock_zh_a_spot / 新浪
002111,威海广泰,9.4200000000,9.3200000000,39994429.0000000000,4250303.0000000000,0.0107300000,0.3999442900,AKShare stock_zh_a_spot / 新浪
002112,三变科技,15.8500000000,15.8600000000,228494528.0000000000,14359175.0000000000,-0.0006300000,2.2849452800,AKShare stock_zh_a_spot / 新浪
002114,罗平锌电,7.1900000000,7.1200000000,45941819.0000000000,6352400.0000000000,0.0098300000,0.4594181900,AKShare stock_zh_a_spot / 新浪
002115,三维通信,10.4300000000,10.5300000000,461759535.0000000000,44052663.0000000000,-0.0095000000,4.6175953500,AKShare stock_zh_a_spot / 新浪
002116,中国海诚,7.1200000000,6.9700000000,20344512.0000000000,2868884.0000000000,0.0215200000,0.2034451200,AKShare stock_zh_a_spot / 新浪
002117,东港股份,7.8700000000,7.7600000000,31663988.0000000000,4033300.0000000000,0.0141800000,0.3166398800,AKShare stock_zh_a_spot / 新浪
002119,康强电子,23.3400000000,23.8600000000,726698526.0000000000,30857697.0000000000,-0.0217900000,7.2669852600,AKShare stock_zh_a_spot / 新浪
002120,韵达股份,6.6700000000,6.6300000000,207399146.0000000000,30887311.0000000000,0.0060300000,2.0739914600,AKShare stock_zh_a_spot / 新浪
002121,科陆电子,4.8900000000,4.8800000000,80999685.0000000000,16522678.0000000000,0.0020500000,0.8099968500,AKShare stock_zh_a_spot / 新浪
002123,梦网科技,7.8400000000,7.7600000000,152727204.0000000000,19456554.0000000000,0.0103100000,1.5272720400,AKShare stock_zh_a_spot / 新浪
002124,天邦食品,2.3400000000,2.3300000000,238231879.0000000000,102544261.0000000000,0.0042900000,2.3823187900,AKShare stock_zh_a_spot / 新浪
002125,湘潭电化,12.6800000000,12.5500000000,204804027.0000000000,16197731.0000000000,0.0103600000,2.0480402700,AKShare stock_zh_a_spot / 新浪
002126,银轮股份,39.9600000000,40.1600000000,483970530.0000000000,12056551.0000000000,-0.0049800000,4.8397053000,AKShare stock_zh_a_spot / 新浪
002127,南极电商,2.8600000000,2.8000000000,102445859.0000000000,35884739.0000000000,0.0214300000,1.0244585900,AKShare stock_zh_a_spot / 新浪
002128,电投能源,26.9200000000,27.2100000000,175571283.0000000000,6459776.0000000000,-0.0106600000,1.7557128300,AKShare stock_zh_a_spot / 新浪
002129,TCL中环,9.5300000000,9.8500000000,1253774525.0000000000,129187658.0000000000,-0.0324900000,12.5377452500,AKShare stock_zh_a_spot / 新浪
002130,沃尔核材,16.2800000000,16.1000000000,283985576.0000000000,17360660.0000000000,0.0111800000,2.8398557600,AKShare stock_zh_a_spot / 新浪
002131,利欧股份,4.6000000000,4.6300000000,1416285621.0000000000,305917700.0000000000,-0.0064800000,14.1628562100,AKShare stock_zh_a_spot / 新浪
002132,恒星科技,4.4600000000,4.3800000000,210078788.0000000000,47232812.0000000000,0.0182600000,2.1007878800,AKShare stock_zh_a_spot / 新浪
002133,广宇集团,2.7300000000,2.6600000000,50855632.0000000000,18937800.0000000000,0.0263200000,0.5085563200,AKShare stock_zh_a_spot / 新浪
002134,天津普林,21.1300000000,21.1500000000,107695858.0000000000,5053099.0000000000,-0.0009500000,1.0769585800,AKShare stock_zh_a_spot / 新浪
002135,东南网架,5.8600000000,5.8000000000,45317525.0000000000,7755500.0000000000,0.0103400000,0.4531752500,AKShare stock_zh_a_spot / 新浪
002136,安 纳 达,11.8700000000,11.7000000000,45387352.0000000000,3824424.0000000000,0.0145300000,0.4538735200,AKShare stock_zh_a_spot / 新浪
002137,实益达,7.6000000000,7.6800000000,140292946.0000000000,18509011.0000000000,-0.0104200000,1.4029294600,AKShare stock_zh_a_spot / 新浪
002138,顺络电子,48.4100000000,47.4100000000,1299824623.0000000000,26868447.0000000000,0.0210900000,12.9982462300,AKShare stock_zh_a_spot / 新浪
002139,拓邦股份,9.5200000000,9.7600000000,151480217.0000000000,15783444.0000000000,-0.0245900000,1.5148021700,AKShare stock_zh_a_spot / 新浪
002140,东华科技,9.0700000000,8.9000000000,43582866.0000000000,4814089.0000000000,0.0191000000,0.4358286600,AKShare stock_zh_a_spot / 新浪
002141,贤丰控股,6.2700000000,6.4600000000,908297211.0000000000,143645600.0000000000,-0.0294100000,9.0829721100,AKShare stock_zh_a_spot / 新浪
002142,宁波银行,34.1800000000,32.9800000000,1915581093.0000000000,56403752.0000000000,0.0363900000,19.1558109300,AKShare stock_zh_a_spot / 新浪
002144,宏达高科,10.9000000000,10.6700000000,33352421.0000000000,3071500.0000000000,0.0215600000,0.3335242100,AKShare stock_zh_a_spot / 新浪
002145,钛能化学,4.3100000000,4.3100000000,137669074.0000000000,31762850.0000000000,0.0000000000,1.3766907400,AKShare stock_zh_a_spot / 新浪
002146,荣盛发展,1.1600000000,1.1300000000,148516304.0000000000,129045000.0000000000,0.0265500000,1.4851630400,AKShare stock_zh_a_spot / 新浪
002148,北纬科技,6.2600000000,6.2500000000,99925878.0000000000,16133140.0000000000,0.0016000000,0.9992587800,AKShare stock_zh_a_spot / 新浪
002149,西部材料,36.7100000000,37.5100000000,1197445542.0000000000,32127651.0000000000,-0.0213300000,11.9744554200,AKShare stock_zh_a_spot / 新浪
002150,正泰电源,22.2800000000,22.2800000000,143829054.0000000000,6409200.0000000000,0.0000000000,1.4382905400,AKShare stock_zh_a_spot / 新浪
002151,北斗星通,27.9500000000,28.2200000000,326146000.0000000000,11591015.0000000000,-0.0095700000,3.2614600000,AKShare stock_zh_a_spot / 新浪
002152,广电运通,9.4600000000,9.3000000000,179294146.0000000000,19011420.0000000000,0.0172000000,1.7929414600,AKShare stock_zh_a_spot / 新浪
002153,石基信息,7.7200000000,7.7100000000,200018084.0000000000,25684361.0000000000,0.0013000000,2.0001808400,AKShare stock_zh_a_spot / 新浪
002154,报 喜 鸟,4.2000000000,4.2200000000,79408059.0000000000,18808337.0000000000,-0.0047400000,0.7940805900,AKShare stock_zh_a_spot / 新浪
002156,通富微电,63.1500000000,63.5900000000,7802849438.0000000000,122876932.0000000000,-0.0069200000,78.0284943800,AKShare stock_zh_a_spot / 新浪
002157,正邦科技,2.9600000000,2.9800000000,385630707.0000000000,130026959.0000000000,-0.0067100000,3.8563070700,AKShare stock_zh_a_spot / 新浪
002158,汉钟精机,26.2300000000,26.1800000000,191920658.0000000000,7260300.0000000000,0.0019100000,1.9192065800,AKShare stock_zh_a_spot / 新浪
002159,三特索道,13.4800000000,13.1900000000,30723087.0000000000,2290500.0000000000,0.0219900000,0.3072308700,AKShare stock_zh_a_spot / 新浪
002160,常铝股份,3.9000000000,3.8800000000,53221373.0000000000,13551038.0000000000,0.0051500000,0.5322137300,AKShare stock_zh_a_spot / 新浪
002161,远 望 谷,5.7500000000,5.6700000000,56940292.0000000000,9889500.0000000000,0.0141100000,0.5694029200,AKShare stock_zh_a_spot / 新浪
002162,悦心健康,4.0700000000,3.9800000000,44334832.0000000000,10973264.0000000000,0.0226100000,0.4433483200,AKShare stock_zh_a_spot / 新浪
002163,海南发展,8.1100000000,7.9800000000,135170740.0000000000,16656369.0000000000,0.0162900000,1.3517074000,AKShare stock_zh_a_spot / 新浪
002164,宁波东力,11.1300000000,11.0500000000,145302894.0000000000,13058460.0000000000,0.0072400000,1.4530289400,AKShare stock_zh_a_spot / 新浪
002165,红 宝 丽,7.7900000000,7.4100000000,1324202503.0000000000,178280139.0000000000,0.0512800000,13.2420250300,AKShare stock_zh_a_spot / 新浪
002166,莱茵生物,6.9400000000,6.6900000000,122038463.0000000000,17683565.0000000000,0.0373700000,1.2203846300,AKShare stock_zh_a_spot / 新浪
002167,东方锆业,16.4000000000,16.8800000000,927504803.0000000000,55805056.0000000000,-0.0284400000,9.2750480300,AKShare stock_zh_a_spot / 新浪
002169,智光电气,12.7500000000,12.6500000000,220074140.0000000000,17233522.0000000000,0.0079100000,2.2007414000,AKShare stock_zh_a_spot / 新浪
002170,芭田股份,11.2100000000,11.2600000000,199754711.0000000000,17696736.0000000000,-0.0044400000,1.9975471100,AKShare stock_zh_a_spot / 新浪
002171,楚江新材,9.5200000000,9.5100000000,294190395.0000000000,30649674.0000000000,0.0010500000,2.9419039500,AKShare stock_zh_a_spot / 新浪
002172,澳洋健康,4.4400000000,4.0400000000,829644048.0000000000,201683930.0000000000,0.0990100000,8.2964404800,AKShare stock_zh_a_spot / 新浪
002173,创新医疗,19.0600000000,18.5500000000,794202737.0000000000,41372690.0000000000,0.0274900000,7.9420273700,AKShare stock_zh_a_spot / 新浪
002174,游族网络,12.3000000000,12.0500000000,329830338.0000000000,26796970.0000000000,0.0207500000,3.2983033800,AKShare stock_zh_a_spot / 新浪
002176,江特电机,8.8400000000,8.9200000000,355981047.0000000000,39948808.0000000000,-0.0089700000,3.5598104700,AKShare stock_zh_a_spot / 新浪
002177,御银股份,5.5100000000,5.3200000000,196120047.0000000000,35528964.0000000000,0.0357100000,1.9612004700,AKShare stock_zh_a_spot / 新浪
002178,延华智能,4.4800000000,4.4000000000,51406049.0000000000,11511580.0000000000,0.0181800000,0.5140604900,AKShare stock_zh_a_spot / 新浪
002179,中航光电,34.1900000000,34.3800000000,527443350.0000000000,15356349.0000000000,-0.0055300000,5.2744335000,AKShare stock_zh_a_spot / 新浪
002180,奔图科技,17.8200000000,17.7000000000,197023133.0000000000,11136764.0000000000,0.0067800000,1.9702313300,AKShare stock_zh_a_spot / 新浪
002181,粤 传 媒,8.3400000000,8.3300000000,148795839.0000000000,17788702.0000000000,0.0012000000,1.4879583900,AKShare stock_zh_a_spot / 新浪
002182,宝武镁业,11.7600000000,11.7200000000,127928546.0000000000,10787054.0000000000,0.0034100000,1.2792854600,AKShare stock_zh_a_spot / 新浪
002183,怡 亚 通,4.3800000000,4.2600000000,196409588.0000000000,44986034.0000000000,0.0281700000,1.9640958800,AKShare stock_zh_a_spot / 新浪
002184,海得控制,10.0700000000,9.6800000000,73654846.0000000000,7394676.0000000000,0.0402900000,0.7365484600,AKShare stock_zh_a_spot / 新浪
002185,华天科技,17.3500000000,17.3600000000,3549698667.0000000000,203135948.0000000000,-0.0005800000,35.4969866700,AKShare stock_zh_a_spot / 新浪
002186,全 聚 德,9.4700000000,9.3500000000,33208131.0000000000,3518101.0000000000,0.0128300000,0.3320813100,AKShare stock_zh_a_spot / 新浪
002187,广百股份,5.3300000000,5.2200000000,42373399.0000000000,8012100.0000000000,0.0210700000,0.4237339900,AKShare stock_zh_a_spot / 新浪
002188,中天服务,5.4900000000,5.3900000000,97839880.0000000000,17896548.0000000000,0.0185500000,0.9783988000,AKShare stock_zh_a_spot / 新浪
002189,中光学,18.1800000000,17.8200000000,33676889.0000000000,1860235.0000000000,0.0202000000,0.3367688900,AKShare stock_zh_a_spot / 新浪
002190,成飞集成,23.0200000000,22.7300000000,99594116.0000000000,4334556.0000000000,0.0127600000,0.9959411600,AKShare stock_zh_a_spot / 新浪
002191,劲嘉股份,3.7000000000,3.6700000000,33582995.0000000000,9102700.0000000000,0.0081700000,0.3358299500,AKShare stock_zh_a_spot / 新浪
002192,融捷股份,65.9200000000,67.1400000000,907159453.0000000000,13635760.0000000000,-0.0181700000,9.0715945300,AKShare stock_zh_a_spot / 新浪
002194,武汉凡谷,10.0300000000,9.6900000000,244122921.0000000000,24787496.0000000000,0.0350900000,2.4412292100,AKShare stock_zh_a_spot / 新浪
002195,岩山科技,6.3500000000,6.2900000000,581712916.0000000000,91443909.0000000000,0.0095400000,5.8171291600,AKShare stock_zh_a_spot / 新浪
002196,方正电机,10.3200000000,10.3800000000,179932093.0000000000,17298620.0000000000,-0.0057800000,1.7993209300,AKShare stock_zh_a_spot / 新浪
002197,证通电子,6.5700000000,6.5100000000,129435583.0000000000,19770438.0000000000,0.0092200000,1.2943558300,AKShare stock_zh_a_spot / 新浪
002199,东晶电子,12.1400000000,11.8300000000,71800705.0000000000,5942600.0000000000,0.0262000000,0.7180070500,AKShare stock_zh_a_spot / 新浪
002200,交投生态,6.7700000000,6.7700000000,31399934.0000000000,4619700.0000000000,0.0000000000,0.3139993400,AKShare stock_zh_a_spot / 新浪
002201,九鼎新材,8.0300000000,8.0400000000,81012616.0000000000,10042180.0000000000,-0.0012400000,0.8101261600,AKShare stock_zh_a_spot / 新浪
002202,金风科技,19.8400000000,22.0300000000,5475303844.0000000000,269374628.0000000000,-0.0994100000,54.7530384400,AKShare stock_zh_a_spot / 新浪
002203,海亮股份,18.3700000000,18.3700000000,260284265.0000000000,14055939.0000000000,0.0000000000,2.6028426500,AKShare stock_zh_a_spot / 新浪
002204,大连重工,5.2100000000,5.1600000000,67996413.0000000000,13053976.0000000000,0.0096900000,0.6799641300,AKShare stock_zh_a_spot / 新浪
002205,国统股份,10.6400000000,10.5600000000,23254075.0000000000,2186100.0000000000,0.0075800000,0.2325407500,AKShare stock_zh_a_spot / 新浪
002206,海 利 得,5.2100000000,5.1600000000,33817123.0000000000,6482101.0000000000,0.0096900000,0.3381712300,AKShare stock_zh_a_spot / 新浪
002208,合肥城建,10.8400000000,10.9000000000,288412297.0000000000,26511505.0000000000,-0.0055000000,2.8841229700,AKShare stock_zh_a_spot / 新浪
002209,达 意 隆,11.9600000000,11.8300000000,97891345.0000000000,8238862.0000000000,0.0109900000,0.9789134500,AKShare stock_zh_a_spot / 新浪
002210,飞马国际,2.2300000000,2.1600000000,102525065.0000000000,46505500.0000000000,0.0324100000,1.0252506500,AKShare stock_zh_a_spot / 新浪
002212,天融信,6.1900000000,6.3000000000,213610731.0000000000,34409342.0000000000,-0.0174600000,2.1361073100,AKShare stock_zh_a_spot / 新浪
002213,大为股份,29.4000000000,28.8000000000,402236923.0000000000,13447125.0000000000,0.0208300000,4.0223692300,AKShare stock_zh_a_spot / 新浪
002214,大立科技,14.3500000000,13.5100000000,272599582.0000000000,18894600.0000000000,0.0621800000,2.7259958200,AKShare stock_zh_a_spot / 新浪
002215,诺 普 信,9.4300000000,9.1100000000,386282316.0000000000,41664541.0000000000,0.0351300000,3.8628231600,AKShare stock_zh_a_spot / 新浪
002216,三全食品,12.6800000000,12.6100000000,84512650.0000000000,6698124.0000000000,0.0055500000,0.8451265000,AKShare stock_zh_a_spot / 新浪
002218,拓日新能,3.8300000000,3.8000000000,99103794.0000000000,25926000.0000000000,0.0078900000,0.9910379400,AKShare stock_zh_a_spot / 新浪
002219,新里程,2.3500000000,2.3300000000,405762806.0000000000,172559172.0000000000,0.0085800000,4.0576280600,AKShare stock_zh_a_spot / 新浪
002221,东华能源,5.6400000000,5.4000000000,232557018.0000000000,41234516.0000000000,0.0444400000,2.3255701800,AKShare stock_zh_a_spot / 新浪
002222,福晶科技,63.5900000000,61.9800000000,1444479445.0000000000,22792938.0000000000,0.0259800000,14.4447944500,AKShare stock_zh_a_spot / 新浪
002223,鱼跃医疗,26.2700000000,25.8800000000,321167561.0000000000,12183212.0000000000,0.0150700000,3.2116756100,AKShare stock_zh_a_spot / 新浪
002224,三 力 士,3.6700000000,3.5200000000,67950157.0000000000,18663900.0000000000,0.0426100000,0.6795015700,AKShare stock_zh_a_spot / 新浪
002225,濮耐股份,3.5100000000,3.4700000000,82748288.0000000000,23645400.0000000000,0.0115300000,0.8274828800,AKShare stock_zh_a_spot / 新浪
002226,江南化工,5.0200000000,5.0300000000,79551639.0000000000,15721816.0000000000,-0.0019900000,0.7955163900,AKShare stock_zh_a_spot / 新浪
002228,合兴包装,3.1100000000,3.0500000000,50829567.0000000000,16441000.0000000000,0.0196700000,0.5082956700,AKShare stock_zh_a_spot / 新浪
002229,鸿博股份,10.8200000000,11.3200000000,648359885.0000000000,59597277.0000000000,-0.0441700000,6.4835988500,AKShare stock_zh_a_spot / 新浪
002230,科大讯飞,39.9100000000,39.8200000000,1098378222.0000000000,27389437.0000000000,0.0022600000,10.9837822200,AKShare stock_zh_a_spot / 新浪
002232,启明信息,13.7600000000,13.8500000000,43149423.0000000000,3128600.0000000000,-0.0065000000,0.4314942300,AKShare stock_zh_a_spot / 新浪
002233,塔牌集团,7.0600000000,7.0600000000,48433489.0000000000,6852910.0000000000,0.0000000000,0.4843348900,AKShare stock_zh_a_spot / 新浪
002234,民和股份,7.8300000000,7.5200000000,65977614.0000000000,8535300.0000000000,0.0412200000,0.6597761400,AKShare stock_zh_a_spot / 新浪
002235,安妮股份,8.7100000000,8.7300000000,270584226.0000000000,30775185.0000000000,-0.0022900000,2.7058422600,AKShare stock_zh_a_spot / 新浪
002236,大华股份,16.1400000000,16.1400000000,581496491.0000000000,35959179.0000000000,0.0000000000,5.8149649100,AKShare stock_zh_a_spot / 新浪
002237,恒邦股份,15.0000000000,14.3200000000,768726059.0000000000,50945906.0000000000,0.0474900000,7.6872605900,AKShare stock_zh_a_spot / 新浪
002238,天威视讯,6.0600000000,5.9300000000,23219463.0000000000,3860682.0000000000,0.0219200000,0.2321946300,AKShare stock_zh_a_spot / 新浪
002239,奥特佳,2.4600000000,2.4200000000,110103035.0000000000,44910726.0000000000,0.0165300000,1.1010303500,AKShare stock_zh_a_spot / 新浪
002240,盛新锂能,31.6700000000,31.7800000000,701696348.0000000000,22089676.0000000000,-0.0034600000,7.0169634800,AKShare stock_zh_a_spot / 新浪
002241,歌尔股份,22.0200000000,21.9800000000,901717401.0000000000,40836089.0000000000,0.0018200000,9.0171740100,AKShare stock_zh_a_spot / 新浪
002242,九阳股份,8.9900000000,8.9100000000,40727903.0000000000,4533051.0000000000,0.0089800000,0.4072790300,AKShare stock_zh_a_spot / 新浪
002243,力合科创,7.1600000000,7.0800000000,64437573.0000000000,9005665.0000000000,0.0113000000,0.6443757300,AKShare stock_zh_a_spot / 新浪
002244,滨江集团,9.4600000000,9.3900000000,512750280.0000000000,54027946.0000000000,0.0074500000,5.1275028000,AKShare stock_zh_a_spot / 新浪
002245,蔚蓝锂芯,18.0000000000,18.2800000000,1158776305.0000000000,63572669.0000000000,-0.0153200000,11.5877630500,AKShare stock_zh_a_spot / 新浪
002246,北化股份,19.9800000000,20.4700000000,282062087.0000000000,13903154.0000000000,-0.0239400000,2.8206208700,AKShare stock_zh_a_spot / 新浪
002247,聚力文化,2.3900000000,2.3200000000,52858475.0000000000,22343400.0000000000,0.0301700000,0.5285847500,AKShare stock_zh_a_spot / 新浪
002248,华东数控,10.0800000000,11.2000000000,646182283.0000000000,63723939.0000000000,-0.1000000000,6.4618228300,AKShare stock_zh_a_spot / 新浪
002249,大洋电机,7.0300000000,6.9900000000,181236610.0000000000,25770233.0000000000,0.0057200000,1.8123661000,AKShare stock_zh_a_spot / 新浪
002250,联化科技,16.1100000000,15.7500000000,370509860.0000000000,22914568.0000000000,0.0228600000,3.7050986000,AKShare stock_zh_a_spot / 新浪
002251,步步高,3.6400000000,3.5500000000,347801798.0000000000,96240993.0000000000,0.0253500000,3.4780179800,AKShare stock_zh_a_spot / 新浪
002252,上海莱士,5.0300000000,4.8900000000,427336508.0000000000,84897187.0000000000,0.0286300000,4.2733650800,AKShare stock_zh_a_spot / 新浪
002253,川大智胜,9.5000000000,9.3400000000,34649561.0000000000,3650500.0000000000,0.0171300000,0.3464956100,AKShare stock_zh_a_spot / 新浪
002254,泰和新材,12.1800000000,12.1300000000,173492011.0000000000,14238008.0000000000,0.0041200000,1.7349201100,AKShare stock_zh_a_spot / 新浪
002255,海陆重工,7.7800000000,8.1000000000,191196641.0000000000,24568301.0000000000,-0.0395100000,1.9119664100,AKShare stock_zh_a_spot / 新浪
002256,兆新股份,3.3400000000,3.3000000000,129159314.0000000000,38699071.0000000000,0.0121200000,1.2915931400,AKShare stock_zh_a_spot / 新浪
002258,利尔化学,14.8100000000,14.6500000000,463917447.0000000000,31243138.0000000000,0.0109200000,4.6391744700,AKShare stock_zh_a_spot / 新浪
002259,升达林业,3.7600000000,3.7000000000,87731018.0000000000,23018400.0000000000,0.0162200000,0.8773101800,AKShare stock_zh_a_spot / 新浪
002261,拓维信息,25.6700000000,25.6600000000,931092807.0000000000,36173372.0000000000,0.0003900000,9.3109280700,AKShare stock_zh_a_spot / 新浪
002262,恩华药业,22.7900000000,22.8000000000,360236570.0000000000,15745790.0000000000,-0.0004400000,3.6023657000,AKShare stock_zh_a_spot / 新浪
002263,大东南,2.9600000000,2.9100000000,77985136.0000000000,26463560.0000000000,0.0171800000,0.7798513600,AKShare stock_zh_a_spot / 新浪
002264,新 华 都,6.6500000000,6.4600000000,128433337.0000000000,19462529.0000000000,0.0294100000,1.2843333700,AKShare stock_zh_a_spot / 新浪
002265,建设工业,18.6700000000,18.3000000000,194837702.0000000000,10446200.0000000000,0.0202200000,1.9483770200,AKShare stock_zh_a_spot / 新浪
002266,浙富控股,4.8200000000,4.8700000000,281601704.0000000000,57708033.0000000000,-0.0102700000,2.8160170400,AKShare stock_zh_a_spot / 新浪
002267,陕天然气,6.9700000000,7.0400000000,46142603.0000000000,6586777.0000000000,-0.0099400000,0.4614260300,AKShare stock_zh_a_spot / 新浪
002268,电科网安,13.5600000000,13.5300000000,74301118.0000000000,5473200.0000000000,0.0022200000,0.7430111800,AKShare stock_zh_a_spot / 新浪
002269,美邦服饰,1.4400000000,1.4100000000,50111817.0000000000,34986403.0000000000,0.0212800000,0.5011181700,AKShare stock_zh_a_spot / 新浪
002270,华明装备,19.3000000000,19.6800000000,208242407.0000000000,10687692.0000000000,-0.0193100000,2.0824240700,AKShare stock_zh_a_spot / 新浪
002271,东方雨虹,11.3700000000,11.8600000000,1102216299.0000000000,97739889.0000000000,-0.0413200000,11.0221629900,AKShare stock_zh_a_spot / 新浪
002272,川润股份,14.4400000000,14.7400000000,370503162.0000000000,25458023.0000000000,-0.0203500000,3.7050316200,AKShare stock_zh_a_spot / 新浪
002273,水晶光电,27.1300000000,26.6300000000,957504367.0000000000,35410643.0000000000,0.0187800000,9.5750436700,AKShare stock_zh_a_spot / 新浪
002274,华昌化工,5.9200000000,5.8400000000,154102706.0000000000,26131535.0000000000,0.0137000000,1.5410270600,AKShare stock_zh_a_spot / 新浪
002275,桂林三金,13.6200000000,13.2800000000,50776425.0000000000,3742900.0000000000,0.0256000000,0.5077642500,AKShare stock_zh_a_spot / 新浪
002276,万马股份,10.1600000000,9.8700000000,222723545.0000000000,21869166.0000000000,0.0293800000,2.2272354500,AKShare stock_zh_a_spot / 新浪
002277,友阿股份,5.6900000000,5.5300000000,77388145.0000000000,13682244.0000000000,0.0289300000,0.7738814500,AKShare stock_zh_a_spot / 新浪
002278,神开股份,8.0000000000,7.9200000000,46466917.0000000000,5811144.0000000000,0.0101000000,0.4646691700,AKShare stock_zh_a_spot / 新浪
002279,久其软件,6.3300000000,6.3500000000,154116167.0000000000,24331260.0000000000,-0.0031500000,1.5411616700,AKShare stock_zh_a_spot / 新浪
002281,光迅科技,173.1500000000,177.8800000000,6900788705.0000000000,39548779.0000000000,-0.0265900000,69.0078870500,AKShare stock_zh_a_spot / 新浪
002282,博深股份,5.9600000000,5.8400000000,21737136.0000000000,3657200.0000000000,0.0205500000,0.2173713600,AKShare stock_zh_a_spot / 新浪
002283,天润工业,8.8300000000,8.8700000000,106757437.0000000000,11983011.0000000000,-0.0045100000,1.0675743700,AKShare stock_zh_a_spot / 新浪
002284,亚太股份,9.5500000000,9.7400000000,368304802.0000000000,38182293.0000000000,-0.0195100000,3.6830480200,AKShare stock_zh_a_spot / 新浪
002285,世联行,2.1600000000,2.1300000000,164050703.0000000000,76407047.0000000000,0.0140800000,1.6405070300,AKShare stock_zh_a_spot / 新浪
002286,保龄宝,8.3000000000,8.0100000000,92585452.0000000000,11400300.0000000000,0.0362000000,0.9258545200,AKShare stock_zh_a_spot / 新浪
002287,奇正藏药,20.6700000000,20.0700000000,82942183.0000000000,4004857.0000000000,0.0299000000,0.8294218300,AKShare stock_zh_a_spot / 新浪
002289,宇顺电子,41.5000000000,40.9500000000,220660760.0000000000,5406600.0000000000,0.0134300000,2.2066076000,AKShare stock_zh_a_spot / 新浪
002290,禾盛新材,65.5900000000,62.4200000000,538395905.0000000000,8344375.0000000000,0.0507900000,5.3839590500,AKShare stock_zh_a_spot / 新浪
002291,遥望科技,5.2400000000,5.1700000000,86469279.0000000000,16595600.0000000000,0.0135400000,0.8646927900,AKShare stock_zh_a_spot / 新浪
002292,奥飞娱乐,8.0900000000,7.8700000000,295369038.0000000000,36693864.0000000000,0.0279500000,2.9536903800,AKShare stock_zh_a_spot / 新浪
002293,罗莱生活,11.3600000000,11.2200000000,63878681.0000000000,5648966.0000000000,0.0124800000,0.6387868100,AKShare stock_zh_a_spot / 新浪
002294,信立泰,34.5300000000,33.6400000000,1378741694.0000000000,39432469.0000000000,0.0264600000,13.7874169400,AKShare stock_zh_a_spot / 新浪
002295,精艺股份,8.9000000000,8.6900000000,23131395.0000000000,2598900.0000000000,0.0241700000,0.2313139500,AKShare stock_zh_a_spot / 新浪
002296,辉煌科技,8.7700000000,8.6300000000,55034911.0000000000,6284000.0000000000,0.0162200000,0.5503491100,AKShare stock_zh_a_spot / 新浪
002297,博云新材,17.2900000000,17.5800000000,750906281.0000000000,42875109.0000000000,-0.0165000000,7.5090628100,AKShare stock_zh_a_spot / 新浪
002298,中电鑫龙,7.9800000000,8.0700000000,207390715.0000000000,25842135.0000000000,-0.0111500000,2.0739071500,AKShare stock_zh_a_spot / 新浪
002299,圣农发展,16.4800000000,16.2600000000,238149142.0000000000,14561102.0000000000,0.0135300000,2.3814914200,AKShare stock_zh_a_spot / 新浪
002300,太阳电缆,6.7000000000,6.6700000000,86238864.0000000000,12824400.0000000000,0.0045000000,0.8623886400,AKShare stock_zh_a_spot / 新浪
002301,齐心集团,7.4600000000,7.5500000000,62405498.0000000000,8321450.0000000000,-0.0119200000,0.6240549800,AKShare stock_zh_a_spot / 新浪
002302,西部建设,4.7000000000,4.6700000000,32477706.0000000000,6944997.0000000000,0.0064200000,0.3247770600,AKShare stock_zh_a_spot / 新浪
002303,美盈森,4.6100000000,4.6200000000,196137147.0000000000,42155515.0000000000,-0.0021600000,1.9613714700,AKShare stock_zh_a_spot / 新浪
002304,洋河股份,39.4100000000,39.0200000000,162147802.0000000000,4118924.0000000000,0.0099900000,1.6214780200,AKShare stock_zh_a_spot / 新浪
002307,北新路桥,2.9100000000,2.8700000000,57306719.0000000000,19817874.0000000000,0.0139400000,0.5730671900,AKShare stock_zh_a_spot / 新浪
002309,中利集团,2.9900000000,2.9800000000,330597950.0000000000,110581500.0000000000,0.0033600000,3.3059795000,AKShare stock_zh_a_spot / 新浪
002310,东方新能,2.3200000000,2.2800000000,168129243.0000000000,72718300.0000000000,0.0175400000,1.6812924300,AKShare stock_zh_a_spot / 新浪
002311,海大集团,46.4000000000,45.2700000000,340846802.0000000000,7410743.0000000000,0.0249600000,3.4084680200,AKShare stock_zh_a_spot / 新浪
002312,川发龙蟒,8.2700000000,8.3000000000,175921676.0000000000,21264597.0000000000,-0.0036100000,1.7592167600,AKShare stock_zh_a_spot / 新浪
002313,日海智能,8.7800000000,7.9800000000,179593968.0000000000,20960800.0000000000,0.1002500000,1.7959396800,AKShare stock_zh_a_spot / 新浪
002314,南山控股,2.1600000000,2.0800000000,61498593.0000000000,28759491.0000000000,0.0384600000,0.6149859300,AKShare stock_zh_a_spot / 新浪
002315,焦点科技,25.3700000000,24.6800000000,208356762.0000000000,8231403.0000000000,0.0279600000,2.0835676200,AKShare stock_zh_a_spot / 新浪
002316,亚联发展,4.4400000000,4.3600000000,40963518.0000000000,9273800.0000000000,0.0183500000,0.4096351800,AKShare stock_zh_a_spot / 新浪
002317,众生药业,27.3900000000,27.2300000000,1335469043.0000000000,47799988.0000000000,0.0058800000,13.3546904300,AKShare stock_zh_a_spot / 新浪
002318,久立特材,19.2800000000,19.4100000000,118279573.0000000000,6130105.0000000000,-0.0067000000,1.1827957300,AKShare stock_zh_a_spot / 新浪
002319,乐通股份,11.2000000000,10.5000000000,177719858.0000000000,16154700.0000000000,0.0666700000,1.7771985800,AKShare stock_zh_a_spot / 新浪
002320,海峡股份,6.4900000000,6.4000000000,83990729.0000000000,12974693.0000000000,0.0140600000,0.8399072900,AKShare stock_zh_a_spot / 新浪
002321,华英农业,2.0400000000,2.0300000000,80359691.0000000000,39595500.0000000000,0.0049300000,0.8035969100,AKShare stock_zh_a_spot / 新浪
002322,理工能科,11.7900000000,12.1400000000,186771143.0000000000,15782100.0000000000,-0.0288300000,1.8677114300,AKShare stock_zh_a_spot / 新浪
002324,普利特,8.9100000000,8.8000000000,99205466.0000000000,11106434.0000000000,0.0125000000,0.9920546600,AKShare stock_zh_a_spot / 新浪
002326,永太科技,20.1600000000,20.9700000000,971680039.0000000000,47142338.0000000000,-0.0386300000,9.7168003900,AKShare stock_zh_a_spot / 新浪
002327,富安娜,6.6300000000,6.5900000000,22018026.0000000000,3332200.0000000000,0.0060700000,0.2201802600,AKShare stock_zh_a_spot / 新浪
002328,新朋股份,7.1000000000,7.0300000000,117400399.0000000000,16574369.0000000000,0.0099600000,1.1740039900,AKShare stock_zh_a_spot / 新浪
002329,皇氏集团,3.5100000000,3.8100000000,450277972.0000000000,127233541.0000000000,-0.0787400000,4.5027797200,AKShare stock_zh_a_spot / 新浪
002330,得利斯,4.1100000000,4.0500000000,60461310.0000000000,14770400.0000000000,0.0148100000,0.6046131000,AKShare stock_zh_a_spot / 新浪
002331,皖通科技,6.8900000000,6.8600000000,69964728.0000000000,10196800.0000000000,0.0043700000,0.6996472800,AKShare stock_zh_a_spot / 新浪
002332,仙琚制药,8.6100000000,8.4700000000,130484402.0000000000,15140276.0000000000,0.0165300000,1.3048440200,AKShare stock_zh_a_spot / 新浪
002333,罗普斯金,5.7100000000,6.3400000000,285006917.0000000000,47911694.0000000000,-0.0993700000,2.8500691700,AKShare stock_zh_a_spot / 新浪
002334,英威腾,6.4500000000,6.3400000000,64431975.0000000000,9975501.0000000000,0.0173500000,0.6443197500,AKShare stock_zh_a_spot / 新浪
002335,科华数据,29.9200000000,30.2000000000,488119645.0000000000,16195055.0000000000,-0.0092700000,4.8811964500,AKShare stock_zh_a_spot / 新浪
002337,赛象科技,4.6200000000,4.5300000000,29435775.0000000000,6390100.0000000000,0.0198700000,0.2943577500,AKShare stock_zh_a_spot / 新浪
002338,奥普光电,42.8000000000,43.4900000000,204505353.0000000000,4740747.0000000000,-0.0158700000,2.0450535300,AKShare stock_zh_a_spot / 新浪
002339,积成电子,7.1000000000,6.9400000000,58327980.0000000000,8253200.0000000000,0.0230500000,0.5832798000,AKShare stock_zh_a_spot / 新浪
002340,格林美,6.4600000000,6.4400000000,349693192.0000000000,53980314.0000000000,0.0031100000,3.4969319200,AKShare stock_zh_a_spot / 新浪
002342,巨力索具,7.4100000000,7.4900000000,320454008.0000000000,42823325.0000000000,-0.0106800000,3.2045400800,AKShare stock_zh_a_spot / 新浪
002343,慈文传媒,5.0900000000,4.8700000000,114330348.0000000000,22282800.0000000000,0.0451700000,1.1433034800,AKShare stock_zh_a_spot / 新浪
002344,海宁皮城,3.9000000000,3.8000000000,37080067.0000000000,9585600.0000000000,0.0263200000,0.3708006700,AKShare stock_zh_a_spot / 新浪
002345,潮宏基,10.1700000000,9.5600000000,425868379.0000000000,41463298.0000000000,0.0638100000,4.2586837900,AKShare stock_zh_a_spot / 新浪
002346,柘中股份,23.6700000000,26.3000000000,520509146.0000000000,21234540.0000000000,-0.1000000000,5.2050914600,AKShare stock_zh_a_spot / 新浪
002347,泰尔股份,5.9200000000,5.8500000000,54827512.0000000000,9265700.0000000000,0.0119700000,0.5482751200,AKShare stock_zh_a_spot / 新浪
002348,高乐股份,11.3100000000,11.5200000000,205116427.0000000000,18002200.0000000000,-0.0182300000,2.0511642700,AKShare stock_zh_a_spot / 新浪
002349,精华制药,7.2000000000,7.0300000000,160931469.0000000000,22347495.0000000000,0.0241800000,1.6093146900,AKShare stock_zh_a_spot / 新浪
002350,北京科锐,14.5500000000,14.0400000000,139814582.0000000000,9757453.0000000000,0.0363200000,1.3981458200,AKShare stock_zh_a_spot / 新浪
002351,漫步者,10.0800000000,9.5800000000,160383469.0000000000,16084746.0000000000,0.0521900000,1.6038346900,AKShare stock_zh_a_spot / 新浪
002352,顺丰控股,32.8400000000,32.7800000000,551097247.0000000000,16738260.0000000000,0.0018300000,5.5109724700,AKShare stock_zh_a_spot / 新浪
002353,杰瑞股份,153.2500000000,150.5000000000,2612990770.0000000000,17141053.0000000000,0.0182700000,26.1299077000,AKShare stock_zh_a_spot / 新浪
002354,天娱数科,7.2900000000,7.3800000000,1157927506.0000000000,158097281.0000000000,-0.0122000000,11.5792750600,AKShare stock_zh_a_spot / 新浪
002355,兴民智通,4.8300000000,4.7900000000,78623321.0000000000,16398587.0000000000,0.0083500000,0.7862332100,AKShare stock_zh_a_spot / 新浪
002356,鹏飞绿能,2.7100000000,2.6500000000,38770825.0000000000,14371742.0000000000,0.0226400000,0.3877082500,AKShare stock_zh_a_spot / 新浪
002357,富临运业,10.8600000000,10.5400000000,139273398.0000000000,12866900.0000000000,0.0303600000,1.3927339800,AKShare stock_zh_a_spot / 新浪
002358,森源电气,5.3100000000,5.2600000000,50908743.0000000000,9563480.0000000000,0.0095100000,0.5090874300,AKShare stock_zh_a_spot / 新浪
002361,神剑股份,10.2500000000,11.2700000000,1715713598.0000000000,163580417.0000000000,-0.0905100000,17.1571359800,AKShare stock_zh_a_spot / 新浪
002362,汉王科技,15.7400000000,15.4400000000,37127561.0000000000,2361001.0000000000,0.0194300000,0.3712756100,AKShare stock_zh_a_spot / 新浪
002363,隆基机械,6.4300000000,6.3400000000,27698472.0000000000,4328500.0000000000,0.0142000000,0.2769847200,AKShare stock_zh_a_spot / 新浪
002364,中恒电气,39.7300000000,39.5100000000,1508928582.0000000000,38054149.0000000000,0.0055700000,15.0892858200,AKShare stock_zh_a_spot / 新浪
002365,永安药业,15.7600000000,14.3300000000,1141291963.0000000000,73115383.0000000000,0.0997900000,11.4129196300,AKShare stock_zh_a_spot / 新浪
002366,融发核电,5.6300000000,5.6200000000,143554233.0000000000,25490147.0000000000,0.0017800000,1.4355423300,AKShare stock_zh_a_spot / 新浪
002367,康力电梯,5.3700000000,5.2800000000,43228118.0000000000,8040899.0000000000,0.0170500000,0.4322811800,AKShare stock_zh_a_spot / 新浪
002368,太极股份,14.0200000000,13.6500000000,139431587.0000000000,10008904.0000000000,0.0271100000,1.3943158700,AKShare stock_zh_a_spot / 新浪
002369,卓翼科技,5.6800000000,5.5300000000,101176452.0000000000,17935315.0000000000,0.0271200000,1.0117645200,AKShare stock_zh_a_spot / 新浪
002370,亚太药业,5.8300000000,5.7200000000,220512936.0000000000,37394855.0000000000,0.0192300000,2.2051293600,AKShare stock_zh_a_spot / 新浪
002371,北方华创,712.5500000000,712.9500000000,5736552583.0000000000,7937310.0000000000,-0.0005600000,57.3655258300,AKShare stock_zh_a_spot / 新浪
002372,伟星新材,8.5000000000,8.4700000000,104819496.0000000000,12286868.0000000000,0.0035400000,1.0481949600,AKShare stock_zh_a_spot / 新浪
002373,千方科技,7.6000000000,7.5000000000,121647624.0000000000,15990035.0000000000,0.0133300000,1.2164762400,AKShare stock_zh_a_spot / 新浪
002374,中锐股份,3.0500000000,3.0500000000,41553278.0000000000,13420500.0000000000,0.0000000000,0.4155327800,AKShare stock_zh_a_spot / 新浪
002375,亚厦股份,3.6500000000,3.5800000000,49277867.0000000000,13567123.0000000000,0.0195500000,0.4927786700,AKShare stock_zh_a_spot / 新浪
002376,新北洋,6.7500000000,6.8400000000,109884086.0000000000,16229775.0000000000,-0.0131600000,1.0988408600,AKShare stock_zh_a_spot / 新浪
002377,国创高新,2.6900000000,2.6600000000,36843625.0000000000,13718800.0000000000,0.0112800000,0.3684362500,AKShare stock_zh_a_spot / 新浪
002378,章源钨业,25.2000000000,25.4800000000,605761621.0000000000,23677779.0000000000,-0.0109900000,6.0576162100,AKShare stock_zh_a_spot / 新浪
002379,宏桥控股,17.6000000000,18.5500000000,1307256671.0000000000,73078174.0000000000,-0.0512100000,13.0725667100,AKShare stock_zh_a_spot / 新浪
002380,科远智慧,27.2200000000,27.0900000000,82838584.0000000000,3037600.0000000000,0.0048000000,0.8283858400,AKShare stock_zh_a_spot / 新浪
002381,双箭股份,5.5000000000,5.3900000000,26911185.0000000000,4915500.0000000000,0.0204100000,0.2691118500,AKShare stock_zh_a_spot / 新浪
002382,蓝帆医疗,6.0100000000,5.7800000000,116075305.0000000000,19353494.0000000000,0.0397900000,1.1607530500,AKShare stock_zh_a_spot / 新浪
002383,合众思壮,6.8200000000,6.7700000000,37765206.0000000000,5540715.0000000000,0.0073900000,0.3776520600,AKShare stock_zh_a_spot / 新浪
002384,东山精密,197.6700000000,197.1000000000,10335940236.0000000000,52176271.0000000000,0.0028900000,103.3594023600,AKShare stock_zh_a_spot / 新浪
002385,大北农,3.4100000000,3.2300000000,917536099.0000000000,281751848.0000000000,0.0557300000,9.1753609900,AKShare stock_zh_a_spot / 新浪
002386,天原股份,5.7600000000,5.6500000000,66880193.0000000000,11624917.0000000000,0.0194700000,0.6688019300,AKShare stock_zh_a_spot / 新浪
002387,维信诺,7.2400000000,6.8100000000,296372146.0000000000,40586411.0000000000,0.0631400000,2.9637214600,AKShare stock_zh_a_spot / 新浪
002388,新亚制程,5.9300000000,5.9000000000,186073981.0000000000,31412520.0000000000,0.0050800000,1.8607398100,AKShare stock_zh_a_spot / 新浪
002389,航天彩虹,17.6100000000,17.7400000000,180797755.0000000000,10220619.0000000000,-0.0073300000,1.8079775500,AKShare stock_zh_a_spot / 新浪
002390,信邦制药,3.1600000000,3.0400000000,122692365.0000000000,38994075.0000000000,0.0394700000,1.2269236500,AKShare stock_zh_a_spot / 新浪
002391,长青股份,5.1700000000,5.1000000000,38996509.0000000000,7585966.0000000000,0.0137300000,0.3899650900,AKShare stock_zh_a_spot / 新浪
002392,北京利尔,7.4100000000,7.5100000000,72838431.0000000000,9734700.0000000000,-0.0133200000,0.7283843100,AKShare stock_zh_a_spot / 新浪
002393,力生制药,15.1000000000,14.4300000000,145431442.0000000000,9623740.0000000000,0.0464300000,1.4543144200,AKShare stock_zh_a_spot / 新浪
002394,联发股份,9.5900000000,9.4800000000,30087865.0000000000,3133833.0000000000,0.0116000000,0.3008786500,AKShare stock_zh_a_spot / 新浪
002395,双象股份,12.2800000000,12.0600000000,32463943.0000000000,2652500.0000000000,0.0182400000,0.3246394300,AKShare stock_zh_a_spot / 新浪
002396,星网锐捷,30.1500000000,29.4800000000,2172498815.0000000000,71804987.0000000000,0.0227300000,21.7249881500,AKShare stock_zh_a_spot / 新浪
002397,梦洁股份,3.5500000000,3.5700000000,101454164.0000000000,28765200.0000000000,-0.0056000000,1.0145416400,AKShare stock_zh_a_spot / 新浪
002398,垒知集团,4.1200000000,4.0500000000,39755831.0000000000,9651502.0000000000,0.0172800000,0.3975583100,AKShare stock_zh_a_spot / 新浪
002399,海普瑞,11.2800000000,10.2500000000,98805010.0000000000,8784664.0000000000,0.1004900000,0.9880501000,AKShare stock_zh_a_spot / 新浪
002400,省广集团,6.4800000000,6.4400000000,381081094.0000000000,58746491.0000000000,0.0062100000,3.8108109400,AKShare stock_zh_a_spot / 新浪
002401,中远海科,12.1300000000,11.8500000000,41651872.0000000000,3447624.0000000000,0.0236300000,0.4165187200,AKShare stock_zh_a_spot / 新浪
002402,和而泰,19.0100000000,19.4900000000,604765353.0000000000,31675443.0000000000,-0.0246300000,6.0476535300,AKShare stock_zh_a_spot / 新浪
002403,爱仕达,9.4400000000,9.3100000000,28358688.0000000000,3016650.0000000000,0.0139600000,0.2835868800,AKShare stock_zh_a_spot / 新浪
002404,嘉欣丝绸,6.1000000000,5.9900000000,35383130.0000000000,5823600.0000000000,0.0183600000,0.3538313000,AKShare stock_zh_a_spot / 新浪
002405,四维图新,6.3300000000,6.2200000000,219300517.0000000000,34762671.0000000000,0.0176800000,2.1930051700,AKShare stock_zh_a_spot / 新浪
002406,远东传动,6.6000000000,6.5500000000,57552352.0000000000,8715601.0000000000,0.0076300000,0.5755235200,AKShare stock_zh_a_spot / 新浪
002407,多氟多,36.0100000000,37.5200000000,5196860610.0000000000,143801998.0000000000,-0.0402500000,51.9686061000,AKShare stock_zh_a_spot / 新浪
002408,齐翔腾达,5.2300000000,5.1800000000,145028885.0000000000,27654299.0000000000,0.0096500000,1.4502888500,AKShare stock_zh_a_spot / 新浪
002409,雅克科技,138.3800000000,142.9700000000,3478158553.0000000000,24998493.0000000000,-0.0321000000,34.7815855300,AKShare stock_zh_a_spot / 新浪
002410,广联达,9.1100000000,8.8700000000,227511697.0000000000,25143157.0000000000,0.0270600000,2.2751169700,AKShare stock_zh_a_spot / 新浪
002412,汉森制药,9.2600000000,8.4200000000,40263425.0000000000,4348102.0000000000,0.0997600000,0.4026342500,AKShare stock_zh_a_spot / 新浪
002413,雷科防务,7.7100000000,7.8100000000,332840782.0000000000,42844166.0000000000,-0.0128000000,3.3284078200,AKShare stock_zh_a_spot / 新浪
002414,高德红外,13.0900000000,13.1300000000,671480846.0000000000,50947648.0000000000,-0.0030500000,6.7148084600,AKShare stock_zh_a_spot / 新浪
002415,海康威视,34.0700000000,33.8900000000,1647618811.0000000000,48172455.0000000000,0.0053100000,16.4761881100,AKShare stock_zh_a_spot / 新浪
002416,爱施德,9.4100000000,9.2800000000,112838605.0000000000,12001400.0000000000,0.0140100000,1.1283860500,AKShare stock_zh_a_spot / 新浪
002418,康盛股份,3.5600000000,3.5700000000,152734092.0000000000,42955500.0000000000,-0.0028000000,1.5273409200,AKShare stock_zh_a_spot / 新浪
002419,天虹股份,4.6700000000,4.5700000000,59741036.0000000000,12896005.0000000000,0.0218800000,0.5974103600,AKShare stock_zh_a_spot / 新浪
002420,毅昌科技,5.8300000000,5.8000000000,39083862.0000000000,6696100.0000000000,0.0051700000,0.3908386200,AKShare stock_zh_a_spot / 新浪
002421,达实智能,3.1000000000,3.0700000000,362715771.0000000000,117315061.0000000000,0.0097700000,3.6271577100,AKShare stock_zh_a_spot / 新浪
002422,科伦药业,47.1500000000,44.9700000000,2002625660.0000000000,42522278.0000000000,0.0484800000,20.0262566000,AKShare stock_zh_a_spot / 新浪
002423,中粮资本,9.0500000000,8.8300000000,151732452.0000000000,16882504.0000000000,0.0249200000,1.5173245200,AKShare stock_zh_a_spot / 新浪
002425,凯撒文化,3.0800000000,2.9700000000,119479883.0000000000,39083700.0000000000,0.0370400000,1.1947988300,AKShare stock_zh_a_spot / 新浪
002426,胜利精密,2.5900000000,2.5600000000,172578207.0000000000,66584275.0000000000,0.0117200000,1.7257820700,AKShare stock_zh_a_spot / 新浪
002427,尤夫股份,4.6100000000,4.3600000000,238125394.0000000000,51492786.0000000000,0.0573400000,2.3812539400,AKShare stock_zh_a_spot / 新浪
002428,云南锗业,103.5600000000,104.7000000000,8170281138.0000000000,79841400.0000000000,-0.0108900000,81.7028113800,AKShare stock_zh_a_spot / 新浪
002429,兆驰股份,8.3200000000,8.0900000000,449747031.0000000000,54267177.0000000000,0.0284300000,4.4974703100,AKShare stock_zh_a_spot / 新浪
002430,杭氧股份,22.8700000000,23.2000000000,260176405.0000000000,11314490.0000000000,-0.0142200000,2.6017640500,AKShare stock_zh_a_spot / 新浪
002432,九安医疗,69.6600000000,70.3800000000,1334954745.0000000000,18908033.0000000000,-0.0102300000,13.3495474500,AKShare stock_zh_a_spot / 新浪
002434,万里扬,5.7800000000,5.8000000000,69056586.0000000000,11861100.0000000000,-0.0034500000,0.6905658600,AKShare stock_zh_a_spot / 新浪
002436,兴森科技,33.8100000000,33.8000000000,3705124032.0000000000,109796261.0000000000,0.0003000000,37.0512403200,AKShare stock_zh_a_spot / 新浪
002437,誉衡药业,4.7300000000,4.3000000000,2222111537.0000000000,482130266.0000000000,0.1000000000,22.2211153700,AKShare stock_zh_a_spot / 新浪
002438,江苏神通,13.9100000000,13.7200000000,77727494.0000000000,5584485.0000000000,0.0138500000,0.7772749400,AKShare stock_zh_a_spot / 新浪
002439,启明星辰,13.3100000000,13.2000000000,164107275.0000000000,12358228.0000000000,0.0083300000,1.6410727500,AKShare stock_zh_a_spot / 新浪
002440,闰土股份,12.5400000000,12.5800000000,440368464.0000000000,34437566.0000000000,-0.0031800000,4.4036846400,AKShare stock_zh_a_spot / 新浪
002441,众业达,7.8100000000,7.7100000000,31194591.0000000000,3982900.0000000000,0.0129700000,0.3119459100,AKShare stock_zh_a_spot / 新浪
002442,龙星科技,4.9500000000,4.9600000000,39219867.0000000000,7910950.0000000000,-0.0020200000,0.3921986700,AKShare stock_zh_a_spot / 新浪
002443,金洲管道,9.4700000000,9.1200000000,265510651.0000000000,28366293.0000000000,0.0383800000,2.6551065100,AKShare stock_zh_a_spot / 新浪
002444,巨星科技,30.5100000000,30.1000000000,206169723.0000000000,6769158.0000000000,0.0136200000,2.0616972300,AKShare stock_zh_a_spot / 新浪
002446,盛路通信,8.5200000000,8.3400000000,177761669.0000000000,20851370.0000000000,0.0215800000,1.7776166900,AKShare stock_zh_a_spot / 新浪
002448,中原内配,12.3600000000,12.6800000000,261010121.0000000000,20706450.0000000000,-0.0252400000,2.6101012100,AKShare stock_zh_a_spot / 新浪
002449,国星光电,6.4300000000,6.2700000000,45458454.0000000000,7110424.0000000000,0.0255200000,0.4545845400,AKShare stock_zh_a_spot / 新浪
002451,摩恩电气,7.2400000000,7.1600000000,37002045.0000000000,5132400.0000000000,0.0111700000,0.3700204500,AKShare stock_zh_a_spot / 新浪
002452,长高电气,11.1600000000,11.0700000000,80517296.0000000000,7184600.0000000000,0.0081300000,0.8051729600,AKShare stock_zh_a_spot / 新浪
002453,华软科技,4.3900000000,4.3000000000,49607866.0000000000,11352090.0000000000,0.0209300000,0.4960786600,AKShare stock_zh_a_spot / 新浪
002454,松芝股份,4.9500000000,4.8500000000,37489098.0000000000,7613095.0000000000,0.0206200000,0.3748909800,AKShare stock_zh_a_spot / 新浪
002455,百川股份,7.1600000000,7.2000000000,173233787.0000000000,24183386.0000000000,-0.0055600000,1.7323378700,AKShare stock_zh_a_spot / 新浪
002456,欧菲光,6.8300000000,6.7500000000,437591853.0000000000,63763035.0000000000,0.0118500000,4.3759185300,AKShare stock_zh_a_spot / 新浪
002457,青龙管业,10.5200000000,10.5100000000,126818527.0000000000,12047651.0000000000,0.0009500000,1.2681852700,AKShare stock_zh_a_spot / 新浪
002458,益生股份,9.2400000000,9.0700000000,371554723.0000000000,40249855.0000000000,0.0187400000,3.7155472300,AKShare stock_zh_a_spot / 新浪
002459,晶澳科技,7.3000000000,7.2900000000,169653229.0000000000,23134140.0000000000,0.0013700000,1.6965322900,AKShare stock_zh_a_spot / 新浪
002460,赣锋锂业,51.2700000000,51.7200000000,1209032951.0000000000,23353724.0000000000,-0.0087000000,12.0903295100,AKShare stock_zh_a_spot / 新浪
002461,珠江啤酒,8.7400000000,8.6700000000,39000777.0000000000,4468068.0000000000,0.0080700000,0.3900077700,AKShare stock_zh_a_spot / 新浪
002462,嘉事堂,12.3400000000,12.0000000000,49037440.0000000000,3983100.0000000000,0.0283300000,0.4903744000,AKShare stock_zh_a_spot / 新浪
002463,沪电股份,114.3200000000,113.4100000000,3606715739.0000000000,31302314.0000000000,0.0080200000,36.0671573900,AKShare stock_zh_a_spot / 新浪
002465,海格通信,9.8000000000,9.8900000000,452481008.0000000000,45729665.0000000000,-0.0091000000,4.5248100800,AKShare stock_zh_a_spot / 新浪
002466,天齐锂业,46.0300000000,46.1300000000,1201185683.0000000000,25900397.0000000000,-0.0021700000,12.0118568300,AKShare stock_zh_a_spot / 新浪
002467,二六三,4.5300000000,4.5100000000,119243472.0000000000,26258791.0000000000,0.0044300000,1.1924347200,AKShare stock_zh_a_spot / 新浪
002468,申通快递,14.3900000000,14.6800000000,389070550.0000000000,26412263.0000000000,-0.0197500000,3.8907055000,AKShare stock_zh_a_spot / 新浪
002469,三维化学,6.0300000000,6.0500000000,89225733.0000000000,14678950.0000000000,-0.0033100000,0.8922573300,AKShare stock_zh_a_spot / 新浪
002470,金正大,1.9200000000,1.9800000000,334369968.0000000000,173993600.0000000000,-0.0303000000,3.3436996800,AKShare stock_zh_a_spot / 新浪
002471,中超控股,5.2100000000,5.3800000000,331797148.0000000000,63080901.0000000000,-0.0316000000,3.3179714800,AKShare stock_zh_a_spot / 新浪
002472,双环传动,35.9200000000,36.3000000000,660882820.0000000000,18332843.0000000000,-0.0104700000,6.6088282000,AKShare stock_zh_a_spot / 新浪
002474,榕基软件,6.1400000000,6.1100000000,122835098.0000000000,20055565.0000000000,0.0049100000,1.2283509800,AKShare stock_zh_a_spot / 新浪
002475,立讯精密,53.3400000000,53.5000000000,4755374038.0000000000,88938935.0000000000,-0.0029900000,47.5537403800,AKShare stock_zh_a_spot / 新浪
002476,新叶股份,4.9000000000,4.7900000000,57906319.0000000000,11802700.0000000000,0.0229600000,0.5790631900,AKShare stock_zh_a_spot / 新浪
002478,常宝股份,6.3500000000,6.5000000000,126159581.0000000000,19681530.0000000000,-0.0230800000,1.2615958100,AKShare stock_zh_a_spot / 新浪
002479,富春环保,5.7900000000,5.6100000000,213032012.0000000000,36488800.0000000000,0.0320900000,2.1303201200,AKShare stock_zh_a_spot / 新浪
002480,新筑股份,5.4000000000,5.5000000000,47137183.0000000000,8681559.0000000000,-0.0181800000,0.4713718300,AKShare stock_zh_a_spot / 新浪
002481,双塔食品,4.2200000000,4.2300000000,65179356.0000000000,15499825.0000000000,-0.0023600000,0.6517935600,AKShare stock_zh_a_spot / 新浪
002482,广田集团,1.2800000000,1.2400000000,57504569.0000000000,45273065.0000000000,0.0322600000,0.5750456900,AKShare stock_zh_a_spot / 新浪
002483,润邦股份,5.4700000000,5.4500000000,74424896.0000000000,13625960.0000000000,0.0036700000,0.7442489600,AKShare stock_zh_a_spot / 新浪
002484,江海股份,59.9700000000,60.6700000000,2969566605.0000000000,49337382.0000000000,-0.0115400000,29.6956660500,AKShare stock_zh_a_spot / 新浪
002486,嘉麟杰,2.5600000000,2.5100000000,55376341.0000000000,21738500.0000000000,0.0199200000,0.5537634100,AKShare stock_zh_a_spot / 新浪
002487,大金重工,39.1900000000,38.8200000000,619388942.0000000000,15884111.0000000000,0.0095300000,6.1938894200,AKShare stock_zh_a_spot / 新浪
002488,金固股份,8.1900000000,8.2900000000,180756157.0000000000,22008929.0000000000,-0.0120600000,1.8075615700,AKShare stock_zh_a_spot / 新浪
002489,浙江永强,2.7200000000,2.6500000000,59458246.0000000000,21943374.0000000000,0.0264200000,0.5945824600,AKShare stock_zh_a_spot / 新浪
002490,山东墨龙,7.8500000000,7.7000000000,411651180.0000000000,52193465.0000000000,0.0194800000,4.1165118000,AKShare stock_zh_a_spot / 新浪
002491,通鼎互联,19.2700000000,17.5200000000,4235345286.0000000000,224740728.0000000000,0.0998900000,42.3534528600,AKShare stock_zh_a_spot / 新浪
002492,恒基达鑫,5.4900000000,5.4100000000,32763736.0000000000,5966600.0000000000,0.0147900000,0.3276373600,AKShare stock_zh_a_spot / 新浪
002493,荣盛石化,13.5300000000,13.4100000000,868279477.0000000000,63341235.0000000000,0.0089500000,8.6827947700,AKShare stock_zh_a_spot / 新浪
002494,华斯股份,4.8500000000,4.7100000000,32939943.0000000000,6857900.0000000000,0.0297200000,0.3293994300,AKShare stock_zh_a_spot / 新浪
002495,佳隆股份,2.4000000000,2.3500000000,41809994.0000000000,17512500.0000000000,0.0212800000,0.4180999400,AKShare stock_zh_a_spot / 新浪
002496,辉丰股份,2.0900000000,2.0500000000,45125679.0000000000,21726600.0000000000,0.0195100000,0.4512567900,AKShare stock_zh_a_spot / 新浪
002497,雅化集团,18.6000000000,18.7200000000,566918398.0000000000,30320236.0000000000,-0.0064100000,5.6691839800,AKShare stock_zh_a_spot / 新浪
002498,汉缆股份,6.2200000000,6.2800000000,359428156.0000000000,57070923.0000000000,-0.0095500000,3.5942815600,AKShare stock_zh_a_spot / 新浪
002500,山西证券,5.2200000000,5.1800000000,76576814.0000000000,14722446.0000000000,0.0077200000,0.7657681400,AKShare stock_zh_a_spot / 新浪
002506,协鑫集成,2.5700000000,2.5400000000,372607155.0000000000,145005500.0000000000,0.0118100000,3.7260715500,AKShare stock_zh_a_spot / 新浪
002507,涪陵榨菜,11.3900000000,11.3800000000,121987460.0000000000,10703093.0000000000,0.0008800000,1.2198746000,AKShare stock_zh_a_spot / 新浪
002508,老板电器,16.3400000000,16.4300000000,177705727.0000000000,10899475.0000000000,-0.0054800000,1.7770572700,AKShare stock_zh_a_spot / 新浪
002510,天汽模,5.4600000000,5.3600000000,76008350.0000000000,13912700.0000000000,0.0186600000,0.7600835000,AKShare stock_zh_a_spot / 新浪
002511,中顺洁柔,7.1900000000,7.1100000000,72755618.0000000000,10135440.0000000000,0.0112500000,0.7275561800,AKShare stock_zh_a_spot / 新浪
002513,蓝丰生化,5.3600000000,5.2300000000,33356668.0000000000,6293100.0000000000,0.0248600000,0.3335666800,AKShare stock_zh_a_spot / 新浪
002515,金字火腿,8.0800000000,8.0900000000,786898307.0000000000,97350636.0000000000,-0.0012400000,7.8689830700,AKShare stock_zh_a_spot / 新浪
002516,旷达科技,5.1700000000,5.2000000000,48744783.0000000000,9384467.0000000000,-0.0057700000,0.4874478300,AKShare stock_zh_a_spot / 新浪
002517,恺英网络,16.6500000000,16.7600000000,873829321.0000000000,51965619.0000000000,-0.0065600000,8.7382932100,AKShare stock_zh_a_spot / 新浪
002518,科士达,32.7500000000,32.8000000000,303945234.0000000000,9250955.0000000000,-0.0015200000,3.0394523400,AKShare stock_zh_a_spot / 新浪
002519,银河电子,5.2700000000,5.2400000000,115550828.0000000000,21819566.0000000000,0.0057300000,1.1555082800,AKShare stock_zh_a_spot / 新浪
002520,日发精机,5.9900000000,6.1700000000,259655655.0000000000,43075446.0000000000,-0.0291700000,2.5965565500,AKShare stock_zh_a_spot / 新浪
002521,齐峰新材,6.7800000000,6.6600000000,32587619.0000000000,4808658.0000000000,0.0180200000,0.3258761900,AKShare stock_zh_a_spot / 新浪
002522,浙江众成,5.1400000000,4.8100000000,255691395.0000000000,50524088.0000000000,0.0686100000,2.5569139500,AKShare stock_zh_a_spot / 新浪
002523,天桥起重,3.3400000000,3.2800000000,55089746.0000000000,16524448.0000000000,0.0182900000,0.5508974600,AKShare stock_zh_a_spot / 新浪
002524,光正眼科,4.0000000000,3.8900000000,46066417.0000000000,11525800.0000000000,0.0282800000,0.4606641700,AKShare stock_zh_a_spot / 新浪
002526,山东矿机,2.6600000000,2.6600000000,55442678.0000000000,20930693.0000000000,0.0000000000,0.5544267800,AKShare stock_zh_a_spot / 新浪
002527,新时达,11.1300000000,11.0000000000,70731496.0000000000,6336400.0000000000,0.0118200000,0.7073149600,AKShare stock_zh_a_spot / 新浪
002529,海源复材,7.0500000000,6.9900000000,23172543.0000000000,3297400.0000000000,0.0085800000,0.2317254300,AKShare stock_zh_a_spot / 新浪
002530,金财互联,7.0400000000,6.9100000000,59512636.0000000000,8478783.0000000000,0.0188100000,0.5951263600,AKShare stock_zh_a_spot / 新浪
002531,天顺风能,6.1100000000,6.0800000000,173993876.0000000000,28474129.0000000000,0.0049300000,1.7399387600,AKShare stock_zh_a_spot / 新浪
002532,天山铝业,12.4000000000,12.7600000000,1138253091.0000000000,90361769.0000000000,-0.0282100000,11.3825309100,AKShare stock_zh_a_spot / 新浪
002533,金杯电工,11.2200000000,11.1000000000,52360748.0000000000,4651429.0000000000,0.0108100000,0.5236074800,AKShare stock_zh_a_spot / 新浪
002534,西子洁能,15.4800000000,15.2400000000,130097178.0000000000,8418823.0000000000,0.0157500000,1.3009717800,AKShare stock_zh_a_spot / 新浪
002535,林州重机,2.5100000000,2.4400000000,29674557.0000000000,11915000.0000000000,0.0286900000,0.2967455700,AKShare stock_zh_a_spot / 新浪
002536,飞龙股份,42.7000000000,41.8000000000,1565898891.0000000000,37203411.0000000000,0.0215300000,15.6589889100,AKShare stock_zh_a_spot / 新浪
002537,海联金汇,5.6900000000,5.5000000000,103335573.0000000000,18337281.0000000000,0.0345500000,1.0333557300,AKShare stock_zh_a_spot / 新浪
002539,云图控股,12.8200000000,12.8100000000,207730706.0000000000,16213400.0000000000,0.0007800000,2.0773070600,AKShare stock_zh_a_spot / 新浪
002540,亚太科技,5.1200000000,5.0700000000,35717641.0000000000,6956100.0000000000,0.0098600000,0.3571764100,AKShare stock_zh_a_spot / 新浪
002541,鸿路钢构,20.6500000000,19.8000000000,383244495.0000000000,18801006.0000000000,0.0429300000,3.8324449500,AKShare stock_zh_a_spot / 新浪
002543,万和电气,7.6000000000,7.5700000000,357208724.0000000000,45459848.0000000000,0.0039600000,3.5720872400,AKShare stock_zh_a_spot / 新浪
002544,普天科技,16.1500000000,15.8500000000,172943353.0000000000,10747039.0000000000,0.0189300000,1.7294335300,AKShare stock_zh_a_spot / 新浪
002545,东方铁塔,17.3300000000,17.8500000000,352415149.0000000000,20157850.0000000000,-0.0291300000,3.5241514900,AKShare stock_zh_a_spot / 新浪
002546,新联电子,7.9300000000,7.8200000000,117407893.0000000000,14809600.0000000000,0.0140700000,1.1740789300,AKShare stock_zh_a_spot / 新浪
002548,金新农,4.2200000000,4.1700000000,190495064.0000000000,45845697.0000000000,0.0119900000,1.9049506400,AKShare stock_zh_a_spot / 新浪
002549,凯美特气,13.5700000000,13.8000000000,173051376.0000000000,12668790.0000000000,-0.0166700000,1.7305137600,AKShare stock_zh_a_spot / 新浪
002550,千红制药,7.1000000000,6.9400000000,299957348.0000000000,42071282.0000000000,0.0230500000,2.9995734800,AKShare stock_zh_a_spot / 新浪
002551,尚荣医疗,3.3500000000,3.2400000000,72446998.0000000000,21684300.0000000000,0.0339500000,0.7244699800,AKShare stock_zh_a_spot / 新浪
002552,宝鼎科技,57.0400000000,51.8500000000,2128262366.0000000000,38509998.0000000000,0.1001000000,21.2826236600,AKShare stock_zh_a_spot / 新浪
002553,南方精工,15.4100000000,16.0500000000,265290541.0000000000,16973024.0000000000,-0.0398800000,2.6529054100,AKShare stock_zh_a_spot / 新浪
002554,惠博普,2.8200000000,2.8000000000,34626844.0000000000,12262274.0000000000,0.0071400000,0.3462684400,AKShare stock_zh_a_spot / 新浪
002555,三七互娱,18.5400000000,18.5600000000,510607550.0000000000,27507467.0000000000,-0.0010800000,5.1060755000,AKShare stock_zh_a_spot / 新浪
002556,辉隆股份,5.1800000000,5.1400000000,81124440.0000000000,15823400.0000000000,0.0077800000,0.8112444000,AKShare stock_zh_a_spot / 新浪
002557,洽洽食品,18.8200000000,18.8100000000,94933776.0000000000,5033656.0000000000,0.0005300000,0.9493377600,AKShare stock_zh_a_spot / 新浪
002558,巨人网络,26.4100000000,26.2800000000,1261288121.0000000000,47566370.0000000000,0.0049500000,12.6128812100,AKShare stock_zh_a_spot / 新浪
002559,亚威股份,9.4500000000,9.4400000000,145972896.0000000000,15346900.0000000000,0.0010600000,1.4597289600,AKShare stock_zh_a_spot / 新浪
002560,通达股份,6.0900000000,6.1200000000,116445905.0000000000,18990664.0000000000,-0.0049000000,1.1644590500,AKShare stock_zh_a_spot / 新浪
002561,徐家汇,6.7800000000,6.6800000000,21859713.0000000000,3232900.0000000000,0.0149700000,0.2185971300,AKShare stock_zh_a_spot / 新浪
002562,兄弟科技,5.0100000000,4.8400000000,221609217.0000000000,44322129.0000000000,0.0351200000,2.2160921700,AKShare stock_zh_a_spot / 新浪
002563,森马服饰,5.8800000000,5.9300000000,108764399.0000000000,18398281.0000000000,-0.0084300000,1.0876439900,AKShare stock_zh_a_spot / 新浪
002564,天沃科技,4.4000000000,4.3300000000,41202450.0000000000,9406300.0000000000,0.0161700000,0.4120245000,AKShare stock_zh_a_spot / 新浪
002565,顺灏股份,8.5200000000,8.6000000000,479354205.0000000000,56530788.0000000000,-0.0093000000,4.7935420500,AKShare stock_zh_a_spot / 新浪
002566,益盛药业,7.0200000000,6.8300000000,77885254.0000000000,11158000.0000000000,0.0278200000,0.7788525400,AKShare stock_zh_a_spot / 新浪
002567,唐人神,3.7000000000,3.6100000000,82891882.0000000000,22638327.0000000000,0.0249300000,0.8289188200,AKShare stock_zh_a_spot / 新浪
002568,百润股份,18.5500000000,18.2800000000,170014316.0000000000,9220582.0000000000,0.0147700000,1.7001431600,AKShare stock_zh_a_spot / 新浪
002570,贝因美,4.5000000000,4.5000000000,55462306.0000000000,12309283.0000000000,0.0000000000,0.5546230600,AKShare stock_zh_a_spot / 新浪
002571,德力股份,10.6500000000,10.4000000000,48958184.0000000000,4607700.0000000000,0.0240400000,0.4895818400,AKShare stock_zh_a_spot / 新浪
002572,索菲亚,8.2100000000,8.1600000000,99014233.0000000000,12043151.0000000000,0.0061300000,0.9901423300,AKShare stock_zh_a_spot / 新浪
002573,清新环境,3.1900000000,3.1300000000,42911251.0000000000,13525600.0000000000,0.0191700000,0.4291125100,AKShare stock_zh_a_spot / 新浪
002574,明牌珠宝,4.6600000000,4.5300000000,30199777.0000000000,6487587.0000000000,0.0287000000,0.3019977700,AKShare stock_zh_a_spot / 新浪
002575,群兴玩具,4.9700000000,4.9300000000,101630582.0000000000,20455407.0000000000,0.0081100000,1.0163058200,AKShare stock_zh_a_spot / 新浪
002576,通达动力,14.1000000000,13.7600000000,45778280.0000000000,3245200.0000000000,0.0247100000,0.4577828000,AKShare stock_zh_a_spot / 新浪
002577,雷柏科技,18.4100000000,17.8500000000,103852302.0000000000,5652400.0000000000,0.0313700000,1.0385230200,AKShare stock_zh_a_spot / 新浪
002578,闽发铝业,3.7500000000,3.9200000000,163470954.0000000000,42787248.0000000000,-0.0433700000,1.6347095400,AKShare stock_zh_a_spot / 新浪
002579,中京电子,15.2900000000,13.9000000000,495325959.0000000000,33254037.0000000000,0.1000000000,4.9532595900,AKShare stock_zh_a_spot / 新浪
002580,圣阳股份,19.9200000000,19.4500000000,1239668082.0000000000,63906526.0000000000,0.0241600000,12.3966808200,AKShare stock_zh_a_spot / 新浪
002582,好想你,10.5900000000,10.5800000000,370679989.0000000000,35124600.0000000000,0.0009500000,3.7067998900,AKShare stock_zh_a_spot / 新浪
002583,海能达,8.0200000000,7.8700000000,128190587.0000000000,16016937.0000000000,0.0190600000,1.2819058700,AKShare stock_zh_a_spot / 新浪
002584,西陇科学,8.0600000000,7.9600000000,149674491.0000000000,18572300.0000000000,0.0125600000,1.4967449100,AKShare stock_zh_a_spot / 新浪
002585,双星新材,9.7600000000,9.7700000000,529932395.0000000000,53970950.0000000000,-0.0010200000,5.2993239500,AKShare stock_zh_a_spot / 新浪
002587,奥拓电子,5.3700000000,5.2900000000,64526550.0000000000,12014019.0000000000,0.0151200000,0.6452655000,AKShare stock_zh_a_spot / 新浪
002588,史丹利,7.9600000000,8.6000000000,310823700.0000000000,38937579.0000000000,-0.0744200000,3.1082370000,AKShare stock_zh_a_spot / 新浪
002589,瑞康医药,3.3800000000,3.2000000000,836346747.0000000000,245031795.0000000000,0.0562500000,8.3634674700,AKShare stock_zh_a_spot / 新浪
002590,万安科技,9.2700000000,9.2200000000,61060918.0000000000,6554345.0000000000,0.0054200000,0.6106091800,AKShare stock_zh_a_spot / 新浪
002591,恒大高新,6.3500000000,6.2200000000,38027613.0000000000,6019904.0000000000,0.0209000000,0.3802761300,AKShare stock_zh_a_spot / 新浪
002593,日上集团,4.4600000000,4.4100000000,45624684.0000000000,10251200.0000000000,0.0113400000,0.4562468400,AKShare stock_zh_a_spot / 新浪
002594,比亚迪,90.4800000000,88.6600000000,3237942078.0000000000,35807372.0000000000,0.0205300000,32.3794207800,AKShare stock_zh_a_spot / 新浪
002595,豪迈科技,49.6500000000,50.0800000000,166746179.0000000000,3337105.0000000000,-0.0085900000,1.6674617900,AKShare stock_zh_a_spot / 新浪
002596,海南瑞泽,3.2000000000,3.1800000000,59133892.0000000000,18607755.0000000000,0.0062900000,0.5913389200,AKShare stock_zh_a_spot / 新浪
002597,金禾实业,19.9900000000,19.7500000000,81294575.0000000000,4081700.0000000000,0.0121500000,0.8129457500,AKShare stock_zh_a_spot / 新浪
002599,盛通股份,5.8700000000,5.7800000000,37313351.0000000000,6374100.0000000000,0.0155700000,0.3731335100,AKShare stock_zh_a_spot / 新浪
002600,领益智造,12.2000000000,12.3100000000,910075656.0000000000,74212631.0000000000,-0.0089400000,9.1007565600,AKShare stock_zh_a_spot / 新浪
002601,龙佰集团,15.5700000000,15.3300000000,232194870.0000000000,14904271.0000000000,0.0156600000,2.3219487000,AKShare stock_zh_a_spot / 新浪
002602,世纪华通,13.8400000000,13.9000000000,1074581009.0000000000,77310339.0000000000,-0.0043200000,10.7458100900,AKShare stock_zh_a_spot / 新浪
002603,以岭药业,17.3800000000,16.5100000000,966638577.0000000000,56045919.0000000000,0.0527000000,9.6663857700,AKShare stock_zh_a_spot / 新浪
002605,姚记科技,17.6700000000,17.3100000000,101824884.0000000000,5765901.0000000000,0.0208000000,1.0182488400,AKShare stock_zh_a_spot / 新浪
002606,大连电瓷,13.3900000000,13.6000000000,240472548.0000000000,17821398.0000000000,-0.0154400000,2.4047254800,AKShare stock_zh_a_spot / 新浪
002607,中公教育,2.0300000000,2.0100000000,218964694.0000000000,108197187.0000000000,0.0099500000,2.1896469400,AKShare stock_zh_a_spot / 新浪
002608,江苏国信,7.0400000000,6.9600000000,77162546.0000000000,10982359.0000000000,0.0114900000,0.7716254600,AKShare stock_zh_a_spot / 新浪
002609,捷顺科技,7.6900000000,7.5500000000,36664750.0000000000,4782000.0000000000,0.0185400000,0.3666475000,AKShare stock_zh_a_spot / 新浪
002611,东方精工,14.7500000000,14.9500000000,331637291.0000000000,22330290.0000000000,-0.0133800000,3.3163729100,AKShare stock_zh_a_spot / 新浪
002612,朗姿股份,15.4800000000,15.2800000000,83167476.0000000000,5350000.0000000000,0.0130900000,0.8316747600,AKShare stock_zh_a_spot / 新浪
002613,北玻股份,3.3400000000,3.2800000000,58942100.0000000000,17668155.0000000000,0.0182900000,0.5894210000,AKShare stock_zh_a_spot / 新浪
002614,奥佳华,5.0000000000,4.8600000000,37536381.0000000000,7571194.0000000000,0.0288100000,0.3753638100,AKShare stock_zh_a_spot / 新浪
002615,哈尔斯,6.5600000000,6.5000000000,34124822.0000000000,5196400.0000000000,0.0092300000,0.3412482200,AKShare stock_zh_a_spot / 新浪
002616,长青集团,4.8100000000,4.7400000000,31317889.0000000000,6549240.0000000000,0.0147700000,0.3131788900,AKShare stock_zh_a_spot / 新浪
002617,露笑科技,6.1900000000,6.2700000000,420038681.0000000000,67468560.0000000000,-0.0127600000,4.2003868100,AKShare stock_zh_a_spot / 新浪
002622,皓宸医疗,2.5600000000,2.4200000000,77973375.0000000000,30690700.0000000000,0.0578500000,0.7797337500,AKShare stock_zh_a_spot / 新浪
002623,亚玛顿,15.3100000000,15.0300000000,38801423.0000000000,2541400.0000000000,0.0186300000,0.3880142300,AKShare stock_zh_a_spot / 新浪
002624,完美世界,11.1500000000,11.0800000000,472049760.0000000000,42295239.0000000000,0.0063200000,4.7204976000,AKShare stock_zh_a_spot / 新浪
002625,光启技术,28.3100000000,28.2000000000,362548958.0000000000,12734478.0000000000,0.0039000000,3.6254895800,AKShare stock_zh_a_spot / 新浪
002626,金达威,16.4800000000,15.9800000000,167665605.0000000000,10206000.0000000000,0.0312900000,1.6766560500,AKShare stock_zh_a_spot / 新浪
002627,三峡旅游,6.5300000000,6.3300000000,47323420.0000000000,7294160.0000000000,0.0316000000,0.4732342000,AKShare stock_zh_a_spot / 新浪
002628,成都路桥,4.9000000000,4.8100000000,88096781.0000000000,18179492.0000000000,0.0187100000,0.8809678100,AKShare stock_zh_a_spot / 新浪
002629,仁智股份,4.7000000000,4.6700000000,43980273.0000000000,9360500.0000000000,0.0064200000,0.4398027300,AKShare stock_zh_a_spot / 新浪
002631,德尔未来,8.6700000000,8.4300000000,218099857.0000000000,25121000.0000000000,0.0284700000,2.1809985700,AKShare stock_zh_a_spot / 新浪
002632,道明光学,8.6900000000,8.1100000000,202048836.0000000000,23972800.0000000000,0.0715200000,2.0204883600,AKShare stock_zh_a_spot / 新浪
002633,申科股份,14.4700000000,14.1600000000,19665644.0000000000,1366302.0000000000,0.0218900000,0.1966564400,AKShare stock_zh_a_spot / 新浪
002635,安洁科技,15.6200000000,15.0200000000,392213771.0000000000,25296044.0000000000,0.0399500000,3.9221377100,AKShare stock_zh_a_spot / 新浪
002636,金安国纪,61.7100000000,61.8400000000,2517697484.0000000000,40909250.0000000000,-0.0021000000,25.1769748400,AKShare stock_zh_a_spot / 新浪
002637,赞宇科技,12.1000000000,11.4400000000,523525208.0000000000,43584135.0000000000,0.0576900000,5.2352520800,AKShare stock_zh_a_spot / 新浪
002638,勤上股份,3.7500000000,3.6400000000,132392579.0000000000,35546599.0000000000,0.0302200000,1.3239257900,AKShare stock_zh_a_spot / 新浪
002639,雪人集团,11.3100000000,11.3900000000,167446162.0000000000,14711098.0000000000,-0.0070200000,1.6744616200,AKShare stock_zh_a_spot / 新浪
002640,跨境通,3.2000000000,3.0900000000,289055343.0000000000,90633011.0000000000,0.0356000000,2.8905534300,AKShare stock_zh_a_spot / 新浪
002641,公元股份,3.9300000000,3.8700000000,30148232.0000000000,7715760.0000000000,0.0155000000,0.3014823200,AKShare stock_zh_a_spot / 新浪
002642,荣联科技,7.0300000000,6.9400000000,54865714.0000000000,7820150.0000000000,0.0129700000,0.5486571400,AKShare stock_zh_a_spot / 新浪
002643,万润股份,13.9800000000,13.7100000000,219621317.0000000000,15736311.0000000000,0.0196900000,2.1962131700,AKShare stock_zh_a_spot / 新浪
002644,佛慈制药,8.5200000000,8.1800000000,156491168.0000000000,18403900.0000000000,0.0415600000,1.5649116800,AKShare stock_zh_a_spot / 新浪
002645,华宏科技,19.2000000000,19.2100000000,657687561.0000000000,33844535.0000000000,-0.0005200000,6.5768756100,AKShare stock_zh_a_spot / 新浪
002646,天佑德酒,6.9000000000,6.8000000000,36193504.0000000000,5280297.0000000000,0.0147100000,0.3619350400,AKShare stock_zh_a_spot / 新浪
002647,仁东控股,12.5200000000,11.9900000000,558603226.0000000000,45410499.0000000000,0.0442000000,5.5860322600,AKShare stock_zh_a_spot / 新浪
002648,卫星化学,27.1000000000,26.8200000000,1686615959.0000000000,62407256.0000000000,0.0104400000,16.8661595900,AKShare stock_zh_a_spot / 新浪
002649,博彦科技,9.4600000000,9.2500000000,163303275.0000000000,17377940.0000000000,0.0227000000,1.6330327500,AKShare stock_zh_a_spot / 新浪
002651,利君股份,7.8200000000,8.0500000000,187543877.0000000000,23692587.0000000000,-0.0285700000,1.8754387700,AKShare stock_zh_a_spot / 新浪
002652,扬子新材,3.9400000000,3.9200000000,46495101.0000000000,11767398.0000000000,0.0051000000,0.4649510100,AKShare stock_zh_a_spot / 新浪
002653,海思科,69.2800000000,67.2200000000,559573085.0000000000,7996679.0000000000,0.0306500000,5.5957308500,AKShare stock_zh_a_spot / 新浪
002654,万润科技,13.1500000000,13.7200000000,768844351.0000000000,57701930.0000000000,-0.0415500000,7.6884435100,AKShare stock_zh_a_spot / 新浪
002655,共达电声,34.3400000000,34.3900000000,1308304969.0000000000,37414204.0000000000,-0.0014500000,13.0830496900,AKShare stock_zh_a_spot / 新浪
002656,摩登大道,2.9300000000,2.8800000000,26172618.0000000000,8926500.0000000000,0.0173600000,0.2617261800,AKShare stock_zh_a_spot / 新浪
002657,中科金财,14.8000000000,14.5100000000,91356616.0000000000,6198438.0000000000,0.0199900000,0.9135661600,AKShare stock_zh_a_spot / 新浪
002658,雪迪龙,7.8500000000,7.9300000000,97057371.0000000000,12524732.0000000000,-0.0100900000,0.9705737100,AKShare stock_zh_a_spot / 新浪
002659,凯文教育,4.4400000000,4.3800000000,43125590.0000000000,9733900.0000000000,0.0137000000,0.4312559000,AKShare stock_zh_a_spot / 新浪
002660,茂硕电源,7.4800000000,7.3400000000,38430508.0000000000,5143903.0000000000,0.0190700000,0.3843050800,AKShare stock_zh_a_spot / 新浪
002661,克明食品,8.1300000000,7.9500000000,68591353.0000000000,8482973.0000000000,0.0226400000,0.6859135300,AKShare stock_zh_a_spot / 新浪
002662,峰璟股份,3.1600000000,3.0900000000,36831989.0000000000,11675216.0000000000,0.0226500000,0.3683198900,AKShare stock_zh_a_spot / 新浪
002663,普邦股份,1.6600000000,1.6100000000,40412968.0000000000,24542300.0000000000,0.0310600000,0.4041296800,AKShare stock_zh_a_spot / 新浪
002664,信质集团,15.2300000000,15.1000000000,65385153.0000000000,4302489.0000000000,0.0086100000,0.6538515300,AKShare stock_zh_a_spot / 新浪
002666,德联集团,4.2200000000,4.1600000000,38845532.0000000000,9220000.0000000000,0.0144200000,0.3884553200,AKShare stock_zh_a_spot / 新浪
002668,TCL智家,9.3700000000,8.8800000000,322948088.0000000000,34889765.0000000000,0.0551800000,3.2294808800,AKShare stock_zh_a_spot / 新浪
002669,康达新材,12.0900000000,12.1000000000,91824111.0000000000,7548646.0000000000,-0.0008300000,0.9182411100,AKShare stock_zh_a_spot / 新浪
002670,国盛证券,10.9500000000,10.9000000000,115612728.0000000000,10585219.0000000000,0.0045900000,1.1561272800,AKShare stock_zh_a_spot / 新浪
002671,龙泉股份,3.9300000000,3.8800000000,32470303.0000000000,8252100.0000000000,0.0128900000,0.3247030300,AKShare stock_zh_a_spot / 新浪
002672,东江环保,3.6500000000,3.5600000000,18511429.0000000000,5114700.0000000000,0.0252800000,0.1851142900,AKShare stock_zh_a_spot / 新浪
002673,西部证券,6.4900000000,6.4500000000,123624581.0000000000,19099443.0000000000,0.0062000000,1.2362458100,AKShare stock_zh_a_spot / 新浪
002674,兴业科技,28.4100000000,28.0600000000,446183967.0000000000,15841300.0000000000,0.0124700000,4.4618396700,AKShare stock_zh_a_spot / 新浪
002675,东诚药业,13.3900000000,13.3400000000,174729655.0000000000,12960800.0000000000,0.0037500000,1.7472965500,AKShare stock_zh_a_spot / 新浪
002676,顺威股份,5.0600000000,4.9800000000,99086237.0000000000,19822916.0000000000,0.0160600000,0.9908623700,AKShare stock_zh_a_spot / 新浪
002677,浙江美大,6.8600000000,6.8200000000,30671161.0000000000,4467092.0000000000,0.0058700000,0.3067116100,AKShare stock_zh_a_spot / 新浪
002678,珠江钢琴,4.8900000000,4.7100000000,165604940.0000000000,34581210.0000000000,0.0382200000,1.6560494000,AKShare stock_zh_a_spot / 新浪
002679,福建金森,9.3300000000,9.0700000000,36417012.0000000000,3941200.0000000000,0.0286700000,0.3641701200,AKShare stock_zh_a_spot / 新浪
002681,奋达科技,4.3800000000,4.3300000000,101166491.0000000000,23163040.0000000000,0.0115500000,1.0116649100,AKShare stock_zh_a_spot / 新浪
002682,龙洲股份,4.5500000000,4.4400000000,191177787.0000000000,41993631.0000000000,0.0247700000,1.9117778700,AKShare stock_zh_a_spot / 新浪
002683,广东宏大,29.8500000000,29.0300000000,253939673.0000000000,8601500.0000000000,0.0282500000,2.5393967300,AKShare stock_zh_a_spot / 新浪
002685,华东重机,5.3900000000,5.3500000000,138944132.0000000000,25773306.0000000000,0.0074800000,1.3894413200,AKShare stock_zh_a_spot / 新浪
002686,亿利达,6.1100000000,6.0700000000,64569225.0000000000,10665300.0000000000,0.0065900000,0.6456922500,AKShare stock_zh_a_spot / 新浪
002687,乔治白,6.1300000000,6.2000000000,132920211.0000000000,21401905.0000000000,-0.0112900000,1.3292021100,AKShare stock_zh_a_spot / 新浪
002688,金河生物,5.3600000000,5.2200000000,75922536.0000000000,14135000.0000000000,0.0268200000,0.7592253600,AKShare stock_zh_a_spot / 新浪
002690,美亚光电,15.5600000000,15.5000000000,79326908.0000000000,5053280.0000000000,0.0038700000,0.7932690800,AKShare stock_zh_a_spot / 新浪
002692,远程股份,4.1700000000,4.0800000000,40622689.0000000000,9810540.0000000000,0.0220600000,0.4062268900,AKShare stock_zh_a_spot / 新浪
002693,双成药业,9.9800000000,9.3200000000,567094273.0000000000,56264000.0000000000,0.0708200000,5.6709427300,AKShare stock_zh_a_spot / 新浪
002695,煌上煌,11.2200000000,11.2100000000,84810890.0000000000,7536228.0000000000,0.0008900000,0.8481089000,AKShare stock_zh_a_spot / 新浪
002696,百洋股份,6.0600000000,6.1000000000,131531641.0000000000,21497300.0000000000,-0.0065600000,1.3153164100,AKShare stock_zh_a_spot / 新浪
002697,红旗连锁,4.5600000000,4.5000000000,81671968.0000000000,17981200.0000000000,0.0133300000,0.8167196800,AKShare stock_zh_a_spot / 新浪
002698,博实股份,11.9300000000,11.9300000000,101523114.0000000000,8511317.0000000000,0.0000000000,1.0152311400,AKShare stock_zh_a_spot / 新浪
002700,万憬能源,6.3100000000,6.3300000000,49931701.0000000000,7899200.0000000000,-0.0031600000,0.4993170100,AKShare stock_zh_a_spot / 新浪
002701,奥瑞金,4.6900000000,4.7200000000,75381396.0000000000,16012999.0000000000,-0.0063600000,0.7538139600,AKShare stock_zh_a_spot / 新浪
002702,海欣食品,4.9100000000,4.9000000000,102244379.0000000000,20863910.0000000000,0.0020400000,1.0224437900,AKShare stock_zh_a_spot / 新浪
002703,浙江世宝,13.4400000000,13.9500000000,397904166.0000000000,29487028.0000000000,-0.0365600000,3.9790416600,AKShare stock_zh_a_spot / 新浪
002705,新宝股份,11.3000000000,11.3200000000,46922665.0000000000,4132724.0000000000,-0.0017700000,0.4692266500,AKShare stock_zh_a_spot / 新浪
002706,良信股份,10.1200000000,9.9000000000,477416568.0000000000,47192487.0000000000,0.0222200000,4.7741656800,AKShare stock_zh_a_spot / 新浪
002707,众信旅游,5.3000000000,5.0500000000,170417469.0000000000,32520304.0000000000,0.0495000000,1.7041746900,AKShare stock_zh_a_spot / 新浪
002708,光洋股份,10.8700000000,10.7300000000,142260558.0000000000,13094788.0000000000,0.0130500000,1.4226055800,AKShare stock_zh_a_spot / 新浪
002709,天赐材料,37.0800000000,37.9700000000,1883467789.0000000000,50466965.0000000000,-0.0234400000,18.8346778900,AKShare stock_zh_a_spot / 新浪
002712,思美传媒,4.7100000000,4.6000000000,49662452.0000000000,10579209.0000000000,0.0239100000,0.4966245200,AKShare stock_zh_a_spot / 新浪
002713,东易日盛,9.4500000000,9.3300000000,120201565.0000000000,12763465.0000000000,0.0128600000,1.2020156500,AKShare stock_zh_a_spot / 新浪
002714,牧原股份,39.8200000000,38.8400000000,2008250039.0000000000,50942179.0000000000,0.0252300000,20.0825003900,AKShare stock_zh_a_spot / 新浪
002715,登云股份,14.2700000000,13.8800000000,55283207.0000000000,3875911.0000000000,0.0281000000,0.5528320700,AKShare stock_zh_a_spot / 新浪
002716,湖南白银,9.4700000000,9.1000000000,2456526010.0000000000,255591197.0000000000,0.0406600000,24.5652601000,AKShare stock_zh_a_spot / 新浪
002718,友邦吊顶,86.4000000000,85.6800000000,60863799.0000000000,707540.0000000000,0.0084000000,0.6086379900,AKShare stock_zh_a_spot / 新浪
002721,金一文化,2.5900000000,2.5200000000,321518123.0000000000,122906299.0000000000,0.0277800000,3.2151812300,AKShare stock_zh_a_spot / 新浪
002722,物产金轮,13.0100000000,12.8500000000,33008833.0000000000,2530174.0000000000,0.0124500000,0.3300883300,AKShare stock_zh_a_spot / 新浪
002723,小崧股份,7.1200000000,7.1800000000,47368858.0000000000,6607300.0000000000,-0.0083600000,0.4736885800,AKShare stock_zh_a_spot / 新浪
002724,海洋王,5.9000000000,5.8200000000,311818584.0000000000,52340787.0000000000,0.0137500000,3.1181858400,AKShare stock_zh_a_spot / 新浪
002725,跃岭股份,11.1900000000,11.0100000000,50659383.0000000000,4528400.0000000000,0.0163500000,0.5065938300,AKShare stock_zh_a_spot / 新浪
002727,一心堂,11.9000000000,11.5500000000,118077765.0000000000,9942695.0000000000,0.0303000000,1.1807776500,AKShare stock_zh_a_spot / 新浪
002728,特一药业,9.4500000000,9.3100000000,184258114.0000000000,19372411.0000000000,0.0150400000,1.8425811400,AKShare stock_zh_a_spot / 新浪
002729,好利科技,13.5600000000,13.3200000000,43679880.0000000000,3214900.0000000000,0.0180200000,0.4367988000,AKShare stock_zh_a_spot / 新浪
002730,电光科技,21.0400000000,21.1900000000,156939719.0000000000,7467500.0000000000,-0.0070800000,1.5693971900,AKShare stock_zh_a_spot / 新浪
002732,燕塘乳业,13.9900000000,13.6900000000,21711365.0000000000,1562900.0000000000,0.0219100000,0.2171136500,AKShare stock_zh_a_spot / 新浪
002733,雄韬股份,18.2900000000,18.4000000000,138707607.0000000000,7548272.0000000000,-0.0059800000,1.3870760700,AKShare stock_zh_a_spot / 新浪
002734,利民股份,14.7000000000,14.6700000000,257747189.0000000000,17215079.0000000000,0.0020400000,2.5774718900,AKShare stock_zh_a_spot / 新浪
002735,王子新材,11.0800000000,11.1300000000,107564800.0000000000,9682000.0000000000,-0.0044900000,1.0756480000,AKShare stock_zh_a_spot / 新浪
002736,国信证券,9.8600000000,9.8200000000,121639367.0000000000,12328175.0000000000,0.0040700000,1.2163936700,AKShare stock_zh_a_spot / 新浪
002737,葵花药业,13.6200000000,13.2600000000,99320007.0000000000,7289628.0000000000,0.0271500000,0.9932000700,AKShare stock_zh_a_spot / 新浪
002738,中矿资源,51.6300000000,51.4800000000,735456596.0000000000,14171637.0000000000,0.0029100000,7.3545659600,AKShare stock_zh_a_spot / 新浪
002739,儒意电影,8.5000000000,8.4600000000,506437118.0000000000,59704631.0000000000,0.0047300000,5.0643711800,AKShare stock_zh_a_spot / 新浪
002741,光华科技,25.5600000000,25.7000000000,795710544.0000000000,30583349.0000000000,-0.0054500000,7.9571054400,AKShare stock_zh_a_spot / 新浪
002742,冀衡医药,4.3400000000,4.2900000000,301702345.0000000000,66903843.0000000000,0.0116600000,3.0170234500,AKShare stock_zh_a_spot / 新浪
002743,富煌钢构,4.4200000000,4.0200000000,200992734.0000000000,46568289.0000000000,0.0995000000,2.0099273400,AKShare stock_zh_a_spot / 新浪
002745,木林森,11.0500000000,11.0900000000,456736598.0000000000,41114564.0000000000,-0.0036100000,4.5673659800,AKShare stock_zh_a_spot / 新浪
002746,仙坛股份,6.3200000000,6.1000000000,139006304.0000000000,22268136.0000000000,0.0360700000,1.3900630400,AKShare stock_zh_a_spot / 新浪
002747,埃斯顿,32.7700000000,36.0400000000,2794842275.0000000000,83401582.0000000000,-0.0907300000,27.9484227500,AKShare stock_zh_a_spot / 新浪
002748,世龙实业,11.7300000000,11.7000000000,38473705.0000000000,3283700.0000000000,0.0025600000,0.3847370500,AKShare stock_zh_a_spot / 新浪
002749,国光股份,8.8200000000,9.0200000000,59983556.0000000000,6853139.0000000000,-0.0221700000,0.5998355600,AKShare stock_zh_a_spot / 新浪
002752,昇兴股份,5.9300000000,5.8300000000,47460269.0000000000,8027319.0000000000,0.0171500000,0.4746026900,AKShare stock_zh_a_spot / 新浪
002753,永东股份,6.6400000000,6.6300000000,23445114.0000000000,3538325.0000000000,0.0015100000,0.2344511400,AKShare stock_zh_a_spot / 新浪
002755,奥赛康,14.0000000000,13.1000000000,467689689.0000000000,33395675.0000000000,0.0687000000,4.6768968900,AKShare stock_zh_a_spot / 新浪
002756,永兴材料,46.2000000000,46.2600000000,373498329.0000000000,8022240.0000000000,-0.0013000000,3.7349832900,AKShare stock_zh_a_spot / 新浪
002757,南兴股份,16.2500000000,16.3600000000,126234037.0000000000,7718800.0000000000,-0.0067200000,1.2623403700,AKShare stock_zh_a_spot / 新浪
002758,浙农股份,8.1700000000,8.0600000000,76459693.0000000000,9446542.0000000000,0.0136500000,0.7645969300,AKShare stock_zh_a_spot / 新浪
002760,凤形股份,17.5000000000,17.3900000000,50614690.0000000000,2901701.0000000000,0.0063300000,0.5061469000,AKShare stock_zh_a_spot / 新浪
002761,浙江建投,7.2600000000,7.1400000000,73389553.0000000000,10105725.0000000000,0.0168100000,0.7338955300,AKShare stock_zh_a_spot / 新浪
002762,金发拉比,10.2100000000,10.0700000000,78423372.0000000000,7677328.0000000000,0.0139000000,0.7842337200,AKShare stock_zh_a_spot / 新浪
002763,汇洁股份,7.6100000000,7.5700000000,34019727.0000000000,4486000.0000000000,0.0052800000,0.3401972700,AKShare stock_zh_a_spot / 新浪
002765,蓝黛科技,7.0200000000,6.9700000000,35108094.0000000000,5000866.0000000000,0.0071700000,0.3510809400,AKShare stock_zh_a_spot / 新浪
002766,索菱股份,4.1500000000,4.1700000000,88402195.0000000000,21227700.0000000000,-0.0048000000,0.8840219500,AKShare stock_zh_a_spot / 新浪
002767,先锋电子,18.2100000000,17.9000000000,45674720.0000000000,2510600.0000000000,0.0173200000,0.4567472000,AKShare stock_zh_a_spot / 新浪
002768,国恩股份,65.5000000000,63.2000000000,770842782.0000000000,11913624.0000000000,0.0363900000,7.7084278200,AKShare stock_zh_a_spot / 新浪
002769,普路通,6.9000000000,6.7700000000,41165570.0000000000,5991750.0000000000,0.0192000000,0.4116557000,AKShare stock_zh_a_spot / 新浪
002771,真视通,12.4500000000,12.3000000000,45755633.0000000000,3666300.0000000000,0.0122000000,0.4575563300,AKShare stock_zh_a_spot / 新浪
002772,众兴菌业,10.7400000000,10.6600000000,197107777.0000000000,18315781.0000000000,0.0075000000,1.9710777700,AKShare stock_zh_a_spot / 新浪
002773,康弘药业,22.4500000000,21.9200000000,426924721.0000000000,18636974.0000000000,0.0241800000,4.2692472100,AKShare stock_zh_a_spot / 新浪
002774,快意电梯,16.1500000000,16.5200000000,230730234.0000000000,13918037.0000000000,-0.0224000000,2.3073023400,AKShare stock_zh_a_spot / 新浪
002775,文科股份,3.4900000000,3.4400000000,37380985.0000000000,10741008.0000000000,0.0145300000,0.3738098500,AKShare stock_zh_a_spot / 新浪
002777,久远银海,12.6000000000,12.3100000000,93196243.0000000000,7425850.0000000000,0.0235600000,0.9319624300,AKShare stock_zh_a_spot / 新浪
002778,中晟高科,15.6300000000,15.3300000000,28032333.0000000000,1793500.0000000000,0.0195700000,0.2803233300,AKShare stock_zh_a_spot / 新浪
002779,中坚科技,74.1500000000,71.9700000000,262402874.0000000000,3555200.0000000000,0.0302900000,2.6240287400,AKShare stock_zh_a_spot / 新浪
002780,三夫户外,13.2700000000,12.8700000000,53370667.0000000000,4047445.0000000000,0.0310800000,0.5337066700,AKShare stock_zh_a_spot / 新浪
002782,可立克,15.1100000000,14.9300000000,120922183.0000000000,7989480.0000000000,0.0120600000,1.2092218300,AKShare stock_zh_a_spot / 新浪
002783,凯龙股份,7.8300000000,7.8600000000,65780930.0000000000,8352231.0000000000,-0.0038200000,0.6578093000,AKShare stock_zh_a_spot / 新浪
002785,万里石,32.5000000000,32.4000000000,95135346.0000000000,2912596.0000000000,0.0030900000,0.9513534600,AKShare stock_zh_a_spot / 新浪
002786,银宝山新,7.6000000000,7.4400000000,42227417.0000000000,5574800.0000000000,0.0215100000,0.4222741700,AKShare stock_zh_a_spot / 新浪
002787,华源控股,21.4000000000,20.8900000000,293910964.0000000000,13673344.0000000000,0.0244100000,2.9391096400,AKShare stock_zh_a_spot / 新浪
002788,鹭燕医药,11.4300000000,11.3200000000,156988065.0000000000,13651805.0000000000,0.0097200000,1.5698806500,AKShare stock_zh_a_spot / 新浪
002790,瑞尔特,5.9500000000,5.8300000000,29279964.0000000000,4941500.0000000000,0.0205800000,0.2927996400,AKShare stock_zh_a_spot / 新浪
002791,坚朗五金,15.1500000000,14.4500000000,94638405.0000000000,6325500.0000000000,0.0484400000,0.9463840500,AKShare stock_zh_a_spot / 新浪
002792,通宇通讯,31.7300000000,31.3400000000,1303769171.0000000000,41427886.0000000000,0.0124400000,13.0376917100,AKShare stock_zh_a_spot / 新浪
002793,罗欣药业,5.3100000000,5.2000000000,234585150.0000000000,44058171.0000000000,0.0211500000,2.3458515000,AKShare stock_zh_a_spot / 新浪
002795,永和智控,7.0300000000,6.8900000000,73758126.0000000000,10572400.0000000000,0.0203200000,0.7375812600,AKShare stock_zh_a_spot / 新浪
002796,世嘉科技,29.8900000000,29.1200000000,312193926.0000000000,10564764.0000000000,0.0264400000,3.1219392600,AKShare stock_zh_a_spot / 新浪
002797,第一创业,6.3200000000,6.2900000000,188690309.0000000000,29925970.0000000000,0.0047700000,1.8869030900,AKShare stock_zh_a_spot / 新浪
002798,帝欧水华,5.7400000000,5.6500000000,43596254.0000000000,7602350.0000000000,0.0159300000,0.4359625400,AKShare stock_zh_a_spot / 新浪
002799,环球印务,6.7700000000,6.6600000000,31502869.0000000000,4651840.0000000000,0.0165200000,0.3150286900,AKShare stock_zh_a_spot / 新浪
002800,天顺股份,13.6100000000,13.3000000000,46786398.0000000000,3445032.0000000000,0.0233100000,0.4678639800,AKShare stock_zh_a_spot / 新浪
002801,微光股份,27.0100000000,26.5300000000,27732637.0000000000,1032475.0000000000,0.0180900000,0.2773263700,AKShare stock_zh_a_spot / 新浪
002802,洪汇新材,11.6500000000,11.4200000000,28110877.0000000000,2420413.0000000000,0.0201400000,0.2811087700,AKShare stock_zh_a_spot / 新浪
002803,吉宏股份,18.5400000000,18.3000000000,133663509.0000000000,7204440.0000000000,0.0131100000,1.3366350900,AKShare stock_zh_a_spot / 新浪
002805,丰元股份,18.6200000000,18.9400000000,192286034.0000000000,10219748.0000000000,-0.0169000000,1.9228603400,AKShare stock_zh_a_spot / 新浪
002806,华锋股份,13.7400000000,13.5700000000,49196261.0000000000,3575414.0000000000,0.0125300000,0.4919626100,AKShare stock_zh_a_spot / 新浪
002807,江阴银行,3.9700000000,3.9500000000,194083821.0000000000,49120402.0000000000,0.0050600000,1.9408382100,AKShare stock_zh_a_spot / 新浪
002809,红墙股份,8.4800000000,8.3400000000,75613074.0000000000,8980145.0000000000,0.0167900000,0.7561307400,AKShare stock_zh_a_spot / 新浪
002810,山东赫达,21.2700000000,21.2000000000,153669571.0000000000,7217472.0000000000,0.0033000000,1.5366957100,AKShare stock_zh_a_spot / 新浪
002811,郑中设计,13.3200000000,12.1100000000,214846231.0000000000,16575610.0000000000,0.0999200000,2.1484623100,AKShare stock_zh_a_spot / 新浪
002812,恩捷股份,55.8400000000,56.0400000000,837477022.0000000000,14904175.0000000000,-0.0035700000,8.3747702200,AKShare stock_zh_a_spot / 新浪
002813,路畅科技,20.3000000000,19.9200000000,27524502.0000000000,1362931.0000000000,0.0190800000,0.2752450200,AKShare stock_zh_a_spot / 新浪
002815,崇达技术,12.9300000000,13.1400000000,427129648.0000000000,32596676.0000000000,-0.0159800000,4.2712964800,AKShare stock_zh_a_spot / 新浪
002817,黄山胶囊,6.7200000000,6.5300000000,34267830.0000000000,5121628.0000000000,0.0291000000,0.3426783000,AKShare stock_zh_a_spot / 新浪
002818,富森美,10.9500000000,10.8900000000,40605182.0000000000,3718600.0000000000,0.0055100000,0.4060518200,AKShare stock_zh_a_spot / 新浪
002819,东方中科,21.8500000000,21.2500000000,164749179.0000000000,7560750.0000000000,0.0282400000,1.6474917900,AKShare stock_zh_a_spot / 新浪
002820,桂发祥,9.9400000000,11.0400000000,381602937.0000000000,38143794.0000000000,-0.0996400000,3.8160293700,AKShare stock_zh_a_spot / 新浪
002821,凯莱英,182.4000000000,170.5900000000,4571346474.0000000000,24967150.0000000000,0.0692300000,45.7134647400,AKShare stock_zh_a_spot / 新浪
002823,凯中精密,12.7600000000,12.6500000000,52249876.0000000000,4094118.0000000000,0.0087000000,0.5224987600,AKShare stock_zh_a_spot / 新浪
002824,和胜股份,23.9600000000,23.5600000000,460109836.0000000000,18769414.0000000000,0.0169800000,4.6010983600,AKShare stock_zh_a_spot / 新浪
002825,纳尔股份,9.0300000000,8.7500000000,29772542.0000000000,3311333.0000000000,0.0320000000,0.2977254200,AKShare stock_zh_a_spot / 新浪
002826,易明医药,17.7800000000,17.2500000000,106184647.0000000000,5929307.0000000000,0.0307200000,1.0618464700,AKShare stock_zh_a_spot / 新浪
002827,高争民爆,57.7800000000,56.0000000000,957597821.0000000000,16819550.0000000000,0.0317900000,9.5759782100,AKShare stock_zh_a_spot / 新浪
002828,贝肯能源,12.0500000000,11.7100000000,164813159.0000000000,13824350.0000000000,0.0290400000,1.6481315900,AKShare stock_zh_a_spot / 新浪
002829,星网宇达,19.7900000000,19.7900000000,122317760.0000000000,6165600.0000000000,0.0000000000,1.2231776000,AKShare stock_zh_a_spot / 新浪
002830,名雕股份,13.6500000000,13.3400000000,39013315.0000000000,2866940.0000000000,0.0232400000,0.3901331500,AKShare stock_zh_a_spot / 新浪
002831,裕同科技,25.5500000000,25.6200000000,145823268.0000000000,5677448.0000000000,-0.0027300000,1.4582326800,AKShare stock_zh_a_spot / 新浪
002832,比音勒芬,24.9700000000,25.2000000000,228984747.0000000000,9134258.0000000000,-0.0091300000,2.2898474700,AKShare stock_zh_a_spot / 新浪
002833,弘亚数控,18.4000000000,17.9700000000,60794597.0000000000,3327689.0000000000,0.0239300000,0.6079459700,AKShare stock_zh_a_spot / 新浪
002835,同为股份,12.5600000000,12.2100000000,36436868.0000000000,2907500.0000000000,0.0286700000,0.3643686800,AKShare stock_zh_a_spot / 新浪
002836,新宏泽,10.0700000000,10.0600000000,34708350.0000000000,3452572.0000000000,0.0009900000,0.3470835000,AKShare stock_zh_a_spot / 新浪
002837,英维克,52.9300000000,52.5900000000,1471788637.0000000000,27855913.0000000000,0.0064700000,14.7178863700,AKShare stock_zh_a_spot / 新浪
002838,道恩股份,24.2200000000,23.9800000000,219022763.0000000000,8990786.0000000000,0.0100100000,2.1902276300,AKShare stock_zh_a_spot / 新浪
002839,张家港行,4.3600000000,4.3100000000,148971627.0000000000,34361380.0000000000,0.0116000000,1.4897162700,AKShare stock_zh_a_spot / 新浪
002840,华统股份,8.3000000000,8.0700000000,177918075.0000000000,21548951.0000000000,0.0285000000,1.7791807500,AKShare stock_zh_a_spot / 新浪
002841,视源股份,49.5100000000,49.3600000000,236068748.0000000000,4744077.0000000000,0.0030400000,2.3606874800,AKShare stock_zh_a_spot / 新浪
002842,翔鹭钨业,37.3800000000,37.8800000000,1200013373.0000000000,31405695.0000000000,-0.0132000000,12.0001337300,AKShare stock_zh_a_spot / 新浪
002843,泰嘉股份,15.5800000000,15.5800000000,116763164.0000000000,7484472.0000000000,0.0000000000,1.1676316400,AKShare stock_zh_a_spot / 新浪
002845,同兴达,13.2200000000,12.9600000000,83595253.0000000000,6352689.0000000000,0.0200600000,0.8359525300,AKShare stock_zh_a_spot / 新浪
002846,英联股份,10.2400000000,10.1900000000,51358387.0000000000,5007721.0000000000,0.0049100000,0.5135838700,AKShare stock_zh_a_spot / 新浪
002847,盐津铺子,45.1900000000,48.7300000000,405422905.0000000000,8836202.0000000000,-0.0726500000,4.0542290500,AKShare stock_zh_a_spot / 新浪
002848,高斯贝尔,13.2000000000,12.6900000000,113759396.0000000000,8618791.0000000000,0.0401900000,1.1375939600,AKShare stock_zh_a_spot / 新浪
002849,威星智能,17.7000000000,17.7200000000,116666171.0000000000,6535840.0000000000,-0.0011300000,1.1666617100,AKShare stock_zh_a_spot / 新浪
002850,科达利,180.4600000000,181.8700000000,657409994.0000000000,3626881.0000000000,-0.0077500000,6.5740999400,AKShare stock_zh_a_spot / 新浪
002851,麦格米特,118.2800000000,118.5300000000,3472021268.0000000000,29231941.0000000000,-0.0021100000,34.7202126800,AKShare stock_zh_a_spot / 新浪
002852,道道全,8.4900000000,8.2100000000,193241106.0000000000,23726019.0000000000,0.0341000000,1.9324110600,AKShare stock_zh_a_spot / 新浪
002853,皮阿诺,20.7000000000,20.4200000000,15846060.0000000000,765300.0000000000,0.0137100000,0.1584606000,AKShare stock_zh_a_spot / 新浪
002855,捷荣技术,10.0400000000,9.7700000000,24170137.0000000000,2426536.0000000000,0.0276400000,0.2417013700,AKShare stock_zh_a_spot / 新浪
002857,三晖电气,18.6000000000,17.5400000000,98784995.0000000000,5347900.0000000000,0.0604300000,0.9878499500,AKShare stock_zh_a_spot / 新浪
002858,力盛体育,11.6800000000,11.4000000000,30980418.0000000000,2669800.0000000000,0.0245600000,0.3098041800,AKShare stock_zh_a_spot / 新浪
002859,洁美科技,66.7000000000,69.1500000000,1432275813.0000000000,21349712.0000000000,-0.0354300000,14.3227581300,AKShare stock_zh_a_spot / 新浪
002860,星帅尔,17.8200000000,16.5500000000,463574407.0000000000,26318530.0000000000,0.0767400000,4.6357440700,AKShare stock_zh_a_spot / 新浪
002861,瀛通通讯,15.9800000000,15.4100000000,90888423.0000000000,5667400.0000000000,0.0369900000,0.9088842300,AKShare stock_zh_a_spot / 新浪
002862,实丰文化,13.4700000000,13.1700000000,31459229.0000000000,2343060.0000000000,0.0227800000,0.3145922900,AKShare stock_zh_a_spot / 新浪
002863,今飞凯达,4.6900000000,4.6300000000,117784455.0000000000,25145234.0000000000,0.0129600000,1.1778445500,AKShare stock_zh_a_spot / 新浪
002864,盘龙药业,22.5600000000,22.3700000000,80767205.0000000000,3541499.0000000000,0.0084900000,0.8076720500,AKShare stock_zh_a_spot / 新浪
002865,钧达股份,41.6800000000,42.2800000000,397341714.0000000000,9463591.0000000000,-0.0141900000,3.9734171400,AKShare stock_zh_a_spot / 新浪
002866,传艺科技,14.6900000000,14.6000000000,74991053.0000000000,5106100.0000000000,0.0061600000,0.7499105300,AKShare stock_zh_a_spot / 新浪
002867,周大生,12.3300000000,12.3800000000,95232734.0000000000,7690052.0000000000,-0.0040400000,0.9523273400,AKShare stock_zh_a_spot / 新浪
002868,绿康生化,22.4000000000,22.6600000000,34702750.0000000000,1525800.0000000000,-0.0114700000,0.3470275000,AKShare stock_zh_a_spot / 新浪
002869,金溢科技,15.8700000000,15.5500000000,31102982.0000000000,1962950.0000000000,0.0205800000,0.3110298200,AKShare stock_zh_a_spot / 新浪
002870,香山股份,47.5400000000,48.2000000000,169442730.0000000000,3523000.0000000000,-0.0136900000,1.6944273000,AKShare stock_zh_a_spot / 新浪
002871,伟隆股份,16.5200000000,16.5000000000,41054217.0000000000,2471044.0000000000,0.0012100000,0.4105421700,AKShare stock_zh_a_spot / 新浪
002873,新天药业,8.6500000000,8.4200000000,113053055.0000000000,12990066.0000000000,0.0273200000,1.1305305500,AKShare stock_zh_a_spot / 新浪
002875,安奈儿,13.3400000000,13.0500000000,42798754.0000000000,3220294.0000000000,0.0222200000,0.4279875400,AKShare stock_zh_a_spot / 新浪
002876,三利谱,30.1500000000,29.0200000000,203325589.0000000000,6749524.0000000000,0.0389400000,2.0332558900,AKShare stock_zh_a_spot / 新浪
002877,智能自控,7.3500000000,7.1800000000,31867823.0000000000,4345000.0000000000,0.0236800000,0.3186782300,AKShare stock_zh_a_spot / 新浪
002878,元隆雅图,12.3100000000,12.1500000000,51973155.0000000000,4227700.0000000000,0.0131700000,0.5197315500,AKShare stock_zh_a_spot / 新浪
002879,长缆科技,15.9600000000,15.7900000000,125321686.0000000000,7841300.0000000000,0.0107700000,1.2532168600,AKShare stock_zh_a_spot / 新浪
002880,卫光生物,21.8900000000,19.9000000000,58704783.0000000000,2709606.0000000000,0.1000000000,0.5870478300,AKShare stock_zh_a_spot / 新浪
002881,美格智能,38.0200000000,37.9700000000,192055923.0000000000,5021979.0000000000,0.0013200000,1.9205592300,AKShare stock_zh_a_spot / 新浪
002882,金龙羽,21.0200000000,20.7200000000,104529842.0000000000,4950900.0000000000,0.0144800000,1.0452984200,AKShare stock_zh_a_spot / 新浪
002884,凌霄泵业,16.1800000000,15.9700000000,61487107.0000000000,3795538.0000000000,0.0131500000,0.6148710700,AKShare stock_zh_a_spot / 新浪
002885,京泉华,28.3100000000,28.4200000000,384757193.0000000000,13561406.0000000000,-0.0038700000,3.8475719300,AKShare stock_zh_a_spot / 新浪
002886,沃特股份,19.3100000000,19.4100000000,115913820.0000000000,5977380.0000000000,-0.0051500000,1.1591382000,AKShare stock_zh_a_spot / 新浪
002887,绿茵生态,9.2900000000,9.9400000000,110005927.0000000000,11566180.0000000000,-0.0653900000,1.1000592700,AKShare stock_zh_a_spot / 新浪
002888,惠威科技,17.5900000000,16.9000000000,34105524.0000000000,1947600.0000000000,0.0408300000,0.3410552400,AKShare stock_zh_a_spot / 新浪
002889,东方嘉盛,12.6300000000,12.4800000000,58035860.0000000000,4583817.0000000000,0.0120200000,0.5803586000,AKShare stock_zh_a_spot / 新浪
002890,弘宇股份,14.5600000000,14.0500000000,29981066.0000000000,2068000.0000000000,0.0363000000,0.2998106600,AKShare stock_zh_a_spot / 新浪
002891,中宠股份,29.5300000000,29.7400000000,170292783.0000000000,5751913.0000000000,-0.0070600000,1.7029278300,AKShare stock_zh_a_spot / 新浪
002892,科力尔,9.0600000000,9.0000000000,46235448.0000000000,5109948.0000000000,0.0066700000,0.4623544800,AKShare stock_zh_a_spot / 新浪
002893,京能热力,9.8900000000,9.6400000000,72776602.0000000000,7389200.0000000000,0.0259300000,0.7277660200,AKShare stock_zh_a_spot / 新浪
002895,川恒股份,32.6000000000,33.3700000000,376225911.0000000000,11552279.0000000000,-0.0230700000,3.7622591100,AKShare stock_zh_a_spot / 新浪
002896,中大力德,68.7600000000,76.4000000000,1124886220.0000000000,16151686.0000000000,-0.1000000000,11.2488622000,AKShare stock_zh_a_spot / 新浪
002897,意华股份,56.5200000000,55.6300000000,448497191.0000000000,7934132.0000000000,0.0160000000,4.4849719100,AKShare stock_zh_a_spot / 新浪
002899,英派斯,19.3900000000,19.0100000000,40846761.0000000000,2110000.0000000000,0.0199900000,0.4084676100,AKShare stock_zh_a_spot / 新浪
002900,哈三联,15.3000000000,15.6300000000,1062160479.0000000000,64607732.0000000000,-0.0211100000,10.6216047900,AKShare stock_zh_a_spot / 新浪
002901,大博医疗,44.4000000000,43.7000000000,112280402.0000000000,2519958.0000000000,0.0160200000,1.1228040200,AKShare stock_zh_a_spot / 新浪
002902,铭普光磁,24.8900000000,24.1400000000,287494691.0000000000,11599367.0000000000,0.0310700000,2.8749469100,AKShare stock_zh_a_spot / 新浪
002903,宇环数控,30.6700000000,27.8800000000,638273893.0000000000,21599692.0000000000,0.1000700000,6.3827389300,AKShare stock_zh_a_spot / 新浪
002905,金逸影视,7.7200000000,7.4300000000,43729137.0000000000,5729664.0000000000,0.0390300000,0.4372913700,AKShare stock_zh_a_spot / 新浪
002907,华森制药,15.1500000000,16.1500000000,474837684.0000000000,30694549.0000000000,-0.0619200000,4.7483768400,AKShare stock_zh_a_spot / 新浪
002908,德生科技,6.9400000000,6.8300000000,31466702.0000000000,4535384.0000000000,0.0161100000,0.3146670200,AKShare stock_zh_a_spot / 新浪
002909,集泰股份,5.1900000000,5.0800000000,28651183.0000000000,5543400.0000000000,0.0216500000,0.2865118300,AKShare stock_zh_a_spot / 新浪
002910,庄园牧场,9.5200000000,9.3600000000,50298655.0000000000,5298600.0000000000,0.0170900000,0.5029865500,AKShare stock_zh_a_spot / 新浪
002911,佛燃能源,10.7600000000,10.7700000000,37354076.0000000000,3468405.0000000000,-0.0009300000,0.3735407600,AKShare stock_zh_a_spot / 新浪
002912,中新赛克,19.0200000000,18.6700000000,59315812.0000000000,3123040.0000000000,0.0187500000,0.5931581200,AKShare stock_zh_a_spot / 新浪
002913,奥士康,58.7900000000,57.4700000000,315610000.0000000000,5382200.0000000000,0.0229700000,3.1561000000,AKShare stock_zh_a_spot / 新浪
002915,中欣氟材,16.8600000000,17.2100000000,109305172.0000000000,6454334.0000000000,-0.0203400000,1.0930517200,AKShare stock_zh_a_spot / 新浪
002916,深南电路,345.0000000000,343.9300000000,2823889729.0000000000,8134420.0000000000,0.0031100000,28.2388972900,AKShare stock_zh_a_spot / 新浪
002917,金奥博,10.2700000000,10.0800000000,26856903.0000000000,2610900.0000000000,0.0188500000,0.2685690300,AKShare stock_zh_a_spot / 新浪
002918,蒙娜丽莎,9.9900000000,9.7800000000,103758314.0000000000,10388563.0000000000,0.0214700000,1.0375831400,AKShare stock_zh_a_spot / 新浪
002919,名臣健康,17.5400000000,17.3500000000,49089312.0000000000,2790363.0000000000,0.0109500000,0.4908931200,AKShare stock_zh_a_spot / 新浪
002920,德赛西威,84.6900000000,84.6600000000,458831100.0000000000,5412103.0000000000,0.0003500000,4.5883110000,AKShare stock_zh_a_spot / 新浪
002921,联诚精密,21.5000000000,21.5900000000,83340575.0000000000,3830465.0000000000,-0.0041700000,0.8334057500,AKShare stock_zh_a_spot / 新浪
002922,伊戈尔,25.3000000000,25.2000000000,301963737.0000000000,11906773.0000000000,0.0039700000,3.0196373700,AKShare stock_zh_a_spot / 新浪
002923,润都股份,11.7600000000,11.4400000000,106244858.0000000000,8985400.0000000000,0.0279700000,1.0624485800,AKShare stock_zh_a_spot / 新浪
002925,盈趣科技,22.1900000000,22.3900000000,230817718.0000000000,10292187.0000000000,-0.0089300000,2.3081771800,AKShare stock_zh_a_spot / 新浪
002926,华西证券,8.2600000000,8.2100000000,84162906.0000000000,10203100.0000000000,0.0060900000,0.8416290600,AKShare stock_zh_a_spot / 新浪
002927,泰永长征,16.1900000000,16.3200000000,92222192.0000000000,5654500.0000000000,-0.0079700000,0.9222219200,AKShare stock_zh_a_spot / 新浪
002928,华夏航空,6.1500000000,6.0900000000,109042497.0000000000,17731425.0000000000,0.0098500000,1.0904249700,AKShare stock_zh_a_spot / 新浪
002929,润建股份,55.2100000000,52.9800000000,754892317.0000000000,13952531.0000000000,0.0420900000,7.5489231700,AKShare stock_zh_a_spot / 新浪
002930,宏川智慧,8.7000000000,8.5600000000,56039008.0000000000,6424471.0000000000,0.0163600000,0.5603900800,AKShare stock_zh_a_spot / 新浪
002931,锋龙股份,47.2300000000,49.3300000000,502748106.0000000000,10602033.0000000000,-0.0425700000,5.0274810600,AKShare stock_zh_a_spot / 新浪
002933,新兴装备,26.5900000000,26.6700000000,30995690.0000000000,1155400.0000000000,-0.0030000000,0.3099569000,AKShare stock_zh_a_spot / 新浪
002935,天奥电子,15.6200000000,15.9900000000,142151499.0000000000,8971483.0000000000,-0.0231400000,1.4215149900,AKShare stock_zh_a_spot / 新浪
002936,郑州银行,1.7800000000,1.7600000000,189451946.0000000000,107102219.0000000000,0.0113600000,1.8945194600,AKShare stock_zh_a_spot / 新浪
002937,兴瑞科技,30.0300000000,29.6300000000,337335589.0000000000,11360851.0000000000,0.0135000000,3.3733558900,AKShare stock_zh_a_spot / 新浪
002938,鹏鼎控股,87.5700000000,87.3600000000,1729702579.0000000000,19632773.0000000000,0.0024000000,17.2970257900,AKShare stock_zh_a_spot / 新浪
002939,长城证券,7.9400000000,7.9400000000,138702742.0000000000,17464488.0000000000,0.0000000000,1.3870274200,AKShare stock_zh_a_spot / 新浪
002940,昂利康,28.4100000000,25.8300000000,520697282.0000000000,18541688.0000000000,0.0998800000,5.2069728200,AKShare stock_zh_a_spot / 新浪
002941,新疆交建,10.3700000000,10.2700000000,63140544.0000000000,6087680.0000000000,0.0097400000,0.6314054400,AKShare stock_zh_a_spot / 新浪
002942,新农股份,15.8400000000,15.6500000000,33276342.0000000000,2113960.0000000000,0.0121400000,0.3327634200,AKShare stock_zh_a_spot / 新浪
002943,宇晶股份,35.3300000000,32.7300000000,456245225.0000000000,13375776.0000000000,0.0794400000,4.5624522500,AKShare stock_zh_a_spot / 新浪
002945,华林证券,14.1100000000,13.9200000000,166983398.0000000000,11936464.0000000000,0.0136500000,1.6698339800,AKShare stock_zh_a_spot / 新浪
002946,新乳业,15.9400000000,15.8100000000,120157124.0000000000,7582931.0000000000,0.0082200000,1.2015712400,AKShare stock_zh_a_spot / 新浪
002947,恒铭达,57.4200000000,55.9600000000,310791832.0000000000,5401307.0000000000,0.0260900000,3.1079183200,AKShare stock_zh_a_spot / 新浪
002948,青岛银行,5.9800000000,5.8900000000,335512641.0000000000,56251244.0000000000,0.0152800000,3.3551264100,AKShare stock_zh_a_spot / 新浪
002949,华阳国际,10.7400000000,10.4500000000,28411859.0000000000,2658600.0000000000,0.0277500000,0.2841185900,AKShare stock_zh_a_spot / 新浪
002950,奥美医疗,9.5700000000,9.2600000000,96341424.0000000000,10083900.0000000000,0.0334800000,0.9634142400,AKShare stock_zh_a_spot / 新浪
002951,金时科技,16.0700000000,15.8000000000,177731307.0000000000,10899781.0000000000,0.0170900000,1.7773130700,AKShare stock_zh_a_spot / 新浪
002952,亚世光电,19.8500000000,19.5300000000,37133545.0000000000,1879100.0000000000,0.0163900000,0.3713354500,AKShare stock_zh_a_spot / 新浪
002953,日丰股份,11.1600000000,11.7300000000,585416656.0000000000,52263663.0000000000,-0.0485900000,5.8541665600,AKShare stock_zh_a_spot / 新浪
002955,鸿合科技,34.8300000000,34.6900000000,128974991.0000000000,3703440.0000000000,0.0040400000,1.2897499100,AKShare stock_zh_a_spot / 新浪
002956,西麦食品,17.4300000000,17.5100000000,67008627.0000000000,3850573.0000000000,-0.0045700000,0.6700862700,AKShare stock_zh_a_spot / 新浪
002957,科瑞技术,40.7200000000,39.4000000000,819492706.0000000000,20390194.0000000000,0.0335000000,8.1949270600,AKShare stock_zh_a_spot / 新浪
002958,青农商行,2.9400000000,2.9500000000,246707766.0000000000,84282183.0000000000,-0.0033900000,2.4670776600,AKShare stock_zh_a_spot / 新浪
002959,小熊电器,33.6800000000,33.2800000000,20496067.0000000000,608388.0000000000,0.0120200000,0.2049606700,AKShare stock_zh_a_spot / 新浪
002960,青鸟智控,8.4500000000,8.5400000000,96537007.0000000000,11381756.0000000000,-0.0105400000,0.9653700700,AKShare stock_zh_a_spot / 新浪
002961,瑞达期货,18.3500000000,17.9300000000,99164740.0000000000,5438766.0000000000,0.0234200000,0.9916474000,AKShare stock_zh_a_spot / 新浪
002962,五方光电,12.7400000000,12.8300000000,112247570.0000000000,8785820.0000000000,-0.0070100000,1.1224757000,AKShare stock_zh_a_spot / 新浪
002963,豪尔赛,17.1800000000,17.0000000000,67471443.0000000000,3875300.0000000000,0.0105900000,0.6747144300,AKShare stock_zh_a_spot / 新浪
002965,祥鑫科技,30.1300000000,30.8600000000,416295029.0000000000,13806069.0000000000,-0.0236600000,4.1629502900,AKShare stock_zh_a_spot / 新浪
002966,苏州银行,8.6500000000,8.6100000000,370899541.0000000000,43077366.0000000000,0.0046500000,3.7089954100,AKShare stock_zh_a_spot / 新浪
002967,广电计量,17.5100000000,17.1800000000,62659980.0000000000,3575900.0000000000,0.0192100000,0.6265998000,AKShare stock_zh_a_spot / 新浪
002968,新大正,9.3400000000,9.0700000000,44098375.0000000000,4753040.0000000000,0.0297700000,0.4409837500,AKShare stock_zh_a_spot / 新浪
002969,嘉美包装,12.9000000000,13.1500000000,442851727.0000000000,33823537.0000000000,-0.0190100000,4.4285172700,AKShare stock_zh_a_spot / 新浪
002970,锐明技术,49.7000000000,49.3800000000,120082320.0000000000,2398310.0000000000,0.0064800000,1.2008232000,AKShare stock_zh_a_spot / 新浪
002971,和远气体,42.3700000000,43.5000000000,582852240.0000000000,13623180.0000000000,-0.0259800000,5.8285224000,AKShare stock_zh_a_spot / 新浪
002972,科安达,13.6300000000,13.7500000000,109200920.0000000000,7987028.0000000000,-0.0087300000,1.0920092000,AKShare stock_zh_a_spot / 新浪
002973,侨银股份,10.6200000000,11.1700000000,112785895.0000000000,10373900.0000000000,-0.0492400000,1.1278589500,AKShare stock_zh_a_spot / 新浪
002975,博杰股份,95.7000000000,94.4100000000,843483498.0000000000,8874110.0000000000,0.0136600000,8.4348349800,AKShare stock_zh_a_spot / 新浪
002976,瑞玛精密,22.7500000000,21.9300000000,107497291.0000000000,4760780.0000000000,0.0373900000,1.0749729100,AKShare stock_zh_a_spot / 新浪
002978,安宁股份,25.8000000000,25.5500000000,57940704.0000000000,2231159.0000000000,0.0097800000,0.5794070400,AKShare stock_zh_a_spot / 新浪
002979,雷赛智能,54.5400000000,55.8500000000,891547300.0000000000,16601100.0000000000,-0.0234600000,8.9154730000,AKShare stock_zh_a_spot / 新浪
002980,华盛昌,97.9900000000,94.7300000000,985104574.0000000000,10089627.0000000000,0.0344100000,9.8510457400,AKShare stock_zh_a_spot / 新浪
002981,朝阳科技,23.4700000000,22.9700000000,59916897.0000000000,2563800.0000000000,0.0217700000,0.5991689700,AKShare stock_zh_a_spot / 新浪
002982,湘佳股份,12.6200000000,12.5200000000,56452111.0000000000,4496684.0000000000,0.0079900000,0.5645211100,AKShare stock_zh_a_spot / 新浪
002983,芯瑞达,19.4100000000,19.3500000000,32315466.0000000000,1653988.0000000000,0.0031000000,0.3231546600,AKShare stock_zh_a_spot / 新浪
002984,森麒麟,14.2100000000,13.8700000000,150293174.0000000000,10611717.0000000000,0.0245100000,1.5029317400,AKShare stock_zh_a_spot / 新浪
002985,北摩高科,25.2300000000,25.1500000000,59584672.0000000000,2348934.0000000000,0.0031800000,0.5958467200,AKShare stock_zh_a_spot / 新浪
002986,宇新股份,13.4500000000,12.9400000000,75567124.0000000000,5686396.0000000000,0.0394100000,0.7556712400,AKShare stock_zh_a_spot / 新浪
002987,京北方,10.9800000000,10.4500000000,203912014.0000000000,18833583.0000000000,0.0507200000,2.0391201400,AKShare stock_zh_a_spot / 新浪
002988,豪美新材,21.9200000000,22.1000000000,128651513.0000000000,5854400.0000000000,-0.0081400000,1.2865151300,AKShare stock_zh_a_spot / 新浪
002989,中天精装,25.0000000000,23.6400000000,240713491.0000000000,9815092.0000000000,0.0575300000,2.4071349100,AKShare stock_zh_a_spot / 新浪
002990,盛视科技,50.5000000000,50.4200000000,471739175.0000000000,9318600.0000000000,0.0015900000,4.7173917500,AKShare stock_zh_a_spot / 新浪
002991,甘源食品,42.2000000000,42.0000000000,26138967.0000000000,620300.0000000000,0.0047600000,0.2613896700,AKShare stock_zh_a_spot / 新浪
002992,宝明科技,34.5200000000,33.7600000000,42418193.0000000000,1234900.0000000000,0.0225100000,0.4241819300,AKShare stock_zh_a_spot / 新浪
002993,奥海科技,37.7600000000,37.1900000000,219965926.0000000000,5813885.0000000000,0.0153300000,2.1996592600,AKShare stock_zh_a_spot / 新浪
002995,天地在线,16.8700000000,16.7600000000,65638635.0000000000,3894600.0000000000,0.0065600000,0.6563863500,AKShare stock_zh_a_spot / 新浪
002996,顺博合金,6.2100000000,6.1000000000,34685536.0000000000,5606010.0000000000,0.0180300000,0.3468553600,AKShare stock_zh_a_spot / 新浪
002997,瑞鹄模具,27.1900000000,26.5000000000,70821162.0000000000,2615903.0000000000,0.0260400000,0.7082116200,AKShare stock_zh_a_spot / 新浪
002998,优彩资源,7.7800000000,7.7300000000,55835981.0000000000,7149300.0000000000,0.0064700000,0.5583598100,AKShare stock_zh_a_spot / 新浪
002999,天禾股份,6.0400000000,6.0000000000,52004529.0000000000,8656400.0000000000,0.0066700000,0.5200452900,AKShare stock_zh_a_spot / 新浪
003000,劲仔食品,10.4300000000,10.3700000000,28542165.0000000000,2742700.0000000000,0.0057900000,0.2854216500,AKShare stock_zh_a_spot / 新浪
003001,中岩大地,15.9000000000,16.0900000000,119530974.0000000000,7498007.0000000000,-0.0118100000,1.1953097400,AKShare stock_zh_a_spot / 新浪
003002,壶化股份,16.1000000000,16.3700000000,54967129.0000000000,3423700.0000000000,-0.0164900000,0.5496712900,AKShare stock_zh_a_spot / 新浪
003003,天元股份,11.0700000000,10.8400000000,28632201.0000000000,2596400.0000000000,0.0212200000,0.2863220100,AKShare stock_zh_a_spot / 新浪
003004,声迅股份,71.4100000000,68.1900000000,125043907.0000000000,1758876.0000000000,0.0472200000,1.2504390700,AKShare stock_zh_a_spot / 新浪
003005,竞业达,13.5300000000,13.3000000000,35535046.0000000000,2637580.0000000000,0.0172900000,0.3553504600,AKShare stock_zh_a_spot / 新浪
003006,百亚股份,13.5000000000,13.3900000000,66952730.0000000000,4959791.0000000000,0.0082200000,0.6695273000,AKShare stock_zh_a_spot / 新浪
003007,直真科技,37.1600000000,35.9000000000,79638436.0000000000,2151800.0000000000,0.0351000000,0.7963843600,AKShare stock_zh_a_spot / 新浪
003008,开普检测,19.4900000000,19.3500000000,38872228.0000000000,1987900.0000000000,0.0072400000,0.3887222800,AKShare stock_zh_a_spot / 新浪
003009,中天火箭,46.8300000000,48.1500000000,241282219.0000000000,5137873.0000000000,-0.0274100000,2.4128221900,AKShare stock_zh_a_spot / 新浪
003010,若羽臣,29.1600000000,26.5100000000,437117570.0000000000,15531337.0000000000,0.0999600000,4.3711757000,AKShare stock_zh_a_spot / 新浪
003011,海象新材,20.7100000000,20.2200000000,42222725.0000000000,2042700.0000000000,0.0242300000,0.4222272500,AKShare stock_zh_a_spot / 新浪
003012,东鹏控股,4.7700000000,4.6600000000,31620325.0000000000,6670543.0000000000,0.0236100000,0.3162032500,AKShare stock_zh_a_spot / 新浪
003013,地铁设计,18.5600000000,18.5400000000,165755417.0000000000,9107859.0000000000,0.0010800000,1.6575541700,AKShare stock_zh_a_spot / 新浪
003015,日久光电,12.4100000000,12.4300000000,68175662.0000000000,5472045.0000000000,-0.0016100000,0.6817566200,AKShare stock_zh_a_spot / 新浪
003016,欣贺股份,6.9900000000,6.8600000000,23089535.0000000000,3329900.0000000000,0.0189500000,0.2308953500,AKShare stock_zh_a_spot / 新浪
003017,大洋生物,22.4200000000,22.3600000000,34757068.0000000000,1547560.0000000000,0.0026800000,0.3475706800,AKShare stock_zh_a_spot / 新浪
003018,金富科技,39.1100000000,39.7000000000,337968376.0000000000,8515868.0000000000,-0.0148600000,3.3796837600,AKShare stock_zh_a_spot / 新浪
003019,宸展光电,23.6700000000,23.2500000000,91358447.0000000000,3842314.0000000000,0.0180600000,0.9135844700,AKShare stock_zh_a_spot / 新浪
003020,立方制药,18.9800000000,19.1700000000,269675650.0000000000,14023116.0000000000,-0.0099100000,2.6967565000,AKShare stock_zh_a_spot / 新浪
003021,兆威机电,68.0400000000,73.6200000000,494528673.0000000000,7123198.0000000000,-0.0757900000,4.9452867300,AKShare stock_zh_a_spot / 新浪
003022,联泓新科,20.2600000000,20.7000000000,224425937.0000000000,10979991.0000000000,-0.0212600000,2.2442593700,AKShare stock_zh_a_spot / 新浪
003023,彩虹集团,27.6300000000,27.9300000000,178013141.0000000000,6473768.0000000000,-0.0107400000,1.7801314100,AKShare stock_zh_a_spot / 新浪
003025,思进智能,12.2800000000,12.0700000000,38173281.0000000000,3107830.0000000000,0.0174000000,0.3817328100,AKShare stock_zh_a_spot / 新浪
003026,中晶科技,29.3500000000,29.9100000000,213044440.0000000000,7211562.0000000000,-0.0187200000,2.1304444000,AKShare stock_zh_a_spot / 新浪
003027,同兴科技,16.4300000000,16.1400000000,26266601.0000000000,1603100.0000000000,0.0179700000,0.2626660100,AKShare stock_zh_a_spot / 新浪
003028,振邦智能,22.3900000000,21.9300000000,19697682.0000000000,877139.0000000000,0.0209800000,0.1969768200,AKShare stock_zh_a_spot / 新浪
003029,吉大正元,16.3300000000,16.0400000000,41866752.0000000000,2568800.0000000000,0.0180800000,0.4186675200,AKShare stock_zh_a_spot / 新浪
003030,祖名股份,21.9700000000,21.9600000000,51901292.0000000000,2355603.0000000000,0.0004600000,0.5190129200,AKShare stock_zh_a_spot / 新浪
003031,中瓷电子,129.1300000000,129.2500000000,1678706608.0000000000,12885970.0000000000,-0.0009300000,16.7870660800,AKShare stock_zh_a_spot / 新浪
003032,传智教育,11.9500000000,13.2800000000,920939985.0000000000,76537932.0000000000,-0.1001500000,9.2093998500,AKShare stock_zh_a_spot / 新浪
003033,征和工业,65.5400000000,65.8800000000,100450316.0000000000,1530600.0000000000,-0.0051600000,1.0045031600,AKShare stock_zh_a_spot / 新浪
003035,南网能源,5.1800000000,5.1600000000,86195959.0000000000,16653343.0000000000,0.0038800000,0.8619595900,AKShare stock_zh_a_spot / 新浪
003036,泰坦股份,53.1000000000,53.8500000000,405860764.0000000000,7542733.0000000000,-0.0139300000,4.0586076400,AKShare stock_zh_a_spot / 新浪
003037,三和管桩,5.6600000000,5.5000000000,18190859.0000000000,3238700.0000000000,0.0290900000,0.1819085900,AKShare stock_zh_a_spot / 新浪
003038,鑫铂股份,10.7500000000,10.4500000000,58259786.0000000000,5445940.0000000000,0.0287100000,0.5825978600,AKShare stock_zh_a_spot / 新浪
003039,顺控发展,11.9600000000,11.7000000000,38097576.0000000000,3198859.0000000000,0.0222200000,0.3809757600,AKShare stock_zh_a_spot / 新浪
003040,楚天龙,11.6300000000,10.8500000000,353739895.0000000000,30504247.0000000000,0.0718900000,3.5373989500,AKShare stock_zh_a_spot / 新浪
003041,真爱美家,40.5600000000,40.5500000000,49922628.0000000000,1227628.0000000000,0.0002500000,0.4992262800,AKShare stock_zh_a_spot / 新浪
003042,中农联合,14.4600000000,14.0200000000,248356642.0000000000,17605929.0000000000,0.0313800000,2.4835664200,AKShare stock_zh_a_spot / 新浪
003043,华亚智能,73.7700000000,71.5800000000,436864840.0000000000,5984401.0000000000,0.0306000000,4.3686484000,AKShare stock_zh_a_spot / 新浪
003816,中国广核,3.8700000000,3.9200000000,306513726.0000000000,78929889.0000000000,-0.0127600000,3.0651372600,AKShare stock_zh_a_spot / 新浪
300001,特锐德,35.8700000000,36.1400000000,405162638.0000000000,11236578.0000000000,-0.0074700000,4.0516263800,AKShare stock_zh_a_spot / 新浪
300002,神州泰岳,8.0400000000,7.9600000000,187696163.0000000000,23298884.0000000000,0.0100500000,1.8769616300,AKShare stock_zh_a_spot / 新浪
300003,乐普医疗,12.8000000000,12.2000000000,718534393.0000000000,55966865.0000000000,0.0491800000,7.1853439300,AKShare stock_zh_a_spot / 新浪
300004,南风股份,8.7800000000,8.2900000000,485953941.0000000000,56637771.0000000000,0.0591100000,4.8595394100,AKShare stock_zh_a_spot / 新浪
300005,探路者,10.7900000000,10.8200000000,664821137.0000000000,60664697.0000000000,-0.0027700000,6.6482113700,AKShare stock_zh_a_spot / 新浪
300006,莱美药业,5.9400000000,4.9500000000,332679162.0000000000,56006593.0000000000,0.2000000000,3.3267916200,AKShare stock_zh_a_spot / 新浪
300007,汉威科技,31.2600000000,31.6200000000,303297884.0000000000,9654829.0000000000,-0.0113900000,3.0329788400,AKShare stock_zh_a_spot / 新浪
300008,天海防务,6.0400000000,6.0000000000,159921531.0000000000,26408565.0000000000,0.0066700000,1.5992153100,AKShare stock_zh_a_spot / 新浪
300009,安科生物,10.1500000000,8.4600000000,1966375313.0000000000,200728492.0000000000,0.1997600000,19.6637531300,AKShare stock_zh_a_spot / 新浪
300011,鼎汉技术,5.9500000000,6.1500000000,88847673.0000000000,14784901.0000000000,-0.0325200000,0.8884767300,AKShare stock_zh_a_spot / 新浪
300012,华测检测,15.2600000000,15.0400000000,738727866.0000000000,48146327.0000000000,0.0146300000,7.3872786600,AKShare stock_zh_a_spot / 新浪
300013,新宁物流,4.0100000000,3.9300000000,53432836.0000000000,13291600.0000000000,0.0203600000,0.5343283600,AKShare stock_zh_a_spot / 新浪
300014,亿纬锂能,55.0600000000,55.4000000000,2307614018.0000000000,41237834.0000000000,-0.0061400000,23.0761401800,AKShare stock_zh_a_spot / 新浪
300015,爱尔眼科,8.5800000000,8.4300000000,620326710.0000000000,72030308.0000000000,0.0177900000,6.2032671000,AKShare stock_zh_a_spot / 新浪
300016,北陆药业,8.7000000000,8.3000000000,298808753.0000000000,34083999.0000000000,0.0481900000,2.9880875300,AKShare stock_zh_a_spot / 新浪
300017,网宿科技,15.8600000000,15.6500000000,3720823799.0000000000,229626377.0000000000,0.0134200000,37.2082379900,AKShare stock_zh_a_spot / 新浪
300018,中元股份,11.5000000000,11.1700000000,113360340.0000000000,9939955.0000000000,0.0295400000,1.1336034000,AKShare stock_zh_a_spot / 新浪
300019,硅宝科技,14.4800000000,14.6200000000,63276063.0000000000,4342400.0000000000,-0.0095800000,0.6327606300,AKShare stock_zh_a_spot / 新浪
300021,大禹节水,3.9600000000,3.9500000000,96596933.0000000000,24513700.0000000000,0.0025300000,0.9659693300,AKShare stock_zh_a_spot / 新浪
300022,吉峰科技,8.1100000000,8.1000000000,35208869.0000000000,4316600.0000000000,0.0012300000,0.3520886900,AKShare stock_zh_a_spot / 新浪
300024,机器人,14.9400000000,15.2500000000,536859813.0000000000,35894603.0000000000,-0.0203300000,5.3685981300,AKShare stock_zh_a_spot / 新浪
300025,华星创业,5.1200000000,5.1100000000,44340052.0000000000,8619600.0000000000,0.0019600000,0.4434005200,AKShare stock_zh_a_spot / 新浪
300026,红日药业,3.6100000000,3.4100000000,590630184.0000000000,163820698.0000000000,0.0586500000,5.9063018400,AKShare stock_zh_a_spot / 新浪
300030,阳普医疗,7.0100000000,6.7000000000,80509926.0000000000,11518704.0000000000,0.0462700000,0.8050992600,AKShare stock_zh_a_spot / 新浪
300031,宝通科技,21.2600000000,20.8700000000,271616073.0000000000,12739336.0000000000,0.0186900000,2.7161607300,AKShare stock_zh_a_spot / 新浪
300032,金龙机电,3.7100000000,3.6000000000,56869695.0000000000,15360900.0000000000,0.0305600000,0.5686969500,AKShare stock_zh_a_spot / 新浪
300033,同花顺,220.2200000000,223.0000000000,2128406875.0000000000,9624654.0000000000,-0.0124700000,21.2840687500,AKShare stock_zh_a_spot / 新浪
300034,钢研高纳,15.4100000000,15.3800000000,141971252.0000000000,9173790.0000000000,0.0019500000,1.4197125200,AKShare stock_zh_a_spot / 新浪
300035,中科电气,14.1900000000,14.6900000000,634002679.0000000000,44456193.0000000000,-0.0340400000,6.3400267900,AKShare stock_zh_a_spot / 新浪
300036,超图软件,11.0400000000,10.8400000000,85780692.0000000000,7783403.0000000000,0.0184500000,0.8578069200,AKShare stock_zh_a_spot / 新浪
300037,新宙邦,65.1500000000,64.1500000000,757103205.0000000000,11647232.0000000000,0.0155900000,7.5710320500,AKShare stock_zh_a_spot / 新浪
300039,上海凯宝,5.8900000000,5.6300000000,398391071.0000000000,67273958.0000000000,0.0461800000,3.9839107100,AKShare stock_zh_a_spot / 新浪
300040,九洲集团,5.8100000000,5.7900000000,114778544.0000000000,19803600.0000000000,0.0034500000,1.1477854400,AKShare stock_zh_a_spot / 新浪
300041,回天新材,10.8300000000,10.7900000000,168288939.0000000000,15555884.0000000000,0.0037100000,1.6828893900,AKShare stock_zh_a_spot / 新浪
300042,朗科科技,39.5100000000,39.8600000000,467589707.0000000000,11751926.0000000000,-0.0087800000,4.6758970700,AKShare stock_zh_a_spot / 新浪
300043,星辉娱乐,4.4900000000,4.4200000000,93161925.0000000000,20700000.0000000000,0.0158400000,0.9316192500,AKShare stock_zh_a_spot / 新浪
300045,华力创通,12.6000000000,12.6200000000,142315180.0000000000,11237138.0000000000,-0.0015800000,1.4231518000,AKShare stock_zh_a_spot / 新浪
300046,台基股份,24.6200000000,26.1400000000,355338333.0000000000,14134593.0000000000,-0.0581500000,3.5533833300,AKShare stock_zh_a_spot / 新浪
300047,天源迪科,9.1000000000,9.0300000000,115273444.0000000000,12691483.0000000000,0.0077500000,1.1527344400,AKShare stock_zh_a_spot / 新浪
300048,合康新能,5.1100000000,4.8700000000,96197108.0000000000,19058988.0000000000,0.0492800000,0.9619710800,AKShare stock_zh_a_spot / 新浪
300049,福瑞医科,42.9800000000,41.0600000000,448016993.0000000000,10459613.0000000000,0.0467600000,4.4801699300,AKShare stock_zh_a_spot / 新浪
300050,世纪鼎利,6.9500000000,6.6200000000,215278913.0000000000,31248328.0000000000,0.0498500000,2.1527891300,AKShare stock_zh_a_spot / 新浪
300051,琏升科技,8.3300000000,8.1100000000,177055816.0000000000,21242100.0000000000,0.0271300000,1.7705581600,AKShare stock_zh_a_spot / 新浪
300052,中青宝,10.7200000000,10.7200000000,100514028.0000000000,9327100.0000000000,0.0000000000,1.0051402800,AKShare stock_zh_a_spot / 新浪
300053,航宇微,11.9000000000,11.9000000000,166098008.0000000000,13894231.0000000000,0.0000000000,1.6609800800,AKShare stock_zh_a_spot / 新浪
300054,鼎龙股份,74.4600000000,74.5400000000,1843494828.0000000000,24799225.0000000000,-0.0010700000,18.4349482800,AKShare stock_zh_a_spot / 新浪
300055,万邦达,5.8900000000,5.7600000000,67449331.0000000000,11528752.0000000000,0.0225700000,0.6744933100,AKShare stock_zh_a_spot / 新浪
300056,中创环保,8.4900000000,8.4000000000,53368571.0000000000,6310692.0000000000,0.0107100000,0.5336857100,AKShare stock_zh_a_spot / 新浪
300057,万顺新材,6.3500000000,6.3600000000,133866841.0000000000,21021760.0000000000,-0.0015700000,1.3386684100,AKShare stock_zh_a_spot / 新浪
300058,蓝色光标,13.6400000000,13.7400000000,2932294118.0000000000,212856942.0000000000,-0.0072800000,29.3229411800,AKShare stock_zh_a_spot / 新浪
300059,东方财富,18.8000000000,18.7300000000,2725207854.0000000000,145143350.0000000000,0.0037400000,27.2520785400,AKShare stock_zh_a_spot / 新浪
300061,旗天科技,6.2800000000,6.2000000000,81209461.0000000000,12940247.0000000000,0.0129000000,0.8120946100,AKShare stock_zh_a_spot / 新浪
300062,中能电气,6.2200000000,6.2100000000,97331604.0000000000,15615971.0000000000,0.0016100000,0.9733160400,AKShare stock_zh_a_spot / 新浪
300063,天龙集团,8.9500000000,8.8800000000,278842569.0000000000,31104200.0000000000,0.0078800000,2.7884256900,AKShare stock_zh_a_spot / 新浪
300065,海兰信,15.1100000000,15.6100000000,680813806.0000000000,44285826.0000000000,-0.0320300000,6.8081380600,AKShare stock_zh_a_spot / 新浪
300066,三川智慧,4.9600000000,4.9000000000,61810243.0000000000,12382901.0000000000,0.0122400000,0.6181024300,AKShare stock_zh_a_spot / 新浪
300067,安诺其,5.2000000000,5.1400000000,209463719.0000000000,40380319.0000000000,0.0116700000,2.0946371900,AKShare stock_zh_a_spot / 新浪
300069,金利华电,30.7100000000,34.6600000000,971388427.0000000000,31503825.0000000000,-0.1139600000,9.7138842700,AKShare stock_zh_a_spot / 新浪
300070,碧水源,3.4500000000,3.3800000000,113542622.0000000000,33074473.0000000000,0.0207100000,1.1354262200,AKShare stock_zh_a_spot / 新浪
300071,福石控股,4.0400000000,3.9500000000,208125648.0000000000,51411602.0000000000,0.0227800000,2.0812564800,AKShare stock_zh_a_spot / 新浪
300072,海新能科,3.8600000000,3.6200000000,252790651.0000000000,67073711.0000000000,0.0663000000,2.5279065100,AKShare stock_zh_a_spot / 新浪
300073,当升科技,40.7100000000,40.7100000000,286918014.0000000000,7021701.0000000000,0.0000000000,2.8691801400,AKShare stock_zh_a_spot / 新浪
300074,华平股份,3.8000000000,3.7300000000,45577929.0000000000,12047100.0000000000,0.0187700000,0.4557792900,AKShare stock_zh_a_spot / 新浪
300075,数字政通,10.7600000000,10.6800000000,113560935.0000000000,10519894.0000000000,0.0074900000,1.1356093500,AKShare stock_zh_a_spot / 新浪
300077,国民技术,19.1900000000,19.3700000000,564000719.0000000000,29134881.0000000000,-0.0092900000,5.6400071900,AKShare stock_zh_a_spot / 新浪
300078,思创智联,3.1900000000,3.0300000000,132163060.0000000000,41846517.0000000000,0.0528100000,1.3216306000,AKShare stock_zh_a_spot / 新浪
300079,数码视讯,4.4100000000,4.2900000000,84817216.0000000000,19356641.0000000000,0.0279700000,0.8481721600,AKShare stock_zh_a_spot / 新浪
300080,易成新能,3.7000000000,3.6400000000,39259928.0000000000,10660254.0000000000,0.0164800000,0.3925992800,AKShare stock_zh_a_spot / 新浪
300082,奥克股份,7.8300000000,7.5000000000,102903696.0000000000,13134757.0000000000,0.0440000000,1.0290369600,AKShare stock_zh_a_spot / 新浪
300083,创世纪,13.4100000000,12.7300000000,1135603106.0000000000,85910369.0000000000,0.0534200000,11.3560310600,AKShare stock_zh_a_spot / 新浪
300084,海默科技,10.3800000000,10.3400000000,69409578.0000000000,6681570.0000000000,0.0038700000,0.6940957800,AKShare stock_zh_a_spot / 新浪
300085,银之杰,28.6200000000,28.3800000000,626630791.0000000000,21975818.0000000000,0.0084600000,6.2663079100,AKShare stock_zh_a_spot / 新浪
300086,康芝药业,6.8900000000,6.6400000000,165540575.0000000000,23925400.0000000000,0.0376500000,1.6554057500,AKShare stock_zh_a_spot / 新浪
300088,长信科技,7.3000000000,7.2000000000,736775402.0000000000,100527848.0000000000,0.0138900000,7.3677540200,AKShare stock_zh_a_spot / 新浪
300092,科新机电,11.6100000000,11.4400000000,38735876.0000000000,3342100.0000000000,0.0148600000,0.3873587600,AKShare stock_zh_a_spot / 新浪
300093,金刚光伏,23.8200000000,22.7900000000,305636993.0000000000,12991200.0000000000,0.0452000000,3.0563699300,AKShare stock_zh_a_spot / 新浪
300094,国联水产,2.8600000000,2.8800000000,192401017.0000000000,67204300.0000000000,-0.0069400000,1.9240101700,AKShare stock_zh_a_spot / 新浪
300095,华伍股份,7.9100000000,7.8300000000,35160829.0000000000,4436300.0000000000,0.0102200000,0.3516082900,AKShare stock_zh_a_spot / 新浪
300097,智云股份,10.0500000000,9.9600000000,234569225.0000000000,23441200.0000000000,0.0090400000,2.3456922500,AKShare stock_zh_a_spot / 新浪
300098,高新兴,4.4500000000,4.3900000000,118385952.0000000000,26624715.0000000000,0.0136700000,1.1838595200,AKShare stock_zh_a_spot / 新浪
300099,尤洛卡,5.9400000000,5.8900000000,47888347.0000000000,8065953.0000000000,0.0084900000,0.4788834700,AKShare stock_zh_a_spot / 新浪
300100,双林股份,20.8500000000,21.2000000000,160954848.0000000000,7672805.0000000000,-0.0165100000,1.6095484800,AKShare stock_zh_a_spot / 新浪
300101,振芯科技,14.0200000000,13.9900000000,82019986.0000000000,5823999.0000000000,0.0021400000,0.8201998600,AKShare stock_zh_a_spot / 新浪
300102,乾照光电,17.7900000000,17.8700000000,563490484.0000000000,31459529.0000000000,-0.0044800000,5.6349048400,AKShare stock_zh_a_spot / 新浪
300103,达刚控股,7.7600000000,7.6800000000,39678528.0000000000,5079500.0000000000,0.0104200000,0.3967852800,AKShare stock_zh_a_spot / 新浪
300105,龙源技术,7.6000000000,7.6700000000,155097897.0000000000,20314407.0000000000,-0.0091300000,1.5509789700,AKShare stock_zh_a_spot / 新浪
300106,西部牧业,9.9400000000,9.7800000000,147025062.0000000000,14848800.0000000000,0.0163600000,1.4702506200,AKShare stock_zh_a_spot / 新浪
300107,建新股份,6.3900000000,6.2500000000,48060305.0000000000,7520900.0000000000,0.0224000000,0.4806030500,AKShare stock_zh_a_spot / 新浪
300109,新开源,15.9800000000,13.3200000000,1362583744.0000000000,86861079.0000000000,0.1997000000,13.6258374400,AKShare stock_zh_a_spot / 新浪
300110,华仁药业,2.9600000000,2.8300000000,135613138.0000000000,45621300.0000000000,0.0459400000,1.3561313800,AKShare stock_zh_a_spot / 新浪
300111,向日葵,3.1200000000,2.9800000000,282020342.0000000000,89020780.0000000000,0.0469800000,2.8202034200,AKShare stock_zh_a_spot / 新浪
300112,万讯自控,9.9100000000,8.4900000000,393795183.0000000000,41685405.0000000000,0.1672600000,3.9379518300,AKShare stock_zh_a_spot / 新浪
300113,顺网科技,16.7900000000,16.7300000000,230068855.0000000000,13631687.0000000000,0.0035900000,2.3006885500,AKShare stock_zh_a_spot / 新浪
300115,长盈精密,24.9400000000,25.6000000000,852634330.0000000000,33940768.0000000000,-0.0257800000,8.5263433000,AKShare stock_zh_a_spot / 新浪
300118,东方日升,9.7300000000,9.6700000000,236649391.0000000000,24249919.0000000000,0.0062000000,2.3664939100,AKShare stock_zh_a_spot / 新浪
300119,瑞普生物,18.6100000000,18.4100000000,174048522.0000000000,9151378.0000000000,0.0108600000,1.7404852200,AKShare stock_zh_a_spot / 新浪
300120,经纬辉开,9.0000000000,8.7000000000,477050636.0000000000,54040380.0000000000,0.0344800000,4.7705063600,AKShare stock_zh_a_spot / 新浪
300121,阳谷华泰,9.6900000000,9.4600000000,116085610.0000000000,11938140.0000000000,0.0243100000,1.1608561000,AKShare stock_zh_a_spot / 新浪
300122,智飞生物,14.4800000000,12.0700000000,892674491.0000000000,61655550.0000000000,0.1996700000,8.9267449100,AKShare stock_zh_a_spot / 新浪
300124,汇川技术,59.1200000000,59.7500000000,938080186.0000000000,15772886.0000000000,-0.0105400000,9.3808018600,AKShare stock_zh_a_spot / 新浪
300125,聆达股份,8.2900000000,8.1300000000,54480268.0000000000,6549032.0000000000,0.0196800000,0.5448026800,AKShare stock_zh_a_spot / 新浪
300126,锐奇股份,6.3900000000,6.2500000000,28664212.0000000000,4516501.0000000000,0.0224000000,0.2866421200,AKShare stock_zh_a_spot / 新浪
300127,银河磁体,24.7500000000,24.7100000000,90497202.0000000000,3629580.0000000000,0.0016200000,0.9049720200,AKShare stock_zh_a_spot / 新浪
300128,锦富技术,4.4000000000,4.3800000000,93048114.0000000000,21041190.0000000000,0.0045700000,0.9304811400,AKShare stock_zh_a_spot / 新浪
300129,泰胜风能,7.4000000000,7.5600000000,143673247.0000000000,19188030.0000000000,-0.0211600000,1.4367324700,AKShare stock_zh_a_spot / 新浪
300130,新国都,17.9600000000,17.9300000000,169754426.0000000000,9318239.0000000000,0.0016700000,1.6975442600,AKShare stock_zh_a_spot / 新浪
300131,英唐智控,16.4700000000,15.8900000000,1126297120.0000000000,67896227.0000000000,0.0365000000,11.2629712000,AKShare stock_zh_a_spot / 新浪
300132,诺斯贝尔,6.4000000000,6.2100000000,122377326.0000000000,19124700.0000000000,0.0306000000,1.2237732600,AKShare stock_zh_a_spot / 新浪
300133,华策影视,6.8400000000,6.6500000000,327977045.0000000000,48204878.0000000000,0.0285700000,3.2797704500,AKShare stock_zh_a_spot / 新浪
300134,大富科技,8.1100000000,7.7900000000,118080629.0000000000,14642053.0000000000,0.0410800000,1.1808062900,AKShare stock_zh_a_spot / 新浪
300135,宝利国际,3.2800000000,3.2200000000,39633975.0000000000,12134920.0000000000,0.0186300000,0.3963397500,AKShare stock_zh_a_spot / 新浪
300136,信维通信,59.6200000000,60.3300000000,3337485336.0000000000,55603599.0000000000,-0.0117700000,33.3748533600,AKShare stock_zh_a_spot / 新浪
300137,先河环保,11.8600000000,11.6700000000,211357960.0000000000,17823600.0000000000,0.0162800000,2.1135796000,AKShare stock_zh_a_spot / 新浪
300138,晨光生物,11.3400000000,11.0700000000,76191852.0000000000,6773467.0000000000,0.0243900000,0.7619185200,AKShare stock_zh_a_spot / 新浪
300139,晓程科技,49.4500000000,46.6800000000,3098917810.0000000000,61597187.0000000000,0.0593400000,30.9891781000,AKShare stock_zh_a_spot / 新浪
300140,节能环境,5.3800000000,5.2800000000,52931766.0000000000,9842400.0000000000,0.0189400000,0.5293176600,AKShare stock_zh_a_spot / 新浪
300141,和顺电气,9.8400000000,9.7200000000,59354334.0000000000,6006750.0000000000,0.0123500000,0.5935433400,AKShare stock_zh_a_spot / 新浪
300142,沃森生物,15.1200000000,12.6000000000,1014376472.0000000000,67088391.0000000000,0.2000000000,10.1437647200,AKShare stock_zh_a_spot / 新浪
300143,盈康生命,7.9000000000,7.6700000000,143697812.0000000000,18064351.0000000000,0.0299900000,1.4369781200,AKShare stock_zh_a_spot / 新浪
300144,宋城演艺,6.0300000000,5.8900000000,211089754.0000000000,35134281.0000000000,0.0237700000,2.1108975400,AKShare stock_zh_a_spot / 新浪
300145,南方泵业,4.0500000000,4.0100000000,136848933.0000000000,33883400.0000000000,0.0099800000,1.3684893300,AKShare stock_zh_a_spot / 新浪
300146,汤臣倍健,9.9400000000,9.7000000000,125990387.0000000000,12718194.0000000000,0.0247400000,1.2599038700,AKShare stock_zh_a_spot / 新浪
300148,天舟文化,3.3800000000,3.3100000000,54219683.0000000000,16126200.0000000000,0.0211500000,0.5421968300,AKShare stock_zh_a_spot / 新浪
300149,睿智医药,11.3500000000,10.2800000000,872881101.0000000000,78037556.0000000000,0.1040900000,8.7288110100,AKShare stock_zh_a_spot / 新浪
300150,世纪瑞尔,4.2500000000,4.1900000000,18108266.0000000000,4253500.0000000000,0.0143200000,0.1810826600,AKShare stock_zh_a_spot / 新浪
300151,昌红科技,16.0400000000,15.5100000000,262272033.0000000000,16344198.0000000000,0.0341700000,2.6227203300,AKShare stock_zh_a_spot / 新浪
300153,科泰电源,21.5000000000,22.2100000000,437286026.0000000000,20074318.0000000000,-0.0319700000,4.3728602600,AKShare stock_zh_a_spot / 新浪
300154,瑞凌股份,11.9300000000,11.7900000000,242624043.0000000000,19986400.0000000000,0.0118700000,2.4262404300,AKShare stock_zh_a_spot / 新浪
300155,安居宝,4.2700000000,4.6400000000,199763712.0000000000,46258717.0000000000,-0.0797400000,1.9976371200,AKShare stock_zh_a_spot / 新浪
300157,新锦动力,3.8400000000,3.8200000000,79688872.0000000000,20705966.0000000000,0.0052400000,0.7968887200,AKShare stock_zh_a_spot / 新浪
300158,振东制药,5.5000000000,5.4300000000,234162873.0000000000,41550539.0000000000,0.0128900000,2.3416287300,AKShare stock_zh_a_spot / 新浪
300159,新研股份,2.8700000000,2.8600000000,79444791.0000000000,27754127.0000000000,0.0035000000,0.7944479100,AKShare stock_zh_a_spot / 新浪
300160,秀强股份,4.3400000000,4.2600000000,28351208.0000000000,6512800.0000000000,0.0187800000,0.2835120800,AKShare stock_zh_a_spot / 新浪
300161,华中数控,27.5500000000,26.9600000000,154394183.0000000000,5615500.0000000000,0.0218800000,1.5439418300,AKShare stock_zh_a_spot / 新浪
300162,雷曼光电,7.4900000000,7.5200000000,126235481.0000000000,16788752.0000000000,-0.0039900000,1.2623548100,AKShare stock_zh_a_spot / 新浪
300163,先锋新材,6.5500000000,6.6200000000,172026235.0000000000,26141396.0000000000,-0.0105700000,1.7202623500,AKShare stock_zh_a_spot / 新浪
300164,通源石油,10.4200000000,10.9600000000,1471105377.0000000000,140367438.0000000000,-0.0492700000,14.7110537700,AKShare stock_zh_a_spot / 新浪
300165,天瑞仪器,5.1600000000,4.9000000000,98423138.0000000000,19164100.0000000000,0.0530600000,0.9842313800,AKShare stock_zh_a_spot / 新浪
300166,东方国信,13.0200000000,13.2000000000,503896518.0000000000,38396490.0000000000,-0.0136400000,5.0389651800,AKShare stock_zh_a_spot / 新浪
300168,万达信息,5.0400000000,4.9300000000,95373557.0000000000,18950500.0000000000,0.0223100000,0.9537355700,AKShare stock_zh_a_spot / 新浪
300169,天晟新材,5.6100000000,5.5200000000,33980420.0000000000,6094700.0000000000,0.0163000000,0.3398042000,AKShare stock_zh_a_spot / 新浪
300170,汉得信息,15.6000000000,15.7000000000,473468041.0000000000,29991098.0000000000,-0.0063700000,4.7346804100,AKShare stock_zh_a_spot / 新浪
300171,东富龙,14.9000000000,13.3100000000,805475105.0000000000,53879734.0000000000,0.1194600000,8.0547510500,AKShare stock_zh_a_spot / 新浪
300172,中电环保,4.6100000000,4.5300000000,44781588.0000000000,9743970.0000000000,0.0176600000,0.4478158800,AKShare stock_zh_a_spot / 新浪
300174,元力股份,19.3400000000,19.2200000000,212032071.0000000000,10948973.0000000000,0.0062400000,2.1203207100,AKShare stock_zh_a_spot / 新浪
300175,朗源股份,5.9700000000,6.0000000000,48471864.0000000000,8096800.0000000000,-0.0050000000,0.4847186400,AKShare stock_zh_a_spot / 新浪
300177,中海达,6.1600000000,6.0800000000,54373232.0000000000,8832635.0000000000,0.0131600000,0.5437323200,AKShare stock_zh_a_spot / 新浪
300179,四方达,34.7800000000,35.7800000000,1203551281.0000000000,34195812.0000000000,-0.0279500000,12.0355128100,AKShare stock_zh_a_spot / 新浪
300180,华峰超纤,4.2300000000,4.1200000000,91098647.0000000000,21595645.0000000000,0.0267000000,0.9109864700,AKShare stock_zh_a_spot / 新浪
300181,佐力药业,14.8400000000,14.4200000000,573859892.0000000000,38673709.0000000000,0.0291300000,5.7385989200,AKShare stock_zh_a_spot / 新浪
300182,捷成股份,4.8400000000,4.7900000000,333356194.0000000000,68739251.0000000000,0.0104400000,3.3335619400,AKShare stock_zh_a_spot / 新浪
300183,东软载波,10.3500000000,10.0300000000,42052239.0000000000,4076500.0000000000,0.0319000000,0.4205223900,AKShare stock_zh_a_spot / 新浪
300184,力源信息,11.9000000000,11.8600000000,430987420.0000000000,36014645.0000000000,0.0033700000,4.3098742000,AKShare stock_zh_a_spot / 新浪
300185,通裕重工,2.6600000000,2.6500000000,119634435.0000000000,44926613.0000000000,0.0037700000,1.1963443500,AKShare stock_zh_a_spot / 新浪
300187,永清环保,4.6000000000,4.5100000000,34762959.0000000000,7570500.0000000000,0.0199600000,0.3476295900,AKShare stock_zh_a_spot / 新浪
300188,国投智能,10.2300000000,10.2100000000,66581010.0000000000,6466660.0000000000,0.0019600000,0.6658101000,AKShare stock_zh_a_spot / 新浪
300189,神农种业,6.3400000000,6.2400000000,2200992682.0000000000,363769175.0000000000,0.0160300000,22.0099268200,AKShare stock_zh_a_spot / 新浪
300190,维尔利,3.6500000000,3.6000000000,27348905.0000000000,7540800.0000000000,0.0138900000,0.2734890500,AKShare stock_zh_a_spot / 新浪
300191,潜能恒信,33.2000000000,32.0800000000,560908140.0000000000,16982580.0000000000,0.0349100000,5.6090814000,AKShare stock_zh_a_spot / 新浪
300192,科德教育,15.0000000000,14.1500000000,364232470.0000000000,24481880.0000000000,0.0600700000,3.6423247000,AKShare stock_zh_a_spot / 新浪
300193,佳士科技,7.7200000000,7.6200000000,28369796.0000000000,3685099.0000000000,0.0131200000,0.2836979600,AKShare stock_zh_a_spot / 新浪
300194,福安药业,4.0900000000,3.9600000000,153739554.0000000000,37463945.0000000000,0.0328300000,1.5373955400,AKShare stock_zh_a_spot / 新浪
300195,长荣股份,5.4800000000,5.3700000000,38930132.0000000000,7134600.0000000000,0.0204800000,0.3893013200,AKShare stock_zh_a_spot / 新浪
300196,长海股份,17.4900000000,17.6100000000,205298764.0000000000,11600466.0000000000,-0.0068100000,2.0529876400,AKShare stock_zh_a_spot / 新浪
300197,节能铁汉,2.0600000000,2.0000000000,261608152.0000000000,128435998.0000000000,0.0300000000,2.6160815200,AKShare stock_zh_a_spot / 新浪
300199,翰宇药业,24.1000000000,23.8000000000,1531456011.0000000000,62392489.0000000000,0.0126100000,15.3145601100,AKShare stock_zh_a_spot / 新浪
300200,高盟新材,8.6400000000,8.6100000000,54216693.0000000000,6236800.0000000000,0.0034800000,0.5421669300,AKShare stock_zh_a_spot / 新浪
300201,海伦哲,14.4800000000,14.3500000000,331768469.0000000000,22893303.0000000000,0.0090600000,3.3176846900,AKShare stock_zh_a_spot / 新浪
300203,聚光科技,13.2300000000,12.7000000000,162516813.0000000000,12359700.0000000000,0.0417300000,1.6251681300,AKShare stock_zh_a_spot / 新浪
300204,舒泰神,24.0800000000,22.9100000000,1099859507.0000000000,45446546.0000000000,0.0510700000,10.9985950700,AKShare stock_zh_a_spot / 新浪
300206,理邦仪器,12.2100000000,11.7800000000,78511989.0000000000,6437971.0000000000,0.0365000000,0.7851198900,AKShare stock_zh_a_spot / 新浪
300207,欣旺达,17.8700000000,17.7200000000,435749585.0000000000,24347982.0000000000,0.0084700000,4.3574958500,AKShare stock_zh_a_spot / 新浪
300209,行云科技,32.9200000000,32.5100000000,2582647762.0000000000,78899102.0000000000,0.0126100000,25.8264776200,AKShare stock_zh_a_spot / 新浪
300210,森远股份,8.3000000000,8.3000000000,43661657.0000000000,5258200.0000000000,0.0000000000,0.4366165700,AKShare stock_zh_a_spot / 新浪
300213,佳讯飞鸿,6.2600000000,6.0600000000,72181653.0000000000,11627967.0000000000,0.0330000000,0.7218165300,AKShare stock_zh_a_spot / 新浪
300214,日科化学,10.7500000000,11.3600000000,451296278.0000000000,41239800.0000000000,-0.0537000000,4.5129627800,AKShare stock_zh_a_spot / 新浪
300215,电科院,6.0100000000,5.9500000000,41713069.0000000000,6941900.0000000000,0.0100800000,0.4171306900,AKShare stock_zh_a_spot / 新浪
300217,东方电热,4.3000000000,4.2600000000,54555733.0000000000,12672702.0000000000,0.0093900000,0.5455573300,AKShare stock_zh_a_spot / 新浪
300218,安利股份,12.5600000000,12.3200000000,21474110.0000000000,1715000.0000000000,0.0194800000,0.2147411000,AKShare stock_zh_a_spot / 新浪
300219,鸿利智汇,6.8200000000,6.7000000000,74605134.0000000000,10933804.0000000000,0.0179100000,0.7460513400,AKShare stock_zh_a_spot / 新浪
300220,金运激光,10.8500000000,10.5800000000,21165675.0000000000,1959420.0000000000,0.0255200000,0.2116567500,AKShare stock_zh_a_spot / 新浪
300221,银禧科技,13.1100000000,12.8500000000,210191391.0000000000,15989023.0000000000,0.0202300000,2.1019139100,AKShare stock_zh_a_spot / 新浪
300222,科大智能,10.1000000000,9.9500000000,162009715.0000000000,15926122.0000000000,0.0150800000,1.6200971500,AKShare stock_zh_a_spot / 新浪
300223,君正股份,138.3000000000,137.2500000000,3628053619.0000000000,26116314.0000000000,0.0076500000,36.2805361900,AKShare stock_zh_a_spot / 新浪
300224,正海磁材,11.0200000000,10.8900000000,104141875.0000000000,9400871.0000000000,0.0119400000,1.0414187500,AKShare stock_zh_a_spot / 新浪
300225,金力泰,7.3000000000,7.3000000000,69490881.0000000000,9441500.0000000000,0.0000000000,0.6949088100,AKShare stock_zh_a_spot / 新浪
300226,上海钢联,15.7800000000,15.5700000000,72009585.0000000000,4553966.0000000000,0.0134900000,0.7200958500,AKShare stock_zh_a_spot / 新浪
300227,光韵达,11.6700000000,11.2500000000,179239863.0000000000,15501800.0000000000,0.0373300000,1.7923986300,AKShare stock_zh_a_spot / 新浪
300228,富瑞特装,7.2600000000,7.1500000000,69257493.0000000000,9524227.0000000000,0.0153800000,0.6925749300,AKShare stock_zh_a_spot / 新浪
300229,拓尔思,13.5200000000,13.3500000000,262425614.0000000000,19272463.0000000000,0.0127300000,2.6242561400,AKShare stock_zh_a_spot / 新浪
300230,永利股份,4.2800000000,4.2000000000,31752241.0000000000,7433709.0000000000,0.0190500000,0.3175224100,AKShare stock_zh_a_spot / 新浪
300231,银信科技,8.1700000000,8.0300000000,65473094.0000000000,8039599.0000000000,0.0174300000,0.6547309400,AKShare stock_zh_a_spot / 新浪
300232,洲明科技,5.0900000000,4.9600000000,75164623.0000000000,14805801.0000000000,0.0262100000,0.7516462300,AKShare stock_zh_a_spot / 新浪
300233,金城医药,14.4200000000,13.7700000000,272007898.0000000000,18902603.0000000000,0.0472000000,2.7200789800,AKShare stock_zh_a_spot / 新浪
300234,开尔新材,9.4200000000,8.9000000000,121717285.0000000000,13089069.0000000000,0.0584300000,1.2171728500,AKShare stock_zh_a_spot / 新浪
300235,方直科技,10.7800000000,10.5100000000,71632503.0000000000,6562763.0000000000,0.0256900000,0.7163250300,AKShare stock_zh_a_spot / 新浪
300236,上海新阳,95.7700000000,93.8500000000,954989149.0000000000,10055078.0000000000,0.0204600000,9.5498914900,AKShare stock_zh_a_spot / 新浪
300238,冠昊生物,12.4300000000,11.6400000000,195406373.0000000000,15535098.0000000000,0.0678700000,1.9540637300,AKShare stock_zh_a_spot / 新浪
300239,东宝生物,5.2200000000,5.0100000000,114033156.0000000000,21729102.0000000000,0.0419200000,1.1403315600,AKShare stock_zh_a_spot / 新浪
300240,飞力达,6.1500000000,5.9800000000,72224312.0000000000,11788700.0000000000,0.0284300000,0.7222431200,AKShare stock_zh_a_spot / 新浪
300241,瑞丰光电,5.7300000000,5.6700000000,112020436.0000000000,19555140.0000000000,0.0105800000,1.1202043600,AKShare stock_zh_a_spot / 新浪
300242,佳云科技,4.0600000000,4.0300000000,49739922.0000000000,12258111.0000000000,0.0074400000,0.4973992200,AKShare stock_zh_a_spot / 新浪
300243,瑞丰高材,17.0000000000,18.8100000000,889538583.0000000000,50295976.0000000000,-0.0962300000,8.8953858300,AKShare stock_zh_a_spot / 新浪
300244,迪安诊断,20.8700000000,19.4200000000,1124466610.0000000000,53963276.0000000000,0.0746700000,11.2446661000,AKShare stock_zh_a_spot / 新浪
300246,宝莱特,15.7100000000,18.5800000000,574447814.0000000000,35366357.0000000000,-0.1544700000,5.7444781400,AKShare stock_zh_a_spot / 新浪
300247,融捷健康,3.7200000000,3.6300000000,47283892.0000000000,12719000.0000000000,0.0247900000,0.4728389200,AKShare stock_zh_a_spot / 新浪
300248,新开普,8.6000000000,8.5900000000,70843016.0000000000,8245300.0000000000,0.0011600000,0.7084301600,AKShare stock_zh_a_spot / 新浪
300249,依米康,12.6700000000,12.3800000000,157031404.0000000000,12587113.0000000000,0.0234200000,1.5703140400,AKShare stock_zh_a_spot / 新浪
300250,初灵信息,14.8900000000,14.7400000000,72289103.0000000000,4847600.0000000000,0.0101800000,0.7228910300,AKShare stock_zh_a_spot / 新浪
300251,光线传媒,10.9400000000,10.8500000000,239153467.0000000000,21828776.0000000000,0.0082900000,2.3915346700,AKShare stock_zh_a_spot / 新浪
300252,金信诺,11.3900000000,11.0200000000,270729184.0000000000,23793530.0000000000,0.0335800000,2.7072918400,AKShare stock_zh_a_spot / 新浪
300253,卫宁健康,7.3700000000,7.0600000000,664279785.0000000000,89573602.0000000000,0.0439100000,6.6427978500,AKShare stock_zh_a_spot / 新浪
300254,仟源医药,9.0600000000,8.7300000000,145175785.0000000000,15931088.0000000000,0.0378000000,1.4517578500,AKShare stock_zh_a_spot / 新浪
300255,常山药业,25.5500000000,25.0200000000,1218685959.0000000000,46768801.0000000000,0.0211800000,12.1868595900,AKShare stock_zh_a_spot / 新浪
300256,星星科技,2.6800000000,2.6000000000,61920859.0000000000,23223700.0000000000,0.0307700000,0.6192085900,AKShare stock_zh_a_spot / 新浪
300257,开山股份,17.4400000000,17.2100000000,237718697.0000000000,13671127.0000000000,0.0133600000,2.3771869700,AKShare stock_zh_a_spot / 新浪
300258,精锻科技,9.9000000000,9.8000000000,63063941.0000000000,6381638.0000000000,0.0102000000,0.6306394100,AKShare stock_zh_a_spot / 新浪
300259,新天科技,4.0500000000,3.9600000000,110291460.0000000000,27202225.0000000000,0.0227300000,1.1029146000,AKShare stock_zh_a_spot / 新浪
300260,新莱应材,58.0300000000,57.9600000000,721399829.0000000000,12295870.0000000000,0.0012100000,7.2139982900,AKShare stock_zh_a_spot / 新浪
300261,雅本化学,5.1500000000,4.9900000000,98614755.0000000000,19080144.0000000000,0.0320600000,0.9861475500,AKShare stock_zh_a_spot / 新浪
300263,隆华科技,9.8800000000,9.8600000000,441645571.0000000000,44144225.0000000000,0.0020300000,4.4164557100,AKShare stock_zh_a_spot / 新浪
300264,佳创视讯,6.4100000000,6.3600000000,51915903.0000000000,8050300.0000000000,0.0078600000,0.5191590300,AKShare stock_zh_a_spot / 新浪
300265,通光线缆,13.4800000000,13.5300000000,209852372.0000000000,15466762.0000000000,-0.0037000000,2.0985237200,AKShare stock_zh_a_spot / 新浪
300266,兴源环境,1.8500000000,1.8000000000,29260570.0000000000,15913200.0000000000,0.0277800000,0.2926057000,AKShare stock_zh_a_spot / 新浪
300267,尔康制药,3.3300000000,3.1700000000,210067098.0000000000,62760286.0000000000,0.0504700000,2.1006709800,AKShare stock_zh_a_spot / 新浪
300268,佳沃食品,11.9500000000,11.6900000000,59998841.0000000000,5055342.0000000000,0.0222400000,0.5999884100,AKShare stock_zh_a_spot / 新浪
300269,联建光电,4.7600000000,4.6700000000,49973844.0000000000,10526300.0000000000,0.0192700000,0.4997384400,AKShare stock_zh_a_spot / 新浪
300270,中威电子,11.8600000000,12.0300000000,134112256.0000000000,11221200.0000000000,-0.0141300000,1.3411225600,AKShare stock_zh_a_spot / 新浪
300271,华宇软件,5.3800000000,5.3100000000,44751253.0000000000,8297000.0000000000,0.0131800000,0.4475125300,AKShare stock_zh_a_spot / 新浪
300272,开能健康,6.0200000000,5.8300000000,82803437.0000000000,13690921.0000000000,0.0325900000,0.8280343700,AKShare stock_zh_a_spot / 新浪
300274,阳光电源,110.8900000000,111.4900000000,2782340150.0000000000,25014180.0000000000,-0.0053800000,27.8234015000,AKShare stock_zh_a_spot / 新浪
300275,梅安森,8.8500000000,8.6400000000,38532809.0000000000,4381338.0000000000,0.0243100000,0.3853280900,AKShare stock_zh_a_spot / 新浪
300276,三丰智能,6.2800000000,6.4100000000,155438021.0000000000,24570424.0000000000,-0.0202800000,1.5543802100,AKShare stock_zh_a_spot / 新浪
300277,汽轮科技,11.9200000000,11.7000000000,102478691.0000000000,8565251.0000000000,0.0188000000,1.0247869100,AKShare stock_zh_a_spot / 新浪
300278,华昌达,3.7600000000,3.7100000000,50108720.0000000000,13295300.0000000000,0.0134800000,0.5010872000,AKShare stock_zh_a_spot / 新浪
300279,和晶科技,5.6200000000,5.4500000000,59039879.0000000000,10516800.0000000000,0.0311900000,0.5903987900,AKShare stock_zh_a_spot / 新浪
300281,金明精机,6.2800000000,6.1100000000,27913546.0000000000,4478400.0000000000,0.0278200000,0.2791354600,AKShare stock_zh_a_spot / 新浪
300283,温州宏丰,13.1100000000,13.1700000000,425151174.0000000000,32093200.0000000000,-0.0045600000,4.2515117400,AKShare stock_zh_a_spot / 新浪
300284,苏交科,5.2400000000,5.2000000000,56287738.0000000000,10701800.0000000000,0.0076900000,0.5628773800,AKShare stock_zh_a_spot / 新浪
300285,国瓷材料,62.9200000000,64.1200000000,6349421833.0000000000,100206867.0000000000,-0.0187100000,63.4942183300,AKShare stock_zh_a_spot / 新浪
300286,安科瑞,19.8900000000,19.7000000000,62213786.0000000000,3105606.0000000000,0.0096400000,0.6221378600,AKShare stock_zh_a_spot / 新浪
300287,飞利信,3.5100000000,3.4900000000,65193888.0000000000,18528869.0000000000,0.0057300000,0.6519388800,AKShare stock_zh_a_spot / 新浪
300288,朗玛信息,9.9900000000,9.6000000000,65076332.0000000000,6547942.0000000000,0.0406300000,0.6507633200,AKShare stock_zh_a_spot / 新浪
300289,利德曼,6.0400000000,5.7700000000,78522487.0000000000,12888100.0000000000,0.0467900000,0.7852248700,AKShare stock_zh_a_spot / 新浪
300291,百纳千成,5.1300000000,4.8300000000,272312707.0000000000,53094895.0000000000,0.0621100000,2.7231270700,AKShare stock_zh_a_spot / 新浪
300292,吴通控股,4.1900000000,4.0700000000,172721248.0000000000,41517628.0000000000,0.0294800000,1.7272124800,AKShare stock_zh_a_spot / 新浪
300293,蓝英装备,15.5900000000,15.4900000000,45226760.0000000000,2893700.0000000000,0.0064600000,0.4522676000,AKShare stock_zh_a_spot / 新浪
300294,博雅生物,15.8000000000,14.8900000000,336256052.0000000000,20979050.0000000000,0.0611100000,3.3625605200,AKShare stock_zh_a_spot / 新浪
300296,利亚德,5.0700000000,5.0700000000,264185738.0000000000,52199635.0000000000,0.0000000000,2.6418573800,AKShare stock_zh_a_spot / 新浪
300298,三诺生物,16.4000000000,15.7600000000,140620956.0000000000,8559307.0000000000,0.0406100000,1.4062095600,AKShare stock_zh_a_spot / 新浪
300299,富春股份,5.3600000000,5.1800000000,94835426.0000000000,17781802.0000000000,0.0347500000,0.9483542600,AKShare stock_zh_a_spot / 新浪
300300,海峡创新,7.4700000000,7.5200000000,258549466.0000000000,34534000.0000000000,-0.0066500000,2.5854946600,AKShare stock_zh_a_spot / 新浪
300302,同有科技,29.2500000000,28.9700000000,595449364.0000000000,20218628.0000000000,0.0096700000,5.9544936400,AKShare stock_zh_a_spot / 新浪
300303,聚飞光电,6.9700000000,6.9400000000,218285013.0000000000,31220920.0000000000,0.0043200000,2.1828501300,AKShare stock_zh_a_spot / 新浪
300304,云意电气,11.5200000000,11.5400000000,173714945.0000000000,14901100.0000000000,-0.0017300000,1.7371494500,AKShare stock_zh_a_spot / 新浪
300305,裕兴股份,6.0500000000,6.0600000000,49291963.0000000000,8124300.0000000000,-0.0016500000,0.4929196300,AKShare stock_zh_a_spot / 新浪
300306,远方信息,10.1100000000,9.7700000000,29693319.0000000000,2958200.0000000000,0.0348000000,0.2969331900,AKShare stock_zh_a_spot / 新浪
300307,慈星股份,7.2300000000,7.2200000000,198151204.0000000000,27428200.0000000000,0.0013900000,1.9815120400,AKShare stock_zh_a_spot / 新浪
300308,中际旭创,904.2000000000,895.6000000000,20338306136.0000000000,22706170.0000000000,0.0096000000,203.3830613600,AKShare stock_zh_a_spot / 新浪
300310,宜通世纪,4.3200000000,4.1700000000,98893869.0000000000,23003112.0000000000,0.0359700000,0.9889386900,AKShare stock_zh_a_spot / 新浪
300311,任子行,6.1100000000,6.2500000000,357471438.0000000000,58804223.0000000000,-0.0224000000,3.5747143800,AKShare stock_zh_a_spot / 新浪
300313,天山生物,14.1400000000,14.4500000000,746871994.0000000000,53200728.0000000000,-0.0214500000,7.4687199400,AKShare stock_zh_a_spot / 新浪
300314,戴维医疗,13.8200000000,13.8400000000,291306427.0000000000,20868736.0000000000,-0.0014500000,2.9130642700,AKShare stock_zh_a_spot / 新浪
300315,掌趣科技,4.0600000000,3.9700000000,212069237.0000000000,52315146.0000000000,0.0226700000,2.1206923700,AKShare stock_zh_a_spot / 新浪
300316,晶盛机电,42.1200000000,43.8300000000,746074251.0000000000,17448921.0000000000,-0.0390100000,7.4607425100,AKShare stock_zh_a_spot / 新浪
300317,珈伟新能,4.1200000000,4.3000000000,231801872.0000000000,55917204.0000000000,-0.0418600000,2.3180187200,AKShare stock_zh_a_spot / 新浪
300318,博晖创新,5.3400000000,4.9600000000,204320594.0000000000,37605896.0000000000,0.0766100000,2.0432059400,AKShare stock_zh_a_spot / 新浪
300319,麦捷科技,18.4500000000,17.0000000000,2844007848.0000000000,156291440.0000000000,0.0852900000,28.4400784800,AKShare stock_zh_a_spot / 新浪
300320,海达股份,8.6000000000,8.4600000000,63869288.0000000000,7457337.0000000000,0.0165500000,0.6386928800,AKShare stock_zh_a_spot / 新浪
300321,同大股份,32.6100000000,32.0000000000,64476806.0000000000,1978200.0000000000,0.0190600000,0.6447680600,AKShare stock_zh_a_spot / 新浪
300322,硕贝德,17.3900000000,17.3300000000,275721914.0000000000,15767389.0000000000,0.0034600000,2.7572191400,AKShare stock_zh_a_spot / 新浪
300323,华灿光电,12.1000000000,11.6300000000,681386474.0000000000,56766895.0000000000,0.0404100000,6.8138647400,AKShare stock_zh_a_spot / 新浪
300324,旋极信息,3.6000000000,3.5000000000,99286747.0000000000,27591800.0000000000,0.0285700000,0.9928674700,AKShare stock_zh_a_spot / 新浪
300327,中颖电子,22.6500000000,22.3000000000,167149997.0000000000,7358360.0000000000,0.0157000000,1.6714999700,AKShare stock_zh_a_spot / 新浪
300328,宜安科技,15.1900000000,14.1100000000,852020159.0000000000,56796273.0000000000,0.0765400000,8.5202015900,AKShare stock_zh_a_spot / 新浪
300329,海伦钢琴,12.0900000000,11.8100000000,26361635.0000000000,2191600.0000000000,0.0237100000,0.2636163500,AKShare stock_zh_a_spot / 新浪
300331,苏大维格,49.0000000000,46.1300000000,738588709.0000000000,15148677.0000000000,0.0622200000,7.3858870900,AKShare stock_zh_a_spot / 新浪
300332,天壕能源,4.8800000000,4.7500000000,118350914.0000000000,24358100.0000000000,0.0273700000,1.1835091400,AKShare stock_zh_a_spot / 新浪
300333,兆日科技,10.9400000000,11.2900000000,383492035.0000000000,35383487.0000000000,-0.0310000000,3.8349203500,AKShare stock_zh_a_spot / 新浪
300334,津膜科技,8.4200000000,8.2800000000,45112481.0000000000,5348400.0000000000,0.0169100000,0.4511248100,AKShare stock_zh_a_spot / 新浪
300335,迪森股份,5.2700000000,5.1600000000,47284778.0000000000,9004600.0000000000,0.0213200000,0.4728477800,AKShare stock_zh_a_spot / 新浪
300337,银邦股份,9.5600000000,9.6500000000,137269215.0000000000,14148053.0000000000,-0.0093300000,1.3726921500,AKShare stock_zh_a_spot / 新浪
300339,润和软件,37.5200000000,37.5300000000,1241248711.0000000000,32810693.0000000000,-0.0002700000,12.4124871100,AKShare stock_zh_a_spot / 新浪
300340,科恒股份,8.4600000000,8.3500000000,29325602.0000000000,3466800.0000000000,0.0131700000,0.2932560200,AKShare stock_zh_a_spot / 新浪
300341,麦克奥迪,12.7300000000,12.4000000000,45587118.0000000000,3589526.0000000000,0.0266100000,0.4558711800,AKShare stock_zh_a_spot / 新浪
300342,天银机电,32.1700000000,33.1900000000,791584499.0000000000,24411043.0000000000,-0.0307300000,7.9158449900,AKShare stock_zh_a_spot / 新浪
300343,联创股份,5.8300000000,6.0300000000,190290577.0000000000,32439480.0000000000,-0.0331700000,1.9029057700,AKShare stock_zh_a_spot / 新浪
300345,华民股份,8.4700000000,8.0700000000,680588985.0000000000,83809400.0000000000,0.0495700000,6.8058898500,AKShare stock_zh_a_spot / 新浪
300346,南大光电,57.0300000000,58.2600000000,2253823652.0000000000,39247031.0000000000,-0.0211100000,22.5382365200,AKShare stock_zh_a_spot / 新浪
300347,泰格医药,55.5200000000,51.7800000000,2769717164.0000000000,49375530.0000000000,0.0722300000,27.6971716400,AKShare stock_zh_a_spot / 新浪
300348,长亮科技,9.1900000000,8.8300000000,187899087.0000000000,20477784.0000000000,0.0407700000,1.8789908700,AKShare stock_zh_a_spot / 新浪
300349,金卡智能,10.3500000000,10.1800000000,83615933.0000000000,8143500.0000000000,0.0167000000,0.8361593300,AKShare stock_zh_a_spot / 新浪
300350,华鹏飞,4.3700000000,4.2400000000,50243766.0000000000,11625880.0000000000,0.0306600000,0.5024376600,AKShare stock_zh_a_spot / 新浪
300351,永贵电器,13.6000000000,13.4000000000,82764794.0000000000,6084162.0000000000,0.0149300000,0.8276479400,AKShare stock_zh_a_spot / 新浪
300353,东土科技,18.1800000000,18.1000000000,200198064.0000000000,10981366.0000000000,0.0044200000,2.0019806400,AKShare stock_zh_a_spot / 新浪
300354,东华测试,29.0500000000,28.8800000000,58642067.0000000000,1988900.0000000000,0.0058900000,0.5864206700,AKShare stock_zh_a_spot / 新浪
300355,蒙草生态,2.9300000000,2.8600000000,62321189.0000000000,21371232.0000000000,0.0244800000,0.6232118900,AKShare stock_zh_a_spot / 新浪
300357,我武生物,25.9500000000,24.2600000000,895122593.0000000000,33978262.0000000000,0.0696600000,8.9512259300,AKShare stock_zh_a_spot / 新浪
300358,楚天科技,9.2500000000,8.5500000000,680374787.0000000000,72624219.0000000000,0.0818700000,6.8037478700,AKShare stock_zh_a_spot / 新浪
300359,全通教育,4.0800000000,3.9900000000,57706019.0000000000,14203600.0000000000,0.0225600000,0.5770601900,AKShare stock_zh_a_spot / 新浪
300360,炬华科技,11.7800000000,11.7300000000,41998059.0000000000,3552800.0000000000,0.0042600000,0.4199805900,AKShare stock_zh_a_spot / 新浪
300363,博腾股份,24.4800000000,20.4000000000,1283285642.0000000000,54541737.0000000000,0.2000000000,12.8328564200,AKShare stock_zh_a_spot / 新浪
300364,中文在线,23.1000000000,22.7000000000,803025049.0000000000,34516751.0000000000,0.0176200000,8.0302504900,AKShare stock_zh_a_spot / 新浪
300365,恒华科技,4.5800000000,4.4700000000,58656169.0000000000,12802600.0000000000,0.0246100000,0.5865616900,AKShare stock_zh_a_spot / 新浪
300368,汇金股份,7.6300000000,7.4800000000,150975979.0000000000,20006100.0000000000,0.0200500000,1.5097597900,AKShare stock_zh_a_spot / 新浪
300369,绿盟科技,6.9300000000,7.0900000000,275138785.0000000000,39355979.0000000000,-0.0225700000,2.7513878500,AKShare stock_zh_a_spot / 新浪
300370,安控科技,2.1800000000,2.1300000000,38054815.0000000000,17543300.0000000000,0.0234700000,0.3805481500,AKShare stock_zh_a_spot / 新浪
300371,汇中股份,10.4100000000,10.2300000000,16602711.0000000000,1597170.0000000000,0.0176000000,0.1660271100,AKShare stock_zh_a_spot / 新浪
300373,扬杰科技,96.2900000000,101.4900000000,2472239855.0000000000,25533177.0000000000,-0.0512400000,24.7223985500,AKShare stock_zh_a_spot / 新浪
300374,中铁装配,10.7600000000,10.5700000000,25139236.0000000000,2345700.0000000000,0.0179800000,0.2513923600,AKShare stock_zh_a_spot / 新浪
300375,鹏翎股份,3.9700000000,3.8900000000,36231571.0000000000,9160300.0000000000,0.0205700000,0.3623157100,AKShare stock_zh_a_spot / 新浪
300376,易事特,4.4300000000,4.4700000000,65382718.0000000000,14664459.0000000000,-0.0089500000,0.6538271800,AKShare stock_zh_a_spot / 新浪
300377,赢时胜,13.6800000000,13.3600000000,296929048.0000000000,21629197.0000000000,0.0239500000,2.9692904800,AKShare stock_zh_a_spot / 新浪
300378,鼎捷数智,32.4100000000,32.9200000000,229525599.0000000000,7021000.0000000000,-0.0154900000,2.2952559900,AKShare stock_zh_a_spot / 新浪
300380,安硕信息,27.8300000000,27.4900000000,49753958.0000000000,1789906.0000000000,0.0123700000,0.4975395800,AKShare stock_zh_a_spot / 新浪
300381,溢多利,6.4600000000,6.2900000000,65617067.0000000000,10145644.0000000000,0.0270300000,0.6561706700,AKShare stock_zh_a_spot / 新浪
300382,斯莱克,15.8600000000,15.5700000000,342850028.0000000000,21581875.0000000000,0.0186300000,3.4285002800,AKShare stock_zh_a_spot / 新浪
300383,光环新网,12.2900000000,12.2300000000,541394399.0000000000,44125590.0000000000,0.0049100000,5.4139439900,AKShare stock_zh_a_spot / 新浪
300384,三联虹普,12.8400000000,12.4100000000,84271484.0000000000,6631571.0000000000,0.0346500000,0.8427148400,AKShare stock_zh_a_spot / 新浪
300386,飞天诚信,11.4900000000,11.5800000000,199588150.0000000000,17118550.0000000000,-0.0077700000,1.9958815000,AKShare stock_zh_a_spot / 新浪
300387,富邦科技,7.3700000000,7.4600000000,102629121.0000000000,13889700.0000000000,-0.0120600000,1.0262912100,AKShare stock_zh_a_spot / 新浪
300388,节能国祯,6.8700000000,6.7300000000,37886062.0000000000,5539300.0000000000,0.0208000000,0.3788606200,AKShare stock_zh_a_spot / 新浪
300389,艾比森,12.1500000000,11.9600000000,33012481.0000000000,2716901.0000000000,0.0158900000,0.3301248100,AKShare stock_zh_a_spot / 新浪
300390,天华新能,60.8000000000,61.9900000000,1567441250.0000000000,25653222.0000000000,-0.0192000000,15.6744125000,AKShare stock_zh_a_spot / 新浪
300393,中来股份,6.1500000000,5.9800000000,121287976.0000000000,19684680.0000000000,0.0284300000,1.2128797600,AKShare stock_zh_a_spot / 新浪
300394,天孚通信,276.2500000000,277.4000000000,14195536272.0000000000,51737392.0000000000,-0.0041500000,141.9553627200,AKShare stock_zh_a_spot / 新浪
300395,菲利华,89.0200000000,87.2300000000,1455274016.0000000000,16384275.0000000000,0.0205200000,14.5527401600,AKShare stock_zh_a_spot / 新浪
300397,天和防务,11.0800000000,10.9500000000,165310432.0000000000,14862285.0000000000,0.0118700000,1.6531043200,AKShare stock_zh_a_spot / 新浪
300398,飞凯材料,35.3700000000,35.2300000000,998837914.0000000000,28211621.0000000000,0.0039700000,9.9883791400,AKShare stock_zh_a_spot / 新浪
300399,天利科技,16.9300000000,16.5500000000,45318177.0000000000,2675860.0000000000,0.0229600000,0.4531817700,AKShare stock_zh_a_spot / 新浪
300400,劲拓股份,28.5600000000,28.2800000000,280889369.0000000000,9748100.0000000000,0.0099000000,2.8088936900,AKShare stock_zh_a_spot / 新浪
300401,花园生物,15.5800000000,14.4700000000,595076502.0000000000,38939941.0000000000,0.0767100000,5.9507650200,AKShare stock_zh_a_spot / 新浪
300402,宝色股份,14.3500000000,14.0400000000,37754936.0000000000,2630060.0000000000,0.0220800000,0.3775493600,AKShare stock_zh_a_spot / 新浪
300403,汉宇集团,9.2200000000,9.1500000000,62584563.0000000000,6788200.0000000000,0.0076500000,0.6258456300,AKShare stock_zh_a_spot / 新浪
300404,博济医药,15.7400000000,15.3500000000,1430174646.0000000000,90668120.0000000000,0.0254100000,14.3017464600,AKShare stock_zh_a_spot / 新浪
300405,科隆股份,5.6500000000,5.5400000000,33637820.0000000000,5969470.0000000000,0.0198600000,0.3363782000,AKShare stock_zh_a_spot / 新浪
300406,九强生物,12.1400000000,11.5900000000,125944013.0000000000,10425048.0000000000,0.0474500000,1.2594401300,AKShare stock_zh_a_spot / 新浪
300407,凯发电气,11.5800000000,11.4000000000,90356890.0000000000,7864300.0000000000,0.0157900000,0.9035689000,AKShare stock_zh_a_spot / 新浪
300408,三环集团,111.5100000000,109.6000000000,5280790036.0000000000,47215002.0000000000,0.0174300000,52.8079003600,AKShare stock_zh_a_spot / 新浪
300409,道氏技术,18.2700000000,18.4200000000,250531768.0000000000,13596896.0000000000,-0.0081400000,2.5053176800,AKShare stock_zh_a_spot / 新浪
300410,正业科技,7.8000000000,7.6900000000,99654311.0000000000,12770800.0000000000,0.0143000000,0.9965431100,AKShare stock_zh_a_spot / 新浪
300411,金盾股份,7.6000000000,7.3500000000,77276910.0000000000,10259972.0000000000,0.0340100000,0.7727691000,AKShare stock_zh_a_spot / 新浪
300412,迦南科技,4.5800000000,4.4100000000,72568258.0000000000,15829300.0000000000,0.0385500000,0.7256825800,AKShare stock_zh_a_spot / 新浪
300413,芒果超媒,15.2500000000,14.8400000000,212846812.0000000000,14060026.0000000000,0.0276300000,2.1284681200,AKShare stock_zh_a_spot / 新浪
300414,中光防雷,10.7700000000,10.7100000000,63218133.0000000000,5851201.0000000000,0.0056000000,0.6321813300,AKShare stock_zh_a_spot / 新浪
300415,伊之密,19.5800000000,19.7900000000,92884023.0000000000,4710484.0000000000,-0.0106100000,0.9288402300,AKShare stock_zh_a_spot / 新浪
300416,苏试试验,15.0200000000,14.6600000000,217424333.0000000000,14569447.0000000000,0.0245600000,2.1742433300,AKShare stock_zh_a_spot / 新浪
300417,南华仪器,11.0200000000,10.7500000000,26626979.0000000000,2421300.0000000000,0.0251200000,0.2662697900,AKShare stock_zh_a_spot / 新浪
300418,昆仑万维,45.0500000000,42.5200000000,5605253703.0000000000,122625480.0000000000,0.0595000000,56.0525370300,AKShare stock_zh_a_spot / 新浪
300420,五洋自控,7.4300000000,7.3300000000,542914388.0000000000,72730640.0000000000,0.0136400000,5.4291438800,AKShare stock_zh_a_spot / 新浪
300421,力星股份,16.2500000000,16.1000000000,88306820.0000000000,5413440.0000000000,0.0093200000,0.8830682000,AKShare stock_zh_a_spot / 新浪
300422,博世科,4.0800000000,4.0000000000,46425746.0000000000,11405854.0000000000,0.0200000000,0.4642574600,AKShare stock_zh_a_spot / 新浪
300423,昇辉科技,5.7900000000,5.7600000000,43836331.0000000000,7553940.0000000000,0.0052100000,0.4383633100,AKShare stock_zh_a_spot / 新浪
300424,航新科技,14.0500000000,13.8700000000,89805129.0000000000,6389974.0000000000,0.0129800000,0.8980512900,AKShare stock_zh_a_spot / 新浪
300425,中建环能,4.0100000000,3.9300000000,29452461.0000000000,7377414.0000000000,0.0203600000,0.2945246100,AKShare stock_zh_a_spot / 新浪
300426,华智数媒,6.2500000000,6.1600000000,123523562.0000000000,19835700.0000000000,0.0146100000,1.2352356200,AKShare stock_zh_a_spot / 新浪
300427,红相股份,6.4400000000,6.3900000000,142448027.0000000000,22105300.0000000000,0.0078200000,1.4244802700,AKShare stock_zh_a_spot / 新浪
300428,立中集团,18.2300000000,18.0100000000,74563110.0000000000,4080404.0000000000,0.0122200000,0.7456311000,AKShare stock_zh_a_spot / 新浪
300429,强力新材,10.4500000000,10.4300000000,133433721.0000000000,12773925.0000000000,0.0019200000,1.3343372100,AKShare stock_zh_a_spot / 新浪
300432,富临精工,15.7900000000,16.0100000000,423837093.0000000000,26570579.0000000000,-0.0137400000,4.2383709300,AKShare stock_zh_a_spot / 新浪
300433,蓝思科技,37.9800000000,36.1500000000,5213690768.0000000000,138741319.0000000000,0.0506200000,52.1369076800,AKShare stock_zh_a_spot / 新浪
300434,金石亚药,12.4200000000,12.2000000000,414099384.0000000000,32960000.0000000000,0.0180300000,4.1409938400,AKShare stock_zh_a_spot / 新浪
300435,中泰股份,16.7900000000,17.3500000000,241934278.0000000000,14218954.0000000000,-0.0322800000,2.4193427800,AKShare stock_zh_a_spot / 新浪
300436,广生堂,96.5100000000,93.3700000000,791887876.0000000000,8078890.0000000000,0.0336300000,7.9188787600,AKShare stock_zh_a_spot / 新浪
300437,清水源,10.9800000000,10.9700000000,51176769.0000000000,4650200.0000000000,0.0009100000,0.5117676900,AKShare stock_zh_a_spot / 新浪
300438,鹏辉能源,59.6600000000,62.4000000000,1256924373.0000000000,20686293.0000000000,-0.0439100000,12.5692437300,AKShare stock_zh_a_spot / 新浪
300439,美康生物,9.5900000000,9.1900000000,67524976.0000000000,7019261.0000000000,0.0435300000,0.6752497600,AKShare stock_zh_a_spot / 新浪
300440,运达科技,18.2100000000,17.9200000000,163399151.0000000000,9045100.0000000000,0.0161800000,1.6339915100,AKShare stock_zh_a_spot / 新浪
300441,鲍斯股份,6.8500000000,6.7200000000,43061728.0000000000,6341402.0000000000,0.0193500000,0.4306172800,AKShare stock_zh_a_spot / 新浪
300442,润泽科技,64.5800000000,65.3800000000,1382834411.0000000000,21279888.0000000000,-0.0122400000,13.8283441100,AKShare stock_zh_a_spot / 新浪
300443,金雷股份,19.7600000000,19.6600000000,49394788.0000000000,2494700.0000000000,0.0050900000,0.4939478800,AKShare stock_zh_a_spot / 新浪
300444,双杰电气,9.8500000000,10.0200000000,286296359.0000000000,28693400.0000000000,-0.0169700000,2.8629635900,AKShare stock_zh_a_spot / 新浪
300445,康斯特,18.1100000000,17.9400000000,25281748.0000000000,1389760.0000000000,0.0094800000,0.2528174800,AKShare stock_zh_a_spot / 新浪
300446,航天智造,12.9300000000,13.0100000000,73796827.0000000000,5680897.0000000000,-0.0061500000,0.7379682700,AKShare stock_zh_a_spot / 新浪
300447,全信股份,13.4000000000,13.2000000000,40432979.0000000000,3020970.0000000000,0.0151500000,0.4043297900,AKShare stock_zh_a_spot / 新浪
300448,浩云科技,5.7000000000,5.6000000000,64544969.0000000000,11338653.0000000000,0.0178600000,0.6454496900,AKShare stock_zh_a_spot / 新浪
300449,汉邦高科,7.0100000000,6.8400000000,53484179.0000000000,7664800.0000000000,0.0248500000,0.5348417900,AKShare stock_zh_a_spot / 新浪
300450,先导智能,33.3300000000,33.5200000000,776531984.0000000000,23060459.0000000000,-0.0056700000,7.7653198400,AKShare stock_zh_a_spot / 新浪
300451,创业慧康,3.5300000000,3.3800000000,121345200.0000000000,34431692.0000000000,0.0443800000,1.2134520000,AKShare stock_zh_a_spot / 新浪
300452,山河药辅,13.9600000000,13.6800000000,292029554.0000000000,21306828.0000000000,0.0204700000,2.9202955400,AKShare stock_zh_a_spot / 新浪
300453,三鑫医疗,10.2200000000,9.8800000000,264948190.0000000000,25900675.0000000000,0.0344100000,2.6494819000,AKShare stock_zh_a_spot / 新浪
300454,深信服,118.5800000000,114.5600000000,1534508144.0000000000,13093157.0000000000,0.0350900000,15.3450814400,AKShare stock_zh_a_spot / 新浪
300455,航天智装,17.6800000000,17.8100000000,136331251.0000000000,7629659.0000000000,-0.0073000000,1.3633125100,AKShare stock_zh_a_spot / 新浪
300456,赛微电子,31.5500000000,31.0200000000,549927730.0000000000,17432858.0000000000,0.0170900000,5.4992773000,AKShare stock_zh_a_spot / 新浪
300457,赢合科技,19.9200000000,19.7100000000,145110592.0000000000,7269720.0000000000,0.0106500000,1.4511059200,AKShare stock_zh_a_spot / 新浪
300458,全志科技,31.3600000000,31.5200000000,1341273983.0000000000,42533444.0000000000,-0.0050800000,13.4127398300,AKShare stock_zh_a_spot / 新浪
300459,汤姆猫,3.5000000000,3.4200000000,327773782.0000000000,94103188.0000000000,0.0233900000,3.2777378200,AKShare stock_zh_a_spot / 新浪
300461,田中精机,30.8400000000,29.7200000000,172377487.0000000000,5628100.0000000000,0.0376900000,1.7237748700,AKShare stock_zh_a_spot / 新浪
300463,迈克生物,9.6400000000,9.1600000000,177059076.0000000000,18300000.0000000000,0.0524000000,1.7705907600,AKShare stock_zh_a_spot / 新浪
300464,星徽股份,6.6700000000,6.6000000000,37536908.0000000000,5630300.0000000000,0.0106100000,0.3753690800,AKShare stock_zh_a_spot / 新浪
300465,高伟达,12.2500000000,13.9600000000,525989879.0000000000,41656030.0000000000,-0.1224900000,5.2598987900,AKShare stock_zh_a_spot / 新浪
300466,赛摩智能,7.2300000000,7.1100000000,29651250.0000000000,4102000.0000000000,0.0168800000,0.2965125000,AKShare stock_zh_a_spot / 新浪
300467,迅游科技,33.1700000000,33.1000000000,107327406.0000000000,3202620.0000000000,0.0021100000,1.0732740600,AKShare stock_zh_a_spot / 新浪
300468,四方精创,21.1000000000,19.8900000000,854718951.0000000000,40474972.0000000000,0.0608300000,8.5471895100,AKShare stock_zh_a_spot / 新浪
300469,信息发展,57.1000000000,57.3000000000,247528971.0000000000,4261840.0000000000,-0.0034900000,2.4752897100,AKShare stock_zh_a_spot / 新浪
300470,中密控股,28.1700000000,27.8400000000,33136014.0000000000,1177100.0000000000,0.0118500000,0.3313601400,AKShare stock_zh_a_spot / 新浪
300471,厚普股份,9.7100000000,9.6300000000,55435677.0000000000,5725450.0000000000,0.0083100000,0.5543567700,AKShare stock_zh_a_spot / 新浪
300473,德尔股份,21.7500000000,21.5200000000,49724191.0000000000,2293925.0000000000,0.0106900000,0.4972419100,AKShare stock_zh_a_spot / 新浪
300474,景嘉微,50.3400000000,50.1000000000,221122149.0000000000,4401419.0000000000,0.0047900000,2.2112214900,AKShare stock_zh_a_spot / 新浪
300475,香农芯创,157.1500000000,154.4000000000,3360916035.0000000000,21364586.0000000000,0.0178100000,33.6091603500,AKShare stock_zh_a_spot / 新浪
300476,胜宏科技,253.4500000000,245.3800000000,7524917060.0000000000,29525072.0000000000,0.0328900000,75.2491706000,AKShare stock_zh_a_spot / 新浪
300478,杭州高新,29.7000000000,29.2000000000,61592312.0000000000,2086970.0000000000,0.0171200000,0.6159231200,AKShare stock_zh_a_spot / 新浪
300479,神思电子,14.8400000000,14.7800000000,134711873.0000000000,9004654.0000000000,0.0040600000,1.3471187300,AKShare stock_zh_a_spot / 新浪
300480,光力科技,33.0900000000,33.5900000000,646026121.0000000000,19391210.0000000000,-0.0148900000,6.4602612100,AKShare stock_zh_a_spot / 新浪
300481,濮阳惠成,14.1900000000,14.2300000000,124821432.0000000000,8714920.0000000000,-0.0028100000,1.2482143200,AKShare stock_zh_a_spot / 新浪
300482,万孚生物,17.7700000000,16.9700000000,231592876.0000000000,12982666.0000000000,0.0471400000,2.3159287600,AKShare stock_zh_a_spot / 新浪
300483,首华燃气,22.6300000000,22.7100000000,268788488.0000000000,11760546.0000000000,-0.0035200000,2.6878848800,AKShare stock_zh_a_spot / 新浪
300484,蓝海华腾,12.9400000000,12.8100000000,31658550.0000000000,2442000.0000000000,0.0101500000,0.3165855000,AKShare stock_zh_a_spot / 新浪
300485,赛升药业,10.3000000000,9.6200000000,232636505.0000000000,22400100.0000000000,0.0706900000,2.3263650500,AKShare stock_zh_a_spot / 新浪
300486,东杰智能,21.8300000000,19.8000000000,461217311.0000000000,21283802.0000000000,0.1025300000,4.6121731100,AKShare stock_zh_a_spot / 新浪
300487,蓝晓科技,69.9600000000,64.6800000000,1045831394.0000000000,14867930.0000000000,0.0816300000,10.4583139400,AKShare stock_zh_a_spot / 新浪
300488,恒锋工具,31.1200000000,30.1500000000,137863902.0000000000,4391025.0000000000,0.0321700000,1.3786390200,AKShare stock_zh_a_spot / 新浪
300489,光智科技,228.6300000000,222.5300000000,3184832369.0000000000,14032450.0000000000,0.0274100000,31.8483236900,AKShare stock_zh_a_spot / 新浪
300490,华自科技,11.2900000000,11.3100000000,108827681.0000000000,9584079.0000000000,-0.0017700000,1.0882768100,AKShare stock_zh_a_spot / 新浪
300491,通合科技,29.8500000000,28.5500000000,347074723.0000000000,11599300.0000000000,0.0455300000,3.4707472300,AKShare stock_zh_a_spot / 新浪
300492,华图山鼎,23.8100000000,23.7400000000,75007182.0000000000,3165096.0000000000,0.0029500000,0.7500718200,AKShare stock_zh_a_spot / 新浪
300493,润欣科技,11.9800000000,11.9300000000,91134112.0000000000,7572200.0000000000,0.0041900000,0.9113411200,AKShare stock_zh_a_spot / 新浪
300494,盛天网络,8.2800000000,8.2200000000,62526276.0000000000,7514180.0000000000,0.0073000000,0.6252627600,AKShare stock_zh_a_spot / 新浪
300496,中科创达,57.4600000000,56.6900000000,499401874.0000000000,8757159.0000000000,0.0135800000,4.9940187400,AKShare stock_zh_a_spot / 新浪
300497,富祥股份,17.3600000000,17.5700000000,474657247.0000000000,26896509.0000000000,-0.0119500000,4.7465724700,AKShare stock_zh_a_spot / 新浪
300498,温氏股份,13.7900000000,13.5900000000,477281483.0000000000,34812254.0000000000,0.0147200000,4.7728148300,AKShare stock_zh_a_spot / 新浪
300499,高澜股份,27.2300000000,27.1800000000,284109106.0000000000,10389598.0000000000,0.0018400000,2.8410910600,AKShare stock_zh_a_spot / 新浪
300500,启迪设计,9.5300000000,9.3100000000,25296793.0000000000,2670000.0000000000,0.0236300000,0.2529679300,AKShare stock_zh_a_spot / 新浪
300501,海顺新材,10.1000000000,9.8200000000,34919536.0000000000,3456012.0000000000,0.0285100000,0.3491953600,AKShare stock_zh_a_spot / 新浪
300502,新易盛,414.0200000000,411.5000000000,11742942472.0000000000,28417522.0000000000,0.0061200000,117.4294247200,AKShare stock_zh_a_spot / 新浪
300503,昊志机电,70.1900000000,69.5500000000,1363447026.0000000000,19430982.0000000000,0.0092000000,13.6344702600,AKShare stock_zh_a_spot / 新浪
300504,天邑股份,14.9100000000,14.3100000000,90638531.0000000000,6137900.0000000000,0.0419300000,0.9063853100,AKShare stock_zh_a_spot / 新浪
300505,川金诺,20.0200000000,20.9000000000,578713401.0000000000,28762956.0000000000,-0.0421100000,5.7871340100,AKShare stock_zh_a_spot / 新浪
300506,名家汇,5.2300000000,5.3500000000,159311768.0000000000,30040557.0000000000,-0.0224300000,1.5931176800,AKShare stock_zh_a_spot / 新浪
300507,苏奥传感,6.3700000000,6.2200000000,44784463.0000000000,7040500.0000000000,0.0241200000,0.4478446300,AKShare stock_zh_a_spot / 新浪
300508,维宏股份,43.7000000000,43.3500000000,168694999.0000000000,3844076.0000000000,0.0080700000,1.6869499900,AKShare stock_zh_a_spot / 新浪
300509,新美星,8.5800000000,8.4000000000,31663993.0000000000,3693168.0000000000,0.0214300000,0.3166399300,AKShare stock_zh_a_spot / 新浪
300510,金冠股份,3.4100000000,3.3000000000,53191945.0000000000,15744241.0000000000,0.0333300000,0.5319194500,AKShare stock_zh_a_spot / 新浪
300511,雪榕生物,5.9200000000,5.8500000000,427944080.0000000000,73396254.0000000000,0.0119700000,4.2794408000,AKShare stock_zh_a_spot / 新浪
300512,中亚股份,7.2100000000,7.0100000000,21131044.0000000000,2942550.0000000000,0.0285300000,0.2113104400,AKShare stock_zh_a_spot / 新浪
300513,恒实科技,7.2800000000,7.1200000000,32438193.0000000000,4465400.0000000000,0.0224700000,0.3243819300,AKShare stock_zh_a_spot / 新浪
300514,友讯达,9.8300000000,9.6400000000,22139446.0000000000,2252400.0000000000,0.0197100000,0.2213944600,AKShare stock_zh_a_spot / 新浪
300515,三德科技,15.6600000000,15.6000000000,81408249.0000000000,5175900.0000000000,0.0038500000,0.8140824900,AKShare stock_zh_a_spot / 新浪
300516,久之洋,31.6000000000,30.8500000000,156080710.0000000000,4959303.0000000000,0.0243100000,1.5608071000,AKShare stock_zh_a_spot / 新浪
300517,海波重科,10.0900000000,9.8800000000,29666381.0000000000,2947160.0000000000,0.0212600000,0.2966638100,AKShare stock_zh_a_spot / 新浪
300518,新迅达,22.9800000000,22.2000000000,188868055.0000000000,8159063.0000000000,0.0351400000,1.8886805500,AKShare stock_zh_a_spot / 新浪
300519,新光药业,14.9100000000,14.5400000000,124928304.0000000000,8370602.0000000000,0.0254500000,1.2492830400,AKShare stock_zh_a_spot / 新浪
300520,科大国创,23.9200000000,23.8200000000,122994988.0000000000,5117189.0000000000,0.0042000000,1.2299498800,AKShare stock_zh_a_spot / 新浪
300521,爱司凯,23.3600000000,22.3500000000,103494715.0000000000,4421600.0000000000,0.0451900000,1.0349471500,AKShare stock_zh_a_spot / 新浪
300522,世名科技,13.7600000000,13.9300000000,249963862.0000000000,18008600.0000000000,-0.0122000000,2.4996386200,AKShare stock_zh_a_spot / 新浪
300523,辰安科技,19.9500000000,19.3100000000,45055898.0000000000,2271200.0000000000,0.0331400000,0.4505589800,AKShare stock_zh_a_spot / 新浪
300525,博思软件,8.2000000000,8.1100000000,77321101.0000000000,9431916.0000000000,0.0111000000,0.7732110100,AKShare stock_zh_a_spot / 新浪
300528,幸福蓝海,12.9400000000,12.7600000000,95274828.0000000000,7403700.0000000000,0.0141100000,0.9527482800,AKShare stock_zh_a_spot / 新浪
300529,健帆生物,16.2800000000,15.7000000000,242196855.0000000000,14906585.0000000000,0.0369400000,2.4219685500,AKShare stock_zh_a_spot / 新浪
300530,领湃科技,18.1300000000,18.1900000000,50727496.0000000000,2781900.0000000000,-0.0033000000,0.5072749600,AKShare stock_zh_a_spot / 新浪
300531,优博讯,15.9500000000,15.8400000000,91940503.0000000000,5751100.0000000000,0.0069400000,0.9194050300,AKShare stock_zh_a_spot / 新浪
300532,今天国际,6.9100000000,6.7900000000,42856993.0000000000,6214980.0000000000,0.0176700000,0.4285699300,AKShare stock_zh_a_spot / 新浪
300533,冰川网络,14.4300000000,14.2500000000,52426905.0000000000,3634140.0000000000,0.0126300000,0.5242690500,AKShare stock_zh_a_spot / 新浪
300534,陇神戎发,18.5700000000,18.3900000000,1626206031.0000000000,85782866.0000000000,0.0097900000,16.2620603100,AKShare stock_zh_a_spot / 新浪
300535,达威股份,16.4500000000,15.8600000000,52645363.0000000000,3229300.0000000000,0.0372000000,0.5264536300,AKShare stock_zh_a_spot / 新浪
300536,农尚环境,8.8000000000,8.8600000000,61512201.0000000000,6938515.0000000000,-0.0067700000,0.6151220100,AKShare stock_zh_a_spot / 新浪
300537,广信材料,19.5800000000,19.5900000000,113343978.0000000000,5766911.0000000000,-0.0005100000,1.1334397800,AKShare stock_zh_a_spot / 新浪
300538,同益股份,15.1100000000,15.0800000000,68632158.0000000000,4502900.0000000000,0.0019900000,0.6863215800,AKShare stock_zh_a_spot / 新浪
300539,横河精密,17.7300000000,17.5100000000,78787619.0000000000,4455452.0000000000,0.0125600000,0.7878761900,AKShare stock_zh_a_spot / 新浪
300540,蜀道装备,29.2300000000,30.8700000000,483647543.0000000000,16236749.0000000000,-0.0531300000,4.8364754300,AKShare stock_zh_a_spot / 新浪
300541,先进数通,9.5800000000,9.4500000000,52044132.0000000000,5441874.0000000000,0.0137600000,0.5204413200,AKShare stock_zh_a_spot / 新浪
300542,新晨科技,11.8500000000,11.5800000000,47305495.0000000000,3994458.0000000000,0.0233200000,0.4730549500,AKShare stock_zh_a_spot / 新浪
300543,朗科智能,7.7200000000,7.6500000000,63384977.0000000000,8216350.0000000000,0.0091500000,0.6338497700,AKShare stock_zh_a_spot / 新浪
300545,联得装备,32.2100000000,28.6800000000,734746108.0000000000,23496233.0000000000,0.1230800000,7.3474610800,AKShare stock_zh_a_spot / 新浪
300546,雄帝科技,16.6900000000,15.8600000000,152936328.0000000000,9165944.0000000000,0.0523300000,1.5293632800,AKShare stock_zh_a_spot / 新浪
300547,川环科技,24.4600000000,24.1600000000,123083083.0000000000,4990600.0000000000,0.0124200000,1.2308308300,AKShare stock_zh_a_spot / 新浪
300548,长芯博创,204.0000000000,190.4200000000,3798118730.0000000000,18870942.0000000000,0.0713200000,37.9811873000,AKShare stock_zh_a_spot / 新浪
300549,优德精密,14.2900000000,13.9100000000,20359732.0000000000,1435900.0000000000,0.0273200000,0.2035973200,AKShare stock_zh_a_spot / 新浪
300550,和仁科技,11.8800000000,11.3800000000,45266957.0000000000,3831000.0000000000,0.0439400000,0.4526695700,AKShare stock_zh_a_spot / 新浪
300551,古鳌科技,9.9600000000,9.5800000000,81012108.0000000000,8215700.0000000000,0.0396700000,0.8101210800,AKShare stock_zh_a_spot / 新浪
300552,万集科技,20.1500000000,20.3200000000,87750407.0000000000,4338300.0000000000,-0.0083700000,0.8775040700,AKShare stock_zh_a_spot / 新浪
300553,集智股份,40.7100000000,41.0600000000,195359789.0000000000,4763296.0000000000,-0.0085200000,1.9535978900,AKShare stock_zh_a_spot / 新浪
300554,三超新材,20.4100000000,20.3700000000,51447986.0000000000,2499000.0000000000,0.0019600000,0.5144798600,AKShare stock_zh_a_spot / 新浪
300556,丝路视觉,16.2000000000,15.8000000000,56834000.0000000000,3511100.0000000000,0.0253200000,0.5683400000,AKShare stock_zh_a_spot / 新浪
300557,理工光科,25.8200000000,25.3900000000,74276827.0000000000,2876139.0000000000,0.0169400000,0.7427682700,AKShare stock_zh_a_spot / 新浪
300558,贝达药业,55.7000000000,51.1700000000,2047184037.0000000000,37836259.0000000000,0.0885300000,20.4718403700,AKShare stock_zh_a_spot / 新浪
300559,佳发教育,10.3400000000,10.2000000000,41537249.0000000000,4030000.0000000000,0.0137300000,0.4153724900,AKShare stock_zh_a_spot / 新浪
300560,中富通,17.9200000000,16.7200000000,357514660.0000000000,20078350.0000000000,0.0717700000,3.5751466000,AKShare stock_zh_a_spot / 新浪
300561,汇金科技,15.0000000000,15.2000000000,215908403.0000000000,14412800.0000000000,-0.0131600000,2.1590840300,AKShare stock_zh_a_spot / 新浪
300562,乐心医疗,15.1800000000,15.0000000000,131204396.0000000000,8548900.0000000000,0.0120000000,1.3120439600,AKShare stock_zh_a_spot / 新浪
300563,神宇股份,23.0900000000,22.4700000000,60480861.0000000000,2626600.0000000000,0.0275900000,0.6048086100,AKShare stock_zh_a_spot / 新浪
300564,筑博设计,12.4300000000,12.1800000000,31572597.0000000000,2540558.0000000000,0.0205300000,0.3157259700,AKShare stock_zh_a_spot / 新浪
300565,科信技术,9.5700000000,9.3200000000,73198947.0000000000,7653900.0000000000,0.0268200000,0.7319894700,AKShare stock_zh_a_spot / 新浪
300566,激智科技,28.1000000000,27.9900000000,556853948.0000000000,19836235.0000000000,0.0039300000,5.5685394800,AKShare stock_zh_a_spot / 新浪
300567,精测电子,217.9000000000,214.2000000000,1347653944.0000000000,6143295.0000000000,0.0172700000,13.4765394400,AKShare stock_zh_a_spot / 新浪
300568,星源材质,14.5700000000,14.4100000000,785027113.0000000000,54028663.0000000000,0.0111000000,7.8502711300,AKShare stock_zh_a_spot / 新浪
300569,天能重工,4.6900000000,4.6500000000,47945337.0000000000,10208621.0000000000,0.0086000000,0.4794533700,AKShare stock_zh_a_spot / 新浪
300570,太辰光,213.4000000000,180.2700000000,7949703268.0000000000,39306865.0000000000,0.1837800000,79.4970326800,AKShare stock_zh_a_spot / 新浪
300571,平治信息,30.8800000000,30.9000000000,212944502.0000000000,6893200.0000000000,-0.0006500000,2.1294450200,AKShare stock_zh_a_spot / 新浪
300572,安车检测,18.9500000000,18.5200000000,100835613.0000000000,5326153.0000000000,0.0232200000,1.0083561300,AKShare stock_zh_a_spot / 新浪
300573,兴齐眼药,40.8800000000,40.1000000000,396955901.0000000000,9629638.0000000000,0.0194500000,3.9695590100,AKShare stock_zh_a_spot / 新浪
300575,中旗股份,6.0300000000,5.9200000000,150384718.0000000000,24522046.0000000000,0.0185800000,1.5038471800,AKShare stock_zh_a_spot / 新浪
300576,容大感光,30.8200000000,31.2800000000,452380095.0000000000,14555877.0000000000,-0.0147100000,4.5238009500,AKShare stock_zh_a_spot / 新浪
300577,开润股份,17.9200000000,17.7600000000,41842051.0000000000,2318300.0000000000,0.0090100000,0.4184205100,AKShare stock_zh_a_spot / 新浪
300578,会畅科技,15.5300000000,15.2600000000,71028452.0000000000,4579000.0000000000,0.0176900000,0.7102845200,AKShare stock_zh_a_spot / 新浪
300579,数字认证,21.1600000000,20.6100000000,77619160.0000000000,3682986.0000000000,0.0266900000,0.7761916000,AKShare stock_zh_a_spot / 新浪
300580,贝斯特,19.8500000000,19.8100000000,161003024.0000000000,8058275.0000000000,0.0020200000,1.6100302400,AKShare stock_zh_a_spot / 新浪
300581,晨曦航空,9.7800000000,9.6300000000,71463519.0000000000,7282660.0000000000,0.0155800000,0.7146351900,AKShare stock_zh_a_spot / 新浪
300582,英飞特,11.2100000000,11.0200000000,44263660.0000000000,3949000.0000000000,0.0172400000,0.4426366000,AKShare stock_zh_a_spot / 新浪
300583,赛托生物,13.1400000000,12.5700000000,50451489.0000000000,3827500.0000000000,0.0453500000,0.5045148900,AKShare stock_zh_a_spot / 新浪
300584,海辰药业,34.5000000000,33.1700000000,243969685.0000000000,6951202.0000000000,0.0401000000,2.4396968500,AKShare stock_zh_a_spot / 新浪
300585,奥联电子,15.4800000000,15.2600000000,106104874.0000000000,6831136.0000000000,0.0144200000,1.0610487400,AKShare stock_zh_a_spot / 新浪
300586,美联新材,8.9100000000,8.9000000000,142722927.0000000000,15902854.0000000000,0.0011200000,1.4272292700,AKShare stock_zh_a_spot / 新浪
300587,天铁科技,5.1000000000,5.0500000000,121035633.0000000000,23692410.0000000000,0.0099000000,1.2103563300,AKShare stock_zh_a_spot / 新浪
300588,熙菱信息,20.1400000000,20.1100000000,48409364.0000000000,2381217.0000000000,0.0014900000,0.4840936400,AKShare stock_zh_a_spot / 新浪
300589,江龙船艇,12.9200000000,12.8600000000,119989538.0000000000,9223343.0000000000,0.0046700000,1.1998953800,AKShare stock_zh_a_spot / 新浪
300590,移为通信,10.9500000000,10.7700000000,116370968.0000000000,10645577.0000000000,0.0167100000,1.1637096800,AKShare stock_zh_a_spot / 新浪
300591,万里马,6.6600000000,7.8200000000,428532199.0000000000,61559850.0000000000,-0.1483400000,4.2853219900,AKShare stock_zh_a_spot / 新浪
300592,华凯易佰,14.8100000000,15.2200000000,174579879.0000000000,11584408.0000000000,-0.0269400000,1.7457987900,AKShare stock_zh_a_spot / 新浪
300593,新雷能,29.3000000000,28.4500000000,771843094.0000000000,25913939.0000000000,0.0298800000,7.7184309400,AKShare stock_zh_a_spot / 新浪
300595,欧普康视,11.3700000000,10.9500000000,198522540.0000000000,17365010.0000000000,0.0383600000,1.9852254000,AKShare stock_zh_a_spot / 新浪
300596,利安隆,45.0000000000,42.5000000000,351561496.0000000000,7815005.0000000000,0.0588200000,3.5156149600,AKShare stock_zh_a_spot / 新浪
300597,吉大通信,7.7600000000,7.5600000000,39936954.0000000000,5163504.0000000000,0.0264600000,0.3993695400,AKShare stock_zh_a_spot / 新浪
300598,诚迈科技,36.5000000000,35.5500000000,1112262244.0000000000,30994426.0000000000,0.0267200000,11.1226224400,AKShare stock_zh_a_spot / 新浪
300599,雄塑科技,11.9500000000,11.7200000000,85199550.0000000000,7134500.0000000000,0.0196200000,0.8519955000,AKShare stock_zh_a_spot / 新浪
300600,国瑞科技,9.9200000000,9.8500000000,36176360.0000000000,3631400.0000000000,0.0071100000,0.3617636000,AKShare stock_zh_a_spot / 新浪
300601,康泰生物,14.4700000000,12.0600000000,1447691315.0000000000,102269275.0000000000,0.1998300000,14.4769131500,AKShare stock_zh_a_spot / 新浪
300602,飞荣达,40.5200000000,40.0300000000,758512746.0000000000,18718731.0000000000,0.0122400000,7.5851274600,AKShare stock_zh_a_spot / 新浪
300603,立昂技术,7.7200000000,7.7700000000,143541846.0000000000,18557850.0000000000,-0.0064400000,1.4354184600,AKShare stock_zh_a_spot / 新浪
300604,长川科技,275.7400000000,273.0000000000,4157797800.0000000000,14968594.0000000000,0.0100400000,41.5779780000,AKShare stock_zh_a_spot / 新浪
300605,恒锋信息,10.1100000000,10.0200000000,56816545.0000000000,5611438.0000000000,0.0089800000,0.5681654500,AKShare stock_zh_a_spot / 新浪
300606,金太阳,35.4100000000,35.2400000000,264303496.0000000000,7436934.0000000000,0.0048200000,2.6430349600,AKShare stock_zh_a_spot / 新浪
300607,拓斯达,32.6900000000,32.7700000000,936096265.0000000000,28704364.0000000000,-0.0024400000,9.3609626500,AKShare stock_zh_a_spot / 新浪
300608,思特奇,10.0200000000,9.9400000000,71338517.0000000000,7121084.0000000000,0.0080500000,0.7133851700,AKShare stock_zh_a_spot / 新浪
300609,汇纳科技,24.9100000000,24.9100000000,69639214.0000000000,2787400.0000000000,0.0000000000,0.6963921400,AKShare stock_zh_a_spot / 新浪
300610,晨化股份,10.4100000000,10.3000000000,41508962.0000000000,4001700.0000000000,0.0106800000,0.4150896200,AKShare stock_zh_a_spot / 新浪
300611,美力科技,22.6600000000,22.7200000000,40810052.0000000000,1793376.0000000000,-0.0026400000,0.4081005200,AKShare stock_zh_a_spot / 新浪
300612,宣亚国际,11.8000000000,11.6200000000,60579939.0000000000,5137300.0000000000,0.0154900000,0.6057993900,AKShare stock_zh_a_spot / 新浪
300613,富瀚微,70.8500000000,71.1400000000,645153048.0000000000,8996740.0000000000,-0.0040800000,6.4515304800,AKShare stock_zh_a_spot / 新浪
300614,百川畅银,10.7100000000,10.4500000000,23239462.0000000000,2179800.0000000000,0.0248800000,0.2323946200,AKShare stock_zh_a_spot / 新浪
300615,欣天科技,16.5300000000,15.5900000000,458960654.0000000000,28345336.0000000000,0.0603000000,4.5896065400,AKShare stock_zh_a_spot / 新浪
300616,尚品宅配,10.6000000000,10.4300000000,62291019.0000000000,5883580.0000000000,0.0163000000,0.6229101900,AKShare stock_zh_a_spot / 新浪
300617,安靠智电,40.5000000000,40.2600000000,126677818.0000000000,3128024.0000000000,0.0059600000,1.2667781800,AKShare stock_zh_a_spot / 新浪
300618,寒锐钴业,34.3400000000,34.1500000000,201170641.0000000000,5805000.0000000000,0.0055600000,2.0117064100,AKShare stock_zh_a_spot / 新浪
300619,金银河,25.6500000000,25.6800000000,93387608.0000000000,3654525.0000000000,-0.0011700000,0.9338760800,AKShare stock_zh_a_spot / 新浪
300620,光库科技,310.9600000000,289.3000000000,3752732653.0000000000,12377608.0000000000,0.0748700000,37.5273265300,AKShare stock_zh_a_spot / 新浪
300621,维业股份,7.2400000000,6.9700000000,32582622.0000000000,4526150.0000000000,0.0387400000,0.3258262200,AKShare stock_zh_a_spot / 新浪
300622,博士眼镜,14.7300000000,14.1900000000,110126480.0000000000,7522836.0000000000,0.0380500000,1.1012648000,AKShare stock_zh_a_spot / 新浪
300623,捷捷微电,29.4300000000,27.9000000000,1562343479.0000000000,52641277.0000000000,0.0548400000,15.6234347900,AKShare stock_zh_a_spot / 新浪
300624,万兴科技,52.0400000000,51.6500000000,362537469.0000000000,6903554.0000000000,0.0075500000,3.6253746900,AKShare stock_zh_a_spot / 新浪
300625,三雄极光,9.7000000000,9.4600000000,15011333.0000000000,1553500.0000000000,0.0253700000,0.1501133300,AKShare stock_zh_a_spot / 新浪
300626,华瑞股份,30.6800000000,30.1200000000,130916958.0000000000,4246960.0000000000,0.0185900000,1.3091695800,AKShare stock_zh_a_spot / 新浪
300627,华测导航,27.2500000000,27.6100000000,207543728.0000000000,7555280.0000000000,-0.0130400000,2.0754372800,AKShare stock_zh_a_spot / 新浪
300628,亿联网络,42.4000000000,39.8200000000,1192422171.0000000000,28426083.0000000000,0.0647900000,11.9242217100,AKShare stock_zh_a_spot / 新浪
300629,新劲刚,16.6600000000,16.4900000000,69220538.0000000000,4148200.0000000000,0.0103100000,0.6922053800,AKShare stock_zh_a_spot / 新浪
300631,久吾高科,21.4800000000,21.1700000000,28248071.0000000000,1310500.0000000000,0.0146400000,0.2824807100,AKShare stock_zh_a_spot / 新浪
300632,光莆股份,18.4900000000,18.0500000000,220903757.0000000000,11937909.0000000000,0.0243800000,2.2090375700,AKShare stock_zh_a_spot / 新浪
300633,开立医疗,20.7000000000,19.9700000000,133859122.0000000000,6458200.0000000000,0.0365500000,1.3385912200,AKShare stock_zh_a_spot / 新浪
300634,彩讯股份,19.6500000000,19.7600000000,189444950.0000000000,9549003.0000000000,-0.0055700000,1.8944495000,AKShare stock_zh_a_spot / 新浪
300635,中达安,12.2800000000,11.6900000000,61871134.0000000000,5091600.0000000000,0.0504700000,0.6187113400,AKShare stock_zh_a_spot / 新浪
300636,同和药业,7.1600000000,7.0600000000,73015507.0000000000,10148400.0000000000,0.0141600000,0.7301550700,AKShare stock_zh_a_spot / 新浪
300637,扬帆新材,9.0100000000,8.8800000000,34827874.0000000000,3858780.0000000000,0.0146400000,0.3482787400,AKShare stock_zh_a_spot / 新浪
300638,广和通,18.8300000000,18.6500000000,163075140.0000000000,8632542.0000000000,0.0096500000,1.6307514000,AKShare stock_zh_a_spot / 新浪
300639,凯普生物,6.2900000000,6.0000000000,212252029.0000000000,33634280.0000000000,0.0483300000,2.1225202900,AKShare stock_zh_a_spot / 新浪
300640,德艺文创,6.7100000000,6.4300000000,70651974.0000000000,10581600.0000000000,0.0435500000,0.7065197400,AKShare stock_zh_a_spot / 新浪
300641,正丹股份,14.1500000000,14.2400000000,91539961.0000000000,6432500.0000000000,-0.0063200000,0.9153996100,AKShare stock_zh_a_spot / 新浪
300642,透景生命,13.9400000000,13.2600000000,89257001.0000000000,6371037.0000000000,0.0512800000,0.8925700100,AKShare stock_zh_a_spot / 新浪
300643,万通智控,17.9800000000,17.8900000000,69918277.0000000000,3872800.0000000000,0.0050300000,0.6991827700,AKShare stock_zh_a_spot / 新浪
300644,南京聚隆,21.0300000000,20.7100000000,28692448.0000000000,1362010.0000000000,0.0154500000,0.2869244800,AKShare stock_zh_a_spot / 新浪
300645,正元智慧,12.9400000000,12.6200000000,30149493.0000000000,2344100.0000000000,0.0253600000,0.3014949300,AKShare stock_zh_a_spot / 新浪
300647,超频三,5.6500000000,5.5800000000,58025611.0000000000,10232500.0000000000,0.0125400000,0.5802561100,AKShare stock_zh_a_spot / 新浪
300648,星云股份,38.3500000000,37.9300000000,55377989.0000000000,1440315.0000000000,0.0110700000,0.5537798900,AKShare stock_zh_a_spot / 新浪
300649,杭州园林,25.8700000000,24.1500000000,221877607.0000000000,8564000.0000000000,0.0712200000,2.2187760700,AKShare stock_zh_a_spot / 新浪
300650,太龙股份,11.6100000000,11.5000000000,55817162.0000000000,4784400.0000000000,0.0095700000,0.5581716200,AKShare stock_zh_a_spot / 新浪
300651,金陵体育,17.0900000000,16.9200000000,51883172.0000000000,3023245.0000000000,0.0100500000,0.5188317200,AKShare stock_zh_a_spot / 新浪
300652,雷迪克,28.5600000000,27.9900000000,40670544.0000000000,1425050.0000000000,0.0203600000,0.4067054400,AKShare stock_zh_a_spot / 新浪
300653,正海生物,15.7700000000,15.3600000000,105048724.0000000000,6625849.0000000000,0.0266900000,1.0504872400,AKShare stock_zh_a_spot / 新浪
300654,世纪天鸿,10.0000000000,10.0000000000,120012760.0000000000,12094800.0000000000,0.0000000000,1.2001276000,AKShare stock_zh_a_spot / 新浪
300655,晶瑞电材,12.7000000000,12.9500000000,493111983.0000000000,38373868.0000000000,-0.0193100000,4.9311198300,AKShare stock_zh_a_spot / 新浪
300656,民德电子,27.1300000000,26.8700000000,166173433.0000000000,6125900.0000000000,0.0096800000,1.6617343300,AKShare stock_zh_a_spot / 新浪
300657,弘信电子,35.3700000000,34.5800000000,750800376.0000000000,21454781.0000000000,0.0228500000,7.5080037600,AKShare stock_zh_a_spot / 新浪
300658,延江股份,10.5900000000,10.4400000000,63817994.0000000000,5985340.0000000000,0.0143700000,0.6381799400,AKShare stock_zh_a_spot / 新浪
300659,中孚信息,10.2400000000,9.9400000000,43536399.0000000000,4265300.0000000000,0.0301800000,0.4353639900,AKShare stock_zh_a_spot / 新浪
300660,江苏雷利,24.3700000000,24.9100000000,186164821.0000000000,7580878.0000000000,-0.0216800000,1.8616482100,AKShare stock_zh_a_spot / 新浪
300661,圣邦股份,116.5800000000,106.4900000000,2344349909.0000000000,20203526.0000000000,0.0947500000,23.4434990900,AKShare stock_zh_a_spot / 新浪
300662,科锐国际,20.1500000000,19.9700000000,51971311.0000000000,2578300.0000000000,0.0090100000,0.5197131100,AKShare stock_zh_a_spot / 新浪
300663,科蓝软件,8.0000000000,8.1300000000,214912898.0000000000,26637387.0000000000,-0.0159900000,2.1491289800,AKShare stock_zh_a_spot / 新浪
300664,鹏鹞环保,4.6300000000,4.5100000000,40316761.0000000000,8745900.0000000000,0.0266100000,0.4031676100,AKShare stock_zh_a_spot / 新浪
300665,飞鹿股份,9.4900000000,9.3800000000,47385691.0000000000,4988100.0000000000,0.0117300000,0.4738569100,AKShare stock_zh_a_spot / 新浪
300666,江丰电子,249.0500000000,252.5700000000,3579846942.0000000000,14228594.0000000000,-0.0139400000,35.7984694200,AKShare stock_zh_a_spot / 新浪
300667,必创科技,14.9300000000,14.1000000000,187191791.0000000000,12506525.0000000000,0.0588700000,1.8719179100,AKShare stock_zh_a_spot / 新浪
300668,杰恩股份,34.3900000000,33.9600000000,251748446.0000000000,7203900.0000000000,0.0126600000,2.5174844600,AKShare stock_zh_a_spot / 新浪
300669,沪宁股份,23.4900000000,22.5300000000,38892773.0000000000,1670950.0000000000,0.0426100000,0.3889277300,AKShare stock_zh_a_spot / 新浪
300670,大烨智能,6.3500000000,6.2100000000,59471203.0000000000,9399600.0000000000,0.0225400000,0.5947120300,AKShare stock_zh_a_spot / 新浪
300671,富满微,60.0800000000,57.8600000000,1008560156.0000000000,16599516.0000000000,0.0383700000,10.0856015600,AKShare stock_zh_a_spot / 新浪
300672,国科微,163.5500000000,162.4400000000,1737078436.0000000000,10495361.0000000000,0.0068300000,17.3707843600,AKShare stock_zh_a_spot / 新浪
300673,佩蒂股份,13.0200000000,12.8600000000,26721796.0000000000,2054400.0000000000,0.0124400000,0.2672179600,AKShare stock_zh_a_spot / 新浪
300674,宇信科技,15.2400000000,14.9500000000,140798087.0000000000,9278337.0000000000,0.0194000000,1.4079808700,AKShare stock_zh_a_spot / 新浪
300675,建科院,12.8200000000,12.5500000000,23371489.0000000000,1830200.0000000000,0.0215100000,0.2337148900,AKShare stock_zh_a_spot / 新浪
300676,华大基因,43.7800000000,37.6000000000,2096420695.0000000000,47708455.0000000000,0.1643600000,20.9642069500,AKShare stock_zh_a_spot / 新浪
300677,英科医疗,48.9800000000,48.9400000000,322444538.0000000000,6477279.0000000000,0.0008200000,3.2244453800,AKShare stock_zh_a_spot / 新浪
300678,中科信息,21.8100000000,21.5900000000,82085156.0000000000,3774814.0000000000,0.0101900000,0.8208515600,AKShare stock_zh_a_spot / 新浪
300679,电连技术,50.4500000000,48.9800000000,1629644800.0000000000,32265146.0000000000,0.0300100000,16.2964480000,AKShare stock_zh_a_spot / 新浪
300680,隆盛科技,20.0700000000,20.4400000000,140998280.0000000000,6984160.0000000000,-0.0181000000,1.4099828000,AKShare stock_zh_a_spot / 新浪
300681,英搏尔,21.1800000000,21.0500000000,100417304.0000000000,4722662.0000000000,0.0061800000,1.0041730400,AKShare stock_zh_a_spot / 新浪
300682,朗新科技,9.4700000000,9.3700000000,186000696.0000000000,19748219.0000000000,0.0106700000,1.8600069600,AKShare stock_zh_a_spot / 新浪
300683,海特生物,30.3800000000,28.8500000000,362469332.0000000000,11874100.0000000000,0.0530300000,3.6246933200,AKShare stock_zh_a_spot / 新浪
300684,中石科技,90.6700000000,86.5900000000,2733368145.0000000000,30365257.0000000000,0.0471200000,27.3336814500,AKShare stock_zh_a_spot / 新浪
300685,艾德生物,19.7100000000,18.3500000000,489369754.0000000000,24676813.0000000000,0.0741100000,4.8936975400,AKShare stock_zh_a_spot / 新浪
300686,智动力,14.0200000000,13.9100000000,134687016.0000000000,9525400.0000000000,0.0079100000,1.3468701600,AKShare stock_zh_a_spot / 新浪
300687,赛意信息,27.9800000000,28.1100000000,1259848842.0000000000,42995071.0000000000,-0.0046200000,12.5984884200,AKShare stock_zh_a_spot / 新浪
300688,创业黑马,30.2800000000,30.4500000000,360586634.0000000000,11847274.0000000000,-0.0055800000,3.6058663400,AKShare stock_zh_a_spot / 新浪
300689,澄天伟业,53.3500000000,53.6400000000,154725792.0000000000,2877290.0000000000,-0.0054100000,1.5472579200,AKShare stock_zh_a_spot / 新浪
300690,双一科技,20.5800000000,20.3200000000,39002147.0000000000,1892200.0000000000,0.0128000000,0.3900214700,AKShare stock_zh_a_spot / 新浪
300691,联合光电,14.1000000000,13.6500000000,52873393.0000000000,3758000.0000000000,0.0329700000,0.5287339300,AKShare stock_zh_a_spot / 新浪
300692,中赋科技,9.5600000000,9.1700000000,305334605.0000000000,31788437.0000000000,0.0425300000,3.0533460500,AKShare stock_zh_a_spot / 新浪
300693,盛弘股份,41.3000000000,41.6500000000,377839966.0000000000,9115993.0000000000,-0.0084000000,3.7783996600,AKShare stock_zh_a_spot / 新浪
300694,蠡湖股份,10.6400000000,10.5700000000,27776836.0000000000,2607300.0000000000,0.0066200000,0.2777683600,AKShare stock_zh_a_spot / 新浪
300695,兆丰股份,49.1800000000,48.7000000000,43059610.0000000000,877478.0000000000,0.0098600000,0.4305961000,AKShare stock_zh_a_spot / 新浪
300696,爱乐达,20.0400000000,20.1000000000,121332925.0000000000,6005363.0000000000,-0.0029900000,1.2133292500,AKShare stock_zh_a_spot / 新浪
300697,电工合金,15.1600000000,14.0200000000,310158644.0000000000,20869991.0000000000,0.0813100000,3.1015864400,AKShare stock_zh_a_spot / 新浪
300698,万马科技,25.0000000000,24.5000000000,49712732.0000000000,1989900.0000000000,0.0204100000,0.4971273200,AKShare stock_zh_a_spot / 新浪
300699,光威复材,24.3800000000,24.5700000000,217207299.0000000000,8856163.0000000000,-0.0077300000,2.1720729900,AKShare stock_zh_a_spot / 新浪
300700,岱勒新材,19.2800000000,18.6500000000,182907764.0000000000,9423015.0000000000,0.0337800000,1.8290776400,AKShare stock_zh_a_spot / 新浪
300701,森霸传感,9.7700000000,9.4900000000,36063352.0000000000,3701575.0000000000,0.0295000000,0.3606335200,AKShare stock_zh_a_spot / 新浪
300702,天宇股份,22.4100000000,22.3800000000,82859054.0000000000,3641336.0000000000,0.0013400000,0.8285905400,AKShare stock_zh_a_spot / 新浪
300703,创源股份,13.3100000000,13.0300000000,39809909.0000000000,3005500.0000000000,0.0214900000,0.3980990900,AKShare stock_zh_a_spot / 新浪
300705,九典制药,12.4300000000,12.4200000000,422857791.0000000000,33514249.0000000000,0.0008100000,4.2285779100,AKShare stock_zh_a_spot / 新浪
300706,阿石创,52.2800000000,52.7100000000,351734861.0000000000,6675660.0000000000,-0.0081600000,3.5173486100,AKShare stock_zh_a_spot / 新浪
300707,威唐工业,11.9800000000,11.7200000000,46933026.0000000000,3921400.0000000000,0.0221800000,0.4693302600,AKShare stock_zh_a_spot / 新浪
300708,聚灿光电,7.8100000000,7.6400000000,83089842.0000000000,10688576.0000000000,0.0222500000,0.8308984200,AKShare stock_zh_a_spot / 新浪
300709,精研科技,40.2100000000,38.4500000000,641794738.0000000000,15992487.0000000000,0.0457700000,6.4179473800,AKShare stock_zh_a_spot / 新浪
300710,万隆光电,32.2700000000,26.8900000000,201260048.0000000000,6602606.0000000000,0.2000700000,2.0126004800,AKShare stock_zh_a_spot / 新浪
300711,广哈通信,16.9900000000,16.6800000000,87314384.0000000000,5162040.0000000000,0.0185900000,0.8731438400,AKShare stock_zh_a_spot / 新浪
300712,永福股份,20.4700000000,20.0700000000,33366671.0000000000,1625440.0000000000,0.0199300000,0.3336667100,AKShare stock_zh_a_spot / 新浪
300713,英可瑞,13.0800000000,12.8100000000,20863700.0000000000,1602600.0000000000,0.0210800000,0.2086370000,AKShare stock_zh_a_spot / 新浪
300715,凯伦股份,14.0600000000,13.8500000000,96183711.0000000000,6812120.0000000000,0.0151600000,0.9618371100,AKShare stock_zh_a_spot / 新浪
300717,华信新材,18.2200000000,17.8000000000,34311185.0000000000,1892200.0000000000,0.0236000000,0.3431118500,AKShare stock_zh_a_spot / 新浪
300718,长盛轴承,57.0500000000,60.5600000000,690454654.0000000000,11907551.0000000000,-0.0579600000,6.9045465400,AKShare stock_zh_a_spot / 新浪
300719,安达维尔,11.4300000000,11.2400000000,37082662.0000000000,3248100.0000000000,0.0169000000,0.3708266200,AKShare stock_zh_a_spot / 新浪
300720,海川智能,78.6100000000,79.5000000000,1013980614.0000000000,12889431.0000000000,-0.0111900000,10.1398061400,AKShare stock_zh_a_spot / 新浪
300721,怡达股份,22.5600000000,23.0500000000,188550295.0000000000,8334986.0000000000,-0.0212600000,1.8855029500,AKShare stock_zh_a_spot / 新浪
300722,新余国科,20.6800000000,20.6100000000,40954305.0000000000,1977100.0000000000,0.0034000000,0.4095430500,AKShare stock_zh_a_spot / 新浪
300723,一品红,38.3400000000,37.0300000000,705705845.0000000000,18304295.0000000000,0.0353800000,7.0570584500,AKShare stock_zh_a_spot / 新浪
300724,捷佳伟创,58.3100000000,59.4100000000,620748918.0000000000,10570224.0000000000,-0.0185200000,6.2074891800,AKShare stock_zh_a_spot / 新浪
300725,药石科技,54.3800000000,49.5100000000,2492887554.0000000000,45869309.0000000000,0.0983600000,24.9288755400,AKShare stock_zh_a_spot / 新浪
300726,宏达电子,51.9000000000,51.9200000000,434222089.0000000000,8309651.0000000000,-0.0003900000,4.3422208900,AKShare stock_zh_a_spot / 新浪
300727,润禾材料,26.7400000000,26.6100000000,46910795.0000000000,1745100.0000000000,0.0048900000,0.4691079500,AKShare stock_zh_a_spot / 新浪
300729,乐歌股份,10.2100000000,10.0300000000,19260783.0000000000,1887513.0000000000,0.0179500000,0.1926078300,AKShare stock_zh_a_spot / 新浪
300730,科创信息,11.2700000000,11.1800000000,27073785.0000000000,2392450.0000000000,0.0080500000,0.2707378500,AKShare stock_zh_a_spot / 新浪
300731,科创新源,36.5600000000,36.7900000000,226980312.0000000000,6153140.0000000000,-0.0062500000,2.2698031200,AKShare stock_zh_a_spot / 新浪
300732,设研院,6.0200000000,6.1100000000,58461907.0000000000,9745887.0000000000,-0.0147300000,0.5846190700,AKShare stock_zh_a_spot / 新浪
300733,西菱动力,14.1100000000,14.0000000000,52767741.0000000000,3721844.0000000000,0.0078600000,0.5276774100,AKShare stock_zh_a_spot / 新浪
300735,光弘科技,19.7000000000,19.4000000000,228300886.0000000000,11572086.0000000000,0.0154600000,2.2830088600,AKShare stock_zh_a_spot / 新浪
300736,百邦科技,28.9600000000,27.2700000000,197162336.0000000000,6918112.0000000000,0.0619700000,1.9716233600,AKShare stock_zh_a_spot / 新浪
300737,科顺股份,4.8700000000,4.8000000000,143931793.0000000000,29768417.0000000000,0.0145800000,1.4393179300,AKShare stock_zh_a_spot / 新浪
300738,奥飞数据,20.9600000000,21.3300000000,1080497858.0000000000,51058490.0000000000,-0.0173500000,10.8049785800,AKShare stock_zh_a_spot / 新浪
300739,明阳电路,22.5600000000,22.0800000000,210325792.0000000000,9260684.0000000000,0.0217400000,2.1032579200,AKShare stock_zh_a_spot / 新浪
300740,水羊股份,20.8100000000,19.8300000000,861576463.0000000000,41139092.0000000000,0.0494200000,8.6157646300,AKShare stock_zh_a_spot / 新浪
300741,华宝股份,13.6400000000,13.1900000000,38009895.0000000000,2805475.0000000000,0.0341200000,0.3800989500,AKShare stock_zh_a_spot / 新浪
300743,天地数码,14.8700000000,14.5800000000,24234984.0000000000,1630385.0000000000,0.0198900000,0.2423498400,AKShare stock_zh_a_spot / 新浪
300745,欣锐科技,28.5400000000,28.3900000000,151510312.0000000000,5281767.0000000000,0.0052800000,1.5151031200,AKShare stock_zh_a_spot / 新浪
300746,汉嘉数智,13.5100000000,13.6800000000,46734602.0000000000,3405300.0000000000,-0.0124300000,0.4673460200,AKShare stock_zh_a_spot / 新浪
300747,锐科激光,35.3800000000,34.7200000000,499878004.0000000000,14092979.0000000000,0.0190100000,4.9987800400,AKShare stock_zh_a_spot / 新浪
300748,金力永磁,27.2400000000,26.5200000000,864053678.0000000000,31261251.0000000000,0.0271500000,8.6405367800,AKShare stock_zh_a_spot / 新浪
300749,顶固集创,23.3800000000,23.2000000000,123836394.0000000000,5210680.0000000000,0.0077600000,1.2383639400,AKShare stock_zh_a_spot / 新浪
300750,宁德时代,385.0000000000,389.0000000000,6928336379.0000000000,17909645.0000000000,-0.0102800000,69.2833637900,AKShare stock_zh_a_spot / 新浪
300751,迈为股份,196.0400000000,189.5000000000,2235631418.0000000000,11343755.0000000000,0.0345100000,22.3563141800,AKShare stock_zh_a_spot / 新浪
300752,隆利科技,10.9600000000,10.7500000000,158003358.0000000000,14175450.0000000000,0.0195300000,1.5800335800,AKShare stock_zh_a_spot / 新浪
300753,爱朋医疗,23.1800000000,22.2600000000,235364718.0000000000,10065026.0000000000,0.0413300000,2.3536471800,AKShare stock_zh_a_spot / 新浪
300755,华致酒行,11.2700000000,10.9400000000,42360644.0000000000,3772903.0000000000,0.0301600000,0.4236064400,AKShare stock_zh_a_spot / 新浪
300756,金马游乐,28.9100000000,29.3300000000,118400000.0000000000,4003958.0000000000,-0.0143200000,1.1840000000,AKShare stock_zh_a_spot / 新浪
300757,罗博特科,503.1100000000,483.0100000000,3748814508.0000000000,7403428.0000000000,0.0416100000,37.4881450800,AKShare stock_zh_a_spot / 新浪
300758,七彩化学,10.6800000000,10.5400000000,40089990.0000000000,3759596.0000000000,0.0132800000,0.4008999000,AKShare stock_zh_a_spot / 新浪
300759,康龙化成,50.9000000000,48.4500000000,5313706175.0000000000,103423367.0000000000,0.0505700000,53.1370617500,AKShare stock_zh_a_spot / 新浪
300760,迈瑞医疗,158.0700000000,150.6300000000,2568635096.0000000000,16323490.0000000000,0.0493900000,25.6863509600,AKShare stock_zh_a_spot / 新浪
300761,立华股份,18.7100000000,18.4200000000,165950704.0000000000,8860398.0000000000,0.0157400000,1.6595070400,AKShare stock_zh_a_spot / 新浪
300762,上海瀚讯,28.7000000000,30.5800000000,1233688067.0000000000,42316715.0000000000,-0.0614800000,12.3368806700,AKShare stock_zh_a_spot / 新浪
300763,锦浪科技,60.9000000000,61.7200000000,450843379.0000000000,7335877.0000000000,-0.0132900000,4.5084337900,AKShare stock_zh_a_spot / 新浪
300765,石药创新,51.7800000000,43.1500000000,3228159926.0000000000,64522212.0000000000,0.2000000000,32.2815992600,AKShare stock_zh_a_spot / 新浪
300766,每日互动,21.6000000000,21.5100000000,319484851.0000000000,14705996.0000000000,0.0041800000,3.1948485100,AKShare stock_zh_a_spot / 新浪
300767,震安科技,18.8400000000,19.2300000000,166995407.0000000000,8745231.0000000000,-0.0202800000,1.6699540700,AKShare stock_zh_a_spot / 新浪
300768,迪普科技,14.7400000000,14.5400000000,94033834.0000000000,6405191.0000000000,0.0137600000,0.9403383400,AKShare stock_zh_a_spot / 新浪
300769,德方纳米,45.3500000000,46.1000000000,453048194.0000000000,9908176.0000000000,-0.0162700000,4.5304819400,AKShare stock_zh_a_spot / 新浪
300770,新媒股份,34.3800000000,33.7500000000,78381669.0000000000,2283093.0000000000,0.0186700000,0.7838166900,AKShare stock_zh_a_spot / 新浪
300771,智莱科技,11.3800000000,11.2500000000,37476192.0000000000,3288346.0000000000,0.0115600000,0.3747619200,AKShare stock_zh_a_spot / 新浪
300772,运达股份,11.3400000000,11.4700000000,113667034.0000000000,9964580.0000000000,-0.0113300000,1.1366703400,AKShare stock_zh_a_spot / 新浪
300773,拉卡拉,14.7900000000,14.3000000000,568419570.0000000000,38481142.0000000000,0.0342700000,5.6841957000,AKShare stock_zh_a_spot / 新浪
300774,倍杰特,11.0000000000,10.6900000000,87739103.0000000000,7943589.0000000000,0.0290000000,0.8773910300,AKShare stock_zh_a_spot / 新浪
300775,三角防务,20.8900000000,20.6200000000,187519481.0000000000,8991346.0000000000,0.0130900000,1.8751948100,AKShare stock_zh_a_spot / 新浪
300776,帝尔激光,114.8500000000,115.6600000000,758540475.0000000000,6573696.0000000000,-0.0070000000,7.5854047500,AKShare stock_zh_a_spot / 新浪
300777,中简科技,23.1500000000,23.3900000000,152415378.0000000000,6523787.0000000000,-0.0102600000,1.5241537800,AKShare stock_zh_a_spot / 新浪
300778,新城市,10.3500000000,10.0400000000,28581903.0000000000,2762783.0000000000,0.0308800000,0.2858190300,AKShare stock_zh_a_spot / 新浪
300779,惠城环保,67.4000000000,72.4600000000,964689188.0000000000,13976570.0000000000,-0.0698300000,9.6468918800,AKShare stock_zh_a_spot / 新浪
300780,德恩精工,19.7200000000,19.5900000000,125362069.0000000000,6330700.0000000000,0.0066400000,1.2536206900,AKShare stock_zh_a_spot / 新浪
300781,因赛集团,27.1600000000,26.9000000000,76042867.0000000000,2787598.0000000000,0.0096700000,0.7604286700,AKShare stock_zh_a_spot / 新浪
300782,卓胜微,76.7000000000,76.1400000000,754525729.0000000000,9740328.0000000000,0.0073500000,7.5452572900,AKShare stock_zh_a_spot / 新浪
300783,三只松鼠,17.1300000000,16.8800000000,85655706.0000000000,5017600.0000000000,0.0148100000,0.8565570600,AKShare stock_zh_a_spot / 新浪
300784,利安科技,41.1700000000,42.0800000000,51451815.0000000000,1247299.0000000000,-0.0216300000,0.5145181500,AKShare stock_zh_a_spot / 新浪
300785,值得买,36.4100000000,36.1000000000,175191148.0000000000,4802811.0000000000,0.0085900000,1.7519114800,AKShare stock_zh_a_spot / 新浪
300786,国林科技,15.5600000000,15.4600000000,99345804.0000000000,6370100.0000000000,0.0064700000,0.9934580400,AKShare stock_zh_a_spot / 新浪
300787,海能实业,10.1400000000,10.0300000000,50425191.0000000000,4940960.0000000000,0.0109700000,0.5042519100,AKShare stock_zh_a_spot / 新浪
300788,中信出版,23.9800000000,26.4000000000,272842876.0000000000,11048964.0000000000,-0.0916700000,2.7284287600,AKShare stock_zh_a_spot / 新浪
300789,唐源电气,17.7000000000,16.9100000000,109353229.0000000000,6137894.0000000000,0.0467200000,1.0935322900,AKShare stock_zh_a_spot / 新浪
300790,宇瞳光学,19.7100000000,18.9100000000,518092544.0000000000,26612063.0000000000,0.0423100000,5.1809254400,AKShare stock_zh_a_spot / 新浪
300791,仙乐健康,17.1800000000,16.7100000000,64386343.0000000000,3734030.0000000000,0.0281300000,0.6438634300,AKShare stock_zh_a_spot / 新浪
300792,壹网壹创,23.4500000000,22.9700000000,98714140.0000000000,4214900.0000000000,0.0209000000,0.9871414000,AKShare stock_zh_a_spot / 新浪
300793,佳禾智能,10.8800000000,10.6300000000,63337816.0000000000,5840300.0000000000,0.0235200000,0.6333781600,AKShare stock_zh_a_spot / 新浪
300795,米奥会展,14.0200000000,15.1000000000,430659038.0000000000,29956241.0000000000,-0.0715200000,4.3065903800,AKShare stock_zh_a_spot / 新浪
300796,贝斯美,6.7300000000,6.6000000000,25731859.0000000000,3830720.0000000000,0.0197000000,0.2573185900,AKShare stock_zh_a_spot / 新浪
300797,钢研纳克,14.6300000000,14.7700000000,137997813.0000000000,9318918.0000000000,-0.0094800000,1.3799781300,AKShare stock_zh_a_spot / 新浪
300798,锦鸡股份,7.1600000000,7.0500000000,79832894.0000000000,11201490.0000000000,0.0156000000,0.7983289400,AKShare stock_zh_a_spot / 新浪
300800,力合科技,10.0800000000,9.8900000000,25880174.0000000000,2576100.0000000000,0.0192100000,0.2588017400,AKShare stock_zh_a_spot / 新浪
300801,泰和科技,22.8200000000,22.7900000000,83646333.0000000000,3648900.0000000000,0.0013200000,0.8364633300,AKShare stock_zh_a_spot / 新浪
300802,矩子科技,22.3500000000,21.9500000000,106203960.0000000000,4767492.0000000000,0.0182200000,1.0620396000,AKShare stock_zh_a_spot / 新浪
300803,指南针,79.3200000000,79.2700000000,729164520.0000000000,9186673.0000000000,0.0006300000,7.2916452000,AKShare stock_zh_a_spot / 新浪
300804,广康生化,43.1600000000,42.0000000000,28272988.0000000000,658800.0000000000,0.0276200000,0.2827298800,AKShare stock_zh_a_spot / 新浪
300805,电声股份,7.9500000000,7.8300000000,58531639.0000000000,7396300.0000000000,0.0153300000,0.5853163900,AKShare stock_zh_a_spot / 新浪
300806,斯迪克,46.9000000000,46.7800000000,1173265739.0000000000,24906689.0000000000,0.0025700000,11.7326573900,AKShare stock_zh_a_spot / 新浪
300807,天迈科技,35.5700000000,34.9600000000,53187525.0000000000,1487700.0000000000,0.0174500000,0.5318752500,AKShare stock_zh_a_spot / 新浪
300808,久量股份,19.0200000000,19.1900000000,29360674.0000000000,1534400.0000000000,-0.0088600000,0.2936067400,AKShare stock_zh_a_spot / 新浪
300809,华辰装备,23.6700000000,23.4100000000,106092134.0000000000,4468265.0000000000,0.0111100000,1.0609213400,AKShare stock_zh_a_spot / 新浪
300810,中科海讯,23.6600000000,23.2200000000,32251348.0000000000,1362800.0000000000,0.0189500000,0.3225134800,AKShare stock_zh_a_spot / 新浪
300811,铂科新材,76.9300000000,74.0400000000,1009284157.0000000000,13113445.0000000000,0.0390300000,10.0928415700,AKShare stock_zh_a_spot / 新浪
300812,易天股份,19.4000000000,18.4600000000,159585599.0000000000,8248997.0000000000,0.0509200000,1.5958559900,AKShare stock_zh_a_spot / 新浪
300813,泰林生物,21.7100000000,19.6200000000,171054735.0000000000,7907312.0000000000,0.1065200000,1.7105473500,AKShare stock_zh_a_spot / 新浪
300814,中富电路,137.2000000000,135.3100000000,971437946.0000000000,7010819.0000000000,0.0139700000,9.7143794600,AKShare stock_zh_a_spot / 新浪
300815,玉禾田,16.0600000000,15.7000000000,74975535.0000000000,4682384.0000000000,0.0229300000,0.7497553500,AKShare stock_zh_a_spot / 新浪
300816,艾可蓝,50.7800000000,49.7600000000,86419459.0000000000,1704300.0000000000,0.0205000000,0.8641945900,AKShare stock_zh_a_spot / 新浪
300817,双飞集团,15.3000000000,15.0700000000,47526033.0000000000,3086351.0000000000,0.0152600000,0.4752603300,AKShare stock_zh_a_spot / 新浪
300818,耐普矿机,18.9600000000,18.7300000000,49027028.0000000000,2567695.0000000000,0.0122800000,0.4902702800,AKShare stock_zh_a_spot / 新浪
300819,聚杰微纤,46.0200000000,44.3000000000,213081787.0000000000,4601000.0000000000,0.0388300000,2.1308178700,AKShare stock_zh_a_spot / 新浪
300820,英杰电气,52.2600000000,52.6500000000,187962357.0000000000,3595901.0000000000,-0.0074100000,1.8796235700,AKShare stock_zh_a_spot / 新浪
300821,东岳硅材,17.3100000000,18.3000000000,1927945069.0000000000,111561811.0000000000,-0.0541000000,19.2794506900,AKShare stock_zh_a_spot / 新浪
300822,贝仕达克,11.5800000000,11.2400000000,42676998.0000000000,3703578.0000000000,0.0302500000,0.4267699800,AKShare stock_zh_a_spot / 新浪
300823,建科智能,15.0700000000,14.7000000000,34778761.0000000000,2314148.0000000000,0.0251700000,0.3477876100,AKShare stock_zh_a_spot / 新浪
300824,北鼎股份,7.7500000000,7.5600000000,33677257.0000000000,4372250.0000000000,0.0251300000,0.3367725700,AKShare stock_zh_a_spot / 新浪
300825,阿尔特,10.5800000000,10.4000000000,200874315.0000000000,18980453.0000000000,0.0173100000,2.0087431500,AKShare stock_zh_a_spot / 新浪
300826,测绘股份,15.0200000000,14.3900000000,174497771.0000000000,11588464.0000000000,0.0437800000,1.7449777100,AKShare stock_zh_a_spot / 新浪
300827,上能电气,25.4100000000,25.6500000000,189958588.0000000000,7410422.0000000000,-0.0093600000,1.8995858800,AKShare stock_zh_a_spot / 新浪
300828,锐新科技,16.9200000000,16.4800000000,130263890.0000000000,7736200.0000000000,0.0267000000,1.3026389000,AKShare stock_zh_a_spot / 新浪
300829,金丹科技,15.0800000000,15.0900000000,66480964.0000000000,4390438.0000000000,-0.0006600000,0.6648096400,AKShare stock_zh_a_spot / 新浪
300830,金现代,8.0500000000,7.9300000000,49493536.0000000000,6142600.0000000000,0.0151300000,0.4949353600,AKShare stock_zh_a_spot / 新浪
300832,新产业,54.5700000000,53.6600000000,580252822.0000000000,10667105.0000000000,0.0169600000,5.8025282200,AKShare stock_zh_a_spot / 新浪
300833,浩洋股份,35.8000000000,35.7700000000,15067022.0000000000,419600.0000000000,0.0008400000,0.1506702200,AKShare stock_zh_a_spot / 新浪
300834,星辉环材,38.6000000000,38.3400000000,39040715.0000000000,1002561.0000000000,0.0067800000,0.3904071500,AKShare stock_zh_a_spot / 新浪
300835,龙磁科技,157.2600000000,151.4700000000,502801592.0000000000,3182522.0000000000,0.0382300000,5.0280159200,AKShare stock_zh_a_spot / 新浪
300836,佰奥智能,49.3000000000,45.7800000000,180566457.0000000000,3715480.0000000000,0.0768900000,1.8056645700,AKShare stock_zh_a_spot / 新浪
300837,浙矿股份,23.2500000000,22.5200000000,32800267.0000000000,1414700.0000000000,0.0324200000,0.3280026700,AKShare stock_zh_a_spot / 新浪
300838,浙江力诺,13.7500000000,13.5300000000,23350740.0000000000,1702716.0000000000,0.0162600000,0.2335074000,AKShare stock_zh_a_spot / 新浪
300839,博汇股份,10.3900000000,10.4500000000,49504985.0000000000,4730800.0000000000,-0.0057400000,0.4950498500,AKShare stock_zh_a_spot / 新浪
300840,酷特智能,19.0200000000,18.9100000000,101419611.0000000000,5318800.0000000000,0.0058200000,1.0141961100,AKShare stock_zh_a_spot / 新浪
300841,康华生物,60.3100000000,50.2600000000,506960588.0000000000,8464986.0000000000,0.1999600000,5.0696058800,AKShare stock_zh_a_spot / 新浪
300842,帝科股份,61.4700000000,61.4500000000,223347737.0000000000,3610322.0000000000,0.0003300000,2.2334773700,AKShare stock_zh_a_spot / 新浪
300843,胜蓝股份,145.3800000000,132.0700000000,1758914970.0000000000,12385775.0000000000,0.1007800000,17.5891497000,AKShare stock_zh_a_spot / 新浪
300844,山水比德,23.4700000000,22.7800000000,23699712.0000000000,1018200.0000000000,0.0302900000,0.2369971200,AKShare stock_zh_a_spot / 新浪
300845,捷安高科,12.2700000000,12.0100000000,89232421.0000000000,7327629.0000000000,0.0216500000,0.8923242100,AKShare stock_zh_a_spot / 新浪
300846,首都在线,18.8500000000,19.0200000000,383416034.0000000000,20222700.0000000000,-0.0089400000,3.8341603400,AKShare stock_zh_a_spot / 新浪
300847,中船汉光,13.8200000000,13.7000000000,35481693.0000000000,2566650.0000000000,0.0087600000,0.3548169300,AKShare stock_zh_a_spot / 新浪
300848,美瑞新材,12.5900000000,12.4300000000,28503445.0000000000,2269708.0000000000,0.0128700000,0.2850344500,AKShare stock_zh_a_spot / 新浪
300849,锦盛新材,20.5200000000,19.5700000000,77151810.0000000000,3763950.0000000000,0.0485400000,0.7715181000,AKShare stock_zh_a_spot / 新浪
300850,新强联,25.3000000000,25.3200000000,169527252.0000000000,6705690.0000000000,-0.0007900000,1.6952725200,AKShare stock_zh_a_spot / 新浪
300851,交大思诺,24.2600000000,23.6200000000,22769430.0000000000,943000.0000000000,0.0271000000,0.2276943000,AKShare stock_zh_a_spot / 新浪
300852,四会富仕,45.3600000000,45.0900000000,278831449.0000000000,6112261.0000000000,0.0059900000,2.7883144900,AKShare stock_zh_a_spot / 新浪
300853,申昊科技,27.2000000000,26.0700000000,191178008.0000000000,7031400.0000000000,0.0433400000,1.9117800800,AKShare stock_zh_a_spot / 新浪
300854,中兰环保,18.2100000000,17.7500000000,126114647.0000000000,6927980.0000000000,0.0259200000,1.2611464700,AKShare stock_zh_a_spot / 新浪
300855,图南股份,32.3100000000,33.0000000000,490329760.0000000000,14778258.0000000000,-0.0209100000,4.9032976000,AKShare stock_zh_a_spot / 新浪
300856,科思股份,11.0300000000,10.7900000000,86167297.0000000000,7805901.0000000000,0.0222400000,0.8616729700,AKShare stock_zh_a_spot / 新浪
300857,协创数据,247.3800000000,247.6700000000,3677580257.0000000000,14854079.0000000000,-0.0011700000,36.7758025700,AKShare stock_zh_a_spot / 新浪
300858,科拓生物,15.8500000000,15.7900000000,175981812.0000000000,11052675.0000000000,0.0038000000,1.7598181200,AKShare stock_zh_a_spot / 新浪
300859,西域旅游,26.5500000000,25.7500000000,74993049.0000000000,2831099.0000000000,0.0310700000,0.7499304900,AKShare stock_zh_a_spot / 新浪
300860,锋尚文化,27.0500000000,26.5300000000,35606221.0000000000,1315282.0000000000,0.0196000000,0.3560622100,AKShare stock_zh_a_spot / 新浪
300861,美畅股份,16.8500000000,16.7200000000,147705281.0000000000,8735966.0000000000,0.0077800000,1.4770528100,AKShare stock_zh_a_spot / 新浪
300863,卡倍亿,41.2700000000,42.7700000000,353527267.0000000000,8389984.0000000000,-0.0350700000,3.5352726700,AKShare stock_zh_a_spot / 新浪
300864,南大环境,20.9600000000,19.6900000000,82337128.0000000000,3934603.0000000000,0.0645000000,0.8233712800,AKShare stock_zh_a_spot / 新浪
300865,大宏立,29.3200000000,28.3000000000,325006110.0000000000,10931556.0000000000,0.0360400000,3.2500611000,AKShare stock_zh_a_spot / 新浪
300866,安克创新,115.5800000000,114.9100000000,178611349.0000000000,1539600.0000000000,0.0058300000,1.7861134900,AKShare stock_zh_a_spot / 新浪
300867,圣元环保,17.8000000000,16.3000000000,239698099.0000000000,13904483.0000000000,0.0920200000,2.3969809900,AKShare stock_zh_a_spot / 新浪
300868,杰美特,87.8200000000,84.8500000000,232409929.0000000000,2655000.0000000000,0.0350000000,2.3240992900,AKShare stock_zh_a_spot / 新浪
300869,康泰医学,11.7900000000,11.1700000000,113322824.0000000000,9552215.0000000000,0.0555100000,1.1332282400,AKShare stock_zh_a_spot / 新浪
300870,欧陆通,214.1500000000,205.1000000000,1424457817.0000000000,6889467.0000000000,0.0441200000,14.2445781700,AKShare stock_zh_a_spot / 新浪
300871,回盛生物,23.9900000000,23.6000000000,210023134.0000000000,8650390.0000000000,0.0165300000,2.1002313400,AKShare stock_zh_a_spot / 新浪
300872,天阳科技,14.7500000000,14.4100000000,141489589.0000000000,9581738.0000000000,0.0235900000,1.4148958900,AKShare stock_zh_a_spot / 新浪
300873,海晨股份,15.4900000000,15.5000000000,167864937.0000000000,10818243.0000000000,-0.0006500000,1.6786493700,AKShare stock_zh_a_spot / 新浪
300875,捷强装备,32.3700000000,31.6600000000,98997979.0000000000,3053633.0000000000,0.0224300000,0.9899797900,AKShare stock_zh_a_spot / 新浪
300876,蒙泰高新,15.4300000000,15.0700000000,38216863.0000000000,2454118.0000000000,0.0238900000,0.3821686300,AKShare stock_zh_a_spot / 新浪
300877,金春股份,29.3700000000,29.2400000000,94792024.0000000000,3278208.0000000000,0.0044500000,0.9479202400,AKShare stock_zh_a_spot / 新浪
300878,维康药业,33.3300000000,33.1200000000,102950801.0000000000,3029000.0000000000,0.0063400000,1.0295080100,AKShare stock_zh_a_spot / 新浪
300879,大叶股份,16.7200000000,16.2600000000,41255516.0000000000,2484090.0000000000,0.0282900000,0.4125551600,AKShare stock_zh_a_spot / 新浪
300880,迦南智能,19.3900000000,18.9900000000,37701752.0000000000,1937466.0000000000,0.0210600000,0.3770175200,AKShare stock_zh_a_spot / 新浪
300881,盛德鑫泰,33.1000000000,32.2100000000,47046411.0000000000,1421986.0000000000,0.0276300000,0.4704641100,AKShare stock_zh_a_spot / 新浪
300882,万胜智能,14.3400000000,14.1700000000,24592656.0000000000,1712082.0000000000,0.0120000000,0.2459265600,AKShare stock_zh_a_spot / 新浪
300883,龙利得,6.4400000000,6.2900000000,84563765.0000000000,13135787.0000000000,0.0238500000,0.8456376500,AKShare stock_zh_a_spot / 新浪
300884,狄耐克,12.3800000000,12.2500000000,54049194.0000000000,4330319.0000000000,0.0106100000,0.5404919400,AKShare stock_zh_a_spot / 新浪
300885,海昌新材,19.6100000000,19.6600000000,52313581.0000000000,2654759.0000000000,-0.0025400000,0.5231358100,AKShare stock_zh_a_spot / 新浪
300886,华业香料,24.8000000000,24.2100000000,43467923.0000000000,1744300.0000000000,0.0243700000,0.4346792300,AKShare stock_zh_a_spot / 新浪
300887,谱尼测试,7.2800000000,6.9000000000,146553190.0000000000,20253515.0000000000,0.0550700000,1.4655319000,AKShare stock_zh_a_spot / 新浪
300888,稳健医疗,29.9300000000,28.7500000000,169029149.0000000000,5696563.0000000000,0.0410400000,1.6902914900,AKShare stock_zh_a_spot / 新浪
300889,爱克股份,21.0700000000,20.8600000000,56916001.0000000000,2695284.0000000000,0.0100700000,0.5691600100,AKShare stock_zh_a_spot / 新浪
300890,翔丰华,26.1500000000,26.0600000000,70927980.0000000000,2710713.0000000000,0.0034500000,0.7092798000,AKShare stock_zh_a_spot / 新浪
300891,惠云钛业,7.1900000000,7.0800000000,40471036.0000000000,5637800.0000000000,0.0155400000,0.4047103600,AKShare stock_zh_a_spot / 新浪
300892,品渥食品,23.0000000000,22.9500000000,53555470.0000000000,2329800.0000000000,0.0021800000,0.5355547000,AKShare stock_zh_a_spot / 新浪
300893,松原安全,15.1500000000,15.2400000000,47982353.0000000000,3182569.0000000000,-0.0059100000,0.4798235300,AKShare stock_zh_a_spot / 新浪
300894,火星人,11.1200000000,11.0700000000,85118729.0000000000,7666100.0000000000,0.0045200000,0.8511872900,AKShare stock_zh_a_spot / 新浪
300895,铜牛信息,54.7300000000,54.0200000000,435780105.0000000000,8113293.0000000000,0.0131400000,4.3578010500,AKShare stock_zh_a_spot / 新浪
300896,爱美客,97.1200000000,94.3000000000,492219028.0000000000,5053837.0000000000,0.0299000000,4.9221902800,AKShare stock_zh_a_spot / 新浪
300897,山科智能,15.6500000000,15.4000000000,34307658.0000000000,2187650.0000000000,0.0162300000,0.3430765800,AKShare stock_zh_a_spot / 新浪
300898,熊猫乳品,21.2500000000,21.1700000000,70521712.0000000000,3319900.0000000000,0.0037800000,0.7052171200,AKShare stock_zh_a_spot / 新浪
300899,上海凯鑫,29.1500000000,28.1000000000,18494385.0000000000,639330.0000000000,0.0373700000,0.1849438500,AKShare stock_zh_a_spot / 新浪
300900,广联航空,21.8600000000,22.6800000000,600685526.0000000000,27146926.0000000000,-0.0361600000,6.0068552600,AKShare stock_zh_a_spot / 新浪
300901,中胤时尚,18.5700000000,17.0900000000,115681325.0000000000,6510400.0000000000,0.0866000000,1.1568132500,AKShare stock_zh_a_spot / 新浪
300902,国安达,16.1000000000,16.1800000000,59438696.0000000000,3650004.0000000000,-0.0049400000,0.5943869600,AKShare stock_zh_a_spot / 新浪
300903,科翔股份,78.8200000000,73.0100000000,2667231374.0000000000,34152530.0000000000,0.0795800000,26.6723137400,AKShare stock_zh_a_spot / 新浪
300904,威力传动,40.9500000000,40.2000000000,19173773.0000000000,470400.0000000000,0.0186600000,0.1917377300,AKShare stock_zh_a_spot / 新浪
300905,宝丽迪,36.0000000000,36.4900000000,235551896.0000000000,6512553.0000000000,-0.0134300000,2.3555189600,AKShare stock_zh_a_spot / 新浪
300906,日月明,30.7400000000,28.9300000000,91461243.0000000000,3023053.0000000000,0.0625600000,0.9146124300,AKShare stock_zh_a_spot / 新浪
300907,康平科技,51.0800000000,49.0400000000,276569177.0000000000,5530768.0000000000,0.0416000000,2.7656917700,AKShare stock_zh_a_spot / 新浪
300908,仲景食品,25.0000000000,24.6300000000,72723910.0000000000,2911939.0000000000,0.0150200000,0.7272391000,AKShare stock_zh_a_spot / 新浪
300909,汇创达,55.7500000000,53.3500000000,346312619.0000000000,6250282.0000000000,0.0449900000,3.4631261900,AKShare stock_zh_a_spot / 新浪
300910,瑞丰新材,26.4600000000,26.4600000000,106928649.0000000000,4009251.0000000000,0.0000000000,1.0692864900,AKShare stock_zh_a_spot / 新浪
300911,亿田智能,24.6600000000,26.6600000000,707776551.0000000000,28336029.0000000000,-0.0750200000,7.0777655100,AKShare stock_zh_a_spot / 新浪
300912,凯龙高科,19.1200000000,19.3100000000,80074648.0000000000,4148707.0000000000,-0.0098400000,0.8007464800,AKShare stock_zh_a_spot / 新浪
300913,兆龙互连,35.3400000000,34.0200000000,311129398.0000000000,8825088.0000000000,0.0388000000,3.1112939800,AKShare stock_zh_a_spot / 新浪
300915,海融科技,20.5700000000,20.1000000000,20630139.0000000000,1007990.0000000000,0.0233800000,0.2063013900,AKShare stock_zh_a_spot / 新浪
300916,朗特智能,25.3000000000,24.8900000000,134673395.0000000000,5334101.0000000000,0.0164700000,1.3467339500,AKShare stock_zh_a_spot / 新浪
300917,特发服务,26.9000000000,26.6200000000,482936801.0000000000,18184374.0000000000,0.0105200000,4.8293680100,AKShare stock_zh_a_spot / 新浪
300918,南山智尚,10.2100000000,10.0200000000,40390825.0000000000,3955672.0000000000,0.0189600000,0.4039082500,AKShare stock_zh_a_spot / 新浪
300919,中伟新材,39.7500000000,39.7700000000,300811423.0000000000,7524554.0000000000,-0.0005000000,3.0081142300,AKShare stock_zh_a_spot / 新浪
300920,润阳科技,33.7000000000,32.6600000000,84741747.0000000000,2512258.0000000000,0.0318400000,0.8474174700,AKShare stock_zh_a_spot / 新浪
300921,南凌科技,15.3300000000,14.9500000000,84505215.0000000000,5512496.0000000000,0.0254200000,0.8450521500,AKShare stock_zh_a_spot / 新浪
300922,天秦装备,17.0900000000,16.7600000000,54477611.0000000000,3175603.0000000000,0.0196900000,0.5447761100,AKShare stock_zh_a_spot / 新浪
300923,研奥股份,24.6800000000,24.1800000000,25551185.0000000000,1029900.0000000000,0.0206800000,0.2555118500,AKShare stock_zh_a_spot / 新浪
300925,法本信息,14.3100000000,14.1100000000,73490667.0000000000,5128909.0000000000,0.0141700000,0.7349066700,AKShare stock_zh_a_spot / 新浪
300926,博俊科技,17.4500000000,17.4500000000,41111265.0000000000,2341600.0000000000,0.0000000000,0.4111126500,AKShare stock_zh_a_spot / 新浪
300927,江天化学,25.9400000000,24.2300000000,444263390.0000000000,18087397.0000000000,0.0705700000,4.4426339000,AKShare stock_zh_a_spot / 新浪
300928,华安鑫创,25.3100000000,24.9800000000,23229530.0000000000,915400.0000000000,0.0132100000,0.2322953000,AKShare stock_zh_a_spot / 新浪
300929,华骐环保,15.3300000000,15.1800000000,135412195.0000000000,8813500.0000000000,0.0098800000,1.3541219500,AKShare stock_zh_a_spot / 新浪
300930,屹通新材,25.1800000000,24.7400000000,30851664.0000000000,1219600.0000000000,0.0177800000,0.3085166400,AKShare stock_zh_a_spot / 新浪
300931,通用电梯,15.6500000000,15.1100000000,154953204.0000000000,9997800.0000000000,0.0357400000,1.5495320400,AKShare stock_zh_a_spot / 新浪
300932,三友联众,10.6200000000,10.4800000000,118070134.0000000000,11059973.0000000000,0.0133600000,1.1807013400,AKShare stock_zh_a_spot / 新浪
300933,中辰股份,6.3000000000,6.2400000000,43683486.0000000000,6943800.0000000000,0.0096200000,0.4368348600,AKShare stock_zh_a_spot / 新浪
300935,盈建科,30.9600000000,30.6300000000,87910592.0000000000,2839973.0000000000,0.0107700000,0.8791059200,AKShare stock_zh_a_spot / 新浪
300936,中英科技,88.1400000000,80.1100000000,502152439.0000000000,5688936.0000000000,0.1002400000,5.0215243900,AKShare stock_zh_a_spot / 新浪
300937,药易购,27.7500000000,27.7000000000,197372974.0000000000,7055078.0000000000,0.0018100000,1.9737297400,AKShare stock_zh_a_spot / 新浪
300938,信测标准,27.7500000000,28.0000000000,288284326.0000000000,10298689.0000000000,-0.0089300000,2.8828432600,AKShare stock_zh_a_spot / 新浪
300939,秋田微,62.5500000000,62.9100000000,203450129.0000000000,3203033.0000000000,-0.0057200000,2.0345012900,AKShare stock_zh_a_spot / 新浪
300940,南极光,13.7400000000,13.3900000000,52343026.0000000000,3833993.0000000000,0.0261400000,0.5234302600,AKShare stock_zh_a_spot / 新浪
300941,创识科技,14.4000000000,14.2100000000,65084750.0000000000,4509608.0000000000,0.0133700000,0.6508475000,AKShare stock_zh_a_spot / 新浪
300942,易瑞生物,6.9100000000,6.6000000000,82991420.0000000000,11915315.0000000000,0.0469700000,0.8299142000,AKShare stock_zh_a_spot / 新浪
300943,春晖智控,31.0000000000,29.9000000000,453576320.0000000000,14678647.0000000000,0.0367900000,4.5357632000,AKShare stock_zh_a_spot / 新浪
300945,曼卡龙,12.3600000000,11.9800000000,176651412.0000000000,14120618.0000000000,0.0317200000,1.7665141200,AKShare stock_zh_a_spot / 新浪
300946,恒而达,36.6000000000,36.1100000000,31891191.0000000000,871284.0000000000,0.0135700000,0.3189119100,AKShare stock_zh_a_spot / 新浪
300947,德必集团,14.2300000000,13.9500000000,81708342.0000000000,5775400.0000000000,0.0200700000,0.8170834200,AKShare stock_zh_a_spot / 新浪
300948,冠中生态,20.9900000000,21.0200000000,76395842.0000000000,3601183.0000000000,-0.0014300000,0.7639584200,AKShare stock_zh_a_spot / 新浪
300949,奥雅股份,22.5400000000,21.9600000000,22249274.0000000000,988726.0000000000,0.0264100000,0.2224927400,AKShare stock_zh_a_spot / 新浪
300950,德固特,16.6700000000,16.1800000000,27237275.0000000000,1644800.0000000000,0.0302800000,0.2723727500,AKShare stock_zh_a_spot / 新浪
300951,博硕科技,70.7000000000,67.7400000000,431778978.0000000000,6121668.0000000000,0.0437000000,4.3177897800,AKShare stock_zh_a_spot / 新浪
300952,恒辉安防,16.3000000000,15.8800000000,64128568.0000000000,3941080.0000000000,0.0264500000,0.6412856800,AKShare stock_zh_a_spot / 新浪
300953,震裕科技,99.5100000000,98.2200000000,492635859.0000000000,4944418.0000000000,0.0131300000,4.9263585900,AKShare stock_zh_a_spot / 新浪
300955,嘉亨家化,30.8900000000,30.5000000000,31004928.0000000000,1000634.0000000000,0.0127900000,0.3100492800,AKShare stock_zh_a_spot / 新浪
300956,英力股份,11.1000000000,10.8500000000,38791810.0000000000,3507729.0000000000,0.0230400000,0.3879181000,AKShare stock_zh_a_spot / 新浪
300957,贝泰妮,32.3500000000,30.8400000000,365890721.0000000000,11375314.0000000000,0.0489600000,3.6589072100,AKShare stock_zh_a_spot / 新浪
300958,建工修复,12.0000000000,11.7500000000,42398951.0000000000,3547700.0000000000,0.0212800000,0.4239895100,AKShare stock_zh_a_spot / 新浪
300959,线上线下,93.6200000000,92.6100000000,193707785.0000000000,2072916.0000000000,0.0109100000,1.9370778500,AKShare stock_zh_a_spot / 新浪
300960,通业科技,16.3100000000,15.8800000000,16470954.0000000000,1014350.0000000000,0.0270800000,0.1647095400,AKShare stock_zh_a_spot / 新浪
300961,深水海纳,11.5300000000,11.4300000000,42838641.0000000000,3728900.0000000000,0.0087500000,0.4283864100,AKShare stock_zh_a_spot / 新浪
300962,中金辐照,12.8600000000,12.7800000000,41488528.0000000000,3209800.0000000000,0.0062600000,0.4148852800,AKShare stock_zh_a_spot / 新浪
300963,中洲特材,11.1300000000,11.0800000000,49632001.0000000000,4445816.0000000000,0.0045100000,0.4963200100,AKShare stock_zh_a_spot / 新浪
300964,本川智能,56.6400000000,55.6500000000,198981790.0000000000,3510148.0000000000,0.0177900000,1.9898179000,AKShare stock_zh_a_spot / 新浪
300965,恒宇信通,43.1600000000,43.1700000000,27569424.0000000000,637820.0000000000,-0.0002300000,0.2756942400,AKShare stock_zh_a_spot / 新浪
300966,共同药业,25.9500000000,25.7000000000,62028686.0000000000,2374900.0000000000,0.0097300000,0.6202868600,AKShare stock_zh_a_spot / 新浪
300967,晓鸣股份,16.7400000000,17.2300000000,255438765.0000000000,15348373.0000000000,-0.0284400000,2.5543876500,AKShare stock_zh_a_spot / 新浪
300968,格林精密,10.2700000000,10.1100000000,77275150.0000000000,7550500.0000000000,0.0158300000,0.7727515000,AKShare stock_zh_a_spot / 新浪
300969,恒帅股份,72.1800000000,70.8000000000,145223880.0000000000,2020595.0000000000,0.0194900000,1.4522388000,AKShare stock_zh_a_spot / 新浪
300970,华绿生物,21.7400000000,22.5300000000,820987948.0000000000,39993717.0000000000,-0.0350600000,8.2098794800,AKShare stock_zh_a_spot / 新浪
300971,博亚精工,18.9400000000,18.5200000000,33139902.0000000000,1756100.0000000000,0.0226800000,0.3313990200,AKShare stock_zh_a_spot / 新浪
300972,万辰集团,201.6800000000,199.6800000000,266414136.0000000000,1332654.0000000000,0.0100200000,2.6641413600,AKShare stock_zh_a_spot / 新浪
300973,立高食品,25.1700000000,24.7100000000,83093813.0000000000,3332884.0000000000,0.0186200000,0.8309381300,AKShare stock_zh_a_spot / 新浪
300975,商络电子,25.4500000000,25.3200000000,960654112.0000000000,37426909.0000000000,0.0051300000,9.6065411200,AKShare stock_zh_a_spot / 新浪
300976,达瑞电子,60.0000000000,53.2200000000,547302750.0000000000,9402320.0000000000,0.1274000000,5.4730275000,AKShare stock_zh_a_spot / 新浪
300977,深圳瑞捷,16.2200000000,15.7400000000,27891839.0000000000,1727604.0000000000,0.0305000000,0.2789183900,AKShare stock_zh_a_spot / 新浪
300978,东箭科技,8.5600000000,8.4000000000,27259763.0000000000,3182900.0000000000,0.0190500000,0.2725976300,AKShare stock_zh_a_spot / 新浪
300979,华利集团,34.4100000000,34.5400000000,73446798.0000000000,2136000.0000000000,-0.0037600000,0.7344679800,AKShare stock_zh_a_spot / 新浪
300980,祥源新材,21.8100000000,21.4100000000,99513421.0000000000,4558850.0000000000,0.0186800000,0.9951342100,AKShare stock_zh_a_spot / 新浪
300981,中红医疗,15.4000000000,14.3500000000,335945627.0000000000,21936299.0000000000,0.0731700000,3.3594562700,AKShare stock_zh_a_spot / 新浪
300982,苏文电能,14.7600000000,14.6300000000,30657638.0000000000,2077788.0000000000,0.0088900000,0.3065763800,AKShare stock_zh_a_spot / 新浪
300983,尤安设计,40.1000000000,39.6200000000,43000533.0000000000,1079974.0000000000,0.0121200000,0.4300053300,AKShare stock_zh_a_spot / 新浪
300984,金沃股份,31.0000000000,30.4700000000,96680312.0000000000,3107211.0000000000,0.0173900000,0.9668031200,AKShare stock_zh_a_spot / 新浪
300985,致远新能,39.1300000000,39.9000000000,194611044.0000000000,4894871.0000000000,-0.0193000000,1.9461104400,AKShare stock_zh_a_spot / 新浪
300986,志特新材,12.2700000000,11.8800000000,414610312.0000000000,34096467.0000000000,0.0328300000,4.1461031200,AKShare stock_zh_a_spot / 新浪
300987,川网传媒,13.3000000000,13.0900000000,35857719.0000000000,2694600.0000000000,0.0160400000,0.3585771900,AKShare stock_zh_a_spot / 新浪
300988,津荣天宇,14.5100000000,14.1300000000,42094364.0000000000,2906104.0000000000,0.0268900000,0.4209436400,AKShare stock_zh_a_spot / 新浪
300989,蕾奥规划,13.4300000000,13.0600000000,62323490.0000000000,4650265.0000000000,0.0283300000,0.6232349000,AKShare stock_zh_a_spot / 新浪
300990,同飞股份,68.8500000000,67.6600000000,280034308.0000000000,4068679.0000000000,0.0175900000,2.8003430800,AKShare stock_zh_a_spot / 新浪
300991,创益通,29.4100000000,27.2100000000,114621884.0000000000,3999070.0000000000,0.0808500000,1.1462188400,AKShare stock_zh_a_spot / 新浪
300992,泰福泵业,24.0400000000,23.7300000000,16999372.0000000000,709500.0000000000,0.0130600000,0.1699937200,AKShare stock_zh_a_spot / 新浪
300993,玉马科技,9.9900000000,9.8000000000,23866448.0000000000,2399404.0000000000,0.0193900000,0.2386644800,AKShare stock_zh_a_spot / 新浪
300994,久祺股份,11.2500000000,11.0600000000,17921806.0000000000,1595700.0000000000,0.0171800000,0.1792180600,AKShare stock_zh_a_spot / 新浪
300995,奇德新材,25.9900000000,25.4000000000,31974881.0000000000,1233123.0000000000,0.0232300000,0.3197488100,AKShare stock_zh_a_spot / 新浪
300996,普联软件,14.5000000000,14.7000000000,446506393.0000000000,30792515.0000000000,-0.0136100000,4.4650639300,AKShare stock_zh_a_spot / 新浪
300997,欢乐家,16.8000000000,17.1200000000,155536481.0000000000,9191176.0000000000,-0.0186900000,1.5553648100,AKShare stock_zh_a_spot / 新浪
300998,宁波方正,26.4000000000,25.5600000000,111558271.0000000000,4275100.0000000000,0.0328600000,1.1155827100,AKShare stock_zh_a_spot / 新浪
300999,金龙鱼,25.5100000000,25.4600000000,317262898.0000000000,12528647.0000000000,0.0019600000,3.1726289800,AKShare stock_zh_a_spot / 新浪
301000,肇民科技,23.5200000000,23.4400000000,83947337.0000000000,3540700.0000000000,0.0034100000,0.8394733700,AKShare stock_zh_a_spot / 新浪
301001,凯淳股份,23.8400000000,23.1400000000,25541667.0000000000,1074793.0000000000,0.0302500000,0.2554166700,AKShare stock_zh_a_spot / 新浪
301002,崧盛股份,27.4500000000,29.1500000000,239561897.0000000000,8578797.0000000000,-0.0583200000,2.3956189700,AKShare stock_zh_a_spot / 新浪
301003,江苏博云,56.4000000000,53.9200000000,154195457.0000000000,2754919.0000000000,0.0459900000,1.5419545700,AKShare stock_zh_a_spot / 新浪
301004,嘉益股份,34.6600000000,33.8100000000,29191988.0000000000,845172.0000000000,0.0251400000,0.2919198800,AKShare stock_zh_a_spot / 新浪
301005,超捷股份,71.9200000000,83.8500000000,1735488937.0000000000,23215885.0000000000,-0.1422800000,17.3548893700,AKShare stock_zh_a_spot / 新浪
301006,迈拓股份,13.8000000000,13.3400000000,21156081.0000000000,1545394.0000000000,0.0344800000,0.2115608100,AKShare stock_zh_a_spot / 新浪
301007,德迈仕,26.8300000000,26.0000000000,69940966.0000000000,2635643.0000000000,0.0319200000,0.6994096600,AKShare stock_zh_a_spot / 新浪
301008,宏昌科技,39.6600000000,41.7900000000,493677224.0000000000,12163947.0000000000,-0.0509700000,4.9367722400,AKShare stock_zh_a_spot / 新浪
301009,可靠股份,9.1500000000,8.8400000000,31468504.0000000000,3458972.0000000000,0.0350700000,0.3146850400,AKShare stock_zh_a_spot / 新浪
301010,晶雪节能,17.4800000000,16.9500000000,19337890.0000000000,1113100.0000000000,0.0312700000,0.1933789000,AKShare stock_zh_a_spot / 新浪
301011,华立科技,15.0700000000,14.5900000000,34081136.0000000000,2271300.0000000000,0.0329000000,0.3408113600,AKShare stock_zh_a_spot / 新浪
301012,扬电科技,25.2000000000,24.0000000000,279554388.0000000000,11110920.0000000000,0.0500000000,2.7955438800,AKShare stock_zh_a_spot / 新浪
301013,利和兴,41.0000000000,42.0100000000,853938212.0000000000,20572345.0000000000,-0.0240400000,8.5393821200,AKShare stock_zh_a_spot / 新浪
301015,百洋医药,26.2000000000,26.0000000000,335043125.0000000000,12657359.0000000000,0.0076900000,3.3504312500,AKShare stock_zh_a_spot / 新浪
301016,雷尔伟,11.8300000000,11.6200000000,33006333.0000000000,2785460.0000000000,0.0180700000,0.3300633300,AKShare stock_zh_a_spot / 新浪
301017,漱玉平民,13.3600000000,13.0800000000,97459722.0000000000,7257700.0000000000,0.0214100000,0.9745972200,AKShare stock_zh_a_spot / 新浪
301018,申菱环境,86.5000000000,86.8000000000,1101690818.0000000000,12691557.0000000000,-0.0034600000,11.0169081800,AKShare stock_zh_a_spot / 新浪
301019,宁波色母,14.9100000000,14.7100000000,31916431.0000000000,2144961.0000000000,0.0136000000,0.3191643100,AKShare stock_zh_a_spot / 新浪
301020,密封科技,20.4100000000,20.3800000000,28307666.0000000000,1366500.0000000000,0.0014700000,0.2830766600,AKShare stock_zh_a_spot / 新浪
301021,英诺激光,77.3300000000,72.0200000000,879225523.0000000000,11583352.0000000000,0.0737300000,8.7922552300,AKShare stock_zh_a_spot / 新浪
301022,海泰科,22.9500000000,22.3700000000,21821476.0000000000,953247.0000000000,0.0259300000,0.2182147600,AKShare stock_zh_a_spot / 新浪
301023,奕帆传动,29.2400000000,28.5500000000,33362122.0000000000,1145580.0000000000,0.0241700000,0.3336212200,AKShare stock_zh_a_spot / 新浪
301024,霍普股份,31.7300000000,30.7000000000,27204079.0000000000,856874.0000000000,0.0335500000,0.2720407900,AKShare stock_zh_a_spot / 新浪
301025,读客文化,9.1800000000,9.0700000000,127526520.0000000000,13909700.0000000000,0.0121300000,1.2752652000,AKShare stock_zh_a_spot / 新浪
301026,浩通科技,21.1300000000,21.2000000000,198795977.0000000000,9237685.0000000000,-0.0033000000,1.9879597700,AKShare stock_zh_a_spot / 新浪
301027,华蓝集团,18.8000000000,19.3400000000,87971011.0000000000,4610454.0000000000,-0.0279200000,0.8797101100,AKShare stock_zh_a_spot / 新浪
301028,鼎熔岩,12.6800000000,12.3000000000,56269309.0000000000,4432254.0000000000,0.0308900000,0.5626930900,AKShare stock_zh_a_spot / 新浪
301029,怡合达,24.8400000000,24.8300000000,164648763.0000000000,6557062.0000000000,0.0004000000,1.6464876300,AKShare stock_zh_a_spot / 新浪
301031,中熔电气,89.7100000000,88.4700000000,136288013.0000000000,1512913.0000000000,0.0140200000,1.3628801300,AKShare stock_zh_a_spot / 新浪
301032,新柴股份,10.0600000000,9.8700000000,28128941.0000000000,2806600.0000000000,0.0192500000,0.2812894100,AKShare stock_zh_a_spot / 新浪
301033,迈普医学,60.3200000000,56.0600000000,147064541.0000000000,2497102.0000000000,0.0759900000,1.4706454100,AKShare stock_zh_a_spot / 新浪
301035,润丰股份,52.7500000000,52.8600000000,61562959.0000000000,1162406.0000000000,-0.0020800000,0.6156295900,AKShare stock_zh_a_spot / 新浪
301036,双乐股份,22.2900000000,21.8200000000,17326375.0000000000,781500.0000000000,0.0215400000,0.1732637500,AKShare stock_zh_a_spot / 新浪
301037,保立佳,13.1000000000,12.7200000000,21235764.0000000000,1632300.0000000000,0.0298700000,0.2123576400,AKShare stock_zh_a_spot / 新浪
301038,深水规院,15.9500000000,15.6300000000,26275449.0000000000,1650980.0000000000,0.0204700000,0.2627544900,AKShare stock_zh_a_spot / 新浪
301039,中集车辆,8.0600000000,8.0300000000,132907809.0000000000,16517934.0000000000,0.0037400000,1.3290780900,AKShare stock_zh_a_spot / 新浪
301040,中环海陆,26.9400000000,25.7300000000,73416894.0000000000,2742100.0000000000,0.0470300000,0.7341689400,AKShare stock_zh_a_spot / 新浪
301041,金百泽,25.1800000000,24.6800000000,90507364.0000000000,3563600.0000000000,0.0202600000,0.9050736400,AKShare stock_zh_a_spot / 新浪
301042,安联锐视,32.3700000000,32.3300000000,143599057.0000000000,4397421.0000000000,0.0012400000,1.4359905700,AKShare stock_zh_a_spot / 新浪
301043,绿岛风,43.8800000000,41.6100000000,50762196.0000000000,1174319.0000000000,0.0545500000,0.5076219600,AKShare stock_zh_a_spot / 新浪
301045,天禄科技,65.2000000000,65.7000000000,257802044.0000000000,3931586.0000000000,-0.0076100000,2.5780204400,AKShare stock_zh_a_spot / 新浪
301046,能辉科技,21.9400000000,20.5600000000,121378497.0000000000,5600364.0000000000,0.0671200000,1.2137849700,AKShare stock_zh_a_spot / 新浪
301047,义翘神州,131.5100000000,111.8800000000,2622872390.0000000000,21024840.0000000000,0.1754600000,26.2287239000,AKShare stock_zh_a_spot / 新浪
301048,金鹰重工,9.1900000000,9.0000000000,41104374.0000000000,4489000.0000000000,0.0211100000,0.4110437400,AKShare stock_zh_a_spot / 新浪
301049,超越科技,20.1400000000,19.4100000000,14936640.0000000000,748806.0000000000,0.0376100000,0.1493664000,AKShare stock_zh_a_spot / 新浪
301050,雷电微力,30.7800000000,30.1300000000,99185142.0000000000,3225477.0000000000,0.0215700000,0.9918514200,AKShare stock_zh_a_spot / 新浪
301051,信濠光电,20.3400000000,19.9100000000,241112140.0000000000,11830244.0000000000,0.0216000000,2.4111214000,AKShare stock_zh_a_spot / 新浪
301052,果麦文化,23.0000000000,22.7000000000,63113268.0000000000,2754000.0000000000,0.0132200000,0.6311326800,AKShare stock_zh_a_spot / 新浪
301053,远信工业,41.9000000000,41.5000000000,320520487.0000000000,7653914.0000000000,0.0096400000,3.2052048700,AKShare stock_zh_a_spot / 新浪
301055,张小泉,29.3400000000,28.7500000000,82480576.0000000000,2800187.0000000000,0.0205200000,0.8248057600,AKShare stock_zh_a_spot / 新浪
301056,森赫股份,10.8800000000,10.8800000000,25025770.0000000000,2280166.0000000000,0.0000000000,0.2502577000,AKShare stock_zh_a_spot / 新浪
301057,汇隆新材,21.4400000000,21.0100000000,58378541.0000000000,2674360.0000000000,0.0204700000,0.5837854100,AKShare stock_zh_a_spot / 新浪
301058,中粮科工,8.5300000000,8.5700000000,115976492.0000000000,13648373.0000000000,-0.0046700000,1.1597649200,AKShare stock_zh_a_spot / 新浪
301059,金三江,11.4200000000,11.1500000000,20816751.0000000000,1825180.0000000000,0.0242200000,0.2081675100,AKShare stock_zh_a_spot / 新浪
301060,兰卫医学,12.1600000000,11.4000000000,638546302.0000000000,51610618.0000000000,0.0666700000,6.3854630200,AKShare stock_zh_a_spot / 新浪
301061,匠心家居,35.0000000000,35.0800000000,131153237.0000000000,3768102.0000000000,-0.0022800000,1.3115323700,AKShare stock_zh_a_spot / 新浪
301062,上海艾录,6.6900000000,6.5300000000,44583752.0000000000,6671600.0000000000,0.0245000000,0.4458375200,AKShare stock_zh_a_spot / 新浪
301063,海锅股份,18.0300000000,17.5700000000,18026348.0000000000,1007300.0000000000,0.0261800000,0.1802634800,AKShare stock_zh_a_spot / 新浪
301065,本立科技,19.4300000000,18.8900000000,33469162.0000000000,1725760.0000000000,0.0285900000,0.3346916200,AKShare stock_zh_a_spot / 新浪
301066,万事利,12.0100000000,11.8700000000,31849775.0000000000,2656939.0000000000,0.0117900000,0.3184977500,AKShare stock_zh_a_spot / 新浪
301067,显盈科技,29.1500000000,29.2100000000,67110092.0000000000,2287800.0000000000,-0.0020500000,0.6711009200,AKShare stock_zh_a_spot / 新浪
301068,大地海洋,28.3200000000,28.3500000000,45351392.0000000000,1626260.0000000000,-0.0010600000,0.4535139200,AKShare stock_zh_a_spot / 新浪
301069,凯盛新材,16.1600000000,16.1400000000,78968328.0000000000,4857256.0000000000,0.0012400000,0.7896832800,AKShare stock_zh_a_spot / 新浪
301070,开勒股份,63.8200000000,62.4000000000,181408176.0000000000,2831825.0000000000,0.0227600000,1.8140817600,AKShare stock_zh_a_spot / 新浪
301071,力量钻石,58.5700000000,59.7600000000,758831532.0000000000,12856561.0000000000,-0.0199100000,7.5883153200,AKShare stock_zh_a_spot / 新浪
301072,中捷精工,42.5400000000,41.8200000000,98762532.0000000000,2344300.0000000000,0.0172200000,0.9876253200,AKShare stock_zh_a_spot / 新浪
301073,君亭酒店,18.3400000000,17.5500000000,105348977.0000000000,5815600.0000000000,0.0450100000,1.0534897700,AKShare stock_zh_a_spot / 新浪
301075,多瑞医药,54.4200000000,52.1600000000,78597406.0000000000,1442123.0000000000,0.0433300000,0.7859740600,AKShare stock_zh_a_spot / 新浪
301076,新瀚新材,20.1900000000,20.4500000000,59995756.0000000000,2949464.0000000000,-0.0127100000,0.5999575600,AKShare stock_zh_a_spot / 新浪
301077,星华新材,21.2300000000,21.1100000000,58656649.0000000000,2758576.0000000000,0.0056800000,0.5865664900,AKShare stock_zh_a_spot / 新浪
301078,孩子王,7.1000000000,6.9800000000,136856885.0000000000,19369081.0000000000,0.0171900000,1.3685688500,AKShare stock_zh_a_spot / 新浪
301079,邵阳液压,27.6300000000,27.7200000000,82804478.0000000000,2982987.0000000000,-0.0032500000,0.8280447800,AKShare stock_zh_a_spot / 新浪
301080,百普赛斯,96.6600000000,85.7500000000,3137719682.0000000000,33123110.0000000000,0.1272300000,31.3771968200,AKShare stock_zh_a_spot / 新浪
301081,严牌股份,13.4700000000,11.9500000000,107276672.0000000000,8239803.0000000000,0.1272000000,1.0727667200,AKShare stock_zh_a_spot / 新浪
301082,久盛电气,9.5000000000,9.4600000000,79505329.0000000000,8397317.0000000000,0.0042300000,0.7950532900,AKShare stock_zh_a_spot / 新浪
301083,百胜智能,14.0800000000,13.6800000000,18364428.0000000000,1306360.0000000000,0.0292400000,0.1836442800,AKShare stock_zh_a_spot / 新浪
301085,亚康股份,59.9500000000,65.1200000000,465573190.0000000000,7594174.0000000000,-0.0793900000,4.6557319000,AKShare stock_zh_a_spot / 新浪
301086,鸿富瀚,119.9700000000,117.5000000000,354470398.0000000000,2959070.0000000000,0.0210200000,3.5447039800,AKShare stock_zh_a_spot / 新浪
301087,可孚医疗,50.0900000000,48.5700000000,89441427.0000000000,1779753.0000000000,0.0313000000,0.8944142700,AKShare stock_zh_a_spot / 新浪
301088,戎美股份,12.7100000000,12.4000000000,19325247.0000000000,1518506.0000000000,0.0250000000,0.1932524700,AKShare stock_zh_a_spot / 新浪
301089,拓新药业,25.7500000000,25.5000000000,258722651.0000000000,9770281.0000000000,0.0098000000,2.5872265100,AKShare stock_zh_a_spot / 新浪
301090,华润材料,6.7800000000,6.4800000000,92447129.0000000000,13828902.0000000000,0.0463000000,0.9244712900,AKShare stock_zh_a_spot / 新浪
301091,深城交,18.4800000000,18.0100000000,159099666.0000000000,8469930.0000000000,0.0261000000,1.5909966600,AKShare stock_zh_a_spot / 新浪
301092,争光股份,44.8400000000,44.7000000000,129421569.0000000000,2846663.0000000000,0.0031300000,1.2942156900,AKShare stock_zh_a_spot / 新浪
301093,华兰股份,82.9600000000,71.4100000000,1016860636.0000000000,12694330.0000000000,0.1617400000,10.1686063600,AKShare stock_zh_a_spot / 新浪
301095,广立微,73.8500000000,73.3200000000,344608979.0000000000,4655223.0000000000,0.0072300000,3.4460897900,AKShare stock_zh_a_spot / 新浪
301096,百诚医药,50.9000000000,48.7700000000,182730979.0000000000,3581955.0000000000,0.0436700000,1.8273097900,AKShare stock_zh_a_spot / 新浪
301097,天益医疗,35.9200000000,34.8400000000,42066933.0000000000,1158602.0000000000,0.0310000000,0.4206693300,AKShare stock_zh_a_spot / 新浪
301098,金埔园林,8.6200000000,8.3100000000,80712918.0000000000,9363162.0000000000,0.0373000000,0.8071291800,AKShare stock_zh_a_spot / 新浪
301099,雅创电子,49.4500000000,48.7300000000,293432584.0000000000,5917684.0000000000,0.0147800000,2.9343258400,AKShare stock_zh_a_spot / 新浪
301100,风光股份,16.1200000000,15.8500000000,15086484.0000000000,935900.0000000000,0.0170300000,0.1508648400,AKShare stock_zh_a_spot / 新浪
301101,明月镜片,29.6400000000,28.7700000000,58720790.0000000000,1994291.0000000000,0.0302400000,0.5872079000,AKShare stock_zh_a_spot / 新浪
301102,兆讯传媒,9.4900000000,9.3800000000,15865451.0000000000,1669085.0000000000,0.0117300000,0.1586545100,AKShare stock_zh_a_spot / 新浪
301103,何氏眼科,17.3200000000,16.5100000000,64843197.0000000000,3757620.0000000000,0.0490600000,0.6484319700,AKShare stock_zh_a_spot / 新浪
301105,鸿铭股份,47.2900000000,45.4700000000,38246340.0000000000,808500.0000000000,0.0400300000,0.3824634000,AKShare stock_zh_a_spot / 新浪
301106,骏成科技,22.5400000000,25.4200000000,399673825.0000000000,17037090.0000000000,-0.1133000000,3.9967382500,AKShare stock_zh_a_spot / 新浪
301107,瑜欣电子,20.0100000000,19.8800000000,37909158.0000000000,1887380.0000000000,0.0065400000,0.3790915800,AKShare stock_zh_a_spot / 新浪
301108,洁雅股份,37.1500000000,35.4100000000,69205413.0000000000,1861680.0000000000,0.0491400000,0.6920541300,AKShare stock_zh_a_spot / 新浪
301109,军信股份,13.4900000000,13.3700000000,36415862.0000000000,2694912.0000000000,0.0089800000,0.3641586200,AKShare stock_zh_a_spot / 新浪
301110,青木科技,35.0700000000,34.1500000000,70731795.0000000000,2027093.0000000000,0.0269400000,0.7073179500,AKShare stock_zh_a_spot / 新浪
301111,粤万年青,21.7700000000,22.6600000000,208954215.0000000000,9402392.0000000000,-0.0392800000,2.0895421500,AKShare stock_zh_a_spot / 新浪
301112,信邦智能,30.3400000000,29.8600000000,28230092.0000000000,926500.0000000000,0.0160800000,0.2823009200,AKShare stock_zh_a_spot / 新浪
301113,雅艺科技,16.7400000000,16.2000000000,19437207.0000000000,1167906.0000000000,0.0333300000,0.1943720700,AKShare stock_zh_a_spot / 新浪
301115,联检科技,30.5800000000,30.2200000000,192090076.0000000000,6269606.0000000000,0.0119100000,1.9209007600,AKShare stock_zh_a_spot / 新浪
301116,益客食品,9.5100000000,9.4100000000,111832831.0000000000,11747801.0000000000,0.0106300000,1.1183283100,AKShare stock_zh_a_spot / 新浪
301117,佳缘科技,17.7600000000,17.7900000000,124306461.0000000000,6955133.0000000000,-0.0016900000,1.2430646100,AKShare stock_zh_a_spot / 新浪
301118,恒光股份,22.1400000000,22.0800000000,46206644.0000000000,2078400.0000000000,0.0027200000,0.4620664400,AKShare stock_zh_a_spot / 新浪
301119,正强股份,21.4400000000,20.7400000000,27082627.0000000000,1275960.0000000000,0.0337500000,0.2708262700,AKShare stock_zh_a_spot / 新浪
301120,新特电气,14.5800000000,14.6900000000,82985432.0000000000,5672958.0000000000,-0.0074900000,0.8298543200,AKShare stock_zh_a_spot / 新浪
301121,紫建电子,34.4500000000,33.5500000000,26903717.0000000000,780880.0000000000,0.0268300000,0.2690371700,AKShare stock_zh_a_spot / 新浪
301122,采纳股份,39.0000000000,33.2000000000,426237223.0000000000,11200530.0000000000,0.1747000000,4.2623722300,AKShare stock_zh_a_spot / 新浪
301123,奕东电子,72.3700000000,71.7300000000,439153130.0000000000,6053477.0000000000,0.0089200000,4.3915313000,AKShare stock_zh_a_spot / 新浪
301125,腾亚精工,12.0400000000,11.7900000000,56769490.0000000000,4708720.0000000000,0.0212000000,0.5676949000,AKShare stock_zh_a_spot / 新浪
301126,达嘉维康,10.3300000000,9.8700000000,71315695.0000000000,6881200.0000000000,0.0466100000,0.7131569500,AKShare stock_zh_a_spot / 新浪
301127,武汉天源,18.4500000000,18.5600000000,652510160.0000000000,34692689.0000000000,-0.0059300000,6.5251016000,AKShare stock_zh_a_spot / 新浪
301128,强瑞技术,108.0000000000,106.8700000000,394926122.0000000000,3651372.0000000000,0.0105700000,3.9492612200,AKShare stock_zh_a_spot / 新浪
301129,瑞纳智能,23.9800000000,24.2600000000,159686347.0000000000,6625896.0000000000,-0.0115400000,1.5968634700,AKShare stock_zh_a_spot / 新浪
301130,西点药业,33.4500000000,33.3800000000,673529004.0000000000,18851148.0000000000,0.0021000000,6.7352900400,AKShare stock_zh_a_spot / 新浪
301131,聚赛龙,34.1300000000,33.2100000000,29315158.0000000000,863135.0000000000,0.0277000000,0.2931515800,AKShare stock_zh_a_spot / 新浪
301132,满坤科技,36.5000000000,35.6300000000,191818086.0000000000,5243444.0000000000,0.0244200000,1.9181808600,AKShare stock_zh_a_spot / 新浪
301133,金钟股份,27.5500000000,27.0000000000,62923416.0000000000,2282862.0000000000,0.0203700000,0.6292341600,AKShare stock_zh_a_spot / 新浪
301135,瑞德智能,16.8300000000,16.3900000000,35048946.0000000000,2090881.0000000000,0.0268500000,0.3504894600,AKShare stock_zh_a_spot / 新浪
301136,招标股份,11.3900000000,11.0700000000,47454050.0000000000,4198650.0000000000,0.0289100000,0.4745405000,AKShare stock_zh_a_spot / 新浪
301137,哈焊华通,31.5300000000,31.8400000000,79320750.0000000000,2496284.0000000000,-0.0097400000,0.7932075000,AKShare stock_zh_a_spot / 新浪
301138,华研精机,26.9100000000,26.1400000000,20577924.0000000000,765000.0000000000,0.0294600000,0.2057792400,AKShare stock_zh_a_spot / 新浪
301141,中科磁业,40.7300000000,40.7100000000,65230265.0000000000,1582806.0000000000,0.0004900000,0.6523026500,AKShare stock_zh_a_spot / 新浪
301148,嘉戎技术,51.4900000000,50.8000000000,56353747.0000000000,1090116.0000000000,0.0135800000,0.5635374700,AKShare stock_zh_a_spot / 新浪
301149,隆华新材,7.8000000000,7.7300000000,43647399.0000000000,5575910.0000000000,0.0090600000,0.4364739900,AKShare stock_zh_a_spot / 新浪
301150,中一科技,38.1000000000,38.1000000000,409913164.0000000000,10689397.0000000000,0.0000000000,4.0991316400,AKShare stock_zh_a_spot / 新浪
301151,冠龙节能,16.2800000000,15.8100000000,46465449.0000000000,2861500.0000000000,0.0297300000,0.4646544900,AKShare stock_zh_a_spot / 新浪
301152,天力锂能,19.0600000000,18.8600000000,51526592.0000000000,2706200.0000000000,0.0106000000,0.5152659200,AKShare stock_zh_a_spot / 新浪
301153,中科江南,16.8500000000,16.4100000000,51282556.0000000000,3049386.0000000000,0.0268100000,0.5128255600,AKShare stock_zh_a_spot / 新浪
301155,海力风电,42.4900000000,43.9400000000,143648767.0000000000,3336497.0000000000,-0.0330000000,1.4364876700,AKShare stock_zh_a_spot / 新浪
301156,美农生物,11.9100000000,12.1400000000,150896499.0000000000,12632550.0000000000,-0.0189500000,1.5089649900,AKShare stock_zh_a_spot / 新浪
301157,华塑科技,61.6900000000,60.3600000000,36340527.0000000000,590700.0000000000,0.0220300000,0.3634052700,AKShare stock_zh_a_spot / 新浪
301158,德石股份,15.4600000000,15.6600000000,141819881.0000000000,9117085.0000000000,-0.0127700000,1.4181988100,AKShare stock_zh_a_spot / 新浪
301159,三维天地,32.5700000000,31.3200000000,95308356.0000000000,2925787.0000000000,0.0399100000,0.9530835600,AKShare stock_zh_a_spot / 新浪
301160,翔楼新材,44.6500000000,41.6500000000,260507245.0000000000,5942134.0000000000,0.0720300000,2.6050724500,AKShare stock_zh_a_spot / 新浪
301161,唯万密封,28.4100000000,27.5200000000,85516646.0000000000,3000980.0000000000,0.0323400000,0.8551664600,AKShare stock_zh_a_spot / 新浪
301162,国能日新,36.9000000000,36.3500000000,74092755.0000000000,2006737.0000000000,0.0151300000,0.7409275500,AKShare stock_zh_a_spot / 新浪
301163,宏德股份,23.5400000000,22.8900000000,23099497.0000000000,986800.0000000000,0.0284000000,0.2309949700,AKShare stock_zh_a_spot / 新浪
301165,锐捷网络,123.3000000000,121.8200000000,2336202531.0000000000,18972330.0000000000,0.0121500000,23.3620253100,AKShare stock_zh_a_spot / 新浪
301166,优宁维,34.0600000000,28.3800000000,184690587.0000000000,5574420.0000000000,0.2001400000,1.8469058700,AKShare stock_zh_a_spot / 新浪
301167,建研设计,14.0700000000,13.7500000000,24861252.0000000000,1772100.0000000000,0.0232700000,0.2486125200,AKShare stock_zh_a_spot / 新浪
301168,通灵股份,41.0800000000,40.8900000000,29271773.0000000000,710300.0000000000,0.0046500000,0.2927177300,AKShare stock_zh_a_spot / 新浪
301169,零点有数,51.5900000000,50.5500000000,62969297.0000000000,1224800.0000000000,0.0205700000,0.6296929700,AKShare stock_zh_a_spot / 新浪
301170,锡南科技,23.1500000000,22.5800000000,15603866.0000000000,677400.0000000000,0.0252400000,0.1560386600,AKShare stock_zh_a_spot / 新浪
301171,易点天下,36.5100000000,35.5800000000,2098340306.0000000000,57567738.0000000000,0.0261400000,20.9834030600,AKShare stock_zh_a_spot / 新浪
301172,君逸数码,17.5600000000,17.3700000000,72956647.0000000000,4152691.0000000000,0.0109400000,0.7295664700,AKShare stock_zh_a_spot / 新浪
301173,毓恬冠佳,31.9400000000,31.3600000000,24162976.0000000000,752635.0000000000,0.0184900000,0.2416297600,AKShare stock_zh_a_spot / 新浪
301175,中科环保,5.4300000000,5.3600000000,64474257.0000000000,11886285.0000000000,0.0130600000,0.6447425700,AKShare stock_zh_a_spot / 新浪
301176,逸豪新材,45.9100000000,45.7700000000,225432480.0000000000,4857814.0000000000,0.0030600000,2.2543248000,AKShare stock_zh_a_spot / 新浪
301177,迪阿股份,22.9400000000,21.8900000000,82842897.0000000000,3522310.0000000000,0.0479700000,0.8284289700,AKShare stock_zh_a_spot / 新浪
301178,天亿马,36.0500000000,35.1400000000,59909373.0000000000,1669296.0000000000,0.0259000000,0.5990937300,AKShare stock_zh_a_spot / 新浪
301179,泽宇智能,19.9500000000,19.6700000000,41256118.0000000000,2064105.0000000000,0.0142300000,0.4125611800,AKShare stock_zh_a_spot / 新浪
301180,万祥科技,11.6300000000,11.2000000000,44035005.0000000000,3830100.0000000000,0.0383900000,0.4403500500,AKShare stock_zh_a_spot / 新浪
301181,标榜股份,22.5200000000,22.2200000000,31299411.0000000000,1391756.0000000000,0.0135000000,0.3129941100,AKShare stock_zh_a_spot / 新浪
301182,凯旺科技,65.7000000000,65.5600000000,156637666.0000000000,2375347.0000000000,0.0021400000,1.5663766600,AKShare stock_zh_a_spot / 新浪
301183,东田微,225.3800000000,205.3800000000,1792201320.0000000000,8232232.0000000000,0.0973800000,17.9220132000,AKShare stock_zh_a_spot / 新浪
301185,鸥玛软件,16.3500000000,16.0000000000,25092722.0000000000,1535300.0000000000,0.0218800000,0.2509272200,AKShare stock_zh_a_spot / 新浪
301186,超达装备,34.0700000000,34.1000000000,37446668.0000000000,1100685.0000000000,-0.0008800000,0.3744666800,AKShare stock_zh_a_spot / 新浪
301187,欧圣电气,14.7900000000,14.5600000000,24639081.0000000000,1674300.0000000000,0.0158000000,0.2463908100,AKShare stock_zh_a_spot / 新浪
301188,力诺药包,38.5400000000,38.8200000000,588019725.0000000000,15012552.0000000000,-0.0072100000,5.8801972500,AKShare stock_zh_a_spot / 新浪
301189,奥尼电子,51.3400000000,50.3300000000,179571835.0000000000,3509072.0000000000,0.0200700000,1.7957183500,AKShare stock_zh_a_spot / 新浪
301190,善水科技,20.8500000000,19.2500000000,354513659.0000000000,17632795.0000000000,0.0831200000,3.5451365900,AKShare stock_zh_a_spot / 新浪
301191,菲菱科思,90.7000000000,88.9000000000,316638319.0000000000,3505247.0000000000,0.0202500000,3.1663831900,AKShare stock_zh_a_spot / 新浪
301192,泰祥股份,20.0700000000,19.5300000000,20699664.0000000000,1034950.0000000000,0.0276500000,0.2069966400,AKShare stock_zh_a_spot / 新浪
301193,家联科技,18.1100000000,17.7000000000,35859311.0000000000,1995434.0000000000,0.0231600000,0.3585931100,AKShare stock_zh_a_spot / 新浪
301195,北路智控,26.4100000000,26.1400000000,23636563.0000000000,892700.0000000000,0.0103300000,0.2363656300,AKShare stock_zh_a_spot / 新浪
301196,唯科科技,90.3400000000,80.5200000000,840500367.0000000000,9612965.0000000000,0.1219600000,8.4050036700,AKShare stock_zh_a_spot / 新浪
301197,工大科雅,24.4200000000,23.6500000000,51612458.0000000000,2132461.0000000000,0.0325600000,0.5161245800,AKShare stock_zh_a_spot / 新浪
301198,喜悦智行,12.3300000000,11.9300000000,33356149.0000000000,2699208.0000000000,0.0335300000,0.3335614900,AKShare stock_zh_a_spot / 新浪
301199,迈赫股份,17.8000000000,17.4500000000,25167752.0000000000,1413040.0000000000,0.0200600000,0.2516775200,AKShare stock_zh_a_spot / 新浪
301200,大族数控,286.9300000000,294.0100000000,1166459913.0000000000,4026134.0000000000,-0.0240800000,11.6645991300,AKShare stock_zh_a_spot / 新浪
301201,诚达药业,38.7700000000,35.5100000000,787000232.0000000000,20943168.0000000000,0.0918100000,7.8700023200,AKShare stock_zh_a_spot / 新浪
301202,朗威股份,36.6800000000,36.4600000000,101288178.0000000000,2758679.0000000000,0.0060300000,1.0128817800,AKShare stock_zh_a_spot / 新浪
301203,国泰环保,34.0800000000,33.2100000000,20263145.0000000000,595300.0000000000,0.0262000000,0.2026314500,AKShare stock_zh_a_spot / 新浪
301205,联特科技,299.5000000000,264.0000000000,2973645156.0000000000,10335440.0000000000,0.1344700000,29.7364515600,AKShare stock_zh_a_spot / 新浪
301206,三元生物,24.7800000000,24.0000000000,59663380.0000000000,2429450.0000000000,0.0325000000,0.5966338000,AKShare stock_zh_a_spot / 新浪
301207,华兰疫苗,20.2500000000,17.4900000000,573308905.0000000000,29110171.0000000000,0.1578000000,5.7330890500,AKShare stock_zh_a_spot / 新浪
301208,中亦科技,29.5000000000,29.2100000000,39111763.0000000000,1323900.0000000000,0.0099300000,0.3911176300,AKShare stock_zh_a_spot / 新浪
301209,联合化学,59.8200000000,59.1900000000,229397624.0000000000,3838300.0000000000,0.0106400000,2.2939762400,AKShare stock_zh_a_spot / 新浪
301210,金杨精密,24.2900000000,24.3200000000,79288109.0000000000,3261735.0000000000,-0.0012300000,0.7928810900,AKShare stock_zh_a_spot / 新浪
301211,亨迪药业,13.4800000000,14.5400000000,767757159.0000000000,54767094.0000000000,-0.0729000000,7.6775715900,AKShare stock_zh_a_spot / 新浪
301212,联盛化学,24.0300000000,22.2000000000,122724305.0000000000,5276893.0000000000,0.0824300000,1.2272430500,AKShare stock_zh_a_spot / 新浪
301213,观想科技,43.2500000000,42.8500000000,45405798.0000000000,1047220.0000000000,0.0093300000,0.4540579800,AKShare stock_zh_a_spot / 新浪
301215,中汽股份,5.1200000000,5.0800000000,40477631.0000000000,7875012.0000000000,0.0078700000,0.4047763100,AKShare stock_zh_a_spot / 新浪
301216,万凯新材,16.5700000000,16.4500000000,154077107.0000000000,9293333.0000000000,0.0072900000,1.5407710700,AKShare stock_zh_a_spot / 新浪
301217,铜冠铜箔,113.1900000000,113.8800000000,3925633192.0000000000,34125495.0000000000,-0.0060600000,39.2563319200,AKShare stock_zh_a_spot / 新浪
301218,华是科技,40.7000000000,39.9900000000,354116707.0000000000,8662276.0000000000,0.0177500000,3.5411670700,AKShare stock_zh_a_spot / 新浪
301219,腾远钴业,47.4600000000,46.8900000000,338858925.0000000000,7138091.0000000000,0.0121600000,3.3885892500,AKShare stock_zh_a_spot / 新浪
301220,亚香股份,27.7100000000,27.0500000000,26164137.0000000000,947460.0000000000,0.0244000000,0.2616413700,AKShare stock_zh_a_spot / 新浪
301221,光庭信息,26.8300000000,27.5500000000,68924904.0000000000,2569511.0000000000,-0.0261300000,0.6892490400,AKShare stock_zh_a_spot / 新浪
301222,浙江恒威,24.4600000000,23.7200000000,37888713.0000000000,1547920.0000000000,0.0312000000,0.3788871300,AKShare stock_zh_a_spot / 新浪
301223,中荣股份,16.7800000000,16.3000000000,14504844.0000000000,868900.0000000000,0.0294500000,0.1450484400,AKShare stock_zh_a_spot / 新浪
301225,恒勃股份,56.9000000000,55.0000000000,190066286.0000000000,3403737.0000000000,0.0345500000,1.9006628600,AKShare stock_zh_a_spot / 新浪
301226,祥明智能,28.8000000000,28.6900000000,38320557.0000000000,1317100.0000000000,0.0038300000,0.3832055700,AKShare stock_zh_a_spot / 新浪
301227,森鹰窗业,28.8800000000,27.4700000000,139247899.0000000000,4840320.0000000000,0.0513300000,1.3924789900,AKShare stock_zh_a_spot / 新浪
301228,实朴检测,57.4900000000,55.6900000000,128949771.0000000000,2260858.0000000000,0.0323200000,1.2894977100,AKShare stock_zh_a_spot / 新浪
301229,纽泰格,12.0600000000,11.7300000000,39198696.0000000000,3268966.0000000000,0.0281300000,0.3919869600,AKShare stock_zh_a_spot / 新浪
301230,泓博医药,37.5300000000,34.2000000000,1327299441.0000000000,35198897.0000000000,0.0973700000,13.2729944100,AKShare stock_zh_a_spot / 新浪
301231,荣信文化,27.5200000000,27.2000000000,128329996.0000000000,4576389.0000000000,0.0117600000,1.2832999600,AKShare stock_zh_a_spot / 新浪
301232,飞沃科技,102.1600000000,117.4400000000,1185792455.0000000000,11564057.0000000000,-0.1301100000,11.8579245500,AKShare stock_zh_a_spot / 新浪
301233,盛帮股份,32.8300000000,32.4900000000,18074433.0000000000,550692.0000000000,0.0104600000,0.1807443300,AKShare stock_zh_a_spot / 新浪
301234,五洲医疗,92.4800000000,90.1600000000,231686871.0000000000,2507283.0000000000,0.0257300000,2.3168687100,AKShare stock_zh_a_spot / 新浪
301235,华康洁净,43.7300000000,44.1700000000,411576519.0000000000,9273448.0000000000,-0.0099600000,4.1157651900,AKShare stock_zh_a_spot / 新浪
301236,软通动力,37.3600000000,37.2900000000,568514443.0000000000,15168829.0000000000,0.0018800000,5.6851444300,AKShare stock_zh_a_spot / 新浪
301237,和顺科技,53.4800000000,53.0200000000,54195742.0000000000,1012800.0000000000,0.0086800000,0.5419574200,AKShare stock_zh_a_spot / 新浪
301238,瑞泰新材,15.9700000000,15.9000000000,104850202.0000000000,6541642.0000000000,0.0044000000,1.0485020200,AKShare stock_zh_a_spot / 新浪
301239,普瑞眼科,35.1700000000,34.2500000000,105048213.0000000000,2975496.0000000000,0.0268600000,1.0504821300,AKShare stock_zh_a_spot / 新浪
301246,宏源药业,21.2200000000,20.9300000000,196712507.0000000000,9194422.0000000000,0.0138600000,1.9671250700,AKShare stock_zh_a_spot / 新浪
301248,杰创智能,61.8900000000,59.3100000000,348366642.0000000000,5720709.0000000000,0.0435000000,3.4836664200,AKShare stock_zh_a_spot / 新浪
301251,威尔高,48.4200000000,49.2900000000,555200664.0000000000,11394035.0000000000,-0.0176500000,5.5520066400,AKShare stock_zh_a_spot / 新浪
301252,同星科技,32.9100000000,32.0400000000,79428511.0000000000,2409116.0000000000,0.0271500000,0.7942851100,AKShare stock_zh_a_spot / 新浪
301255,通力科技,20.2300000000,19.9800000000,17198601.0000000000,847764.0000000000,0.0125100000,0.1719860100,AKShare stock_zh_a_spot / 新浪
301256,华融化学,10.0400000000,10.0800000000,31102079.0000000000,3080808.0000000000,-0.0039700000,0.3110207900,AKShare stock_zh_a_spot / 新浪
301257,普蕊斯,52.2100000000,48.4000000000,398045574.0000000000,7646887.0000000000,0.0787200000,3.9804557400,AKShare stock_zh_a_spot / 新浪
301258,富士莱,27.0100000000,25.8700000000,47055881.0000000000,1744459.0000000000,0.0440700000,0.4705588100,AKShare stock_zh_a_spot / 新浪
301259,艾布鲁,23.5400000000,22.8000000000,117367294.0000000000,5040774.0000000000,0.0324600000,1.1736729400,AKShare stock_zh_a_spot / 新浪
301260,格力博,13.4800000000,13.1800000000,25576098.0000000000,1897568.0000000000,0.0227600000,0.2557609800,AKShare stock_zh_a_spot / 新浪
301261,恒工精密,54.8500000000,54.8500000000,97870848.0000000000,1782234.0000000000,0.0000000000,0.9787084800,AKShare stock_zh_a_spot / 新浪
301262,海看股份,18.9300000000,18.8600000000,90887854.0000000000,4787494.0000000000,0.0037100000,0.9088785400,AKShare stock_zh_a_spot / 新浪
301263,泰恩康,19.8300000000,19.6700000000,121319393.0000000000,6023878.0000000000,0.0081300000,1.2131939300,AKShare stock_zh_a_spot / 新浪
301265,华新科技,19.7000000000,19.6400000000,135116171.0000000000,6825849.0000000000,0.0030500000,1.3511617100,AKShare stock_zh_a_spot / 新浪
301266,宇邦新材,23.3000000000,21.5300000000,183238080.0000000000,8030093.0000000000,0.0822100000,1.8323808000,AKShare stock_zh_a_spot / 新浪
301267,华厦眼科,16.6000000000,15.8300000000,132683269.0000000000,8030405.0000000000,0.0486400000,1.3268326900,AKShare stock_zh_a_spot / 新浪
301268,铭利达,13.2000000000,12.9600000000,34760589.0000000000,2645057.0000000000,0.0185200000,0.3476058900,AKShare stock_zh_a_spot / 新浪
301269,华大九天,94.6400000000,97.0100000000,604738779.0000000000,6295632.0000000000,-0.0244300000,6.0473877900,AKShare stock_zh_a_spot / 新浪
301270,汉仪股份,31.7400000000,31.2500000000,76481275.0000000000,2397859.0000000000,0.0156800000,0.7648127500,AKShare stock_zh_a_spot / 新浪
301272,英华特,34.2800000000,33.8100000000,19758032.0000000000,576900.0000000000,0.0139000000,0.1975803200,AKShare stock_zh_a_spot / 新浪
301273,瑞晨环保,38.4500000000,40.4200000000,151196398.0000000000,3841797.0000000000,-0.0487400000,1.5119639800,AKShare stock_zh_a_spot / 新浪
301275,汉朔科技,41.3700000000,41.2700000000,137868358.0000000000,3333897.0000000000,0.0024200000,1.3786835800,AKShare stock_zh_a_spot / 新浪
301276,嘉曼服饰,20.9000000000,20.4400000000,53725389.0000000000,2638477.0000000000,0.0225000000,0.5372538900,AKShare stock_zh_a_spot / 新浪
301277,新天地,11.1900000000,11.5400000000,193284393.0000000000,17001612.0000000000,-0.0303300000,1.9328439300,AKShare stock_zh_a_spot / 新浪
301278,快可电子,27.4300000000,26.8300000000,28568672.0000000000,1043486.0000000000,0.0223600000,0.2856867200,AKShare stock_zh_a_spot / 新浪
301279,金道科技,20.0700000000,19.7700000000,38271205.0000000000,1902520.0000000000,0.0151700000,0.3827120500,AKShare stock_zh_a_spot / 新浪
301280,珠城科技,42.2000000000,41.3700000000,51405289.0000000000,1219078.0000000000,0.0200600000,0.5140528900,AKShare stock_zh_a_spot / 新浪
301281,科源制药,44.1600000000,43.0100000000,112795822.0000000000,2555000.0000000000,0.0267400000,1.1279582200,AKShare stock_zh_a_spot / 新浪
301282,金禄电子,36.7100000000,37.6600000000,1000479154.0000000000,27010071.0000000000,-0.0252300000,10.0047915400,AKShare stock_zh_a_spot / 新浪
301283,聚胶股份,26.3100000000,25.6000000000,26034835.0000000000,987830.0000000000,0.0277300000,0.2603483500,AKShare stock_zh_a_spot / 新浪
301285,鸿日达,87.6800000000,83.0000000000,300829313.0000000000,3444912.0000000000,0.0563900000,3.0082931300,AKShare stock_zh_a_spot / 新浪
301286,侨源股份,43.1400000000,42.8000000000,77372579.0000000000,1797974.0000000000,0.0079400000,0.7737257900,AKShare stock_zh_a_spot / 新浪
301287,康力源,40.0300000000,39.9900000000,39793012.0000000000,984603.0000000000,0.0010000000,0.3979301200,AKShare stock_zh_a_spot / 新浪
301288,清研环境,17.1800000000,16.8000000000,25221058.0000000000,1467600.0000000000,0.0226200000,0.2522105800,AKShare stock_zh_a_spot / 新浪
301289,国缆检测,42.9500000000,42.4200000000,21845122.0000000000,506905.0000000000,0.0124900000,0.2184512200,AKShare stock_zh_a_spot / 新浪
301290,东星医疗,29.5000000000,28.7000000000,61477253.0000000000,2085086.0000000000,0.0278700000,0.6147725300,AKShare stock_zh_a_spot / 新浪
301291,明阳电气,37.3600000000,37.8700000000,218727799.0000000000,5820073.0000000000,-0.0134700000,2.1872779900,AKShare stock_zh_a_spot / 新浪
301292,海科新源,65.4900000000,68.1300000000,635238406.0000000000,9632689.0000000000,-0.0387500000,6.3523840600,AKShare stock_zh_a_spot / 新浪
301293,三博脑科,53.0500000000,51.9400000000,480711373.0000000000,8983511.0000000000,0.0213700000,4.8071137300,AKShare stock_zh_a_spot / 新浪
301295,美硕科技,38.2600000000,39.2600000000,118077482.0000000000,3066998.0000000000,-0.0254700000,1.1807748200,AKShare stock_zh_a_spot / 新浪
301296,新巨丰,6.4300000000,6.3400000000,19573340.0000000000,3041441.0000000000,0.0142000000,0.1957334000,AKShare stock_zh_a_spot / 新浪
301297,富乐德,34.6600000000,34.7100000000,362954070.0000000000,10410425.0000000000,-0.0014400000,3.6295407000,AKShare stock_zh_a_spot / 新浪
301298,东利机械,12.7600000000,12.5100000000,15873528.0000000000,1248120.0000000000,0.0199800000,0.1587352800,AKShare stock_zh_a_spot / 新浪
301299,卓创资讯,43.9700000000,42.9900000000,51541232.0000000000,1175805.0000000000,0.0228000000,0.5154123200,AKShare stock_zh_a_spot / 新浪
301300,远翔新材,32.2300000000,31.6200000000,19755439.0000000000,614512.0000000000,0.0192900000,0.1975543900,AKShare stock_zh_a_spot / 新浪
301301,川宁生物,9.4500000000,8.9100000000,314902215.0000000000,33722106.0000000000,0.0606100000,3.1490221500,AKShare stock_zh_a_spot / 新浪
301302,华如科技,21.7300000000,21.5800000000,63009683.0000000000,2900044.0000000000,0.0069500000,0.6300968300,AKShare stock_zh_a_spot / 新浪
301303,真兰仪表,14.0800000000,13.6700000000,62295019.0000000000,4394149.0000000000,0.0299900000,0.6229501900,AKShare stock_zh_a_spot / 新浪
301305,朗坤科技,24.3900000000,23.6900000000,150278262.0000000000,6124673.0000000000,0.0295500000,1.5027826200,AKShare stock_zh_a_spot / 新浪
301306,西测测试,87.0000000000,89.2000000000,483646281.0000000000,5539538.0000000000,-0.0246600000,4.8364628100,AKShare stock_zh_a_spot / 新浪
301307,美利信,51.9600000000,50.5000000000,359548906.0000000000,6938627.0000000000,0.0289100000,3.5954890600,AKShare stock_zh_a_spot / 新浪
301308,江波龙,379.0100000000,378.9800000000,3882487539.0000000000,10200213.0000000000,0.0000800000,38.8248753900,AKShare stock_zh_a_spot / 新浪
301309,万得凯,29.8800000000,30.0100000000,28999500.0000000000,966000.0000000000,-0.0043300000,0.2899950000,AKShare stock_zh_a_spot / 新浪
301310,鑫宏业,51.3700000000,51.2800000000,314841339.0000000000,6103559.0000000000,0.0017600000,3.1484133900,AKShare stock_zh_a_spot / 新浪
301311,昆船智能,13.2800000000,13.0800000000,20385612.0000000000,1536900.0000000000,0.0152900000,0.2038561200,AKShare stock_zh_a_spot / 新浪
301312,智立方,69.6300000000,67.4900000000,348055257.0000000000,5026779.0000000000,0.0317100000,3.4805525700,AKShare stock_zh_a_spot / 新浪
301313,凡拓数创,33.8200000000,34.2400000000,156608782.0000000000,4596847.0000000000,-0.0122700000,1.5660878200,AKShare stock_zh_a_spot / 新浪
301314,科瑞思,42.7100000000,41.4400000000,26925075.0000000000,629550.0000000000,0.0306500000,0.2692507500,AKShare stock_zh_a_spot / 新浪
301315,威士顿,40.2100000000,39.5200000000,113123508.0000000000,2833642.0000000000,0.0174600000,1.1312350800,AKShare stock_zh_a_spot / 新浪
301316,慧博云通,39.1500000000,39.1000000000,423882804.0000000000,10832547.0000000000,0.0012800000,4.2388280400,AKShare stock_zh_a_spot / 新浪
301317,鑫磊股份,42.5600000000,42.1700000000,74610917.0000000000,1739800.0000000000,0.0092500000,0.7461091700,AKShare stock_zh_a_spot / 新浪
301318,维海德,20.6600000000,20.0500000000,23568272.0000000000,1148275.0000000000,0.0304200000,0.2356827200,AKShare stock_zh_a_spot / 新浪
301319,唯特偶,112.6200000000,110.3600000000,1524375926.0000000000,13486933.0000000000,0.0204800000,15.2437592600,AKShare stock_zh_a_spot / 新浪
301320,豪江智能,13.0700000000,12.7200000000,22571119.0000000000,1727261.0000000000,0.0275200000,0.2257111900,AKShare stock_zh_a_spot / 新浪
301321,翰博高新,37.3200000000,36.6400000000,223950566.0000000000,5959070.0000000000,0.0185600000,2.2395056600,AKShare stock_zh_a_spot / 新浪
301322,绿通科技,40.1000000000,39.0700000000,173992281.0000000000,4326851.0000000000,0.0263600000,1.7399228100,AKShare stock_zh_a_spot / 新浪
301323,新莱福,70.0900000000,70.3000000000,91045178.0000000000,1296508.0000000000,-0.0029900000,0.9104517800,AKShare stock_zh_a_spot / 新浪
301325,曼恩斯特,29.7600000000,29.1300000000,42812311.0000000000,1436940.0000000000,0.0216300000,0.4281231100,AKShare stock_zh_a_spot / 新浪
301326,捷邦科技,108.2800000000,100.5100000000,293390671.0000000000,2735448.0000000000,0.0773100000,2.9339067100,AKShare stock_zh_a_spot / 新浪
301327,华宝新能,43.4300000000,42.7300000000,32015463.0000000000,738200.0000000000,0.0163800000,0.3201546300,AKShare stock_zh_a_spot / 新浪
301328,维峰电子,59.4300000000,57.2700000000,169734493.0000000000,2862641.0000000000,0.0377200000,1.6973449300,AKShare stock_zh_a_spot / 新浪
301329,信音电子,19.4500000000,19.0400000000,56993396.0000000000,2935547.0000000000,0.0215300000,0.5699339600,AKShare stock_zh_a_spot / 新浪
301330,熵基科技,24.1600000000,23.6300000000,46013419.0000000000,1901662.0000000000,0.0224300000,0.4601341900,AKShare stock_zh_a_spot / 新浪
301331,恩威医药,22.8100000000,22.3100000000,71131386.0000000000,3102999.0000000000,0.0224100000,0.7113138600,AKShare stock_zh_a_spot / 新浪
301332,德尔玛,7.8900000000,7.6600000000,27546177.0000000000,3517600.0000000000,0.0300300000,0.2754617700,AKShare stock_zh_a_spot / 新浪
301333,诺思格,61.1600000000,58.6400000000,257374068.0000000000,4168547.0000000000,0.0429700000,2.5737406800,AKShare stock_zh_a_spot / 新浪
301335,天元宠物,24.1700000000,21.6900000000,148592649.0000000000,6334673.0000000000,0.1143400000,1.4859264900,AKShare stock_zh_a_spot / 新浪
301336,趣睡科技,42.2800000000,42.1300000000,35753853.0000000000,842417.0000000000,0.0035600000,0.3575385300,AKShare stock_zh_a_spot / 新浪
301337,亚华电子,26.6800000000,25.3300000000,64629164.0000000000,2450700.0000000000,0.0533000000,0.6462916400,AKShare stock_zh_a_spot / 新浪
301338,凯格精机,96.6600000000,94.9300000000,425457845.0000000000,4386231.0000000000,0.0182200000,4.2545784500,AKShare stock_zh_a_spot / 新浪
301339,通行宝,10.9300000000,10.8400000000,28702093.0000000000,2620908.0000000000,0.0083000000,0.2870209300,AKShare stock_zh_a_spot / 新浪
301345,涛涛车业,250.1000000000,255.5800000000,187810560.0000000000,741793.0000000000,-0.0214400000,1.8781056000,AKShare stock_zh_a_spot / 新浪
301348,蓝箭电子,20.7900000000,20.8000000000,179731652.0000000000,8579699.0000000000,-0.0004800000,1.7973165200,AKShare stock_zh_a_spot / 新浪
301349,信德新材,43.9800000000,42.8800000000,183121503.0000000000,4175367.0000000000,0.0256500000,1.8312150300,AKShare stock_zh_a_spot / 新浪
301353,普莱得,19.0900000000,18.7700000000,28100749.0000000000,1472536.0000000000,0.0170500000,0.2810074900,AKShare stock_zh_a_spot / 新浪
301355,南王科技,10.1000000000,9.9100000000,21038312.0000000000,2088003.0000000000,0.0191700000,0.2103831200,AKShare stock_zh_a_spot / 新浪
301356,天振股份,19.7000000000,19.5300000000,36964579.0000000000,1854540.0000000000,0.0087000000,0.3696457900,AKShare stock_zh_a_spot / 新浪
301357,北方长龙,89.8200000000,92.0000000000,306530125.0000000000,3378965.0000000000,-0.0237000000,3.0653012500,AKShare stock_zh_a_spot / 新浪
301358,湖南裕能,64.9600000000,71.5000000000,2845435165.0000000000,43191883.0000000000,-0.0914700000,28.4543516500,AKShare stock_zh_a_spot / 新浪
301359,东南电子,16.8000000000,16.5000000000,29183511.0000000000,1743302.0000000000,0.0181800000,0.2918351100,AKShare stock_zh_a_spot / 新浪
301360,荣旗科技,55.7900000000,50.6100000000,384306700.0000000000,6753389.0000000000,0.1023500000,3.8430670000,AKShare stock_zh_a_spot / 新浪
301361,众智科技,26.6200000000,26.1600000000,25114424.0000000000,944562.0000000000,0.0175800000,0.2511442400,AKShare stock_zh_a_spot / 新浪
301362,民爆光电,119.6700000000,118.0500000000,397700121.0000000000,3338881.0000000000,0.0137200000,3.9770012100,AKShare stock_zh_a_spot / 新浪
301363,美好医疗,17.0000000000,16.3800000000,331063517.0000000000,19540068.0000000000,0.0378500000,3.3106351700,AKShare stock_zh_a_spot / 新浪
301365,矩阵股份,38.4600000000,37.4600000000,106462449.0000000000,2785026.0000000000,0.0267000000,1.0646244900,AKShare stock_zh_a_spot / 新浪
301366,一博科技,56.7600000000,54.6600000000,735184735.0000000000,12907896.0000000000,0.0384200000,7.3518473500,AKShare stock_zh_a_spot / 新浪
301367,瑞迈特,44.3500000000,42.6800000000,98246982.0000000000,2218514.0000000000,0.0391300000,0.9824698200,AKShare stock_zh_a_spot / 新浪
301368,丰立智能,39.6300000000,39.5900000000,67727626.0000000000,1707400.0000000000,0.0010100000,0.6772762600,AKShare stock_zh_a_spot / 新浪
301369,联动科技,134.6000000000,132.8600000000,260035503.0000000000,1941225.0000000000,0.0131000000,2.6003550300,AKShare stock_zh_a_spot / 新浪
301370,国科恒泰,9.0600000000,8.7900000000,46546573.0000000000,5119599.0000000000,0.0307200000,0.4654657300,AKShare stock_zh_a_spot / 新浪
301371,敷尔佳,23.5000000000,26.1000000000,202766770.0000000000,8462929.0000000000,-0.0996200000,2.0276677000,AKShare stock_zh_a_spot / 新浪
301372,科净源,30.3300000000,29.2300000000,44924239.0000000000,1491900.0000000000,0.0376300000,0.4492423900,AKShare stock_zh_a_spot / 新浪
301373,凌玮科技,95.4900000000,95.1000000000,438852848.0000000000,4571838.0000000000,0.0041000000,4.3885284800,AKShare stock_zh_a_spot / 新浪
301376,致欧科技,20.5500000000,20.3000000000,30014292.0000000000,1458400.0000000000,0.0123200000,0.3001429200,AKShare stock_zh_a_spot / 新浪
301377,鼎泰高科,412.0000000000,429.9300000000,1635041052.0000000000,3889231.0000000000,-0.0417000000,16.3504105200,AKShare stock_zh_a_spot / 新浪
301378,通达海,24.7200000000,24.5400000000,52002816.0000000000,2094420.0000000000,0.0073300000,0.5200281600,AKShare stock_zh_a_spot / 新浪
301379,天山电子,21.7700000000,21.8300000000,291891707.0000000000,13266404.0000000000,-0.0027500000,2.9189170700,AKShare stock_zh_a_spot / 新浪
301380,挖金客,30.6000000000,31.4000000000,147137604.0000000000,4791540.0000000000,-0.0254800000,1.4713760400,AKShare stock_zh_a_spot / 新浪
301381,赛维时代,23.3700000000,22.7500000000,118028532.0000000000,5027722.0000000000,0.0272500000,1.1802853200,AKShare stock_zh_a_spot / 新浪
301382,蜂助手,42.0900000000,41.8400000000,407680948.0000000000,9564801.0000000000,0.0059800000,4.0768094800,AKShare stock_zh_a_spot / 新浪
301383,天键股份,22.4000000000,22.0600000000,40970012.0000000000,1828193.0000000000,0.0154100000,0.4097001200,AKShare stock_zh_a_spot / 新浪
301386,未来电器,20.4100000000,19.9100000000,16186173.0000000000,797920.0000000000,0.0251100000,0.1618617300,AKShare stock_zh_a_spot / 新浪
301387,光大同创,56.2000000000,54.3500000000,128796748.0000000000,2295005.0000000000,0.0340400000,1.2879674800,AKShare stock_zh_a_spot / 新浪
301388,欣灵电气,24.0400000000,23.4000000000,21302595.0000000000,889837.0000000000,0.0273500000,0.2130259500,AKShare stock_zh_a_spot / 新浪
301389,隆扬电子,53.8000000000,53.0300000000,631189807.0000000000,11712439.0000000000,0.0145200000,6.3118980700,AKShare stock_zh_a_spot / 新浪
301390,经纬股份,31.1600000000,30.3400000000,19785353.0000000000,641700.0000000000,0.0270300000,0.1978535300,AKShare stock_zh_a_spot / 新浪
301391,卡莱特,47.1000000000,46.8000000000,53531257.0000000000,1120112.0000000000,0.0064100000,0.5353125700,AKShare stock_zh_a_spot / 新浪
301392,汇成真空,160.0900000000,159.4700000000,524131023.0000000000,3248267.0000000000,0.0038900000,5.2413102300,AKShare stock_zh_a_spot / 新浪
301393,昊帆生物,68.9000000000,64.7000000000,393236941.0000000000,5645369.0000000000,0.0649100000,3.9323694100,AKShare stock_zh_a_spot / 新浪
301395,仁信新材,12.1600000000,11.7900000000,57525126.0000000000,4761420.0000000000,0.0313800000,0.5752512600,AKShare stock_zh_a_spot / 新浪
301396,宏景科技,190.0000000000,192.0200000000,3170547641.0000000000,16716570.0000000000,-0.0105200000,31.7054764100,AKShare stock_zh_a_spot / 新浪
301397,溯联股份,25.4100000000,26.1200000000,82950467.0000000000,3208805.0000000000,-0.0271800000,0.8295046700,AKShare stock_zh_a_spot / 新浪
301398,星源卓镁,31.2600000000,31.7800000000,54569151.0000000000,1734300.0000000000,-0.0163600000,0.5456915100,AKShare stock_zh_a_spot / 新浪
301399,英特科技,17.0600000000,16.6200000000,32040275.0000000000,1875344.0000000000,0.0264700000,0.3204027500,AKShare stock_zh_a_spot / 新浪
301408,华人健康,16.3100000000,15.9000000000,296885475.0000000000,18032456.0000000000,0.0257900000,2.9688547500,AKShare stock_zh_a_spot / 新浪
301413,安培龙,62.4300000000,62.9500000000,244874938.0000000000,3917687.0000000000,-0.0082600000,2.4487493800,AKShare stock_zh_a_spot / 新浪
301418,协昌科技,37.4700000000,36.5700000000,56871897.0000000000,1510400.0000000000,0.0246100000,0.5687189700,AKShare stock_zh_a_spot / 新浪
301419,阿莱德,40.2000000000,36.2000000000,445109687.0000000000,11361948.0000000000,0.1105000000,4.4510968700,AKShare stock_zh_a_spot / 新浪
301421,波长光电,76.5500000000,76.8000000000,279749085.0000000000,3638557.0000000000,-0.0032600000,2.7974908500,AKShare stock_zh_a_spot / 新浪
301428,世纪恒通,28.1800000000,27.9500000000,55092211.0000000000,1948822.0000000000,0.0082300000,0.5509221100,AKShare stock_zh_a_spot / 新浪
301429,森泰股份,17.3400000000,17.0100000000,22015919.0000000000,1271707.0000000000,0.0194000000,0.2201591900,AKShare stock_zh_a_spot / 新浪
301439,泓淋电力,14.8700000000,14.6300000000,84125728.0000000000,5629586.0000000000,0.0164000000,0.8412572800,AKShare stock_zh_a_spot / 新浪
301446,福事特,35.5400000000,35.4800000000,27553258.0000000000,769400.0000000000,0.0016900000,0.2755325800,AKShare stock_zh_a_spot / 新浪
301448,开创电气,41.7900000000,40.3800000000,57579934.0000000000,1384930.0000000000,0.0349200000,0.5757993400,AKShare stock_zh_a_spot / 新浪
301449,天溯计量,39.8400000000,40.9300000000,105416172.0000000000,2615594.0000000000,-0.0266300000,1.0541617200,AKShare stock_zh_a_spot / 新浪
301456,盘古智能,22.9600000000,22.5200000000,20920248.0000000000,909500.0000000000,0.0195400000,0.2092024800,AKShare stock_zh_a_spot / 新浪
301458,钧崴电子,38.1000000000,37.6600000000,230923884.0000000000,6023000.0000000000,0.0116800000,2.3092388400,AKShare stock_zh_a_spot / 新浪
301459,丰茂股份,31.2300000000,31.2100000000,45517141.0000000000,1450632.0000000000,0.0006400000,0.4551714100,AKShare stock_zh_a_spot / 新浪
301468,博盈特焊,33.1900000000,33.3500000000,107203318.0000000000,3222879.0000000000,-0.0048000000,1.0720331800,AKShare stock_zh_a_spot / 新浪
301469,恒达新材,28.5700000000,27.7500000000,32504370.0000000000,1132096.0000000000,0.0295500000,0.3250437000,AKShare stock_zh_a_spot / 新浪
301479,弘景光电,48.7700000000,48.4500000000,92154921.0000000000,1895953.0000000000,0.0066000000,0.9215492100,AKShare stock_zh_a_spot / 新浪
301486,致尚科技,175.0000000000,163.5000000000,997131248.0000000000,5838840.0000000000,0.0703400000,9.9713124800,AKShare stock_zh_a_spot / 新浪
301487,盟固利,15.9700000000,15.8700000000,121569873.0000000000,7612490.0000000000,0.0063000000,1.2156987300,AKShare stock_zh_a_spot / 新浪
301488,豪恩汽电,96.4400000000,96.1600000000,101492850.0000000000,1050295.0000000000,0.0029100000,1.0149285000,AKShare stock_zh_a_spot / 新浪
301489,思泉新材,102.0500000000,102.2600000000,569363510.0000000000,5497247.0000000000,-0.0020500000,5.6936351000,AKShare stock_zh_a_spot / 新浪
301491,汉桑科技,39.8400000000,39.3100000000,23643475.0000000000,591200.0000000000,0.0134800000,0.2364347500,AKShare stock_zh_a_spot / 新浪
301498,乖宝宠物,39.3000000000,39.2500000000,137661213.0000000000,3499499.0000000000,0.0012700000,1.3766121300,AKShare stock_zh_a_spot / 新浪
301499,维科精密,24.6500000000,24.0900000000,38212853.0000000000,1546514.0000000000,0.0232500000,0.3821285300,AKShare stock_zh_a_spot / 新浪
301500,飞南资源,22.7300000000,22.9100000000,399673734.0000000000,17084350.0000000000,-0.0078600000,3.9967373400,AKShare stock_zh_a_spot / 新浪
301501,恒鑫生活,28.9700000000,28.7000000000,43179140.0000000000,1493375.0000000000,0.0094100000,0.4317914000,AKShare stock_zh_a_spot / 新浪
301502,华阳智能,51.3000000000,49.9000000000,44420221.0000000000,867500.0000000000,0.0280600000,0.4442022100,AKShare stock_zh_a_spot / 新浪
301503,智迪科技,22.3300000000,21.5000000000,30432123.0000000000,1369612.0000000000,0.0386000000,0.3043212300,AKShare stock_zh_a_spot / 新浪
301505,苏州规划,16.5100000000,16.0400000000,25933229.0000000000,1580588.0000000000,0.0293000000,0.2593322900,AKShare stock_zh_a_spot / 新浪
301507,民生健康,13.2300000000,13.1200000000,66424340.0000000000,4991176.0000000000,0.0083800000,0.6642434000,AKShare stock_zh_a_spot / 新浪
301508,中机认检,23.8400000000,23.3200000000,26078999.0000000000,1098625.0000000000,0.0223000000,0.2607899900,AKShare stock_zh_a_spot / 新浪
301509,金凯生科,32.6900000000,30.9000000000,275398431.0000000000,8273523.0000000000,0.0579300000,2.7539843100,AKShare stock_zh_a_spot / 新浪
301510,固高科技,26.4500000000,25.8800000000,182392923.0000000000,6899231.0000000000,0.0220200000,1.8239292300,AKShare stock_zh_a_spot / 新浪
301511,德福科技,88.4100000000,86.3600000000,3121586945.0000000000,34809564.0000000000,0.0237400000,31.2158694500,AKShare stock_zh_a_spot / 新浪
301512,智信精密,31.0200000000,30.3700000000,35932952.0000000000,1154040.0000000000,0.0214000000,0.3593295200,AKShare stock_zh_a_spot / 新浪
301513,尚水智能,47.8100000000,47.8800000000,31259302.0000000000,650885.0000000000,-0.0014600000,0.3125930200,AKShare stock_zh_a_spot / 新浪
301515,港通医疗,19.7100000000,19.2100000000,20133549.0000000000,1021600.0000000000,0.0260300000,0.2013354900,AKShare stock_zh_a_spot / 新浪
301516,中远通,23.5000000000,23.3100000000,479987495.0000000000,20885087.0000000000,0.0081500000,4.7998749500,AKShare stock_zh_a_spot / 新浪
301517,陕西华达,37.9600000000,38.0000000000,131455600.0000000000,3414095.0000000000,-0.0010500000,1.3145560000,AKShare stock_zh_a_spot / 新浪
301518,长华化学,25.7100000000,25.4200000000,43668491.0000000000,1698000.0000000000,0.0114100000,0.4366849100,AKShare stock_zh_a_spot / 新浪
301519,舜禹股份,12.1400000000,11.8000000000,23130182.0000000000,1915700.0000000000,0.0288100000,0.2313018200,AKShare stock_zh_a_spot / 新浪
301520,万邦医药,74.0000000000,77.1600000000,1090272476.0000000000,13649315.0000000000,-0.0409500000,10.9027247600,AKShare stock_zh_a_spot / 新浪
301522,上大股份,22.6100000000,22.7700000000,84566368.0000000000,3719779.0000000000,-0.0070300000,0.8456636800,AKShare stock_zh_a_spot / 新浪
301525,儒竞科技,39.6900000000,39.2800000000,26683181.0000000000,672262.0000000000,0.0104400000,0.2668318100,AKShare stock_zh_a_spot / 新浪
301526,国际复材,32.4900000000,33.7900000000,5264153416.0000000000,159575991.0000000000,-0.0384700000,52.6415341600,AKShare stock_zh_a_spot / 新浪
301528,多浦乐,55.5400000000,52.9000000000,109712444.0000000000,1964175.0000000000,0.0499100000,1.0971244400,AKShare stock_zh_a_spot / 新浪
301529,福赛科技,99.1500000000,88.0100000000,607074316.0000000000,6389096.0000000000,0.1265800000,6.0707431600,AKShare stock_zh_a_spot / 新浪
301531,春光集团,50.3500000000,49.5100000000,116618096.0000000000,2306917.0000000000,0.0169700000,1.1661809600,AKShare stock_zh_a_spot / 新浪
301533,威马农机,26.9800000000,26.8700000000,27201686.0000000000,1005030.0000000000,0.0040900000,0.2720168600,AKShare stock_zh_a_spot / 新浪
301535,浙江华远,14.2500000000,14.3300000000,31021138.0000000000,2156500.0000000000,-0.0055800000,0.3102113800,AKShare stock_zh_a_spot / 新浪
301536,星宸科技,117.4000000000,115.6500000000,1273035305.0000000000,10751476.0000000000,0.0151300000,12.7303530500,AKShare stock_zh_a_spot / 新浪
301538,骏鼎达,38.3000000000,38.0100000000,130500797.0000000000,3367923.0000000000,0.0076300000,1.3050079700,AKShare stock_zh_a_spot / 新浪
301539,宏鑫科技,14.7300000000,14.4200000000,18030351.0000000000,1225400.0000000000,0.0215000000,0.1803035100,AKShare stock_zh_a_spot / 新浪
301548,崇德科技,60.9000000000,60.7400000000,62780581.0000000000,1026355.0000000000,0.0026300000,0.6278058100,AKShare stock_zh_a_spot / 新浪
301550,斯菱智驱,84.0300000000,75.4300000000,1247742692.0000000000,15472398.0000000000,0.1140100000,12.4774269200,AKShare stock_zh_a_spot / 新浪
301551,无线传媒,20.2500000000,19.9300000000,108243999.0000000000,5326245.0000000000,0.0160600000,1.0824399900,AKShare stock_zh_a_spot / 新浪
301552,科力装备,25.0500000000,24.6900000000,32200160.0000000000,1295620.0000000000,0.0145800000,0.3220016000,AKShare stock_zh_a_spot / 新浪
301555,惠柏新材,30.6200000000,30.3800000000,42539531.0000000000,1378269.0000000000,0.0079000000,0.4253953100,AKShare stock_zh_a_spot / 新浪
301556,托普云农,59.8000000000,61.7500000000,198338921.0000000000,3268364.0000000000,-0.0315800000,1.9833892100,AKShare stock_zh_a_spot / 新浪
301557,常友科技,86.9600000000,83.0300000000,203948020.0000000000,2361980.0000000000,0.0473300000,2.0394802000,AKShare stock_zh_a_spot / 新浪
301558,三态股份,6.6100000000,6.4000000000,36570251.0000000000,5575000.0000000000,0.0328100000,0.3657025100,AKShare stock_zh_a_spot / 新浪
301559,中集环科,13.0900000000,12.7900000000,17777398.0000000000,1359352.0000000000,0.0234600000,0.1777739800,AKShare stock_zh_a_spot / 新浪
301560,众捷汽车,22.6100000000,22.4000000000,32972255.0000000000,1455760.0000000000,0.0093800000,0.3297225500,AKShare stock_zh_a_spot / 新浪
301563,云汉芯城,122.8200000000,122.9600000000,166322315.0000000000,1342262.0000000000,-0.0011400000,1.6632231500,AKShare stock_zh_a_spot / 新浪
301565,中仑新材,19.4900000000,19.3500000000,53404886.0000000000,2737330.0000000000,0.0072400000,0.5340488600,AKShare stock_zh_a_spot / 新浪
301566,达利凯普,25.3500000000,24.9500000000,448488744.0000000000,17547914.0000000000,0.0160300000,4.4848874400,AKShare stock_zh_a_spot / 新浪
301567,贝隆精密,36.0200000000,35.4500000000,29432440.0000000000,813537.0000000000,0.0160800000,0.2943244000,AKShare stock_zh_a_spot / 新浪
301568,思泰克,69.6500000000,67.8000000000,210339147.0000000000,3003889.0000000000,0.0272900000,2.1033914700,AKShare stock_zh_a_spot / 新浪
301571,国科天成,65.8600000000,66.3800000000,174598873.0000000000,2625065.0000000000,-0.0078300000,1.7459887300,AKShare stock_zh_a_spot / 新浪
301575,艾芬达,26.0800000000,26.4600000000,31669038.0000000000,1214121.0000000000,-0.0143600000,0.3166903800,AKShare stock_zh_a_spot / 新浪
301577,美信科技,56.4200000000,54.0200000000,86696461.0000000000,1547200.0000000000,0.0444300000,0.8669646100,AKShare stock_zh_a_spot / 新浪
301578,辰奕智能,22.9200000000,22.4800000000,23114745.0000000000,1007902.0000000000,0.0195700000,0.2311474500,AKShare stock_zh_a_spot / 新浪
301580,爱迪特,50.1900000000,50.4400000000,253848937.0000000000,4996373.0000000000,-0.0049600000,2.5384893700,AKShare stock_zh_a_spot / 新浪
301581,黄山谷捷,36.5800000000,36.6400000000,20464371.0000000000,554200.0000000000,-0.0016400000,0.2046437100,AKShare stock_zh_a_spot / 新浪
301583,托伦斯,130.8600000000,137.5000000000,876591564.0000000000,6624087.0000000000,-0.0482900000,8.7659156400,AKShare stock_zh_a_spot / 新浪
301584,建发致新,23.3000000000,22.8500000000,103943589.0000000000,4427377.0000000000,0.0196900000,1.0394358900,AKShare stock_zh_a_spot / 新浪
301585,蓝宇股份,26.5500000000,26.5600000000,19189045.0000000000,718950.0000000000,-0.0003800000,0.1918904500,AKShare stock_zh_a_spot / 新浪
301586,佳力奇,31.2500000000,30.6800000000,17963316.0000000000,575800.0000000000,0.0185800000,0.1796331600,AKShare stock_zh_a_spot / 新浪
301587,中瑞股份,20.9200000000,20.5300000000,39215245.0000000000,1880400.0000000000,0.0190000000,0.3921524500,AKShare stock_zh_a_spot / 新浪
301588,美新科技,27.6100000000,28.0000000000,201100018.0000000000,7253805.0000000000,-0.0139300000,2.0110001800,AKShare stock_zh_a_spot / 新浪
301589,诺瓦星云,136.9000000000,139.6500000000,113728827.0000000000,827234.0000000000,-0.0196900000,1.1372882700,AKShare stock_zh_a_spot / 新浪
301590,优优绿能,73.9500000000,72.9600000000,41075334.0000000000,555289.0000000000,0.0135700000,0.4107533400,AKShare stock_zh_a_spot / 新浪
301591,肯特股份,31.4800000000,31.9000000000,144194376.0000000000,4548871.0000000000,-0.0131700000,1.4419437600,AKShare stock_zh_a_spot / 新浪
301592,六九一二,105.7100000000,104.5000000000,84564991.0000000000,797400.0000000000,0.0115800000,0.8456499100,AKShare stock_zh_a_spot / 新浪
301595,太力科技,38.7000000000,38.5500000000,30041741.0000000000,775090.0000000000,0.0038900000,0.3004174100,AKShare stock_zh_a_spot / 新浪
301596,瑞迪智驱,47.8000000000,47.7600000000,110811887.0000000000,2314013.0000000000,0.0008400000,1.1081188700,AKShare stock_zh_a_spot / 新浪
301598,博科测试,47.8900000000,47.1900000000,21705615.0000000000,455000.0000000000,0.0148300000,0.2170561500,AKShare stock_zh_a_spot / 新浪
301599,理奇智能,34.6100000000,35.3000000000,152326906.0000000000,4379200.0000000000,-0.0195500000,1.5232690600,AKShare stock_zh_a_spot / 新浪
301600,慧翰股份,83.8000000000,82.2700000000,69459381.0000000000,829132.0000000000,0.0186000000,0.6945938100,AKShare stock_zh_a_spot / 新浪
301601,惠通科技,16.2600000000,15.9300000000,21738953.0000000000,1343069.0000000000,0.0207200000,0.2173895300,AKShare stock_zh_a_spot / 新浪
301602,超研股份,17.9800000000,18.1300000000,293526842.0000000000,15863599.0000000000,-0.0082700000,2.9352684200,AKShare stock_zh_a_spot / 新浪
301603,乔锋智能,120.7600000000,116.8600000000,265680774.0000000000,2226861.0000000000,0.0333700000,2.6568077400,AKShare stock_zh_a_spot / 新浪
301606,绿联科技,50.5100000000,49.8500000000,89750989.0000000000,1772963.0000000000,0.0132400000,0.8975098900,AKShare stock_zh_a_spot / 新浪
301607,富特科技,43.5000000000,43.0800000000,391080868.0000000000,8934930.0000000000,0.0097500000,3.9108086800,AKShare stock_zh_a_spot / 新浪
301608,博实结,46.3800000000,45.5900000000,60376791.0000000000,1295015.0000000000,0.0173300000,0.6037679100,AKShare stock_zh_a_spot / 新浪
301609,山大电力,32.6900000000,32.2000000000,53500593.0000000000,1649483.0000000000,0.0152200000,0.5350059300,AKShare stock_zh_a_spot / 新浪
301611,珂玛科技,99.8000000000,103.8300000000,1568728442.0000000000,15618313.0000000000,-0.0388100000,15.6872844200,AKShare stock_zh_a_spot / 新浪
301613,新铝时代,37.4300000000,37.3900000000,24962955.0000000000,663250.0000000000,0.0010700000,0.2496295500,AKShare stock_zh_a_spot / 新浪
301616,浙江华业,34.5300000000,33.7800000000,15198245.0000000000,441600.0000000000,0.0222000000,0.1519824500,AKShare stock_zh_a_spot / 新浪
301617,博苑新材,49.0100000000,46.7300000000,114289854.0000000000,2368247.0000000000,0.0487900000,1.1428985400,AKShare stock_zh_a_spot / 新浪
301618,长联科技,34.3900000000,36.2000000000,157538051.0000000000,4563845.0000000000,-0.0500000000,1.5753805100,AKShare stock_zh_a_spot / 新浪
301622,英思特,40.5300000000,40.0500000000,44357160.0000000000,1091071.0000000000,0.0119900000,0.4435716000,AKShare stock_zh_a_spot / 新浪
301626,苏州天脉,259.5900000000,257.9400000000,540197762.0000000000,2084638.0000000000,0.0064000000,5.4019776200,AKShare stock_zh_a_spot / 新浪
301628,强达电路,91.0600000000,88.2800000000,243450722.0000000000,2700297.0000000000,0.0314900000,2.4345072200,AKShare stock_zh_a_spot / 新浪
301629,矽电股份,251.8100000000,251.3900000000,200647407.0000000000,797000.0000000000,0.0016700000,2.0064740700,AKShare stock_zh_a_spot / 新浪
301630,同宇新材,167.2500000000,167.1100000000,151221456.0000000000,900045.0000000000,0.0008400000,1.5122145600,AKShare stock_zh_a_spot / 新浪
301631,壹连科技,67.0900000000,67.2500000000,226535678.0000000000,3330228.0000000000,-0.0023800000,2.2653567800,AKShare stock_zh_a_spot / 新浪
301632,广东建科,14.1300000000,14.1400000000,71768218.0000000000,5112672.0000000000,-0.0007100000,0.7176821800,AKShare stock_zh_a_spot / 新浪
301633,港迪技术,54.9600000000,53.4000000000,41292069.0000000000,758000.0000000000,0.0292100000,0.4129206900,AKShare stock_zh_a_spot / 新浪
301636,泽润新能,39.1400000000,38.6100000000,23427580.0000000000,597100.0000000000,0.0137300000,0.2342758000,AKShare stock_zh_a_spot / 新浪
301638,南网数字,22.1600000000,21.9500000000,124452119.0000000000,5604239.0000000000,0.0095700000,1.2445211900,AKShare stock_zh_a_spot / 新浪
301656,联合动力,16.7300000000,16.5600000000,56473390.0000000000,3375128.0000000000,0.0102700000,0.5647339000,AKShare stock_zh_a_spot / 新浪
301658,首航新能,23.6300000000,23.5700000000,59226389.0000000000,2511300.0000000000,0.0025500000,0.5922638900,AKShare stock_zh_a_spot / 新浪
301662,宏工科技,66.9000000000,67.0800000000,92634050.0000000000,1379205.0000000000,-0.0026800000,0.9263405000,AKShare stock_zh_a_spot / 新浪
301665,泰禾股份,23.9000000000,23.3200000000,71525880.0000000000,3037297.0000000000,0.0248700000,0.7152588000,AKShare stock_zh_a_spot / 新浪
301666,大普微,418.1300000000,416.8000000000,865455205.0000000000,2060757.0000000000,0.0031900000,8.6545520500,AKShare stock_zh_a_spot / 新浪
301667,纳百川,63.0600000000,66.1800000000,176818542.0000000000,2786847.0000000000,-0.0471400000,1.7681854200,AKShare stock_zh_a_spot / 新浪
301668,昊创瑞通,35.6700000000,34.4400000000,67563189.0000000000,1912555.0000000000,0.0357100000,0.6756318900,AKShare stock_zh_a_spot / 新浪
301669,高特电子,27.9400000000,28.3000000000,141683838.0000000000,5029500.0000000000,-0.0127200000,1.4168383800,AKShare stock_zh_a_spot / 新浪
301677,欣兴工具,55.4500000000,56.4000000000,156937804.0000000000,2824427.0000000000,-0.0168400000,1.5693780400,AKShare stock_zh_a_spot / 新浪
301678,新恒汇,44.6800000000,44.6000000000,140408793.0000000000,3117558.0000000000,0.0017900000,1.4040879300,AKShare stock_zh_a_spot / 新浪
301680,固德电材,93.2700000000,90.7300000000,73164809.0000000000,793139.0000000000,0.0280000000,0.7316480900,AKShare stock_zh_a_spot / 新浪
301682,宏明电子,124.4600000000,123.1100000000,145009822.0000000000,1161227.0000000000,0.0109700000,1.4500982200,AKShare stock_zh_a_spot / 新浪
301683,慧谷新材,98.7000000000,99.0000000000,64181018.0000000000,642968.0000000000,-0.0030300000,0.6418101800,AKShare stock_zh_a_spot / 新浪
301687,新广益,49.6500000000,49.3000000000,99064558.0000000000,1989783.0000000000,0.0071000000,0.9906455800,AKShare stock_zh_a_spot / 新浪
301696,三瑞智能,98.5300000000,100.7500000000,224917713.0000000000,2261278.0000000000,-0.0220300000,2.2491771300,AKShare stock_zh_a_spot / 新浪
301707,展芯股份,79.7200000000,86.1000000000,577259063.0000000000,7236004.0000000000,-0.0741000000,5.7725906300,AKShare stock_zh_a_spot / 新浪
301717,超纯应材,389.2900000000,383.0000000000,1984941428.0000000000,5281225.0000000000,0.0164200000,19.8494142800,AKShare stock_zh_a_spot / 新浪
302132,中航成飞,57.0900000000,57.0200000000,254001261.0000000000,4417578.0000000000,0.0012300000,2.5400126100,AKShare stock_zh_a_spot / 新浪
